{"type":"FeatureCollection","features":[{"type":"Feature","id":"way/106683616","properties":{"name":"Paralela a Guara","highway":"tertiary","ref":"R-37"},"geometry":{"type":"LineString","coordinates":[[-62.06199,8.87257],[-62.05886,8.87992]]}},{"type":"Feature","id":"way/106683669","properties":{"name":"Carretera Nacional Temblador - Barrancas","highway":"trunk","ref":"T-15"},"geometry":{"type":"LineString","coordinates":[[-62.33743,8.77584],[-62.3412,8.77725]]}},{"type":"Feature","id":"way/106776201","properties":{"name":"Carretera Nacional V\u00eda a Macapaima","highway":"trunk","ref":"L-12"},"geometry":{"type":"LineString","coordinates":[[-62.71549,8.45959],[-62.71917,8.45908]]}},{"type":"Feature","id":"way/106847249","properties":{"name":"V\u00eda a Uverito","highway":"tertiary","ref":"R-17"},"geometry":{"type":"LineString","coordinates":[[-62.64531,8.53182],[-62.64402,8.53597],[-62.64463,8.5826]]}},{"type":"Feature","id":"way/107166468","properties":{"name":"Avenida Libertador","highway":"trunk","ref":"T-13"},"geometry":{"type":"LineString","coordinates":[[-63.20238,9.73918],[-63.20249,9.73925]]}},{"type":"Feature","id":"way/107169152","properties":{"name":"Carretera Regional Guanaguana - Caripe","highway":"primary","ref":"L-2"},"geometry":{"type":"LineString","coordinates":[[-63.63328,10.08235],[-63.63464,10.08632],[-63.63175,10.0893],[-63.6323,10.09279],[-63.63894,10.09622],[-63.6406,10.09868],[-63.64097,10.10212],[-63.64364,10.10718],[-63.64318,10.10903],[-63.64495,10.11099],[-63.64428,10.11261],[-63.63854,10.11575],[-63.63787,10.11819],[-63.63384,10.12096],[-63.63451,10.11777],[-63.62953,10.12039],[-63.63017,10.12149],[-63.62061,10.12494],[-63.61769,10.12856],[-63.61359,10.12774],[-63.61128,10.13075],[-63.60797,10.13098],[-63.60618,10.13261],[-63.60373,10.13232],[-63.60287,10.13459],[-63.60129,10.13547],[-63.60286,10.14068],[-63.60249,10.14204],[-63.59691,10.14476],[-63.59307,10.14518],[-63.58464,10.15072],[-63.58206,10.15105],[-63.56833,10.14533],[-63.55936,10.14795],[-63.55579,10.15267],[-63.55301,10.15238]]}},{"type":"Feature","id":"way/107179346","properties":{"name":"Via a Rinc\u00f3n de Monagas","highway":"tertiary","ref":"R-29"},"geometry":{"type":"LineString","coordinates":[[-63.15121,9.69887],[-63.13693,9.69863],[-63.12227,9.69569],[-63.11755,9.6994],[-63.10809,9.69737],[-63.08798,9.69649],[-63.08362,9.69714]]}},{"type":"Feature","id":"way/107179347","properties":{"highway":"tertiary","ref":"L-9"},"geometry":{"type":"LineString","coordinates":[[-63.00826,9.84887],[-63.01262,9.84562]]}},{"type":"Feature","id":"way/107380141","properties":{"name":"Carretera Regional Jusep\u00edn - La Toscana","highway":"primary","ref":"L-3"},"geometry":{"type":"LineString","coordinates":[[-63.44918,9.75565],[-63.43143,9.75629],[-63.4077,9.77545],[-63.4044,9.7812],[-63.38242,9.79144],[-63.36429,9.79478],[-63.34732,9.79501],[-63.34094,9.79935],[-63.33704,9.80331],[-63.33442,9.8036]]}},{"type":"Feature","id":"way/107381721","properties":{"name":"Carretera Aguasay - El Blanquero","highway":"tertiary","ref":"R-45"},"geometry":{"type":"LineString","coordinates":[[-63.01388,9.37148],[-63.01709,9.37149],[-63.03234,9.36136],[-63.04082,9.36138],[-63.06067,9.35743],[-63.07712,9.34934],[-63.07809,9.34411],[-63.10708,9.32121],[-63.12107,9.29478],[-63.12133,9.28875],[-63.123,9.28652],[-63.12819,9.28374],[-63.13435,9.28207],[-63.17027,9.27516],[-63.17566,9.27068],[-63.18499,9.26693],[-63.19057,9.26077],[-63.20411,9.25143],[-63.23314,9.23813],[-63.24449,9.2268],[-63.25432,9.21914],[-63.28258,9.20167],[-63.30389,9.2032],[-63.32318,9.19749],[-63.32717,9.19738],[-63.33247,9.19916],[-63.33635,9.19835],[-63.34397,9.20116],[-63.35629,9.19787],[-63.36343,9.20139],[-63.37178,9.19972],[-63.37667,9.20191],[-63.38118,9.20197],[-63.39547,9.20543],[-63.40815,9.20405],[-63.43697,9.21051],[-63.44587,9.21045],[-63.45004,9.20684],[-63.4528,9.2062],[-63.46757,9.20918],[-63.47259,9.21594],[-63.48383,9.21779],[-63.51417,9.21017],[-63.52329,9.20446],[-63.5381,9.20343],[-63.54366,9.20461],[-63.54823,9.21221],[-63.54981,9.21339],[-63.55559,9.21292],[-63.56138,9.21671],[-63.56911,9.21521],[-63.57524,9.21564],[-63.57724,9.21641],[-63.5797,9.21918],[-63.58561,9.21822],[-63.58855,9.2153],[-63.58992,9.20304],[-63.59249,9.19824],[-63.605,9.19568],[-63.61333,9.1918],[-63.6155,9.19172],[-63.62438,9.1968],[-63.63232,9.2039],[-63.64479,9.20697],[-63.64826,9.21103],[-63.65766,9.21886],[-63.6666,9.22276],[-63.67428,9.22402],[-63.67475,9.2272],[-63.68195,9.2356],[-63.70078,9.26243],[-63.71014,9.27063],[-63.73145,9.27894],[-63.75265,9.27626],[-63.75898,9.2772],[-63.76906,9.28525],[-63.78637,9.29282],[-63.79294,9.30308],[-63.79894,9.30828]]}},{"type":"Feature","id":"way/107396275","properties":{"name":"Avenida Jos\u00e9 Tadeo Monagas","highway":"secondary","ref":"L-9"},"geometry":{"type":"LineString","coordinates":[[-63.16424,9.75184],[-63.16605,9.75133]]}},{"type":"Feature","id":"way/107396276","properties":{"name":"Avenida Jos\u00e9 Tadeo Monagas","highway":"secondary","ref":"L-9"},"geometry":{"type":"LineString","coordinates":[[-63.16424,9.75184],[-63.1629,9.75168]]}},{"type":"Feature","id":"way/107396277","properties":{"name":"Avenida Bol\u00edvar","highway":"tertiary","ref":"R-10"},"geometry":{"type":"LineString","coordinates":[[-63.25913,9.7282],[-63.23766,9.73325]]}},{"type":"Feature","id":"way/115879704","properties":{"name":"Cruce de Mata Negra","highway":"trunk_link"},"geometry":{"type":"LineString","coordinates":[[-62.75133,8.98562],[-62.75212,8.98592]]}},{"type":"Feature","id":"way/144174964","properties":{"name":"Avenida R\u00f3mulo Betancourt","highway":"primary","ref":"R-18"},"geometry":{"type":"LineString","coordinates":[[-62.20314,8.70657],[-62.19496,8.69754]]}},{"type":"Feature","id":"way/159516803","properties":{"name":"Carretera Regional El Blanquero - Morichal","highway":"primary","ref":"R-24"},"geometry":{"type":"LineString","coordinates":[[-63.13492,8.9271],[-63.13594,8.9295],[-63.14195,8.96871],[-63.14343,8.99074],[-63.11744,9.10228],[-63.11105,9.10758],[-63.0988,9.1211],[-63.08768,9.1306],[-63.08174,9.13756],[-63.05624,9.19114],[-63.03279,9.26192],[-63.02663,9.29044],[-63.00891,9.31252],[-62.98411,9.33446]]}},{"type":"Feature","id":"way/159516818","properties":{"name":"Carretera Regional San Tom\u00e9 - Morichal","highway":"primary","ref":"T-15"},"geometry":{"type":"LineString","coordinates":[[-63.08179,8.84399],[-63.08179,8.84399]]}},{"type":"Feature","id":"way/179946628","properties":{"name":"Carretera Regional Santa Mar\u00eda - Caripe","highway":"primary","ref":"L-2"},"geometry":{"type":"LineString","coordinates":[[-63.55336,10.23896],[-63.55254,10.23997],[-63.54985,10.23989],[-63.5496,10.24181],[-63.54795,10.2434],[-63.54872,10.24486],[-63.55089,10.24516],[-63.55202,10.24647],[-63.55597,10.24705],[-63.55408,10.25044],[-63.55185,10.25166],[-63.55172,10.25303],[-63.55651,10.2519],[-63.55938,10.25597],[-63.5606,10.25455],[-63.56228,10.25487],[-63.56334,10.25381],[-63.56637,10.25422],[-63.5709,10.25657],[-63.57248,10.25629],[-63.57464,10.25945],[-63.5737,10.26177],[-63.57432,10.26327],[-63.57192,10.26516],[-63.57359,10.26694],[-63.57357,10.26891],[-63.5705,10.27305],[-63.57114,10.2758],[-63.57001,10.27634],[-63.5699,10.27857],[-63.56833,10.28018],[-63.57069,10.28059],[-63.5699,10.28279],[-63.57232,10.28483],[-63.57528,10.28548],[-63.57541,10.29031],[-63.57807,10.29018],[-63.58417,10.29741],[-63.58865,10.29576],[-63.58836,10.29336],[-63.59035,10.29183],[-63.59446,10.29549]]}},{"type":"Feature","id":"way/186406147","properties":{"name":"Carretera Regional San Tom\u00e9 - Morichal","highway":"primary","ref":"T-15"},"geometry":{"type":"LineString","coordinates":[[-63.13029,8.92407],[-63.12227,8.92523],[-63.11809,8.9238],[-63.11744,8.92186],[-63.11446,8.92124],[-63.11388,8.91377],[-63.10663,8.87208],[-63.10443,8.84397]]}},{"type":"Feature","id":"way/188008857","properties":{"name":"Carretera Morichal - Aceital","highway":"tertiary","ref":"L-10"},"geometry":{"type":"LineString","coordinates":[[-63.08315,8.844],[-63.0834,8.84021],[-63.09205,8.8313],[-63.09467,8.82943],[-63.10537,8.828],[-63.10628,8.8262],[-63.10606,8.82349],[-63.10276,8.82048],[-63.03894,8.71984]]}},{"type":"Feature","id":"way/194159769","properties":{"name":"Avenida Bol\u00edvar","highway":"primary","ref":"L-5"},"geometry":{"type":"LineString","coordinates":[[-63.64045,9.66042],[-63.64066,9.66]]}},{"type":"Feature","id":"way/203055997","properties":{"highway":"secondary","ref":"R-28"},"geometry":{"type":"LineString","coordinates":[[-63.14704,9.76091],[-63.1437,9.75688],[-63.1439,9.75535],[-63.14696,9.75257]]}},{"type":"Feature","id":"way/203196658","properties":{"highway":"trunk_link","ref":"T-13"},"geometry":{"type":"LineString","coordinates":[[-63.20151,9.73894],[-63.20195,9.73891]]}},{"type":"Feature","id":"way/203257431","properties":{"name":"Avenida Bol\u00edvar","highway":"tertiary"},"geometry":{"type":"LineString","coordinates":[[-63.17586,9.74494],[-63.16614,9.74422]]}},{"type":"Feature","id":"way/203257447","properties":{"highway":"secondary","ref":"R-28"},"geometry":{"type":"LineString","coordinates":[[-63.1494,9.74071],[-63.14964,9.75016],[-63.14696,9.75257]]}},{"type":"Feature","id":"way/203286011","properties":{"highway":"secondary","ref":"L-9"},"geometry":{"type":"LineString","coordinates":[[-63.14622,9.76195],[-63.14622,9.76195]]}},{"type":"Feature","id":"way/203286014","properties":{"name":"Avenida Jos\u00e9 Tadeo Monagas","highway":"secondary","ref":"L-9"},"geometry":{"type":"LineString","coordinates":[[-63.14617,9.76189],[-63.15583,9.7529],[-63.16234,9.75201]]}},{"type":"Feature","id":"way/203302937","properties":{"name":"Carretera Nacional Cuman\u00e1 - Matur\u00edn","highway":"trunk","ref":"L-1"},"geometry":{"type":"LineString","coordinates":[[-63.49206,9.97517],[-63.49927,9.97918],[-63.50425,9.98065],[-63.50965,9.98423],[-63.51037,9.98679],[-63.51436,9.98724],[-63.52483,9.99075],[-63.52856,9.99239],[-63.53484,9.99717],[-63.53732,9.99735],[-63.5388,10.00288],[-63.54381,10.00853],[-63.54447,10.01792],[-63.54972,10.01915],[-63.55102,10.02228],[-63.54696,10.02356],[-63.54663,10.02455],[-63.55389,10.03015],[-63.55394,10.0331],[-63.55688,10.03591],[-63.5572,10.03799],[-63.54291,10.06007],[-63.5395,10.06818],[-63.53995,10.06956],[-63.54592,10.07242],[-63.55347,10.07237],[-63.55791,10.07075],[-63.56376,10.07508],[-63.57112,10.07784],[-63.58437,10.07207],[-63.59521,10.07443],[-63.60233,10.07187],[-63.60542,10.07237],[-63.60659,10.07368]]}},{"type":"Feature","id":"way/203370338","properties":{"name":"Carretera Regional Guanaguana - Caripe","highway":"primary","ref":"L-2"},"geometry":{"type":"LineString","coordinates":[[-63.6336,10.08187],[-63.63328,10.08235]]}},{"type":"Feature","id":"way/203370342","properties":{"highway":"secondary","ref":"R-3"},"geometry":{"type":"LineString","coordinates":[[-63.4685,10.19126],[-63.47883,10.18924],[-63.48161,10.1903],[-63.48519,10.18485],[-63.48721,10.18356]]}},{"type":"Feature","id":"way/203370352","properties":{"highway":"tertiary"},"geometry":{"type":"LineString","coordinates":[[-63.59565,10.1478],[-63.59912,10.14393]]}},{"type":"Feature","id":"way/203394589","properties":{"name":"Avenida Casanova","highway":"tertiary","ref":"R-28"},"geometry":{"type":"LineString","coordinates":[[-63.14872,9.74048],[-63.14921,9.7404]]}},{"type":"Feature","id":"way/203394591","properties":{"highway":"secondary","ref":"R-28"},"geometry":{"type":"LineString","coordinates":[[-63.1494,9.74071],[-63.14953,9.74048]]}},{"type":"Feature","id":"way/203394599","properties":{"name":"Redoma de La Floresta","highway":"secondary","ref":"R-28"},"geometry":{"type":"LineString","coordinates":[[-63.14917,9.74034],[-63.14917,9.74034]]}},{"type":"Feature","id":"way/203516169","properties":{"name":"Carretera Nacional Cuman\u00e1 - Matur\u00edn","highway":"trunk","ref":"L-1"},"geometry":{"type":"LineString","coordinates":[[-63.7239,10.11296],[-63.72418,10.11337]]}},{"type":"Feature","id":"way/203614901","properties":{"name":"Avenida R\u00f3mulo Gallegos","highway":"secondary","ref":"R-28"},"geometry":{"type":"LineString","coordinates":[[-63.14956,9.74046],[-63.15931,9.73979]]}},{"type":"Feature","id":"way/203961634","properties":{"name":"Avenida Bol\u00edvar","highway":"tertiary"},"geometry":{"type":"LineString","coordinates":[[-63.17629,9.74511],[-63.18327,9.74706]]}},{"type":"Feature","id":"way/203961635","properties":{"name":"Avenida El Ej\u00e9rcito","highway":"tertiary"},"geometry":{"type":"LineString","coordinates":[[-63.1974,9.73354],[-63.19761,9.73306]]}},{"type":"Feature","id":"way/203961636","properties":{"name":"Avenida El Ej\u00e9rcito","highway":"tertiary"},"geometry":{"type":"LineString","coordinates":[[-63.2101,9.72702],[-63.20798,9.72803]]}},{"type":"Feature","id":"way/203961637","properties":{"name":"Avenida Juncal","highway":"tertiary"},"geometry":{"type":"LineString","coordinates":[[-63.18246,9.75076],[-63.18416,9.74211]]}},{"type":"Feature","id":"way/203961640","properties":{"name":"Avenida Orinoco","highway":"tertiary"},"geometry":{"type":"LineString","coordinates":[[-63.19994,9.73666],[-63.19969,9.73666]]}},{"type":"Feature","id":"way/203961656","properties":{"highway":"tertiary"},"geometry":{"type":"LineString","coordinates":[[-63.20655,9.71972],[-63.19865,9.72661]]}},{"type":"Feature","id":"way/204247852","properties":{"name":"Avenida Universidad","highway":"tertiary"},"geometry":{"type":"LineString","coordinates":[[-63.19288,9.72479],[-63.18758,9.72623]]}},{"type":"Feature","id":"way/204247853","properties":{"name":"Avenida Universidad","highway":"tertiary"},"geometry":{"type":"LineString","coordinates":[[-63.18476,9.7292],[-63.18553,9.7271],[-63.18752,9.72633]]}},{"type":"Feature","id":"way/204247870","properties":{"name":"Avenida Principal de La Cruz","highway":"tertiary","ref":"R-10"},"geometry":{"type":"LineString","coordinates":[[-63.26363,9.71485],[-63.26462,9.71203]]}},{"type":"Feature","id":"way/204247881","properties":{"name":"Avenida Universidad","highway":"tertiary"},"geometry":{"type":"LineString","coordinates":[[-63.20341,9.73033],[-63.19657,9.72509]]}},{"type":"Feature","id":"way/204281487","properties":{"name":"Retorno","highway":"trunk_link","ref":"T-13"},"geometry":{"type":"LineString","coordinates":[[-63.18224,9.7303],[-63.18231,9.73056]]}},{"type":"Feature","id":"way/204281490","properties":{"name":"Avenida Principal de Tipuro","highway":"secondary","ref":"R-57"},"geometry":{"type":"LineString","coordinates":[[-63.19711,9.77971],[-63.1729,9.79387]]}},{"type":"Feature","id":"way/204281491","properties":{"name":"Retorno","highway":"trunk_link","ref":"T-13"},"geometry":{"type":"LineString","coordinates":[[-63.19549,9.7319],[-63.19536,9.73216]]}},{"type":"Feature","id":"way/204281493","properties":{"name":"Retorno","highway":"trunk_link","ref":"T-13"},"geometry":{"type":"LineString","coordinates":[[-63.18394,9.72978],[-63.18381,9.72958]]}},{"type":"Feature","id":"way/204281494","properties":{"name":"Retorno","highway":"trunk_link","ref":"T-13"},"geometry":{"type":"LineString","coordinates":[[-63.19808,9.73463],[-63.19824,9.73449]]}},{"type":"Feature","id":"way/204290083","properties":{"name":"Redoma Juana La Avazadora","highway":"tertiary"},"geometry":{"type":"LineString","coordinates":[[-63.1759,9.74487],[-63.1759,9.74487]]}},{"type":"Feature","id":"way/204574794","properties":{"name":"Avenida Bol\u00edvar","highway":"tertiary"},"geometry":{"type":"LineString","coordinates":[[-63.18328,9.74699],[-63.17628,9.74491]]}},{"type":"Feature","id":"way/204574800","properties":{"name":"Plaza Al\u00ed Primera","highway":"secondary"},"geometry":{"type":"LineString","coordinates":[[-63.21048,9.72719],[-63.20999,9.72736]]}},{"type":"Feature","id":"way/204574808","properties":{"name":"Avenida Jos\u00e9 Mar\u00eda Vargas","highway":"secondary"},"geometry":{"type":"LineString","coordinates":[[-63.21051,9.72565],[-63.20746,9.71938]]}},{"type":"Feature","id":"way/204574815","properties":{"highway":"secondary"},"geometry":{"type":"LineString","coordinates":[[-63.21048,9.72719],[-63.21051,9.72565]]}},{"type":"Feature","id":"way/204574817","properties":{"name":"Avenida Jos\u00e9 Antonio P\u00e1ez","highway":"secondary"},"geometry":{"type":"LineString","coordinates":[[-63.21013,9.72748],[-63.21269,9.73195]]}},{"type":"Feature","id":"way/204574823","properties":{"highway":"secondary"},"geometry":{"type":"LineString","coordinates":[[-63.21051,9.72565],[-63.2101,9.72702]]}},{"type":"Feature","id":"way/204574824","properties":{"name":"Avenida Jos\u00e9 Antonio P\u00e1ez","highway":"secondary"},"geometry":{"type":"LineString","coordinates":[[-63.21555,9.73653],[-63.21521,9.73641]]}},{"type":"Feature","id":"way/204980515","properties":{"name":"Variante de Parare","highway":"primary","ref":"R-10"},"geometry":{"type":"LineString","coordinates":[[-63.23702,9.66392],[-63.22452,9.65964],[-63.21748,9.66125],[-63.21426,9.66374],[-63.21046,9.66513],[-63.20146,9.66651],[-63.18922,9.6724],[-63.1779,9.67065],[-63.17435,9.66851],[-63.17251,9.66841],[-63.1496,9.67851]]}},{"type":"Feature","id":"way/204980519","properties":{"name":"Avenida Zona Industrial","highway":"primary","ref":"R-10"},"geometry":{"type":"LineString","coordinates":[[-63.23702,9.66392],[-63.2391,9.66533],[-63.23978,9.6678],[-63.23313,9.67578],[-63.23334,9.67998],[-63.25015,9.69116],[-63.26272,9.70851]]}},{"type":"Feature","id":"way/204980520","properties":{"name":"Avenida Zona Industrial","highway":"primary","ref":"R-10"},"geometry":{"type":"LineString","coordinates":[[-63.2391,9.66958],[-63.24023,9.66621],[-63.23702,9.66392]]}},{"type":"Feature","id":"way/204980525","properties":{"name":"Avenida Zona Industrial","highway":"primary","ref":"R-10"},"geometry":{"type":"LineString","coordinates":[[-63.26441,9.71135],[-63.26448,9.71173]]}},{"type":"Feature","id":"way/204980526","properties":{"name":"Avenida Zona Industrial","highway":"primary","ref":"R-10"},"geometry":{"type":"LineString","coordinates":[[-63.2646,9.71173],[-63.26451,9.71134]]}},{"type":"Feature","id":"way/204980531","properties":{"name":"Avenida Zona Industrial","highway":"primary","ref":"R-10"},"geometry":{"type":"LineString","coordinates":[[-63.26448,9.71173],[-63.26451,9.71202]]}},{"type":"Feature","id":"way/204980532","properties":{"name":"Cruce de Parare","highway":"primary","ref":"R-10"},"geometry":{"type":"LineString","coordinates":[[-63.1496,9.67851],[-63.14853,9.67827]]}},{"type":"Feature","id":"way/204980533","properties":{"name":"Avenida Zona Industrial","highway":"primary","ref":"R-10"},"geometry":{"type":"LineString","coordinates":[[-63.26451,9.71134],[-63.26314,9.70893]]}},{"type":"Feature","id":"way/204980534","properties":{"name":"Retorno de San Jaime","highway":"primary_link","ref":"R-10"},"geometry":{"type":"LineString","coordinates":[[-63.23982,9.66547],[-63.23938,9.66573]]}},{"type":"Feature","id":"way/204980535","properties":{"name":"Cruce de Parare","highway":"primary","ref":"R-10"},"geometry":{"type":"LineString","coordinates":[[-63.1496,9.67851],[-63.1492,9.67971]]}},{"type":"Feature","id":"way/204980537","properties":{"name":"Retorno de San Jaime","highway":"primary_link","ref":"R-10"},"geometry":{"type":"LineString","coordinates":[[-63.23978,9.6678],[-63.24024,9.66806]]}},{"type":"Feature","id":"way/204980538","properties":{"name":"Avenida Abel Echenique","highway":"secondary"},"geometry":{"type":"LineString","coordinates":[[-63.23412,9.68102],[-63.23238,9.68413]]}},{"type":"Feature","id":"way/206790339","properties":{"name":"Autopista La Vinotinto","highway":"trunk","ref":"T-13"},"geometry":{"type":"LineString","coordinates":[[-63.32352,9.70003],[-63.33328,9.69063],[-63.33908,9.68359],[-63.3404,9.67951],[-63.33998,9.67201],[-63.34108,9.66916],[-63.34299,9.66761],[-63.3612,9.66131]]}},{"type":"Feature","id":"way/206790340","properties":{"name":"Autopista La Vinotinto","highway":"trunk","ref":"T-13"},"geometry":{"type":"LineString","coordinates":[[-63.3611,9.66112],[-63.34351,9.66727],[-63.3409,9.66911],[-63.33986,9.67196],[-63.34019,9.67951],[-63.33892,9.68355],[-63.32392,9.69978]]}},{"type":"Feature","id":"way/206790341","properties":{"name":"Carretera Vieja El Furrial - Matur\u00edn","highway":"secondary","ref":"T-13"},"geometry":{"type":"LineString","coordinates":[[-63.42162,9.68288],[-63.41594,9.68275],[-63.40007,9.68509],[-63.38608,9.68984],[-63.36726,9.69465],[-63.32944,9.69852]]}},{"type":"Feature","id":"way/206790344","properties":{"highway":"trunk_link"},"geometry":{"type":"LineString","coordinates":[[-63.5877,9.66239],[-63.58761,9.66265]]}},{"type":"Feature","id":"way/206790345","properties":{"highway":"tertiary","ref":"R-7"},"geometry":{"type":"LineString","coordinates":[[-63.59738,9.6773],[-63.58822,9.66266]]}},{"type":"Feature","id":"way/206790346","properties":{"name":"Carretera Nacional Barcelona - Matur\u00edn","highway":"trunk","ref":"T-13"},"geometry":{"type":"LineString","coordinates":[[-63.58573,9.66243],[-63.58761,9.66265]]}},{"type":"Feature","id":"way/206790347","properties":{"name":"Distribuidor Pueblo Libre","highway":"trunk_link"},"geometry":{"type":"LineString","coordinates":[[-63.32392,9.69978],[-63.32373,9.69857],[-63.32526,9.69849]]}},{"type":"Feature","id":"way/206790350","properties":{"name":"Distribuidor Pueblo Libre","highway":"trunk_link"},"geometry":{"type":"LineString","coordinates":[[-63.32526,9.69849],[-63.32572,9.69854]]}},{"type":"Feature","id":"way/206790354","properties":{"name":"Distribuidor Pueblo Libre","highway":"trunk_link"},"geometry":{"type":"LineString","coordinates":[[-63.32572,9.69854],[-63.32815,9.69881]]}},{"type":"Feature","id":"way/206790357","properties":{"name":"Retorno","highway":"trunk_link","ref":"T-13"},"geometry":{"type":"LineString","coordinates":[[-63.39947,9.66573],[-63.39914,9.66631]]}},{"type":"Feature","id":"way/206790358","properties":{"name":"Retorno","highway":"trunk_link","ref":"T-13"},"geometry":{"type":"LineString","coordinates":[[-63.40747,9.66798],[-63.40806,9.66767],[-63.4074,9.66736]]}},{"type":"Feature","id":"way/207122786","properties":{"name":"Carretera Nacional Barcelona - Matur\u00edn","highway":"trunk","ref":"T-13"},"geometry":{"type":"LineString","coordinates":[[-63.66775,9.64537],[-63.66686,9.64849],[-63.66531,9.6501],[-63.66094,9.65092],[-63.65227,9.65672],[-63.64128,9.65984]]}},{"type":"Feature","id":"way/207122788","properties":{"name":"Carretera Nacional Barcelona - Matur\u00edn","highway":"trunk","ref":"T-13"},"geometry":{"type":"LineString","coordinates":[[-63.51448,9.69953],[-63.51195,9.70109],[-63.50924,9.70131]]}},{"type":"Feature","id":"way/207122789","properties":{"name":"Avenida Bol\u00edvar","highway":"primary","ref":"L-5"},"geometry":{"type":"LineString","coordinates":[[-63.64045,9.66042],[-63.63916,9.66643],[-63.63184,9.68365],[-63.62166,9.69077]]}},{"type":"Feature","id":"way/207122790","properties":{"name":"Carretera Nacional Barcelona - Matur\u00edn","highway":"trunk","ref":"T-13"},"geometry":{"type":"LineString","coordinates":[[-63.67279,9.64221],[-63.6699,9.64319],[-63.66775,9.64537]]}},{"type":"Feature","id":"way/207122791","properties":{"name":"Carretera Regional Punta de Mata - Santa B\u00e1rbara","highway":"primary","ref":"L-5"},"geometry":{"type":"LineString","coordinates":[[-63.64046,9.65978],[-63.64041,9.66]]}},{"type":"Feature","id":"way/207122793","properties":{"name":"Carretera Nacional Barcelona - Matur\u00edn","highway":"trunk","ref":"T-13"},"geometry":{"type":"LineString","coordinates":[[-63.64128,9.65984],[-63.64071,9.65978]]}},{"type":"Feature","id":"way/207122794","properties":{"name":"Carretera Nacional Barcelona - Matur\u00edn","highway":"trunk","ref":"T-13"},"geometry":{"type":"LineString","coordinates":[[-63.64066,9.66],[-63.64128,9.65984]]}},{"type":"Feature","id":"way/207122795","properties":{"name":"Avenida Bol\u00edvar","highway":"primary","ref":"L-5"},"geometry":{"type":"LineString","coordinates":[[-63.64041,9.66],[-63.64045,9.66042]]}},{"type":"Feature","id":"way/207122796","properties":{"name":"Carretera Nacional Barcelona - Matur\u00edn","highway":"trunk","ref":"T-13"},"geometry":{"type":"LineString","coordinates":[[-63.63985,9.65993],[-63.64041,9.66]]}},{"type":"Feature","id":"way/207122797","properties":{"name":"Carretera Regional Punta de Mata - Santa B\u00e1rbara","highway":"primary","ref":"L-5"},"geometry":{"type":"LineString","coordinates":[[-63.64067,9.65935],[-63.64046,9.65978]]}},{"type":"Feature","id":"way/207122798","properties":{"name":"Carretera Nacional Barcelona - Matur\u00edn","highway":"trunk","ref":"T-13"},"geometry":{"type":"LineString","coordinates":[[-63.64046,9.65978],[-63.63985,9.65993]]}},{"type":"Feature","id":"way/207122799","properties":{"name":"Carretera Regional Punta de Mata - Santa B\u00e1rbara","highway":"primary","ref":"L-5"},"geometry":{"type":"LineString","coordinates":[[-63.64071,9.65978],[-63.64067,9.65935]]}},{"type":"Feature","id":"way/208257280","properties":{"name":"V\u00eda a La Pica","highway":"tertiary","ref":"L-9"},"geometry":{"type":"LineString","coordinates":[[-63.14374,9.76416],[-63.14613,9.76214]]}},{"type":"Feature","id":"way/208257319","properties":{"name":"V\u00eda La Pica","highway":"tertiary","ref":"L-9"},"geometry":{"type":"LineString","coordinates":[[-63.14596,9.762],[-63.14374,9.76416]]}},{"type":"Feature","id":"way/213277856","properties":{"name":"Avenida Ra\u00fal Leoni","highway":"trunk","ref":"T-10"},"geometry":{"type":"LineString","coordinates":[[-63.18038,9.75409],[-63.17052,9.75468],[-63.16869,9.75393],[-63.16445,9.7388]]}},{"type":"Feature","id":"way/213277860","properties":{"name":"Avenida principal de La Floresta","highway":"tertiary","ref":"R-28"},"geometry":{"type":"LineString","coordinates":[[-63.13311,9.74663],[-63.13991,9.74552],[-63.14872,9.74048]]}},{"type":"Feature","id":"way/213277863","properties":{"name":"Avenida principal de La Floresta","highway":"tertiary","ref":"R-28"},"geometry":{"type":"LineString","coordinates":[[-63.14876,9.74039],[-63.13987,9.74543],[-63.13311,9.74663]]}},{"type":"Feature","id":"way/213278000","properties":{"name":"Carretera Nacional V\u00eda al Sur","highway":"trunk","ref":"T-10"},"geometry":{"type":"LineString","coordinates":[[-63.1492,9.67971],[-63.14994,9.68129]]}},{"type":"Feature","id":"way/213278061","properties":{"name":"Avenida Ra\u00fal Leoni","highway":"trunk","ref":"T-10"},"geometry":{"type":"LineString","coordinates":[[-63.15643,9.72924],[-63.16227,9.73253],[-63.16425,9.73852]]}},{"type":"Feature","id":"way/214552877","properties":{"name":"Carretera Tabasca - Uracoa","highway":"secondary","ref":"L-13"},"geometry":{"type":"LineString","coordinates":[[-62.35456,8.99914],[-62.35403,8.99906]]}},{"type":"Feature","id":"way/214552878","properties":{"name":"Avenida Arismendi","highway":"secondary","ref":"L-13"},"geometry":{"type":"LineString","coordinates":[[-62.35247,8.99174],[-62.35238,8.99126]]}},{"type":"Feature","id":"way/214552879","properties":{"name":"Carretera Tabasca - Uracoa","highway":"secondary","ref":"L-13"},"geometry":{"type":"LineString","coordinates":[[-62.37787,9.04603],[-62.37511,9.03788]]}},{"type":"Feature","id":"way/214552881","properties":{"name":"Avenida Arismendi","highway":"secondary","ref":"L-13"},"geometry":{"type":"LineString","coordinates":[[-62.3528,8.99521],[-62.35282,8.99908]]}},{"type":"Feature","id":"way/214552882","properties":{"name":"V\u00eda a San Francisco","highway":"tertiary","ref":"R-37"},"geometry":{"type":"LineString","coordinates":[[-62.35202,8.99076],[-62.35172,8.9909]]}},{"type":"Feature","id":"way/214552885","properties":{"name":"V\u00eda a San Francisco","highway":"tertiary","ref":"R-37"},"geometry":{"type":"LineString","coordinates":[[-62.35172,8.9909],[-62.35204,8.99097]]}},{"type":"Feature","id":"way/214552887","properties":{"name":"Avenida Sucre","highway":"secondary","ref":"L-13"},"geometry":{"type":"LineString","coordinates":[[-62.35403,8.99906],[-62.35282,8.99908]]}},{"type":"Feature","id":"way/214552888","properties":{"name":"Avenida Arismendi","highway":"secondary","ref":"L-13"},"geometry":{"type":"LineString","coordinates":[[-62.35247,8.99174],[-62.3528,8.99521]]}},{"type":"Feature","id":"way/214552890","properties":{"name":"Avenida Arismendi","highway":"secondary","ref":"L-13"},"geometry":{"type":"LineString","coordinates":[[-62.3528,8.99521],[-62.35247,8.99174]]}},{"type":"Feature","id":"way/215318659","properties":{"name":"Avenida Alirio Ugarte Pelayo","highway":"trunk","ref":"T-10"},"geometry":{"type":"LineString","coordinates":[[-63.19487,9.77541],[-63.20047,9.78584]]}},{"type":"Feature","id":"way/215318662","properties":{"name":"Avenida Bella Vista","highway":"trunk","ref":"T-13"},"geometry":{"type":"LineString","coordinates":[[-63.32392,9.69978],[-63.30434,9.70506],[-63.28575,9.70776],[-63.26683,9.71176],[-63.26075,9.71116],[-63.25304,9.7181]]}},{"type":"Feature","id":"way/215318663","properties":{"name":"Avenida Bella Vista","highway":"trunk","ref":"T-13"},"geometry":{"type":"LineString","coordinates":[[-63.2531,9.71819],[-63.26131,9.71113],[-63.26686,9.71185],[-63.30469,9.70512],[-63.32352,9.70003]]}},{"type":"Feature","id":"way/215318665","properties":{"name":"Distribuidor La Cruz","highway":"trunk_link"},"geometry":{"type":"LineString","coordinates":[[-63.26272,9.70851],[-63.26251,9.71031],[-63.26114,9.71106]]}},{"type":"Feature","id":"way/215318666","properties":{"name":"Distribuidor La Cruz","highway":"trunk_link"},"geometry":{"type":"LineString","coordinates":[[-63.26397,9.71428],[-63.26782,9.71169]]}},{"type":"Feature","id":"way/215318667","properties":{"name":"Avenida Principal de La Cruz","highway":"tertiary","ref":"R-10"},"geometry":{"type":"LineString","coordinates":[[-63.26363,9.71485],[-63.25928,9.72303],[-63.25913,9.7282]]}},{"type":"Feature","id":"way/215318668","properties":{"name":"Distribuidor La Cruz","highway":"trunk_link"},"geometry":{"type":"LineString","coordinates":[[-63.26414,9.71133],[-63.26275,9.71035],[-63.26409,9.71054]]}},{"type":"Feature","id":"way/215318669","properties":{"name":"Distribuidor La Cruz","highway":"trunk_link"},"geometry":{"type":"LineString","coordinates":[[-63.26826,9.7115],[-63.26314,9.70893]]}},{"type":"Feature","id":"way/215318670","properties":{"name":"Distribuidor La Cruz","highway":"trunk_link"},"geometry":{"type":"LineString","coordinates":[[-63.26016,9.71158],[-63.26206,9.71163],[-63.26396,9.71414]]}},{"type":"Feature","id":"way/215318671","properties":{"name":"Distribuidor La Cruz","highway":"trunk_link"},"geometry":{"type":"LineString","coordinates":[[-63.26486,9.71166],[-63.26581,9.71283],[-63.26462,9.71203]]}},{"type":"Feature","id":"way/215318672","properties":{"name":"Distribuidor La Cruz","highway":"trunk_link"},"geometry":{"type":"LineString","coordinates":[[-63.26451,9.71202],[-63.26394,9.71279],[-63.26307,9.71237],[-63.2627,9.7114],[-63.26375,9.71131]]}},{"type":"Feature","id":"way/215318673","properties":{"name":"Distribuidor La Cruz","highway":"trunk_link"},"geometry":{"type":"LineString","coordinates":[[-63.26444,9.71108],[-63.26455,9.70958],[-63.26617,9.71059],[-63.26605,9.71149],[-63.26483,9.71156]]}},{"type":"Feature","id":"way/215318678","properties":{"name":"Distribuidor Pueblo Libre","highway":"trunk_link"},"geometry":{"type":"LineString","coordinates":[[-63.32572,9.69848],[-63.32528,9.69843]]}},{"type":"Feature","id":"way/215318681","properties":{"highway":"trunk_link","ref":"T-13"},"geometry":{"type":"LineString","coordinates":[[-63.20213,9.73954],[-63.20303,9.73948]]}},{"type":"Feature","id":"way/215318682","properties":{"name":"Carretera Vieja El Furrial - Matur\u00edn","highway":"secondary","ref":"T-13"},"geometry":{"type":"LineString","coordinates":[[-63.32944,9.69852],[-63.32904,9.69852]]}},{"type":"Feature","id":"way/215318683","properties":{"name":"Retorno de San Vicente","highway":"trunk_link"},"geometry":{"type":"LineString","coordinates":[[-63.291,9.707],[-63.29081,9.70733]]}},{"type":"Feature","id":"way/215318684","properties":{"highway":"trunk_link","ref":"T-13"},"geometry":{"type":"LineString","coordinates":[[-63.23766,9.73325],[-63.23744,9.733]]}},{"type":"Feature","id":"way/215318685","properties":{"name":"Retorno de La Cruz","highway":"trunk_link","ref":"T-13"},"geometry":{"type":"LineString","coordinates":[[-63.2362,9.73325],[-63.23646,9.73353]]}},{"type":"Feature","id":"way/215318686","properties":{"name":"Retorno de San Vicente","highway":"trunk_link"},"geometry":{"type":"LineString","coordinates":[[-63.29305,9.70703],[-63.29304,9.70672]]}},{"type":"Feature","id":"way/215318687","properties":{"name":"Retorno","highway":"trunk_link","ref":"T-13"},"geometry":{"type":"LineString","coordinates":[[-63.2138,9.73707],[-63.21388,9.73737]]}},{"type":"Feature","id":"way/215318688","properties":{"name":"Retorno de La Cruz","highway":"trunk_link","ref":"T-13"},"geometry":{"type":"LineString","coordinates":[[-63.23777,9.73277],[-63.23754,9.73255]]}},{"type":"Feature","id":"way/215318689","properties":{"name":"Distribuidor Pueblo Libre","highway":"trunk_link"},"geometry":{"type":"LineString","coordinates":[[-63.32904,9.69852],[-63.32741,9.69778],[-63.32738,9.69626]]}},{"type":"Feature","id":"way/215318691","properties":{"name":"Retorno","highway":"trunk_link","ref":"T-13"},"geometry":{"type":"LineString","coordinates":[[-63.21632,9.73666],[-63.2163,9.7363]]}},{"type":"Feature","id":"way/215318692","properties":{"name":"Distribuidor Pueblo Libre","highway":"trunk_link"},"geometry":{"type":"LineString","coordinates":[[-63.32528,9.69843],[-63.32352,9.69855],[-63.32097,9.7006]]}},{"type":"Feature","id":"way/215508316","properties":{"name":"Carretera Tabasca - Uracoa","highway":"secondary","ref":"L-13"},"geometry":{"type":"LineString","coordinates":[[-62.37511,9.03788],[-62.37493,9.03741]]}},{"type":"Feature","id":"way/215508319","properties":{"name":"Carretera Tabasca - Uracoa","highway":"secondary","ref":"L-13"},"geometry":{"type":"LineString","coordinates":[[-62.37493,9.03741],[-62.36399,9.00922],[-62.36318,9.00217],[-62.36059,9.00013],[-62.35456,8.99914]]}},{"type":"Feature","id":"way/215508320","properties":{"name":"V\u00eda a Boca de Uracoa","highway":"tertiary"},"geometry":{"type":"LineString","coordinates":[[-62.38474,9.04396],[-62.37434,9.06574],[-62.338,9.11591],[-62.33052,9.12195]]}},{"type":"Feature","id":"way/215508327","properties":{"name":"Carretera Temblador - Tabasca","highway":"secondary","ref":"L-6"},"geometry":{"type":"LineString","coordinates":[[-62.62978,9.00729],[-62.57188,9.01342],[-62.52088,9.01293],[-62.50429,9.01433],[-62.497,9.01304],[-62.44427,9.02011],[-62.43489,9.02341],[-62.41473,9.03828],[-62.40374,9.03799],[-62.37787,9.04603]]}},{"type":"Feature","id":"way/215707513","properties":{"name":"Carretera Nacional Matur\u00edn - Caripito","highway":"trunk","ref":"T-10"},"geometry":{"type":"LineString","coordinates":[[-63.17559,9.96216],[-63.17094,9.96159],[-63.16514,9.96619],[-63.16376,9.97118],[-63.16625,9.97527],[-63.16259,9.97868],[-63.16129,9.98267],[-63.16122,9.98745],[-63.15306,9.99601],[-63.15074,10.00039],[-63.14686,10.00374],[-63.14581,10.00739],[-63.14267,10.01074],[-63.13466,10.01469],[-63.13117,10.01836],[-63.12499,10.0194],[-63.11169,10.02895],[-63.10601,10.03155],[-63.10399,10.03608],[-63.10043,10.05007],[-63.09987,10.05743],[-63.09417,10.0876]]}},{"type":"Feature","id":"way/216221784","properties":{"name":"Avenida Orinoco","highway":"tertiary"},"geometry":{"type":"LineString","coordinates":[[-63.17566,9.73274],[-63.17922,9.74114],[-63.18111,9.74216]]}},{"type":"Feature","id":"way/217007989","properties":{"highway":"trunk_link","ref":"T-10"},"geometry":{"type":"LineString","coordinates":[[-63.16236,9.73958],[-63.1644,9.73912]]}},{"type":"Feature","id":"way/217008015","properties":{"highway":"trunk_link"},"geometry":{"type":"LineString","coordinates":[[-63.16506,9.74125],[-63.16543,9.74085]]}},{"type":"Feature","id":"way/219052635","properties":{"name":"Avenida Bicentenario","highway":"tertiary"},"geometry":{"type":"LineString","coordinates":[[-63.18874,9.7455],[-63.19368,9.74327]]}},{"type":"Feature","id":"way/219052692","properties":{"name":"Avenida Jos\u00e9 Tadeo Monagas","highway":"secondary","ref":"L-9"},"geometry":{"type":"LineString","coordinates":[[-63.16279,9.75219],[-63.16302,9.75221]]}},{"type":"Feature","id":"way/219052712","properties":{"name":"Distribuidor Boquer\u00f3n","highway":"trunk_link"},"geometry":{"type":"LineString","coordinates":[[-63.19023,9.76673],[-63.19032,9.76708]]}},{"type":"Feature","id":"way/219928964","properties":{"name":"Avenida R\u00f3mulo Gallegos","highway":"secondary","ref":"R-28"},"geometry":{"type":"LineString","coordinates":[[-63.16025,9.73957],[-63.15927,9.73964]]}},{"type":"Feature","id":"way/219929018","properties":{"name":"Distribuidor La Cruz","highway":"trunk_link"},"geometry":{"type":"LineString","coordinates":[[-63.26256,9.71208],[-63.26276,9.71271]]}},{"type":"Feature","id":"way/219929021","properties":{"name":"Retorno","highway":"primary_link"},"geometry":{"type":"LineString","coordinates":[[-63.25211,9.69296],[-63.25182,9.69323]]}},{"type":"Feature","id":"way/220657788","properties":{"highway":"secondary","ref":"R-4"},"geometry":{"type":"LineString","coordinates":[[-63.52452,10.18407],[-63.52064,10.18179],[-63.51969,10.17972],[-63.5185,10.17994],[-63.51979,10.17818],[-63.51741,10.1791],[-63.51851,10.17753],[-63.51826,10.17568],[-63.51416,10.17778],[-63.5102,10.17494],[-63.5073,10.1749]]}},{"type":"Feature","id":"way/221687012","properties":{"name":"Carretera Perimetral de Caripito","highway":"trunk","ref":"T-10"},"geometry":{"type":"LineString","coordinates":[[-63.09412,10.08784],[-63.09438,10.08882]]}},{"type":"Feature","id":"way/221687034","properties":{"name":"Carretera Nacional Casanay - Caripito","highway":"trunk","ref":"T-10"},"geometry":{"type":"LineString","coordinates":[[-63.14447,10.19597],[-63.14488,10.19629]]}},{"type":"Feature","id":"way/226014905","properties":{"name":"Carretera Nacional Cuman\u00e1 - Matur\u00edn","highway":"trunk","ref":"L-1"},"geometry":{"type":"LineString","coordinates":[[-63.76969,10.16143],[-63.77846,10.16511],[-63.7804,10.16453],[-63.78452,10.16716],[-63.78613,10.16712],[-63.7863,10.16442],[-63.78928,10.16305],[-63.80095,10.16259],[-63.80234,10.16397],[-63.80627,10.16395],[-63.80748,10.1651],[-63.80798,10.16802],[-63.81043,10.16899],[-63.81717,10.17627],[-63.82332,10.17874],[-63.82901,10.17821],[-63.83144,10.17677],[-63.83049,10.17119],[-63.83374,10.16822],[-63.84013,10.16588],[-63.83765,10.17022],[-63.83764,10.17235],[-63.83667,10.17012],[-63.83486,10.17232],[-63.83767,10.17619],[-63.83712,10.17889],[-63.838,10.18075],[-63.84814,10.18959],[-63.85811,10.19177],[-63.86099,10.19362],[-63.86258,10.19605],[-63.86148,10.19896],[-63.8614,10.20111],[-63.86236,10.20189],[-63.86177,10.20557],[-63.8633,10.20843],[-63.86758,10.21145],[-63.86925,10.21461],[-63.87472,10.2177],[-63.87968,10.21716],[-63.88259,10.21851],[-63.88678,10.21694],[-63.89286,10.21634],[-63.89668,10.21761],[-63.89888,10.21963],[-63.90131,10.22578],[-63.90675,10.23027],[-63.90986,10.23145]]}},{"type":"Feature","id":"way/227777709","properties":{"name":"Carretera Nacional Cuman\u00e1 - Matur\u00edn","highway":"trunk","ref":"L-1"},"geometry":{"type":"LineString","coordinates":[[-63.63301,10.08177],[-63.63987,10.08201],[-63.64306,10.08056],[-63.6462,10.08048],[-63.64961,10.08204],[-63.65053,10.08387],[-63.65266,10.08495],[-63.65906,10.0823],[-63.66246,10.08364],[-63.66666,10.08759],[-63.67085,10.08871],[-63.67611,10.0953],[-63.67915,10.09752],[-63.68879,10.10155],[-63.69074,10.10326],[-63.69755,10.1053],[-63.70573,10.11145],[-63.7088,10.11579],[-63.71069,10.11651],[-63.71853,10.11594],[-63.72204,10.11329],[-63.7239,10.11296]]}},{"type":"Feature","id":"way/227777710","properties":{"name":"Carretera Regional Caicara - San Antonio","highway":"primary","ref":"L-7"},"geometry":{"type":"LineString","coordinates":[[-63.65228,9.95835],[-63.63764,9.96816],[-63.63374,9.9731],[-63.62401,9.9788],[-63.62237,9.98174],[-63.6131,9.98882],[-63.61189,9.99211],[-63.61335,9.99841],[-63.60928,10.0108],[-63.60718,10.0127],[-63.60261,10.0134],[-63.59785,10.01777],[-63.59693,10.02182],[-63.59865,10.02505],[-63.59554,10.0283],[-63.59852,10.03357],[-63.60287,10.0373],[-63.6025,10.03814],[-63.60119,10.03798],[-63.6011,10.03926],[-63.60233,10.04118],[-63.60224,10.04497],[-63.60536,10.04771],[-63.6049,10.0518],[-63.60388,10.05323],[-63.60556,10.05632],[-63.60599,10.06522],[-63.60953,10.06974],[-63.60858,10.07106],[-63.60557,10.07156],[-63.60659,10.07368]]}},{"type":"Feature","id":"way/227777711","properties":{"name":"V\u00eda a Jusep\u00edn","highway":"primary","ref":"L-3"},"geometry":{"type":"LineString","coordinates":[[-63.5085,9.70119],[-63.50974,9.70263],[-63.5096,9.70449]]}},{"type":"Feature","id":"way/227837632","properties":{"name":"Carretera Santa B\u00e1rbara - Mor\u00f3n","highway":"tertiary","ref":"R-43"},"geometry":{"type":"LineString","coordinates":[[-63.6056,9.60657],[-63.59002,9.60283],[-63.58469,9.60289],[-63.53544,9.6127],[-63.52892,9.61571]]}},{"type":"Feature","id":"way/228411894","properties":{"name":"V\u00eda La Pica","highway":"tertiary","ref":"L-9"},"geometry":{"type":"LineString","coordinates":[[-63.07356,9.79487],[-63.07777,9.79341],[-63.08648,9.79586],[-63.09571,9.79279],[-63.11115,9.78358],[-63.13415,9.77271],[-63.14374,9.76416]]}},{"type":"Feature","id":"way/228411955","properties":{"highway":"tertiary","ref":"L-9"},"geometry":{"type":"LineString","coordinates":[[-63.07356,9.79487],[-63.07258,9.79514]]}},{"type":"Feature","id":"way/228411956","properties":{"highway":"tertiary","ref":"L-9"},"geometry":{"type":"LineString","coordinates":[[-63.06908,9.79682],[-63.07264,9.79529]]}},{"type":"Feature","id":"way/230275423","properties":{"highway":"trunk_link","ref":"T-13"},"geometry":{"type":"LineString","coordinates":[[-63.19953,9.7374],[-63.20058,9.73779]]}},{"type":"Feature","id":"way/231980402","properties":{"highway":"primary_link"},"geometry":{"type":"LineString","coordinates":[[-63.5523,10.1519],[-63.55218,10.15211]]}},{"type":"Feature","id":"way/231980411","properties":{"highway":"primary_link"},"geometry":{"type":"LineString","coordinates":[[-63.5518,10.15192],[-63.55147,10.15217]]}},{"type":"Feature","id":"way/231980414","properties":{"name":"V\u00eda Principal de Aparicio","highway":"tertiary","ref":"R-9"},"geometry":{"type":"LineString","coordinates":[[-63.56935,10.01191],[-63.57478,10.01075],[-63.58021,10.003],[-63.58437,10.00015],[-63.5942,9.98933],[-63.60092,9.99028],[-63.60905,9.99338],[-63.6119,9.99197]]}},{"type":"Feature","id":"way/232936151","properties":{"name":"El Dorado","highway":"secondary","ref":"R-3"},"geometry":{"type":"LineString","coordinates":[[-63.44139,10.21038],[-63.44094,10.21068]]}},{"type":"Feature","id":"way/232936175","properties":{"highway":"secondary","ref":"R-4"},"geometry":{"type":"LineString","coordinates":[[-63.48788,10.18209],[-63.48801,10.18184]]}},{"type":"Feature","id":"way/232936203","properties":{"highway":"secondary","ref":"R-4"},"geometry":{"type":"LineString","coordinates":[[-63.48801,10.18184],[-63.48929,10.17849]]}},{"type":"Feature","id":"way/232938025","properties":{"highway":"secondary","ref":"R-3"},"geometry":{"type":"LineString","coordinates":[[-63.4611,10.19407],[-63.46091,10.19407]]}},{"type":"Feature","id":"way/232938026","properties":{"highway":"secondary","ref":"R-3"},"geometry":{"type":"LineString","coordinates":[[-63.46091,10.19407],[-63.4586,10.19263]]}},{"type":"Feature","id":"way/233625635","properties":{"highway":"trunk_link","ref":"T-13"},"geometry":{"type":"LineString","coordinates":[[-63.18161,9.73055],[-63.18172,9.73078]]}},{"type":"Feature","id":"way/233926345","properties":{"name":"V\u00eda a Viboral","highway":"secondary","ref":"R-57"},"geometry":{"type":"LineString","coordinates":[[-63.1729,9.79387],[-63.1491,9.80555],[-63.14091,9.80818],[-63.12883,9.81381],[-63.12655,9.81381]]}},{"type":"Feature","id":"way/233926395","properties":{"highway":"tertiary","ref":"R-57"},"geometry":{"type":"LineString","coordinates":[[-63.1729,9.79387],[-63.16599,9.80838]]}},{"type":"Feature","id":"way/234470140","properties":{"name":"Distribuidor El Corozo","highway":"trunk_link"},"geometry":{"type":"LineString","coordinates":[[-63.35791,9.66199],[-63.36158,9.66178]]}},{"type":"Feature","id":"way/237594854","properties":{"name":"Avenida Abel Echenique","highway":"secondary"},"geometry":{"type":"LineString","coordinates":[[-63.22727,9.68498],[-63.23225,9.68491]]}},{"type":"Feature","id":"way/237594857","properties":{"name":"Avenida Abel Echenique","highway":"secondary"},"geometry":{"type":"LineString","coordinates":[[-63.23238,9.68413],[-63.23225,9.68483]]}},{"type":"Feature","id":"way/237594858","properties":{"name":"Avenida Abel Echenique","highway":"secondary"},"geometry":{"type":"LineString","coordinates":[[-63.22664,9.68491],[-63.22006,9.68576],[-63.21644,9.69285],[-63.21655,9.6951],[-63.21437,9.69576]]}},{"type":"Feature","id":"way/237594861","properties":{"name":"Avenida Abel Echenique","highway":"secondary"},"geometry":{"type":"LineString","coordinates":[[-63.22726,9.68507],[-63.22664,9.68491],[-63.22726,9.68507]]}},{"type":"Feature","id":"way/240454184","properties":{"name":"Carretera Regional Caicara - Matur\u00edn","highway":"primary","ref":"L-7"},"geometry":{"type":"LineString","coordinates":[[-63.59267,9.80307],[-63.60279,9.81422],[-63.60463,9.81522]]}},{"type":"Feature","id":"way/240454188","properties":{"name":"Carretera Regional Caicara - Matur\u00edn","highway":"primary","ref":"L-7"},"geometry":{"type":"LineString","coordinates":[[-63.60472,9.81501],[-63.603,9.81432],[-63.59291,9.80285]]}},{"type":"Feature","id":"way/240454189","properties":{"name":"Autopista Santo Domingo","highway":"primary","ref":"L-7"},"geometry":{"type":"LineString","coordinates":[[-63.54746,9.76102],[-63.54778,9.75314],[-63.5389,9.74407],[-63.53743,9.73543],[-63.53244,9.73244],[-63.53319,9.72724],[-63.53229,9.72407],[-63.52841,9.72111],[-63.52595,9.71659],[-63.52125,9.71135],[-63.5096,9.70449]]}},{"type":"Feature","id":"way/240454190","properties":{"name":"Avenida Berm\u00fadez","highway":"primary","ref":"L-7"},"geometry":{"type":"LineString","coordinates":[[-63.60993,9.81491],[-63.61734,9.81455]]}},{"type":"Feature","id":"way/240454191","properties":{"name":"Avenida Manuel Reyes","highway":"primary","ref":"L-5"},"geometry":{"type":"LineString","coordinates":[[-63.61724,9.81355],[-63.61939,9.81315],[-63.6194,9.81186]]}},{"type":"Feature","id":"way/244944909","properties":{"name":"Carretera Nacional Matur\u00edn - Temblador","highway":"trunk","ref":"L-6"},"geometry":{"type":"LineString","coordinates":[[-62.73219,9.1014],[-62.73296,9.1021]]}},{"type":"Feature","id":"way/244945804","properties":{"name":"Carretera Caicara - Jusep\u00edn","highway":"secondary","ref":"L-7"},"geometry":{"type":"LineString","coordinates":[[-63.46789,9.75554],[-63.46793,9.75915],[-63.46896,9.76126],[-63.48408,9.77477],[-63.51742,9.75705],[-63.51927,9.75771],[-63.52338,9.76192],[-63.54292,9.76838],[-63.54895,9.77368]]}},{"type":"Feature","id":"way/247417120","properties":{"name":"Carretera Regional Morichal - Temblador","highway":"primary","ref":"T-15"},"geometry":{"type":"LineString","coordinates":[[-62.75133,8.98562],[-62.74374,8.98989],[-62.72942,8.99203],[-62.72493,8.9939],[-62.7215,8.99345],[-62.70691,9.00156],[-62.70065,8.99942],[-62.69019,9.00421],[-62.65752,9.00604]]}},{"type":"Feature","id":"way/247417128","properties":{"name":"Carretera Nacional Temblador - Barrancas","highway":"trunk","ref":"T-15;L-6"},"geometry":{"type":"LineString","coordinates":[[-62.63298,9.00752],[-62.63335,9.00751]]}},{"type":"Feature","id":"way/289662639","properties":{"name":"Distribuidor Boquer\u00f3n","highway":"trunk_link"},"geometry":{"type":"LineString","coordinates":[[-63.1909,9.76859],[-63.19099,9.76876]]}},{"type":"Feature","id":"way/316799764","properties":{"name":"Avenida Abel Echenique","highway":"secondary"},"geometry":{"type":"LineString","coordinates":[[-63.23225,9.68483],[-63.22727,9.68491]]}},{"type":"Feature","id":"way/370826289","properties":{"name":"V\u00eda a Boquer\u00f3n de Amana","highway":"secondary","ref":"R-43"},"geometry":{"type":"LineString","coordinates":[[-63.13797,9.61057],[-63.1412,9.60996],[-63.14217,9.61173],[-63.14891,9.61571],[-63.15639,9.61486],[-63.16488,9.61192],[-63.17046,9.61269],[-63.17304,9.61583],[-63.17321,9.62511],[-63.18061,9.62943],[-63.18857,9.63179],[-63.21224,9.6299],[-63.22211,9.63113],[-63.2358,9.62789],[-63.25087,9.62098],[-63.26142,9.61853]]}},{"type":"Feature","id":"way/371807777","properties":{"name":"Retorno","highway":"trunk_link","ref":"T-13"},"geometry":{"type":"LineString","coordinates":[[-63.18204,9.73068],[-63.18194,9.73044]]}},{"type":"Feature","id":"way/371818503","properties":{"name":"V\u00eda a Curiepe","highway":"tertiary"},"geometry":{"type":"LineString","coordinates":[[-63.13153,9.59772],[-63.13247,9.5919],[-63.13577,9.58865],[-63.14021,9.58656],[-63.14679,9.58143],[-63.14876,9.57437],[-63.15226,9.57333],[-63.15371,9.56711],[-63.15763,9.56386],[-63.18132,9.55522],[-63.19557,9.55274],[-63.2065,9.55215],[-63.21335,9.55089],[-63.21901,9.54858],[-63.22149,9.54702],[-63.22685,9.54065],[-63.23923,9.53452],[-63.24967,9.53104],[-63.25453,9.52022],[-63.28505,9.50895],[-63.29596,9.50094],[-63.30706,9.49728]]}},{"type":"Feature","id":"way/382892493","properties":{"name":"Carretera Nacional Barcelona - Matur\u00edn","highway":"trunk","ref":"T-13"},"geometry":{"type":"LineString","coordinates":[[-63.66775,9.64537],[-63.66996,9.64328],[-63.67286,9.64241]]}},{"type":"Feature","id":"way/406460430","properties":{"name":"V\u00eda a Uracoa","highway":"trunk_link","ref":"L-13"},"geometry":{"type":"LineString","coordinates":[[-62.38463,8.79447],[-62.38381,8.79315]]}},{"type":"Feature","id":"way/406472105","properties":{"name":"Avenida Orinoco","highway":"tertiary","ref":"T-13"},"geometry":{"type":"LineString","coordinates":[[-63.19953,9.7374],[-63.20017,9.73733]]}},{"type":"Feature","id":"way/406472106","properties":{"highway":"trunk_link"},"geometry":{"type":"LineString","coordinates":[[-63.19936,9.7362],[-63.19931,9.73693]]}},{"type":"Feature","id":"way/406473895","properties":{"name":"Avenida Orinoco","highway":"tertiary"},"geometry":{"type":"LineString","coordinates":[[-63.17553,9.73209],[-63.17543,9.73234]]}},{"type":"Feature","id":"way/406473896","properties":{"name":"Avenida Orinoco","highway":"tertiary","ref":"T-13"},"geometry":{"type":"LineString","coordinates":[[-63.17613,9.7326],[-63.1761,9.73215]]}},{"type":"Feature","id":"way/406473898","properties":{"highway":"trunk_link"},"geometry":{"type":"LineString","coordinates":[[-63.17474,9.73249],[-63.17566,9.73274]]}},{"type":"Feature","id":"way/406473899","properties":{"highway":"trunk_link","ref":"T-13"},"geometry":{"type":"LineString","coordinates":[[-63.17613,9.7326],[-63.17667,9.73199]]}},{"type":"Feature","id":"way/406475754","properties":{"highway":"trunk_link","ref":"T-13"},"geometry":{"type":"LineString","coordinates":[[-63.23867,9.73306],[-63.23805,9.7325]]}},{"type":"Feature","id":"way/406475755","properties":{"name":"Retorno","highway":"primary_link","ref":"R-10"},"geometry":{"type":"LineString","coordinates":[[-63.26051,9.70515],[-63.26024,9.70533]]}},{"type":"Feature","id":"way/406863028","properties":{"name":"Carretera Los Pozos - Los Barrancos","highway":"secondary","ref":"T-10"},"geometry":{"type":"LineString","coordinates":[[-62.68215,8.39495],[-62.68459,8.40814],[-62.70399,8.44281],[-62.71056,8.46045]]}},{"type":"Feature","id":"way/406863029","properties":{"name":"Carretera Nacional Temblador - Barrancas","highway":"trunk","ref":"T-15"},"geometry":{"type":"LineString","coordinates":[[-62.33743,8.77584],[-62.25759,8.74583]]}},{"type":"Feature","id":"way/406863030","properties":{"name":"Carretera Nacional V\u00eda a Sotillo","highway":"trunk","ref":"L-12"},"geometry":{"type":"LineString","coordinates":[[-62.70986,8.46151],[-62.66541,8.49998],[-62.65068,8.52625],[-62.64765,8.52994],[-62.64376,8.53278],[-62.63579,8.53493],[-62.61362,8.53507],[-62.60683,8.53303],[-62.59519,8.52664],[-62.58973,8.52608],[-62.58595,8.52783],[-62.55928,8.55004],[-62.53538,8.55774],[-62.52958,8.56119],[-62.48746,8.60579],[-62.46278,8.65812],[-62.45891,8.66373],[-62.45391,8.66764],[-62.40746,8.69427],[-62.37985,8.73276],[-62.35394,8.74819],[-62.34973,8.75171],[-62.34758,8.75468],[-62.34,8.77453]]}},{"type":"Feature","id":"way/406863031","properties":{"name":"Carretera Nacional V\u00eda a Tucupita","highway":"primary","ref":"R-18"},"geometry":{"type":"LineString","coordinates":[[-62.25573,8.74513],[-62.25631,8.74639]]}},{"type":"Feature","id":"way/406863032","properties":{"name":"Carretera Nacional V\u00eda a Tucupita","highway":"trunk","ref":"T-15"},"geometry":{"type":"LineString","coordinates":[[-62.25631,8.74639],[-62.25759,8.74583]]}},{"type":"Feature","id":"way/406863033","properties":{"name":"Carretera Nacional Temblador - Barrancas","highway":"trunk","ref":"T-15;L-6"},"geometry":{"type":"LineString","coordinates":[[-62.63335,9.00751],[-62.63398,9.0075]]}},{"type":"Feature","id":"way/407006395","properties":{"name":"Carretera Regional Guanaguana - Caripe","highway":"primary","ref":"L-2"},"geometry":{"type":"LineString","coordinates":[[-63.63301,10.08177],[-63.63328,10.08235]]}},{"type":"Feature","id":"way/407006396","properties":{"name":"Carretera Nacional Cuman\u00e1 - Matur\u00edn","highway":"trunk","ref":"L-1"},"geometry":{"type":"LineString","coordinates":[[-63.60946,10.07775],[-63.62061,10.08052],[-63.62383,10.08005],[-63.63301,10.08177]]}},{"type":"Feature","id":"way/412200443","properties":{"name":"Calle Sucre","highway":"primary","ref":"L-5"},"geometry":{"type":"LineString","coordinates":[[-63.6172,9.8131],[-63.61734,9.81455]]}},{"type":"Feature","id":"way/412200447","properties":{"name":"Carretera Regional Caicara - San Antonio","highway":"primary","ref":"L-7"},"geometry":{"type":"LineString","coordinates":[[-63.63256,9.83967],[-63.63342,9.83999]]}},{"type":"Feature","id":"way/412200449","properties":{"name":"Carretera Regional Punta de Mata - Jusep\u00edn","highway":"primary","ref":"L-3"},"geometry":{"type":"LineString","coordinates":[[-63.51448,9.69953],[-63.5096,9.70449]]}},{"type":"Feature","id":"way/412200451","properties":{"name":"Carretera Regional Caicara - Matur\u00edn","highway":"primary","ref":"L-7"},"geometry":{"type":"LineString","coordinates":[[-63.56945,9.78742],[-63.56601,9.788],[-63.56344,9.78729],[-63.55085,9.77521]]}},{"type":"Feature","id":"way/412200457","properties":{"name":"Carretera Regional Caicara - Matur\u00edn","highway":"primary","ref":"L-7"},"geometry":{"type":"LineString","coordinates":[[-63.56997,9.78743],[-63.5756,9.78653],[-63.57847,9.78752],[-63.59101,9.80128]]}},{"type":"Feature","id":"way/412200460","properties":{"name":"Carretera Regional Caicara - Matur\u00edn","highway":"primary","ref":"L-7"},"geometry":{"type":"LineString","coordinates":[[-63.59127,9.80109],[-63.57852,9.78745],[-63.5756,9.78645],[-63.56995,9.78732]]}},{"type":"Feature","id":"way/412200461","properties":{"name":"Redoma de Caicara","highway":"primary","ref":"L-7"},"geometry":{"type":"LineString","coordinates":[[-63.63385,9.83983],[-63.63385,9.83983]]}},{"type":"Feature","id":"way/412200464","properties":{"name":"Carretera Regional Caicara - Matur\u00edn","highway":"primary","ref":"L-7"},"geometry":{"type":"LineString","coordinates":[[-63.56947,9.78752],[-63.56997,9.78743]]}},{"type":"Feature","id":"way/412200465","properties":{"name":"Carretera Regional Caicara - Matur\u00edn","highway":"primary","ref":"L-7"},"geometry":{"type":"LineString","coordinates":[[-63.56995,9.78732],[-63.56945,9.78742]]}},{"type":"Feature","id":"way/412200467","properties":{"name":"Carretera Caicara - Jusep\u00edn","highway":"secondary","ref":"L-7"},"geometry":{"type":"LineString","coordinates":[[-63.54895,9.77368],[-63.55016,9.77506]]}},{"type":"Feature","id":"way/412200469","properties":{"name":"Carretera Regional Caicara - Matur\u00edn","highway":"primary","ref":"L-7"},"geometry":{"type":"LineString","coordinates":[[-63.59168,9.802],[-63.59267,9.80307]]}},{"type":"Feature","id":"way/412200471","properties":{"name":"Carretera Caicara - Jusep\u00edn","highway":"secondary","ref":"L-7"},"geometry":{"type":"LineString","coordinates":[[-63.55032,9.77469],[-63.54895,9.77368]]}},{"type":"Feature","id":"way/412200476","properties":{"name":"Carretera Regional Caicara - Matur\u00edn","highway":"primary","ref":"L-7"},"geometry":{"type":"LineString","coordinates":[[-63.55051,9.77541],[-63.56339,9.78736],[-63.56601,9.78809],[-63.56947,9.78752]]}},{"type":"Feature","id":"way/412200478","properties":{"name":"Carretera Regional Caicara - San Antonio","highway":"primary","ref":"L-7"},"geometry":{"type":"LineString","coordinates":[[-63.6335,9.83976],[-63.63256,9.83967]]}},{"type":"Feature","id":"way/412200482","properties":{"name":"Carretera Regional Caicara - San Antonio","highway":"primary","ref":"L-7"},"geometry":{"type":"LineString","coordinates":[[-63.63376,9.84013],[-63.63453,9.84065]]}},{"type":"Feature","id":"way/412200483","properties":{"name":"Carretera Regional Caicara - San Antonio","highway":"primary","ref":"L-7"},"geometry":{"type":"LineString","coordinates":[[-63.63453,9.84065],[-63.63387,9.8399]]}},{"type":"Feature","id":"way/412200485","properties":{"name":"Retorno","highway":"primary_link","ref":"L-7"},"geometry":{"type":"LineString","coordinates":[[-63.59127,9.80109],[-63.59101,9.80128]]}},{"type":"Feature","id":"way/412200488","properties":{"highway":"primary_link","ref":"L-7"},"geometry":{"type":"LineString","coordinates":[[-63.63355,9.84052],[-63.6341,9.84037]]}},{"type":"Feature","id":"way/412200490","properties":{"name":"Retorno","highway":"primary_link","ref":"L-7"},"geometry":{"type":"LineString","coordinates":[[-63.59267,9.80307],[-63.59291,9.80285]]}},{"type":"Feature","id":"way/412200491","properties":{"name":"Retorno de Merecure","highway":"primary_link","ref":"L-7"},"geometry":{"type":"LineString","coordinates":[[-63.55051,9.77541],[-63.55085,9.77521]]}},{"type":"Feature","id":"way/412200496","properties":{"name":"Autopista Santo Domingo","highway":"primary","ref":"L-7"},"geometry":{"type":"LineString","coordinates":[[-63.50949,9.70459],[-63.52118,9.71144],[-63.52585,9.71665],[-63.52833,9.72119],[-63.5322,9.72413],[-63.53307,9.72724],[-63.53234,9.7325],[-63.53734,9.7355],[-63.5388,9.74412],[-63.54767,9.75317],[-63.54735,9.76103]]}},{"type":"Feature","id":"way/412200500","properties":{"name":"Retorno de Merecure","highway":"primary_link","ref":"L-7"},"geometry":{"type":"LineString","coordinates":[[-63.55032,9.77469],[-63.55016,9.77506]]}},{"type":"Feature","id":"way/412200501","properties":{"name":"Avenida Perimetral Norte","highway":"tertiary","ref":"L-7"},"geometry":{"type":"LineString","coordinates":[[-63.63345,9.84005],[-63.6324,9.84083],[-63.61261,9.84004],[-63.60636,9.83641],[-63.59736,9.81941],[-63.59421,9.80771],[-63.5922,9.80444],[-63.59235,9.80273]]}},{"type":"Feature","id":"way/412200504","properties":{"name":"Avenida Perimetral Norte","highway":"tertiary","ref":"L-7"},"geometry":{"type":"LineString","coordinates":[[-63.59168,9.802],[-63.5973,9.81951],[-63.60631,9.83648],[-63.6126,9.84009],[-63.63267,9.8409],[-63.63371,9.84014]]}},{"type":"Feature","id":"way/412203117","properties":{"name":"Avenida Manuel Reyes","highway":"primary","ref":"L-5"},"geometry":{"type":"LineString","coordinates":[[-63.61966,9.80783],[-63.61945,9.80832]]}},{"type":"Feature","id":"way/412203119","properties":{"name":"Avenida Manuel Reyes","highway":"primary","ref":"L-5"},"geometry":{"type":"LineString","coordinates":[[-63.61945,9.80832],[-63.6194,9.81186]]}},{"type":"Feature","id":"way/412203122","properties":{"name":"Carretera Regional Caicara - Punta de Mata","highway":"primary","ref":"L-5"},"geometry":{"type":"LineString","coordinates":[[-63.62346,9.80417],[-63.62005,9.80752]]}},{"type":"Feature","id":"way/412203124","properties":{"highway":"primary","ref":"L-5;L-7"},"geometry":{"type":"LineString","coordinates":[[-63.62026,9.80777],[-63.61966,9.80783],[-63.62026,9.80777]]}},{"type":"Feature","id":"way/412203134","properties":{"name":"Carretera Regional Caicara - Punta de Mata","highway":"primary","ref":"L-5"},"geometry":{"type":"LineString","coordinates":[[-63.62026,9.80777],[-63.62346,9.80417]]}},{"type":"Feature","id":"way/412203136","properties":{"name":"Avenida Manuel Reyes","highway":"primary","ref":"L-5"},"geometry":{"type":"LineString","coordinates":[[-63.61945,9.80832],[-63.61992,9.8081]]}},{"type":"Feature","id":"way/412210879","properties":{"name":"Avenida Manuel Reyes","highway":"primary","ref":"L-5"},"geometry":{"type":"LineString","coordinates":[[-63.6194,9.81186],[-63.61928,9.81309],[-63.6172,9.8131]]}},{"type":"Feature","id":"way/412461308","properties":{"name":"Distribuidor Pueblo Libre","highway":"trunk_link"},"geometry":{"type":"LineString","coordinates":[[-63.32352,9.70003],[-63.32815,9.69881]]}},{"type":"Feature","id":"way/412461309","properties":{"name":"Carretera Vieja El Furrial - Matur\u00edn","highway":"secondary","ref":"T-13"},"geometry":{"type":"LineString","coordinates":[[-63.32815,9.69881],[-63.32944,9.69852]]}},{"type":"Feature","id":"way/412462896","properties":{"name":"Avenida Armando S\u00e1nchez Bueno","highway":"trunk","ref":"L-1"},"geometry":{"type":"LineString","coordinates":[[-63.49206,9.97517],[-63.4878,9.97218],[-63.48048,9.97056],[-63.47748,9.96821]]}},{"type":"Feature","id":"way/412462898","properties":{"name":"Carretera Nacional Cuman\u00e1 - Matur\u00edn","highway":"trunk","ref":"L-1"},"geometry":{"type":"LineString","coordinates":[[-63.33442,9.8036],[-63.3403,9.80568],[-63.34788,9.8058],[-63.35441,9.80735],[-63.36927,9.81293],[-63.38174,9.83773],[-63.40493,9.85362],[-63.42121,9.87443],[-63.42832,9.87995],[-63.43112,9.88035],[-63.43479,9.88298],[-63.43562,9.8853],[-63.43477,9.88661],[-63.43259,9.88851],[-63.43032,9.88734],[-63.42695,9.89012],[-63.43064,9.90534],[-63.43338,9.90947],[-63.45343,9.9278],[-63.45731,9.92976],[-63.45732,9.93616],[-63.46046,9.94234],[-63.46543,9.94778],[-63.46635,9.95288],[-63.47337,9.95994],[-63.47447,9.96519],[-63.47748,9.96821]]}},{"type":"Feature","id":"way/412463726","properties":{"highway":"primary","ref":"L-3"},"geometry":{"type":"LineString","coordinates":[[-63.44918,9.75565],[-63.46789,9.75563]]}},{"type":"Feature","id":"way/412463727","properties":{"highway":"primary","ref":"L-3"},"geometry":{"type":"LineString","coordinates":[[-63.46789,9.75554],[-63.44918,9.75565]]}},{"type":"Feature","id":"way/412463731","properties":{"name":"Carretera Regional Punta de Mata - Jusep\u00edn","highway":"primary","ref":"L-3;L-7"},"geometry":{"type":"LineString","coordinates":[[-63.47662,9.72889],[-63.47132,9.72781],[-63.46763,9.73002],[-63.46988,9.74515],[-63.46939,9.75408],[-63.46812,9.75551]]}},{"type":"Feature","id":"way/412465204","properties":{"name":"Avenida Alirio Ugarte Pelayo","highway":"trunk","ref":"T-10"},"geometry":{"type":"LineString","coordinates":[[-63.20541,9.79763],[-63.2012,9.78705],[-63.19498,9.77536]]}},{"type":"Feature","id":"way/412465205","properties":{"name":"Redoma de San Miguel","highway":"trunk","ref":"T-10;L-1;L-3"},"geometry":{"type":"LineString","coordinates":[[-63.211,9.81191],[-63.21105,9.81251],[-63.211,9.81191]]}},{"type":"Feature","id":"way/412465208","properties":{"name":"Carretera Nacional Cuman\u00e1 - Matur\u00edn","highway":"trunk","ref":"L-1;L-3"},"geometry":{"type":"LineString","coordinates":[[-63.21141,9.81231],[-63.21201,9.81182]]}},{"type":"Feature","id":"way/412465209","properties":{"name":"Carretera Nacional Matur\u00edn - Caripito","highway":"trunk","ref":"T-10"},"geometry":{"type":"LineString","coordinates":[[-63.21072,9.81221],[-63.21035,9.81282]]}},{"type":"Feature","id":"way/412465210","properties":{"highway":"trunk_link"},"geometry":{"type":"LineString","coordinates":[[-63.21454,9.81067],[-63.21491,9.81003]]}},{"type":"Feature","id":"way/412465211","properties":{"name":"Carretera Nacional Matur\u00edn - Caripito","highway":"trunk","ref":"T-10"},"geometry":{"type":"LineString","coordinates":[[-63.21035,9.81282],[-63.21105,9.81251]]}},{"type":"Feature","id":"way/412465212","properties":{"name":"Carretera Nacional Cuman\u00e1 - Matur\u00edn","highway":"trunk","ref":"L-1;L-3"},"geometry":{"type":"LineString","coordinates":[[-63.21201,9.81182],[-63.21131,9.81186]]}},{"type":"Feature","id":"way/412465213","properties":{"highway":"trunk_link"},"geometry":{"type":"LineString","coordinates":[[-63.21363,9.8108],[-63.21441,9.8107]]}},{"type":"Feature","id":"way/412466510","properties":{"name":"Carretera Nacional Matur\u00edn - Caripito","highway":"trunk","ref":"T-10"},"geometry":{"type":"LineString","coordinates":[[-63.21035,9.81282],[-63.16522,9.84026],[-63.16066,9.85055],[-63.16235,9.87692],[-63.158,9.88881],[-63.15012,9.90162],[-63.14969,9.90506],[-63.15235,9.91355],[-63.16637,9.93651],[-63.17186,9.94409],[-63.17697,9.94861],[-63.17806,9.9541],[-63.1762,9.96179]]}},{"type":"Feature","id":"way/412470626","properties":{"name":"Carretera Nacional Barcelona - Matur\u00edn","highway":"trunk","ref":"T-13"},"geometry":{"type":"LineString","coordinates":[[-63.63985,9.65993],[-63.63236,9.66115],[-63.59563,9.66094],[-63.59008,9.66227]]}},{"type":"Feature","id":"way/412470627","properties":{"name":"Carretera Nacional Barcelona - Matur\u00edn","highway":"trunk","ref":"T-13"},"geometry":{"type":"LineString","coordinates":[[-63.59008,9.66227],[-63.58573,9.66243]]}},{"type":"Feature","id":"way/412470628","properties":{"name":"Carretera Nacional Barcelona - Matur\u00edn","highway":"trunk","ref":"T-13"},"geometry":{"type":"LineString","coordinates":[[-63.64041,9.66],[-63.64066,9.66]]}},{"type":"Feature","id":"way/412470629","properties":{"name":"Carretera Nacional Barcelona - Matur\u00edn","highway":"trunk","ref":"T-13"},"geometry":{"type":"LineString","coordinates":[[-63.64071,9.65978],[-63.64046,9.65978]]}},{"type":"Feature","id":"way/412470630","properties":{"name":"Carretera Regional Punta de Mata - Santa B\u00e1rbara","highway":"primary","ref":"L-5"},"geometry":{"type":"LineString","coordinates":[[-63.64066,9.66],[-63.64071,9.65978]]}},{"type":"Feature","id":"way/412472566","properties":{"name":"Avenida Libertador","highway":"trunk","ref":"T-13"},"geometry":{"type":"LineString","coordinates":[[-63.2025,9.73896],[-63.19994,9.73666]]}},{"type":"Feature","id":"way/412472567","properties":{"name":"Avenida Orinoco","highway":"trunk_link"},"geometry":{"type":"LineString","coordinates":[[-63.20003,9.73667],[-63.19994,9.73666]]}},{"type":"Feature","id":"way/412472568","properties":{"highway":"trunk_link"},"geometry":{"type":"LineString","coordinates":[[-63.20222,9.73909],[-63.20218,9.73942]]}},{"type":"Feature","id":"way/412473421","properties":{"name":"Avenida Universidad","highway":"trunk_link"},"geometry":{"type":"LineString","coordinates":[[-63.18431,9.72963],[-63.18473,9.7293]]}},{"type":"Feature","id":"way/412473422","properties":{"highway":"trunk_link"},"geometry":{"type":"LineString","coordinates":[[-63.18544,9.72905],[-63.18484,9.72871]]}},{"type":"Feature","id":"way/412478713","properties":{"name":"Elevado del Bajo Guarapiche","highway":"tertiary"},"geometry":{"type":"LineString","coordinates":[[-63.18277,9.7532],[-63.18518,9.75702]]}},{"type":"Feature","id":"way/412478714","properties":{"name":"Elevado del Bajo Guarapiche","highway":"tertiary"},"geometry":{"type":"LineString","coordinates":[[-63.18524,9.75699],[-63.18284,9.75319]]}},{"type":"Feature","id":"way/412482580","properties":{"name":"Carretera Nacional V\u00eda al Sur","highway":"trunk","ref":"T-10"},"geometry":{"type":"LineString","coordinates":[[-62.75215,8.98615],[-62.75266,8.99223],[-62.74729,9.0318],[-62.73385,9.07597],[-62.73313,9.10038]]}},{"type":"Feature","id":"way/412482581","properties":{"name":"Cruce de El Rosario","highway":"trunk_link"},"geometry":{"type":"LineString","coordinates":[[-62.73308,9.10117],[-62.73296,9.1021]]}},{"type":"Feature","id":"way/412482582","properties":{"name":"Cruce de El Rosario","highway":"trunk_link"},"geometry":{"type":"LineString","coordinates":[[-62.7337,9.10278],[-62.73313,9.10038]]}},{"type":"Feature","id":"way/412482583","properties":{"name":"Cruce de Mata Negra","highway":"trunk_link"},"geometry":{"type":"LineString","coordinates":[[-62.75191,8.98444],[-62.75133,8.98562]]}},{"type":"Feature","id":"way/412482584","properties":{"name":"Cruce de Mata Negra","highway":"trunk_link"},"geometry":{"type":"LineString","coordinates":[[-62.75251,8.98498],[-62.75195,8.98477]]}},{"type":"Feature","id":"way/412496493","properties":{"name":"Avenida Principal de Los Barrancos","highway":"secondary","ref":"T-10"},"geometry":{"type":"LineString","coordinates":[[-62.67942,8.38912],[-62.68177,8.39255],[-62.68215,8.39495]]}},{"type":"Feature","id":"way/412496494","properties":{"name":"Avenida Principal de Los Barrancos","highway":"secondary","ref":"T-10"},"geometry":{"type":"LineString","coordinates":[[-62.68215,8.39495],[-62.68195,8.39269],[-62.67942,8.38912]]}},{"type":"Feature","id":"way/412496501","properties":{"name":"Distribuidor Los Pozos","highway":"trunk_link"},"geometry":{"type":"LineString","coordinates":[[-62.71039,8.46105],[-62.71057,8.46096]]}},{"type":"Feature","id":"way/412496502","properties":{"name":"Distribuidor Los Pozos","highway":"trunk_link"},"geometry":{"type":"LineString","coordinates":[[-62.71349,8.46054],[-62.715,8.45996],[-62.71503,8.46066],[-62.71363,8.46064]]}},{"type":"Feature","id":"way/412496503","properties":{"name":"Distribuidor Los Pozos","highway":"trunk"},"geometry":{"type":"LineString","coordinates":[[-62.71357,8.46069],[-62.71917,8.45908]]}},{"type":"Feature","id":"way/412496504","properties":{"name":"Distribuidor Los Pozos","highway":"trunk","ref":"T-10;L-12"},"geometry":{"type":"LineString","coordinates":[[-62.71349,8.46054],[-62.71249,8.46408]]}},{"type":"Feature","id":"way/412496505","properties":{"name":"Distribuidor Los Pozos","highway":"trunk"},"geometry":{"type":"LineString","coordinates":[[-62.71321,8.46054],[-62.71357,8.46069]]}},{"type":"Feature","id":"way/412496506","properties":{"name":"Distribuidor Los Pozos","highway":"trunk_link"},"geometry":{"type":"LineString","coordinates":[[-62.71549,8.45959],[-62.71145,8.46042]]}},{"type":"Feature","id":"way/412496509","properties":{"name":"Distribuidor Los Pozos","highway":"secondary","ref":"L-12"},"geometry":{"type":"LineString","coordinates":[[-62.71047,8.46067],[-62.71002,8.46137]]}},{"type":"Feature","id":"way/412496510","properties":{"name":"Distribuidor Los Pozos","highway":"trunk_link"},"geometry":{"type":"LineString","coordinates":[[-62.71047,8.46067],[-62.71054,8.46092]]}},{"type":"Feature","id":"way/412496511","properties":{"name":"Distribuidor Los Pozos","highway":"trunk_link"},"geometry":{"type":"LineString","coordinates":[[-62.7112,8.46146],[-62.71249,8.46408]]}},{"type":"Feature","id":"way/412496512","properties":{"name":"Distribuidor Los Pozos","highway":"trunk_link"},"geometry":{"type":"LineString","coordinates":[[-62.71325,8.46048],[-62.71145,8.46042]]}},{"type":"Feature","id":"way/412496514","properties":{"name":"Distribuidor Los Pozos","highway":"trunk_link"},"geometry":{"type":"LineString","coordinates":[[-62.71108,8.46058],[-62.71056,8.46045]]}},{"type":"Feature","id":"way/412496515","properties":{"name":"Distribuidor Los Pozos","highway":"trunk_link"},"geometry":{"type":"LineString","coordinates":[[-62.70986,8.46151],[-62.7112,8.46146]]}},{"type":"Feature","id":"way/412497664","properties":{"name":"Distribuidor Los Pozos","highway":"trunk_link"},"geometry":{"type":"LineString","coordinates":[[-62.71039,8.46105],[-62.71002,8.46137]]}},{"type":"Feature","id":"way/418108768","properties":{"name":"Redoma PDVSA","highway":"primary","ref":"L-5"},"geometry":{"type":"LineString","coordinates":[[-63.62129,9.69099],[-63.62129,9.69099]]}},{"type":"Feature","id":"way/418108769","properties":{"name":"Redoma La Guardia","highway":"primary","ref":"L-5;R-7"},"geometry":{"type":"LineString","coordinates":[[-63.61746,9.69002],[-63.61746,9.69002]]}},{"type":"Feature","id":"way/418108789","properties":{"name":"Calle San Mart\u00edn","highway":"tertiary","ref":"R-7"},"geometry":{"type":"LineString","coordinates":[[-63.6087,9.68971],[-63.6087,9.6898]]}},{"type":"Feature","id":"way/418108804","properties":{"highway":"tertiary","ref":"R-7"},"geometry":{"type":"LineString","coordinates":[[-63.59738,9.6773],[-63.6056,9.68989]]}},{"type":"Feature","id":"way/418108805","properties":{"name":"Avenida Bol\u00edvar","highway":"primary","ref":"L-5"},"geometry":{"type":"LineString","coordinates":[[-63.62122,9.69106],[-63.61773,9.69023]]}},{"type":"Feature","id":"way/425975768","properties":{"name":"Avenida Jos\u00e9 Tadeo Monagas","highway":"secondary","ref":"L-9"},"geometry":{"type":"LineString","coordinates":[[-63.16242,9.75167],[-63.15579,9.75283],[-63.14607,9.76188]]}},{"type":"Feature","id":"way/429493568","properties":{"highway":"tertiary"},"geometry":{"type":"LineString","coordinates":[[-63.5129,10.22444],[-63.51533,10.22297],[-63.51824,10.21787],[-63.52214,10.21689],[-63.52806,10.2134]]}},{"type":"Feature","id":"way/429493569","properties":{"highway":"tertiary"},"geometry":{"type":"LineString","coordinates":[[-63.5129,10.22444],[-63.51098,10.22413],[-63.50907,10.22585],[-63.51186,10.23232],[-63.50775,10.23592]]}},{"type":"Feature","id":"way/431522011","properties":{"name":"Avenida Principal de Viento Fresco","highway":"tertiary","ref":"R-6"},"geometry":{"type":"LineString","coordinates":[[-63.68175,9.77748],[-63.66438,9.76049]]}},{"type":"Feature","id":"way/431590935","properties":{"highway":"tertiary","ref":"R-6"},"geometry":{"type":"LineString","coordinates":[[-63.68175,9.77748],[-63.6835,9.77808]]}},{"type":"Feature","id":"way/432298903","properties":{"name":"V\u00eda a Caicarita","highway":"tertiary","ref":"R-7"},"geometry":{"type":"LineString","coordinates":[[-63.6617,9.75657],[-63.64463,9.74938],[-63.64285,9.7478]]}},{"type":"Feature","id":"way/437146176","properties":{"name":"Distribuidor Boquer\u00f3n","highway":"trunk_link"},"geometry":{"type":"LineString","coordinates":[[-63.19054,9.76876],[-63.19107,9.76891]]}},{"type":"Feature","id":"way/439567868","properties":{"highway":"tertiary","ref":"R-57"},"geometry":{"type":"LineString","coordinates":[[-63.16599,9.80838],[-63.1653,9.81729],[-63.16044,9.82134]]}},{"type":"Feature","id":"way/439567872","properties":{"highway":"tertiary","ref":"R-57"},"geometry":{"type":"LineString","coordinates":[[-63.16053,9.85141],[-63.15692,9.84213],[-63.15616,9.82622],[-63.15736,9.82378],[-63.16044,9.82134]]}},{"type":"Feature","id":"way/439940512","properties":{"highway":"tertiary","ref":"R-7"},"geometry":{"type":"LineString","coordinates":[[-63.60907,9.69611],[-63.60841,9.70099]]}},{"type":"Feature","id":"way/439958226","properties":{"highway":"trunk_link"},"geometry":{"type":"LineString","coordinates":[[-63.58822,9.66266],[-63.58824,9.66238]]}},{"type":"Feature","id":"way/439958227","properties":{"name":"Carretera Nacional Barcelona - Matur\u00edn","highway":"trunk","ref":"T-13"},"geometry":{"type":"LineString","coordinates":[[-63.58822,9.66266],[-63.59008,9.66227]]}},{"type":"Feature","id":"way/439958228","properties":{"highway":"tertiary","ref":"R-7"},"geometry":{"type":"LineString","coordinates":[[-63.58761,9.66265],[-63.59738,9.6773]]}},{"type":"Feature","id":"way/441361827","properties":{"name":"Avenida Bol\u00edvar","highway":"primary","ref":"L-5"},"geometry":{"type":"LineString","coordinates":[[-63.61768,9.69037],[-63.62121,9.69116]]}},{"type":"Feature","id":"way/441361829","properties":{"name":"Carretera Regional Caicara - Punta de Mata","highway":"primary","ref":"L-5"},"geometry":{"type":"LineString","coordinates":[[-63.61849,9.70585],[-63.66291,9.758],[-63.66597,9.76451],[-63.66449,9.77005],[-63.66103,9.77126],[-63.65683,9.77511],[-63.65488,9.77824],[-63.65276,9.77832],[-63.64882,9.78145],[-63.63795,9.78561],[-63.63312,9.79028],[-63.62965,9.79757],[-63.62346,9.80417]]}},{"type":"Feature","id":"way/441361831","properties":{"name":"Avenida Bol\u00edvar","highway":"tertiary","ref":"R-7"},"geometry":{"type":"LineString","coordinates":[[-63.61736,9.69008],[-63.6087,9.68971]]}},{"type":"Feature","id":"way/462566761","properties":{"highway":"secondary","ref":"R-3"},"geometry":{"type":"LineString","coordinates":[[-63.44094,10.21068],[-63.43999,10.21303]]}},{"type":"Feature","id":"way/474405889","properties":{"highway":"trunk_link","ref":"T-13"},"geometry":{"type":"LineString","coordinates":[[-63.16976,9.737],[-63.16959,9.73681]]}},{"type":"Feature","id":"way/474411394","properties":{"name":"Cruce del Indio","highway":"primary","ref":"L-11"},"geometry":{"type":"LineString","coordinates":[[-63.1762,9.96179],[-63.17647,9.96226]]}},{"type":"Feature","id":"way/474411619","properties":{"name":"Avenida Principal de Quiriquire","highway":"primary","ref":"L-11"},"geometry":{"type":"LineString","coordinates":[[-63.2161,9.97738],[-63.2176,9.97755],[-63.21859,9.98004]]}},{"type":"Feature","id":"way/474412005","properties":{"name":"Avenida Principal de Quiriquire","highway":"primary","ref":"L-11"},"geometry":{"type":"LineString","coordinates":[[-63.21859,9.98004],[-63.21761,9.97746],[-63.2161,9.97738]]}},{"type":"Feature","id":"way/474412894","properties":{"name":"Carretera Regional Aragua - Quiriquire","highway":"primary","ref":"L-11"},"geometry":{"type":"LineString","coordinates":[[-63.21859,9.98004],[-63.22076,9.97914],[-63.22197,9.9765],[-63.22539,9.9742],[-63.23128,9.97262],[-63.23368,9.97551],[-63.23456,9.97467],[-63.23467,9.97138],[-63.23674,9.97144],[-63.23787,9.9701],[-63.24588,9.96809],[-63.2553,9.96914],[-63.26089,9.97168],[-63.26802,9.97162],[-63.27346,9.96907],[-63.27457,9.9661],[-63.2741,9.96251],[-63.2765,9.96144],[-63.28694,9.96689],[-63.29107,9.97097],[-63.30911,9.97409],[-63.31564,9.98044],[-63.31998,9.97927],[-63.32748,9.98188],[-63.3308,9.9805],[-63.34256,9.98257],[-63.34778,9.98042],[-63.35266,9.9809],[-63.36056,9.97903],[-63.36266,9.97661],[-63.36905,9.97638],[-63.37121,9.97431],[-63.37116,9.97281],[-63.37379,9.97216],[-63.37299,9.97288],[-63.37388,9.97346],[-63.39452,9.9765],[-63.39783,9.97351],[-63.39111,9.95628],[-63.39069,9.94836],[-63.39307,9.94497],[-63.3974,9.94154],[-63.40266,9.93062],[-63.40871,9.92925],[-63.41131,9.92778],[-63.41235,9.9256],[-63.41448,9.925],[-63.41592,9.92027],[-63.4149,9.91674],[-63.41685,9.91626],[-63.42064,9.91114],[-63.42591,9.90915]]}},{"type":"Feature","id":"way/474718468","properties":{"name":"Avenida Jerusal\u00e9n","highway":"tertiary","ref":"R-13"},"geometry":{"type":"LineString","coordinates":[[-63.09412,10.08784],[-63.09388,10.08892]]}},{"type":"Feature","id":"way/479087757","properties":{"highway":"trunk_link","ref":"T-10;R-13"},"geometry":{"type":"LineString","coordinates":[[-63.09438,10.08882],[-63.09417,10.08876]]}},{"type":"Feature","id":"way/479087761","properties":{"name":"Avenida Jerusal\u00e9n","highway":"tertiary","ref":"R-13"},"geometry":{"type":"LineString","coordinates":[[-63.09422,10.11938],[-63.09522,10.11384],[-63.09143,10.10965]]}},{"type":"Feature","id":"way/479087762","properties":{"name":"Avenida Jerusal\u00e9n","highway":"tertiary","ref":"R-13"},"geometry":{"type":"LineString","coordinates":[[-63.09143,10.10965],[-63.09515,10.11388],[-63.09422,10.11938]]}},{"type":"Feature","id":"way/479087763","properties":{"highway":"tertiary","ref":"R-13"},"geometry":{"type":"LineString","coordinates":[[-63.09147,10.12285],[-63.08979,10.12516],[-63.09043,10.12826]]}},{"type":"Feature","id":"way/479087764","properties":{"name":"Avenida Jerusal\u00e9n","highway":"tertiary","ref":"R-13"},"geometry":{"type":"LineString","coordinates":[[-63.09147,10.12285],[-63.09422,10.11938]]}},{"type":"Feature","id":"way/479087766","properties":{"highway":"tertiary","ref":"R-13"},"geometry":{"type":"LineString","coordinates":[[-63.09043,10.12826],[-63.09167,10.12765],[-63.09147,10.12285]]}},{"type":"Feature","id":"way/479091456","properties":{"name":"V\u00eda a Quiriquire","highway":"primary","ref":"L-11"},"geometry":{"type":"LineString","coordinates":[[-63.17647,9.96226],[-63.18199,9.9632],[-63.18564,9.96247],[-63.18823,9.96331],[-63.19112,9.96179],[-63.19281,9.96196],[-63.19824,9.97078],[-63.20198,9.97475],[-63.20689,9.97691],[-63.2161,9.97738]]}},{"type":"Feature","id":"way/479091463","properties":{"name":"Cruce del Indio","highway":"primary","ref":"L-11"},"geometry":{"type":"LineString","coordinates":[[-63.17559,9.96216],[-63.17647,9.96226]]}},{"type":"Feature","id":"way/479375555","properties":{"name":"Carretera Principal de Caripe","highway":"secondary","ref":"R-4"},"geometry":{"type":"LineString","coordinates":[[-63.55125,10.15077],[-63.54767,10.14859],[-63.54456,10.14811],[-63.5358,10.15176],[-63.53312,10.15179],[-63.52807,10.15559],[-63.52314,10.16315],[-63.5129,10.16873],[-63.50327,10.17229]]}},{"type":"Feature","id":"way/479375556","properties":{"name":"Carretera de El Gu\u00e1charo","highway":"primary","ref":"L-2"},"geometry":{"type":"LineString","coordinates":[[-63.55146,10.15174],[-63.55296,10.15327],[-63.55386,10.15813],[-63.55612,10.16129],[-63.55624,10.16427],[-63.55396,10.17089],[-63.55456,10.17168],[-63.55386,10.17349],[-63.55519,10.17297],[-63.54543,10.1799],[-63.54653,10.18031],[-63.54325,10.18254],[-63.54236,10.18607],[-63.53969,10.18623],[-63.53997,10.19001],[-63.54254,10.19585],[-63.53859,10.19824],[-63.538,10.20056]]}},{"type":"Feature","id":"way/479728962","properties":{"name":"Avenida Libertador","highway":"trunk_link","ref":"T-13"},"geometry":{"type":"LineString","coordinates":[[-63.16025,9.73957],[-63.16024,9.73983]]}},{"type":"Feature","id":"way/479728964","properties":{"name":"Avenida Libertador","highway":"trunk","ref":"T-13"},"geometry":{"type":"LineString","coordinates":[[-63.17589,9.73221],[-63.1761,9.73215]]}},{"type":"Feature","id":"way/508994165","properties":{"name":"Plaza Al\u00ed Primera","highway":"secondary"},"geometry":{"type":"LineString","coordinates":[[-63.20999,9.72736],[-63.21048,9.72719]]}},{"type":"Feature","id":"way/524652976","properties":{"name":"Distribuidor Pueblo Libre","highway":"trunk_link"},"geometry":{"type":"LineString","coordinates":[[-63.32904,9.69852],[-63.32572,9.69848]]}},{"type":"Feature","id":"way/524652979","properties":{"name":"Avenida Bella Vista","highway":"trunk","ref":"T-13"},"geometry":{"type":"LineString","coordinates":[[-63.24077,9.72953],[-63.2362,9.73325],[-63.21677,9.73617],[-63.20739,9.73917]]}},{"type":"Feature","id":"way/533592635","properties":{"name":"V\u00eda a Las Alhuacas","highway":"secondary","ref":"R-11"},"geometry":{"type":"LineString","coordinates":[[-62.53104,9.01304],[-62.52812,9.01625],[-62.52182,9.02919],[-62.52682,9.07002],[-62.50796,9.0879],[-62.48827,9.10167]]}},{"type":"Feature","id":"way/533594347","properties":{"name":"V\u00eda a San Jos\u00e9 de Buja","highway":"secondary","ref":"L-4"},"geometry":{"type":"LineString","coordinates":[[-63.02202,9.44494],[-62.99547,9.46368],[-62.97856,9.47375],[-62.8506,9.50851]]}},{"type":"Feature","id":"way/533594348","properties":{"name":"V\u00eda a San Jos\u00e9 de Buja","highway":"secondary","ref":"L-4"},"geometry":{"type":"LineString","coordinates":[[-63.02202,9.44494],[-63.02348,9.44334]]}},{"type":"Feature","id":"way/533594349","properties":{"name":"V\u00eda a San Jos\u00e9 de Buja","highway":"secondary","ref":"L-4"},"geometry":{"type":"LineString","coordinates":[[-63.02202,9.44494],[-63.024,9.44548]]}},{"type":"Feature","id":"way/533596813","properties":{"name":"Avenida Jos\u00e9 Tadeo Monagas","highway":"secondary","ref":"L-9"},"geometry":{"type":"LineString","coordinates":[[-63.16302,9.75221],[-63.16424,9.75184]]}},{"type":"Feature","id":"way/533598164","properties":{"name":"Carretera Nacional Cuman\u00e1 - Matur\u00edn","highway":"trunk","ref":"L-1;L-3"},"geometry":{"type":"LineString","coordinates":[[-63.33442,9.8036],[-63.3282,9.8029],[-63.3128,9.80483],[-63.28682,9.79654],[-63.23035,9.80083],[-63.21201,9.81182]]}},{"type":"Feature","id":"way/533599959","properties":{"name":"Carretera Regional Caicara - San Antonio","highway":"primary","ref":"L-7"},"geometry":{"type":"LineString","coordinates":[[-63.61852,9.82552],[-63.61932,9.83307],[-63.62063,9.8354],[-63.63256,9.83967]]}},{"type":"Feature","id":"way/537439079","properties":{"name":"Carretera Regional Aguasay - San Tom\u00e9","highway":"primary","ref":"L-5"},"geometry":{"type":"LineString","coordinates":[[-63.91637,9.18846],[-63.9164,9.19493],[-63.90893,9.2051],[-63.88773,9.22603],[-63.88739,9.23723],[-63.87981,9.24551],[-63.87187,9.25832],[-63.86112,9.25995],[-63.85885,9.26484],[-63.85829,9.26935],[-63.85376,9.27272],[-63.8472,9.27317],[-63.83589,9.27757],[-63.82787,9.27904],[-63.80125,9.30441],[-63.79389,9.31574],[-63.79113,9.33143],[-63.78407,9.33928],[-63.78452,9.34119],[-63.78845,9.34338],[-63.78905,9.34563],[-63.78656,9.35542],[-63.78051,9.36591],[-63.78009,9.37136]]}},{"type":"Feature","id":"way/537759812","properties":{"name":"Avenida Orinoco","highway":"tertiary"},"geometry":{"type":"LineString","coordinates":[[-63.19931,9.73693],[-63.19447,9.73881]]}},{"type":"Feature","id":"way/539066019","properties":{"name":"V\u00eda a Tarragona","highway":"tertiary","ref":"R-36"},"geometry":{"type":"LineString","coordinates":[[-63.89609,9.67695],[-63.90565,9.64574]]}},{"type":"Feature","id":"way/542460518","properties":{"name":"Carretera Areo - Viento Fresco","highway":"tertiary","ref":"R-5"},"geometry":{"type":"LineString","coordinates":[[-63.79498,9.75233],[-63.79067,9.7608],[-63.78822,9.77233],[-63.78958,9.78734],[-63.79445,9.80398],[-63.79269,9.80627],[-63.78959,9.80664]]}},{"type":"Feature","id":"way/542460521","properties":{"name":"Carretera Areo - Viento Fresco","highway":"tertiary","ref":"R-6"},"geometry":{"type":"LineString","coordinates":[[-63.78959,9.80664],[-63.74359,9.79899],[-63.73593,9.79278],[-63.7254,9.78884],[-63.70596,9.7862],[-63.69632,9.78398],[-63.69255,9.78275],[-63.6878,9.77918],[-63.6835,9.77808]]}},{"type":"Feature","id":"way/542460524","properties":{"name":"Carretera de La Sierra","highway":"tertiary","ref":"R-6"},"geometry":{"type":"LineString","coordinates":[[-63.78959,9.80664],[-63.79723,9.80827],[-63.80944,9.82347],[-63.81429,9.84332],[-63.82385,9.8448],[-63.83141,9.84434],[-63.83712,9.84258],[-63.8442,9.84597],[-63.8504,9.85563],[-63.85242,9.86575],[-63.85132,9.87489],[-63.85618,9.88802],[-63.86563,9.89968],[-63.87025,9.90262],[-63.88396,9.90583],[-63.9007,9.91282],[-63.9017,9.91239],[-63.90205,9.90962],[-63.90592,9.91338],[-63.90821,9.91306],[-63.91631,9.91511],[-63.92302,9.92038],[-63.93251,9.92329],[-63.93576,9.92562],[-63.94201,9.92531],[-63.94518,9.92791],[-63.95247,9.9304],[-63.95369,9.93233],[-63.95428,9.93785],[-63.95805,9.93954],[-63.96095,9.9444],[-63.96351,9.94419],[-63.96943,9.94767],[-63.97448,9.9484],[-63.97669,9.95081],[-63.98235,9.95293]]}},{"type":"Feature","id":"way/542460534","properties":{"name":"Carretera de La Sierra","highway":"tertiary","ref":"R-5"},"geometry":{"type":"LineString","coordinates":[[-63.79276,9.80721],[-63.79269,9.80627]]}},{"type":"Feature","id":"way/542460536","properties":{"name":"Carretera de La Sierra","highway":"tertiary","ref":"R-6"},"geometry":{"type":"LineString","coordinates":[[-63.98235,9.95293],[-63.98531,9.95318],[-63.98736,9.94971],[-63.99253,9.95081],[-63.99543,9.94759],[-63.99928,9.94553],[-64.00093,9.94613],[-64.00288,9.94875],[-64.00768,9.94906],[-64.0127,9.94723],[-64.02199,9.94974],[-64.02465,9.94765],[-64.02655,9.94737],[-64.02934,9.94777],[-64.03128,9.94953],[-64.03482,9.94908],[-64.03752,9.95055],[-64.03965,9.95003],[-64.04871,9.95106],[-64.05134,9.95032],[-64.05205,9.94706],[-64.05807,9.94656]]}},{"type":"Feature","id":"way/542464164","properties":{"name":"V\u00eda Principal de Aparicio","highway":"tertiary","ref":"R-9"},"geometry":{"type":"LineString","coordinates":[[-63.56935,10.01191],[-63.56837,10.00959],[-63.56628,10.00986],[-63.56444,10.0053],[-63.55683,10.00946],[-63.54379,10.00993]]}},{"type":"Feature","id":"way/542464371","properties":{"name":"V\u00eda a Caicarita","highway":"tertiary","ref":"R-7"},"geometry":{"type":"LineString","coordinates":[[-63.59242,9.73678],[-63.61316,9.73982],[-63.62082,9.73692],[-63.62694,9.73623],[-63.64285,9.7478]]}},{"type":"Feature","id":"way/542466684","properties":{"name":"Carretera Musip\u00e1n - Mor\u00f3n","highway":"tertiary","ref":"R-43"},"geometry":{"type":"LineString","coordinates":[[-63.52892,9.61571],[-63.52893,9.61847],[-63.53148,9.62161],[-63.53187,9.62414],[-63.53492,9.6292],[-63.53106,9.63358],[-63.53652,9.63778],[-63.53772,9.64024],[-63.53783,9.64403]]}},{"type":"Feature","id":"way/542471167","properties":{"name":"V\u00eda Oritupano","highway":"tertiary","ref":"R-13"},"geometry":{"type":"LineString","coordinates":[[-63.45274,9.04983],[-63.45041,9.06125],[-63.41936,9.06489],[-63.40795,9.06463],[-63.40328,9.06698],[-63.39803,9.0755],[-63.38756,9.08423],[-63.38271,9.10331],[-63.37664,9.109],[-63.37079,9.11219],[-63.36265,9.12124],[-63.36405,9.12742],[-63.36267,9.13542],[-63.36085,9.13928],[-63.3634,9.1439],[-63.36357,9.14617],[-63.36165,9.14937],[-63.35745,9.15095],[-63.35114,9.16576],[-63.35435,9.17679],[-63.36041,9.1844],[-63.36609,9.19358],[-63.36881,9.20037]]}},{"type":"Feature","id":"way/542471170","properties":{"name":"V\u00eda a Oritupano","highway":"tertiary","ref":"R-13"},"geometry":{"type":"LineString","coordinates":[[-63.45274,9.04983],[-63.47155,9.03758],[-63.49151,9.02766],[-63.50717,9.02811]]}},{"type":"Feature","id":"way/542488541","properties":{"name":"Avenida Jos\u00e9 Tadeo Monagas","highway":"secondary","ref":"L-9"},"geometry":{"type":"LineString","coordinates":[[-63.16605,9.75133],[-63.16745,9.75079]]}},{"type":"Feature","id":"way/542496505","properties":{"highway":"trunk_link"},"geometry":{"type":"LineString","coordinates":[[-63.20161,9.7387],[-63.20165,9.73881]]}},{"type":"Feature","id":"way/542496508","properties":{"name":"Avenida Libertador","highway":"trunk","ref":"T-13"},"geometry":{"type":"LineString","coordinates":[[-63.20017,9.73733],[-63.20161,9.7387]]}},{"type":"Feature","id":"way/542496509","properties":{"name":"Avenida Orinoco","highway":"tertiary","ref":"T-13"},"geometry":{"type":"LineString","coordinates":[[-63.20017,9.73733],[-63.20024,9.73703]]}},{"type":"Feature","id":"way/542496510","properties":{"name":"Avenida Bella Vista","highway":"trunk","ref":"T-13"},"geometry":{"type":"LineString","coordinates":[[-63.2026,9.7393],[-63.20267,9.73933]]}},{"type":"Feature","id":"way/542496513","properties":{"name":"Avenida Bicentenario","highway":"tertiary"},"geometry":{"type":"LineString","coordinates":[[-63.20249,9.73925],[-63.20218,9.73942]]}},{"type":"Feature","id":"way/542496514","properties":{"name":"Avenida Libertador","highway":"trunk","ref":"T-13"},"geometry":{"type":"LineString","coordinates":[[-63.20249,9.73925],[-63.2026,9.7393]]}},{"type":"Feature","id":"way/542505852","properties":{"name":"Avenida Bicentenario","highway":"tertiary"},"geometry":{"type":"LineString","coordinates":[[-63.19044,9.74462],[-63.18954,9.74507]]}},{"type":"Feature","id":"way/542505860","properties":{"name":"Avenida Bicentenario","highway":"tertiary"},"geometry":{"type":"LineString","coordinates":[[-63.18954,9.74507],[-63.1887,9.74543]]}},{"type":"Feature","id":"way/542868150","properties":{"name":"Avenida Bella Vista","highway":"trunk","ref":"T-13"},"geometry":{"type":"LineString","coordinates":[[-63.20739,9.73917],[-63.20484,9.73986],[-63.20277,9.73912]]}},{"type":"Feature","id":"way/543113994","properties":{"name":"V\u00eda a Las Piedritas","highway":"tertiary"},"geometry":{"type":"LineString","coordinates":[[-63.41249,8.94837],[-63.41312,8.95603],[-63.40185,8.97231],[-63.40174,8.97727],[-63.39958,8.9821],[-63.3996,8.98467],[-63.39679,8.9862],[-63.39114,8.98463],[-63.38282,8.99077],[-63.38196,8.99609],[-63.37938,8.99889],[-63.37484,8.99889]]}},{"type":"Feature","id":"way/543120947","properties":{"name":"V\u00eda a Tonoro","highway":"tertiary"},"geometry":{"type":"LineString","coordinates":[[-63.83479,9.51892],[-63.83294,9.51909],[-63.82807,9.51694],[-63.7878,9.5144],[-63.77488,9.51186],[-63.75316,9.51052],[-63.74376,9.50756],[-63.73763,9.50815],[-63.72353,9.5065],[-63.71454,9.50699],[-63.70844,9.50563],[-63.69529,9.49882],[-63.66258,9.49253]]}},{"type":"Feature","id":"way/543798808","properties":{"name":"V\u00eda a San Francisco","highway":"tertiary","ref":"R-37"},"geometry":{"type":"LineString","coordinates":[[-62.35172,8.9909],[-62.33021,8.98942],[-62.31496,8.98367],[-62.2821,8.97846],[-62.25206,8.96601],[-62.2473,8.968],[-62.23685,8.97029],[-62.21922,8.96673],[-62.2145,8.97559]]}},{"type":"Feature","id":"way/543800712","properties":{"highway":"tertiary","ref":"R-37"},"geometry":{"type":"LineString","coordinates":[[-62.2145,8.97559],[-62.21022,8.98222],[-62.20273,8.97466],[-62.18833,8.96806],[-62.17486,8.9568]]}},{"type":"Feature","id":"way/543800720","properties":{"highway":"tertiary","ref":"R-37"},"geometry":{"type":"LineString","coordinates":[[-62.17486,8.9568],[-62.16507,8.94464],[-62.16339,8.94412],[-62.16133,8.94488],[-62.14896,8.95552],[-62.14756,8.95504],[-62.13992,8.94608],[-62.09377,8.94867]]}},{"type":"Feature","id":"way/543800729","properties":{"highway":"tertiary","ref":"R-37"},"geometry":{"type":"LineString","coordinates":[[-62.09377,8.94867],[-62.09254,8.94839]]}},{"type":"Feature","id":"way/543800737","properties":{"highway":"tertiary","ref":"R-37"},"geometry":{"type":"LineString","coordinates":[[-62.05886,8.87992],[-62.05859,8.88047]]}},{"type":"Feature","id":"way/543800738","properties":{"name":"Paralela a Guara","highway":"tertiary","ref":"R-37"},"geometry":{"type":"LineString","coordinates":[[-62.05859,8.88047],[-62.05815,8.88466],[-62.06197,8.89176],[-62.06903,8.89994],[-62.09254,8.94839]]}},{"type":"Feature","id":"way/543800739","properties":{"name":"Paralela a Guara","highway":"tertiary","ref":"R-37"},"geometry":{"type":"LineString","coordinates":[[-62.06199,8.87257],[-62.06167,8.87166]]}},{"type":"Feature","id":"way/543800740","properties":{"highway":"tertiary","ref":"R-37"},"geometry":{"type":"LineString","coordinates":[[-62.06199,8.87257],[-62.06282,8.87209]]}},{"type":"Feature","id":"way/557438098","properties":{"name":"Carretera Nacional V\u00eda a Sotillo","highway":"trunk","ref":"L-12"},"geometry":{"type":"LineString","coordinates":[[-62.34,8.77453],[-62.33743,8.77584]]}},{"type":"Feature","id":"way/557438100","properties":{"name":"Carretera Nacional V\u00eda a Sotillo","highway":"trunk","ref":"L-12"},"geometry":{"type":"LineString","coordinates":[[-62.3412,8.77725],[-62.34,8.77453]]}},{"type":"Feature","id":"way/557476951","properties":{"highway":"primary","ref":"R-18"},"geometry":{"type":"LineString","coordinates":[[-62.19488,8.69771],[-62.19488,8.69771]]}},{"type":"Feature","id":"way/557476953","properties":{"name":"Retorno","highway":"primary_link"},"geometry":{"type":"LineString","coordinates":[[-62.19967,8.70259],[-62.19993,8.70244]]}},{"type":"Feature","id":"way/557476954","properties":{"name":"Retorno","highway":"primary_link"},"geometry":{"type":"LineString","coordinates":[[-62.19947,8.70189],[-62.19925,8.70209]]}},{"type":"Feature","id":"way/557476955","properties":{"name":"Carretera Nacional Temblador - Barrancas","highway":"primary","ref":"R-18"},"geometry":{"type":"LineString","coordinates":[[-62.20314,8.70657],[-62.22367,8.7328],[-62.25573,8.74513]]}},{"type":"Feature","id":"way/557476956","properties":{"name":"Avenida R\u00f3mulo Betancourt","highway":"primary","ref":"R-18"},"geometry":{"type":"LineString","coordinates":[[-62.19488,8.69771],[-62.20314,8.70657]]}},{"type":"Feature","id":"way/557478087","properties":{"name":"V\u00eda a Uracoa","highway":"trunk_link","ref":"L-13"},"geometry":{"type":"LineString","coordinates":[[-62.38463,8.79447],[-62.38589,8.7936]]}},{"type":"Feature","id":"way/557508804","properties":{"name":"Cruce de Mata Negra","highway":"trunk_link"},"geometry":{"type":"LineString","coordinates":[[-62.75215,8.98615],[-62.75271,8.98487]]}},{"type":"Feature","id":"way/557509320","properties":{"name":"Carretera Regional Aragua - Quiriquire","highway":"primary","ref":"L-11"},"geometry":{"type":"LineString","coordinates":[[-63.42635,9.90907],[-63.43249,9.90794]]}},{"type":"Feature","id":"way/557509321","properties":{"name":"Carretera Regional Aragua - Quiriquire","highway":"primary","ref":"L-11"},"geometry":{"type":"LineString","coordinates":[[-63.42591,9.90915],[-63.42635,9.90907]]}},{"type":"Feature","id":"way/557510151","properties":{"name":"Distribuidor La Cruz","highway":"trunk_link"},"geometry":{"type":"LineString","coordinates":[[-63.26276,9.71271],[-63.26303,9.7126]]}},{"type":"Feature","id":"way/557514892","properties":{"highway":"primary_link","ref":"R-10"},"geometry":{"type":"LineString","coordinates":[[-63.2409,9.66783],[-63.24033,9.66769]]}},{"type":"Feature","id":"way/557514893","properties":{"highway":"primary_link","ref":"R-10"},"geometry":{"type":"LineString","coordinates":[[-63.24044,9.66551],[-63.23919,9.66485]]}},{"type":"Feature","id":"way/557514894","properties":{"highway":"primary_link"},"geometry":{"type":"LineString","coordinates":[[-63.24009,9.66591],[-63.24044,9.66551]]}},{"type":"Feature","id":"way/557514895","properties":{"highway":"primary_link"},"geometry":{"type":"LineString","coordinates":[[-63.2391,9.66958],[-63.2409,9.66783]]}},{"type":"Feature","id":"way/557514896","properties":{"highway":"primary_link"},"geometry":{"type":"LineString","coordinates":[[-63.24995,9.69061],[-63.24977,9.6908]]}},{"type":"Feature","id":"way/557514897","properties":{"name":"Retorno","highway":"primary_link"},"geometry":{"type":"LineString","coordinates":[[-63.2516,9.69293],[-63.25193,9.6927]]}},{"type":"Feature","id":"way/557514899","properties":{"name":"Retorno","highway":"primary_link"},"geometry":{"type":"LineString","coordinates":[[-63.25568,9.69861],[-63.25591,9.69846]]}},{"type":"Feature","id":"way/557514900","properties":{"name":"Retorno","highway":"primary_link"},"geometry":{"type":"LineString","coordinates":[[-63.25605,9.69866],[-63.25581,9.69881]]}},{"type":"Feature","id":"way/557514904","properties":{"name":"Retorno","highway":"primary_link","ref":"R-10"},"geometry":{"type":"LineString","coordinates":[[-63.26008,9.70509],[-63.26035,9.70491]]}},{"type":"Feature","id":"way/558052157","properties":{"name":"Avenida Libertador","highway":"trunk","ref":"T-13"},"geometry":{"type":"LineString","coordinates":[[-63.1624,9.73943],[-63.16025,9.73957]]}},{"type":"Feature","id":"way/558053777","properties":{"name":"Avenida Libertador","highway":"trunk","ref":"T-13"},"geometry":{"type":"LineString","coordinates":[[-63.16024,9.73983],[-63.16236,9.73958]]}},{"type":"Feature","id":"way/558079306","properties":{"name":"Avenida Libertador","highway":"trunk","ref":"T-13"},"geometry":{"type":"LineString","coordinates":[[-63.16236,9.73958],[-63.16611,9.73832]]}},{"type":"Feature","id":"way/558079309","properties":{"name":"Avenida Libertador","highway":"trunk","ref":"T-13"},"geometry":{"type":"LineString","coordinates":[[-63.16707,9.73794],[-63.1624,9.73943]]}},{"type":"Feature","id":"way/558119047","properties":{"name":"Distribuidor El Corozo","highway":"trunk_link"},"geometry":{"type":"LineString","coordinates":[[-63.36172,9.66207],[-63.3664,9.66164]]}},{"type":"Feature","id":"way/558119048","properties":{"name":"Distribuidor El Corozo","highway":"trunk_link"},"geometry":{"type":"LineString","coordinates":[[-63.36068,9.65984],[-63.35585,9.6626]]}},{"type":"Feature","id":"way/558119049","properties":{"name":"Distribuidor El Corozo","highway":"trunk_link"},"geometry":{"type":"LineString","coordinates":[[-63.36513,9.66129],[-63.36109,9.66076]]}},{"type":"Feature","id":"way/558119050","properties":{"name":"Autopista La Vinotinto","highway":"trunk","ref":"T-13"},"geometry":{"type":"LineString","coordinates":[[-63.36135,9.6611],[-63.3611,9.66112]]}},{"type":"Feature","id":"way/558119051","properties":{"name":"Autopista La Vinotinto","highway":"trunk","ref":"T-13"},"geometry":{"type":"LineString","coordinates":[[-63.42172,9.68289],[-63.42081,9.67211],[-63.41717,9.66827],[-63.40324,9.66739],[-63.39203,9.6634],[-63.36135,9.6611]]}},{"type":"Feature","id":"way/558119052","properties":{"name":"Autopista La Vinotinto","highway":"trunk","ref":"T-13"},"geometry":{"type":"LineString","coordinates":[[-63.36144,9.66129],[-63.39248,9.66365],[-63.40293,9.66752],[-63.41691,9.66833],[-63.4194,9.67011],[-63.42096,9.67297],[-63.42162,9.68288]]}},{"type":"Feature","id":"way/558119053","properties":{"name":"Autopista La Vinotinto","highway":"trunk","ref":"T-13"},"geometry":{"type":"LineString","coordinates":[[-63.3612,9.66131],[-63.36144,9.66129]]}},{"type":"Feature","id":"way/558119825","properties":{"highway":"trunk_link"},"geometry":{"type":"LineString","coordinates":[[-63.31795,9.7015],[-63.32031,9.70103]]}},{"type":"Feature","id":"way/558153593","properties":{"name":"Carretera El Corozo - Amarilis","highway":"tertiary"},"geometry":{"type":"LineString","coordinates":[[-63.37321,9.69261],[-63.3704,9.68315]]}},{"type":"Feature","id":"way/558777321","properties":{"name":"Avenida Principal de La Cruz","highway":"tertiary","ref":"R-10"},"geometry":{"type":"LineString","coordinates":[[-63.26451,9.71202],[-63.26363,9.71485]]}},{"type":"Feature","id":"way/558777323","properties":{"name":"Avenida Zona Industrial","highway":"primary","ref":"R-10"},"geometry":{"type":"LineString","coordinates":[[-63.26314,9.70893],[-63.25058,9.69115],[-63.23348,9.67991],[-63.23331,9.67584],[-63.2391,9.66958]]}},{"type":"Feature","id":"way/558864842","properties":{"highway":"trunk_link"},"geometry":{"type":"LineString","coordinates":[[-63.48121,9.97074],[-63.48117,9.97042]]}},{"type":"Feature","id":"way/558867981","properties":{"highway":"trunk_link"},"geometry":{"type":"LineString","coordinates":[[-63.48151,9.97104],[-63.48157,9.97082]]}},{"type":"Feature","id":"way/558867982","properties":{"highway":"trunk_link","ref":"L-1"},"geometry":{"type":"LineString","coordinates":[[-63.48565,9.97186],[-63.48567,9.97163]]}},{"type":"Feature","id":"way/558867983","properties":{"highway":"trunk_link","ref":"L-1"},"geometry":{"type":"LineString","coordinates":[[-63.48558,9.97161],[-63.48554,9.97185]]}},{"type":"Feature","id":"way/559571729","properties":{"highway":"primary_link"},"geometry":{"type":"LineString","coordinates":[[-63.46288,9.75568],[-63.46287,9.75545]]}},{"type":"Feature","id":"way/559571730","properties":{"highway":"primary_link"},"geometry":{"type":"LineString","coordinates":[[-63.46274,9.75545],[-63.46275,9.75568]]}},{"type":"Feature","id":"way/559571906","properties":{"highway":"primary_link","ref":"L-3"},"geometry":{"type":"LineString","coordinates":[[-63.45028,9.75579],[-63.45031,9.75553]]}},{"type":"Feature","id":"way/559571907","properties":{"highway":"primary_link","ref":"L-3"},"geometry":{"type":"LineString","coordinates":[[-63.45016,9.75552],[-63.45017,9.7558]]}},{"type":"Feature","id":"way/559572084","properties":{"name":"Carretera Regional Punta de Mata - Jusep\u00edn","highway":"primary","ref":"L-3;L-7"},"geometry":{"type":"LineString","coordinates":[[-63.46789,9.75563],[-63.46812,9.75551]]}},{"type":"Feature","id":"way/559839352","properties":{"highway":"trunk_link","ref":"T-13"},"geometry":{"type":"LineString","coordinates":[[-63.19562,9.73241],[-63.1958,9.73242]]}},{"type":"Feature","id":"way/559861602","properties":{"name":"Avenida Jos\u00e9 Tadeo Monagas","highway":"secondary","ref":"L-9"},"geometry":{"type":"LineString","coordinates":[[-63.16234,9.75201],[-63.16279,9.75219]]}},{"type":"Feature","id":"way/559861604","properties":{"name":"Avenida Jos\u00e9 Tadeo Monagas","highway":"secondary","ref":"L-9"},"geometry":{"type":"LineString","coordinates":[[-63.1629,9.75168],[-63.16242,9.75167]]}},{"type":"Feature","id":"way/559871761","properties":{"name":"Distribuidor Boquer\u00f3n","highway":"trunk_link"},"geometry":{"type":"LineString","coordinates":[[-63.19212,9.77004],[-63.19174,9.76883]]}},{"type":"Feature","id":"way/559871766","properties":{"name":"Distribuidor Boquer\u00f3n","highway":"trunk_link"},"geometry":{"type":"LineString","coordinates":[[-63.19099,9.76876],[-63.19214,9.7703]]}},{"type":"Feature","id":"way/559892159","properties":{"name":"Avenida Libertador","highway":"trunk","ref":"T-13"},"geometry":{"type":"LineString","coordinates":[[-63.17553,9.73209],[-63.17302,9.73319],[-63.1703,9.73621]]}},{"type":"Feature","id":"way/559892160","properties":{"name":"Avenida Libertador","highway":"trunk","ref":"T-13"},"geometry":{"type":"LineString","coordinates":[[-63.1758,9.73201],[-63.17558,9.73207]]}},{"type":"Feature","id":"way/559892161","properties":{"name":"Avenida Libertador","highway":"trunk","ref":"T-13"},"geometry":{"type":"LineString","coordinates":[[-63.17563,9.73228],[-63.17589,9.73221]]}},{"type":"Feature","id":"way/559892162","properties":{"name":"Avenida Libertador","highway":"trunk","ref":"T-13"},"geometry":{"type":"LineString","coordinates":[[-63.17029,9.73641],[-63.17323,9.73318],[-63.17543,9.73234]]}},{"type":"Feature","id":"way/559892163","properties":{"name":"Avenida Libertador","highway":"trunk","ref":"T-13"},"geometry":{"type":"LineString","coordinates":[[-63.1701,9.73656],[-63.17029,9.73641]]}},{"type":"Feature","id":"way/559892164","properties":{"name":"Avenida Libertador","highway":"trunk","ref":"T-13"},"geometry":{"type":"LineString","coordinates":[[-63.16611,9.73832],[-63.1701,9.73656]]}},{"type":"Feature","id":"way/559892165","properties":{"name":"Avenida Libertador","highway":"trunk","ref":"T-13"},"geometry":{"type":"LineString","coordinates":[[-63.1701,9.73636],[-63.16707,9.73794]]}},{"type":"Feature","id":"way/559892166","properties":{"name":"Avenida Libertador","highway":"trunk","ref":"T-13"},"geometry":{"type":"LineString","coordinates":[[-63.1703,9.73621],[-63.17011,9.73635]]}},{"type":"Feature","id":"way/560123819","properties":{"highway":"trunk_link"},"geometry":{"type":"LineString","coordinates":[[-63.19283,9.73076],[-63.19274,9.73031]]}},{"type":"Feature","id":"way/562007858","properties":{"name":"V\u00eda a Agua Clara","highway":"tertiary"},"geometry":{"type":"LineString","coordinates":[[-63.18892,9.82583],[-63.1898,9.83048],[-63.19145,9.83319],[-63.19117,9.83535],[-63.19372,9.84017],[-63.19354,9.84262],[-63.19637,9.85005]]}},{"type":"Feature","id":"way/563957152","properties":{"name":"V\u00eda a Uverito","highway":"tertiary","ref":"R-17"},"geometry":{"type":"LineString","coordinates":[[-62.76957,8.65918],[-62.70032,8.65957],[-62.69659,8.65882],[-62.69032,8.65964]]}},{"type":"Feature","id":"way/563957153","properties":{"name":"V\u00eda a Uverito","highway":"tertiary","ref":"R-17"},"geometry":{"type":"LineString","coordinates":[[-62.76957,8.65918],[-62.77018,8.65946]]}},{"type":"Feature","id":"way/563957154","properties":{"name":"V\u00eda a Uverito","highway":"tertiary","ref":"R-17"},"geometry":{"type":"LineString","coordinates":[[-62.76957,8.65918],[-62.77004,8.65874]]}},{"type":"Feature","id":"way/563957156","properties":{"name":"V\u00eda a Uverito","highway":"tertiary","ref":"R-17"},"geometry":{"type":"LineString","coordinates":[[-62.64463,8.5826],[-62.64558,8.65985]]}},{"type":"Feature","id":"way/563957158","properties":{"name":"V\u00eda a Uverito","highway":"tertiary","ref":"R-17"},"geometry":{"type":"LineString","coordinates":[[-62.64558,8.65985],[-62.69032,8.65964]]}},{"type":"Feature","id":"way/563957170","properties":{"name":"V\u00eda a Corozito","highway":"tertiary"},"geometry":{"type":"LineString","coordinates":[[-63.01107,9.3919],[-63.01483,9.39355],[-63.02598,9.39118],[-63.04912,9.39204],[-63.08658,9.39706],[-63.11632,9.40354]]}},{"type":"Feature","id":"way/563957171","properties":{"name":"Carretera Nacional V\u00eda al Sur","highway":"trunk","ref":"T-10"},"geometry":{"type":"LineString","coordinates":[[-62.79392,9.1503],[-62.86243,9.18158],[-62.98185,9.32761],[-62.98546,9.34066]]}},{"type":"Feature","id":"way/563957172","properties":{"name":"Entrada de Amana","highway":"tertiary"},"geometry":{"type":"LineString","coordinates":[[-63.13861,9.64534],[-63.12897,9.64378],[-63.12589,9.64462]]}},{"type":"Feature","id":"way/563957176","properties":{"name":"Via Rincon de Monagas","highway":"tertiary","ref":"R-29"},"geometry":{"type":"LineString","coordinates":[[-63.08362,9.69714],[-63.08264,9.69744]]}},{"type":"Feature","id":"way/564087890","properties":{"name":"Carretera El Corozo - Amarilis","highway":"tertiary"},"geometry":{"type":"LineString","coordinates":[[-63.36172,9.66207],[-63.36575,9.66924],[-63.3704,9.68315]]}},{"type":"Feature","id":"way/564134083","properties":{"name":"Eje Rural de Orocual","highway":"secondary"},"geometry":{"type":"LineString","coordinates":[[-63.26401,9.79851],[-63.26534,9.80355],[-63.26281,9.80639],[-63.26382,9.81186],[-63.26142,9.81725],[-63.26594,9.81992],[-63.26893,9.82615],[-63.28771,9.83076],[-63.29345,9.83456],[-63.29947,9.83373],[-63.30545,9.83583],[-63.30999,9.83609],[-63.31169,9.83902],[-63.31563,9.84025],[-63.32007,9.8451],[-63.32228,9.84563],[-63.33059,9.85596],[-63.33741,9.85607],[-63.33685,9.86099],[-63.34191,9.86474],[-63.35384,9.8671],[-63.35764,9.86601],[-63.36193,9.86849],[-63.36536,9.86748],[-63.36836,9.86982],[-63.37155,9.86853],[-63.37315,9.86881]]}},{"type":"Feature","id":"way/564334361","properties":{"name":"V\u00eda a El Respiro","highway":"tertiary","ref":"R-12"},"geometry":{"type":"LineString","coordinates":[[-62.81543,9.51829],[-62.7982,9.45727]]}},{"type":"Feature","id":"way/564334391","properties":{"name":"Eje Rural de Morichal","highway":"secondary"},"geometry":{"type":"LineString","coordinates":[[-63.38698,9.84388],[-63.38293,9.84914],[-63.38291,9.85266],[-63.38159,9.85357],[-63.381,9.86122],[-63.37496,9.86621],[-63.37315,9.86881]]}},{"type":"Feature","id":"way/564334418","properties":{"name":"Avenida principal de La Floresta","highway":"tertiary","ref":"R-28"},"geometry":{"type":"LineString","coordinates":[[-63.1156,9.75071],[-63.12678,9.74797]]}},{"type":"Feature","id":"way/567444398","properties":{"highway":"secondary","ref":"R-3"},"geometry":{"type":"LineString","coordinates":[[-63.4685,10.19126],[-63.46748,10.19072],[-63.4611,10.19407]]}},{"type":"Feature","id":"way/567444399","properties":{"highway":"secondary","ref":"R-4"},"geometry":{"type":"LineString","coordinates":[[-63.50375,10.17342],[-63.50327,10.17229]]}},{"type":"Feature","id":"way/569033047","properties":{"name":"Avenida R\u00f3mulo Gallegos","highway":"secondary","ref":"R-28"},"geometry":{"type":"LineString","coordinates":[[-63.15931,9.73979],[-63.16024,9.73983]]}},{"type":"Feature","id":"way/569033048","properties":{"name":"Avenida R\u00f3mulo Gallegos","highway":"secondary","ref":"R-28"},"geometry":{"type":"LineString","coordinates":[[-63.15927,9.73964],[-63.14962,9.74027]]}},{"type":"Feature","id":"way/569033054","properties":{"name":"Avenida Orinoco","highway":"tertiary"},"geometry":{"type":"LineString","coordinates":[[-63.17727,9.73569],[-63.17613,9.7326]]}},{"type":"Feature","id":"way/571693653","properties":{"name":"Avenida Bol\u00edvar","highway":"tertiary","ref":"R-7"},"geometry":{"type":"LineString","coordinates":[[-63.6056,9.68999],[-63.6087,9.6898]]}},{"type":"Feature","id":"way/571693654","properties":{"highway":"tertiary","ref":"R-7"},"geometry":{"type":"LineString","coordinates":[[-63.6056,9.68989],[-63.6056,9.68999]]}},{"type":"Feature","id":"way/571693657","properties":{"name":"Calle San Mart\u00edn","highway":"tertiary","ref":"R-7"},"geometry":{"type":"LineString","coordinates":[[-63.6087,9.6898],[-63.60907,9.69611]]}},{"type":"Feature","id":"way/571693658","properties":{"name":"Avenida Bol\u00edvar","highway":"tertiary","ref":"R-7"},"geometry":{"type":"LineString","coordinates":[[-63.6087,9.6898],[-63.61729,9.69025]]}},{"type":"Feature","id":"way/571693659","properties":{"name":"Avenida Bol\u00edvar","highway":"tertiary","ref":"R-7"},"geometry":{"type":"LineString","coordinates":[[-63.6087,9.68971],[-63.6056,9.68989]]}},{"type":"Feature","id":"way/571694462","properties":{"highway":"tertiary","ref":"R-13"},"geometry":{"type":"LineString","coordinates":[[-63.08477,10.13996],[-63.09032,10.13386],[-63.0906,10.12958]]}},{"type":"Feature","id":"way/580243941","properties":{"name":"Avenida Casanova","highway":"tertiary","ref":"R-28"},"geometry":{"type":"LineString","coordinates":[[-63.1492,9.7402],[-63.14876,9.74039]]}},{"type":"Feature","id":"way/584487701","properties":{"name":"V\u00eda a Areo","highway":"secondary","ref":"R-5"},"geometry":{"type":"LineString","coordinates":[[-63.80998,9.74536],[-63.8044,9.74402],[-63.80098,9.7444]]}},{"type":"Feature","id":"way/584487703","properties":{"name":"V\u00eda a Areo","highway":"secondary","ref":"R-5"},"geometry":{"type":"LineString","coordinates":[[-63.81124,9.66174],[-63.81335,9.66831],[-63.81307,9.67258],[-63.81455,9.67863],[-63.81139,9.68279],[-63.81194,9.68789],[-63.81003,9.69614],[-63.80991,9.70876],[-63.81296,9.71194],[-63.81355,9.71464],[-63.81135,9.71771],[-63.81144,9.73074],[-63.80998,9.74536]]}},{"type":"Feature","id":"way/584487704","properties":{"name":"V\u00eda a Areo","highway":"secondary","ref":"R-5;R-36"},"geometry":{"type":"LineString","coordinates":[[-63.81124,9.66174],[-63.80537,9.64409]]}},{"type":"Feature","id":"way/584899845","properties":{"highway":"trunk_link"},"geometry":{"type":"LineString","coordinates":[[-63.27253,9.71074],[-63.27327,9.71083]]}},{"type":"Feature","id":"way/584899847","properties":{"highway":"trunk_link"},"geometry":{"type":"LineString","coordinates":[[-63.29219,9.70683],[-63.29193,9.70668]]}},{"type":"Feature","id":"way/584899850","properties":{"highway":"trunk_link"},"geometry":{"type":"LineString","coordinates":[[-63.29543,9.70662],[-63.29626,9.7064]]}},{"type":"Feature","id":"way/585462246","properties":{"name":"Avenida Abel Echenique","highway":"secondary"},"geometry":{"type":"LineString","coordinates":[[-63.2144,9.69589],[-63.2166,9.6952],[-63.21655,9.69275],[-63.22013,9.68581],[-63.22664,9.68501]]}},{"type":"Feature","id":"way/587071847","properties":{"name":"V\u00eda a Las Piedritas","highway":"tertiary"},"geometry":{"type":"LineString","coordinates":[[-63.37484,8.99889],[-63.37152,8.98171],[-63.37532,8.9727],[-63.37145,8.96143]]}},{"type":"Feature","id":"way/587071856","properties":{"name":"V\u00eda a Caratal","highway":"tertiary"},"geometry":{"type":"LineString","coordinates":[[-63.22326,9.10295],[-63.23235,9.09858],[-63.23509,9.09608],[-63.24224,9.08303],[-63.25069,9.07387],[-63.2658,9.04724],[-63.27016,9.04408],[-63.27212,9.04492]]}},{"type":"Feature","id":"way/587071858","properties":{"name":"V\u00eda a Caratal","highway":"tertiary"},"geometry":{"type":"LineString","coordinates":[[-63.1876,9.26388],[-63.19399,9.2488],[-63.18472,9.2403],[-63.17029,9.23214],[-63.16826,9.22978],[-63.16418,9.22861],[-63.16242,9.22587],[-63.16265,9.22429],[-63.16519,9.21747],[-63.16596,9.21162],[-63.17976,9.18781],[-63.19056,9.16319],[-63.20606,9.13835],[-63.21244,9.13131],[-63.22658,9.11066],[-63.22703,9.10964],[-63.22326,9.10295]]}},{"type":"Feature","id":"way/587071860","properties":{"name":"V\u00eda a Las Casitas","highway":"tertiary"},"geometry":{"type":"LineString","coordinates":[[-63.29061,9.32236],[-63.28899,9.31258],[-63.25831,9.30256],[-63.24838,9.30669],[-63.2287,9.3172],[-63.22029,9.31816],[-63.18285,9.30354],[-63.17671,9.29521],[-63.16689,9.27596]]}},{"type":"Feature","id":"way/587274115","properties":{"name":"Carretera Nacional V\u00eda al Sur","highway":"trunk","ref":"T-10"},"geometry":{"type":"LineString","coordinates":[[-62.73313,9.10038],[-62.73308,9.10117]]}},{"type":"Feature","id":"way/587274117","properties":{"name":"Carretera Nacional V\u00eda al Sur","highway":"trunk","ref":"T-10"},"geometry":{"type":"LineString","coordinates":[[-62.73296,9.1021],[-62.7337,9.10278]]}},{"type":"Feature","id":"way/587274118","properties":{"name":"Cruce de El Rosario","highway":"trunk_link"},"geometry":{"type":"LineString","coordinates":[[-62.73308,9.10117],[-62.73219,9.1014]]}},{"type":"Feature","id":"way/587292472","properties":{"name":"V\u00eda a Joaqu\u00edn","highway":"tertiary"},"geometry":{"type":"LineString","coordinates":[[-63.27583,8.97172],[-63.27128,8.96687],[-63.26026,8.94886],[-63.24917,8.92528]]}},{"type":"Feature","id":"way/587292473","properties":{"name":"Carretera Regional El Blanquero - Morichal","highway":"primary","ref":"R-24"},"geometry":{"type":"LineString","coordinates":[[-63.13659,8.92471],[-63.13499,8.92568],[-63.13492,8.9271]]}},{"type":"Feature","id":"way/590222484","properties":{"name":"Calle Principal de La Puente","highway":"secondary"},"geometry":{"type":"LineString","coordinates":[[-63.21428,9.69615],[-63.21464,9.69917],[-63.21186,9.70267],[-63.21137,9.70491]]}},{"type":"Feature","id":"way/590222487","properties":{"name":"Avenida Universidad","highway":"trunk_link","ref":"T-13"},"geometry":{"type":"LineString","coordinates":[[-63.18474,9.72889],[-63.18416,9.72943]]}},{"type":"Feature","id":"way/590222488","properties":{"name":"Avenida El Ej\u00e9rcito","highway":"tertiary"},"geometry":{"type":"LineString","coordinates":[[-63.19761,9.73306],[-63.19777,9.73299]]}},{"type":"Feature","id":"way/590222491","properties":{"name":"Avenida El Ej\u00e9rcito","highway":"tertiary"},"geometry":{"type":"LineString","coordinates":[[-63.19756,9.73293],[-63.19668,9.73283]]}},{"type":"Feature","id":"way/590222494","properties":{"name":"Avenida Jos\u00e9 Antonio P\u00e1ez","highway":"secondary"},"geometry":{"type":"LineString","coordinates":[[-63.2128,9.73193],[-63.21048,9.72719]]}},{"type":"Feature","id":"way/590222495","properties":{"name":"Avenida Jos\u00e9 Antonio P\u00e1ez","highway":"secondary"},"geometry":{"type":"LineString","coordinates":[[-63.2151,9.73641],[-63.21499,9.7367]]}},{"type":"Feature","id":"way/592842997","properties":{"name":"Avenida Zona Industrial","highway":"primary","ref":"R-10"},"geometry":{"type":"LineString","coordinates":[[-63.26462,9.71203],[-63.2646,9.71173]]}},{"type":"Feature","id":"way/608967608","properties":{"highway":"trunk_link"},"geometry":{"type":"LineString","coordinates":[[-63.31135,9.70308],[-63.3111,9.70305]]}},{"type":"Feature","id":"way/608967609","properties":{"highway":"trunk_link","ref":"T-13"},"geometry":{"type":"LineString","coordinates":[[-63.3111,9.70305],[-63.31097,9.70318]]}},{"type":"Feature","id":"way/627141636","properties":{"highway":"secondary","ref":"R-3"},"geometry":{"type":"LineString","coordinates":[[-63.4586,10.19263],[-63.45744,10.19286],[-63.45694,10.19467],[-63.45394,10.19592],[-63.45332,10.19882],[-63.4486,10.20333],[-63.4478,10.20607],[-63.44139,10.21038]]}},{"type":"Feature","id":"way/643893012","properties":{"name":"Carretera Regional Aguasay - San Tom\u00e9","highway":"primary","ref":"L-5"},"geometry":{"type":"LineString","coordinates":[[-63.78009,9.37136],[-63.7799,9.37194]]}},{"type":"Feature","id":"way/643893014","properties":{"name":"Carretera Regional Aguasay - San Tom\u00e9","highway":"primary","ref":"L-5"},"geometry":{"type":"LineString","coordinates":[[-63.7799,9.37194],[-63.77822,9.37711],[-63.77347,9.38265],[-63.77231,9.3896],[-63.76802,9.39571],[-63.76628,9.40114],[-63.76437,9.40979],[-63.76536,9.41513],[-63.76797,9.41998],[-63.76765,9.42138],[-63.74054,9.42399]]}},{"type":"Feature","id":"way/643893017","properties":{"name":"Carretera Regional Santa B\u00e1rbara - Aguasay","highway":"primary","ref":"L-5"},"geometry":{"type":"LineString","coordinates":[[-63.66114,9.49815],[-63.66066,9.50004]]}},{"type":"Feature","id":"way/643893019","properties":{"name":"Carretera Regional Santa B\u00e1rbara - Aguasay","highway":"primary","ref":"L-5"},"geometry":{"type":"LineString","coordinates":[[-63.66393,9.48873],[-63.66114,9.49815]]}},{"type":"Feature","id":"way/643893021","properties":{"name":"Carretera Regional Santa B\u00e1rbara - Aguasay","highway":"primary","ref":"L-5"},"geometry":{"type":"LineString","coordinates":[[-63.66463,9.48828],[-63.66393,9.48873]]}},{"type":"Feature","id":"way/643893023","properties":{"name":"Carretera Regional Punta de Mata - Santa B\u00e1rbara","highway":"primary","ref":"L-5"},"geometry":{"type":"LineString","coordinates":[[-63.61641,9.60461],[-63.61421,9.60933],[-63.61457,9.61741],[-63.61839,9.61956],[-63.63071,9.62355],[-63.64599,9.63507],[-63.64665,9.64025],[-63.64367,9.64921]]}},{"type":"Feature","id":"way/643893034","properties":{"name":"Rampa de Amarilis","highway":"trunk_link"},"geometry":{"type":"LineString","coordinates":[[-63.33971,9.66923],[-63.3399,9.67164]]}},{"type":"Feature","id":"way/643893036","properties":{"name":"Rampa de Amarilis","highway":"trunk_link"},"geometry":{"type":"LineString","coordinates":[[-63.34083,9.66919],[-63.33971,9.66923]]}},{"type":"Feature","id":"way/643893038","properties":{"highway":"trunk_link"},"geometry":{"type":"LineString","coordinates":[[-63.29193,9.70668],[-63.29175,9.70689]]}},{"type":"Feature","id":"way/668577478","properties":{"name":"Avenida Abel Echenique","highway":"secondary"},"geometry":{"type":"LineString","coordinates":[[-63.23225,9.68491],[-63.23253,9.68503]]}},{"type":"Feature","id":"way/681500553","properties":{"highway":"trunk_link","ref":"T-13"},"geometry":{"type":"LineString","coordinates":[[-63.18471,9.72922],[-63.18473,9.7293]]}},{"type":"Feature","id":"way/681501356","properties":{"name":"Avenida Jos\u00e9 Mar\u00eda Vargas","highway":"secondary"},"geometry":{"type":"LineString","coordinates":[[-63.20746,9.71938],[-63.20725,9.71884]]}},{"type":"Feature","id":"way/681501357","properties":{"highway":"secondary"},"geometry":{"type":"LineString","coordinates":[[-63.20817,9.71699],[-63.20685,9.7191]]}},{"type":"Feature","id":"way/681501358","properties":{"highway":"secondary"},"geometry":{"type":"LineString","coordinates":[[-63.20908,9.71222],[-63.20817,9.71699]]}},{"type":"Feature","id":"way/681501359","properties":{"highway":"tertiary"},"geometry":{"type":"LineString","coordinates":[[-63.20655,9.71972],[-63.20698,9.71926]]}},{"type":"Feature","id":"way/684861458","properties":{"highway":"trunk_link"},"geometry":{"type":"LineString","coordinates":[[-63.42145,9.68208],[-63.42106,9.68283]]}},{"type":"Feature","id":"way/686501235","properties":{"highway":"secondary","ref":"R-28"},"geometry":{"type":"LineString","coordinates":[[-63.14929,9.74046],[-63.1494,9.74071]]}},{"type":"Feature","id":"way/694358196","properties":{"name":"Redoma de los Indios","highway":"primary","ref":"L-7;R-33"},"geometry":{"type":"LineString","coordinates":[[-63.6048,9.81501],[-63.6048,9.81501]]}},{"type":"Feature","id":"way/694358197","properties":{"name":"Avenida Berm\u00fadez","highway":"primary","ref":"L-7"},"geometry":{"type":"LineString","coordinates":[[-63.60993,9.81491],[-63.60483,9.81503]]}},{"type":"Feature","id":"way/694358198","properties":{"name":"Avenida Berm\u00fadez","highway":"primary","ref":"L-7"},"geometry":{"type":"LineString","coordinates":[[-63.60488,9.81518],[-63.60993,9.81491]]}},{"type":"Feature","id":"way/694358621","properties":{"highway":"primary_link","ref":"L-7"},"geometry":{"type":"LineString","coordinates":[[-63.63358,9.83937],[-63.63312,9.83973]]}},{"type":"Feature","id":"way/754151426","properties":{"name":"Avenida Bol\u00edvar","highway":"tertiary"},"geometry":{"type":"LineString","coordinates":[[-63.16614,9.74422],[-63.16566,9.74418]]}},{"type":"Feature","id":"way/754151428","properties":{"name":"Avenida Bol\u00edvar","highway":"tertiary"},"geometry":{"type":"LineString","coordinates":[[-63.16569,9.74427],[-63.17588,9.74514]]}},{"type":"Feature","id":"way/754154614","properties":{"name":"Avenida Libertador","highway":"trunk","ref":"T-13"},"geometry":{"type":"LineString","coordinates":[[-63.2027,9.73908],[-63.2025,9.73896]]}},{"type":"Feature","id":"way/754154617","properties":{"name":"Avenida Bella Vista","highway":"trunk","ref":"T-13"},"geometry":{"type":"LineString","coordinates":[[-63.20269,9.73935],[-63.20303,9.73948]]}},{"type":"Feature","id":"way/754154618","properties":{"name":"Avenida Libertador","highway":"trunk","ref":"T-13"},"geometry":{"type":"LineString","coordinates":[[-63.20222,9.73909],[-63.20238,9.73918]]}},{"type":"Feature","id":"way/754155675","properties":{"name":"Avenida Libertador","highway":"trunk","ref":"T-13"},"geometry":{"type":"LineString","coordinates":[[-63.20161,9.7387],[-63.20195,9.73891]]}},{"type":"Feature","id":"way/754155676","properties":{"highway":"trunk_link"},"geometry":{"type":"LineString","coordinates":[[-63.20165,9.73881],[-63.20151,9.73894]]}},{"type":"Feature","id":"way/754155678","properties":{"name":"Avenida Libertador","highway":"trunk","ref":"T-13"},"geometry":{"type":"LineString","coordinates":[[-63.20195,9.73891],[-63.20222,9.73909]]}},{"type":"Feature","id":"way/754155682","properties":{"name":"Avenida Bicentenario","highway":"tertiary"},"geometry":{"type":"LineString","coordinates":[[-63.19833,9.74112],[-63.19678,9.7418]]}},{"type":"Feature","id":"way/754155684","properties":{"name":"Avenida Bicentenario","highway":"tertiary"},"geometry":{"type":"LineString","coordinates":[[-63.19836,9.74119],[-63.2026,9.7393]]}},{"type":"Feature","id":"way/754157399","properties":{"name":"Avenida Bicentenario","highway":"tertiary"},"geometry":{"type":"LineString","coordinates":[[-63.19364,9.7432],[-63.19044,9.74462]]}},{"type":"Feature","id":"way/754157401","properties":{"name":"Avenida Bicentenario","highway":"tertiary"},"geometry":{"type":"LineString","coordinates":[[-63.19368,9.74327],[-63.19681,9.74188]]}},{"type":"Feature","id":"way/754160715","properties":{"name":"Avenida Orinoco","highway":"tertiary"},"geometry":{"type":"LineString","coordinates":[[-63.19969,9.73666],[-63.19931,9.73693]]}},{"type":"Feature","id":"way/754160716","properties":{"name":"Avenida Libertador","highway":"trunk","ref":"T-13"},"geometry":{"type":"LineString","coordinates":[[-63.19969,9.73666],[-63.20017,9.73733]]}},{"type":"Feature","id":"way/754160717","properties":{"name":"Avenida Libertador","highway":"trunk","ref":"T-13"},"geometry":{"type":"LineString","coordinates":[[-63.19994,9.73666],[-63.19597,9.73224]]}},{"type":"Feature","id":"way/754160718","properties":{"name":"Avenida Libertador","highway":"trunk","ref":"T-13"},"geometry":{"type":"LineString","coordinates":[[-63.1958,9.73242],[-63.19603,9.73256]]}},{"type":"Feature","id":"way/754160719","properties":{"name":"Avenida Libertador","highway":"trunk","ref":"T-13"},"geometry":{"type":"LineString","coordinates":[[-63.19603,9.73256],[-63.19696,9.73326]]}},{"type":"Feature","id":"way/754160720","properties":{"name":"Avenida Libertador","highway":"trunk","ref":"T-13"},"geometry":{"type":"LineString","coordinates":[[-63.19896,9.7357],[-63.19969,9.73666]]}},{"type":"Feature","id":"way/754160722","properties":{"highway":"trunk_link"},"geometry":{"type":"LineString","coordinates":[[-63.19597,9.73224],[-63.19588,9.73205]]}},{"type":"Feature","id":"way/754160723","properties":{"highway":"trunk_link","ref":"T-13"},"geometry":{"type":"LineString","coordinates":[[-63.19588,9.73205],[-63.19568,9.73203]]}},{"type":"Feature","id":"way/754160725","properties":{"name":"Avenida Libertador","highway":"trunk","ref":"T-13"},"geometry":{"type":"LineString","coordinates":[[-63.19568,9.73203],[-63.19245,9.73061]]}},{"type":"Feature","id":"way/754160726","properties":{"name":"Avenida Libertador","highway":"trunk","ref":"T-13"},"geometry":{"type":"LineString","coordinates":[[-63.19597,9.73224],[-63.19568,9.73203]]}},{"type":"Feature","id":"way/754160728","properties":{"name":"Avenida Libertador","highway":"trunk","ref":"T-13"},"geometry":{"type":"LineString","coordinates":[[-63.19245,9.73061],[-63.19125,9.73014]]}},{"type":"Feature","id":"way/754160729","properties":{"name":"Avenida Libertador","highway":"trunk","ref":"T-13"},"geometry":{"type":"LineString","coordinates":[[-63.19235,9.73072],[-63.1958,9.73242]]}},{"type":"Feature","id":"way/754160734","properties":{"name":"Avenida Libertador","highway":"trunk","ref":"T-13"},"geometry":{"type":"LineString","coordinates":[[-63.19125,9.73014],[-63.19053,9.72986]]}},{"type":"Feature","id":"way/754160735","properties":{"name":"Avenida Libertador","highway":"trunk","ref":"T-13"},"geometry":{"type":"LineString","coordinates":[[-63.19053,9.72986],[-63.18476,9.7292]]}},{"type":"Feature","id":"way/754160736","properties":{"name":"Avenida Universidad","highway":"tertiary"},"geometry":{"type":"LineString","coordinates":[[-63.19657,9.72509],[-63.19647,9.72503]]}},{"type":"Feature","id":"way/754160737","properties":{"name":"Avenida Universidad","highway":"tertiary"},"geometry":{"type":"LineString","coordinates":[[-63.19647,9.72503],[-63.19288,9.72479]]}},{"type":"Feature","id":"way/754160738","properties":{"name":"Avenida Universidad","highway":"tertiary"},"geometry":{"type":"LineString","coordinates":[[-63.19649,9.72514],[-63.197,9.72549]]}},{"type":"Feature","id":"way/754160739","properties":{"name":"Avenida Universidad","highway":"tertiary"},"geometry":{"type":"LineString","coordinates":[[-63.19641,9.7251],[-63.19649,9.72514]]}},{"type":"Feature","id":"way/754160740","properties":{"name":"Avenida Universidad","highway":"tertiary"},"geometry":{"type":"LineString","coordinates":[[-63.197,9.72549],[-63.20341,9.73033]]}},{"type":"Feature","id":"way/754164116","properties":{"name":"Avenida El Ej\u00e9rcito","highway":"tertiary"},"geometry":{"type":"LineString","coordinates":[[-63.20798,9.72803],[-63.20594,9.72902]]}},{"type":"Feature","id":"way/754164117","properties":{"name":"Avenida El Ej\u00e9rcito","highway":"tertiary"},"geometry":{"type":"LineString","coordinates":[[-63.208,9.72812],[-63.21006,9.72744]]}},{"type":"Feature","id":"way/754164118","properties":{"name":"Avenida El Ej\u00e9rcito","highway":"tertiary"},"geometry":{"type":"LineString","coordinates":[[-63.20594,9.72902],[-63.20032,9.73164]]}},{"type":"Feature","id":"way/754164119","properties":{"name":"Avenida El Ej\u00e9rcito","highway":"tertiary"},"geometry":{"type":"LineString","coordinates":[[-63.20032,9.73164],[-63.19756,9.73293]]}},{"type":"Feature","id":"way/754164120","properties":{"name":"Avenida El Ej\u00e9rcito","highway":"tertiary"},"geometry":{"type":"LineString","coordinates":[[-63.20026,9.73179],[-63.208,9.72812]]}},{"type":"Feature","id":"way/754164121","properties":{"name":"Avenida El Ej\u00e9rcito","highway":"tertiary"},"geometry":{"type":"LineString","coordinates":[[-63.19777,9.73299],[-63.20026,9.73179]]}},{"type":"Feature","id":"way/754164122","properties":{"name":"Avenida Universidad","highway":"tertiary"},"geometry":{"type":"LineString","coordinates":[[-63.18752,9.72633],[-63.18763,9.7263]]}},{"type":"Feature","id":"way/754164123","properties":{"name":"Avenida Universidad","highway":"tertiary"},"geometry":{"type":"LineString","coordinates":[[-63.18763,9.7263],[-63.19364,9.72472],[-63.19641,9.7251]]}},{"type":"Feature","id":"way/754164124","properties":{"name":"Avenida Universidad","highway":"tertiary"},"geometry":{"type":"LineString","coordinates":[[-63.1874,9.72627],[-63.18547,9.72702],[-63.18471,9.72922]]}},{"type":"Feature","id":"way/754164125","properties":{"name":"Avenida Universidad","highway":"tertiary"},"geometry":{"type":"LineString","coordinates":[[-63.18758,9.72623],[-63.1874,9.72627]]}},{"type":"Feature","id":"way/754164126","properties":{"name":"Avenida Libertador","highway":"trunk","ref":"T-13"},"geometry":{"type":"LineString","coordinates":[[-63.18471,9.72922],[-63.18185,9.73047]]}},{"type":"Feature","id":"way/754164127","properties":{"highway":"trunk_link","ref":"T-13"},"geometry":{"type":"LineString","coordinates":[[-63.18473,9.7293],[-63.18495,9.72942]]}},{"type":"Feature","id":"way/754164128","properties":{"name":"Avenida Universidad","highway":"trunk_link"},"geometry":{"type":"LineString","coordinates":[[-63.18473,9.7293],[-63.18476,9.7292]]}},{"type":"Feature","id":"way/754164129","properties":{"name":"Avenida Libertador","highway":"trunk","ref":"T-13"},"geometry":{"type":"LineString","coordinates":[[-63.18476,9.7292],[-63.18471,9.72922]]}},{"type":"Feature","id":"way/754164130","properties":{"name":"Avenida Libertador","highway":"trunk","ref":"T-13"},"geometry":{"type":"LineString","coordinates":[[-63.18495,9.72942],[-63.18819,9.72919],[-63.19235,9.73072]]}},{"type":"Feature","id":"way/754164131","properties":{"name":"Avenida Libertador","highway":"trunk","ref":"T-13"},"geometry":{"type":"LineString","coordinates":[[-63.18161,9.73055],[-63.17593,9.73198]]}},{"type":"Feature","id":"way/754164132","properties":{"name":"Avenida Libertador","highway":"trunk","ref":"T-13"},"geometry":{"type":"LineString","coordinates":[[-63.18185,9.73047],[-63.18161,9.73055]]}},{"type":"Feature","id":"way/754164133","properties":{"name":"Avenida Libertador","highway":"trunk","ref":"T-13"},"geometry":{"type":"LineString","coordinates":[[-63.18172,9.73078],[-63.18495,9.72942]]}},{"type":"Feature","id":"way/754164135","properties":{"name":"Avenida Libertador","highway":"trunk","ref":"T-13"},"geometry":{"type":"LineString","coordinates":[[-63.18105,9.73094],[-63.18172,9.73078]]}},{"type":"Feature","id":"way/754164138","properties":{"name":"Avenida Libertador","highway":"trunk","ref":"T-13"},"geometry":{"type":"LineString","coordinates":[[-63.18087,9.73098],[-63.18105,9.73094]]}},{"type":"Feature","id":"way/754164139","properties":{"name":"Avenida Libertador","highway":"trunk","ref":"T-13"},"geometry":{"type":"LineString","coordinates":[[-63.17593,9.73198],[-63.17582,9.732]]}},{"type":"Feature","id":"way/754164140","properties":{"name":"Avenida Orinoco","highway":"tertiary","ref":"T-13"},"geometry":{"type":"LineString","coordinates":[[-63.1761,9.73215],[-63.17593,9.73198]]}},{"type":"Feature","id":"way/754164141","properties":{"name":"Avenida Libertador","highway":"trunk","ref":"T-13"},"geometry":{"type":"LineString","coordinates":[[-63.1761,9.73215],[-63.18087,9.73098]]}},{"type":"Feature","id":"way/754164142","properties":{"name":"Avenida Orinoco","highway":"tertiary"},"geometry":{"type":"LineString","coordinates":[[-63.17543,9.73234],[-63.17566,9.73274]]}},{"type":"Feature","id":"way/754164143","properties":{"name":"Avenida Libertador","highway":"trunk","ref":"T-13"},"geometry":{"type":"LineString","coordinates":[[-63.17543,9.73234],[-63.17563,9.73228]]}},{"type":"Feature","id":"way/754164144","properties":{"name":"Avenida Ra\u00fal Leoni","highway":"trunk","ref":"T-10"},"geometry":{"type":"LineString","coordinates":[[-63.15616,9.72895],[-63.15244,9.72691],[-63.15098,9.72406],[-63.15143,9.68567],[-63.14994,9.68129]]}},{"type":"Feature","id":"way/756949540","properties":{"name":"Carretera Regional Morichal - Temblador","highway":"primary","ref":"T-15"},"geometry":{"type":"LineString","coordinates":[[-63.08153,8.84412],[-63.07749,8.84797]]}},{"type":"Feature","id":"way/756949541","properties":{"name":"Carretera Regional Morichal - Temblador","highway":"primary","ref":"T-15"},"geometry":{"type":"LineString","coordinates":[[-63.07749,8.84797],[-63.08159,8.84417]]}},{"type":"Feature","id":"way/756949542","properties":{"name":"Carretera Regional San Tom\u00e9 - Morichal","highway":"primary","ref":"T-15"},"geometry":{"type":"LineString","coordinates":[[-63.08469,8.84395],[-63.08178,8.84395]]}},{"type":"Feature","id":"way/756949543","properties":{"name":"Carretera Regional San Tom\u00e9 - Morichal","highway":"primary","ref":"T-15"},"geometry":{"type":"LineString","coordinates":[[-63.08179,8.84408],[-63.08469,8.84395]]}},{"type":"Feature","id":"way/758451925","properties":{"name":"Avenida Abel Echenique","highway":"secondary"},"geometry":{"type":"LineString","coordinates":[[-63.23426,9.68093],[-63.23412,9.68102]]}},{"type":"Feature","id":"way/771976070","properties":{"name":"Avenida principal de La Floresta","highway":"tertiary","ref":"R-28"},"geometry":{"type":"LineString","coordinates":[[-63.12678,9.74797],[-63.13311,9.74663]]}},{"type":"Feature","id":"way/772004942","properties":{"name":"Carretera Nacional V\u00eda a Tucupita","highway":"trunk","ref":"T-15"},"geometry":{"type":"LineString","coordinates":[[-62.25631,8.74639],[-62.24896,8.76569],[-62.24708,8.76833],[-62.22336,8.78336],[-62.208,8.79548],[-62.19407,8.80428],[-62.17713,8.82069],[-62.15429,8.83507],[-62.15188,8.83767],[-62.14061,8.85823],[-62.12291,8.86165],[-62.11771,8.86095],[-62.10794,8.86295],[-62.08942,8.87798],[-62.08477,8.87976],[-62.08111,8.87928],[-62.05795,8.87031],[-62.05523,8.87107],[-62.0539,8.87345]]}},{"type":"Feature","id":"way/776078110","properties":{"name":"Avenida Orinoco","highway":"tertiary"},"geometry":{"type":"LineString","coordinates":[[-63.18115,9.74194],[-63.17958,9.74129],[-63.17727,9.73569]]}},{"type":"Feature","id":"way/776078114","properties":{"name":"Avenida Orinoco","highway":"tertiary"},"geometry":{"type":"LineString","coordinates":[[-63.1826,9.74191],[-63.18115,9.74194]]}},{"type":"Feature","id":"way/776078118","properties":{"name":"Avenida Juncal","highway":"tertiary"},"geometry":{"type":"LineString","coordinates":[[-63.18405,9.74211],[-63.18239,9.75075]]}},{"type":"Feature","id":"way/776820410","properties":{"name":"Carretera Nacional V\u00eda al Sur","highway":"trunk","ref":"T-10"},"geometry":{"type":"LineString","coordinates":[[-62.7337,9.10278],[-62.77678,9.14199],[-62.79328,9.15001]]}},{"type":"Feature","id":"way/776820411","properties":{"name":"Carretera Nacional V\u00eda al Sur","highway":"trunk","ref":"T-10"},"geometry":{"type":"LineString","coordinates":[[-62.79328,9.15001],[-62.79392,9.1503]]}},{"type":"Feature","id":"way/831405399","properties":{"name":"Carretera Nacional Barcelona - Matur\u00edn","highway":"trunk","ref":"T-13"},"geometry":{"type":"LineString","coordinates":[[-63.67291,9.64241],[-63.67291,9.64241]]}},{"type":"Feature","id":"way/831405401","properties":{"highway":"trunk_link","ref":"T-13"},"geometry":{"type":"LineString","coordinates":[[-63.67059,9.64281],[-63.67065,9.64306]]}},{"type":"Feature","id":"way/831405402","properties":{"highway":"trunk_link","ref":"T-13"},"geometry":{"type":"LineString","coordinates":[[-63.67079,9.643],[-63.67074,9.64276]]}},{"type":"Feature","id":"way/833531060","properties":{"highway":"trunk_link"},"geometry":{"type":"LineString","coordinates":[[-63.62748,9.6611],[-63.62665,9.66082]]}},{"type":"Feature","id":"way/836217543","properties":{"highway":"secondary"},"geometry":{"type":"LineString","coordinates":[[-63.38509,9.84009],[-63.38698,9.84388]]}},{"type":"Feature","id":"way/847874948","properties":{"highway":"primary_link"},"geometry":{"type":"LineString","coordinates":[[-63.07807,8.84762],[-63.07799,8.84755]]}},{"type":"Feature","id":"way/847912513","properties":{"name":"Avenida R\u00f3mulo Betancourt","highway":"trunk","ref":"L-6"},"geometry":{"type":"LineString","coordinates":[[-62.64331,9.01331],[-62.64008,9.00705]]}},{"type":"Feature","id":"way/847912514","properties":{"name":"Avenida R\u00f3mulo Betancourt","highway":"trunk","ref":"L-6"},"geometry":{"type":"LineString","coordinates":[[-62.63997,9.00707],[-62.64331,9.01331]]}},{"type":"Feature","id":"way/848404207","properties":{"name":"Avenida Francisco de Miranda","highway":"primary","ref":"T-15"},"geometry":{"type":"LineString","coordinates":[[-62.65752,9.00604],[-62.64008,9.00705]]}},{"type":"Feature","id":"way/848404208","properties":{"name":"Avenida Francisco de Miranda","highway":"trunk","ref":"T-15;L-6"},"geometry":{"type":"LineString","coordinates":[[-62.63398,9.0075],[-62.64011,9.00714]]}},{"type":"Feature","id":"way/848404209","properties":{"name":"Avenida Francisco de Miranda","highway":"primary","ref":"T-15"},"geometry":{"type":"LineString","coordinates":[[-62.64011,9.00714],[-62.65752,9.00604]]}},{"type":"Feature","id":"way/848404210","properties":{"name":"Avenida Francisco de Miranda","highway":"trunk","ref":"T-15;L-6"},"geometry":{"type":"LineString","coordinates":[[-62.64008,9.00705],[-62.63398,9.0075]]}},{"type":"Feature","id":"way/856646106","properties":{"name":"Autopista Santo Domingo","highway":"primary","ref":"L-7"},"geometry":{"type":"LineString","coordinates":[[-63.54746,9.76144],[-63.54746,9.76102]]}},{"type":"Feature","id":"way/856646107","properties":{"name":"Autopista Santo Domingo","highway":"primary","ref":"L-7"},"geometry":{"type":"LineString","coordinates":[[-63.55078,9.77508],[-63.55039,9.76578],[-63.54746,9.76144]]}},{"type":"Feature","id":"way/856646108","properties":{"name":"Autopista Santo Domingo","highway":"primary","ref":"L-7"},"geometry":{"type":"LineString","coordinates":[[-63.54735,9.76145],[-63.55028,9.76582],[-63.55032,9.77469]]}},{"type":"Feature","id":"way/856646109","properties":{"name":"Autopista Santo Domingo","highway":"primary","ref":"L-7"},"geometry":{"type":"LineString","coordinates":[[-63.54735,9.76103],[-63.54735,9.76145]]}},{"type":"Feature","id":"way/858395430","properties":{"name":"V\u00eda a Tacarigua","highway":"tertiary"},"geometry":{"type":"LineString","coordinates":[[-63.55259,10.22946],[-63.54998,10.22741],[-63.54841,10.22781],[-63.54624,10.22948],[-63.54476,10.23261],[-63.54156,10.23408],[-63.54117,10.23683],[-63.53971,10.23847],[-63.53567,10.24088],[-63.53534,10.24338],[-63.53323,10.24273],[-63.5345,10.24897]]}},{"type":"Feature","id":"way/862966119","properties":{"highway":"tertiary"},"geometry":{"type":"LineString","coordinates":[[-63.59565,10.1478],[-63.60108,10.15136],[-63.60019,10.15215],[-63.60047,10.15422],[-63.60213,10.153],[-63.60871,10.15377],[-63.60953,10.15305],[-63.61118,10.15556]]}},{"type":"Feature","id":"way/864056791","properties":{"highway":"tertiary","ref":"R-13"},"geometry":{"type":"LineString","coordinates":[[-63.09054,10.12896],[-63.09043,10.12826]]}},{"type":"Feature","id":"way/864056792","properties":{"name":"Puente Caripito","highway":"tertiary","ref":"R-13"},"geometry":{"type":"LineString","coordinates":[[-63.0906,10.12958],[-63.09054,10.12896]]}},{"type":"Feature","id":"way/872789903","properties":{"name":"Avenida Bella Vista","highway":"trunk","ref":"T-13"},"geometry":{"type":"LineString","coordinates":[[-63.24102,9.72945],[-63.24748,9.72343]]}},{"type":"Feature","id":"way/872789904","properties":{"name":"Avenida Bella Vista","highway":"trunk","ref":"T-13"},"geometry":{"type":"LineString","coordinates":[[-63.24095,9.72952],[-63.24102,9.72945]]}},{"type":"Feature","id":"way/872789905","properties":{"name":"Avenida Bella Vista","highway":"trunk","ref":"T-13"},"geometry":{"type":"LineString","coordinates":[[-63.24743,9.72332],[-63.24084,9.72946]]}},{"type":"Feature","id":"way/872789906","properties":{"name":"Avenida Bella Vista","highway":"trunk","ref":"T-13"},"geometry":{"type":"LineString","coordinates":[[-63.24084,9.72946],[-63.24077,9.72953]]}},{"type":"Feature","id":"way/872789907","properties":{"name":"Avenida Bella Vista","highway":"trunk","ref":"T-13"},"geometry":{"type":"LineString","coordinates":[[-63.25304,9.7181],[-63.2475,9.72326]]}},{"type":"Feature","id":"way/872789908","properties":{"name":"Avenida Bella Vista","highway":"trunk","ref":"T-13"},"geometry":{"type":"LineString","coordinates":[[-63.2475,9.72326],[-63.24743,9.72332]]}},{"type":"Feature","id":"way/872789909","properties":{"name":"Avenida Bella Vista","highway":"trunk","ref":"T-13"},"geometry":{"type":"LineString","coordinates":[[-63.24754,9.72337],[-63.2531,9.71819]]}},{"type":"Feature","id":"way/872789910","properties":{"name":"Avenida Bella Vista","highway":"trunk","ref":"T-13"},"geometry":{"type":"LineString","coordinates":[[-63.24748,9.72343],[-63.24754,9.72337]]}},{"type":"Feature","id":"way/874174637","properties":{"name":"Avenida Jos\u00e9 Antonio P\u00e1ez","highway":"secondary"},"geometry":{"type":"LineString","coordinates":[[-63.21521,9.73641],[-63.21284,9.732]]}},{"type":"Feature","id":"way/874174638","properties":{"name":"Avenida Jos\u00e9 Antonio P\u00e1ez","highway":"secondary"},"geometry":{"type":"LineString","coordinates":[[-63.21284,9.732],[-63.2128,9.73193]]}},{"type":"Feature","id":"way/874174639","properties":{"name":"Avenida Jos\u00e9 Antonio P\u00e1ez","highway":"secondary"},"geometry":{"type":"LineString","coordinates":[[-63.21273,9.73202],[-63.2151,9.73641]]}},{"type":"Feature","id":"way/874174640","properties":{"name":"Avenida Jos\u00e9 Antonio P\u00e1ez","highway":"secondary"},"geometry":{"type":"LineString","coordinates":[[-63.21269,9.73195],[-63.21273,9.73202]]}},{"type":"Feature","id":"way/874347098","properties":{"highway":"trunk_link","ref":"R-10"},"geometry":{"type":"LineString","coordinates":[[-63.23669,9.73345],[-63.23766,9.73325]]}},{"type":"Feature","id":"way/874406928","properties":{"name":"Calle Principal de La Puente","highway":"secondary"},"geometry":{"type":"LineString","coordinates":[[-63.21138,9.70499],[-63.20908,9.71222]]}},{"type":"Feature","id":"way/874406929","properties":{"name":"Calle Principal de La Puente","highway":"secondary"},"geometry":{"type":"LineString","coordinates":[[-63.21137,9.70491],[-63.21138,9.70499]]}},{"type":"Feature","id":"way/876280688","properties":{"name":"Carretera Nacional V\u00eda a Tucupita","highway":"trunk","ref":"T-15"},"geometry":{"type":"LineString","coordinates":[[-62.0539,8.87345],[-62.05389,8.87418]]}},{"type":"Feature","id":"way/904122168","properties":{"name":"Carretera Nacional Barcelona - Matur\u00edn","highway":"trunk","ref":"T-13"},"geometry":{"type":"LineString","coordinates":[[-63.67299,9.64235],[-63.67755,9.64189]]}},{"type":"Feature","id":"way/904122169","properties":{"name":"Carretera Nacional Barcelona - Matur\u00edn","highway":"trunk","ref":"T-13"},"geometry":{"type":"LineString","coordinates":[[-63.67755,9.64189],[-63.67297,9.6422]]}},{"type":"Feature","id":"way/912200460","properties":{"name":"Avenida Bol\u00edvar","highway":"primary","ref":"L-5"},"geometry":{"type":"LineString","coordinates":[[-63.62166,9.69077],[-63.62129,9.69099]]}},{"type":"Feature","id":"way/912200461","properties":{"name":"Avenida Bol\u00edvar","highway":"primary","ref":"L-5"},"geometry":{"type":"LineString","coordinates":[[-63.62145,9.69108],[-63.62166,9.69077]]}},{"type":"Feature","id":"way/936148673","properties":{"name":"Avenida Bicentenario","highway":"tertiary"},"geometry":{"type":"LineString","coordinates":[[-63.1887,9.74543],[-63.18458,9.7473],[-63.18328,9.74699]]}},{"type":"Feature","id":"way/936148674","properties":{"name":"Avenida Bicentenario","highway":"tertiary"},"geometry":{"type":"LineString","coordinates":[[-63.18327,9.74706],[-63.18466,9.74738],[-63.18874,9.7455]]}},{"type":"Feature","id":"way/936406438","properties":{"name":"Avenida Abel Echenique","highway":"secondary"},"geometry":{"type":"LineString","coordinates":[[-63.23238,9.68413],[-63.23253,9.68503]]}},{"type":"Feature","id":"way/936422664","properties":{"name":"Carretera Regional San Tom\u00e9 - Morichal","highway":"primary","ref":"T-15"},"geometry":{"type":"LineString","coordinates":[[-63.3758,8.94131],[-63.37276,8.93737],[-63.36969,8.93672],[-63.36531,8.93217],[-63.3506,8.9132],[-63.33512,8.9237],[-63.31229,8.93109],[-63.27292,8.9252],[-63.1494,8.92548],[-63.13659,8.92471]]}},{"type":"Feature","id":"way/936519428","properties":{"name":"Carretera Nacional Temblador - Barrancas","highway":"trunk","ref":"T-15;L-6"},"geometry":{"type":"LineString","coordinates":[[-62.62978,9.00729],[-62.63298,9.00752]]}},{"type":"Feature","id":"way/936519429","properties":{"name":"Distribuidor Los Pozos","highway":"trunk","ref":"T-10;L-12"},"geometry":{"type":"LineString","coordinates":[[-62.71549,8.45959],[-62.71349,8.46054]]}},{"type":"Feature","id":"way/936519430","properties":{"name":"Carretera Nacional Temblador - Barrancas","highway":"primary","ref":"R-18"},"geometry":{"type":"LineString","coordinates":[[-62.25573,8.74513],[-62.25759,8.74583]]}},{"type":"Feature","id":"way/936519432","properties":{"name":"Distribuidor Los Pozos","highway":"trunk_link"},"geometry":{"type":"LineString","coordinates":[[-62.71054,8.46092],[-62.71057,8.46096]]}},{"type":"Feature","id":"way/936519433","properties":{"name":"Distribuidor Los Pozos","highway":"trunk_link"},"geometry":{"type":"LineString","coordinates":[[-62.71057,8.46096],[-62.7112,8.46146]]}},{"type":"Feature","id":"way/936519434","properties":{"name":"Distribuidor Los Pozos","highway":"trunk_link"},"geometry":{"type":"LineString","coordinates":[[-62.71145,8.46042],[-62.71108,8.46058]]}},{"type":"Feature","id":"way/936519435","properties":{"name":"Carretera Los Pozos - Los Barrancos","highway":"secondary","ref":"T-10"},"geometry":{"type":"LineString","coordinates":[[-62.71056,8.46045],[-62.71047,8.46067]]}},{"type":"Feature","id":"way/936519436","properties":{"name":"Distribuidor Los Pozos","highway":"trunk_link"},"geometry":{"type":"LineString","coordinates":[[-62.71108,8.46058],[-62.71054,8.46092]]}},{"type":"Feature","id":"way/936520088","properties":{"name":"Distribuidor Los Pozos","highway":"trunk_link"},"geometry":{"type":"LineString","coordinates":[[-62.71363,8.46064],[-62.71325,8.46048]]}},{"type":"Feature","id":"way/936520089","properties":{"name":"Distribuidor Los Pozos","highway":"trunk_link"},"geometry":{"type":"LineString","coordinates":[[-62.71054,8.46092],[-62.71039,8.46105]]}},{"type":"Feature","id":"way/936520090","properties":{"name":"Distribuidor Los Pozos","highway":"trunk_link"},"geometry":{"type":"LineString","coordinates":[[-62.71057,8.46096],[-62.71321,8.46054]]}},{"type":"Feature","id":"way/936520091","properties":{"name":"Distribuidor Los Pozos","highway":"trunk","ref":"L-12"},"geometry":{"type":"LineString","coordinates":[[-62.71002,8.46137],[-62.70986,8.46151]]}},{"type":"Feature","id":"way/936520092","properties":{"name":"Carretera Nacional V\u00eda a Macapaima","highway":"trunk","ref":"L-12"},"geometry":{"type":"LineString","coordinates":[[-62.71917,8.45908],[-62.78346,8.45494],[-62.78799,8.45362],[-62.79181,8.45093],[-62.79664,8.44433],[-62.83617,8.37976],[-62.83782,8.37491],[-62.83793,8.35811]]}},{"type":"Feature","id":"way/936520641","properties":{"name":"Carretera Nacional Temblador - Barrancas","highway":"trunk","ref":"T-15"},"geometry":{"type":"LineString","coordinates":[[-62.3412,8.77725],[-62.38381,8.79315]]}},{"type":"Feature","id":"way/936520642","properties":{"name":"Carretera Nacional Temblador - Barrancas","highway":"trunk","ref":"T-15"},"geometry":{"type":"LineString","coordinates":[[-62.38381,8.79315],[-62.38589,8.7936]]}},{"type":"Feature","id":"way/936520643","properties":{"name":"Carretera Nacional Temblador - Barrancas","highway":"trunk","ref":"T-15"},"geometry":{"type":"LineString","coordinates":[[-62.47319,8.80525],[-62.48763,8.81176],[-62.60177,8.93292],[-62.61973,8.97626],[-62.62707,9.00407],[-62.62978,9.00729]]}},{"type":"Feature","id":"way/936521243","properties":{"name":"Carretera Regional Morichal - Temblador","highway":"primary","ref":"T-15"},"geometry":{"type":"LineString","coordinates":[[-62.75251,8.98498],[-62.75202,8.98526]]}},{"type":"Feature","id":"way/936521244","properties":{"name":"Carretera Nacional V\u00eda al Sur","highway":"trunk","ref":"T-10"},"geometry":{"type":"LineString","coordinates":[[-62.75195,8.98477],[-62.75202,8.98526]]}},{"type":"Feature","id":"way/936521245","properties":{"name":"Carretera Nacional V\u00eda al Sur","highway":"trunk","ref":"T-10"},"geometry":{"type":"LineString","coordinates":[[-62.75212,8.98592],[-62.75215,8.98615]]}},{"type":"Feature","id":"way/936521246","properties":{"name":"Carretera Regional Morichal - Temblador","highway":"primary","ref":"T-15"},"geometry":{"type":"LineString","coordinates":[[-62.75251,8.98498],[-62.75271,8.98487]]}},{"type":"Feature","id":"way/936521247","properties":{"name":"Carretera Regional Morichal - Temblador","highway":"primary","ref":"T-15"},"geometry":{"type":"LineString","coordinates":[[-63.07749,8.84797],[-63.06736,8.85424],[-63.03729,8.86204],[-63.00373,8.8639],[-62.96216,8.8781],[-62.9279,8.89901],[-62.91352,8.90073],[-62.85422,8.93653],[-62.84271,8.94654],[-62.80315,8.95893],[-62.78643,8.96673],[-62.76652,8.97856],[-62.76189,8.9797],[-62.75271,8.98487]]}},{"type":"Feature","id":"way/936521248","properties":{"name":"Carretera Nacional V\u00eda al Sur","highway":"trunk","ref":"T-10"},"geometry":{"type":"LineString","coordinates":[[-62.75191,8.98444],[-62.75195,8.98477]]}},{"type":"Feature","id":"way/936521249","properties":{"name":"Carretera Nacional V\u00eda al Sur","highway":"trunk","ref":"T-10"},"geometry":{"type":"LineString","coordinates":[[-62.77282,8.68942],[-62.77104,8.71101],[-62.766,8.74082],[-62.75741,8.7768],[-62.75443,8.81918],[-62.74719,8.85985],[-62.74814,8.90618],[-62.74652,8.94536],[-62.75191,8.98444]]}},{"type":"Feature","id":"way/936521250","properties":{"name":"Carretera Nacional Matur\u00edn - Temblador","highway":"trunk","ref":"L-6"},"geometry":{"type":"LineString","coordinates":[[-62.64331,9.01331],[-62.64887,9.02428],[-62.65168,9.02798],[-62.73219,9.1014]]}},{"type":"Feature","id":"way/937905744","properties":{"name":"Carretera Nacional Casanay - Caripito","highway":"trunk","ref":"T-10"},"geometry":{"type":"LineString","coordinates":[[-63.08477,10.13996],[-63.08468,10.14124],[-63.08671,10.14368],[-63.08976,10.15773],[-63.09161,10.16026],[-63.0908,10.16228],[-63.08837,10.16282],[-63.08794,10.16374],[-63.08903,10.16592],[-63.09262,10.16746],[-63.0944,10.17026],[-63.09811,10.17294],[-63.09948,10.17769],[-63.09873,10.18116],[-63.10019,10.18329],[-63.10742,10.18393],[-63.10951,10.18126],[-63.1118,10.18498],[-63.11492,10.18415],[-63.11657,10.18464],[-63.12,10.1897],[-63.12773,10.18851],[-63.13787,10.1948],[-63.14447,10.19597]]}},{"type":"Feature","id":"way/937905745","properties":{"name":"Cruce del Indio","highway":"trunk","ref":"T-10"},"geometry":{"type":"LineString","coordinates":[[-63.1762,9.96179],[-63.17559,9.96216]]}},{"type":"Feature","id":"way/938211907","properties":{"highway":"tertiary","ref":"R-5"},"geometry":{"type":"LineString","coordinates":[[-63.79698,9.74397],[-63.79498,9.75233]]}},{"type":"Feature","id":"way/938212025","properties":{"name":"Carretera El Corozo - Amarilis","highway":"tertiary"},"geometry":{"type":"LineString","coordinates":[[-63.36109,9.66076],[-63.36172,9.66207]]}},{"type":"Feature","id":"way/938212026","properties":{"name":"Carretera El Corozo - Amarilis","highway":"tertiary"},"geometry":{"type":"LineString","coordinates":[[-63.3552,9.64584],[-63.35857,9.64929],[-63.36109,9.66076]]}},{"type":"Feature","id":"way/938218767","properties":{"name":"Calle Sucre","highway":"primary","ref":"L-7"},"geometry":{"type":"LineString","coordinates":[[-63.61734,9.81455],[-63.61852,9.82552]]}},{"type":"Feature","id":"way/939795583","properties":{"name":"Avenida Libertador","highway":"trunk","ref":"T-13"},"geometry":{"type":"LineString","coordinates":[[-63.17558,9.73207],[-63.17553,9.73209]]}},{"type":"Feature","id":"way/939795584","properties":{"name":"Avenida Libertador","highway":"trunk","ref":"T-13"},"geometry":{"type":"LineString","coordinates":[[-63.17582,9.732],[-63.1758,9.73201]]}},{"type":"Feature","id":"way/939795585","properties":{"name":"Retorno de San Vicente","highway":"trunk_link","ref":"T-13;R-34"},"geometry":{"type":"LineString","coordinates":[[-63.29216,9.70729],[-63.29219,9.70742]]}},{"type":"Feature","id":"way/939795586","properties":{"name":"Retorno de San Vicente","highway":"trunk_link"},"geometry":{"type":"LineString","coordinates":[[-63.29216,9.70729],[-63.29222,9.70715]]}},{"type":"Feature","id":"way/939795587","properties":{"name":"Retorno de San Vicente","highway":"trunk_link"},"geometry":{"type":"LineString","coordinates":[[-63.29199,9.70718],[-63.29216,9.70729]]}},{"type":"Feature","id":"way/939795588","properties":{"highway":"trunk_link"},"geometry":{"type":"LineString","coordinates":[[-63.42235,9.68295],[-63.42161,9.68236]]}},{"type":"Feature","id":"way/939795589","properties":{"name":"Carretera Nacional Barcelona - Matur\u00edn","highway":"trunk","ref":"T-13"},"geometry":{"type":"LineString","coordinates":[[-63.58761,9.66265],[-63.58822,9.66266]]}},{"type":"Feature","id":"way/939795591","properties":{"name":"Carretera Nacional Barcelona - Matur\u00edn","highway":"trunk","ref":"T-13"},"geometry":{"type":"LineString","coordinates":[[-63.58573,9.66243],[-63.57261,9.66254],[-63.56678,9.66434],[-63.54672,9.67634],[-63.51448,9.69953]]}},{"type":"Feature","id":"way/939926812","properties":{"name":"Carretera Regional Caicara - San Antonio","highway":"primary","ref":"L-7"},"geometry":{"type":"LineString","coordinates":[[-63.63453,9.84065],[-63.63736,9.84364],[-63.63898,9.85251],[-63.64824,9.8609],[-63.64765,9.86695],[-63.64978,9.8716],[-63.64858,9.87954],[-63.64743,9.8837],[-63.64319,9.88874],[-63.64546,9.89356],[-63.6468,9.90565],[-63.64516,9.91547],[-63.64587,9.91922],[-63.64956,9.92276],[-63.65257,9.93305],[-63.65469,9.93685],[-63.65358,9.94741],[-63.65499,9.95433],[-63.65228,9.95835]]}},{"type":"Feature","id":"way/939926818","properties":{"name":"Carretera Regional Caicara - Matur\u00edn","highway":"primary","ref":"L-7"},"geometry":{"type":"LineString","coordinates":[[-63.59291,9.80285],[-63.59127,9.80109]]}},{"type":"Feature","id":"way/939926819","properties":{"name":"Carretera Regional Caicara - Matur\u00edn","highway":"primary","ref":"L-7"},"geometry":{"type":"LineString","coordinates":[[-63.59101,9.80128],[-63.59168,9.802]]}},{"type":"Feature","id":"way/939926820","properties":{"name":"Carretera Regional Caicara - Matur\u00edn","highway":"primary","ref":"L-7"},"geometry":{"type":"LineString","coordinates":[[-63.55078,9.77508],[-63.55032,9.77469]]}},{"type":"Feature","id":"way/939926821","properties":{"name":"Carretera Nacional Cuman\u00e1 - Matur\u00edn","highway":"trunk","ref":"L-1"},"geometry":{"type":"LineString","coordinates":[[-63.72418,10.11337],[-63.72469,10.11591],[-63.72348,10.1178],[-63.72199,10.11918],[-63.71985,10.11945]]}},{"type":"Feature","id":"way/939926822","properties":{"name":"Carretera Nacional Cuman\u00e1 - Matur\u00edn","highway":"trunk","ref":"L-1"},"geometry":{"type":"LineString","coordinates":[[-63.60659,10.07368],[-63.60969,10.07662],[-63.60946,10.07775]]}},{"type":"Feature","id":"way/939926823","properties":{"name":"Avenida Armando S\u00e1nchez Bueno","highway":"trunk","ref":"L-1"},"geometry":{"type":"LineString","coordinates":[[-63.47748,9.96821],[-63.48072,9.97078],[-63.48733,9.97206],[-63.49206,9.97517]]}},{"type":"Feature","id":"way/939926824","properties":{"name":"Carretera Nacional Cuman\u00e1 - Matur\u00edn","highway":"trunk","ref":"L-1"},"geometry":{"type":"LineString","coordinates":[[-63.71985,10.11945],[-63.716,10.11902],[-63.71232,10.12084],[-63.70009,10.11945],[-63.69655,10.1217],[-63.69836,10.12446],[-63.69445,10.13062],[-63.68884,10.1354],[-63.68389,10.14291],[-63.6843,10.14516],[-63.68615,10.14722],[-63.68647,10.15014],[-63.69212,10.14992],[-63.69711,10.15255],[-63.70792,10.1502],[-63.71036,10.15238],[-63.7102,10.15447],[-63.71222,10.15905],[-63.71224,10.16323],[-63.71748,10.16286],[-63.71887,10.16529],[-63.72548,10.16437],[-63.72799,10.16332],[-63.7297,10.16101],[-63.74001,10.15863],[-63.74554,10.15942],[-63.75323,10.15838],[-63.75778,10.16134],[-63.76532,10.16164],[-63.76682,10.16328],[-63.76969,10.16143]]}},{"type":"Feature","id":"way/939926825","properties":{"name":"Carretera Regional Punta de Mata - Jusep\u00edn","highway":"primary","ref":"L-3;L-7"},"geometry":{"type":"LineString","coordinates":[[-63.46812,9.75551],[-63.46789,9.75554]]}},{"type":"Feature","id":"way/939926826","properties":{"name":"Avenida Zona Industrial","highway":"primary","ref":"R-10"},"geometry":{"type":"LineString","coordinates":[[-63.26272,9.70851],[-63.26441,9.71135]]}},{"type":"Feature","id":"way/940034772","properties":{"name":"Carretera Regional Santa B\u00e1rbara - Aguasay","highway":"primary","ref":"L-5"},"geometry":{"type":"LineString","coordinates":[[-63.73232,9.43647],[-63.73008,9.44296],[-63.72113,9.45133],[-63.6785,9.47551],[-63.66809,9.48335],[-63.66463,9.48828]]}},{"type":"Feature","id":"way/940034773","properties":{"name":"Carretera Regional Santa B\u00e1rbara - Aguasay","highway":"primary","ref":"L-5"},"geometry":{"type":"LineString","coordinates":[[-63.66066,9.50004],[-63.66067,9.5048],[-63.67251,9.52332],[-63.67272,9.52714],[-63.61641,9.60461]]}},{"type":"Feature","id":"way/940034774","properties":{"name":"Carretera Regional Caicara - Punta de Mata","highway":"primary","ref":"L-5"},"geometry":{"type":"LineString","coordinates":[[-63.61749,9.69045],[-63.61674,9.70342],[-63.61849,9.70585]]}},{"type":"Feature","id":"way/940169745","properties":{"highway":"primary","ref":"L-2;R-4"},"geometry":{"type":"LineString","coordinates":[[-63.55125,10.15077],[-63.55146,10.15174]]}},{"type":"Feature","id":"way/940169746","properties":{"name":"Carretera Principal de Caripe","highway":"primary","ref":"L-2;R-4"},"geometry":{"type":"LineString","coordinates":[[-63.55125,10.15077],[-63.55301,10.15238]]}},{"type":"Feature","id":"way/940169747","properties":{"highway":"primary","ref":"L-2;R-4"},"geometry":{"type":"LineString","coordinates":[[-63.55146,10.15174],[-63.55301,10.15238]]}},{"type":"Feature","id":"way/940169748","properties":{"name":"Carretera Perimetral de Caripito","highway":"trunk","ref":"T-10"},"geometry":{"type":"LineString","coordinates":[[-63.09639,10.13008],[-63.09585,10.13063]]}},{"type":"Feature","id":"way/940169749","properties":{"name":"Carretera Perimetral de Caripito","highway":"trunk","ref":"T-10"},"geometry":{"type":"LineString","coordinates":[[-63.09585,10.13063],[-63.09161,10.1352],[-63.08957,10.13611],[-63.08796,10.13915],[-63.08477,10.13996]]}},{"type":"Feature","id":"way/940169750","properties":{"name":"Carretera Regional El Blanquero - Morichal","highway":"primary","ref":"R-24"},"geometry":{"type":"LineString","coordinates":[[-63.13029,8.92407],[-63.13492,8.9271]]}},{"type":"Feature","id":"way/940169751","properties":{"name":"Carretera Regional San Tom\u00e9 - Morichal","highway":"primary","ref":"T-15"},"geometry":{"type":"LineString","coordinates":[[-63.13659,8.92471],[-63.13029,8.92407]]}},{"type":"Feature","id":"way/942842893","properties":{"name":"Carretera Nacional V\u00eda al Sur","highway":"trunk","ref":"T-10"},"geometry":{"type":"LineString","coordinates":[[-63.13864,9.64656],[-63.14036,9.66044],[-63.14853,9.67827]]}},{"type":"Feature","id":"way/942842894","properties":{"name":"Carretera Nacional V\u00eda al Sur","highway":"trunk","ref":"T-10"},"geometry":{"type":"LineString","coordinates":[[-63.14853,9.67827],[-63.1492,9.67971]]}},{"type":"Feature","id":"way/942842895","properties":{"name":"Carretera Nacional Barcelona - Matur\u00edn","highway":"trunk","ref":"T-13"},"geometry":{"type":"LineString","coordinates":[[-63.5085,9.70119],[-63.49948,9.69945],[-63.48582,9.6943],[-63.4728,9.69766],[-63.46511,9.69664],[-63.44521,9.68834],[-63.42162,9.68288]]}},{"type":"Feature","id":"way/942842896","properties":{"name":"Carretera Nacional Barcelona - Matur\u00edn","highway":"trunk","ref":"T-13"},"geometry":{"type":"LineString","coordinates":[[-63.50924,9.70131],[-63.5085,9.70119]]}},{"type":"Feature","id":"way/942842897","properties":{"name":"Carretera Regional Punta de Mata - Jusep\u00edn","highway":"primary","ref":"L-3;L-7"},"geometry":{"type":"LineString","coordinates":[[-63.5096,9.70449],[-63.50949,9.70459]]}},{"type":"Feature","id":"way/942842898","properties":{"name":"Carretera Perimetral de Caripito","highway":"trunk","ref":"T-10"},"geometry":{"type":"LineString","coordinates":[[-63.09438,10.08882],[-63.10038,10.09867],[-63.11879,10.10864],[-63.12096,10.11543],[-63.12027,10.11699],[-63.11699,10.11802],[-63.10723,10.11693],[-63.10262,10.12143],[-63.09736,10.12315],[-63.09639,10.13008]]}},{"type":"Feature","id":"way/942842899","properties":{"highway":"trunk_link","ref":"T-10;R-13"},"geometry":{"type":"LineString","coordinates":[[-63.09417,10.08876],[-63.09388,10.08892]]}},{"type":"Feature","id":"way/942842900","properties":{"name":"Avenida Jerusal\u00e9n","highway":"tertiary","ref":"R-13"},"geometry":{"type":"LineString","coordinates":[[-63.09388,10.08892],[-63.0906,10.10526],[-63.09143,10.10965]]}},{"type":"Feature","id":"way/942842901","properties":{"name":"Carretera Nacional Matur\u00edn - Caripito","highway":"trunk","ref":"T-10"},"geometry":{"type":"LineString","coordinates":[[-63.09417,10.0876],[-63.09412,10.08784]]}},{"type":"Feature","id":"way/946022002","properties":{"name":"Carretera Regional (Aguasay - San tome) \"Avenida Nacional Emperatriz Guzman\"","highway":"primary","ref":"L-5"},"geometry":{"type":"LineString","coordinates":[[-63.73232,9.43647],[-63.73263,9.42777],[-63.74054,9.42399]]}},{"type":"Feature","id":"way/946022003","properties":{"name":"Carretera Regional (Aguasay - San tome) \"Avenida Nacional Emperatriz Guzman\"","highway":"primary","ref":"L-5"},"geometry":{"type":"LineString","coordinates":[[-63.73335,9.42689],[-63.73217,9.42866],[-63.73232,9.43647]]}},{"type":"Feature","id":"way/946022004","properties":{"name":"Carretera Regional Punta de Mata - Santa B\u00e1rbara","highway":"primary","ref":"L-5"},"geometry":{"type":"LineString","coordinates":[[-63.64367,9.64921],[-63.64347,9.64953]]}},{"type":"Feature","id":"way/946022005","properties":{"name":"Carretera Regional Punta de Mata - Santa B\u00e1rbara","highway":"primary","ref":"L-5"},"geometry":{"type":"LineString","coordinates":[[-63.64347,9.64953],[-63.64067,9.65935]]}},{"type":"Feature","id":"way/947269387","properties":{"name":"Carretera Nacional V\u00eda al Sur","highway":"trunk","ref":"T-10"},"geometry":{"type":"LineString","coordinates":[[-62.77158,8.67052],[-62.77303,8.6832],[-62.77282,8.68942]]}},{"type":"Feature","id":"way/947269388","properties":{"name":"Carretera Nacional V\u00eda al Sur","highway":"trunk","ref":"T-10"},"geometry":{"type":"LineString","coordinates":[[-62.77019,8.65956],[-62.77156,8.67038]]}},{"type":"Feature","id":"way/947269390","properties":{"name":"Puente Uracoa","highway":"trunk","ref":"T-10"},"geometry":{"type":"LineString","coordinates":[[-62.77156,8.67038],[-62.77158,8.67052]]}},{"type":"Feature","id":"way/947269391","properties":{"name":"Carretera Nacional V\u00eda al Sur","highway":"trunk","ref":"T-10"},"geometry":{"type":"LineString","coordinates":[[-62.71249,8.46408],[-62.72879,8.50572],[-62.73569,8.53862],[-62.75015,8.57381],[-62.76138,8.61518],[-62.77004,8.65874]]}},{"type":"Feature","id":"way/947353940","properties":{"name":"Carretera Nacional V\u00eda al Sur","highway":"trunk","ref":"T-10"},"geometry":{"type":"LineString","coordinates":[[-63.13863,9.64624],[-63.13864,9.64656]]}},{"type":"Feature","id":"way/947353941","properties":{"name":"Carretera Nacional V\u00eda al Sur","highway":"trunk","ref":"T-10"},"geometry":{"type":"LineString","coordinates":[[-63.13861,9.64534],[-63.13863,9.64624]]}},{"type":"Feature","id":"way/947353955","properties":{"name":"Peaje de El Blanquero","highway":"trunk","ref":"T-10"},"geometry":{"type":"LineString","coordinates":[[-63.01301,9.40049],[-63.01304,9.40061]]}},{"type":"Feature","id":"way/947353956","properties":{"name":"Peaje de El Blanquero","highway":"trunk","ref":"T-10"},"geometry":{"type":"LineString","coordinates":[[-63.01304,9.40061],[-63.01333,9.40144]]}},{"type":"Feature","id":"way/947353957","properties":{"name":"Peaje de El Blanquero","highway":"trunk","ref":"T-10"},"geometry":{"type":"LineString","coordinates":[[-63.01307,9.40048],[-63.01309,9.4006]]}},{"type":"Feature","id":"way/947353958","properties":{"name":"Peaje de El Blanquero","highway":"trunk","ref":"T-10"},"geometry":{"type":"LineString","coordinates":[[-63.01309,9.4006],[-63.01333,9.40144]]}},{"type":"Feature","id":"way/947353959","properties":{"name":"Peaje de El Blanquero","highway":"trunk","ref":"T-10"},"geometry":{"type":"LineString","coordinates":[[-63.01315,9.40059],[-63.01312,9.40047]]}},{"type":"Feature","id":"way/947353960","properties":{"name":"Peaje de El Blanquero","highway":"trunk","ref":"T-10"},"geometry":{"type":"LineString","coordinates":[[-63.01312,9.40047],[-63.01291,9.39969]]}},{"type":"Feature","id":"way/947353961","properties":{"name":"Peaje de El Blanquero","highway":"trunk","ref":"T-10"},"geometry":{"type":"LineString","coordinates":[[-63.0132,9.40058],[-63.01317,9.40046]]}},{"type":"Feature","id":"way/947353962","properties":{"name":"Peaje de El Blanquero","highway":"trunk","ref":"T-10"},"geometry":{"type":"LineString","coordinates":[[-63.01333,9.40144],[-63.0132,9.40058]]}},{"type":"Feature","id":"way/947353963","properties":{"name":"Peaje de El Blanquero","highway":"trunk","ref":"T-10"},"geometry":{"type":"LineString","coordinates":[[-63.01317,9.40046],[-63.01301,9.39984]]}},{"type":"Feature","id":"way/947353964","properties":{"name":"Peaje de El Blanquero","highway":"trunk","ref":"T-10"},"geometry":{"type":"LineString","coordinates":[[-63.01333,9.40144],[-63.01315,9.40059]]}},{"type":"Feature","id":"way/947353965","properties":{"name":"Peaje de El Blanquero","highway":"trunk","ref":"T-10"},"geometry":{"type":"LineString","coordinates":[[-63.01291,9.39969],[-63.01301,9.40049]]}},{"type":"Feature","id":"way/947353966","properties":{"name":"Peaje de El Blanquero","highway":"trunk","ref":"T-10"},"geometry":{"type":"LineString","coordinates":[[-63.01291,9.39969],[-63.01307,9.40048]]}},{"type":"Feature","id":"way/947353967","properties":{"name":"Carretera Nacional V\u00eda al Sur","highway":"trunk","ref":"T-10"},"geometry":{"type":"LineString","coordinates":[[-63.01333,9.40144],[-63.02348,9.44334]]}},{"type":"Feature","id":"way/947353971","properties":{"name":"Carretera Nacional V\u00eda al Sur","highway":"trunk","ref":"T-10"},"geometry":{"type":"LineString","coordinates":[[-63.01388,9.37148],[-63.01011,9.38639],[-63.01291,9.39969]]}},{"type":"Feature","id":"way/947353972","properties":{"name":"Carretera Nacional V\u00eda al Sur","highway":"trunk","ref":"T-10"},"geometry":{"type":"LineString","coordinates":[[-62.9856,9.34128],[-62.98765,9.3459],[-63.00267,9.35237],[-63.00551,9.35447],[-63.01292,9.36627],[-63.01388,9.37148]]}},{"type":"Feature","id":"way/947353978","properties":{"name":"Carretera Nacional V\u00eda al Sur","highway":"trunk","ref":"T-10"},"geometry":{"type":"LineString","coordinates":[[-63.12406,9.58106],[-63.12869,9.59406],[-63.1378,9.60604],[-63.13861,9.64534]]}},{"type":"Feature","id":"way/947353979","properties":{"name":"Carretera Nacional V\u00eda al Sur","highway":"trunk","ref":"T-10"},"geometry":{"type":"LineString","coordinates":[[-63.1238,9.58049],[-63.12406,9.58106]]}},{"type":"Feature","id":"way/947353980","properties":{"name":"Carretera Nacional V\u00eda al Sur","highway":"trunk","ref":"T-10"},"geometry":{"type":"LineString","coordinates":[[-63.024,9.44548],[-63.02866,9.46464],[-63.03134,9.47005],[-63.11668,9.56589],[-63.1238,9.58049]]}},{"type":"Feature","id":"way/947353981","properties":{"name":"Carretera Nacional V\u00eda al Sur","highway":"trunk","ref":"T-10"},"geometry":{"type":"LineString","coordinates":[[-62.98546,9.34066],[-62.9856,9.34128]]}},{"type":"Feature","id":"way/948552800","properties":{"name":"Retorno","highway":"trunk_link","ref":"T-13"},"geometry":{"type":"LineString","coordinates":[[-63.20565,9.7498],[-63.20552,9.74953]]}},{"type":"Feature","id":"way/948552801","properties":{"name":"Retorno","highway":"trunk_link","ref":"T-13"},"geometry":{"type":"LineString","coordinates":[[-63.20118,9.75052],[-63.20135,9.75085]]}},{"type":"Feature","id":"way/948552802","properties":{"name":"Retorno","highway":"trunk_link","ref":"T-13"},"geometry":{"type":"LineString","coordinates":[[-63.202,9.75068],[-63.2018,9.75038]]}},{"type":"Feature","id":"way/948552803","properties":{"name":"Distribuidor Guarapiche","highway":"trunk","ref":"T-10;T-13"},"geometry":{"type":"LineString","coordinates":[[-63.1848,9.75585],[-63.18521,9.75465]]}},{"type":"Feature","id":"way/948552804","properties":{"name":"Distribuidor Guarapiche","highway":"trunk_link","ref":"T-10;T-13"},"geometry":{"type":"LineString","coordinates":[[-63.18254,9.7526],[-63.18288,9.75446]]}},{"type":"Feature","id":"way/948552805","properties":{"name":"Distribuidor Guarapiche","highway":"trunk","ref":"T-10;T-13"},"geometry":{"type":"LineString","coordinates":[[-63.18544,9.75444],[-63.1846,9.75459]]}},{"type":"Feature","id":"way/948552806","properties":{"name":"Distribuidor Guarapiche","highway":"trunk","ref":"T-10;T-13"},"geometry":{"type":"LineString","coordinates":[[-63.18283,9.75458],[-63.18521,9.75465]]}},{"type":"Feature","id":"way/948552807","properties":{"name":"Distribuidor Guarapiche","highway":"trunk","ref":"T-10;T-13"},"geometry":{"type":"LineString","coordinates":[[-63.1846,9.75459],[-63.18038,9.75409]]}},{"type":"Feature","id":"way/948552808","properties":{"name":"Retorno","highway":"trunk_link","ref":"T-10;T-13"},"geometry":{"type":"LineString","coordinates":[[-63.18679,9.75434],[-63.18673,9.75407]]}},{"type":"Feature","id":"way/948552809","properties":{"name":"Retorno","highway":"trunk_link","ref":"T-10;T-13"},"geometry":{"type":"LineString","coordinates":[[-63.18673,9.75407],[-63.18544,9.75444]]}},{"type":"Feature","id":"way/948552810","properties":{"name":"Retorno","highway":"trunk_link","ref":"T-10;T-13"},"geometry":{"type":"LineString","coordinates":[[-63.18521,9.75465],[-63.18679,9.75434]]}},{"type":"Feature","id":"way/948552811","properties":{"name":"Distribuidor Guarapiche","highway":"trunk","ref":"T-10;T-13"},"geometry":{"type":"LineString","coordinates":[[-63.18056,9.75421],[-63.18283,9.75458]]}},{"type":"Feature","id":"way/948552812","properties":{"name":"Retorno","highway":"trunk_link","ref":"T-10;T-13"},"geometry":{"type":"LineString","coordinates":[[-63.17906,9.75406],[-63.17908,9.75433]]}},{"type":"Feature","id":"way/948552813","properties":{"name":"Retorno","highway":"trunk_link","ref":"T-10;T-13"},"geometry":{"type":"LineString","coordinates":[[-63.17908,9.75433],[-63.18056,9.75421]]}},{"type":"Feature","id":"way/948552814","properties":{"highway":"trunk_link","ref":"T-10"},"geometry":{"type":"LineString","coordinates":[[-63.17661,9.75419],[-63.17678,9.75441]]}},{"type":"Feature","id":"way/948552815","properties":{"highway":"trunk_link"},"geometry":{"type":"LineString","coordinates":[[-63.17608,9.75446],[-63.1762,9.75421]]}},{"type":"Feature","id":"way/948552816","properties":{"name":"Retorno","highway":"trunk_link","ref":"T-10;T-13"},"geometry":{"type":"LineString","coordinates":[[-63.18038,9.75409],[-63.17906,9.75406]]}},{"type":"Feature","id":"way/948552818","properties":{"highway":"trunk_link","ref":"T-10"},"geometry":{"type":"LineString","coordinates":[[-63.167,9.75002],[-63.16716,9.75015]]}},{"type":"Feature","id":"way/948552819","properties":{"highway":"trunk_link","ref":"T-10"},"geometry":{"type":"LineString","coordinates":[[-63.16739,9.75006],[-63.16723,9.74991]]}},{"type":"Feature","id":"way/948552820","properties":{"highway":"trunk_link","ref":"T-10"},"geometry":{"type":"LineString","coordinates":[[-63.16638,9.74751],[-63.16653,9.74762]]}},{"type":"Feature","id":"way/948552821","properties":{"highway":"trunk_link","ref":"T-10"},"geometry":{"type":"LineString","coordinates":[[-63.16621,9.74684],[-63.16635,9.7469]]}},{"type":"Feature","id":"way/948552822","properties":{"highway":"trunk_link","ref":"T-10"},"geometry":{"type":"LineString","coordinates":[[-63.16651,9.74654],[-63.16635,9.74638]]}},{"type":"Feature","id":"way/948552823","properties":{"highway":"trunk_link"},"geometry":{"type":"LineString","coordinates":[[-63.16639,9.74708],[-63.16667,9.74719]]}},{"type":"Feature","id":"way/948552824","properties":{"highway":"trunk_link","ref":"T-13"},"geometry":{"type":"LineString","coordinates":[[-63.16458,9.73931],[-63.16611,9.73832]]}},{"type":"Feature","id":"way/948552826","properties":{"name":"Avenida Ra\u00fal Leoni","highway":"trunk_link","ref":"T-13"},"geometry":{"type":"LineString","coordinates":[[-63.16379,9.73716],[-63.16404,9.73842],[-63.16265,9.73941]]}},{"type":"Feature","id":"way/948552827","properties":{"name":"Avenida Ra\u00fal Leoni","highway":"trunk_link","ref":"T-10"},"geometry":{"type":"LineString","coordinates":[[-63.16707,9.73794],[-63.16461,9.73844],[-63.16422,9.73739]]}},{"type":"Feature","id":"way/948552828","properties":{"name":"Avenida Ra\u00fal Leoni","highway":"trunk_link","ref":"T-13"},"geometry":{"type":"LineString","coordinates":[[-63.16384,9.73688],[-63.16379,9.73716]]}},{"type":"Feature","id":"way/948552829","properties":{"name":"Avenida Ra\u00fal Leoni","highway":"trunk_link","ref":"T-10"},"geometry":{"type":"LineString","coordinates":[[-63.16422,9.73739],[-63.16405,9.73718]]}},{"type":"Feature","id":"way/948552835","properties":{"name":"Retorno","highway":"trunk_link"},"geometry":{"type":"LineString","coordinates":[[-63.15846,9.73039],[-63.15868,9.73005]]}},{"type":"Feature","id":"way/948552836","properties":{"name":"Retorno","highway":"trunk_link"},"geometry":{"type":"LineString","coordinates":[[-63.1585,9.72994],[-63.15831,9.73031]]}},{"type":"Feature","id":"way/948552843","properties":{"name":"Retorno","highway":"trunk_link","ref":"T-10"},"geometry":{"type":"LineString","coordinates":[[-63.1512,9.69997],[-63.15146,9.69998]]}},{"type":"Feature","id":"way/948552844","properties":{"name":"Retorno","highway":"trunk_link","ref":"T-10"},"geometry":{"type":"LineString","coordinates":[[-63.15149,9.69792],[-63.15121,9.69791]]}},{"type":"Feature","id":"way/948552845","properties":{"name":"Retorno del Club Chino","highway":"trunk_link","ref":"T-10"},"geometry":{"type":"LineString","coordinates":[[-63.15125,9.72014],[-63.15123,9.71993]]}},{"type":"Feature","id":"way/948552846","properties":{"name":"Retorno del Club Chino","highway":"trunk_link","ref":"T-10"},"geometry":{"type":"LineString","coordinates":[[-63.15123,9.71993],[-63.15088,9.72043]]}},{"type":"Feature","id":"way/948552847","properties":{"name":"Retorno del Club Chino","highway":"trunk_link"},"geometry":{"type":"LineString","coordinates":[[-63.15123,9.71993],[-63.15089,9.71916]]}},{"type":"Feature","id":"way/948552853","properties":{"name":"Retorno","highway":"trunk_link","ref":"T-10"},"geometry":{"type":"LineString","coordinates":[[-63.15184,9.72629],[-63.15182,9.72678]]}},{"type":"Feature","id":"way/948552854","properties":{"name":"Retorno","highway":"trunk_link","ref":"T-10"},"geometry":{"type":"LineString","coordinates":[[-63.15103,9.72566],[-63.15124,9.7252]]}},{"type":"Feature","id":"way/948552856","properties":{"name":"Avenida Ra\u00fal Leoni","highway":"trunk","ref":"T-10"},"geometry":{"type":"LineString","coordinates":[[-63.16425,9.73852],[-63.16433,9.73884]]}},{"type":"Feature","id":"way/948552857","properties":{"name":"Avenida Ra\u00fal Leoni","highway":"trunk","ref":"T-10"},"geometry":{"type":"LineString","coordinates":[[-63.16433,9.73884],[-63.1686,9.75402],[-63.17052,9.75481],[-63.18056,9.75421]]}},{"type":"Feature","id":"way/948552858","properties":{"name":"Avenida Ra\u00fal Leoni","highway":"trunk","ref":"T-10"},"geometry":{"type":"LineString","coordinates":[[-63.16445,9.7388],[-63.16438,9.73849]]}},{"type":"Feature","id":"way/948552859","properties":{"name":"Avenida Ra\u00fal Leoni","highway":"trunk","ref":"T-10"},"geometry":{"type":"LineString","coordinates":[[-63.16438,9.73849],[-63.16253,9.73264],[-63.1565,9.72911]]}},{"type":"Feature","id":"way/948552860","properties":{"name":"Distribuidor Guarapiche","highway":"trunk","ref":"T-10"},"geometry":{"type":"LineString","coordinates":[[-63.18283,9.75458],[-63.18454,9.75591]]}},{"type":"Feature","id":"way/948552861","properties":{"name":"Distribuidor Guarapiche","highway":"trunk_link"},"geometry":{"type":"LineString","coordinates":[[-63.1846,9.75459],[-63.18268,9.75284]]}},{"type":"Feature","id":"way/948552864","properties":{"name":"Avenida Ra\u00fal Leoni","highway":"trunk","ref":"T-10"},"geometry":{"type":"LineString","coordinates":[[-63.1565,9.72911],[-63.15616,9.72895]]}},{"type":"Feature","id":"way/948552865","properties":{"name":"Avenida Ra\u00fal Leoni","highway":"trunk","ref":"T-10"},"geometry":{"type":"LineString","coordinates":[[-63.1561,9.72909],[-63.15643,9.72924]]}},{"type":"Feature","id":"way/948552866","properties":{"name":"Avenida Ra\u00fal Leoni","highway":"trunk","ref":"T-10"},"geometry":{"type":"LineString","coordinates":[[-63.14994,9.68129],[-63.1513,9.68604],[-63.15089,9.71916]]}},{"type":"Feature","id":"way/948552871","properties":{"name":"Avenida Cruz Peraza","highway":"trunk","ref":"T-13"},"geometry":{"type":"LineString","coordinates":[[-63.215,9.73706],[-63.21578,9.73998],[-63.21533,9.74286],[-63.21039,9.74819],[-63.18544,9.75444]]}},{"type":"Feature","id":"way/948552872","properties":{"name":"Avenida Cruz Peraza","highway":"trunk","ref":"T-13"},"geometry":{"type":"LineString","coordinates":[[-63.18521,9.75465],[-63.21047,9.74832],[-63.21526,9.74339],[-63.2157,9.73684]]}},{"type":"Feature","id":"way/949249910","properties":{"highway":"trunk_link","ref":"T-10"},"geometry":{"type":"LineString","coordinates":[[-63.20255,9.79008],[-63.20243,9.79003]]}},{"type":"Feature","id":"way/949249911","properties":{"highway":"trunk_link"},"geometry":{"type":"LineString","coordinates":[[-63.20269,9.79071],[-63.20273,9.79056]]}},{"type":"Feature","id":"way/949249912","properties":{"highway":"trunk_link"},"geometry":{"type":"LineString","coordinates":[[-63.20336,9.79213],[-63.20315,9.79186]]}},{"type":"Feature","id":"way/949249913","properties":{"highway":"trunk_link"},"geometry":{"type":"LineString","coordinates":[[-63.20343,9.79253],[-63.20336,9.79213]]}},{"type":"Feature","id":"way/949249914","properties":{"highway":"trunk_link","ref":"T-10"},"geometry":{"type":"LineString","coordinates":[[-63.2077,9.80405],[-63.20787,9.80419]]}},{"type":"Feature","id":"way/949249915","properties":{"highway":"trunk_link"},"geometry":{"type":"LineString","coordinates":[[-63.2077,9.80375],[-63.2077,9.80405]]}},{"type":"Feature","id":"way/949249916","properties":{"highway":"trunk_link"},"geometry":{"type":"LineString","coordinates":[[-63.20493,9.797],[-63.20511,9.79716]]}},{"type":"Feature","id":"way/949249917","properties":{"highway":"trunk_link"},"geometry":{"type":"LineString","coordinates":[[-63.20493,9.79669],[-63.20493,9.797]]}},{"type":"Feature","id":"way/949249918","properties":{"highway":"trunk_link"},"geometry":{"type":"LineString","coordinates":[[-63.20303,9.79215],[-63.20318,9.79226]]}},{"type":"Feature","id":"way/949249919","properties":{"highway":"trunk_link"},"geometry":{"type":"LineString","coordinates":[[-63.20306,9.79195],[-63.20303,9.79215]]}},{"type":"Feature","id":"way/949249920","properties":{"highway":"trunk_link"},"geometry":{"type":"LineString","coordinates":[[-63.20261,9.7908],[-63.20259,9.791]]}},{"type":"Feature","id":"way/949249921","properties":{"highway":"trunk_link"},"geometry":{"type":"LineString","coordinates":[[-63.20029,9.78567],[-63.20047,9.78584]]}},{"type":"Feature","id":"way/949249922","properties":{"highway":"trunk_link"},"geometry":{"type":"LineString","coordinates":[[-63.20024,9.78538],[-63.20029,9.78567]]}},{"type":"Feature","id":"way/949249923","properties":{"highway":"trunk_link"},"geometry":{"type":"LineString","coordinates":[[-63.19799,9.78135],[-63.19815,9.78145]]}},{"type":"Feature","id":"way/949249924","properties":{"name":"Avenida Alirio Ugarte Pelayo","highway":"secondary","ref":"R-57"},"geometry":{"type":"LineString","coordinates":[[-63.19774,9.78088],[-63.19799,9.78135]]}},{"type":"Feature","id":"way/949249925","properties":{"highway":"trunk_link"},"geometry":{"type":"LineString","coordinates":[[-63.19772,9.78066],[-63.19774,9.78088]]}},{"type":"Feature","id":"way/949249926","properties":{"highway":"trunk_link","ref":"T-10"},"geometry":{"type":"LineString","coordinates":[[-63.18934,9.76462],[-63.1892,9.76454]]}},{"type":"Feature","id":"way/949249927","properties":{"highway":"trunk_link"},"geometry":{"type":"LineString","coordinates":[[-63.18932,9.76477],[-63.18934,9.76462]]}},{"type":"Feature","id":"way/949249928","properties":{"highway":"trunk_link"},"geometry":{"type":"LineString","coordinates":[[-63.1891,9.76459],[-63.18911,9.76477]]}},{"type":"Feature","id":"way/949249929","properties":{"highway":"trunk_link","ref":"T-10"},"geometry":{"type":"LineString","coordinates":[[-63.18911,9.76477],[-63.18922,9.76482]]}},{"type":"Feature","id":"way/949249930","properties":{"highway":"trunk_link","ref":"T-10"},"geometry":{"type":"LineString","coordinates":[[-63.18659,9.75933],[-63.18642,9.75921]]}},{"type":"Feature","id":"way/949249931","properties":{"highway":"trunk_link"},"geometry":{"type":"LineString","coordinates":[[-63.1866,9.75953],[-63.18659,9.75933]]}},{"type":"Feature","id":"way/949249932","properties":{"highway":"trunk_link","ref":"T-10"},"geometry":{"type":"LineString","coordinates":[[-63.18636,9.75949],[-63.18649,9.75958]]}},{"type":"Feature","id":"way/949249933","properties":{"highway":"trunk_link"},"geometry":{"type":"LineString","coordinates":[[-63.18633,9.75927],[-63.18636,9.75949]]}},{"type":"Feature","id":"way/949249934","properties":{"highway":"trunk_link","ref":"T-10"},"geometry":{"type":"LineString","coordinates":[[-63.18809,9.76285],[-63.18821,9.76293]]}},{"type":"Feature","id":"way/949249935","properties":{"highway":"trunk_link"},"geometry":{"type":"LineString","coordinates":[[-63.18807,9.76265],[-63.18809,9.76285]]}},{"type":"Feature","id":"way/949249936","properties":{"highway":"trunk_link","ref":"T-10"},"geometry":{"type":"LineString","coordinates":[[-63.18705,9.7608],[-63.18718,9.7609]]}},{"type":"Feature","id":"way/949249937","properties":{"highway":"trunk_link"},"geometry":{"type":"LineString","coordinates":[[-63.18685,9.76025],[-63.18683,9.76038]]}},{"type":"Feature","id":"way/949249939","properties":{"highway":"trunk_link","ref":"T-10"},"geometry":{"type":"LineString","coordinates":[[-63.18741,9.7609],[-63.18726,9.76082]]}},{"type":"Feature","id":"way/949249940","properties":{"highway":"trunk_link"},"geometry":{"type":"LineString","coordinates":[[-63.20476,9.79554],[-63.2046,9.79531]]}},{"type":"Feature","id":"way/949249941","properties":{"name":"Avenida Alirio Ugarte Pelayo","highway":"secondary","ref":"R-57"},"geometry":{"type":"LineString","coordinates":[[-63.19508,9.7758],[-63.19774,9.78088]]}},{"type":"Feature","id":"way/949249956","properties":{"name":"Avenida Alirio Ugarte Pelayo","highway":"trunk","ref":"T-10"},"geometry":{"type":"LineString","coordinates":[[-63.1947,9.77509],[-63.19487,9.77541]]}},{"type":"Feature","id":"way/949249957","properties":{"name":"Avenida Alirio Ugarte Pelayo","highway":"trunk","ref":"T-10"},"geometry":{"type":"LineString","coordinates":[[-63.19498,9.77536],[-63.1948,9.77503]]}},{"type":"Feature","id":"way/949249958","properties":{"name":"Avenida Alirio Ugarte Pelayo","highway":"trunk","ref":"T-10"},"geometry":{"type":"LineString","coordinates":[[-63.1948,9.77503],[-63.18932,9.76477]]}},{"type":"Feature","id":"way/949249959","properties":{"name":"Avenida Alirio Ugarte Pelayo","highway":"trunk","ref":"T-10"},"geometry":{"type":"LineString","coordinates":[[-63.18546,9.75764],[-63.18633,9.75927]]}},{"type":"Feature","id":"way/949249960","properties":{"name":"Retorno","highway":"trunk_link"},"geometry":{"type":"LineString","coordinates":[[-63.20413,9.795],[-63.20445,9.79482]]}},{"type":"Feature","id":"way/949249961","properties":{"name":"Retorno","highway":"trunk_link"},"geometry":{"type":"LineString","coordinates":[[-63.20411,9.79394],[-63.20374,9.79409]]}},{"type":"Feature","id":"way/949249962","properties":{"name":"Retorno","highway":"trunk_link"},"geometry":{"type":"LineString","coordinates":[[-63.20357,9.79352],[-63.20383,9.79334]]}},{"type":"Feature","id":"way/949249964","properties":{"name":"Avenida Alirio Ugarte Pelayo","highway":"trunk","ref":"T-10"},"geometry":{"type":"LineString","coordinates":[[-63.21125,9.81184],[-63.21078,9.81128]]}},{"type":"Feature","id":"way/949249967","properties":{"name":"Distribuidor Guarapiche","highway":"trunk","ref":"T-10"},"geometry":{"type":"LineString","coordinates":[[-63.18454,9.75591],[-63.18493,9.75673]]}},{"type":"Feature","id":"way/949249968","properties":{"name":"Distribuidor Guarapiche","highway":"trunk","ref":"T-10"},"geometry":{"type":"LineString","coordinates":[[-63.18493,9.75673],[-63.18546,9.75764]]}},{"type":"Feature","id":"way/949249969","properties":{"name":"Distribuidor Guarapiche","highway":"trunk","ref":"T-10;T-13"},"geometry":{"type":"LineString","coordinates":[[-63.18516,9.75661],[-63.1848,9.75585]]}},{"type":"Feature","id":"way/949249970","properties":{"name":"Distribuidor Guarapiche","highway":"trunk","ref":"T-10;T-13"},"geometry":{"type":"LineString","coordinates":[[-63.1856,9.75766],[-63.18516,9.75661]]}},{"type":"Feature","id":"way/949249972","properties":{"name":"Elevado del Bajo Guarapiche","highway":"tertiary"},"geometry":{"type":"LineString","coordinates":[[-63.18518,9.75702],[-63.18546,9.75764]]}},{"type":"Feature","id":"way/949249973","properties":{"name":"Elevado del Bajo Guarapiche","highway":"tertiary"},"geometry":{"type":"LineString","coordinates":[[-63.1856,9.75766],[-63.18524,9.75699]]}},{"type":"Feature","id":"way/949249975","properties":{"name":"Elevado del Bajo Guarapiche","highway":"tertiary"},"geometry":{"type":"LineString","coordinates":[[-63.18254,9.7526],[-63.18277,9.7532]]}},{"type":"Feature","id":"way/949249976","properties":{"name":"Elevado del Bajo Guarapiche","highway":"tertiary"},"geometry":{"type":"LineString","coordinates":[[-63.18284,9.75319],[-63.18268,9.75284]]}},{"type":"Feature","id":"way/949249977","properties":{"name":"Avenida Juncal","highway":"tertiary"},"geometry":{"type":"LineString","coordinates":[[-63.18239,9.75075],[-63.18254,9.7526]]}},{"type":"Feature","id":"way/949249978","properties":{"name":"Avenida Juncal","highway":"tertiary"},"geometry":{"type":"LineString","coordinates":[[-63.18268,9.75284],[-63.18246,9.75076]]}},{"type":"Feature","id":"way/949251971","properties":{"name":"Avenida Alirio Ugarte Pelayo","highway":"trunk","ref":"T-10"},"geometry":{"type":"LineString","coordinates":[[-63.21078,9.81128],[-63.20541,9.79763]]}},{"type":"Feature","id":"way/949251972","properties":{"name":"Avenida Alirio Ugarte Pelayo","highway":"trunk","ref":"T-10"},"geometry":{"type":"LineString","coordinates":[[-63.21068,9.81132],[-63.21073,9.81215]]}},{"type":"Feature","id":"way/949357957","properties":{"name":"Avenida Alirio Ugarte Pelayo","highway":"trunk","ref":"T-10"},"geometry":{"type":"LineString","coordinates":[[-63.18633,9.75927],[-63.18649,9.75958]]}},{"type":"Feature","id":"way/949357958","properties":{"name":"Avenida Alirio Ugarte Pelayo","highway":"trunk","ref":"T-10"},"geometry":{"type":"LineString","coordinates":[[-63.18649,9.75958],[-63.18807,9.76265]]}},{"type":"Feature","id":"way/949357960","properties":{"name":"Avenida Alirio Ugarte Pelayo","highway":"trunk","ref":"T-10"},"geometry":{"type":"LineString","coordinates":[[-63.1866,9.75953],[-63.18642,9.75921]]}},{"type":"Feature","id":"way/949357961","properties":{"name":"Avenida Alirio Ugarte Pelayo","highway":"trunk","ref":"T-10"},"geometry":{"type":"LineString","coordinates":[[-63.18642,9.75921],[-63.1856,9.75766]]}},{"type":"Feature","id":"way/949357963","properties":{"name":"Avenida Alirio Ugarte Pelayo","highway":"trunk","ref":"T-10"},"geometry":{"type":"LineString","coordinates":[[-63.18807,9.76265],[-63.18821,9.76293]]}},{"type":"Feature","id":"way/949357964","properties":{"name":"Avenida Alirio Ugarte Pelayo","highway":"trunk","ref":"T-10"},"geometry":{"type":"LineString","coordinates":[[-63.18821,9.76293],[-63.1891,9.76459]]}},{"type":"Feature","id":"way/949357966","properties":{"name":"Avenida Alirio Ugarte Pelayo","highway":"trunk","ref":"T-10"},"geometry":{"type":"LineString","coordinates":[[-63.18922,9.76482],[-63.1947,9.77509]]}},{"type":"Feature","id":"way/949357967","properties":{"name":"Avenida Alirio Ugarte Pelayo","highway":"trunk","ref":"T-10"},"geometry":{"type":"LineString","coordinates":[[-63.1891,9.76459],[-63.18922,9.76482]]}},{"type":"Feature","id":"way/949357969","properties":{"name":"Avenida Alirio Ugarte Pelayo","highway":"trunk","ref":"T-10"},"geometry":{"type":"LineString","coordinates":[[-63.18932,9.76477],[-63.1892,9.76454]]}},{"type":"Feature","id":"way/949357970","properties":{"name":"Avenida Alirio Ugarte Pelayo","highway":"trunk","ref":"T-10"},"geometry":{"type":"LineString","coordinates":[[-63.1892,9.76454],[-63.1866,9.75953]]}},{"type":"Feature","id":"way/949357972","properties":{"name":"Avenida Alirio Ugarte Pelayo","highway":"trunk","ref":"T-10"},"geometry":{"type":"LineString","coordinates":[[-63.20047,9.78584],[-63.20306,9.79195]]}},{"type":"Feature","id":"way/949357974","properties":{"name":"Avenida Alirio Ugarte Pelayo","highway":"trunk","ref":"T-10"},"geometry":{"type":"LineString","coordinates":[[-63.20306,9.79195],[-63.20318,9.79226]]}},{"type":"Feature","id":"way/949357975","properties":{"name":"Avenida Alirio Ugarte Pelayo","highway":"trunk","ref":"T-10"},"geometry":{"type":"LineString","coordinates":[[-63.20318,9.79226],[-63.20511,9.79716]]}},{"type":"Feature","id":"way/949357978","properties":{"name":"Avenida Alirio Ugarte Pelayo","highway":"trunk","ref":"T-10"},"geometry":{"type":"LineString","coordinates":[[-63.20511,9.79716],[-63.21068,9.81132]]}},{"type":"Feature","id":"way/949357980","properties":{"name":"Avenida Ra\u00fal Leoni","highway":"trunk","ref":"T-10"},"geometry":{"type":"LineString","coordinates":[[-63.15089,9.71916],[-63.15119,9.72602],[-63.1561,9.72909]]}},{"type":"Feature","id":"way/949357981","properties":{"name":"Peaje de El Blanquero","highway":"trunk","ref":"T-10"},"geometry":{"type":"LineString","coordinates":[[-63.01301,9.39984],[-63.01291,9.39969]]}},{"type":"Feature","id":"way/949357982","properties":{"name":"Carretera Regional Morichal - Temblador","highway":"primary","ref":"T-15"},"geometry":{"type":"LineString","coordinates":[[-62.75202,8.98526],[-62.75133,8.98562]]}},{"type":"Feature","id":"way/949357983","properties":{"name":"Carretera Nacional V\u00eda al Sur","highway":"trunk","ref":"T-10"},"geometry":{"type":"LineString","coordinates":[[-62.75202,8.98526],[-62.75212,8.98592]]}},{"type":"Feature","id":"way/949357984","properties":{"name":"Carretera Nacional V\u00eda al Sur","highway":"trunk","ref":"T-10"},"geometry":{"type":"LineString","coordinates":[[-63.02348,9.44334],[-63.024,9.44548]]}},{"type":"Feature","id":"way/965266315","properties":{"name":"Carretera Nacional Barcelona - Matur\u00edn","highway":"trunk","ref":"T-13"},"geometry":{"type":"LineString","coordinates":[[-63.98552,9.63866],[-63.97826,9.63828],[-63.95824,9.63403],[-63.92551,9.64552],[-63.92138,9.646],[-63.67755,9.64189]]}},{"type":"Feature","id":"way/965448048","properties":{"highway":"secondary","ref":"R-3"},"geometry":{"type":"LineString","coordinates":[[-63.43982,10.21363],[-63.43999,10.21303]]}},{"type":"Feature","id":"way/965448049","properties":{"highway":"secondary","ref":"R-4"},"geometry":{"type":"LineString","coordinates":[[-63.538,10.20056],[-63.53212,10.18893],[-63.5306,10.1873],[-63.52635,10.18651],[-63.52559,10.18423],[-63.52452,10.18407]]}},{"type":"Feature","id":"way/965448050","properties":{"name":"Carretera Principal de Caripe","highway":"secondary","ref":"R-4"},"geometry":{"type":"LineString","coordinates":[[-63.50327,10.17229],[-63.48929,10.17849]]}},{"type":"Feature","id":"way/965448128","properties":{"highway":"tertiary"},"geometry":{"type":"LineString","coordinates":[[-63.50775,10.23592],[-63.50336,10.23732],[-63.50226,10.23664],[-63.50236,10.23833],[-63.50145,10.23643],[-63.50082,10.23856],[-63.49863,10.23859]]}},{"type":"Feature","id":"way/965454506","properties":{"highway":"trunk_link","ref":"T-13"},"geometry":{"type":"LineString","coordinates":[[-63.62665,9.66082],[-63.62594,9.66109]]}},{"type":"Feature","id":"way/965455640","properties":{"name":"Carretera Regional San Tom\u00e9 - Morichal","highway":"primary","ref":"T-15"},"geometry":{"type":"LineString","coordinates":[[-63.10443,8.84397],[-63.08469,8.84395]]}},{"type":"Feature","id":"way/965456639","properties":{"name":"Carretera Regional Santa Mar\u00eda - Caripe","highway":"primary","ref":"L-2"},"geometry":{"type":"LineString","coordinates":[[-63.538,10.20056],[-63.54355,10.21319],[-63.54508,10.21475],[-63.54469,10.21711],[-63.54605,10.21809],[-63.55202,10.21837],[-63.5552,10.22331],[-63.55529,10.22484],[-63.55346,10.22684],[-63.55256,10.22964],[-63.55394,10.23217],[-63.55336,10.23896]]}},{"type":"Feature","id":"way/965456859","properties":{"name":"Carretera Regional Punta de Mata - Jusep\u00edn","highway":"primary","ref":"L-3;L-7"},"geometry":{"type":"LineString","coordinates":[[-63.47701,9.72898],[-63.47662,9.72889]]}},{"type":"Feature","id":"way/965456860","properties":{"name":"Carretera Regional Punta de Mata - Jusep\u00edn","highway":"primary","ref":"L-3;L-7"},"geometry":{"type":"LineString","coordinates":[[-63.50949,9.70459],[-63.50246,9.71206],[-63.49782,9.72179],[-63.47934,9.72931],[-63.47701,9.72898]]}},{"type":"Feature","id":"way/965458188","properties":{"name":"Carretera Regional Caicara - Matur\u00edn","highway":"primary","ref":"L-7"},"geometry":{"type":"LineString","coordinates":[[-63.55085,9.77521],[-63.55078,9.77508]]}},{"type":"Feature","id":"way/965458189","properties":{"name":"Carretera Regional Caicara - Matur\u00edn","highway":"primary","ref":"L-7"},"geometry":{"type":"LineString","coordinates":[[-63.55016,9.77506],[-63.55051,9.77541]]}},{"type":"Feature","id":"way/965751862","properties":{"name":"Carretera Nacional V\u00eda al Sur","highway":"trunk","ref":"T-10;R-17"},"geometry":{"type":"LineString","coordinates":[[-62.77004,8.65874],[-62.77019,8.65956]]}},{"type":"Feature","id":"way/965783232","properties":{"highway":"tertiary","ref":"R-43"},"geometry":{"type":"LineString","coordinates":[[-63.61477,9.61759],[-63.60619,9.61263],[-63.6056,9.60657]]}},{"type":"Feature","id":"way/976786497","properties":{"name":"Avenida Bella Vista","highway":"trunk","ref":"T-13"},"geometry":{"type":"LineString","coordinates":[[-63.20277,9.73912],[-63.2027,9.73908]]}},{"type":"Feature","id":"way/976786498","properties":{"name":"Avenida Bicentenario","highway":"tertiary"},"geometry":{"type":"LineString","coordinates":[[-63.20218,9.73942],[-63.19833,9.74112]]}},{"type":"Feature","id":"way/976786499","properties":{"highway":"trunk_link"},"geometry":{"type":"LineString","coordinates":[[-63.20277,9.73912],[-63.20267,9.73933]]}},{"type":"Feature","id":"way/976786500","properties":{"name":"Avenida Bella Vista","highway":"trunk","ref":"T-13"},"geometry":{"type":"LineString","coordinates":[[-63.20267,9.73933],[-63.20269,9.73935]]}},{"type":"Feature","id":"way/976786501","properties":{"name":"Avenida Bella Vista","highway":"trunk","ref":"T-13"},"geometry":{"type":"LineString","coordinates":[[-63.20303,9.73948],[-63.20516,9.73997],[-63.21731,9.73637],[-63.23612,9.73362],[-63.24095,9.72952]]}},{"type":"Feature","id":"way/976789441","properties":{"name":"Avenida Bicentenario","highway":"tertiary"},"geometry":{"type":"LineString","coordinates":[[-63.19678,9.7418],[-63.19364,9.7432]]}},{"type":"Feature","id":"way/976789443","properties":{"name":"Avenida Bicentenario","highway":"tertiary"},"geometry":{"type":"LineString","coordinates":[[-63.19681,9.74188],[-63.19836,9.74119]]}},{"type":"Feature","id":"way/1001492039","properties":{"highway":"trunk_link"},"geometry":{"type":"LineString","coordinates":[[-63.32679,9.69918],[-63.32721,9.6994]]}},{"type":"Feature","id":"way/1029111783","properties":{"highway":"trunk_link"},"geometry":{"type":"LineString","coordinates":[[-63.20238,9.73918],[-63.20253,9.73898]]}},{"type":"Feature","id":"way/1047614422","properties":{"highway":"tertiary","ref":"L-9"},"geometry":{"type":"LineString","coordinates":[[-63.07264,9.79529],[-63.07356,9.79487]]}},{"type":"Feature","id":"way/1047614423","properties":{"highway":"tertiary","ref":"L-9"},"geometry":{"type":"LineString","coordinates":[[-63.07258,9.79514],[-63.06908,9.79682]]}},{"type":"Feature","id":"way/1047616484","properties":{"highway":"tertiary"},"geometry":{"type":"LineString","coordinates":[[-63.20685,9.7191],[-63.20655,9.71972]]}},{"type":"Feature","id":"way/1047616485","properties":{"highway":"secondary"},"geometry":{"type":"LineString","coordinates":[[-63.20698,9.71926],[-63.20817,9.71699]]}},{"type":"Feature","id":"way/1047616486","properties":{"name":"Avenida Jos\u00e9 Mar\u00eda Vargas","highway":"secondary"},"geometry":{"type":"LineString","coordinates":[[-63.20698,9.71926],[-63.20746,9.71938]]}},{"type":"Feature","id":"way/1047650677","properties":{"highway":"tertiary","ref":"R-5"},"geometry":{"type":"LineString","coordinates":[[-63.80098,9.7444],[-63.79698,9.74397]]}},{"type":"Feature","id":"way/1047664348","properties":{"highway":"secondary","ref":"R-4"},"geometry":{"type":"LineString","coordinates":[[-63.48721,10.18356],[-63.48788,10.18209]]}},{"type":"Feature","id":"way/1047664584","properties":{"highway":"tertiary"},"geometry":{"type":"LineString","coordinates":[[-63.52806,10.2134],[-63.52956,10.21284],[-63.53051,10.21027],[-63.53417,10.2096],[-63.53563,10.20769],[-63.54069,10.20617]]}},{"type":"Feature","id":"way/1049360106","properties":{"name":"V\u00eda a Tonoro","highway":"tertiary","ref":"L-8"},"geometry":{"type":"LineString","coordinates":[[-63.83479,9.51892],[-63.8299,9.53124],[-63.82838,9.53282]]}},{"type":"Feature","id":"way/1049362414","properties":{"name":"V\u00eda a Las Casitas","highway":"tertiary"},"geometry":{"type":"LineString","coordinates":[[-63.29061,9.32236],[-63.30218,9.31681]]}},{"type":"Feature","id":"way/1049426143","properties":{"name":"V\u00eda a San Jos\u00e9 de Buja","highway":"tertiary","ref":"L-4"},"geometry":{"type":"LineString","coordinates":[[-62.8506,9.50851],[-62.70959,9.5475],[-62.7045,9.54742]]}},{"type":"Feature","id":"way/1054118148","properties":{"highway":"trunk_link"},"geometry":{"type":"LineString","coordinates":[[-63.2026,9.7393],[-63.2026,9.73918]]}},{"type":"Feature","id":"way/1054118149","properties":{"highway":"trunk_link"},"geometry":{"type":"LineString","coordinates":[[-63.20277,9.73912],[-63.2026,9.73918]]}},{"type":"Feature","id":"way/1054118150","properties":{"highway":"trunk_link"},"geometry":{"type":"LineString","coordinates":[[-63.2026,9.73918],[-63.20249,9.73925]]}},{"type":"Feature","id":"way/1054118151","properties":{"highway":"trunk_link"},"geometry":{"type":"LineString","coordinates":[[-63.2026,9.73918],[-63.20253,9.73898]]}},{"type":"Feature","id":"way/1054118850","properties":{"name":"Avenida Orinoco","highway":"tertiary"},"geometry":{"type":"LineString","coordinates":[[-63.19453,9.73903],[-63.19953,9.7374]]}},{"type":"Feature","id":"way/1054118851","properties":{"name":"Avenida Orinoco","highway":"tertiary"},"geometry":{"type":"LineString","coordinates":[[-63.19447,9.73881],[-63.19122,9.73995]]}},{"type":"Feature","id":"way/1054118853","properties":{"name":"Avenida Orinoco","highway":"tertiary"},"geometry":{"type":"LineString","coordinates":[[-63.19129,9.74017],[-63.19453,9.73903]]}},{"type":"Feature","id":"way/1054118854","properties":{"name":"Avenida Orinoco","highway":"tertiary"},"geometry":{"type":"LineString","coordinates":[[-63.19122,9.73995],[-63.18419,9.74188]]}},{"type":"Feature","id":"way/1054120610","properties":{"name":"Avenida Orinoco","highway":"tertiary"},"geometry":{"type":"LineString","coordinates":[[-63.18416,9.74211],[-63.19129,9.74017]]}},{"type":"Feature","id":"way/1054120611","properties":{"name":"Avenida Orinoco","highway":"tertiary"},"geometry":{"type":"LineString","coordinates":[[-63.18405,9.74211],[-63.18416,9.74211]]}},{"type":"Feature","id":"way/1054120612","properties":{"name":"Avenida Orinoco","highway":"tertiary"},"geometry":{"type":"LineString","coordinates":[[-63.1841,9.74188],[-63.1826,9.74191]]}},{"type":"Feature","id":"way/1054120613","properties":{"name":"Avenida Orinoco","highway":"tertiary"},"geometry":{"type":"LineString","coordinates":[[-63.18419,9.74188],[-63.1841,9.74188]]}},{"type":"Feature","id":"way/1054120614","properties":{"name":"Avenida Juncal","highway":"tertiary"},"geometry":{"type":"LineString","coordinates":[[-63.1841,9.74188],[-63.18408,9.74193]]}},{"type":"Feature","id":"way/1054120615","properties":{"name":"Avenida Juncal","highway":"tertiary"},"geometry":{"type":"LineString","coordinates":[[-63.18416,9.74211],[-63.18416,9.74206]]}},{"type":"Feature","id":"way/1054122051","properties":{"name":"Avenida Orinoco","highway":"tertiary"},"geometry":{"type":"LineString","coordinates":[[-63.18256,9.74216],[-63.18405,9.74211]]}},{"type":"Feature","id":"way/1054122182","properties":{"name":"Avenida Orinoco","highway":"tertiary"},"geometry":{"type":"LineString","coordinates":[[-63.18111,9.74216],[-63.18256,9.74216]]}},{"type":"Feature","id":"way/1054122496","properties":{"name":"Avenida Libertador","highway":"trunk","ref":"T-13"},"geometry":{"type":"LineString","coordinates":[[-63.19696,9.73326],[-63.19896,9.7357]]}},{"type":"Feature","id":"way/1055990593","properties":{"name":"Avenida Juncal","highway":"tertiary"},"geometry":{"type":"LineString","coordinates":[[-63.18418,9.74193],[-63.18419,9.74188]]}},{"type":"Feature","id":"way/1055990594","properties":{"name":"Avenida Juncal","highway":"tertiary"},"geometry":{"type":"LineString","coordinates":[[-63.18408,9.74193],[-63.18406,9.74205]]}},{"type":"Feature","id":"way/1055990595","properties":{"name":"Avenida Juncal","highway":"tertiary"},"geometry":{"type":"LineString","coordinates":[[-63.18406,9.74205],[-63.18405,9.74211]]}},{"type":"Feature","id":"way/1055990596","properties":{"name":"Avenida Juncal","highway":"tertiary"},"geometry":{"type":"LineString","coordinates":[[-63.18416,9.74206],[-63.18418,9.74193]]}},{"type":"Feature","id":"way/1055991457","properties":{"name":"Distribuidor Boquer\u00f3n","highway":"trunk_link"},"geometry":{"type":"LineString","coordinates":[[-63.19061,9.76696],[-63.19036,9.76673]]}},{"type":"Feature","id":"way/1056502659","properties":{"name":"V\u00eda a Musip\u00e1n","highway":"tertiary","ref":"R-43"},"geometry":{"type":"LineString","coordinates":[[-63.53783,9.64403],[-63.53647,9.66471],[-63.53079,9.68752]]}},{"type":"Feature","id":"way/1056502980","properties":{"name":"V\u00eda a Caicarita","highway":"tertiary","ref":"R-7"},"geometry":{"type":"LineString","coordinates":[[-63.60841,9.70099],[-63.59408,9.72881],[-63.59242,9.73678]]}},{"type":"Feature","id":"way/1056507130","properties":{"highway":"tertiary","ref":"L-9"},"geometry":{"type":"LineString","coordinates":[[-63.06407,9.80115],[-63.06908,9.79682]]}},{"type":"Feature","id":"way/1056507131","properties":{"name":"V\u00eda a Quebrada Honda","highway":"tertiary","ref":"L-9"},"geometry":{"type":"LineString","coordinates":[[-63.01262,9.84562],[-63.03795,9.82843],[-63.03976,9.82502],[-63.04564,9.82282],[-63.05082,9.82233],[-63.05609,9.819],[-63.05768,9.81675],[-63.05571,9.81375],[-63.05682,9.80787],[-63.06407,9.80115]]}},{"type":"Feature","id":"way/1056515199","properties":{"name":"V\u00eda a El Merey","highway":"tertiary"},"geometry":{"type":"LineString","coordinates":[[-63.12185,9.64519],[-63.11424,9.63435],[-63.10762,9.62733],[-63.10387,9.61982],[-63.08894,9.61561],[-63.07955,9.61719],[-63.07532,9.61266],[-63.0705,9.60961],[-63.06985,9.60594],[-63.06652,9.59988],[-63.06461,9.59932],[-63.0509,9.60065],[-63.04733,9.60186],[-63.01893,9.61637],[-63.01752,9.6235],[-63.01456,9.62688],[-63.01153,9.62753],[-63.00034,9.63924],[-62.99956,9.64353],[-62.99433,9.64654]]}},{"type":"Feature","id":"way/1056515240","properties":{"highway":"tertiary"},"geometry":{"type":"LineString","coordinates":[[-63.12589,9.64462],[-63.12555,9.64575],[-63.12408,9.64611],[-63.12185,9.64519]]}},{"type":"Feature","id":"way/1056516964","properties":{"name":"V\u00eda a Uracoa","highway":"secondary","ref":"L-13"},"geometry":{"type":"LineString","coordinates":[[-62.35222,8.99042],[-62.35168,8.98391],[-62.35486,8.96907],[-62.35464,8.9482],[-62.36772,8.89512],[-62.38463,8.79447]]}},{"type":"Feature","id":"way/1081414507","properties":{"name":"Carretera Morichal - Aceital","highway":"tertiary","ref":"L-10"},"geometry":{"type":"LineString","coordinates":[[-63.03894,8.71984],[-63.03877,8.71954]]}},{"type":"Feature","id":"way/1081414508","properties":{"name":"Carretera Morichal - Aceital","highway":"tertiary","ref":"L-10"},"geometry":{"type":"LineString","coordinates":[[-63.03877,8.71954],[-63.03616,8.71492]]}},{"type":"Feature","id":"way/1112063022","properties":{"name":"Carretera Nacional Temblador - Barrancas","highway":"trunk","ref":"T-15"},"geometry":{"type":"LineString","coordinates":[[-62.38589,8.7936],[-62.46206,8.80111],[-62.47291,8.80514]]}},{"type":"Feature","id":"way/1112063023","properties":{"name":"Carretera Nacional Temblador - Barrancas","highway":"trunk","ref":"T-15"},"geometry":{"type":"LineString","coordinates":[[-62.47291,8.80514],[-62.47319,8.80525]]}},{"type":"Feature","id":"way/1133025929","properties":{"highway":"tertiary"},"geometry":{"type":"LineString","coordinates":[[-63.27212,9.04492],[-63.27189,9.04021]]}},{"type":"Feature","id":"way/1133181392","properties":{"highway":"tertiary"},"geometry":{"type":"LineString","coordinates":[[-63.48798,10.23576],[-63.4876,10.23743],[-63.49571,10.23752],[-63.49863,10.23859]]}},{"type":"Feature","id":"way/1133181393","properties":{"name":"V\u00eda a Tacarigua","highway":"tertiary"},"geometry":{"type":"LineString","coordinates":[[-63.5345,10.24897],[-63.53383,10.25119],[-63.53117,10.25262],[-63.53259,10.25286]]}},{"type":"Feature","id":"way/1212465727","properties":{"highway":"secondary","ref":"R-4"},"geometry":{"type":"LineString","coordinates":[[-63.50715,10.17481],[-63.50375,10.17342]]}},{"type":"Feature","id":"way/1212465728","properties":{"highway":"secondary","ref":"R-4"},"geometry":{"type":"LineString","coordinates":[[-63.5073,10.1749],[-63.50715,10.17481]]}},{"type":"Feature","id":"way/1224693155","properties":{"name":"Avenida Libertador","highway":"trunk","ref":"T-13"},"geometry":{"type":"LineString","coordinates":[[-63.17011,9.73635],[-63.1701,9.73636]]}},{"type":"Feature","id":"way/1230250268","properties":{"highway":"trunk_link"},"geometry":{"type":"LineString","coordinates":[[-63.2017,9.73845],[-63.20159,9.73819]]}},{"type":"Feature","id":"way/1230250269","properties":{"highway":"trunk_link"},"geometry":{"type":"LineString","coordinates":[[-63.20209,9.73857],[-63.2021,9.73871]]}},{"type":"Feature","id":"way/1232134801","properties":{"highway":"trunk_link"},"geometry":{"type":"LineString","coordinates":[[-63.17437,9.75445],[-63.17438,9.75458]]}},{"type":"Feature","id":"way/1241190256","properties":{"name":"Avenida Arismendi","highway":"secondary","ref":"L-13"},"geometry":{"type":"LineString","coordinates":[[-62.35238,8.99126],[-62.35231,8.99087]]}},{"type":"Feature","id":"way/1241190257","properties":{"name":"Avenida Arismendi","highway":"secondary","ref":"L-13"},"geometry":{"type":"LineString","coordinates":[[-62.35215,8.99101],[-62.35238,8.99126]]}},{"type":"Feature","id":"way/1241190258","properties":{"name":"V\u00eda a Uracoa","highway":"secondary","ref":"L-13"},"geometry":{"type":"LineString","coordinates":[[-62.35222,8.99042],[-62.35208,8.99071]]}},{"type":"Feature","id":"way/1241190259","properties":{"name":"V\u00eda a Uracoa","highway":"secondary","ref":"L-13"},"geometry":{"type":"LineString","coordinates":[[-62.35228,8.99076],[-62.35222,8.99042]]}},{"type":"Feature","id":"way/1241190260","properties":{"highway":"secondary","ref":"L-13;R-37"},"geometry":{"type":"LineString","coordinates":[[-62.35215,8.99101],[-62.35215,8.9907]]}},{"type":"Feature","id":"way/1241190261","properties":{"highway":"secondary","ref":"L-13;R-37"},"geometry":{"type":"LineString","coordinates":[[-62.35215,8.9907],[-62.35215,8.99101]]}},{"type":"Feature","id":"way/1241209451","properties":{"name":"V\u00eda a Las Alhuacas","highway":"secondary","ref":"R-11"},"geometry":{"type":"LineString","coordinates":[[-62.53055,9.01304],[-62.53057,9.01319]]}},{"type":"Feature","id":"way/1319429571","properties":{"highway":"primary_link"},"geometry":{"type":"LineString","coordinates":[[-63.23683,9.67188],[-63.23669,9.67172]]}},{"type":"Feature","id":"way/1349351778","properties":{"name":"Carretera Regional (Aguasay - San tome) \"Avenida Nacional Emperatriz Guzman\"","highway":"primary","ref":"L-5"},"geometry":{"type":"LineString","coordinates":[[-63.74054,9.42399],[-63.73335,9.42689]]}},{"type":"Feature","id":"way/1349351779","properties":{"highway":"primary_link"},"geometry":{"type":"LineString","coordinates":[[-63.73294,9.42709],[-63.73301,9.42719]]}},{"type":"Feature","id":"way/1349351780","properties":{"highway":"primary_link"},"geometry":{"type":"LineString","coordinates":[[-63.73303,9.42705],[-63.73309,9.42713]]}},{"type":"Feature","id":"way/1349351781","properties":{"highway":"primary_link"},"geometry":{"type":"LineString","coordinates":[[-63.73335,9.42689],[-63.73303,9.42705]]}},{"type":"Feature","id":"way/1416457718","properties":{"highway":"secondary"},"geometry":{"type":"LineString","coordinates":[[-63.21426,9.69579],[-63.21438,9.69591]]}},{"type":"Feature","id":"way/1416457719","properties":{"name":"Avenida Abel Echenique","highway":"secondary"},"geometry":{"type":"LineString","coordinates":[[-63.21424,9.69587],[-63.21428,9.69615]]}},{"type":"Feature","id":"way/1416457720","properties":{"highway":"secondary"},"geometry":{"type":"LineString","coordinates":[[-63.21438,9.69591],[-63.21426,9.69579]]}},{"type":"Feature","id":"way/1416457721","properties":{"name":"Avenida Abel Echenique","highway":"secondary"},"geometry":{"type":"LineString","coordinates":[[-63.21428,9.69615],[-63.21438,9.69591]]}}]}