{"type":"FeatureCollection","features":[{"type":"Feature","id":"relation/2730906","properties":{"name":"Municipio Aut\u00f3nomo Alto Orinoco","level":6,"population":"12687"},"geometry":{"type":"Polygon","coordinates":[[[-65.49094,4.36648],[-65.48736,4.3627],[-65.48981,4.35763],[-65.4986,4.35957],[-65.50303,4.35715],[-65.50564,4.34724],[-65.50899,4.34914],[-65.52011,4.34757],[-65.5264,4.34065],[-65.52801,4.33341],[-65.5403,4.34043],[-65.54602,4.33603],[-65.54689,4.32849],[-65.55032,4.32619],[-65.5551,4.31629],[-65.54452,4.30402],[-65.54814,4.29672],[-65.54811,4.28699],[-65.5434,4.28544],[-65.5388,4.27228],[-65.54412,4.27194],[-65.54974,4.26819],[-65.5525,4.26443],[-65.55092,4.25917],[-65.56443,4.2491],[-65.55739,4.24103],[-65.55857,4.23125],[-65.56111,4.22695],[-65.57232,4.22539],[-65.57909,4.23825],[-65.58368,4.23549],[-65.59066,4.23892],[-65.60139,4.23412],[-65.60398,4.22414],[-65.60256,4.21605],[-65.60585,4.21206],[-65.60704,4.20387],[-65.60411,4.19893],[-65.60537,4.19628],[-65.61017,4.19715],[-65.61341,4.18892],[-65.60835,4.18604],[-65.60692,4.18065],[-65.61023,4.17755],[-65.62273,4.17787],[-65.63245,4.16909],[-65.63293,4.16559],[-65.63906,4.162],[-65.63878,4.1581],[-65.64282,4.15189],[-65.64041,4.15001],[-65.65193,4.14505],[-65.65683,4.12667],[-65.6631,4.13039],[-65.66695,4.12936],[-65.67145,4.13164],[-65.68376,4.13193],[-65.68685,4.12806],[-65.69102,4.12838],[-65.69767,4.1195],[-65.70241,4.12013],[-65.70346,4.11367],[-65.70734,4.1108],[-65.70718,4.10619],[-65.71325,4.09979],[-65.716,4.10026],[-65.71937,4.09656],[-65.72631,4.09767],[-65.72889,4.094],[-65.73173,4.09694],[-65.73084,4.0988],[-65.73577,4.09895],[-65.74477,4.08888],[-65.74935,4.08942],[-65.75358,4.08531],[-65.75784,4.08654],[-65.76174,4.0823],[-65.76624,4.0813],[-65.76434,4.07349],[-65.76689,4.0722],[-65.77037,4.07302],[-65.76917,4.07506],[-65.7833,4.07823],[-65.78404,4.07656],[-65.78816,4.07992],[-65.7993,4.07761],[-65.80023,4.07254],[-65.80229,4.07597],[-65.80454,4.07521],[-65.81226,4.08083],[-65.81144,4.08314],[-65.81413,4.0855],[-65.81468,4.08288],[-65.81783,4.08441],[-65.81623,4.08208],[-65.81804,4.07942],[-65.81945,4.08199],[-65.82661,4.0796],[-65.83458,4.08239],[-65.83757,4.07766],[-65.83863,4.07946],[-65.84437,4.07653],[-65.84875,4.07871],[-65.85306,4.07403],[-65.86233,4.07303],[-65.86463,4.06907],[-65.86263,4.06895],[-65.86449,4.06658],[-65.86262,4.06657],[-65.86288,4.06391],[-65.8688,4.04742],[-65.87333,4.04842],[-65.87355,4.04509],[-65.87729,4.04568],[-65.87796,4.04228],[-65.88284,4.04371],[-65.88216,4.03971],[-65.88606,4.03843],[-65.88419,4.03342],[-65.89382,4.02652],[-65.90092,4.01272],[-65.90469,4.00897],[-65.90838,4.00951],[-65.91043,4.00345],[-65.91959,3.99913],[-65.9186,3.98691],[-65.9211,3.98334],[-65.93079,3.97787],[-65.93236,3.97447],[-65.93824,3.9787],[-65.93605,3.98144],[-65.93873,3.98662],[-65.95005,3.98571],[-65.94983,3.97294],[-65.94376,3.97113],[-65.9476,3.96933],[-65.95156,3.96192],[-65.95466,3.96162],[-65.95464,3.9452],[-65.95267,3.93678],[-65.94963,3.93426],[-65.95307,3.93323],[-65.95056,3.93134],[-65.94958,3.92084],[-65.95189,3.91898],[-65.95013,3.91786],[-65.95144,3.9109],[-65.95879,3.88908],[-65.95741,3.88197],[-65.96046,3.88118],[-65.95864,3.87665],[-65.95958,3.86986],[-65.96189,3.86906],[-65.96251,3.85769],[-65.96066,3.85674],[-65.9624,3.85569],[-65.96042,3.85434],[-65.96024,3.84417],[-65.95758,3.83787],[-65.96139,3.82797],[-65.95893,3.82578],[-65.95287,3.82757],[-65.94911,3.82452],[-65.95453,3.80946],[-65.95092,3.80702],[-65.95364,3.80259],[-65.94707,3.79125],[-65.9528,3.78896],[-65.95405,3.78215],[-65.96417,3.77536],[-65.96622,3.76734],[-65.96887,3.76676],[-65.96788,3.7553],[-65.96416,3.74865],[-65.96794,3.74165],[-65.96649,3.73908],[-65.97012,3.73551],[-65.96787,3.73116],[-65.95221,3.71884],[-65.95555,3.71714],[-65.95395,3.71495],[-65.95643,3.70792],[-65.96667,3.70479],[-65.97531,3.68971],[-65.97377,3.68695],[-65.97078,3.68871],[-65.96676,3.68517],[-65.96668,3.68081],[-65.96164,3.68055],[-65.96182,3.67697],[-65.95722,3.67444],[-65.95942,3.67174],[-65.95616,3.66749],[-65.95262,3.66882],[-65.95288,3.66633],[-65.9498,3.66501],[-65.94936,3.65762],[-65.9525,3.65259],[-65.94795,3.63771],[-65.94148,3.63339],[-65.93626,3.63551],[-65.93494,3.63312],[-65.92836,3.63422],[-65.92723,3.63054],[-65.91769,3.62875],[-65.91753,3.62434],[-65.91438,3.62212],[-65.91436,3.61482],[-65.91038,3.61064],[-65.91368,3.59739],[-65.90736,3.58284],[-65.913,3.56634],[-65.92043,3.56832],[-65.92888,3.56309],[-65.93193,3.55775],[-65.93868,3.55467],[-65.94787,3.5584],[-65.95203,3.55608],[-65.95433,3.54106],[-65.96026,3.53944],[-65.95018,3.53759],[-65.94627,3.53185],[-65.95056,3.52671],[-65.94781,3.51936],[-65.95695,3.50303],[-65.94744,3.49775],[-65.93164,3.4991],[-65.92442,3.49604],[-65.90276,3.4944],[-65.90487,3.48642],[-65.91057,3.48193],[-65.90996,3.47023],[-65.9063,3.46682],[-65.90887,3.45987],[-65.90794,3.4522],[-65.92631,3.4419],[-65.94399,3.44764],[-65.9526,3.43991],[-65.96483,3.41335],[-65.96102,3.39871],[-65.96245,3.39076],[-65.97506,3.38845],[-65.99123,3.36673],[-65.99003,3.35114],[-65.99263,3.33503],[-65.98881,3.33033],[-65.98149,3.32762],[-65.98059,3.32152],[-65.97239,3.31809],[-65.98329,3.3154],[-65.98473,3.30855],[-65.97796,3.30547],[-65.97251,3.31022],[-65.96713,3.3098],[-65.97342,3.29906],[-65.97095,3.29011],[-65.97227,3.28083],[-65.96852,3.27677],[-65.96191,3.27879],[-65.95967,3.27674],[-65.96211,3.26441],[-65.96898,3.25283],[-65.96418,3.23689],[-65.96725,3.23361],[-65.97215,3.23343],[-65.97789,3.23754],[-65.9825,3.24553],[-65.98569,3.24553],[-65.9819,3.23161],[-65.98431,3.2313],[-65.98911,3.23704],[-65.99395,3.23225],[-65.98808,3.21967],[-65.99807,3.22165],[-66.00218,3.21712],[-65.9995,3.21314],[-66.00144,3.21078],[-66.00435,3.21587],[-66.00631,3.21552],[-66.00339,3.19501],[-66.01019,3.19657],[-66.01348,3.20358],[-66.01864,3.20362],[-66.01471,3.20114],[-66.01467,3.19716],[-66.02047,3.19247],[-66.03212,3.17591],[-66.03155,3.16386],[-65.99854,3.14986],[-65.98395,3.13831],[-65.96624,3.13362],[-65.95816,3.13403],[-65.94747,3.13986],[-65.92382,3.16757],[-65.91357,3.17277],[-65.90401,3.17222],[-65.89355,3.16343],[-65.8911,3.14384],[-65.87862,3.14007],[-65.88083,3.13651],[-65.87605,3.12862],[-65.88099,3.12734],[-65.88172,3.11949],[-65.87776,3.11387],[-65.87796,3.10978],[-65.89417,3.09611],[-65.89909,3.09801],[-65.90176,3.10674],[-65.90553,3.10736],[-65.90307,3.09847],[-65.90802,3.09549],[-65.91754,3.08117],[-65.91495,3.06716],[-65.91638,3.06076],[-65.91908,3.05951],[-65.92068,3.06345],[-65.9283,3.06365],[-65.93886,3.05028],[-65.95613,3.0448],[-65.95794,3.02397],[-65.97069,3.01112],[-65.97833,3.01207],[-65.98523,3.006],[-65.99088,3.00616],[-65.99212,2.99328],[-66.00021,2.98111],[-65.99876,2.97253],[-65.97757,2.94224],[-65.96111,2.93224],[-65.95888,2.92345],[-65.96361,2.91608],[-65.9644,2.90988],[-65.95412,2.89393],[-65.95068,2.89242],[-65.94744,2.89419],[-65.94931,2.90902],[-65.94653,2.91194],[-65.94446,2.91105],[-65.9446,2.90727],[-65.93046,2.90347],[-65.9346,2.89929],[-65.93434,2.89101],[-65.92318,2.87954],[-65.92102,2.86405],[-65.91067,2.84576],[-65.91038,2.83566],[-65.90316,2.83347],[-65.89695,2.83773],[-65.89321,2.83328],[-65.88593,2.83773],[-65.88072,2.83745],[-65.8818,2.8338],[-65.87972,2.83097],[-65.87286,2.83169],[-65.85987,2.82494],[-65.85623,2.82517],[-65.85599,2.81904],[-65.85346,2.81641],[-65.84529,2.82276],[-65.84186,2.81923],[-65.84055,2.82211],[-65.8362,2.81994],[-65.83661,2.82384],[-65.83194,2.82516],[-65.82047,2.82102],[-65.823,2.81679],[-65.81515,2.81127],[-65.81674,2.80624],[-65.81379,2.80577],[-65.81306,2.80825],[-65.80819,2.80449],[-65.80981,2.80348],[-65.80868,2.79293],[-65.80146,2.79555],[-65.8021,2.79161],[-65.79799,2.79],[-65.80114,2.78865],[-65.79984,2.78535],[-65.79319,2.78348],[-65.78769,2.77262],[-65.79003,2.7697],[-65.78857,2.76343],[-65.78606,2.76676],[-65.78646,2.76435],[-65.78183,2.76419],[-65.78136,2.76158],[-65.78432,2.762],[-65.78224,2.75768],[-65.77846,2.76087],[-65.77292,2.75545],[-65.76918,2.7623],[-65.76713,2.75633],[-65.76572,2.75825],[-65.76275,2.75493],[-65.75672,2.75619],[-65.75021,2.74948],[-65.73951,2.75813],[-65.74089,2.74927],[-65.73473,2.75023],[-65.73473,2.74838],[-65.72777,2.7478],[-65.72817,2.74486],[-65.72539,2.74553],[-65.72403,2.74265],[-65.72756,2.7425],[-65.72616,2.73641],[-65.72282,2.73456],[-65.72385,2.73678],[-65.71844,2.73425],[-65.7181,2.73717],[-65.70973,2.73847],[-65.70605,2.73656],[-65.70281,2.7419],[-65.70009,2.73842],[-65.69852,2.74242],[-65.68995,2.74097],[-65.68809,2.74499],[-65.68421,2.74643],[-65.68617,2.75432],[-65.6786,2.76119],[-65.68023,2.76209],[-65.67754,2.76612],[-65.68056,2.769],[-65.67762,2.76909],[-65.67891,2.77232],[-65.67382,2.77752],[-65.66951,2.77724],[-65.66868,2.78044],[-65.66452,2.77748],[-65.65671,2.78001],[-65.65543,2.77645],[-65.65878,2.77238],[-65.65547,2.76873],[-65.65729,2.76553],[-65.64953,2.76832],[-65.64531,2.77633],[-65.63854,2.77852],[-65.64153,2.78194],[-65.63826,2.78394],[-65.62262,2.78602],[-65.62074,2.78508],[-65.62245,2.77976],[-65.61902,2.77898],[-65.61221,2.78406],[-65.61064,2.78207],[-65.60957,2.78407],[-65.60363,2.78317],[-65.60492,2.78018],[-65.60171,2.7703],[-65.59418,2.77126],[-65.59246,2.76793],[-65.58647,2.76696],[-65.57373,2.75785],[-65.57425,2.75346],[-65.56909,2.74938],[-65.56887,2.74117],[-65.5642,2.73477],[-65.56571,2.73019],[-65.56261,2.73197],[-65.56137,2.72978],[-65.56407,2.72903],[-65.55941,2.72807],[-65.55867,2.7244],[-65.56279,2.72252],[-65.55195,2.71834],[-65.55225,2.71426],[-65.54893,2.71351],[-65.54555,2.70674],[-65.54645,2.70347],[-65.54922,2.7058],[-65.54925,2.69774],[-65.55483,2.69524],[-65.55112,2.69047],[-65.55201,2.68872],[-65.54799,2.68612],[-65.55002,2.68532],[-65.54962,2.68081],[-65.54172,2.68062],[-65.54444,2.67409],[-65.53777,2.67158],[-65.53273,2.65935],[-65.52948,2.66129],[-65.53175,2.65705],[-65.52728,2.65465],[-65.52681,2.65661],[-65.52505,2.65312],[-65.52896,2.65157],[-65.5241,2.64769],[-65.5254,2.64579],[-65.52272,2.6457],[-65.52358,2.64336],[-65.51786,2.64436],[-65.5198,2.64139],[-65.51591,2.63517],[-65.51393,2.63556],[-65.51323,2.62674],[-65.51089,2.62669],[-65.51208,2.62447],[-65.50895,2.62472],[-65.50784,2.61832],[-65.50572,2.61993],[-65.49866,2.61863],[-65.49756,2.61441],[-65.50111,2.6134],[-65.49968,2.59941],[-65.50512,2.59376],[-65.5113,2.59137],[-65.51077,2.58579],[-65.51253,2.58502],[-65.50892,2.58214],[-65.51322,2.58034],[-65.51249,2.57396],[-65.52008,2.56925],[-65.52213,2.56176],[-65.51703,2.54704],[-65.51208,2.5479],[-65.51051,2.54249],[-65.50771,2.54299],[-65.51142,2.54138],[-65.50407,2.53712],[-65.50596,2.5358],[-65.50283,2.53032],[-65.49771,2.5313],[-65.49339,2.51276],[-65.4951,2.50896],[-65.4931,2.50053],[-65.48369,2.49929],[-65.48049,2.49103],[-65.47924,2.49235],[-65.46112,2.48759],[-65.4629,2.48659],[-65.4602,2.48374],[-65.46497,2.48314],[-65.46551,2.47804],[-65.45446,2.46878],[-65.45378,2.46546],[-65.45149,2.46553],[-65.45386,2.43874],[-65.44127,2.43477],[-65.44071,2.42802],[-65.4338,2.423],[-65.4123,2.41894],[-65.39945,2.41313],[-65.38756,2.41427],[-65.38494,2.39368],[-65.37596,2.39395],[-65.36696,2.38561],[-65.37211,2.37274],[-65.36537,2.36466],[-65.37202,2.35777],[-65.3739,2.34364],[-65.37122,2.33864],[-65.37372,2.33193],[-65.37226,2.32129],[-65.37346,2.31028],[-65.37696,2.30991],[-65.37735,2.30687],[-65.36941,2.29299],[-65.37225,2.28926],[-65.37889,2.28823],[-65.37425,2.27868],[-65.3678,2.27265],[-65.36894,2.26653],[-65.37254,2.2639],[-65.37658,2.24895],[-65.38905,2.24589],[-65.39302,2.24753],[-65.39455,2.24416],[-65.40841,2.24166],[-65.41776,2.24193],[-65.41631,2.23425],[-65.42014,2.22877],[-65.41894,2.21925],[-65.42322,2.21393],[-65.42028,2.20842],[-65.42105,2.19966],[-65.42693,2.19747],[-65.42359,2.18977],[-65.43927,2.18562],[-65.43737,2.17763],[-65.44242,2.16961],[-65.442,2.16169],[-65.43892,2.1578],[-65.44223,2.15609],[-65.44651,2.14652],[-65.42871,2.13462],[-65.43013,2.13017],[-65.42623,2.12321],[-65.42332,2.12218],[-65.42268,2.11655],[-65.41331,2.11273],[-65.4063,2.1148],[-65.40158,2.11148],[-65.39839,2.11403],[-65.39232,2.10856],[-65.39458,2.1039],[-65.39203,2.09691],[-65.38155,2.08861],[-65.38926,2.08603],[-65.38331,2.08354],[-65.38338,2.0799],[-65.378,2.07663],[-65.37568,2.06834],[-65.38054,2.05855],[-65.38629,2.05691],[-65.39752,2.05938],[-65.40036,2.05367],[-65.40242,2.05547],[-65.4099,2.04917],[-65.40939,2.03261],[-65.41292,2.03013],[-65.41701,2.0211],[-65.41105,2.01268],[-65.41369,1.99604],[-65.41277,1.98605],[-65.42128,1.98429],[-65.42555,1.98612],[-65.43053,1.99519],[-65.43951,1.9871],[-65.44672,1.98697],[-65.4513,1.982],[-65.45189,1.97501],[-65.44536,1.97229],[-65.44326,1.96862],[-65.44702,1.96638],[-65.4558,1.95029],[-65.45235,1.93714],[-65.45389,1.93385],[-65.44943,1.92722],[-65.4531,1.92273],[-65.45224,1.90087],[-65.45431,1.89917],[-65.46023,1.90105],[-65.47479,1.91133],[-65.48456,1.90677],[-65.48874,1.89936],[-65.50437,1.90059],[-65.50771,1.89758],[-65.50551,1.88802],[-65.49675,1.8802],[-65.49489,1.8685],[-65.49036,1.86802],[-65.49074,1.86522],[-65.49442,1.86578],[-65.49649,1.86107],[-65.49273,1.85039],[-65.48759,1.85167],[-65.48138,1.84362],[-65.48231,1.83212],[-65.49016,1.82691],[-65.49135,1.8218],[-65.48929,1.81165],[-65.49143,1.80915],[-65.48753,1.80639],[-65.4908,1.80422],[-65.49244,1.79846],[-65.49046,1.77892],[-65.48583,1.77809],[-65.48163,1.77042],[-65.47918,1.77325],[-65.46132,1.76956],[-65.46035,1.76559],[-65.46394,1.75211],[-65.4581,1.74133],[-65.46005,1.73043],[-65.48173,1.72971],[-65.48331,1.73273],[-65.49537,1.73183],[-65.50178,1.73553],[-65.50495,1.73186],[-65.50155,1.72748],[-65.5028,1.72168],[-65.50903,1.72605],[-65.51698,1.72174],[-65.52448,1.7238],[-65.52717,1.69577],[-65.53247,1.69537],[-65.53168,1.69177],[-65.53522,1.68806],[-65.53607,1.67994],[-65.53875,1.67992],[-65.53641,1.67265],[-65.55056,1.65558],[-65.54422,1.65186],[-65.53964,1.63247],[-65.53484,1.63566],[-65.53397,1.64033],[-65.52908,1.6403],[-65.52519,1.63705],[-65.51513,1.64209],[-65.50845,1.63884],[-65.50853,1.64279],[-65.50121,1.64489],[-65.49857,1.64357],[-65.50036,1.6359],[-65.48988,1.62224],[-65.48588,1.62485],[-65.47786,1.61661],[-65.4716,1.61478],[-65.47784,1.60764],[-65.47585,1.60396],[-65.47798,1.59792],[-65.45871,1.58628],[-65.44955,1.5896],[-65.43864,1.58711],[-65.43043,1.57944],[-65.42768,1.58177],[-65.42597,1.57856],[-65.42355,1.58037],[-65.41853,1.57756],[-65.4047,1.58361],[-65.39712,1.58004],[-65.38897,1.58244],[-65.38067,1.59143],[-65.38126,1.59548],[-65.37509,1.5986],[-65.36528,1.59249],[-65.36182,1.59392],[-65.35541,1.59106],[-65.35391,1.58829],[-65.36107,1.58414],[-65.36253,1.57949],[-65.37433,1.57561],[-65.37706,1.56928],[-65.38037,1.57016],[-65.38366,1.56458],[-65.38845,1.56495],[-65.38816,1.56034],[-65.39149,1.55593],[-65.38807,1.54874],[-65.39321,1.54502],[-65.39305,1.53657],[-65.37995,1.52572],[-65.37689,1.52995],[-65.37776,1.53439],[-65.37088,1.54107],[-65.36505,1.5374],[-65.35866,1.53954],[-65.35356,1.53571],[-65.34798,1.5409],[-65.3307,1.5323],[-65.32491,1.53619],[-65.3131,1.53053],[-65.31076,1.5265],[-65.3124,1.5222],[-65.31096,1.5183],[-65.29399,1.52953],[-65.29205,1.53642],[-65.28488,1.54436],[-65.2634,1.55493],[-65.24405,1.57266],[-65.24987,1.5801],[-65.2505,1.58505],[-65.24758,1.59089],[-65.23582,1.59957],[-65.23523,1.61158],[-65.23082,1.61796],[-65.21917,1.6248],[-65.21306,1.62173],[-65.20631,1.62213],[-65.1968,1.61527],[-65.19099,1.61599],[-65.1831,1.62176],[-65.18521,1.62418],[-65.18191,1.62757],[-65.17304,1.63358],[-65.17157,1.63951],[-65.16124,1.64661],[-65.15683,1.65567],[-65.16019,1.65784],[-65.15861,1.66082],[-65.16016,1.66332],[-65.15586,1.66808],[-65.15331,1.67839],[-65.14829,1.67966],[-65.14866,1.68855],[-65.14615,1.69462],[-65.14702,1.69881],[-65.15062,1.69861],[-65.15455,1.70268],[-65.1484,1.71282],[-65.13916,1.70917],[-65.13591,1.71182],[-65.13651,1.72552],[-65.13526,1.72896],[-65.13211,1.72928],[-65.1348,1.73281],[-65.12578,1.74313],[-65.12103,1.73657],[-65.10753,1.73384],[-65.11387,1.72859],[-65.10487,1.7209],[-65.10084,1.72192],[-65.09969,1.7254],[-65.1019,1.72723],[-65.09806,1.72942],[-65.08921,1.72822],[-65.0887,1.73079],[-65.08587,1.73088],[-65.08386,1.72908],[-65.07832,1.73456],[-65.07187,1.73434],[-65.07055,1.74034],[-65.06375,1.73966],[-65.06281,1.73698],[-65.05251,1.73952],[-65.05154,1.73571],[-65.04844,1.73723],[-65.04551,1.74587],[-65.04758,1.75089],[-65.04456,1.75624],[-65.04857,1.76063],[-65.05348,1.75806],[-65.05581,1.7647],[-65.04937,1.76958],[-65.03462,1.77215],[-65.0337,1.77467],[-65.02524,1.77727],[-65.01913,1.77786],[-65.01627,1.77516],[-65.01105,1.77691],[-65.00974,1.78008],[-65.00189,1.77889],[-64.99498,1.78199],[-64.98535,1.77771],[-64.97646,1.78986],[-64.9819,1.79291],[-64.98167,1.80062],[-64.98425,1.80494],[-64.9818,1.80711],[-64.9785,1.80583],[-64.97258,1.82067],[-64.96463,1.82243],[-64.9611,1.82215],[-64.96071,1.82001],[-64.95429,1.8205],[-64.94478,1.82701],[-64.94104,1.82556],[-64.92721,1.83583],[-64.92548,1.83213],[-64.91982,1.83214],[-64.91166,1.84062],[-64.90936,1.84046],[-64.90903,1.84419],[-64.91225,1.8485],[-64.9107,1.85076],[-64.91405,1.85539],[-64.92628,1.85899],[-64.92727,1.86168],[-64.92219,1.8637],[-64.92506,1.87349],[-64.94065,1.88453],[-64.94103,1.89264],[-64.9383,1.89625],[-64.92479,1.89662],[-64.91341,1.90936],[-64.90396,1.9087],[-64.90223,1.91434],[-64.89401,1.9071],[-64.87992,1.90188],[-64.87621,1.91157],[-64.86829,1.91652],[-64.87095,1.92527],[-64.8665,1.933],[-64.86653,1.93814],[-64.84563,1.94494],[-64.84049,1.93521],[-64.83788,1.94072],[-64.83368,1.94139],[-64.83044,1.93894],[-64.82982,1.94297],[-64.826,1.94584],[-64.81886,1.94141],[-64.81138,1.94108],[-64.81306,1.9273],[-64.80425,1.92769],[-64.80047,1.93131],[-64.79185,1.92913],[-64.78766,1.93031],[-64.78494,1.94013],[-64.78961,1.95444],[-64.78686,1.96077],[-64.78207,1.96203],[-64.78032,1.96903],[-64.77612,1.97354],[-64.77145,1.97472],[-64.77324,1.97858],[-64.77105,1.99525],[-64.76666,2.00054],[-64.75215,2.00097],[-64.74262,2.01092],[-64.74107,2.01904],[-64.73178,2.02365],[-64.72677,2.02129],[-64.71901,2.02482],[-64.71649,2.02185],[-64.70787,2.02038],[-64.70144,2.02406],[-64.68477,2.02193],[-64.68239,2.01543],[-64.67149,2.01137],[-64.66945,2.00545],[-64.65875,2.01568],[-64.6531,2.01418],[-64.65066,2.0158],[-64.6449,2.0111],[-64.63376,2.00714],[-64.63592,1.9999],[-64.64074,1.99623],[-64.6388,1.99453],[-64.63161,1.99545],[-64.62307,1.98734],[-64.62719,1.9797],[-64.63107,1.9793],[-64.64049,1.96398],[-64.63948,1.95998],[-64.62988,1.95539],[-64.62768,1.94688],[-64.6192,1.93497],[-64.62655,1.92047],[-64.62147,1.91389],[-64.61306,1.92484],[-64.60188,1.92141],[-64.59164,1.92615],[-64.58826,1.92197],[-64.57743,1.91928],[-64.57532,1.92064],[-64.56703,1.91664],[-64.55916,1.9196],[-64.55306,1.92698],[-64.53833,1.9262],[-64.53332,1.92848],[-64.52129,1.92358],[-64.51779,1.9136],[-64.50866,1.92293],[-64.50748,1.92725],[-64.5107,1.93103],[-64.50645,1.93932],[-64.50561,1.95306],[-64.49813,1.95277],[-64.48759,1.95988],[-64.48386,1.95755],[-64.47042,1.96326],[-64.4674,1.96249],[-64.4691,1.9553],[-64.46579,1.95631],[-64.46425,1.95333],[-64.46249,1.95667],[-64.45379,1.95744],[-64.4507,1.96707],[-64.4436,1.97083],[-64.4451,1.97704],[-64.44859,1.9783],[-64.44702,1.98283],[-64.44952,1.98555],[-64.44371,1.9912],[-64.44324,1.99646],[-64.43537,1.99771],[-64.42396,1.99485],[-64.42087,2.00125],[-64.40933,1.99736],[-64.40208,2.00587],[-64.39956,2.0043],[-64.39425,2.00677],[-64.39082,2.00546],[-64.38767,1.99097],[-64.38402,1.99135],[-64.37884,1.98798],[-64.3704,1.99934],[-64.3577,2.00469],[-64.35349,2.02014],[-64.3507,2.02188],[-64.3473,2.01948],[-64.34492,2.02323],[-64.33706,2.02603],[-64.31866,2.02214],[-64.3128,2.01404],[-64.30726,2.01575],[-64.30188,2.01227],[-64.27654,2.01105],[-64.27229,2.00852],[-64.26765,2.01561],[-64.26985,2.01781],[-64.26766,2.02036],[-64.2609,2.02036],[-64.25897,2.02444],[-64.24826,2.02485],[-64.23747,2.01777],[-64.23443,2.02001],[-64.22627,2.0188],[-64.22106,2.02072],[-64.2185,2.01902],[-64.21701,2.02483],[-64.21342,2.02782],[-64.21791,2.0419],[-64.2165,2.04377],[-64.21264,2.0424],[-64.19969,2.04793],[-64.1972,2.04357],[-64.19836,2.04009],[-64.19495,2.0373],[-64.19236,2.03785],[-64.19229,2.0413],[-64.18893,2.04167],[-64.18105,2.03634],[-64.15842,2.05355],[-64.14911,2.05514],[-64.15001,2.0468],[-64.14298,2.04272],[-64.1442,2.03965],[-64.14036,2.03654],[-64.1407,2.03022],[-64.13339,2.02461],[-64.13562,2.01717],[-64.13209,2.01486],[-64.13289,2.00955],[-64.12372,2.01435],[-64.12329,2.01657],[-64.11958,2.0162],[-64.11685,2.01282],[-64.11337,2.02008],[-64.10997,2.01828],[-64.09767,2.02173],[-64.08925,2.01599],[-64.09146,2.01153],[-64.08338,2.00891],[-64.07364,1.99944],[-64.0763,1.99689],[-64.07315,1.99347],[-64.07454,1.98881],[-64.08141,1.98393],[-64.07929,1.98175],[-64.08176,1.97362],[-64.09127,1.9734],[-64.09874,1.96073],[-64.08979,1.94315],[-64.09353,1.94146],[-64.0932,1.93323],[-64.08973,1.93099],[-64.08566,1.93255],[-64.08169,1.93784],[-64.07632,1.93753],[-64.0746,1.93415],[-64.07103,1.93591],[-64.06544,1.93361],[-64.05746,1.93665],[-64.05192,1.92818],[-64.04477,1.92968],[-64.04247,1.9326],[-64.03833,1.93168],[-64.03661,1.93819],[-64.0301,1.93728],[-64.02671,1.94466],[-64.01603,1.95229],[-64.01424,1.95518],[-64.01648,1.95671],[-64.01172,1.96137],[-64.00392,1.95831],[-64.00571,1.96307],[-64.00354,1.96403],[-64.00203,1.97272],[-63.99317,1.97633],[-63.99126,1.98282],[-63.98584,1.97648],[-63.97921,1.98263],[-63.9785,1.98733],[-63.97277,1.98933],[-63.97271,1.99208],[-63.96234,1.9877],[-63.9556,1.99155],[-63.94483,1.98378],[-63.94339,1.9873],[-63.94017,1.98788],[-63.94026,1.99104],[-63.93664,1.99134],[-63.93636,1.98752],[-63.93258,1.98667],[-63.93024,1.98273],[-63.92781,1.9853],[-63.92159,1.98198],[-63.90631,1.98604],[-63.90733,1.98765],[-63.90326,1.99323],[-63.89685,1.99043],[-63.89425,1.99298],[-63.89008,1.99216],[-63.89322,1.98865],[-63.88986,1.9819],[-63.8849,1.9837],[-63.88144,1.98037],[-63.8764,1.98077],[-63.87285,1.97639],[-63.87083,1.97774],[-63.86648,1.97573],[-63.86192,1.97807],[-63.86147,1.98146],[-63.85629,1.98221],[-63.84971,1.97395],[-63.85178,1.97002],[-63.83988,1.96929],[-63.83573,1.96661],[-63.83181,1.96886],[-63.83155,1.97088],[-63.83445,1.97197],[-63.83169,1.97884],[-63.83254,1.98316],[-63.82771,1.98146],[-63.82327,1.98432],[-63.8207,1.9886],[-63.82562,1.99125],[-63.82187,1.99563],[-63.81386,1.98889],[-63.7979,1.98715],[-63.79099,1.97979],[-63.7865,1.98279],[-63.78355,1.98182],[-63.77553,1.99785],[-63.77088,2.00165],[-63.76472,2.00218],[-63.76279,2.00537],[-63.75898,1.9987],[-63.75616,1.9996],[-63.75567,1.99728],[-63.74701,2.00253],[-63.74184,2.00024],[-63.74009,2.00501],[-63.74377,2.01024],[-63.74021,2.01852],[-63.73151,2.01896],[-63.73021,2.02899],[-63.72055,2.03292],[-63.71709,2.04112],[-63.712,2.04624],[-63.69985,2.0491],[-63.6965,2.04481],[-63.69135,2.04578],[-63.68896,2.04413],[-63.69137,2.04087],[-63.68799,2.03838],[-63.68601,2.03209],[-63.69035,2.03006],[-63.69014,2.02816],[-63.67732,2.02188],[-63.67268,2.02368],[-63.67001,2.01826],[-63.66481,2.01847],[-63.66075,2.02338],[-63.66341,2.03618],[-63.65941,2.04264],[-63.66388,2.04914],[-63.66166,2.0554],[-63.66401,2.06481],[-63.66039,2.06983],[-63.65598,2.07159],[-63.65138,2.07164],[-63.64985,2.06752],[-63.64348,2.06767],[-63.64238,2.07102],[-63.63767,2.06987],[-63.63582,2.08006],[-63.63149,2.08318],[-63.63564,2.08958],[-63.63401,2.09635],[-63.6359,2.09835],[-63.62702,2.10763],[-63.62693,2.11219],[-63.62435,2.11099],[-63.61785,2.11669],[-63.61281,2.11277],[-63.60804,2.11432],[-63.60334,2.1128],[-63.60163,2.11593],[-63.60305,2.11914],[-63.59435,2.11986],[-63.59459,2.12269],[-63.59002,2.12312],[-63.58508,2.11812],[-63.58355,2.12078],[-63.56835,2.12688],[-63.56509,2.13045],[-63.56769,2.13424],[-63.56448,2.13554],[-63.55956,2.1318],[-63.55403,2.13137],[-63.55329,2.12887],[-63.55023,2.12968],[-63.54649,2.14093],[-63.54316,2.13934],[-63.53971,2.13121],[-63.53465,2.13213],[-63.53093,2.12631],[-63.52555,2.1235],[-63.52373,2.12598],[-63.51675,2.12356],[-63.51142,2.11151],[-63.4968,2.11698],[-63.49403,2.11431],[-63.4876,2.11758],[-63.48667,2.12191],[-63.47564,2.12348],[-63.47649,2.13282],[-63.47393,2.14129],[-63.46786,2.1409],[-63.46123,2.13324],[-63.4489,2.12637],[-63.43668,2.12369],[-63.4313,2.12734],[-63.43113,2.13571],[-63.42351,2.13971],[-63.42019,2.13834],[-63.41314,2.14881],[-63.41172,2.14652],[-63.40854,2.14693],[-63.40431,2.15327],[-63.40067,2.15325],[-63.39594,2.15752],[-63.39522,2.16972],[-63.38907,2.18306],[-63.39754,2.18853],[-63.3984,2.19596],[-63.39253,2.20403],[-63.38467,2.20198],[-63.38191,2.20783],[-63.37488,2.20835],[-63.37529,2.2104],[-63.37174,2.21218],[-63.37564,2.215],[-63.37729,2.22579],[-63.38205,2.22685],[-63.38567,2.23306],[-63.38337,2.23803],[-63.37646,2.236],[-63.37361,2.2418],[-63.36727,2.24222],[-63.36972,2.24889],[-63.36682,2.26225],[-63.36046,2.26911],[-63.3612,2.27871],[-63.36416,2.28033],[-63.36522,2.28738],[-63.36772,2.28962],[-63.36099,2.30202],[-63.36797,2.3101],[-63.36699,2.31619],[-63.36269,2.31898],[-63.3602,2.32745],[-63.36831,2.33163],[-63.36812,2.33691],[-63.37632,2.3398],[-63.37485,2.34428],[-63.37669,2.3553],[-63.37542,2.36203],[-63.36976,2.36105],[-63.36598,2.37018],[-63.35709,2.37873],[-63.35489,2.38444],[-63.35622,2.38837],[-63.36324,2.38568],[-63.36499,2.3886],[-63.36451,2.3972],[-63.36747,2.40055],[-63.36749,2.40827],[-63.36441,2.41886],[-63.37075,2.41599],[-63.37272,2.42613],[-63.38209,2.42635],[-63.38409,2.43064],[-63.38843,2.43133],[-63.39038,2.42538],[-63.39354,2.42926],[-63.39887,2.42848],[-63.40433,2.43131],[-63.40476,2.43411],[-63.40806,2.4352],[-63.40557,2.44036],[-63.41049,2.43976],[-63.41272,2.44319],[-63.41034,2.44469],[-63.41473,2.45416],[-63.41696,2.4539],[-63.4229,2.44436],[-63.42775,2.44689],[-63.43585,2.44183],[-63.43516,2.43638],[-63.44164,2.43007],[-63.44235,2.41705],[-63.4461,2.41693],[-63.44848,2.41099],[-63.45226,2.41425],[-63.45594,2.41186],[-63.45423,2.40684],[-63.4558,2.40286],[-63.4601,2.40411],[-63.4654,2.40186],[-63.46771,2.40944],[-63.47125,2.41047],[-63.4726,2.41405],[-63.47091,2.42234],[-63.47533,2.42328],[-63.48056,2.43359],[-63.48445,2.42831],[-63.48837,2.42726],[-63.48805,2.43643],[-63.49441,2.43724],[-63.49814,2.42577],[-63.50299,2.42611],[-63.50407,2.43193],[-63.50883,2.42645],[-63.51533,2.42515],[-63.5196,2.42065],[-63.52629,2.42485],[-63.5285,2.42283],[-63.5336,2.42479],[-63.53578,2.42747],[-63.53905,2.42525],[-63.54755,2.42792],[-63.55584,2.42246],[-63.55342,2.43198],[-63.55726,2.44218],[-63.55531,2.44708],[-63.55909,2.45142],[-63.56207,2.45139],[-63.56232,2.44676],[-63.56697,2.44596],[-63.56948,2.44851],[-63.57141,2.44584],[-63.58123,2.45196],[-63.60283,2.45693],[-63.60365,2.44946],[-63.60776,2.44725],[-63.61213,2.44852],[-63.61476,2.44395],[-63.61942,2.44203],[-63.61862,2.44841],[-63.63021,2.44545],[-63.63332,2.44002],[-63.63648,2.43968],[-63.63901,2.44542],[-63.64361,2.44462],[-63.6459,2.4468],[-63.65359,2.43911],[-63.65894,2.44394],[-63.66502,2.44261],[-63.6696,2.44552],[-63.67235,2.44273],[-63.67514,2.44521],[-63.68298,2.44248],[-63.68919,2.4466],[-63.68859,2.45271],[-63.69096,2.45775],[-63.7017,2.45928],[-63.70552,2.45452],[-63.71162,2.45369],[-63.71209,2.44847],[-63.71849,2.44358],[-63.72145,2.44351],[-63.72523,2.45121],[-63.73369,2.45378],[-63.73598,2.45251],[-63.73645,2.44631],[-63.74757,2.44133],[-63.75896,2.44653],[-63.76379,2.44245],[-63.76886,2.44251],[-63.77411,2.44646],[-63.77374,2.45255],[-63.77674,2.45499],[-63.78181,2.45691],[-63.78677,2.45509],[-63.79162,2.46155],[-63.79325,2.45968],[-63.79778,2.46324],[-63.79598,2.47725],[-63.8007,2.48392],[-63.80566,2.48548],[-63.80995,2.47557],[-63.81236,2.4757],[-63.81681,2.48026],[-63.81666,2.48569],[-63.8236,2.48727],[-63.82354,2.49072],[-63.82816,2.49054],[-63.82967,2.4866],[-63.8364,2.4863],[-63.84548,2.49602],[-63.84661,2.49323],[-63.85383,2.49224],[-63.85659,2.48848],[-63.87375,2.48184],[-63.87436,2.4779],[-63.87837,2.47642],[-63.88175,2.46909],[-63.88792,2.46923],[-63.8929,2.46561],[-63.89977,2.47048],[-63.91248,2.47344],[-63.92629,2.4718],[-63.92703,2.46503],[-63.93546,2.45647],[-63.94045,2.463],[-63.94437,2.46111],[-63.94782,2.46338],[-63.95565,2.45951],[-63.96038,2.47416],[-63.96656,2.47245],[-63.96813,2.46831],[-63.97429,2.46803],[-63.97705,2.46547],[-63.98367,2.46719],[-63.98671,2.47209],[-63.99151,2.47282],[-64.00065,2.47965],[-64.00936,2.48094],[-64.01108,2.47728],[-64.01421,2.4777],[-64.01846,2.46375],[-64.02328,2.46469],[-64.02792,2.47513],[-64.03247,2.47445],[-64.03294,2.48309],[-64.03989,2.48557],[-64.03955,2.48973],[-64.04362,2.49639],[-64.05607,2.4964],[-64.06094,2.50127],[-64.0615,2.50437],[-64.05349,2.52031],[-64.04578,2.52764],[-64.04445,2.53615],[-64.04675,2.54878],[-64.04879,2.55028],[-64.04452,2.55455],[-64.04914,2.56725],[-64.04463,2.57834],[-64.03852,2.58016],[-64.03421,2.57602],[-64.03232,2.57791],[-64.02757,2.57697],[-64.02822,2.58503],[-64.02586,2.59095],[-64.01878,2.59403],[-64.01846,2.59897],[-64.01016,2.60481],[-64.01273,2.6114],[-64.01096,2.61356],[-64.0121,2.61801],[-64.00693,2.6219],[-64.00831,2.62658],[-63.99418,2.63595],[-63.99062,2.6464],[-63.98607,2.64855],[-63.98853,2.65179],[-63.98709,2.65843],[-63.98921,2.66714],[-63.99198,2.67011],[-63.98762,2.67716],[-63.98926,2.68269],[-63.98681,2.68356],[-63.98708,2.68711],[-63.98875,2.68982],[-63.99788,2.69109],[-64.00168,2.70075],[-64.00856,2.70517],[-64.00733,2.70915],[-63.99665,2.71106],[-63.99624,2.71493],[-63.98372,2.71737],[-63.98192,2.72583],[-63.989,2.73326],[-63.99871,2.73487],[-64.00073,2.73815],[-64.004,2.73829],[-64.00273,2.74371],[-64.00648,2.75829],[-64.00511,2.76049],[-63.99948,2.76106],[-63.99744,2.76761],[-64.00391,2.77394],[-64.01218,2.77331],[-64.01746,2.77684],[-64.01419,2.78585],[-64.0196,2.79627],[-64.01509,2.81126],[-64.02074,2.81483],[-64.02067,2.81989],[-64.02482,2.8247],[-64.03324,2.82619],[-64.03371,2.83062],[-64.04274,2.82945],[-64.042,2.83515],[-64.04772,2.8472],[-64.05246,2.85102],[-64.0558,2.86178],[-64.06088,2.8636],[-64.06281,2.86965],[-64.07404,2.87011],[-64.08043,2.87575],[-64.07904,2.88235],[-64.07209,2.88541],[-64.06686,2.8912],[-64.07172,2.90303],[-64.07736,2.90125],[-64.07806,2.90296],[-64.07502,2.91166],[-64.07121,2.91487],[-64.07113,2.92462],[-64.07714,2.92348],[-64.08457,2.92799],[-64.08473,2.93091],[-64.09252,2.93256],[-64.09512,2.93575],[-64.09374,2.94071],[-64.09794,2.94432],[-64.09898,2.95013],[-64.10792,2.95409],[-64.10922,2.96413],[-64.10577,2.96708],[-64.10367,2.9739],[-64.10777,2.97971],[-64.1165,2.97869],[-64.11809,2.98527],[-64.12346,2.98835],[-64.1348,2.97968],[-64.13665,2.98032],[-64.13828,2.99225],[-64.14513,2.98616],[-64.15488,2.98365],[-64.161,2.98477],[-64.15804,2.99399],[-64.16072,2.99722],[-64.15478,2.99947],[-64.15037,3.00546],[-64.15053,3.00916],[-64.14687,3.01058],[-64.14735,3.01813],[-64.14448,3.02641],[-64.14154,3.02806],[-64.14325,3.033],[-64.14875,3.03867],[-64.15568,3.03994],[-64.159,3.04293],[-64.15854,3.04744],[-64.16223,3.04934],[-64.17865,3.05107],[-64.17976,3.05441],[-64.17508,3.05945],[-64.1752,3.06533],[-64.18646,3.06637],[-64.18812,3.07079],[-64.19713,3.07626],[-64.19891,3.08181],[-64.20582,3.0808],[-64.21034,3.08303],[-64.21394,3.09026],[-64.21841,3.09036],[-64.21989,3.09262],[-64.21605,3.10154],[-64.21962,3.10563],[-64.21863,3.11359],[-64.226,3.12798],[-64.22613,3.13361],[-64.23037,3.13726],[-64.22992,3.14086],[-64.2235,3.14149],[-64.22037,3.15353],[-64.20662,3.15584],[-64.20027,3.16423],[-64.1927,3.15937],[-64.18731,3.1645],[-64.18153,3.16473],[-64.18107,3.17183],[-64.17647,3.17956],[-64.17703,3.18457],[-64.1715,3.19129],[-64.1698,3.2015],[-64.16763,3.20462],[-64.15878,3.20679],[-64.15649,3.21319],[-64.15392,3.22761],[-64.15693,3.23367],[-64.15812,3.24538],[-64.14772,3.25234],[-64.14988,3.25498],[-64.14451,3.26145],[-64.14526,3.26472],[-64.13866,3.26753],[-64.13695,3.27238],[-64.12986,3.27271],[-64.12279,3.27839],[-64.11711,3.27924],[-64.11712,3.28583],[-64.12409,3.29184],[-64.11869,3.29886],[-64.11972,3.30524],[-64.11694,3.30729],[-64.11559,3.31359],[-64.11961,3.32103],[-64.11481,3.3297],[-64.11488,3.33478],[-64.12029,3.33927],[-64.12548,3.33854],[-64.12772,3.34569],[-64.1343,3.34522],[-64.13624,3.35103],[-64.13324,3.35648],[-64.13318,3.36352],[-64.14011,3.36504],[-64.14414,3.36138],[-64.1466,3.36701],[-64.1497,3.36841],[-64.14431,3.37308],[-64.14155,3.37115],[-64.13597,3.3747],[-64.13577,3.3769],[-64.14393,3.3761],[-64.14793,3.37942],[-64.14206,3.38958],[-64.13603,3.38919],[-64.13432,3.39235],[-64.13799,3.40257],[-64.13437,3.40957],[-64.13468,3.41417],[-64.12688,3.41295],[-64.12336,3.41653],[-64.12002,3.4164],[-64.11756,3.42062],[-64.1249,3.43138],[-64.12285,3.43841],[-64.12677,3.4385],[-64.12923,3.44611],[-64.12281,3.45489],[-64.12225,3.4605],[-64.1157,3.4618],[-64.11962,3.46533],[-64.11912,3.47064],[-64.12517,3.47252],[-64.13043,3.48624],[-64.13309,3.48474],[-64.13843,3.48682],[-64.14147,3.48462],[-64.1417,3.48872],[-64.14778,3.49247],[-64.15073,3.49366],[-64.15342,3.4899],[-64.15833,3.49154],[-64.16339,3.49809],[-64.16154,3.5031],[-64.16917,3.503],[-64.17661,3.50785],[-64.17579,3.51145],[-64.17907,3.5146],[-64.17488,3.51645],[-64.17657,3.5234],[-64.18013,3.52486],[-64.18495,3.52298],[-64.18841,3.5257],[-64.18573,3.53028],[-64.17302,3.53611],[-64.17398,3.54036],[-64.17117,3.54256],[-64.16892,3.55188],[-64.16975,3.55447],[-64.17159,3.55397],[-64.17175,3.57118],[-64.17487,3.57385],[-64.18553,3.57373],[-64.18525,3.57902],[-64.18952,3.58274],[-64.19316,3.57817],[-64.1977,3.5785],[-64.19994,3.58146],[-64.19832,3.58936],[-64.19617,3.59028],[-64.19752,3.59447],[-64.18945,3.60319],[-64.19182,3.60532],[-64.19747,3.60383],[-64.19778,3.60616],[-64.20885,3.6108],[-64.21344,3.60741],[-64.2215,3.60998],[-64.21818,3.61643],[-64.22717,3.61917],[-64.22296,3.62675],[-64.22622,3.6314],[-64.22928,3.63262],[-64.23189,3.6305],[-64.23559,3.63249],[-64.24289,3.62618],[-64.24687,3.62777],[-64.24633,3.63181],[-64.2496,3.63324],[-64.24924,3.63805],[-64.25262,3.64051],[-64.24506,3.63901],[-64.23988,3.6426],[-64.23691,3.65059],[-64.24147,3.65385],[-64.24587,3.66179],[-64.26542,3.65063],[-64.26957,3.65314],[-64.27417,3.65026],[-64.28231,3.65141],[-64.28654,3.6563],[-64.29367,3.65349],[-64.29678,3.65938],[-64.30218,3.66114],[-64.30915,3.669],[-64.30809,3.67218],[-64.30264,3.67349],[-64.30192,3.68272],[-64.30482,3.6895],[-64.30925,3.69199],[-64.31026,3.69972],[-64.31852,3.7138],[-64.33319,3.70718],[-64.33451,3.7124],[-64.33905,3.71442],[-64.3394,3.71982],[-64.34428,3.72147],[-64.34654,3.73007],[-64.35393,3.73057],[-64.36403,3.74473],[-64.37089,3.7471],[-64.37758,3.7536],[-64.38419,3.75429],[-64.39189,3.76597],[-64.40636,3.76707],[-64.41088,3.77063],[-64.40998,3.77526],[-64.41408,3.77821],[-64.42193,3.77608],[-64.42611,3.77767],[-64.43883,3.77271],[-64.4462,3.77932],[-64.45733,3.78245],[-64.46415,3.79995],[-64.46312,3.80744],[-64.4722,3.82191],[-64.47416,3.83108],[-64.47709,3.83026],[-64.47996,3.82321],[-64.49022,3.81972],[-64.49274,3.82262],[-64.49997,3.82375],[-64.50461,3.83015],[-64.50832,3.83056],[-64.5032,3.83568],[-64.51484,3.84206],[-64.51513,3.84913],[-64.52115,3.84933],[-64.52563,3.85367],[-64.52559,3.85665],[-64.52097,3.86084],[-64.52898,3.86655],[-64.534,3.87791],[-64.55115,3.88674],[-64.56626,3.90006],[-64.56567,3.90402],[-64.56033,3.90847],[-64.55059,3.9253],[-64.55661,3.9278],[-64.563,3.92524],[-64.56738,3.93365],[-64.57469,3.93387],[-64.57861,3.93613],[-64.58137,3.94165],[-64.58862,3.93934],[-64.58588,3.94839],[-64.59549,3.96193],[-64.60263,3.96276],[-64.61131,3.9715],[-64.61445,3.97077],[-64.61507,3.96752],[-64.62081,3.9706],[-64.62767,3.97001],[-64.63461,3.97632],[-64.64049,3.97756],[-64.64372,3.98772],[-64.64599,3.98769],[-64.64607,3.99532],[-64.65832,3.99361],[-64.66702,3.98939],[-64.67127,3.99074],[-64.6717,3.99581],[-64.68033,4.00402],[-64.6802,4.01268],[-64.68501,4.01509],[-64.68977,4.01396],[-64.69027,4.01041],[-64.70066,4.00674],[-64.70442,4.00928],[-64.70575,4.02703],[-64.7142,4.02968],[-64.71532,4.03281],[-64.73407,4.02279],[-64.73757,4.0267],[-64.73879,4.03794],[-64.74215,4.04194],[-64.75074,4.04693],[-64.75934,4.04545],[-64.7663,4.0534],[-64.77235,4.05318],[-64.77286,4.05658],[-64.76194,4.06053],[-64.76295,4.06425],[-64.7726,4.07321],[-64.76851,4.07847],[-64.76859,4.08895],[-64.7734,4.09414],[-64.76735,4.10843],[-64.76867,4.11173],[-64.77296,4.11289],[-64.77992,4.12449],[-64.7769,4.13081],[-64.77729,4.14152],[-64.78525,4.14767],[-64.78476,4.15369],[-64.79332,4.15209],[-64.80153,4.15365],[-64.80954,4.15085],[-64.81989,4.15351],[-64.82449,4.14861],[-64.82817,4.1491],[-64.83222,4.14128],[-64.83929,4.14063],[-64.83959,4.13458],[-64.84489,4.1312],[-64.8507,4.11567],[-64.86082,4.11393],[-64.86943,4.10397],[-64.87425,4.10854],[-64.87147,4.11511],[-64.87646,4.11808],[-64.87676,4.12264],[-64.88048,4.12315],[-64.88229,4.13258],[-64.89063,4.13373],[-64.90063,4.1297],[-64.90569,4.1223],[-64.91461,4.11635],[-64.91601,4.11059],[-64.91924,4.11118],[-64.92438,4.10493],[-64.92253,4.09731],[-64.94009,4.09727],[-64.94171,4.08937],[-64.93648,4.07593],[-64.94117,4.07175],[-64.94351,4.07035],[-64.95047,4.07515],[-64.9525,4.07777],[-64.95205,4.08346],[-64.96343,4.0829],[-64.9656,4.07713],[-64.9616,4.07349],[-64.96135,4.06855],[-64.96517,4.06249],[-64.96847,4.06148],[-64.98445,4.06745],[-64.98871,4.0622],[-64.99347,4.06071],[-64.99003,4.05293],[-64.99557,4.05087],[-64.99484,4.04304],[-64.99987,4.03155],[-64.99661,4.02818],[-65.0069,4.02652],[-65.00805,4.02344],[-65.01743,4.02587],[-65.02172,4.02214],[-65.02672,4.0223],[-65.02989,4.0175],[-65.0508,4.02008],[-65.05893,4.03079],[-65.05967,4.04425],[-65.06399,4.04724],[-65.06208,4.05263],[-65.06699,4.05676],[-65.06541,4.06109],[-65.06891,4.06633],[-65.06684,4.07066],[-65.06836,4.07387],[-65.06036,4.07629],[-65.05549,4.08742],[-65.06799,4.10029],[-65.07651,4.09983],[-65.0843,4.10723],[-65.09052,4.10487],[-65.09473,4.10895],[-65.10209,4.10947],[-65.10853,4.10706],[-65.11533,4.11361],[-65.12174,4.11447],[-65.12671,4.10821],[-65.1305,4.11041],[-65.13791,4.10897],[-65.1412,4.09207],[-65.1466,4.08298],[-65.16829,4.07619],[-65.16999,4.07829],[-65.17522,4.07789],[-65.17795,4.08072],[-65.17696,4.08357],[-65.18119,4.08637],[-65.1936,4.08977],[-65.19692,4.09551],[-65.20729,4.09652],[-65.21165,4.10018],[-65.21805,4.09733],[-65.21933,4.10031],[-65.23979,4.10041],[-65.23919,4.107],[-65.24348,4.10895],[-65.24814,4.10685],[-65.24851,4.10951],[-65.24513,4.11301],[-65.24664,4.11655],[-65.24171,4.12062],[-65.24783,4.12665],[-65.24837,4.13014],[-65.24547,4.13216],[-65.24755,4.13987],[-65.2598,4.14775],[-65.26012,4.15205],[-65.26454,4.15658],[-65.2623,4.16396],[-65.26425,4.16838],[-65.2589,4.17176],[-65.25777,4.17786],[-65.2615,4.1903],[-65.25721,4.20013],[-65.25982,4.20338],[-65.25455,4.20751],[-65.25477,4.21781],[-65.26132,4.22281],[-65.26194,4.2314],[-65.26528,4.2328],[-65.2671,4.22577],[-65.27961,4.22251],[-65.27971,4.21504],[-65.29105,4.2094],[-65.28877,4.2158],[-65.29441,4.22325],[-65.29042,4.23268],[-65.29148,4.24185],[-65.29676,4.24276],[-65.3036,4.23693],[-65.30906,4.24153],[-65.31562,4.24307],[-65.31541,4.25394],[-65.31124,4.26686],[-65.32249,4.27981],[-65.33072,4.28473],[-65.32973,4.29302],[-65.33481,4.29624],[-65.33742,4.30484],[-65.34415,4.30654],[-65.34311,4.30953],[-65.34554,4.31126],[-65.35875,4.31101],[-65.36459,4.30638],[-65.37143,4.31051],[-65.37514,4.30997],[-65.37807,4.32871],[-65.37496,4.33643],[-65.38771,4.34011],[-65.39135,4.34958],[-65.39581,4.35166],[-65.39713,4.34973],[-65.40356,4.35146],[-65.40759,4.34931],[-65.41178,4.35217],[-65.41392,4.34793],[-65.42393,4.34876],[-65.427,4.34483],[-65.45313,4.34389],[-65.47347,4.35317],[-65.47226,4.36185],[-65.47803,4.36943],[-65.48746,4.3656],[-65.49094,4.36648]]]}},{"type":"Feature","id":"relation/2730907","properties":{"name":"Municipio Aut\u00f3nomo Atabapo","level":6,"population":"9169"},"geometry":{"type":"Polygon","coordinates":[[[-66.77207,4.66938],[-66.76602,4.66587],[-66.77594,4.66366],[-66.77407,4.65458],[-66.76834,4.65261],[-66.76118,4.64198],[-66.75521,4.64225],[-66.75087,4.63884],[-66.74181,4.64226],[-66.73468,4.63965],[-66.73786,4.63662],[-66.73776,4.63077],[-66.74953,4.6323],[-66.75503,4.62718],[-66.75922,4.61466],[-66.75829,4.60733],[-66.76108,4.60401],[-66.76086,4.59109],[-66.75832,4.58438],[-66.76483,4.58064],[-66.76721,4.57343],[-66.77374,4.56602],[-66.78847,4.56487],[-66.79015,4.55752],[-66.7949,4.55463],[-66.79707,4.54122],[-66.80505,4.53412],[-66.80591,4.52434],[-66.80989,4.52311],[-66.81416,4.51753],[-66.82029,4.51593],[-66.82107,4.51221],[-66.82419,4.51138],[-66.82447,4.50501],[-66.82888,4.49763],[-66.84321,4.49554],[-66.8469,4.49314],[-66.84948,4.48643],[-66.85506,4.48637],[-66.85486,4.47939],[-66.85146,4.47352],[-66.85234,4.46933],[-66.85661,4.46698],[-66.86264,4.46861],[-66.86889,4.45799],[-66.87936,4.45076],[-66.88522,4.45381],[-66.89701,4.44768],[-66.91702,4.44264],[-66.92428,4.43404],[-66.92824,4.43618],[-66.93636,4.43373],[-66.93881,4.4356],[-66.94072,4.43175],[-66.95337,4.42324],[-66.9647,4.41859],[-66.96965,4.41238],[-66.96917,4.40744],[-66.97787,4.40389],[-66.98608,4.39535],[-66.98905,4.38619],[-67.00174,4.38304],[-67.00253,4.37791],[-67.02015,4.36783],[-67.03022,4.36672],[-67.02677,4.3616],[-67.0325,4.35764],[-67.03252,4.34891],[-67.05052,4.33266],[-67.04932,4.32792],[-67.03422,4.33004],[-67.03284,4.32159],[-67.02679,4.31529],[-67.02755,4.29675],[-67.03405,4.29246],[-67.03017,4.28452],[-67.04047,4.2722],[-67.03552,4.25784],[-67.04063,4.25079],[-67.05004,4.24631],[-67.05886,4.24554],[-67.06796,4.24886],[-67.07081,4.25284],[-67.07636,4.25368],[-67.0943,4.24044],[-67.09616,4.24754],[-67.10064,4.2474],[-67.10608,4.24314],[-67.10644,4.25139],[-67.10865,4.25185],[-67.11315,4.2449],[-67.11849,4.2467],[-67.12019,4.24221],[-67.12753,4.24599],[-67.13135,4.23858],[-67.13693,4.24007],[-67.14962,4.22713],[-67.1464,4.22243],[-67.14895,4.21939],[-67.15801,4.21631],[-67.16922,4.21782],[-67.17334,4.22768],[-67.17513,4.22509],[-67.18384,4.22603],[-67.19217,4.21092],[-67.18232,4.20166],[-67.18598,4.19121],[-67.18187,4.18773],[-67.18087,4.18197],[-67.18272,4.17779],[-67.18828,4.17456],[-67.19474,4.17565],[-67.19356,4.16803],[-67.18886,4.1644],[-67.18781,4.1588],[-67.18465,4.16094],[-67.17716,4.15947],[-67.16728,4.15438],[-67.16839,4.14976],[-67.1697,4.14634],[-67.17884,4.14687],[-67.18442,4.13488],[-67.19445,4.1324],[-67.19822,4.13455],[-67.19958,4.13149],[-67.20737,4.13113],[-67.20796,4.12404],[-67.21176,4.12049],[-67.21129,4.11626],[-67.2183,4.11566],[-67.21996,4.11307],[-67.22885,4.11581],[-67.23223,4.11021],[-67.23485,4.11013],[-67.23739,4.11184],[-67.23665,4.11673],[-67.24246,4.12646],[-67.24119,4.12964],[-67.24468,4.13275],[-67.25208,4.1324],[-67.25755,4.12851],[-67.25737,4.12003],[-67.25967,4.11734],[-67.26629,4.12039],[-67.26517,4.12389],[-67.26991,4.12983],[-67.27668,4.131],[-67.27591,4.13617],[-67.28705,4.13569],[-67.30156,4.12947],[-67.30615,4.13471],[-67.31491,4.11008],[-67.31948,4.10667],[-67.32839,4.1088],[-67.32727,4.11287],[-67.32349,4.113],[-67.32134,4.1178],[-67.32385,4.12243],[-67.33432,4.13413],[-67.34628,4.14006],[-67.35243,4.14711],[-67.37035,4.13478],[-67.3814,4.14371],[-67.39278,4.14776],[-67.39612,4.14574],[-67.40331,4.13197],[-67.42679,4.14156],[-67.43143,4.13745],[-67.44209,4.13582],[-67.44366,4.13236],[-67.44078,4.12115],[-67.44778,4.11449],[-67.45367,4.11638],[-67.46321,4.11527],[-67.47008,4.12408],[-67.48545,4.13165],[-67.50016,4.11847],[-67.53835,4.1415],[-67.54372,4.15141],[-67.55274,4.15271],[-67.55091,4.16119],[-67.56321,4.18004],[-67.56399,4.19172],[-67.57485,4.19452],[-67.5821,4.20228],[-67.59787,4.21011],[-67.59708,4.23352],[-67.60185,4.24037],[-67.61003,4.24455],[-67.61788,4.2435],[-67.6203,4.24089],[-67.6203,4.23607],[-67.62586,4.22792],[-67.62612,4.22022],[-67.79184,4.21883],[-67.78002,4.19812],[-67.77362,4.17068],[-67.74209,4.14187],[-67.72781,4.11189],[-67.72078,4.08648],[-67.72029,4.06402],[-67.70182,4.02839],[-67.69767,3.98003],[-67.69083,3.95283],[-67.68851,3.93069],[-67.68381,3.9259],[-67.67978,3.91319],[-67.66554,3.89867],[-67.66153,3.88456],[-67.64507,3.85173],[-67.64384,3.81277],[-67.63432,3.78615],[-67.62305,3.77873],[-67.61895,3.76723],[-67.61126,3.75638],[-67.59695,3.75219],[-67.5564,3.75725],[-67.54369,3.75669],[-67.53724,3.76007],[-67.52627,3.77456],[-67.52052,3.77661],[-67.51255,3.77519],[-67.50099,3.76865],[-67.48501,3.74053],[-67.48526,3.72423],[-67.47839,3.7052],[-67.47176,3.69741],[-67.46558,3.68441],[-67.45417,3.68326],[-67.44797,3.67858],[-67.44671,3.67117],[-67.45244,3.65655],[-67.44177,3.6437],[-67.43864,3.63271],[-67.44594,3.60423],[-67.44375,3.58659],[-67.43028,3.57444],[-67.43025,3.56251],[-67.41119,3.53922],[-67.40709,3.51617],[-67.40677,3.49949],[-67.39937,3.47701],[-67.39269,3.47135],[-67.3697,3.46768],[-67.35636,3.45834],[-67.33936,3.45181],[-67.33316,3.44004],[-67.32787,3.4218],[-67.31209,3.39402],[-67.31065,3.37549],[-67.32502,3.36271],[-67.32444,3.35556],[-67.33264,3.34286],[-67.33366,3.33415],[-67.35215,3.31535],[-67.35488,3.30981],[-67.37335,3.30182],[-67.38091,3.29306],[-67.38395,3.26385],[-67.38115,3.25071],[-67.38542,3.23703],[-67.38519,3.23203],[-67.38212,3.23072],[-67.37372,3.23461],[-67.37087,3.24257],[-67.35898,3.23893],[-67.3479,3.21787],[-67.33879,3.20808],[-67.3377,3.20192],[-67.33277,3.19694],[-67.33397,3.18978],[-67.32931,3.18431],[-67.32794,3.1779],[-67.3304,3.15883],[-67.32208,3.14753],[-67.30906,3.14107],[-67.30552,3.13687],[-67.30537,3.13247],[-67.29461,3.12477],[-67.28756,3.1234],[-67.28467,3.11295],[-67.24619,3.10177],[-67.20915,3.10442],[-67.20551,3.10811],[-67.19567,3.13085],[-67.18811,3.13548],[-67.18322,3.13536],[-67.17532,3.14213],[-67.17305,3.14945],[-67.16518,3.15263],[-67.16014,3.16],[-67.15729,3.15644],[-67.14754,3.15885],[-67.13956,3.1561],[-67.13806,3.15931],[-67.14122,3.16294],[-67.14087,3.17422],[-67.13069,3.17659],[-67.11523,3.17372],[-67.10919,3.17009],[-67.08788,3.16992],[-67.08568,3.16721],[-67.08699,3.16073],[-67.07306,3.16026],[-67.06835,3.1649],[-67.06496,3.16101],[-67.06086,3.16131],[-67.06167,3.15653],[-67.05887,3.15468],[-67.04964,3.15795],[-67.05352,3.14792],[-67.04364,3.13856],[-67.04054,3.12903],[-67.03178,3.12861],[-67.03407,3.12163],[-67.03334,3.11427],[-67.03567,3.11183],[-67.03281,3.10856],[-67.02682,3.10846],[-67.02343,3.1117],[-67.02536,3.11659],[-67.0219,3.11507],[-67.02073,3.11892],[-67.01658,3.11742],[-67.01043,3.12134],[-67.00961,3.13213],[-67.00332,3.1367],[-67.00169,3.14414],[-66.98465,3.15001],[-66.97366,3.1584],[-66.96493,3.15731],[-66.96346,3.1608],[-66.95161,3.1622],[-66.94476,3.15919],[-66.94603,3.1556],[-66.94219,3.15396],[-66.94242,3.15578],[-66.93583,3.15344],[-66.9333,3.15534],[-66.9241,3.149],[-66.919,3.15111],[-66.91026,3.14845],[-66.9083,3.14259],[-66.89505,3.12518],[-66.87951,3.12177],[-66.87398,3.1118],[-66.87743,3.11103],[-66.87545,3.1066],[-66.87748,3.10613],[-66.87799,3.10124],[-66.86372,3.10512],[-66.85257,3.09242],[-66.84823,3.09127],[-66.84405,3.085],[-66.84481,3.08215],[-66.83335,3.07768],[-66.82612,3.06341],[-66.82119,3.06446],[-66.81788,3.06248],[-66.8145,3.0562],[-66.80742,3.06014],[-66.80113,3.05921],[-66.79792,3.06344],[-66.79024,3.06321],[-66.78693,3.06057],[-66.77683,3.0639],[-66.77329,3.06214],[-66.75508,3.06251],[-66.74992,3.06568],[-66.74316,3.06058],[-66.7312,3.06639],[-66.72895,3.06439],[-66.72447,3.06602],[-66.71605,3.06338],[-66.71174,3.0653],[-66.70018,3.05079],[-66.69585,3.04896],[-66.69113,3.04045],[-66.66725,3.03832],[-66.65428,3.02446],[-66.64738,3.02041],[-66.63484,3.01893],[-66.62766,3.02357],[-66.6137,3.0275],[-66.60191,3.02438],[-66.59377,3.01538],[-66.58984,3.01475],[-66.58833,3.0089],[-66.58508,3.0096],[-66.58377,3.00693],[-66.57046,3.00408],[-66.56593,2.98982],[-66.5603,2.99411],[-66.56103,2.98986],[-66.55159,2.98879],[-66.5467,2.99361],[-66.53975,2.99458],[-66.53947,2.99901],[-66.53569,3.00171],[-66.51778,3.0057],[-66.50979,3.0009],[-66.50921,2.99728],[-66.50447,2.9976],[-66.50185,2.99087],[-66.48975,2.98596],[-66.49183,2.97465],[-66.48851,2.97036],[-66.48254,2.97011],[-66.48265,2.96323],[-66.47578,2.96338],[-66.47544,2.96818],[-66.4705,2.96936],[-66.46696,2.96908],[-66.46141,2.96179],[-66.45744,2.96186],[-66.45475,2.95841],[-66.44879,2.96027],[-66.44274,2.95724],[-66.44094,2.961],[-66.43797,2.95827],[-66.42974,2.96263],[-66.4266,2.96084],[-66.42437,2.95549],[-66.42514,2.94911],[-66.42822,2.94901],[-66.42858,2.94603],[-66.42558,2.9403],[-66.43152,2.93132],[-66.43049,2.92793],[-66.43374,2.92786],[-66.43669,2.92333],[-66.43497,2.91495],[-66.41918,2.91545],[-66.41892,2.90947],[-66.42294,2.90341],[-66.423,2.89907],[-66.41661,2.89417],[-66.40081,2.89881],[-66.39997,2.88812],[-66.40484,2.88488],[-66.4063,2.8774],[-66.40169,2.8774],[-66.39815,2.87329],[-66.38847,2.8693],[-66.38851,2.86261],[-66.38156,2.86178],[-66.37866,2.86692],[-66.37019,2.87014],[-66.36373,2.87834],[-66.35972,2.87828],[-66.35749,2.87444],[-66.35262,2.87689],[-66.35255,2.88559],[-66.34401,2.90436],[-66.34556,2.91],[-66.34272,2.91874],[-66.33479,2.9217],[-66.33307,2.92008],[-66.33074,2.91414],[-66.33201,2.90063],[-66.32814,2.89558],[-66.32742,2.87539],[-66.32977,2.87226],[-66.32395,2.84979],[-66.32166,2.8477],[-66.32894,2.81653],[-66.31777,2.81538],[-66.3165,2.819],[-66.30704,2.81917],[-66.30544,2.79862],[-66.29493,2.78214],[-66.29795,2.76547],[-66.29257,2.76436],[-66.29321,2.75887],[-66.28974,2.7507],[-66.28498,2.74817],[-66.28517,2.73479],[-66.27816,2.72933],[-66.28801,2.71962],[-66.2861,2.71653],[-66.27726,2.7166],[-66.2747,2.71216],[-66.27938,2.70652],[-66.27872,2.70161],[-66.28215,2.69857],[-66.27769,2.69171],[-66.28281,2.68423],[-66.28447,2.67278],[-66.279,2.67038],[-66.2782,2.66753],[-66.28014,2.66608],[-66.28022,2.65604],[-66.28541,2.64968],[-66.28308,2.64747],[-66.27407,2.64904],[-66.26805,2.64688],[-66.26847,2.6365],[-66.27332,2.63296],[-66.27223,2.63103],[-66.26354,2.63549],[-66.25767,2.64236],[-66.25539,2.64095],[-66.25525,2.63088],[-66.2513,2.62853],[-66.23465,2.6401],[-66.22473,2.63671],[-66.21594,2.63828],[-66.20432,2.64648],[-66.20434,2.64912],[-66.20965,2.65328],[-66.20919,2.66162],[-66.20201,2.66803],[-66.18677,2.6642],[-66.18279,2.65839],[-66.18077,2.64697],[-66.1748,2.63996],[-66.16662,2.64182],[-66.16446,2.65154],[-66.16115,2.65309],[-66.15673,2.65141],[-66.15244,2.64323],[-66.1479,2.64259],[-66.14438,2.64608],[-66.14463,2.65114],[-66.15299,2.66392],[-66.15383,2.68249],[-66.15785,2.6923],[-66.15154,2.70067],[-66.13899,2.7029],[-66.15877,2.71206],[-66.16363,2.71951],[-66.15851,2.74493],[-66.1553,2.75054],[-66.14685,2.75353],[-66.1314,2.753],[-66.12203,2.74956],[-66.11023,2.75214],[-66.09961,2.76687],[-66.08496,2.7745],[-66.06767,2.79574],[-66.05874,2.81598],[-66.03573,2.80913],[-66.02315,2.80874],[-66.01323,2.80443],[-66.00828,2.79862],[-65.99694,2.80182],[-65.99234,2.79113],[-65.98741,2.78909],[-65.95959,2.80191],[-65.95415,2.81943],[-65.94675,2.82665],[-65.93876,2.82769],[-65.92068,2.82474],[-65.91447,2.82828],[-65.90976,2.83789],[-65.91184,2.84892],[-65.92102,2.86405],[-65.92318,2.87954],[-65.93434,2.89101],[-65.9346,2.89929],[-65.93046,2.90347],[-65.9446,2.90727],[-65.94446,2.91105],[-65.94653,2.91194],[-65.94931,2.90902],[-65.94744,2.89419],[-65.95068,2.89242],[-65.95412,2.89393],[-65.9644,2.90988],[-65.96361,2.91608],[-65.95888,2.92345],[-65.96111,2.93224],[-65.97757,2.94224],[-65.99876,2.97253],[-66.00021,2.98111],[-65.99212,2.99328],[-65.99088,3.00616],[-65.98523,3.006],[-65.97833,3.01207],[-65.97069,3.01112],[-65.95794,3.02397],[-65.95613,3.0448],[-65.93886,3.05028],[-65.9283,3.06365],[-65.92068,3.06345],[-65.91908,3.05951],[-65.91638,3.06076],[-65.91495,3.06716],[-65.91754,3.08117],[-65.90802,3.09549],[-65.90307,3.09847],[-65.90553,3.10736],[-65.90176,3.10674],[-65.89909,3.09801],[-65.89417,3.09611],[-65.87796,3.10978],[-65.87776,3.11387],[-65.88172,3.11949],[-65.88099,3.12734],[-65.87605,3.12862],[-65.88083,3.13651],[-65.87862,3.14007],[-65.8911,3.14384],[-65.89274,3.16225],[-65.90529,3.17272],[-65.92076,3.17008],[-65.94627,3.14082],[-65.95643,3.13464],[-65.96422,3.13319],[-65.98395,3.13831],[-65.99854,3.14986],[-66.03155,3.16386],[-66.03208,3.17454],[-66.02987,3.18038],[-66.01438,3.19777],[-66.01471,3.20114],[-66.01864,3.20362],[-66.01348,3.20358],[-66.01019,3.19657],[-66.00339,3.19501],[-66.00631,3.21552],[-66.00435,3.21587],[-66.00144,3.21078],[-65.9995,3.21314],[-66.00218,3.21712],[-65.99807,3.22165],[-65.98808,3.21967],[-65.99395,3.23225],[-65.98911,3.23704],[-65.98431,3.2313],[-65.9819,3.23161],[-65.98569,3.24553],[-65.9825,3.24553],[-65.97789,3.23754],[-65.97215,3.23343],[-65.96725,3.23361],[-65.96418,3.23689],[-65.96898,3.25283],[-65.96211,3.26441],[-65.95967,3.27674],[-65.96191,3.27879],[-65.96852,3.27677],[-65.97227,3.28083],[-65.97095,3.29011],[-65.97342,3.29906],[-65.96713,3.3098],[-65.97251,3.31022],[-65.97796,3.30547],[-65.98473,3.30855],[-65.98329,3.3154],[-65.97239,3.31809],[-65.98059,3.32152],[-65.98149,3.32762],[-65.98881,3.33033],[-65.99263,3.33503],[-65.99003,3.35114],[-65.99123,3.36673],[-65.97506,3.38845],[-65.96245,3.39076],[-65.96102,3.39871],[-65.96483,3.41335],[-65.9526,3.43991],[-65.94399,3.44764],[-65.92631,3.4419],[-65.90794,3.4522],[-65.90887,3.45987],[-65.9063,3.46682],[-65.90996,3.47023],[-65.91057,3.48193],[-65.90487,3.48642],[-65.90276,3.4944],[-65.92442,3.49604],[-65.93164,3.4991],[-65.94744,3.49775],[-65.95695,3.50303],[-65.94781,3.51936],[-65.95056,3.52671],[-65.94627,3.53185],[-65.95018,3.53759],[-65.96026,3.53944],[-65.95433,3.54106],[-65.95203,3.55608],[-65.94787,3.5584],[-65.93868,3.55467],[-65.93193,3.55775],[-65.92888,3.56309],[-65.92043,3.56832],[-65.913,3.56634],[-65.90736,3.58284],[-65.91368,3.59739],[-65.91038,3.61064],[-65.91436,3.61482],[-65.91438,3.62212],[-65.91753,3.62434],[-65.91769,3.62875],[-65.92723,3.63054],[-65.92836,3.63422],[-65.93494,3.63312],[-65.93626,3.63551],[-65.94148,3.63339],[-65.94795,3.63771],[-65.9525,3.65259],[-65.94936,3.65762],[-65.9498,3.66501],[-65.95288,3.66633],[-65.95262,3.66882],[-65.95616,3.66749],[-65.95942,3.67174],[-65.95722,3.67444],[-65.96182,3.67697],[-65.96164,3.68055],[-65.96668,3.68081],[-65.96676,3.68517],[-65.97078,3.68871],[-65.97377,3.68695],[-65.97531,3.68971],[-65.96667,3.70479],[-65.95643,3.70792],[-65.95395,3.71495],[-65.95555,3.71714],[-65.95221,3.71884],[-65.96787,3.73116],[-65.97012,3.73551],[-65.96649,3.73908],[-65.96794,3.74165],[-65.96416,3.74865],[-65.96788,3.7553],[-65.96887,3.76676],[-65.96622,3.76734],[-65.96417,3.77536],[-65.95405,3.78215],[-65.9528,3.78896],[-65.94707,3.79125],[-65.95364,3.80259],[-65.95092,3.80702],[-65.95453,3.80946],[-65.94911,3.82452],[-65.95287,3.82757],[-65.95893,3.82578],[-65.96139,3.82797],[-65.95758,3.83787],[-65.96024,3.84417],[-65.96042,3.85434],[-65.9624,3.85569],[-65.96066,3.85674],[-65.96251,3.85769],[-65.96189,3.86906],[-65.95958,3.86986],[-65.95864,3.87665],[-65.96046,3.88118],[-65.95741,3.88197],[-65.95879,3.88908],[-65.95144,3.9109],[-65.95013,3.91786],[-65.95189,3.91898],[-65.94958,3.92084],[-65.95056,3.93134],[-65.95307,3.93323],[-65.94963,3.93426],[-65.95267,3.93678],[-65.95464,3.9452],[-65.95466,3.96162],[-65.95156,3.96192],[-65.9476,3.96933],[-65.94376,3.97113],[-65.94906,3.97178],[-65.95122,3.97915],[-65.94801,3.99306],[-65.95371,4.0017],[-65.95873,3.99765],[-65.96243,4.00093],[-65.96615,3.99279],[-65.96986,3.99363],[-65.96995,3.99721],[-65.97451,3.99655],[-65.97879,4.00447],[-65.98152,4.00354],[-65.98252,4.01892],[-65.97631,4.02914],[-65.98138,4.03988],[-65.98679,4.04041],[-65.99045,4.03171],[-65.99363,4.03537],[-66.0018,4.02928],[-66.00045,4.03305],[-66.00501,4.03465],[-66.00737,4.04238],[-66.01562,4.04502],[-66.0169,4.04838],[-66.02254,4.05152],[-66.03081,4.05143],[-66.03122,4.05751],[-66.03522,4.05494],[-66.0363,4.05065],[-66.04069,4.05035],[-66.03832,4.047],[-66.04179,4.04548],[-66.04075,4.04272],[-66.04368,4.04297],[-66.04332,4.04083],[-66.04758,4.03923],[-66.04549,4.03822],[-66.04677,4.03589],[-66.05351,4.03669],[-66.05406,4.03229],[-66.05923,4.02813],[-66.05873,4.02127],[-66.06238,4.02485],[-66.06893,4.02367],[-66.07365,4.02968],[-66.08037,4.0281],[-66.08461,4.03026],[-66.08675,4.02053],[-66.11057,4.03529],[-66.11299,4.03037],[-66.11309,4.03338],[-66.11834,4.03481],[-66.12207,4.04251],[-66.12525,4.04122],[-66.1258,4.03635],[-66.13781,4.03008],[-66.14493,4.03467],[-66.15049,4.04569],[-66.15941,4.04099],[-66.16001,4.04386],[-66.164,4.04206],[-66.16632,4.04389],[-66.16579,4.04693],[-66.1622,4.04935],[-66.16779,4.04959],[-66.17024,4.05832],[-66.17416,4.05533],[-66.17884,4.05918],[-66.18017,4.05599],[-66.17863,4.06319],[-66.18539,4.06244],[-66.18478,4.0679],[-66.19025,4.06994],[-66.19056,4.07221],[-66.19968,4.06676],[-66.20087,4.06872],[-66.20218,4.06013],[-66.20509,4.06412],[-66.20902,4.05942],[-66.21715,4.06231],[-66.21358,4.05835],[-66.21584,4.05991],[-66.21911,4.05823],[-66.22174,4.06091],[-66.22318,4.0588],[-66.22577,4.06136],[-66.22505,4.0643],[-66.22887,4.06454],[-66.23054,4.06918],[-66.23413,4.06866],[-66.23549,4.0743],[-66.23931,4.07547],[-66.24095,4.07878],[-66.24057,4.0838],[-66.24245,4.08489],[-66.23967,4.09159],[-66.24259,4.09288],[-66.23953,4.09984],[-66.2496,4.10333],[-66.25441,4.10078],[-66.25352,4.10348],[-66.26103,4.10565],[-66.26468,4.10995],[-66.26339,4.11295],[-66.26773,4.11712],[-66.27647,4.11759],[-66.27554,4.12223],[-66.27918,4.12238],[-66.27697,4.13196],[-66.28054,4.13115],[-66.28598,4.13351],[-66.28571,4.1364],[-66.28819,4.13527],[-66.28766,4.13841],[-66.30058,4.14679],[-66.30072,4.152],[-66.31294,4.15539],[-66.31631,4.15268],[-66.31687,4.14524],[-66.32103,4.1491],[-66.32221,4.14555],[-66.32765,4.15075],[-66.33086,4.14962],[-66.33216,4.15146],[-66.33284,4.14973],[-66.33528,4.15529],[-66.33293,4.15696],[-66.33331,4.16086],[-66.33725,4.16164],[-66.33401,4.16462],[-66.33843,4.16685],[-66.33845,4.16984],[-66.34099,4.16917],[-66.3425,4.17216],[-66.34464,4.17109],[-66.34677,4.17327],[-66.34307,4.1748],[-66.34336,4.17761],[-66.34816,4.17885],[-66.34522,4.18136],[-66.34595,4.18405],[-66.3485,4.18337],[-66.34997,4.17879],[-66.35212,4.17964],[-66.35284,4.19168],[-66.36194,4.19733],[-66.36415,4.19175],[-66.37049,4.19157],[-66.37552,4.18782],[-66.37806,4.19091],[-66.38485,4.19041],[-66.39218,4.20119],[-66.39183,4.204],[-66.39524,4.20317],[-66.39663,4.20551],[-66.40254,4.20266],[-66.4004,4.2065],[-66.40456,4.20748],[-66.40353,4.21166],[-66.41091,4.21204],[-66.41403,4.21628],[-66.41475,4.21296],[-66.41985,4.21109],[-66.42523,4.21653],[-66.4304,4.21745],[-66.4313,4.22081],[-66.43634,4.22245],[-66.43428,4.23116],[-66.43611,4.23318],[-66.44304,4.23326],[-66.44295,4.24576],[-66.4481,4.25436],[-66.44574,4.26495],[-66.44757,4.26893],[-66.44175,4.27837],[-66.44332,4.28211],[-66.44735,4.2838],[-66.44505,4.30101],[-66.44224,4.30435],[-66.4446,4.30805],[-66.43973,4.31549],[-66.44274,4.31932],[-66.43744,4.32549],[-66.43924,4.33098],[-66.44471,4.33383],[-66.44467,4.33954],[-66.44939,4.34145],[-66.44971,4.34444],[-66.45349,4.34699],[-66.45325,4.35041],[-66.459,4.35484],[-66.45844,4.35961],[-66.47392,4.37579],[-66.47329,4.37917],[-66.46576,4.38563],[-66.46632,4.39171],[-66.46898,4.39245],[-66.47016,4.39966],[-66.47216,4.40016],[-66.46858,4.40716],[-66.4699,4.41046],[-66.4631,4.41398],[-66.46273,4.41837],[-66.45238,4.42068],[-66.45423,4.42516],[-66.44958,4.43044],[-66.45375,4.43678],[-66.45029,4.44057],[-66.45257,4.44572],[-66.43969,4.44779],[-66.4379,4.4529],[-66.44819,4.45529],[-66.44498,4.45844],[-66.44489,4.4618],[-66.44868,4.46586],[-66.44568,4.46849],[-66.44387,4.47839],[-66.44967,4.48053],[-66.4544,4.47872],[-66.46405,4.48379],[-66.463,4.49285],[-66.46713,4.49608],[-66.46613,4.5026],[-66.47212,4.50767],[-66.4663,4.51907],[-66.46712,4.52482],[-66.47013,4.52646],[-66.46932,4.53984],[-66.46608,4.54351],[-66.46716,4.55335],[-66.46298,4.55831],[-66.46467,4.56153],[-66.46107,4.56994],[-66.48268,4.5665],[-66.49675,4.56123],[-66.50327,4.56095],[-66.50623,4.56356],[-66.52462,4.56675],[-66.5252,4.57391],[-66.51872,4.5811],[-66.52085,4.58477],[-66.52016,4.59107],[-66.51466,4.59327],[-66.51349,4.59794],[-66.51944,4.60897],[-66.51673,4.61261],[-66.51926,4.61861],[-66.51911,4.62854],[-66.52695,4.63008],[-66.53153,4.63395],[-66.53365,4.63972],[-66.53149,4.64282],[-66.53352,4.65385],[-66.53801,4.66049],[-66.53771,4.66691],[-66.52966,4.67869],[-66.52929,4.68718],[-66.52966,4.68901],[-66.53787,4.6912],[-66.53771,4.70043],[-66.53141,4.70215],[-66.52509,4.71484],[-66.52161,4.71653],[-66.51938,4.72311],[-66.51528,4.72676],[-66.50004,4.72702],[-66.49574,4.73141],[-66.50019,4.73644],[-66.49914,4.74045],[-66.50501,4.74532],[-66.50717,4.75122],[-66.51072,4.7489],[-66.52071,4.75171],[-66.53215,4.74534],[-66.53964,4.74968],[-66.54578,4.74725],[-66.54791,4.74911],[-66.54566,4.75124],[-66.54588,4.76066],[-66.54349,4.76355],[-66.5491,4.7781],[-66.55301,4.78049],[-66.55658,4.77302],[-66.56559,4.7713],[-66.56676,4.77387],[-66.57316,4.77588],[-66.57345,4.78139],[-66.58152,4.79707],[-66.58321,4.81274],[-66.58148,4.82306],[-66.60393,4.81762],[-66.61543,4.82068],[-66.61854,4.81742],[-66.62331,4.81697],[-66.62687,4.81432],[-66.62948,4.80143],[-66.6335,4.79849],[-66.63606,4.78901],[-66.64327,4.78268],[-66.65008,4.78835],[-66.65488,4.78496],[-66.65633,4.77987],[-66.66118,4.78073],[-66.66501,4.78785],[-66.67944,4.79694],[-66.68867,4.79591],[-66.6886,4.79332],[-66.6962,4.78651],[-66.70686,4.78559],[-66.70852,4.78232],[-66.70512,4.77129],[-66.71742,4.77198],[-66.72125,4.7673],[-66.73064,4.77079],[-66.73346,4.77724],[-66.73815,4.77511],[-66.74343,4.77757],[-66.75214,4.77354],[-66.75697,4.76755],[-66.75937,4.75821],[-66.77495,4.7505],[-66.7736,4.74395],[-66.76725,4.73816],[-66.76728,4.73287],[-66.76398,4.72848],[-66.76541,4.7269],[-66.75706,4.72596],[-66.75647,4.71885],[-66.74542,4.7125],[-66.74866,4.70699],[-66.74678,4.7037],[-66.75735,4.69609],[-66.76335,4.69786],[-66.77278,4.69471],[-66.773,4.68985],[-66.76819,4.68574],[-66.77207,4.66938]]]}},{"type":"Feature","id":"relation/2730908","properties":{"name":"Municipio Aut\u00f3nomo Atures","level":6,"population":"104228"},"geometry":{"type":"Polygon","coordinates":[[[-67.01139,5.62743],[-67.0098,5.63305],[-67.01836,5.64133],[-67.01733,5.64708],[-67.02014,5.64908],[-67.02008,5.65286],[-67.02285,5.65276],[-67.02512,5.64806],[-67.0363,5.64785],[-67.04117,5.65739],[-67.05074,5.66068],[-67.0559,5.66752],[-67.06145,5.66897],[-67.05939,5.67738],[-67.06255,5.69024],[-67.05636,5.69435],[-67.05716,5.70259],[-67.06557,5.70804],[-67.06372,5.71592],[-67.07578,5.72469],[-67.08475,5.72281],[-67.0934,5.71581],[-67.09803,5.71769],[-67.09831,5.72019],[-67.09488,5.72264],[-67.09679,5.72689],[-67.09563,5.73306],[-67.09816,5.7353],[-67.10037,5.74574],[-67.1061,5.75038],[-67.11316,5.75292],[-67.1283,5.74903],[-67.12855,5.7349],[-67.1264,5.73009],[-67.12877,5.72269],[-67.13767,5.72614],[-67.14221,5.72072],[-67.14966,5.72241],[-67.16147,5.71632],[-67.17335,5.71543],[-67.17676,5.7172],[-67.17835,5.70827],[-67.18427,5.70148],[-67.1925,5.70723],[-67.19721,5.70509],[-67.20255,5.70729],[-67.20925,5.70612],[-67.21358,5.70827],[-67.21684,5.71641],[-67.22549,5.71619],[-67.23167,5.72108],[-67.23186,5.72486],[-67.22856,5.7292],[-67.23425,5.73208],[-67.23504,5.73494],[-67.23011,5.74096],[-67.23129,5.75082],[-67.2247,5.75505],[-67.21918,5.75509],[-67.2136,5.75983],[-67.21358,5.76306],[-67.21923,5.76284],[-67.22137,5.77243],[-67.21238,5.77989],[-67.20916,5.78966],[-67.20551,5.79305],[-67.20715,5.79967],[-67.20045,5.8062],[-67.20103,5.81188],[-67.20721,5.81952],[-67.22071,5.8194],[-67.22423,5.82471],[-67.22311,5.83086],[-67.22054,5.83255],[-67.21753,5.83069],[-67.20852,5.83573],[-67.20124,5.84935],[-67.19285,5.85067],[-67.18502,5.85895],[-67.18464,5.86299],[-67.18981,5.8705],[-67.19002,5.8807],[-67.17526,5.89513],[-67.16369,5.90036],[-67.16228,5.91547],[-67.16895,5.91874],[-67.16822,5.9217],[-67.15156,5.92335],[-67.14788,5.93652],[-67.15039,5.94061],[-67.15043,5.95058],[-67.14374,5.95256],[-67.14466,5.95694],[-67.14241,5.95967],[-67.1473,5.97132],[-67.1394,5.98453],[-67.13689,5.99693],[-67.1411,5.99973],[-67.1438,6.0091],[-67.14779,6.01053],[-67.14912,6.01469],[-67.14603,6.02109],[-67.14696,6.02538],[-67.1435,6.02856],[-67.1447,6.03291],[-67.14181,6.03677],[-67.14657,6.05886],[-67.14288,6.06394],[-67.14455,6.06773],[-67.16537,6.07386],[-67.16284,6.08212],[-67.16457,6.09554],[-67.176,6.10598],[-67.17771,6.11205],[-67.18365,6.11698],[-67.20133,6.12124],[-67.2132,6.118],[-67.22633,6.11965],[-67.24886,6.10405],[-67.26094,6.09884],[-67.26736,6.1001],[-67.28148,6.0972],[-67.28802,6.091],[-67.29761,6.09622],[-67.29283,6.1109],[-67.28897,6.11616],[-67.28336,6.1152],[-67.28351,6.11901],[-67.28726,6.12243],[-67.28673,6.1256],[-67.29374,6.12929],[-67.29773,6.14058],[-67.30277,6.14202],[-67.30391,6.14662],[-67.30795,6.14884],[-67.31465,6.1479],[-67.32639,6.15102],[-67.34543,6.14978],[-67.34658,6.14698],[-67.35361,6.14341],[-67.35715,6.13679],[-67.35605,6.13478],[-67.37006,6.12514],[-67.37838,6.12397],[-67.39368,6.13098],[-67.39844,6.13025],[-67.40861,6.13847],[-67.40507,6.14378],[-67.40505,6.1515],[-67.40956,6.1561],[-67.40865,6.1576],[-67.41608,6.16451],[-67.41605,6.1688],[-67.4188,6.16844],[-67.42469,6.17361],[-67.42861,6.17329],[-67.43052,6.18215],[-67.43302,6.18346],[-67.43082,6.18719],[-67.43531,6.18652],[-67.43218,6.18776],[-67.43285,6.18951],[-67.44161,6.19593],[-67.46294,6.18517],[-67.48576,6.16214],[-67.48937,6.15504],[-67.49367,6.12491],[-67.48773,6.11028],[-67.47614,6.09734],[-67.47123,6.08382],[-67.46026,6.06663],[-67.42745,6.0349],[-67.427,6.02729],[-67.42379,6.02142],[-67.41013,6.00719],[-67.40844,5.99428],[-67.42745,5.97786],[-67.44144,5.97235],[-67.45379,5.96357],[-67.46996,5.93442],[-67.4788,5.92444],[-67.51408,5.90856],[-67.52858,5.89959],[-67.56163,5.85682],[-67.5866,5.8347],[-67.59175,5.82757],[-67.59235,5.80998],[-67.60433,5.79171],[-67.61415,5.75588],[-67.62566,5.73676],[-67.6275,5.69215],[-67.63557,5.67744],[-67.63909,5.65457],[-67.63224,5.63764],[-67.63452,5.62376],[-67.62939,5.6175],[-67.62581,5.60804],[-67.62701,5.60176],[-67.6213,5.59074],[-67.62323,5.5772],[-67.61699,5.57415],[-67.61274,5.56285],[-67.60171,5.55542],[-67.59484,5.54286],[-67.59901,5.52785],[-67.61325,5.51629],[-67.61885,5.50606],[-67.61673,5.49978],[-67.61909,5.47516],[-67.62531,5.46373],[-67.64656,5.45333],[-67.65793,5.43461],[-67.68342,5.42428],[-67.70586,5.41817],[-67.71762,5.40804],[-67.72659,5.39027],[-67.75294,5.38215],[-67.78037,5.35692],[-67.83517,5.31912],[-67.84566,5.30658],[-67.85021,5.28534],[-67.84096,5.2768],[-67.83495,5.27483],[-67.83429,5.27854],[-67.82463,5.28281],[-67.8177,5.28173],[-67.81335,5.27701],[-67.80925,5.27627],[-67.80875,5.27992],[-67.80528,5.28104],[-67.8049,5.28761],[-67.80135,5.28531],[-67.79794,5.27699],[-67.79201,5.2786],[-67.78605,5.27146],[-67.78281,5.27117],[-67.77944,5.27427],[-67.77875,5.2714],[-67.77397,5.2691],[-67.76585,5.26955],[-67.7613,5.27544],[-67.76232,5.28173],[-67.75392,5.2864],[-67.75065,5.28426],[-67.74645,5.288],[-67.74506,5.28248],[-67.73964,5.28383],[-67.7355,5.28145],[-67.7238,5.29268],[-67.72064,5.28975],[-67.71878,5.29091],[-67.71889,5.30258],[-67.71024,5.31126],[-67.70549,5.30927],[-67.69799,5.31404],[-67.6862,5.31269],[-67.68394,5.30289],[-67.68001,5.30943],[-67.68116,5.31573],[-67.67313,5.31959],[-67.67642,5.3262],[-67.67491,5.32964],[-67.66875,5.32365],[-67.663,5.32703],[-67.66083,5.32485],[-67.65088,5.32521],[-67.63997,5.33441],[-67.63851,5.33872],[-67.63551,5.3377],[-67.62866,5.34401],[-67.62173,5.34534],[-67.62097,5.34941],[-67.61446,5.34741],[-67.61464,5.34407],[-67.60655,5.3468],[-67.60708,5.33916],[-67.60059,5.33704],[-67.60057,5.32763],[-67.59577,5.32503],[-67.59623,5.32084],[-67.58795,5.3172],[-67.58444,5.31966],[-67.57734,5.315],[-67.57549,5.32487],[-67.58062,5.32458],[-67.58267,5.33007],[-67.57951,5.33696],[-67.58241,5.34495],[-67.57961,5.34854],[-67.57346,5.34761],[-67.57035,5.35292],[-67.57077,5.3576],[-67.56551,5.35698],[-67.55698,5.36184],[-67.55522,5.3667],[-67.55203,5.36552],[-67.54108,5.37229],[-67.53122,5.36591],[-67.5253,5.37479],[-67.52581,5.37942],[-67.5229,5.38379],[-67.51978,5.38358],[-67.51566,5.37836],[-67.50841,5.38177],[-67.50455,5.38058],[-67.50471,5.37522],[-67.49765,5.3762],[-67.49367,5.37247],[-67.49306,5.37541],[-67.48518,5.37639],[-67.48275,5.38085],[-67.47493,5.38191],[-67.47399,5.37327],[-67.47069,5.36742],[-67.47251,5.36379],[-67.47116,5.35725],[-67.47558,5.35448],[-67.47528,5.35087],[-67.47085,5.34834],[-67.46328,5.35025],[-67.45771,5.34893],[-67.45269,5.3599],[-67.44662,5.35658],[-67.44514,5.35821],[-67.44324,5.35459],[-67.43673,5.35417],[-67.43437,5.35803],[-67.438,5.36231],[-67.43802,5.36822],[-67.42916,5.37874],[-67.42811,5.38372],[-67.42917,5.38763],[-67.43377,5.38861],[-67.44299,5.40005],[-67.43529,5.40675],[-67.43081,5.40727],[-67.41937,5.42743],[-67.41362,5.42633],[-67.4121,5.42343],[-67.40157,5.42256],[-67.39946,5.41906],[-67.40275,5.41442],[-67.39775,5.41136],[-67.3946,5.41322],[-67.39211,5.42169],[-67.38396,5.42463],[-67.37437,5.42215],[-67.37179,5.41828],[-67.36665,5.4209],[-67.3647,5.42511],[-67.36682,5.43221],[-67.36487,5.43512],[-67.36863,5.43529],[-67.3709,5.43904],[-67.36672,5.4408],[-67.36118,5.43882],[-67.35309,5.4454],[-67.34993,5.445],[-67.34856,5.43454],[-67.34165,5.42818],[-67.34178,5.42374],[-67.3372,5.42539],[-67.33846,5.42924],[-67.33541,5.43331],[-67.32947,5.4331],[-67.32413,5.43827],[-67.32533,5.44625],[-67.31855,5.44152],[-67.31329,5.44456],[-67.31071,5.45186],[-67.30846,5.447],[-67.30447,5.44606],[-67.3014,5.44659],[-67.30036,5.45145],[-67.2915,5.44875],[-67.28432,5.45062],[-67.27405,5.46098],[-67.27182,5.46109],[-67.26865,5.45567],[-67.26094,5.46105],[-67.25197,5.4602],[-67.24619,5.46624],[-67.24113,5.46074],[-67.22908,5.45853],[-67.23013,5.4631],[-67.21816,5.46799],[-67.21428,5.46324],[-67.21371,5.45345],[-67.20906,5.44838],[-67.19677,5.45525],[-67.19245,5.45395],[-67.18826,5.45591],[-67.18565,5.45559],[-67.18367,5.44918],[-67.17768,5.46347],[-67.17523,5.4646],[-67.17276,5.46502],[-67.16729,5.45586],[-67.16212,5.46709],[-67.15761,5.47009],[-67.15993,5.48952],[-67.15605,5.49759],[-67.14878,5.50005],[-67.14633,5.50466],[-67.13754,5.50863],[-67.13201,5.50216],[-67.12418,5.50212],[-67.12164,5.51109],[-67.11651,5.51436],[-67.10793,5.51259],[-67.09803,5.52327],[-67.08082,5.52507],[-67.07855,5.52952],[-67.0811,5.53437],[-67.0791,5.53791],[-67.07139,5.54238],[-67.06672,5.54083],[-67.06784,5.54694],[-67.0631,5.54906],[-67.05893,5.55487],[-67.05185,5.55595],[-67.0509,5.54747],[-67.04355,5.54265],[-67.03712,5.55158],[-67.03983,5.5897],[-67.03448,5.6008],[-67.03452,5.60933],[-67.0314,5.61091],[-67.02702,5.60927],[-67.0281,5.6152],[-67.0227,5.62173],[-67.01139,5.62743]]]}},{"type":"Feature","id":"relation/2730909","properties":{"name":"Municipio Aut\u00f3nomo Autana","level":6,"population":"8352"},"geometry":{"type":"Polygon","coordinates":[[[-67.50455,5.38058],[-67.50841,5.38177],[-67.51566,5.37836],[-67.51978,5.38358],[-67.5229,5.38379],[-67.52581,5.37942],[-67.5253,5.37479],[-67.53122,5.36591],[-67.54108,5.37229],[-67.55203,5.36552],[-67.55522,5.3667],[-67.55698,5.36184],[-67.56551,5.35698],[-67.57077,5.3576],[-67.57209,5.34878],[-67.57961,5.34854],[-67.58241,5.34495],[-67.57951,5.33696],[-67.58267,5.33007],[-67.58062,5.32458],[-67.57621,5.32603],[-67.57527,5.32404],[-67.57734,5.315],[-67.58444,5.31966],[-67.58795,5.3172],[-67.59623,5.32084],[-67.59577,5.32503],[-67.60057,5.32763],[-67.60059,5.33704],[-67.60708,5.33916],[-67.60655,5.3468],[-67.61464,5.34407],[-67.61446,5.34741],[-67.62097,5.34941],[-67.62173,5.34534],[-67.62866,5.34401],[-67.63551,5.3377],[-67.63851,5.33872],[-67.63997,5.33441],[-67.65088,5.32521],[-67.66083,5.32485],[-67.663,5.32703],[-67.66875,5.32365],[-67.67491,5.32964],[-67.67642,5.3262],[-67.67313,5.31959],[-67.68116,5.31573],[-67.68001,5.30943],[-67.68394,5.30289],[-67.6862,5.31269],[-67.69799,5.31404],[-67.70549,5.30927],[-67.71024,5.31126],[-67.71889,5.30258],[-67.71878,5.29091],[-67.72064,5.28975],[-67.7238,5.29268],[-67.7355,5.28145],[-67.73964,5.28383],[-67.74506,5.28248],[-67.74645,5.288],[-67.75065,5.28426],[-67.75392,5.2864],[-67.76232,5.28173],[-67.7613,5.27544],[-67.76585,5.26955],[-67.77397,5.2691],[-67.77875,5.2714],[-67.77944,5.27427],[-67.78281,5.27117],[-67.78605,5.27146],[-67.79201,5.2786],[-67.79794,5.27699],[-67.80135,5.28531],[-67.8049,5.28761],[-67.80528,5.28104],[-67.80875,5.27992],[-67.80925,5.27627],[-67.81335,5.27701],[-67.8177,5.28173],[-67.82463,5.28281],[-67.83429,5.27854],[-67.83495,5.27483],[-67.84096,5.2768],[-67.85021,5.28534],[-67.85452,5.27603],[-67.86281,5.27314],[-67.85961,5.26009],[-67.85427,5.25339],[-67.84325,5.25041],[-67.83976,5.24713],[-67.84216,5.22714],[-67.83174,5.21398],[-67.82798,5.2125],[-67.82326,5.20073],[-67.82599,5.19118],[-67.83828,5.17823],[-67.84021,5.16645],[-67.85396,5.14078],[-67.85389,5.13341],[-67.85095,5.12546],[-67.83363,5.10051],[-67.83093,5.09147],[-67.82317,5.08474],[-67.82304,5.06272],[-67.81031,5.05838],[-67.80676,5.04815],[-67.80854,5.0408],[-67.81762,5.0268],[-67.82307,4.97519],[-67.83883,4.94454],[-67.83587,4.87976],[-67.82788,4.84873],[-67.82443,4.81254],[-67.82673,4.78239],[-67.8233,4.71329],[-67.8452,4.64731],[-67.84395,4.62243],[-67.84688,4.59801],[-67.84265,4.55683],[-67.85351,4.54296],[-67.85631,4.52423],[-67.8488,4.51134],[-67.82734,4.49905],[-67.80997,4.49317],[-67.79855,4.48186],[-67.79466,4.47294],[-67.79364,4.45796],[-67.79824,4.43775],[-67.78623,4.42545],[-67.77044,4.42004],[-67.77058,4.41498],[-67.77861,4.40221],[-67.77938,4.38852],[-67.76629,4.37341],[-67.7608,4.3551],[-67.76812,4.3404],[-67.77347,4.33809],[-67.78905,4.341],[-67.79952,4.33532],[-67.80635,4.32478],[-67.80596,4.31499],[-67.79635,4.29537],[-67.79119,4.2772],[-67.79567,4.24204],[-67.79484,4.22649],[-67.79184,4.21883],[-67.62612,4.22022],[-67.62586,4.22792],[-67.6203,4.23607],[-67.6203,4.24089],[-67.61788,4.2435],[-67.61003,4.24455],[-67.60185,4.24037],[-67.59708,4.23352],[-67.59787,4.21011],[-67.5821,4.20228],[-67.57485,4.19452],[-67.56399,4.19172],[-67.56321,4.18004],[-67.55091,4.16119],[-67.55274,4.15271],[-67.54372,4.15141],[-67.53835,4.1415],[-67.50016,4.11847],[-67.48545,4.13165],[-67.47008,4.12408],[-67.46321,4.11527],[-67.45367,4.11638],[-67.4483,4.11436],[-67.44078,4.12115],[-67.44294,4.13504],[-67.43143,4.13745],[-67.42738,4.14156],[-67.40736,4.13517],[-67.4039,4.13191],[-67.39389,4.14769],[-67.3814,4.14371],[-67.37035,4.13478],[-67.36616,4.13889],[-67.35662,4.14254],[-67.35302,4.14717],[-67.34628,4.14006],[-67.33432,4.13413],[-67.32143,4.11941],[-67.32349,4.113],[-67.32704,4.1131],[-67.32839,4.1088],[-67.31819,4.10657],[-67.31531,4.10946],[-67.30615,4.13471],[-67.30156,4.12947],[-67.29819,4.13249],[-67.29216,4.13212],[-67.28705,4.13569],[-67.28374,4.13439],[-67.27759,4.13646],[-67.27591,4.13617],[-67.27668,4.131],[-67.26991,4.12983],[-67.26517,4.12389],[-67.26629,4.12039],[-67.25967,4.11734],[-67.25737,4.12003],[-67.25755,4.12851],[-67.25208,4.1324],[-67.24468,4.13275],[-67.24119,4.12964],[-67.24246,4.12646],[-67.23665,4.11673],[-67.23719,4.11145],[-67.23223,4.11021],[-67.22885,4.11581],[-67.21996,4.11307],[-67.2183,4.11566],[-67.21129,4.11626],[-67.21176,4.12049],[-67.20796,4.12404],[-67.20737,4.13113],[-67.19958,4.13149],[-67.19822,4.13455],[-67.19445,4.1324],[-67.18442,4.13488],[-67.17884,4.14687],[-67.1697,4.14634],[-67.16728,4.15438],[-67.17716,4.15947],[-67.18465,4.16094],[-67.18781,4.1588],[-67.18886,4.1644],[-67.19356,4.16803],[-67.19415,4.17125],[-67.19474,4.17565],[-67.18828,4.17456],[-67.18272,4.17779],[-67.18087,4.18197],[-67.18187,4.18773],[-67.18598,4.19121],[-67.18232,4.20166],[-67.19217,4.21092],[-67.18384,4.22603],[-67.17513,4.22509],[-67.17334,4.22768],[-67.16922,4.21782],[-67.15801,4.21631],[-67.14895,4.21939],[-67.1464,4.22243],[-67.14962,4.22713],[-67.13693,4.24007],[-67.13135,4.23858],[-67.12753,4.24599],[-67.12019,4.24221],[-67.11849,4.2467],[-67.11315,4.2449],[-67.10865,4.25185],[-67.10644,4.25139],[-67.10608,4.24314],[-67.10064,4.2474],[-67.09616,4.24754],[-67.0943,4.24044],[-67.07636,4.25368],[-67.07081,4.25284],[-67.06796,4.24886],[-67.05886,4.24554],[-67.0492,4.24656],[-67.03995,4.25133],[-67.03552,4.25784],[-67.04047,4.2722],[-67.03017,4.28452],[-67.03405,4.29246],[-67.02755,4.29675],[-67.02679,4.31529],[-67.03284,4.32159],[-67.03422,4.33004],[-67.04932,4.32792],[-67.05052,4.33266],[-67.03252,4.34891],[-67.0325,4.35764],[-67.02677,4.3616],[-67.03022,4.36672],[-67.02015,4.36783],[-67.00253,4.37791],[-67.00174,4.38304],[-66.98905,4.38619],[-66.98608,4.39535],[-66.97787,4.40389],[-66.96917,4.40744],[-66.96965,4.41238],[-66.9647,4.41859],[-66.95337,4.42324],[-66.94072,4.43175],[-66.93881,4.4356],[-66.93636,4.43373],[-66.92824,4.43618],[-66.92428,4.43404],[-66.91702,4.44264],[-66.89701,4.44768],[-66.88522,4.45381],[-66.87936,4.45076],[-66.86889,4.45799],[-66.86264,4.46861],[-66.85661,4.46698],[-66.85234,4.46933],[-66.85146,4.47352],[-66.85486,4.47939],[-66.85506,4.48637],[-66.84948,4.48643],[-66.8469,4.49314],[-66.84321,4.49554],[-66.83523,4.49527],[-66.82862,4.49784],[-66.82447,4.50501],[-66.82419,4.51138],[-66.80591,4.52434],[-66.80505,4.53412],[-66.79707,4.54122],[-66.7949,4.55463],[-66.79015,4.55752],[-66.78815,4.56527],[-66.77374,4.56602],[-66.76721,4.57343],[-66.76483,4.58064],[-66.75832,4.58438],[-66.76086,4.59109],[-66.76108,4.60401],[-66.75829,4.60733],[-66.75922,4.61466],[-66.75503,4.62718],[-66.74953,4.6323],[-66.73776,4.63077],[-66.73786,4.63662],[-66.73468,4.63965],[-66.74181,4.64226],[-66.75087,4.63884],[-66.75521,4.64225],[-66.76118,4.64198],[-66.76834,4.65261],[-66.77407,4.65458],[-66.77594,4.66366],[-66.76602,4.66587],[-66.77298,4.67141],[-66.76819,4.68574],[-66.773,4.68985],[-66.77278,4.69471],[-66.76335,4.69786],[-66.75735,4.69609],[-66.75483,4.69927],[-66.74887,4.70091],[-66.74673,4.70398],[-66.74866,4.70699],[-66.74542,4.7125],[-66.75647,4.71885],[-66.75706,4.72596],[-66.76541,4.7269],[-66.76398,4.72848],[-66.76728,4.73287],[-66.76725,4.73816],[-66.7736,4.74395],[-66.77495,4.7505],[-66.75937,4.75821],[-66.75697,4.76755],[-66.75214,4.77354],[-66.74343,4.77757],[-66.74805,4.79004],[-66.7555,4.79994],[-66.75894,4.80222],[-66.76237,4.79909],[-66.76327,4.80354],[-66.76694,4.80353],[-66.77838,4.81553],[-66.7668,4.82348],[-66.76873,4.83857],[-66.77842,4.83724],[-66.78496,4.84982],[-66.80434,4.87223],[-66.81103,4.86587],[-66.81324,4.86805],[-66.81676,4.8661],[-66.82167,4.85661],[-66.82442,4.85656],[-66.82717,4.85262],[-66.83007,4.85473],[-66.83836,4.84805],[-66.84511,4.84772],[-66.84846,4.843],[-66.84335,4.84128],[-66.83882,4.83447],[-66.8498,4.82823],[-66.84975,4.82475],[-66.85845,4.82537],[-66.86352,4.81755],[-66.87274,4.81549],[-66.88026,4.81684],[-66.88016,4.81158],[-66.88594,4.8071],[-66.89002,4.81128],[-66.89581,4.81237],[-66.90212,4.80439],[-66.90805,4.80625],[-66.91695,4.80489],[-66.92128,4.81154],[-66.93158,4.81973],[-66.92824,4.82548],[-66.93093,4.83087],[-66.92638,4.83752],[-66.92746,4.84085],[-66.93381,4.8377],[-66.94501,4.83835],[-66.94557,4.84834],[-66.95181,4.84763],[-66.95396,4.85222],[-66.96687,4.85783],[-66.97403,4.866],[-66.98398,4.8689],[-66.99285,4.86582],[-66.9962,4.87221],[-66.99926,4.87228],[-67.00337,4.8777],[-67.00297,4.88424],[-67.00839,4.89214],[-67.01395,4.89076],[-67.01505,4.90085],[-67.00969,4.90572],[-67.00903,4.91127],[-67.02707,4.90919],[-67.03488,4.91583],[-67.03916,4.91408],[-67.04252,4.9173],[-67.04508,4.91249],[-67.05823,4.91167],[-67.05856,4.91825],[-67.06491,4.92988],[-67.06452,4.93347],[-67.07269,4.93193],[-67.08128,4.94137],[-67.07571,4.94527],[-67.0758,4.94847],[-67.07306,4.95047],[-67.0632,4.95079],[-67.05982,4.96121],[-67.06105,4.96844],[-67.06716,4.96937],[-67.07198,4.97591],[-67.07519,4.97612],[-67.07786,4.98137],[-67.09465,4.97876],[-67.10621,4.98195],[-67.11001,4.9846],[-67.11077,4.9896],[-67.11817,4.99075],[-67.12383,4.98559],[-67.12907,4.98421],[-67.1311,4.99019],[-67.12901,4.99118],[-67.12951,4.99554],[-67.13334,4.99615],[-67.13492,4.99961],[-67.13873,4.99316],[-67.14813,4.99227],[-67.15802,4.99929],[-67.16293,4.99884],[-67.16659,5.00288],[-67.16664,5.00719],[-67.17035,5.01036],[-67.16307,5.01885],[-67.15637,5.02108],[-67.14981,5.03172],[-67.15099,5.03509],[-67.14358,5.03766],[-67.14141,5.04346],[-67.14331,5.04684],[-67.1373,5.05417],[-67.13825,5.07718],[-67.14172,5.07963],[-67.13714,5.08373],[-67.1241,5.0826],[-67.11972,5.07939],[-67.11373,5.08192],[-67.1115,5.09062],[-67.10683,5.09742],[-67.10781,5.10171],[-67.10329,5.10939],[-67.10251,5.11578],[-67.09622,5.12289],[-67.09117,5.1229],[-67.08642,5.12665],[-67.0759,5.12187],[-67.06366,5.12959],[-67.05614,5.14176],[-67.04808,5.14001],[-67.04052,5.14517],[-67.03191,5.14597],[-67.02308,5.15243],[-67.02437,5.15647],[-67.02174,5.1601],[-67.02557,5.16578],[-67.01796,5.1731],[-67.01811,5.17695],[-67.01441,5.18167],[-67.0078,5.18599],[-67.01168,5.19466],[-67.00833,5.2062],[-67.01029,5.21288],[-66.99818,5.21372],[-66.99965,5.22232],[-67.00588,5.22967],[-66.9958,5.23517],[-66.99217,5.24316],[-66.9849,5.23582],[-66.98017,5.23686],[-66.9754,5.24196],[-66.97667,5.25308],[-66.9617,5.25578],[-66.95328,5.25375],[-66.94893,5.25977],[-66.94799,5.26618],[-66.95648,5.26845],[-66.96403,5.27607],[-66.96551,5.28236],[-66.95787,5.28681],[-66.95307,5.2973],[-66.93562,5.28951],[-66.92466,5.29299],[-66.91873,5.28999],[-66.91393,5.29294],[-66.91152,5.29194],[-66.90779,5.301],[-66.90048,5.30589],[-66.90465,5.30981],[-66.90302,5.31375],[-66.89373,5.31551],[-66.89126,5.31289],[-66.88816,5.31674],[-66.88307,5.31794],[-66.88318,5.32372],[-66.87709,5.32749],[-66.86754,5.32817],[-66.86377,5.33606],[-66.85594,5.33648],[-66.85104,5.34598],[-66.84068,5.3483],[-66.84541,5.35097],[-66.84891,5.36003],[-66.87,5.36378],[-66.86905,5.3687],[-66.85594,5.38169],[-66.85427,5.39702],[-66.83773,5.3925],[-66.83408,5.39663],[-66.82692,5.39284],[-66.81997,5.39438],[-66.80827,5.38994],[-66.8034,5.37858],[-66.79445,5.37579],[-66.78906,5.37919],[-66.7783,5.37625],[-66.76807,5.3796],[-66.74776,5.3795],[-66.74619,5.37538],[-66.74224,5.37452],[-66.74562,5.36712],[-66.74437,5.36456],[-66.73304,5.3648],[-66.73297,5.35826],[-66.72814,5.35333],[-66.72216,5.35354],[-66.71719,5.35754],[-66.71178,5.35047],[-66.70391,5.3493],[-66.7023,5.33662],[-66.69788,5.33425],[-66.69656,5.33005],[-66.686,5.33155],[-66.68703,5.32285],[-66.67654,5.32513],[-66.67161,5.32842],[-66.671,5.33261],[-66.66505,5.32688],[-66.65624,5.33122],[-66.65498,5.33634],[-66.64339,5.34155],[-66.63964,5.34574],[-66.6335,5.34373],[-66.6292,5.34492],[-66.62516,5.34201],[-66.61734,5.35371],[-66.61058,5.3508],[-66.60621,5.35246],[-66.60452,5.35791],[-66.58716,5.3696],[-66.59428,5.39235],[-66.58671,5.40662],[-66.58935,5.41005],[-66.58834,5.4152],[-66.5924,5.4189],[-66.59865,5.41876],[-66.60617,5.4235],[-66.60005,5.42852],[-66.59822,5.4348],[-66.60296,5.44002],[-66.59733,5.45223],[-66.59862,5.45958],[-66.59635,5.46702],[-66.58818,5.46773],[-66.58046,5.48444],[-66.57543,5.49023],[-66.57521,5.49551],[-66.57977,5.5052],[-66.56701,5.50463],[-66.56146,5.5077],[-66.5557,5.50519],[-66.55356,5.51342],[-66.54868,5.51651],[-66.54744,5.52394],[-66.54516,5.52537],[-66.54001,5.52392],[-66.53275,5.52594],[-66.52845,5.52054],[-66.52123,5.5292],[-66.52104,5.53335],[-66.51552,5.53233],[-66.51228,5.5391],[-66.50459,5.54084],[-66.49875,5.53641],[-66.49211,5.55086],[-66.49491,5.55473],[-66.49297,5.56243],[-66.48712,5.56448],[-66.48636,5.57012],[-66.48157,5.56983],[-66.48043,5.57263],[-66.46963,5.57612],[-66.45874,5.58796],[-66.45265,5.58895],[-66.44571,5.58668],[-66.4413,5.5778],[-66.43208,5.57868],[-66.42605,5.57662],[-66.42604,5.57405],[-66.42264,5.57306],[-66.42938,5.5627],[-66.42799,5.56064],[-66.42251,5.5568],[-66.42261,5.55398],[-66.409,5.55182],[-66.40853,5.55903],[-66.41218,5.56879],[-66.40474,5.58594],[-66.40997,5.5944],[-66.41102,5.60076],[-66.41441,5.60193],[-66.41521,5.61056],[-66.41004,5.61466],[-66.40012,5.61432],[-66.398,5.61906],[-66.38796,5.62263],[-66.38457,5.62869],[-66.38688,5.63371],[-66.38405,5.63783],[-66.39051,5.64372],[-66.39708,5.63909],[-66.4054,5.64413],[-66.4072,5.64994],[-66.4168,5.65728],[-66.41917,5.66618],[-66.41603,5.67439],[-66.42034,5.71106],[-66.42817,5.71233],[-66.43248,5.71581],[-66.4327,5.72],[-66.44007,5.72669],[-66.44475,5.74288],[-66.46851,5.77375],[-66.48012,5.77062],[-66.48372,5.76536],[-66.49979,5.75356],[-66.50432,5.75542],[-66.50827,5.76188],[-66.51406,5.76325],[-66.5169,5.76897],[-66.52582,5.76417],[-66.53614,5.76235],[-66.54887,5.75334],[-66.55226,5.74139],[-66.55676,5.73932],[-66.56206,5.74019],[-66.58148,5.73065],[-66.59028,5.7312],[-66.60196,5.74038],[-66.60605,5.74077],[-66.61467,5.73457],[-66.62266,5.73345],[-66.63227,5.7375],[-66.64367,5.73605],[-66.64759,5.73238],[-66.6586,5.73475],[-66.66161,5.73291],[-66.65837,5.72667],[-66.66041,5.72181],[-66.67975,5.72503],[-66.68218,5.72006],[-66.68962,5.71702],[-66.69582,5.71939],[-66.70734,5.71365],[-66.71821,5.7163],[-66.72909,5.70264],[-66.73945,5.70251],[-66.74407,5.69442],[-66.75428,5.69457],[-66.75634,5.68961],[-66.75967,5.68908],[-66.76722,5.69348],[-66.77522,5.68944],[-66.78327,5.69299],[-66.79147,5.68953],[-66.79278,5.68575],[-66.79999,5.68002],[-66.80694,5.67915],[-66.81029,5.67492],[-66.81883,5.67663],[-66.82419,5.6746],[-66.82505,5.66899],[-66.83644,5.67142],[-66.85063,5.6828],[-66.86142,5.67879],[-66.86749,5.67272],[-66.86453,5.65723],[-66.86857,5.64761],[-66.88107,5.64407],[-66.88919,5.63832],[-66.90564,5.64012],[-66.91489,5.65306],[-66.91807,5.6616],[-66.91554,5.66719],[-66.92543,5.67067],[-66.92577,5.67984],[-66.93225,5.68173],[-66.93219,5.6929],[-66.93736,5.69284],[-66.94616,5.68739],[-66.94547,5.68395],[-66.95051,5.67595],[-66.95886,5.66939],[-66.94369,5.64857],[-66.93946,5.63518],[-66.95246,5.63113],[-66.96223,5.62177],[-66.96897,5.62724],[-66.97598,5.61977],[-66.98667,5.62474],[-67.00484,5.62199],[-67.01139,5.62743],[-67.01567,5.62673],[-67.02008,5.62166],[-67.0219,5.62262],[-67.0281,5.6152],[-67.02702,5.60927],[-67.0314,5.61091],[-67.03452,5.60933],[-67.03448,5.6008],[-67.03983,5.5897],[-67.03712,5.55158],[-67.04355,5.54265],[-67.0509,5.54747],[-67.05185,5.55595],[-67.05893,5.55487],[-67.0631,5.54906],[-67.06784,5.54694],[-67.06672,5.54083],[-67.07139,5.54238],[-67.0791,5.53791],[-67.0811,5.53437],[-67.07855,5.52952],[-67.08082,5.52507],[-67.09803,5.52327],[-67.10793,5.51259],[-67.11651,5.51436],[-67.12164,5.51109],[-67.12418,5.50212],[-67.13201,5.50216],[-67.13754,5.50863],[-67.14633,5.50466],[-67.14878,5.50005],[-67.15605,5.49759],[-67.15993,5.48952],[-67.15761,5.47009],[-67.16212,5.46709],[-67.16729,5.45586],[-67.17276,5.46502],[-67.17523,5.4646],[-67.17768,5.46347],[-67.18367,5.44918],[-67.18565,5.45559],[-67.18826,5.45591],[-67.19245,5.45395],[-67.19677,5.45525],[-67.20906,5.44838],[-67.21371,5.45345],[-67.21428,5.46324],[-67.21816,5.46799],[-67.23013,5.4631],[-67.22908,5.45853],[-67.24113,5.46074],[-67.24619,5.46624],[-67.25197,5.4602],[-67.26094,5.46105],[-67.26865,5.45567],[-67.27182,5.46109],[-67.27405,5.46098],[-67.28432,5.45062],[-67.2915,5.44875],[-67.30036,5.45145],[-67.3014,5.44659],[-67.30447,5.44606],[-67.30846,5.447],[-67.31071,5.45186],[-67.31329,5.44456],[-67.31855,5.44152],[-67.32533,5.44625],[-67.32413,5.43827],[-67.32947,5.4331],[-67.33541,5.43331],[-67.33846,5.42924],[-67.3372,5.42539],[-67.34178,5.42374],[-67.34165,5.42818],[-67.34856,5.43454],[-67.34993,5.445],[-67.35309,5.4454],[-67.36118,5.43882],[-67.36672,5.4408],[-67.3709,5.43904],[-67.36863,5.43529],[-67.36487,5.43512],[-67.36682,5.43221],[-67.3647,5.42511],[-67.36665,5.4209],[-67.37179,5.41828],[-67.37437,5.42215],[-67.38396,5.42463],[-67.39211,5.42169],[-67.3946,5.41322],[-67.39775,5.41136],[-67.40275,5.41442],[-67.39946,5.41906],[-67.40157,5.42256],[-67.4121,5.42343],[-67.41362,5.42633],[-67.41937,5.42743],[-67.43081,5.40727],[-67.43529,5.40675],[-67.44299,5.40005],[-67.43377,5.38861],[-67.42917,5.38763],[-67.4282,5.38428],[-67.42916,5.37874],[-67.43802,5.36822],[-67.438,5.36231],[-67.43488,5.35694],[-67.43889,5.35361],[-67.44324,5.35459],[-67.44514,5.35821],[-67.44662,5.35658],[-67.45269,5.3599],[-67.45771,5.34893],[-67.46328,5.35025],[-67.47041,5.34821],[-67.47514,5.35057],[-67.47558,5.35448],[-67.47116,5.35725],[-67.47251,5.36379],[-67.47069,5.36742],[-67.47399,5.37327],[-67.47493,5.38191],[-67.48275,5.38085],[-67.48792,5.37489],[-67.49306,5.37541],[-67.49314,5.37248],[-67.49765,5.3762],[-67.50471,5.37522],[-67.50455,5.38058]]]}},{"type":"Feature","id":"relation/2730910","properties":{"name":"Municipio Aut\u00f3nomo Manapiare","level":6,"population":"7715"},"geometry":{"type":"Polygon","coordinates":[[[-66.97355,5.25318],[-66.97667,5.25308],[-66.9754,5.24196],[-66.98017,5.23686],[-66.9849,5.23582],[-66.99217,5.24316],[-66.9958,5.23517],[-67.00588,5.22967],[-66.99965,5.22232],[-66.99818,5.21372],[-67.01029,5.21288],[-67.00833,5.2062],[-67.01168,5.19466],[-67.0078,5.18599],[-67.01441,5.18167],[-67.01811,5.17695],[-67.01796,5.1731],[-67.02557,5.16578],[-67.02174,5.1601],[-67.0255,5.1498],[-67.03191,5.14597],[-67.04052,5.14517],[-67.04808,5.14001],[-67.05614,5.14176],[-67.06366,5.12959],[-67.07618,5.12176],[-67.08642,5.12665],[-67.09117,5.1229],[-67.09622,5.12289],[-67.10251,5.11578],[-67.10329,5.10939],[-67.10781,5.10171],[-67.10683,5.09742],[-67.1115,5.09062],[-67.11373,5.08192],[-67.11972,5.07939],[-67.1241,5.0826],[-67.13714,5.08373],[-67.14172,5.07963],[-67.13825,5.07718],[-67.1373,5.05417],[-67.14331,5.04684],[-67.14141,5.04346],[-67.14358,5.03766],[-67.15099,5.03509],[-67.14981,5.03172],[-67.15637,5.02108],[-67.16307,5.01885],[-67.17035,5.01036],[-67.16664,5.00719],[-67.16659,5.00288],[-67.16293,4.99884],[-67.15802,4.99929],[-67.14813,4.99227],[-67.13873,4.99316],[-67.13492,4.99961],[-67.13334,4.99615],[-67.12951,4.99554],[-67.12901,4.99118],[-67.1311,4.99019],[-67.12907,4.98421],[-67.12383,4.98559],[-67.11817,4.99075],[-67.11077,4.9896],[-67.11001,4.9846],[-67.10621,4.98195],[-67.09465,4.97876],[-67.07786,4.98137],[-67.07519,4.97612],[-67.07198,4.97591],[-67.06716,4.96937],[-67.06105,4.96844],[-67.05982,4.96121],[-67.0632,4.95079],[-67.07306,4.95047],[-67.0758,4.94847],[-67.07571,4.94527],[-67.08128,4.94137],[-67.07269,4.93193],[-67.06452,4.93347],[-67.06491,4.92988],[-67.05856,4.91825],[-67.05823,4.91167],[-67.04508,4.91249],[-67.04252,4.9173],[-67.03916,4.91408],[-67.03488,4.91583],[-67.02707,4.90919],[-67.00903,4.91127],[-67.00969,4.90572],[-67.01505,4.90085],[-67.01395,4.89076],[-67.00839,4.89214],[-67.00297,4.88424],[-67.00337,4.8777],[-66.99926,4.87228],[-66.9962,4.87221],[-66.99285,4.86582],[-66.98398,4.8689],[-66.97403,4.866],[-66.96687,4.85783],[-66.95396,4.85222],[-66.95181,4.84763],[-66.94557,4.84834],[-66.94501,4.83835],[-66.93381,4.8377],[-66.92746,4.84085],[-66.92638,4.83752],[-66.93093,4.83087],[-66.92824,4.82548],[-66.93158,4.81973],[-66.92128,4.81154],[-66.91695,4.80489],[-66.90805,4.80625],[-66.90212,4.80439],[-66.89581,4.81237],[-66.89002,4.81128],[-66.88594,4.8071],[-66.88016,4.81158],[-66.88026,4.81684],[-66.87274,4.81549],[-66.86352,4.81755],[-66.85845,4.82537],[-66.84975,4.82475],[-66.8498,4.82823],[-66.83882,4.83447],[-66.84335,4.84128],[-66.84846,4.843],[-66.84511,4.84772],[-66.83836,4.84805],[-66.83007,4.85473],[-66.82717,4.85262],[-66.82442,4.85656],[-66.82167,4.85661],[-66.81676,4.8661],[-66.81324,4.86805],[-66.81103,4.86587],[-66.80434,4.87223],[-66.78496,4.84982],[-66.77842,4.83724],[-66.76873,4.83857],[-66.76741,4.83661],[-66.7668,4.82348],[-66.77798,4.81602],[-66.77709,4.81338],[-66.76694,4.80353],[-66.76327,4.80354],[-66.76237,4.79909],[-66.75894,4.80222],[-66.7555,4.79994],[-66.74805,4.79004],[-66.74343,4.77757],[-66.73815,4.77511],[-66.73346,4.77724],[-66.73064,4.77079],[-66.72184,4.76734],[-66.71941,4.76762],[-66.71742,4.77198],[-66.70512,4.77129],[-66.70863,4.78336],[-66.70686,4.78559],[-66.6962,4.78651],[-66.6886,4.79332],[-66.68867,4.79591],[-66.6777,4.79599],[-66.66501,4.78785],[-66.6607,4.78058],[-66.65633,4.77987],[-66.65488,4.78496],[-66.65008,4.78835],[-66.64327,4.78268],[-66.63606,4.78901],[-66.6335,4.79849],[-66.62948,4.80143],[-66.62687,4.81432],[-66.62331,4.81697],[-66.61854,4.81742],[-66.61543,4.82068],[-66.60393,4.81762],[-66.58148,4.82306],[-66.58321,4.81274],[-66.58152,4.79707],[-66.57345,4.78139],[-66.57316,4.77588],[-66.56676,4.77387],[-66.56559,4.7713],[-66.55658,4.77302],[-66.55301,4.78049],[-66.5491,4.7781],[-66.54349,4.76355],[-66.54588,4.76066],[-66.54566,4.75124],[-66.54791,4.74911],[-66.54578,4.74725],[-66.53964,4.74968],[-66.53215,4.74534],[-66.52071,4.75171],[-66.51072,4.7489],[-66.50717,4.75122],[-66.50501,4.74532],[-66.49914,4.74045],[-66.50019,4.73644],[-66.49574,4.73141],[-66.50004,4.72702],[-66.51528,4.72676],[-66.51938,4.72311],[-66.52161,4.71653],[-66.52509,4.71484],[-66.53141,4.70215],[-66.53771,4.70043],[-66.53787,4.6912],[-66.52966,4.68901],[-66.52929,4.68718],[-66.52966,4.67869],[-66.53771,4.66691],[-66.53801,4.66049],[-66.53352,4.65385],[-66.53149,4.64282],[-66.53365,4.63972],[-66.53153,4.63395],[-66.52695,4.63008],[-66.51911,4.62854],[-66.51926,4.61861],[-66.51673,4.61261],[-66.51944,4.60897],[-66.51349,4.59794],[-66.51466,4.59327],[-66.52016,4.59107],[-66.52085,4.58477],[-66.51872,4.5811],[-66.5252,4.57391],[-66.52462,4.56675],[-66.50623,4.56356],[-66.50327,4.56095],[-66.49675,4.56123],[-66.48268,4.5665],[-66.46107,4.56994],[-66.46467,4.56153],[-66.46298,4.55831],[-66.46716,4.55335],[-66.46608,4.54351],[-66.46932,4.53984],[-66.47013,4.52646],[-66.46712,4.52482],[-66.4663,4.51907],[-66.47212,4.50767],[-66.46613,4.5026],[-66.46713,4.49608],[-66.463,4.49285],[-66.46405,4.48379],[-66.4544,4.47872],[-66.44967,4.48053],[-66.44387,4.47839],[-66.44568,4.46849],[-66.44868,4.46586],[-66.44489,4.4618],[-66.44498,4.45844],[-66.44819,4.45529],[-66.4379,4.4529],[-66.43969,4.44779],[-66.45257,4.44572],[-66.45029,4.44057],[-66.45375,4.43678],[-66.44958,4.43044],[-66.45423,4.42516],[-66.45238,4.42068],[-66.46273,4.41837],[-66.4631,4.41398],[-66.4699,4.41046],[-66.46858,4.40716],[-66.47216,4.40016],[-66.47016,4.39966],[-66.46898,4.39245],[-66.46632,4.39171],[-66.46576,4.38563],[-66.47329,4.37917],[-66.47392,4.37579],[-66.45844,4.35961],[-66.459,4.35484],[-66.45325,4.35041],[-66.45349,4.34699],[-66.44971,4.34444],[-66.44939,4.34145],[-66.44467,4.33954],[-66.44471,4.33383],[-66.43924,4.33098],[-66.43744,4.32549],[-66.44274,4.31932],[-66.43973,4.31549],[-66.4446,4.30805],[-66.44224,4.30435],[-66.44505,4.30101],[-66.44735,4.2838],[-66.44332,4.28211],[-66.44175,4.27837],[-66.44757,4.26893],[-66.44574,4.26495],[-66.4481,4.25436],[-66.44295,4.24576],[-66.44304,4.23326],[-66.43611,4.23318],[-66.43428,4.23116],[-66.43634,4.22245],[-66.4313,4.22081],[-66.4304,4.21745],[-66.42523,4.21653],[-66.41985,4.21109],[-66.41475,4.21296],[-66.41403,4.21628],[-66.41091,4.21204],[-66.40353,4.21166],[-66.40456,4.20748],[-66.4004,4.2065],[-66.40254,4.20266],[-66.39663,4.20551],[-66.39524,4.20317],[-66.39183,4.204],[-66.39218,4.20119],[-66.38485,4.19041],[-66.37806,4.19091],[-66.37552,4.18782],[-66.37049,4.19157],[-66.36415,4.19175],[-66.36194,4.19733],[-66.35284,4.19168],[-66.35212,4.17964],[-66.34997,4.17879],[-66.3485,4.18337],[-66.34595,4.18405],[-66.34522,4.18136],[-66.34816,4.17885],[-66.34336,4.17761],[-66.34307,4.1748],[-66.34677,4.17327],[-66.34464,4.17109],[-66.3425,4.17216],[-66.34099,4.16917],[-66.33845,4.16984],[-66.33843,4.16685],[-66.33401,4.16462],[-66.33725,4.16164],[-66.33331,4.16086],[-66.33293,4.15696],[-66.33528,4.15529],[-66.33284,4.14973],[-66.33216,4.15146],[-66.33086,4.14962],[-66.32765,4.15075],[-66.32221,4.14555],[-66.32103,4.1491],[-66.31687,4.14524],[-66.31631,4.15268],[-66.31294,4.15539],[-66.30072,4.152],[-66.30058,4.14679],[-66.28766,4.13841],[-66.28819,4.13527],[-66.28571,4.1364],[-66.28598,4.13351],[-66.28054,4.13115],[-66.27697,4.13196],[-66.27918,4.12238],[-66.27554,4.12223],[-66.27647,4.11759],[-66.26773,4.11712],[-66.26339,4.11295],[-66.26468,4.10995],[-66.26103,4.10565],[-66.25352,4.10348],[-66.25441,4.10078],[-66.2496,4.10333],[-66.23953,4.09984],[-66.24259,4.09288],[-66.23967,4.09159],[-66.24245,4.08489],[-66.24057,4.0838],[-66.24095,4.07878],[-66.23931,4.07547],[-66.23549,4.0743],[-66.23413,4.06866],[-66.23054,4.06918],[-66.22887,4.06454],[-66.22505,4.0643],[-66.22577,4.06136],[-66.22318,4.0588],[-66.22174,4.06091],[-66.21911,4.05823],[-66.21584,4.05991],[-66.21358,4.05835],[-66.21715,4.06231],[-66.20902,4.05942],[-66.20509,4.06412],[-66.20218,4.06013],[-66.20087,4.06872],[-66.19968,4.06676],[-66.19056,4.07221],[-66.19025,4.06994],[-66.18478,4.0679],[-66.18539,4.06244],[-66.17863,4.06319],[-66.18017,4.05599],[-66.17884,4.05918],[-66.17416,4.05533],[-66.17024,4.05832],[-66.16779,4.04959],[-66.1622,4.04935],[-66.16579,4.04693],[-66.16632,4.04389],[-66.164,4.04206],[-66.16001,4.04386],[-66.15941,4.04099],[-66.15049,4.04569],[-66.14493,4.03467],[-66.13781,4.03008],[-66.1258,4.03635],[-66.12525,4.04122],[-66.12207,4.04251],[-66.11834,4.03481],[-66.11309,4.03338],[-66.11299,4.03037],[-66.11057,4.03529],[-66.08675,4.02053],[-66.08461,4.03026],[-66.08037,4.0281],[-66.07365,4.02968],[-66.06893,4.02367],[-66.06238,4.02485],[-66.05873,4.02127],[-66.05923,4.02813],[-66.05406,4.03229],[-66.05351,4.03669],[-66.04677,4.03589],[-66.04549,4.03822],[-66.04758,4.03923],[-66.04332,4.04083],[-66.04368,4.04297],[-66.04075,4.04272],[-66.04179,4.04548],[-66.03832,4.047],[-66.04069,4.05035],[-66.0363,4.05065],[-66.03522,4.05494],[-66.03122,4.05751],[-66.03081,4.05143],[-66.02254,4.05152],[-66.0169,4.04838],[-66.01562,4.04502],[-66.00737,4.04238],[-66.00501,4.03465],[-66.00045,4.03305],[-66.0018,4.02928],[-65.99363,4.03537],[-65.99045,4.03171],[-65.98679,4.04041],[-65.98138,4.03988],[-65.97631,4.02914],[-65.98252,4.01892],[-65.98152,4.00354],[-65.97879,4.00447],[-65.97451,3.99655],[-65.96995,3.99721],[-65.96986,3.99363],[-65.96615,3.99279],[-65.96243,4.00093],[-65.95873,3.99765],[-65.95371,4.0017],[-65.94801,3.99306],[-65.94948,3.98667],[-65.93873,3.98662],[-65.93605,3.98144],[-65.93824,3.9787],[-65.93248,3.97448],[-65.91866,3.98676],[-65.91959,3.99913],[-65.91043,4.00345],[-65.90838,4.00951],[-65.90469,4.00897],[-65.90092,4.01272],[-65.89382,4.02652],[-65.885,4.03225],[-65.88373,4.03611],[-65.88606,4.03843],[-65.88216,4.03971],[-65.88297,4.04357],[-65.87796,4.04228],[-65.87729,4.04568],[-65.87355,4.04509],[-65.87333,4.04842],[-65.86887,4.04732],[-65.86288,4.06391],[-65.86262,4.06657],[-65.86449,4.06658],[-65.86263,4.06895],[-65.86463,4.06907],[-65.86249,4.07295],[-65.85306,4.07403],[-65.84875,4.07871],[-65.84437,4.07653],[-65.83863,4.07946],[-65.83757,4.07766],[-65.83458,4.08239],[-65.82661,4.0796],[-65.81945,4.08199],[-65.81804,4.07942],[-65.81623,4.08208],[-65.81783,4.08441],[-65.81468,4.08288],[-65.81413,4.0855],[-65.81144,4.08314],[-65.81226,4.08083],[-65.80454,4.07521],[-65.80229,4.07597],[-65.80023,4.07254],[-65.7993,4.07761],[-65.78816,4.07992],[-65.78404,4.07656],[-65.7833,4.07823],[-65.76917,4.07506],[-65.77037,4.07302],[-65.76689,4.0722],[-65.76434,4.07349],[-65.76624,4.0813],[-65.76174,4.0823],[-65.75784,4.08654],[-65.75358,4.08531],[-65.74935,4.08942],[-65.74477,4.08888],[-65.73577,4.09895],[-65.73084,4.0988],[-65.73173,4.09694],[-65.72889,4.094],[-65.72631,4.09767],[-65.71937,4.09656],[-65.716,4.10026],[-65.71325,4.09979],[-65.70718,4.10619],[-65.70734,4.1108],[-65.70346,4.11367],[-65.70241,4.12013],[-65.69767,4.1195],[-65.69102,4.12838],[-65.68685,4.12806],[-65.68376,4.13193],[-65.67145,4.13164],[-65.66695,4.12936],[-65.6631,4.13039],[-65.65683,4.12667],[-65.65193,4.14505],[-65.64041,4.15001],[-65.64282,4.15189],[-65.63878,4.1581],[-65.63906,4.162],[-65.63293,4.16559],[-65.63245,4.16909],[-65.62273,4.17787],[-65.61023,4.17755],[-65.60692,4.18065],[-65.60835,4.18604],[-65.61341,4.18892],[-65.61017,4.19715],[-65.60537,4.19628],[-65.60411,4.19893],[-65.60704,4.20387],[-65.60585,4.21206],[-65.60256,4.21605],[-65.60398,4.22414],[-65.60139,4.23412],[-65.59066,4.23892],[-65.58368,4.23549],[-65.57909,4.23825],[-65.57232,4.22539],[-65.56111,4.22695],[-65.55857,4.23125],[-65.55739,4.24103],[-65.56443,4.2491],[-65.55092,4.25917],[-65.5525,4.26443],[-65.54974,4.26819],[-65.54412,4.27194],[-65.5388,4.27228],[-65.5434,4.28544],[-65.54811,4.28699],[-65.54814,4.29672],[-65.54452,4.30402],[-65.5551,4.31629],[-65.55032,4.32619],[-65.54689,4.32849],[-65.54602,4.33603],[-65.5403,4.34043],[-65.52801,4.33341],[-65.5264,4.34065],[-65.52011,4.34757],[-65.50899,4.34914],[-65.50564,4.34724],[-65.50366,4.35667],[-65.4986,4.35957],[-65.48981,4.35763],[-65.48736,4.3627],[-65.49094,4.36648],[-65.48746,4.3656],[-65.47803,4.36943],[-65.47226,4.36185],[-65.47347,4.35317],[-65.45313,4.34389],[-65.427,4.34483],[-65.42393,4.34876],[-65.41392,4.34793],[-65.41178,4.35217],[-65.4073,4.34928],[-65.40356,4.35146],[-65.39273,4.35031],[-65.38771,4.34011],[-65.37496,4.33643],[-65.37807,4.32871],[-65.37514,4.30997],[-65.37143,4.31051],[-65.36459,4.30638],[-65.35875,4.31101],[-65.34554,4.31126],[-65.34311,4.30953],[-65.34415,4.30654],[-65.33742,4.30484],[-65.33481,4.29624],[-65.32973,4.29302],[-65.33072,4.28473],[-65.32249,4.27981],[-65.31124,4.26686],[-65.31541,4.25394],[-65.31562,4.24307],[-65.30906,4.24153],[-65.3036,4.23693],[-65.29676,4.24276],[-65.29148,4.24185],[-65.29042,4.23268],[-65.29441,4.22325],[-65.28877,4.2158],[-65.29072,4.20913],[-65.27971,4.21504],[-65.27961,4.22251],[-65.2671,4.22577],[-65.26528,4.2328],[-65.26194,4.2314],[-65.26132,4.22281],[-65.25477,4.21781],[-65.25455,4.20751],[-65.25982,4.20338],[-65.25721,4.20013],[-65.2615,4.1903],[-65.25777,4.17786],[-65.2589,4.17176],[-65.26425,4.16838],[-65.2623,4.16396],[-65.26454,4.15658],[-65.26012,4.15205],[-65.2598,4.14775],[-65.24787,4.14073],[-65.24547,4.13216],[-65.24837,4.13014],[-65.24783,4.12665],[-65.24171,4.12062],[-65.24664,4.11655],[-65.24513,4.11301],[-65.24912,4.10798],[-65.24348,4.10895],[-65.23919,4.107],[-65.23979,4.10041],[-65.21933,4.10031],[-65.21805,4.09733],[-65.21165,4.10018],[-65.20729,4.09652],[-65.19692,4.09551],[-65.1936,4.08977],[-65.17696,4.08357],[-65.17795,4.08072],[-65.17522,4.07789],[-65.16519,4.07623],[-65.16105,4.08002],[-65.1573,4.07842],[-65.1461,4.08348],[-65.1412,4.09207],[-65.1404,4.10352],[-65.13681,4.11004],[-65.13253,4.10871],[-65.13019,4.11036],[-65.12702,4.10812],[-65.12014,4.11472],[-65.11533,4.11361],[-65.10823,4.10699],[-65.10209,4.10947],[-65.09473,4.10895],[-65.09052,4.10487],[-65.08396,4.10716],[-65.07651,4.09983],[-65.06799,4.10029],[-65.05557,4.08774],[-65.06036,4.07629],[-65.06836,4.07387],[-65.06684,4.07066],[-65.06891,4.06633],[-65.06541,4.06109],[-65.06699,4.05676],[-65.06208,4.05263],[-65.06399,4.04724],[-65.05967,4.04425],[-65.05893,4.03079],[-65.05334,4.02139],[-65.02989,4.0175],[-65.02672,4.0223],[-65.02172,4.02214],[-65.01743,4.02587],[-65.00805,4.02344],[-65.0069,4.02652],[-64.99661,4.02818],[-64.99987,4.03155],[-64.99484,4.04304],[-64.99557,4.05087],[-64.99003,4.05293],[-64.99347,4.06071],[-64.98871,4.0622],[-64.98445,4.06745],[-64.96847,4.06148],[-64.96517,4.06249],[-64.96135,4.06855],[-64.9616,4.07349],[-64.9656,4.07713],[-64.96343,4.0829],[-64.95205,4.08346],[-64.9525,4.07777],[-64.95047,4.07515],[-64.94351,4.07035],[-64.94117,4.07175],[-64.93648,4.07593],[-64.94171,4.08937],[-64.94024,4.09705],[-64.92253,4.09731],[-64.92438,4.10493],[-64.91924,4.11118],[-64.91601,4.11059],[-64.91461,4.11635],[-64.90569,4.1223],[-64.90267,4.12852],[-64.89063,4.13373],[-64.88229,4.13258],[-64.88048,4.12315],[-64.87676,4.12264],[-64.87646,4.11808],[-64.87147,4.11511],[-64.87425,4.10854],[-64.86943,4.10397],[-64.86082,4.11393],[-64.8507,4.11567],[-64.84489,4.1312],[-64.83959,4.13458],[-64.83929,4.14063],[-64.83222,4.14128],[-64.82817,4.1491],[-64.82449,4.14861],[-64.81989,4.15351],[-64.80954,4.15085],[-64.80153,4.15365],[-64.79705,4.1525],[-64.79788,4.15983],[-64.80247,4.16796],[-64.79818,4.17273],[-64.79851,4.18321],[-64.8042,4.18577],[-64.80846,4.19346],[-64.80421,4.20006],[-64.82219,4.1947],[-64.82365,4.20494],[-64.82619,4.20599],[-64.82396,4.21722],[-64.82702,4.21985],[-64.82476,4.22671],[-64.8198,4.22861],[-64.82721,4.23425],[-64.81983,4.23744],[-64.81455,4.24443],[-64.81703,4.24613],[-64.8161,4.24886],[-64.80966,4.24982],[-64.80588,4.25634],[-64.81158,4.26422],[-64.81161,4.26968],[-64.80835,4.26827],[-64.80384,4.27051],[-64.80432,4.27358],[-64.79776,4.27502],[-64.79878,4.28093],[-64.79301,4.28529],[-64.78977,4.29175],[-64.78786,4.28846],[-64.78232,4.29108],[-64.77751,4.28771],[-64.77498,4.28003],[-64.77189,4.28085],[-64.76659,4.27784],[-64.76597,4.28035],[-64.76239,4.27822],[-64.75817,4.28056],[-64.7543,4.27342],[-64.75387,4.27558],[-64.74449,4.27209],[-64.73986,4.27823],[-64.73323,4.27712],[-64.7325,4.27205],[-64.72659,4.26589],[-64.72687,4.25899],[-64.72454,4.25481],[-64.72748,4.24973],[-64.71572,4.24347],[-64.7139,4.24039],[-64.70806,4.22495],[-64.70964,4.21767],[-64.69237,4.21909],[-64.69148,4.22773],[-64.68696,4.2292],[-64.69088,4.24129],[-64.68788,4.24459],[-64.69026,4.24945],[-64.68106,4.24764],[-64.67611,4.25175],[-64.67872,4.25704],[-64.68973,4.26491],[-64.68679,4.2685],[-64.68752,4.27625],[-64.67493,4.29151],[-64.66926,4.29258],[-64.66499,4.29641],[-64.66688,4.31154],[-64.6586,4.30969],[-64.65261,4.31404],[-64.65222,4.31774],[-64.64656,4.32189],[-64.6454,4.33342],[-64.63989,4.33456],[-64.63963,4.33999],[-64.63695,4.34305],[-64.6431,4.3551],[-64.64742,4.35546],[-64.64862,4.35039],[-64.65656,4.35127],[-64.66141,4.35555],[-64.65999,4.37177],[-64.66529,4.37622],[-64.66403,4.38073],[-64.66887,4.3898],[-64.66634,4.39791],[-64.66993,4.40752],[-64.66817,4.40972],[-64.67177,4.42313],[-64.67091,4.43458],[-64.66379,4.43377],[-64.6619,4.43148],[-64.65847,4.43349],[-64.65184,4.43259],[-64.64791,4.42583],[-64.64173,4.42835],[-64.63699,4.42373],[-64.61843,4.43524],[-64.6113,4.43509],[-64.60377,4.44271],[-64.59974,4.45077],[-64.58822,4.44812],[-64.58558,4.45272],[-64.58161,4.45353],[-64.57953,4.45803],[-64.58437,4.46951],[-64.58081,4.47161],[-64.58013,4.47828],[-64.57665,4.47875],[-64.57201,4.48992],[-64.57644,4.50259],[-64.56369,4.51777],[-64.56296,4.53056],[-64.5685,4.53524],[-64.56575,4.54614],[-64.55837,4.54736],[-64.55453,4.54406],[-64.54352,4.54686],[-64.53835,4.55397],[-64.53519,4.56682],[-64.54026,4.57127],[-64.53893,4.57379],[-64.53174,4.58038],[-64.52882,4.57959],[-64.52788,4.58389],[-64.51899,4.58327],[-64.51569,4.59026],[-64.51751,4.59266],[-64.5118,4.59775],[-64.50715,4.59865],[-64.50583,4.60904],[-64.50161,4.60804],[-64.50125,4.61208],[-64.49636,4.61155],[-64.49327,4.62036],[-64.48678,4.62686],[-64.48724,4.6413],[-64.48013,4.65321],[-64.47402,4.65225],[-64.45816,4.65791],[-64.45117,4.67235],[-64.45636,4.67675],[-64.45404,4.68394],[-64.45833,4.69376],[-64.46752,4.69992],[-64.47417,4.7],[-64.48168,4.69483],[-64.48734,4.69495],[-64.49408,4.69897],[-64.50262,4.69649],[-64.51459,4.69752],[-64.52019,4.69983],[-64.53014,4.7103],[-64.54456,4.69757],[-64.58236,4.67528],[-64.59397,4.67111],[-64.59581,4.66696],[-64.60188,4.66478],[-64.60214,4.6559],[-64.61935,4.64016],[-64.62467,4.62611],[-64.63534,4.62759],[-64.63568,4.63041],[-64.64029,4.63144],[-64.64167,4.62404],[-64.65216,4.62819],[-64.66701,4.62359],[-64.67124,4.62526],[-64.67995,4.61698],[-64.68958,4.62951],[-64.70355,4.62699],[-64.7034,4.63049],[-64.71027,4.63999],[-64.7158,4.64363],[-64.71808,4.63924],[-64.71643,4.6352],[-64.71812,4.61918],[-64.72342,4.62049],[-64.72501,4.61576],[-64.73215,4.61152],[-64.73224,4.60577],[-64.7382,4.60598],[-64.73838,4.60015],[-64.74376,4.59775],[-64.74408,4.57294],[-64.75619,4.56524],[-64.76749,4.56862],[-64.77561,4.5601],[-64.7803,4.55936],[-64.78567,4.55998],[-64.79423,4.57888],[-64.80747,4.58389],[-64.8173,4.59384],[-64.82333,4.59285],[-64.83268,4.60062],[-64.84157,4.60417],[-64.85815,4.60511],[-64.86141,4.61247],[-64.8577,4.61713],[-64.85828,4.62286],[-64.86453,4.62635],[-64.8624,4.6331],[-64.87092,4.64174],[-64.87588,4.64192],[-64.87751,4.63843],[-64.88506,4.63471],[-64.89761,4.63646],[-64.90008,4.63225],[-64.91888,4.63045],[-64.9301,4.62004],[-64.93845,4.6186],[-64.94051,4.6201],[-64.93551,4.6244],[-64.93525,4.63101],[-64.93259,4.63396],[-64.93514,4.65068],[-64.93328,4.65845],[-64.95233,4.66936],[-64.95453,4.68094],[-64.96147,4.68272],[-64.96542,4.68813],[-64.9707,4.68882],[-64.97385,4.69596],[-64.98944,4.69842],[-64.99295,4.7009],[-64.9957,4.70695],[-65.00205,4.7108],[-65.00297,4.71863],[-65.00992,4.71929],[-65.0121,4.72354],[-65.02357,4.72132],[-65.03052,4.7235],[-65.03353,4.72705],[-65.03108,4.73494],[-65.03739,4.74059],[-65.03627,4.74606],[-65.03906,4.75205],[-65.03612,4.75569],[-65.0384,4.75951],[-65.03303,4.76732],[-65.03846,4.76942],[-65.03782,4.77463],[-65.04494,4.78068],[-65.044,4.79217],[-65.04707,4.79418],[-65.04868,4.80583],[-65.05589,4.80743],[-65.05571,4.81184],[-65.06054,4.81674],[-65.0767,4.81712],[-65.08794,4.82084],[-65.08981,4.82591],[-65.0982,4.82916],[-65.10065,4.83356],[-65.10605,4.83085],[-65.10592,4.83951],[-65.11092,4.84333],[-65.11839,4.84156],[-65.12015,4.84507],[-65.11798,4.84994],[-65.12125,4.85524],[-65.11833,4.85943],[-65.12341,4.86882],[-65.13414,4.86551],[-65.13584,4.86747],[-65.13479,4.87339],[-65.14099,4.87566],[-65.14114,4.88026],[-65.13161,4.88394],[-65.1324,4.89088],[-65.12637,4.90181],[-65.1297,4.90508],[-65.12968,4.91004],[-65.13575,4.91263],[-65.13871,4.91992],[-65.13785,4.92496],[-65.14056,4.92746],[-65.13951,4.9305],[-65.1494,4.94018],[-65.15277,4.95288],[-65.15296,4.95878],[-65.14944,4.96273],[-65.15197,4.96859],[-65.15852,4.9696],[-65.16109,4.97441],[-65.16903,4.97655],[-65.1685,4.98191],[-65.17613,4.98845],[-65.17272,4.99422],[-65.17298,5.00002],[-65.16697,5.0],[-65.16777,5.00679],[-65.16472,5.01218],[-65.17535,5.01649],[-65.17517,5.02507],[-65.17064,5.02887],[-65.17182,5.03204],[-65.16581,5.04713],[-65.16624,5.05335],[-65.17345,5.05796],[-65.168,5.06991],[-65.17231,5.07526],[-65.17414,5.08419],[-65.17176,5.0903],[-65.1639,5.09539],[-65.16365,5.1009],[-65.15953,5.1065],[-65.16206,5.10932],[-65.17152,5.10721],[-65.17304,5.11847],[-65.17665,5.12516],[-65.18918,5.13407],[-65.19,5.14115],[-65.19607,5.15226],[-65.19025,5.16746],[-65.19272,5.17211],[-65.19667,5.175],[-65.2021,5.17147],[-65.20392,5.18284],[-65.20723,5.18222],[-65.21083,5.17741],[-65.2136,5.18173],[-65.22132,5.18077],[-65.22437,5.1885],[-65.22892,5.18699],[-65.23182,5.1891],[-65.23315,5.19643],[-65.23667,5.19925],[-65.23338,5.214],[-65.23686,5.21842],[-65.23662,5.2243],[-65.23203,5.229],[-65.23177,5.23325],[-65.23643,5.23844],[-65.2378,5.24921],[-65.25072,5.26357],[-65.26143,5.26855],[-65.26291,5.27278],[-65.27293,5.2746],[-65.27598,5.28152],[-65.27548,5.28876],[-65.27224,5.29278],[-65.25759,5.29319],[-65.25263,5.29643],[-65.25025,5.29259],[-65.24308,5.28902],[-65.23752,5.29069],[-65.23461,5.2972],[-65.22145,5.29861],[-65.21662,5.3066],[-65.211,5.30962],[-65.20914,5.32064],[-65.20596,5.32391],[-65.19364,5.33083],[-65.18281,5.3303],[-65.17637,5.33455],[-65.1709,5.34312],[-65.16407,5.34329],[-65.15712,5.3548],[-65.16133,5.357],[-65.16463,5.36634],[-65.15671,5.36927],[-65.15236,5.37617],[-65.14687,5.37843],[-65.14605,5.39097],[-65.13382,5.40381],[-65.14305,5.40548],[-65.15004,5.40983],[-65.1539,5.41539],[-65.14996,5.41885],[-65.153,5.42124],[-65.14875,5.4256],[-65.14493,5.43543],[-65.14242,5.45014],[-65.14753,5.4501],[-65.15384,5.45662],[-65.15129,5.46193],[-65.15298,5.46565],[-65.15032,5.46926],[-65.15041,5.47791],[-65.15491,5.48338],[-65.16208,5.48693],[-65.14648,5.50841],[-65.14687,5.51708],[-65.15412,5.51775],[-65.15118,5.52708],[-65.1547,5.5406],[-65.15335,5.54703],[-65.15865,5.54948],[-65.16444,5.54651],[-65.16869,5.55367],[-65.17671,5.55136],[-65.18558,5.55341],[-65.18774,5.55557],[-65.18599,5.56256],[-65.18997,5.56725],[-65.19592,5.57048],[-65.20017,5.56759],[-65.20068,5.57031],[-65.21085,5.57481],[-65.21266,5.57951],[-65.22021,5.5784],[-65.22868,5.59158],[-65.2275,5.59762],[-65.23059,5.60029],[-65.22383,5.6108],[-65.2289,5.61571],[-65.22433,5.62598],[-65.22615,5.62984],[-65.22461,5.6338],[-65.23669,5.64823],[-65.24141,5.6484],[-65.24467,5.6559],[-65.24235,5.66407],[-65.23776,5.66555],[-65.2345,5.67172],[-65.23847,5.67689],[-65.23544,5.68101],[-65.23632,5.6838],[-65.24023,5.68427],[-65.23843,5.68775],[-65.24267,5.69439],[-65.24452,5.70627],[-65.23398,5.7166],[-65.23325,5.72185],[-65.22645,5.72209],[-65.22126,5.72634],[-65.22014,5.74863],[-65.22748,5.75813],[-65.23169,5.75877],[-65.23589,5.75477],[-65.24272,5.75657],[-65.24418,5.7612],[-65.24055,5.76722],[-65.24036,5.77313],[-65.24641,5.77674],[-65.25342,5.78949],[-65.26117,5.79468],[-65.26321,5.80524],[-65.2696,5.8097],[-65.274,5.80966],[-65.27874,5.80729],[-65.28201,5.7983],[-65.28115,5.79126],[-65.2913,5.78133],[-65.29876,5.78479],[-65.3008,5.78842],[-65.31564,5.78794],[-65.31722,5.7729],[-65.32587,5.77437],[-65.3276,5.76556],[-65.33247,5.76334],[-65.33213,5.75866],[-65.33805,5.75776],[-65.34981,5.74925],[-65.35704,5.73697],[-65.3756,5.72175],[-65.3788,5.72738],[-65.39168,5.72866],[-65.39532,5.73244],[-65.39653,5.746],[-65.40532,5.74822],[-65.40963,5.74372],[-65.41296,5.74515],[-65.42071,5.74117],[-65.42738,5.74287],[-65.43129,5.74111],[-65.43687,5.74498],[-65.44603,5.74675],[-65.46528,5.73291],[-65.47206,5.73434],[-65.48206,5.7137],[-65.48345,5.70255],[-65.48847,5.69967],[-65.48942,5.71017],[-65.49412,5.72108],[-65.50476,5.71357],[-65.51783,5.72155],[-65.52379,5.71993],[-65.53036,5.73084],[-65.54051,5.73082],[-65.54538,5.7276],[-65.54441,5.72102],[-65.54903,5.71931],[-65.55291,5.72937],[-65.55323,5.74738],[-65.5581,5.74753],[-65.56263,5.758],[-65.56881,5.76075],[-65.57698,5.75164],[-65.57664,5.74764],[-65.58121,5.74034],[-65.58027,5.73468],[-65.59237,5.73099],[-65.60149,5.73398],[-65.60885,5.72994],[-65.61574,5.73404],[-65.61638,5.74071],[-65.61241,5.753],[-65.60692,5.76103],[-65.61121,5.77629],[-65.60917,5.78054],[-65.61303,5.7871],[-65.60477,5.82053],[-65.60889,5.83001],[-65.60651,5.83513],[-65.6075,5.84266],[-65.59724,5.86064],[-65.5963,5.8677],[-65.59853,5.88392],[-65.60177,5.88467],[-65.60209,5.88802],[-65.60872,5.89338],[-65.60728,5.89799],[-65.60921,5.90072],[-65.60539,5.90264],[-65.60482,5.90838],[-65.60934,5.91082],[-65.60986,5.91391],[-65.61799,5.916],[-65.61557,5.92826],[-65.60997,5.93205],[-65.60771,5.94616],[-65.60239,5.9573],[-65.60492,5.96025],[-65.60091,5.96656],[-65.60196,5.97715],[-65.59546,6.00026],[-65.59095,6.00342],[-65.5911,6.01061],[-65.58756,6.01315],[-65.59037,6.02141],[-65.59055,6.03123],[-65.58868,6.03323],[-65.59181,6.03867],[-65.58553,6.048],[-65.58868,6.05209],[-65.58784,6.05515],[-65.58381,6.05711],[-65.58643,6.0694],[-65.58351,6.0748],[-65.58671,6.07964],[-65.58728,6.08623],[-65.60057,6.09112],[-65.6034,6.09483],[-65.60522,6.10025],[-65.60488,6.12304],[-65.61203,6.12669],[-65.62535,6.11706],[-65.6302,6.12084],[-65.63569,6.11958],[-65.64925,6.10934],[-65.73253,6.09296],[-65.7447,6.08547],[-65.74925,6.08508],[-65.75532,6.07772],[-65.76414,6.08692],[-65.77023,6.08933],[-65.7686,6.09522],[-65.77669,6.0959],[-65.77905,6.10023],[-65.7862,6.10158],[-65.80326,6.11295],[-65.80802,6.10906],[-65.80856,6.10527],[-65.81377,6.10795],[-65.81596,6.10119],[-65.81375,6.08867],[-65.81521,6.0837],[-65.82265,6.08081],[-65.8283,6.08323],[-65.82669,6.0764],[-65.83046,6.06475],[-65.84197,6.05662],[-65.8463,6.04279],[-65.8516,6.03464],[-65.86402,6.03093],[-65.86926,6.00577],[-65.86817,5.99855],[-65.8751,5.99597],[-65.88175,5.99858],[-65.88872,5.99369],[-65.88816,5.98718],[-65.88136,5.97598],[-65.88544,5.97147],[-65.8837,5.96522],[-65.8851,5.95182],[-65.87975,5.94652],[-65.87859,5.94132],[-65.88357,5.9353],[-65.8916,5.93624],[-65.89718,5.93321],[-65.89602,5.92597],[-65.89986,5.92341],[-65.90033,5.91686],[-65.90311,5.91634],[-65.89479,5.9102],[-65.89718,5.9076],[-65.89728,5.90002],[-65.90921,5.89283],[-65.90958,5.88796],[-65.90649,5.88619],[-65.91488,5.8822],[-65.92123,5.87534],[-65.92153,5.87101],[-65.93001,5.87259],[-65.93338,5.87797],[-65.93977,5.87645],[-65.94807,5.87837],[-65.95022,5.87447],[-65.97292,5.87825],[-65.98932,5.86922],[-65.99226,5.86141],[-66.00221,5.86202],[-66.01208,5.85652],[-66.01225,5.85379],[-66.01854,5.84802],[-66.01524,5.82623],[-66.01114,5.82142],[-66.015,5.81826],[-66.01702,5.80304],[-66.02839,5.79502],[-66.03096,5.78646],[-66.02787,5.78044],[-66.03644,5.76978],[-66.03539,5.76383],[-66.04105,5.75038],[-66.05925,5.74288],[-66.07937,5.74425],[-66.09002,5.74066],[-66.09392,5.73703],[-66.10209,5.73966],[-66.10467,5.73477],[-66.10999,5.73532],[-66.11454,5.74816],[-66.12579,5.7622],[-66.12699,5.76682],[-66.13838,5.77335],[-66.14089,5.77843],[-66.1487,5.77886],[-66.154,5.78925],[-66.16222,5.78453],[-66.17121,5.7729],[-66.17999,5.77286],[-66.18372,5.76413],[-66.18741,5.76302],[-66.19267,5.76562],[-66.1957,5.75896],[-66.2014,5.75682],[-66.20396,5.75307],[-66.20501,5.7434],[-66.20239,5.73488],[-66.20473,5.73078],[-66.2043,5.71991],[-66.20868,5.70941],[-66.20724,5.70693],[-66.20042,5.70879],[-66.19666,5.70052],[-66.19269,5.69877],[-66.2002,5.68816],[-66.20057,5.67279],[-66.1969,5.66946],[-66.20091,5.65891],[-66.19988,5.65293],[-66.20394,5.64402],[-66.20235,5.63834],[-66.20812,5.62886],[-66.21078,5.61776],[-66.21404,5.61616],[-66.22003,5.61889],[-66.21969,5.61415],[-66.22773,5.61204],[-66.22518,5.60211],[-66.22747,5.59405],[-66.23314,5.59287],[-66.2337,5.58807],[-66.23166,5.58109],[-66.22657,5.57699],[-66.22687,5.57225],[-66.22923,5.57165],[-66.22715,5.56674],[-66.23196,5.55638],[-66.23919,5.5529],[-66.24061,5.54833],[-66.24112,5.53776],[-66.23574,5.53169],[-66.23522,5.52409],[-66.27161,5.51054],[-66.31288,5.50833],[-66.32633,5.51206],[-66.33148,5.51924],[-66.33811,5.51954],[-66.3406,5.51636],[-66.34807,5.5155],[-66.3548,5.51988],[-66.36478,5.51164],[-66.36401,5.5045],[-66.36684,5.49393],[-66.37034,5.49372],[-66.37575,5.50139],[-66.3815,5.49701],[-66.39014,5.50006],[-66.39506,5.49837],[-66.39772,5.50181],[-66.39615,5.51871],[-66.39922,5.52067],[-66.40396,5.53231],[-66.40798,5.55034],[-66.42261,5.55398],[-66.42251,5.5568],[-66.42938,5.5627],[-66.42264,5.57306],[-66.43208,5.57868],[-66.44206,5.57809],[-66.44571,5.58668],[-66.44982,5.58846],[-66.45874,5.58796],[-66.46963,5.57612],[-66.48043,5.57263],[-66.48157,5.56983],[-66.48636,5.57012],[-66.48712,5.56448],[-66.49297,5.56243],[-66.49491,5.55473],[-66.49211,5.55086],[-66.49875,5.53641],[-66.50459,5.54084],[-66.51228,5.5391],[-66.51552,5.53233],[-66.52104,5.53335],[-66.52123,5.5292],[-66.52845,5.52054],[-66.53275,5.52594],[-66.54001,5.52392],[-66.54516,5.52537],[-66.54744,5.52394],[-66.54868,5.51651],[-66.55356,5.51342],[-66.5557,5.50519],[-66.56146,5.5077],[-66.56701,5.50463],[-66.57977,5.5052],[-66.57521,5.49551],[-66.57543,5.49023],[-66.58046,5.48444],[-66.58818,5.46773],[-66.59635,5.46702],[-66.59862,5.45958],[-66.59733,5.45223],[-66.60296,5.44002],[-66.59822,5.4348],[-66.60005,5.42852],[-66.60617,5.4235],[-66.59865,5.41876],[-66.5924,5.4189],[-66.58834,5.4152],[-66.58935,5.41005],[-66.58671,5.40662],[-66.59428,5.39235],[-66.58716,5.3696],[-66.60452,5.35791],[-66.60621,5.35246],[-66.61058,5.3508],[-66.61734,5.35371],[-66.62516,5.34201],[-66.6292,5.34492],[-66.6335,5.34373],[-66.63964,5.34574],[-66.64339,5.34155],[-66.65498,5.33634],[-66.65624,5.33122],[-66.66505,5.32688],[-66.671,5.33261],[-66.67161,5.32842],[-66.67654,5.32513],[-66.68703,5.32285],[-66.686,5.33155],[-66.69656,5.33005],[-66.69788,5.33425],[-66.7023,5.33662],[-66.70391,5.3493],[-66.71178,5.35047],[-66.71719,5.35754],[-66.72216,5.35354],[-66.72814,5.35333],[-66.73297,5.35826],[-66.73304,5.3648],[-66.74437,5.36456],[-66.74562,5.36712],[-66.74224,5.37452],[-66.74619,5.37538],[-66.74776,5.3795],[-66.76807,5.3796],[-66.7783,5.37625],[-66.78906,5.37919],[-66.79445,5.37579],[-66.8034,5.37858],[-66.80827,5.38994],[-66.81997,5.39438],[-66.82692,5.39284],[-66.83408,5.39663],[-66.83773,5.3925],[-66.85427,5.39702],[-66.85594,5.38169],[-66.86905,5.3687],[-66.87,5.36378],[-66.84891,5.36003],[-66.84541,5.35097],[-66.84068,5.3483],[-66.85104,5.34598],[-66.85594,5.33648],[-66.86377,5.33606],[-66.86754,5.32817],[-66.87709,5.32749],[-66.88318,5.32372],[-66.88307,5.31794],[-66.88816,5.31674],[-66.89126,5.31289],[-66.89373,5.31551],[-66.90302,5.31375],[-66.90465,5.30981],[-66.90048,5.30589],[-66.90779,5.301],[-66.91152,5.29194],[-66.91393,5.29294],[-66.91873,5.28999],[-66.92466,5.29299],[-66.93562,5.28951],[-66.95307,5.2973],[-66.95787,5.28681],[-66.96551,5.28236],[-66.96403,5.27607],[-66.95648,5.26845],[-66.94799,5.26618],[-66.94893,5.25977],[-66.95328,5.25375],[-66.9617,5.25578],[-66.97355,5.25318]]]}},{"type":"Feature","id":"relation/2730911","properties":{"name":"Municipio Aut\u00f3nomo Maroa","level":6,"population":"2029"},"geometry":{"type":"Polygon","coordinates":[[[-66.4747,2.5],[-66.47901,2.5134],[-66.49116,2.51545],[-66.49291,2.51768],[-66.4854,2.53772],[-66.48557,2.5471],[-66.48043,2.54821],[-66.475,2.54619],[-66.47168,2.54878],[-66.47871,2.55739],[-66.47812,2.56339],[-66.4641,2.56771],[-66.45324,2.57547],[-66.43255,2.57646],[-66.41949,2.58399],[-66.40875,2.58388],[-66.35492,2.61255],[-66.32783,2.61855],[-66.31871,2.61189],[-66.30181,2.61638],[-66.29259,2.61559],[-66.27223,2.63103],[-66.27332,2.63296],[-66.26847,2.6365],[-66.26805,2.64688],[-66.27407,2.64904],[-66.28308,2.64747],[-66.28541,2.64968],[-66.28022,2.65604],[-66.28014,2.66608],[-66.2782,2.66753],[-66.279,2.67038],[-66.28447,2.67278],[-66.28281,2.68423],[-66.27769,2.69171],[-66.28215,2.69857],[-66.27872,2.70161],[-66.27938,2.70652],[-66.2747,2.71216],[-66.27726,2.7166],[-66.2861,2.71653],[-66.28801,2.71962],[-66.27816,2.72933],[-66.28517,2.73479],[-66.28498,2.74817],[-66.28974,2.7507],[-66.29321,2.75887],[-66.29257,2.76436],[-66.29795,2.76547],[-66.29493,2.78214],[-66.30544,2.79862],[-66.30704,2.81917],[-66.3165,2.819],[-66.31777,2.81538],[-66.32894,2.81653],[-66.32166,2.8477],[-66.32395,2.84979],[-66.32977,2.87226],[-66.32742,2.87539],[-66.32814,2.89558],[-66.33201,2.90063],[-66.33074,2.91414],[-66.33307,2.92008],[-66.33479,2.9217],[-66.34272,2.91874],[-66.34556,2.91],[-66.34401,2.90436],[-66.35255,2.88559],[-66.35262,2.87689],[-66.35749,2.87444],[-66.35972,2.87828],[-66.36373,2.87834],[-66.37019,2.87014],[-66.37866,2.86692],[-66.38156,2.86178],[-66.38851,2.86261],[-66.38847,2.8693],[-66.39815,2.87329],[-66.40169,2.8774],[-66.4063,2.8774],[-66.40484,2.88488],[-66.39997,2.88812],[-66.40081,2.89881],[-66.41661,2.89417],[-66.423,2.89907],[-66.42294,2.90341],[-66.41892,2.90947],[-66.41918,2.91545],[-66.43497,2.91495],[-66.43669,2.92333],[-66.43374,2.92786],[-66.43049,2.92793],[-66.43152,2.93132],[-66.42558,2.9403],[-66.42858,2.94603],[-66.42822,2.94901],[-66.42514,2.94911],[-66.42437,2.95549],[-66.42829,2.96262],[-66.43797,2.95827],[-66.44094,2.961],[-66.44274,2.95724],[-66.44879,2.96027],[-66.45475,2.95841],[-66.45744,2.96186],[-66.46141,2.96179],[-66.46696,2.96908],[-66.4705,2.96936],[-66.47544,2.96818],[-66.47578,2.96338],[-66.48265,2.96323],[-66.48254,2.97011],[-66.48851,2.97036],[-66.49183,2.97465],[-66.48975,2.98596],[-66.50185,2.99087],[-66.50447,2.9976],[-66.50921,2.99728],[-66.50979,3.0009],[-66.51981,3.00651],[-66.52453,3.00274],[-66.53569,3.00171],[-66.53947,2.99901],[-66.53975,2.99458],[-66.5467,2.99361],[-66.55159,2.98879],[-66.56103,2.98986],[-66.5603,2.99411],[-66.56593,2.98982],[-66.57046,3.00408],[-66.58377,3.00693],[-66.58508,3.0096],[-66.58833,3.0089],[-66.58984,3.01475],[-66.59377,3.01538],[-66.60191,3.02438],[-66.6137,3.0275],[-66.62766,3.02357],[-66.63484,3.01893],[-66.64738,3.02041],[-66.65428,3.02446],[-66.66725,3.03832],[-66.69113,3.04045],[-66.69585,3.04896],[-66.70018,3.05079],[-66.71174,3.0653],[-66.71605,3.06338],[-66.72447,3.06602],[-66.72895,3.06439],[-66.7312,3.06639],[-66.74316,3.06058],[-66.74992,3.06568],[-66.75508,3.06251],[-66.77329,3.06214],[-66.77683,3.0639],[-66.78693,3.06057],[-66.79024,3.06321],[-66.79792,3.06344],[-66.80113,3.05921],[-66.80742,3.06014],[-66.8145,3.0562],[-66.81788,3.06248],[-66.82119,3.06446],[-66.82612,3.06341],[-66.83335,3.07768],[-66.84481,3.08215],[-66.84405,3.085],[-66.84823,3.09127],[-66.85257,3.09242],[-66.86372,3.10512],[-66.87799,3.10124],[-66.87748,3.10613],[-66.87545,3.1066],[-66.87743,3.11103],[-66.87398,3.1118],[-66.87951,3.12177],[-66.89505,3.12518],[-66.9083,3.14259],[-66.91026,3.14845],[-66.919,3.15111],[-66.9241,3.149],[-66.9333,3.15534],[-66.93583,3.15344],[-66.94242,3.15578],[-66.94219,3.15396],[-66.94603,3.1556],[-66.94476,3.15919],[-66.95161,3.1622],[-66.96346,3.1608],[-66.96493,3.15731],[-66.97366,3.1584],[-66.98465,3.15001],[-67.00169,3.14414],[-67.00332,3.1367],[-67.00961,3.13213],[-67.01057,3.12115],[-67.01658,3.11742],[-67.02073,3.11892],[-67.0219,3.11507],[-67.02536,3.11659],[-67.02346,3.11157],[-67.02662,3.1085],[-67.03272,3.10854],[-67.03566,3.11212],[-67.03334,3.11427],[-67.03407,3.12163],[-67.03158,3.12823],[-67.03595,3.13031],[-67.04054,3.12903],[-67.04364,3.13856],[-67.05327,3.14747],[-67.04964,3.15795],[-67.05887,3.15468],[-67.06167,3.15653],[-67.06086,3.16131],[-67.06496,3.16101],[-67.06793,3.16483],[-67.07306,3.16026],[-67.08646,3.16062],[-67.08777,3.16283],[-67.08568,3.16721],[-67.08917,3.17033],[-67.09869,3.16881],[-67.13069,3.17659],[-67.13848,3.17579],[-67.14217,3.17006],[-67.14116,3.16264],[-67.13812,3.1597],[-67.13918,3.15638],[-67.14166,3.15535],[-67.14754,3.15885],[-67.15729,3.15644],[-67.16049,3.15984],[-67.16518,3.15263],[-67.17305,3.14945],[-67.17532,3.14213],[-67.18322,3.13536],[-67.18811,3.13548],[-67.19584,3.13068],[-67.20883,3.10459],[-67.24619,3.10177],[-67.28517,3.11321],[-67.28756,3.1234],[-67.29551,3.1254],[-67.30537,3.13247],[-67.30552,3.13687],[-67.30906,3.14107],[-67.32261,3.14808],[-67.33051,3.15935],[-67.32794,3.1779],[-67.32931,3.18431],[-67.33397,3.18978],[-67.33277,3.19694],[-67.3377,3.20192],[-67.33879,3.20808],[-67.3479,3.21787],[-67.35177,3.22831],[-67.35967,3.23954],[-67.37087,3.24257],[-67.37372,3.23461],[-67.38346,3.2308],[-67.38542,3.23703],[-67.38122,3.253],[-67.44044,3.253],[-67.82315,2.89059],[-67.82222,2.88773],[-67.83216,2.88555],[-67.86425,2.86758],[-67.86432,2.78936],[-67.85748,2.78869],[-67.85229,2.79229],[-67.84102,2.79244],[-67.83836,2.79441],[-67.83581,2.79683],[-67.83619,2.80177],[-67.82943,2.82062],[-67.82368,2.82745],[-67.81536,2.83226],[-67.80978,2.83257],[-67.79877,2.82828],[-67.78169,2.82739],[-67.75023,2.8383],[-67.74008,2.83881],[-67.736,2.83605],[-67.73478,2.82905],[-67.73789,2.82251],[-67.73633,2.8178],[-67.65846,2.79746],[-67.6508,2.79815],[-67.64202,2.80889],[-67.631,2.81273],[-67.62028,2.81451],[-67.6129,2.81134],[-67.60986,2.80508],[-67.59358,2.78996],[-67.58446,2.77649],[-67.58408,2.74436],[-67.56296,2.7254],[-67.56264,2.71477],[-67.5653,2.7079],[-67.56902,2.6737],[-67.56815,2.6676],[-67.56145,2.65608],[-67.55436,2.6548],[-67.55089,2.66109],[-67.54018,2.66872],[-67.52478,2.67419],[-67.50637,2.66691],[-67.50377,2.66872],[-67.48618,2.66717],[-67.46758,2.62057],[-67.4525,2.62115],[-67.44186,2.61261],[-67.43141,2.59886],[-67.41717,2.58543],[-67.40211,2.57767],[-67.39218,2.57558],[-67.38612,2.56431],[-67.38549,2.54849],[-67.38279,2.54409],[-67.37525,2.5421],[-67.36789,2.53575],[-67.35716,2.53453],[-67.34049,2.52102],[-67.33513,2.51186],[-67.33428,2.49606],[-67.32725,2.48557],[-67.31236,2.47492],[-67.31153,2.46887],[-67.30173,2.45951],[-67.30081,2.44762],[-67.29609,2.44222],[-67.27652,2.43067],[-67.26128,2.43139],[-67.245,2.4135],[-67.22669,2.40443],[-67.21971,2.39839],[-67.21416,2.39053],[-67.21318,2.38263],[-67.20357,2.36833],[-67.18442,2.34628],[-67.18529,2.33965],[-67.19584,2.32431],[-67.21256,2.31],[-67.21783,2.30267],[-67.21883,2.29391],[-67.21511,2.28562],[-67.21508,2.27786],[-67.22247,2.25854],[-67.22167,2.25124],[-67.20366,2.22465],[-67.19106,2.17725],[-67.16198,2.13343],[-67.15421,2.12664],[-67.14761,2.1259],[-67.13158,2.1351],[-67.12341,2.13696],[-67.11498,2.13261],[-67.10819,2.11869],[-67.10825,2.1013],[-67.0978,2.06913],[-67.09694,2.05549],[-67.10428,2.0382],[-67.11405,2.02437],[-67.11981,2.00052],[-67.1094,2.00427],[-67.08443,2.02109],[-67.05842,2.02614],[-67.04915,2.03054],[-67.04063,2.03018],[-67.03291,2.03545],[-67.00482,2.04199],[-66.99802,2.04896],[-66.99336,2.05057],[-66.98502,2.04468],[-66.97905,2.02846],[-66.95787,2.01251],[-66.94622,1.99799],[-66.92272,1.99014],[-66.91511,1.99164],[-66.896,2.00596],[-66.87661,2.0053],[-66.8606,2.00764],[-66.83569,2.00423],[-66.81932,2.0139],[-66.81007,2.01461],[-66.79413,2.02049],[-66.77059,2.01669],[-66.74997,2.0085],[-66.73014,2.01856],[-66.71926,1.99576],[-66.70731,1.9783],[-66.70293,1.95922],[-66.6963,1.95152],[-66.65186,1.93378],[-66.64017,1.92533],[-66.63442,1.91412],[-66.62985,1.91052],[-66.61895,1.90949],[-66.60811,1.91367],[-66.58337,1.9536],[-66.57554,1.95922],[-66.55548,1.96649],[-66.53604,1.98159],[-66.53286,1.99443],[-66.53119,2.02861],[-66.52638,2.04238],[-66.52823,2.06299],[-66.52537,2.07234],[-66.49048,2.08988],[-66.47776,2.08956],[-66.46896,2.10896],[-66.46432,2.13802],[-66.46739,2.14634],[-66.46507,2.15617],[-66.46248,2.15755],[-66.46849,2.17215],[-66.47357,2.20935],[-66.48018,2.21995],[-66.48261,2.22908],[-66.4861,2.23123],[-66.49692,2.23097],[-66.51052,2.24583],[-66.52179,2.25134],[-66.5276,2.25211],[-66.53998,2.24701],[-66.54121,2.25074],[-66.53867,2.25775],[-66.53241,2.2651],[-66.52312,2.26832],[-66.5223,2.27683],[-66.53269,2.29326],[-66.55457,2.28196],[-66.56929,2.28852],[-66.57406,2.29769],[-66.5726,2.32848],[-66.58026,2.34283],[-66.57904,2.34834],[-66.57146,2.35773],[-66.56342,2.36068],[-66.56668,2.3657],[-66.56384,2.3683],[-66.54979,2.3579],[-66.537,2.36497],[-66.52916,2.36608],[-66.52657,2.36191],[-66.53181,2.35669],[-66.52965,2.35257],[-66.51265,2.35471],[-66.50904,2.36062],[-66.50328,2.38726],[-66.5106,2.39233],[-66.5109,2.39609],[-66.48952,2.41681],[-66.48536,2.41605],[-66.4788,2.40476],[-66.46811,2.39694],[-66.45843,2.39513],[-66.44883,2.40056],[-66.44693,2.40943],[-66.43875,2.41782],[-66.43613,2.42462],[-66.43757,2.43083],[-66.44507,2.43762],[-66.43936,2.44839],[-66.44254,2.46119],[-66.43899,2.4761],[-66.44279,2.47973],[-66.45011,2.47675],[-66.45657,2.48352],[-66.46347,2.48392],[-66.4747,2.5]]]}},{"type":"Feature","id":"relation/2730912","properties":{"name":"Municipio Aut\u00f3nomo R\u00edo Negro","level":6,"population":"2300"},"geometry":{"type":"Polygon","coordinates":[[[-67.11813,2.00103],[-67.12148,1.99519],[-67.12302,1.97588],[-67.11707,1.97637],[-67.10937,1.96831],[-67.1039,1.95713],[-67.09331,1.9531],[-67.06588,1.92005],[-67.05158,1.87078],[-67.04595,1.85695],[-67.03602,1.84519],[-67.03856,1.81729],[-67.0345,1.79022],[-67.03088,1.78114],[-67.02236,1.77499],[-67.01291,1.74079],[-67.003,1.72548],[-66.98218,1.66975],[-66.96593,1.64711],[-66.96227,1.63852],[-66.96014,1.62758],[-66.96188,1.60738],[-66.95987,1.6048],[-66.96375,1.59783],[-66.9633,1.58941],[-66.95892,1.58524],[-66.94733,1.58145],[-66.91955,1.52851],[-66.90766,1.48774],[-66.91128,1.47773],[-66.91313,1.42965],[-66.90653,1.41358],[-66.89455,1.40416],[-66.87424,1.39687],[-66.85808,1.3745],[-66.85118,1.34224],[-66.85452,1.32004],[-66.87804,1.29886],[-66.88173,1.28737],[-66.87773,1.26608],[-66.86875,1.25794],[-66.85705,1.24008],[-66.85592,1.22688],[-66.81346,1.19608],[-66.31035,0.74492],[-66.20442,0.7766],[-66.20252,0.77989],[-66.19645,0.78176],[-66.18557,0.77962],[-66.17939,0.76299],[-66.16986,0.76421],[-66.15728,0.75835],[-66.14441,0.74745],[-66.1231,0.74781],[-66.11812,0.75174],[-66.11333,0.76373],[-66.10895,0.7659],[-66.09907,0.76649],[-66.0936,0.76011],[-66.08971,0.75908],[-66.0777,0.76095],[-66.07525,0.76653],[-66.07586,0.78848],[-66.07208,0.79109],[-66.07407,0.7986],[-66.07057,0.81233],[-66.05268,0.8095],[-66.05033,0.8121],[-66.04553,0.81093],[-66.04001,0.81616],[-66.03511,0.81674],[-66.02652,0.81203],[-66.02363,0.80769],[-66.01883,0.80751],[-66.01402,0.80393],[-66.00525,0.80553],[-65.99957,0.81452],[-65.99268,0.81771],[-65.98587,0.8176],[-65.98061,0.82225],[-65.96732,0.81554],[-65.96875,0.82057],[-65.96677,0.8352],[-65.95904,0.84192],[-65.95338,0.85099],[-65.9542,0.85883],[-65.94948,0.86294],[-65.94307,0.86371],[-65.94057,0.86932],[-65.94286,0.87345],[-65.94075,0.89111],[-65.93495,0.89376],[-65.92754,0.89289],[-65.91378,0.89799],[-65.91573,0.88947],[-65.9102,0.88923],[-65.90685,0.89519],[-65.88903,0.90819],[-65.88754,0.91182],[-65.89106,0.91748],[-65.88565,0.91916],[-65.89045,0.92104],[-65.88857,0.92895],[-65.89374,0.93428],[-65.89005,0.93357],[-65.88444,0.938],[-65.8843,0.94081],[-65.87188,0.93737],[-65.863,0.93794],[-65.85378,0.94169],[-65.84763,0.9404],[-65.83204,0.94886],[-65.82454,0.94835],[-65.82393,0.95411],[-65.82043,0.95592],[-65.81675,0.95511],[-65.81589,0.95081],[-65.81277,0.95621],[-65.81098,0.9548],[-65.80622,0.95798],[-65.80215,0.95818],[-65.80207,0.95569],[-65.79846,0.95468],[-65.79767,0.96134],[-65.79303,0.96131],[-65.78503,0.96573],[-65.7781,0.96299],[-65.77787,0.95952],[-65.77248,0.95854],[-65.76976,0.96219],[-65.77195,0.9654],[-65.76945,0.967],[-65.77048,0.9704],[-65.76488,0.972],[-65.76365,0.9793],[-65.75518,0.98106],[-65.75326,0.98914],[-65.74236,1.00114],[-65.73432,0.99855],[-65.72844,1.00045],[-65.71666,0.99875],[-65.71031,1.00279],[-65.70487,1.00001],[-65.69653,1.00389],[-65.69247,1.00009],[-65.69165,0.99432],[-65.68716,0.99187],[-65.68637,0.98657],[-65.68435,0.98636],[-65.6813,0.98985],[-65.68124,0.99873],[-65.67262,1.00269],[-65.66867,0.99999],[-65.66614,1.007],[-65.66169,1.00843],[-65.65874,1.01294],[-65.65145,1.00571],[-65.63985,1.0018],[-65.62853,0.98831],[-65.62716,0.99608],[-65.63187,0.99919],[-65.63211,1.00777],[-65.62686,1.01404],[-65.62147,1.01397],[-65.61716,1.00908],[-65.61352,1.01064],[-65.6078,1.0019],[-65.59998,0.99919],[-65.59288,0.99757],[-65.58899,1.00494],[-65.58471,0.99943],[-65.58695,0.99825],[-65.58459,0.99509],[-65.58575,0.9807],[-65.57336,0.99017],[-65.57131,0.99614],[-65.55806,0.99186],[-65.55782,0.98403],[-65.56387,0.97947],[-65.56442,0.9703],[-65.55743,0.9668],[-65.54688,0.97069],[-65.54305,0.96893],[-65.54438,0.96126],[-65.54719,0.95861],[-65.54601,0.95594],[-65.53402,0.95276],[-65.53273,0.94678],[-65.53676,0.9456],[-65.53702,0.93979],[-65.52948,0.93725],[-65.52737,0.93278],[-65.52309,0.93063],[-65.52342,0.92261],[-65.51733,0.92277],[-65.51185,0.91949],[-65.51219,0.91529],[-65.50993,0.91411],[-65.51245,0.9072],[-65.50728,0.90486],[-65.51223,0.89436],[-65.5117,0.87785],[-65.50976,0.87693],[-65.5068,0.87994],[-65.50356,0.87881],[-65.50154,0.88361],[-65.49717,0.88134],[-65.49608,0.87404],[-65.50491,0.86836],[-65.50538,0.85641],[-65.50322,0.85658],[-65.50202,0.84874],[-65.50459,0.84523],[-65.5035,0.84148],[-65.50587,0.84021],[-65.50342,0.83663],[-65.5046,0.83485],[-65.50886,0.83592],[-65.50875,0.83124],[-65.51271,0.82872],[-65.52148,0.83116],[-65.52205,0.82864],[-65.52765,0.82676],[-65.52265,0.81836],[-65.52726,0.81469],[-65.53132,0.81605],[-65.5296,0.80734],[-65.53187,0.8037],[-65.53678,0.80113],[-65.54109,0.8028],[-65.54065,0.79819],[-65.54539,0.79853],[-65.55195,0.79436],[-65.54196,0.78793],[-65.54694,0.78241],[-65.54557,0.77969],[-65.55212,0.77431],[-65.55635,0.7757],[-65.56535,0.77247],[-65.56839,0.76515],[-65.57686,0.7613],[-65.57759,0.74986],[-65.58163,0.74314],[-65.58837,0.73793],[-65.58613,0.72973],[-65.59324,0.72735],[-65.59829,0.71607],[-65.60236,0.71667],[-65.60492,0.71366],[-65.60624,0.70692],[-65.60148,0.69781],[-65.60178,0.69105],[-65.59645,0.69014],[-65.58898,0.69253],[-65.5843,0.68719],[-65.57325,0.68519],[-65.57104,0.68058],[-65.56849,0.68078],[-65.56884,0.67363],[-65.56591,0.66902],[-65.55628,0.66774],[-65.55585,0.65323],[-65.5458,0.6474],[-65.53885,0.65065],[-65.53564,0.66087],[-65.52975,0.66896],[-65.51639,0.66782],[-65.51201,0.67027],[-65.5058,0.66761],[-65.50184,0.67474],[-65.49668,0.67786],[-65.48597,0.67776],[-65.4843,0.68561],[-65.47166,0.68263],[-65.46435,0.68349],[-65.46436,0.68553],[-65.46194,0.6829],[-65.4533,0.6863],[-65.45268,0.69004],[-65.445,0.68943],[-65.44173,0.69319],[-65.44199,0.69959],[-65.43917,0.7048],[-65.4409,0.7065],[-65.43673,0.71268],[-65.44039,0.7163],[-65.43606,0.7217],[-65.43666,0.72471],[-65.43324,0.72637],[-65.43082,0.7225],[-65.42546,0.72171],[-65.42142,0.72542],[-65.42275,0.73378],[-65.41631,0.73485],[-65.41249,0.74119],[-65.41779,0.74376],[-65.41708,0.75312],[-65.41293,0.75117],[-65.40823,0.75401],[-65.39971,0.75111],[-65.39766,0.75225],[-65.39881,0.75836],[-65.39219,0.75674],[-65.39067,0.7598],[-65.40071,0.76678],[-65.4008,0.77295],[-65.39538,0.77391],[-65.39665,0.77765],[-65.40229,0.77976],[-65.39926,0.784],[-65.40041,0.78955],[-65.39662,0.79189],[-65.39785,0.79524],[-65.40288,0.79637],[-65.40143,0.79938],[-65.40757,0.80436],[-65.40927,0.80982],[-65.4145,0.81244],[-65.4144,0.81488],[-65.40899,0.81533],[-65.41184,0.82412],[-65.40598,0.82471],[-65.40159,0.81968],[-65.39623,0.82196],[-65.39547,0.82605],[-65.39919,0.83357],[-65.39383,0.83221],[-65.39064,0.83388],[-65.39463,0.84058],[-65.38978,0.8412],[-65.38272,0.84626],[-65.38332,0.85023],[-65.37761,0.84718],[-65.37731,0.85689],[-65.37441,0.85737],[-65.37432,0.86138],[-65.37169,0.86181],[-65.37298,0.86408],[-65.36441,0.86362],[-65.36115,0.8676],[-65.359,0.8641],[-65.35591,0.86498],[-65.35301,0.87386],[-65.35835,0.87965],[-65.35575,0.88352],[-65.34743,0.88795],[-65.34063,0.89812],[-65.34161,0.90597],[-65.33715,0.90641],[-65.33852,0.91015],[-65.33164,0.92084],[-65.33349,0.9257],[-65.32719,0.92908],[-65.33005,0.93452],[-65.3092,0.9364],[-65.30309,0.94197],[-65.29872,0.93863],[-65.2919,0.94134],[-65.28911,0.93933],[-65.28997,0.9356],[-65.28435,0.93296],[-65.27569,0.93958],[-65.27016,0.93276],[-65.27173,0.92495],[-65.26471,0.92064],[-65.25948,0.92503],[-65.25598,0.92007],[-65.24803,0.91766],[-65.24583,0.92215],[-65.23902,0.92148],[-65.23714,0.92717],[-65.23302,0.92836],[-65.22697,0.92662],[-65.22071,0.9299],[-65.21409,0.92668],[-65.21128,0.92403],[-65.21333,0.92112],[-65.21046,0.91955],[-65.2132,0.90258],[-65.19748,0.91329],[-65.19612,0.91791],[-65.19327,0.91861],[-65.17255,0.94521],[-65.16964,0.95436],[-65.17033,0.96561],[-65.16786,0.96713],[-65.17,0.97179],[-65.16135,0.98186],[-65.1634,0.98559],[-65.16144,0.98902],[-65.16212,0.99735],[-65.14905,1.00307],[-65.15212,1.01151],[-65.16332,1.00637],[-65.16779,1.01196],[-65.17245,1.01193],[-65.17543,1.01559],[-65.17283,1.02376],[-65.16448,1.02863],[-65.16286,1.03314],[-65.16407,1.0456],[-65.15654,1.05056],[-65.15839,1.05424],[-65.15516,1.07282],[-65.15963,1.08442],[-65.15754,1.08482],[-65.15244,1.09896],[-65.15482,1.10329],[-65.1517,1.10906],[-65.1544,1.11429],[-65.16045,1.11684],[-65.16083,1.12214],[-65.1579,1.12474],[-65.14751,1.12371],[-65.14453,1.12697],[-65.13136,1.12787],[-65.1249,1.13387],[-65.12144,1.14487],[-65.11782,1.14353],[-65.11495,1.14901],[-65.10896,1.15128],[-65.10614,1.15576],[-65.08801,1.14133],[-65.08672,1.14467],[-65.08051,1.14591],[-65.07169,1.15296],[-65.06899,1.14958],[-65.06998,1.14438],[-65.06312,1.14341],[-65.05996,1.13965],[-65.06077,1.13049],[-65.0648,1.12796],[-65.06293,1.12239],[-65.06615,1.12034],[-65.06205,1.11131],[-65.05609,1.11318],[-65.05321,1.11693],[-65.04709,1.11531],[-65.03165,1.11826],[-65.02553,1.11482],[-65.02366,1.10814],[-65.01369,1.10884],[-65.01062,1.11087],[-65.00667,1.12969],[-65.00136,1.13096],[-64.99251,1.13768],[-64.99128,1.14641],[-64.98467,1.15707],[-64.97516,1.16096],[-64.97129,1.17962],[-64.97513,1.18995],[-64.97446,1.20286],[-64.9638,1.20729],[-64.96169,1.21548],[-64.95585,1.21649],[-64.94696,1.22358],[-64.93189,1.21371],[-64.92247,1.21865],[-64.92224,1.22116],[-64.91479,1.22163],[-64.91428,1.2334],[-64.9105,1.23293],[-64.90639,1.23593],[-64.90449,1.24217],[-64.9083,1.2509],[-64.90462,1.25139],[-64.89541,1.25109],[-64.88499,1.24263],[-64.8859,1.23456],[-64.88211,1.22726],[-64.87646,1.22365],[-64.87061,1.22676],[-64.87063,1.23146],[-64.86757,1.23197],[-64.86516,1.23865],[-64.86008,1.24198],[-64.85926,1.25084],[-64.84993,1.26159],[-64.85531,1.26599],[-64.85642,1.27238],[-64.8533,1.27437],[-64.8487,1.27288],[-64.84395,1.27632],[-64.8441,1.28045],[-64.83976,1.2847],[-64.8217,1.29255],[-64.80923,1.30367],[-64.8004,1.31536],[-64.79242,1.29955],[-64.78912,1.30055],[-64.78419,1.29273],[-64.78419,1.28099],[-64.79043,1.27361],[-64.78601,1.26354],[-64.77233,1.25164],[-64.76732,1.25413],[-64.76496,1.25064],[-64.76459,1.24066],[-64.75589,1.22792],[-64.74908,1.22909],[-64.74318,1.22706],[-64.74067,1.22924],[-64.74049,1.23389],[-64.73197,1.23357],[-64.72146,1.23943],[-64.71971,1.24908],[-64.71198,1.25277],[-64.70981,1.26578],[-64.6952,1.28482],[-64.67852,1.28766],[-64.67534,1.28619],[-64.66429,1.29477],[-64.66115,1.29624],[-64.65756,1.29347],[-64.65656,1.29586],[-64.64561,1.30039],[-64.63886,1.31181],[-64.63525,1.31385],[-64.63547,1.31833],[-64.62092,1.32481],[-64.62028,1.32958],[-64.61642,1.32988],[-64.60968,1.33879],[-64.60122,1.33946],[-64.59447,1.33606],[-64.58891,1.3361],[-64.58503,1.33947],[-64.57874,1.34041],[-64.5792,1.34446],[-64.57478,1.35469],[-64.58073,1.35974],[-64.57727,1.37162],[-64.57874,1.37736],[-64.57327,1.38121],[-64.56746,1.39651],[-64.55743,1.40865],[-64.55746,1.41372],[-64.54793,1.41388],[-64.54593,1.41671],[-64.53727,1.41502],[-64.52665,1.42917],[-64.52749,1.44205],[-64.52496,1.44346],[-64.51037,1.43554],[-64.50961,1.43811],[-64.49993,1.44364],[-64.49849,1.44783],[-64.49454,1.44701],[-64.48448,1.45487],[-64.48345,1.46217],[-64.48014,1.4626],[-64.47669,1.46738],[-64.4692,1.46879],[-64.46636,1.47429],[-64.4513,1.47867],[-64.44725,1.47669],[-64.44836,1.47251],[-64.44646,1.47041],[-64.43578,1.47042],[-64.43225,1.4728],[-64.42533,1.48013],[-64.42243,1.49022],[-64.41048,1.50101],[-64.40926,1.51342],[-64.39965,1.51995],[-64.39387,1.52905],[-64.38919,1.52789],[-64.38831,1.52428],[-64.38479,1.5243],[-64.3819,1.5188],[-64.37964,1.52232],[-64.37319,1.52514],[-64.36633,1.52366],[-64.36603,1.52072],[-64.3613,1.5196],[-64.35933,1.52536],[-64.35114,1.5294],[-64.34792,1.5261],[-64.34781,1.52122],[-64.34469,1.51921],[-64.34886,1.50801],[-64.34773,1.49504],[-64.35708,1.48239],[-64.37338,1.47163],[-64.37456,1.46634],[-64.37801,1.46421],[-64.3765,1.45758],[-64.37296,1.45701],[-64.37399,1.44884],[-64.38289,1.44329],[-64.38646,1.4457],[-64.38931,1.44452],[-64.39323,1.43766],[-64.39075,1.43484],[-64.39133,1.42614],[-64.39416,1.42333],[-64.39872,1.4239],[-64.39766,1.42022],[-64.40096,1.41825],[-64.40558,1.4203],[-64.40168,1.41128],[-64.40849,1.40934],[-64.41016,1.40304],[-64.40369,1.39921],[-64.3974,1.39943],[-64.39919,1.39398],[-64.39675,1.39441],[-64.39332,1.38965],[-64.39089,1.39194],[-64.38873,1.38627],[-64.38155,1.39138],[-64.37478,1.38458],[-64.37008,1.38443],[-64.36445,1.38931],[-64.35521,1.38791],[-64.35438,1.38189],[-64.35693,1.37506],[-64.35322,1.37511],[-64.34466,1.36346],[-64.33758,1.36147],[-64.33574,1.36696],[-64.34219,1.37143],[-64.34396,1.37667],[-64.34103,1.37972],[-64.34346,1.38173],[-64.33661,1.39308],[-64.33477,1.39116],[-64.32608,1.39477],[-64.32537,1.39772],[-64.32827,1.40067],[-64.32038,1.40691],[-64.3254,1.41207],[-64.32807,1.42351],[-64.32354,1.43746],[-64.31659,1.44061],[-64.31342,1.44376],[-64.31408,1.44639],[-64.30806,1.44883],[-64.3136,1.45614],[-64.31113,1.45793],[-64.30578,1.45655],[-64.30607,1.46007],[-64.30195,1.46138],[-64.30208,1.46434],[-64.28535,1.47476],[-64.2839,1.47838],[-64.28138,1.47855],[-64.2809,1.4752],[-64.27777,1.47341],[-64.27737,1.47886],[-64.27371,1.48332],[-64.26578,1.48167],[-64.26053,1.50234],[-64.25519,1.49805],[-64.24509,1.50304],[-64.24333,1.50702],[-64.23403,1.50844],[-64.23079,1.50602],[-64.21684,1.50597],[-64.21011,1.51472],[-64.19673,1.52092],[-64.19137,1.53072],[-64.19647,1.53502],[-64.19209,1.54614],[-64.18595,1.55337],[-64.18495,1.55814],[-64.1809,1.55879],[-64.17503,1.56411],[-64.17291,1.57355],[-64.16794,1.57455],[-64.16659,1.57943],[-64.1642,1.57833],[-64.15908,1.58376],[-64.15019,1.5837],[-64.14407,1.58732],[-64.1397,1.57935],[-64.13155,1.57613],[-64.12564,1.57853],[-64.12261,1.58504],[-64.11509,1.58855],[-64.1112,1.60741],[-64.1085,1.60999],[-64.09891,1.61005],[-64.09643,1.62234],[-64.09349,1.6247],[-64.09293,1.63253],[-64.08947,1.63625],[-64.08993,1.64024],[-64.08677,1.64595],[-64.07705,1.64522],[-64.07351,1.64883],[-64.07335,1.65764],[-64.06474,1.68222],[-64.06746,1.68259],[-64.06957,1.6905],[-64.06273,1.69225],[-64.06366,1.69727],[-64.06103,1.70311],[-64.06811,1.70901],[-64.06484,1.71091],[-64.06709,1.71568],[-64.07182,1.7173],[-64.07352,1.72425],[-64.06404,1.73326],[-64.06589,1.74389],[-64.07673,1.74893],[-64.07959,1.75535],[-64.07896,1.75816],[-64.07286,1.75941],[-64.07242,1.76478],[-64.07027,1.76775],[-64.06646,1.76763],[-64.06464,1.77285],[-64.06913,1.77297],[-64.07105,1.77793],[-64.07559,1.77714],[-64.07607,1.78197],[-64.06765,1.79169],[-64.0605,1.79043],[-64.06125,1.80017],[-64.05883,1.80441],[-64.05447,1.80268],[-64.05511,1.80674],[-64.05081,1.80987],[-64.05048,1.81285],[-64.0559,1.81785],[-64.04986,1.82265],[-64.05289,1.83304],[-64.05109,1.83583],[-64.0528,1.83803],[-64.05501,1.83597],[-64.05854,1.83737],[-64.06494,1.84293],[-64.06923,1.85228],[-64.0668,1.85306],[-64.0663,1.85916],[-64.06395,1.86042],[-64.06473,1.87094],[-64.06001,1.87272],[-64.06072,1.87566],[-64.05816,1.87842],[-64.05903,1.88317],[-64.05712,1.88477],[-64.0603,1.88892],[-64.05751,1.89178],[-64.06249,1.89609],[-64.06232,1.90098],[-64.05715,1.90284],[-64.05735,1.90519],[-64.06032,1.90535],[-64.05637,1.91077],[-64.06319,1.91537],[-64.05908,1.91973],[-64.05864,1.92285],[-64.06127,1.92418],[-64.05496,1.93024],[-64.05502,1.9331],[-64.05746,1.93665],[-64.06544,1.93361],[-64.07103,1.93591],[-64.0746,1.93415],[-64.07632,1.93753],[-64.08169,1.93784],[-64.08566,1.93255],[-64.0903,1.93132],[-64.09426,1.936],[-64.09328,1.94205],[-64.08979,1.94315],[-64.09874,1.96073],[-64.09127,1.9734],[-64.08176,1.97362],[-64.07929,1.98175],[-64.08141,1.98393],[-64.07454,1.98881],[-64.07315,1.99347],[-64.0763,1.99689],[-64.07364,1.99944],[-64.08338,2.00891],[-64.09146,2.01153],[-64.08925,2.01599],[-64.09767,2.02173],[-64.10997,2.01828],[-64.11337,2.02008],[-64.11685,2.01282],[-64.11958,2.0162],[-64.12329,2.01657],[-64.12372,2.01435],[-64.13289,2.00955],[-64.13209,2.01486],[-64.13562,2.01717],[-64.13339,2.02461],[-64.1407,2.03022],[-64.14036,2.03654],[-64.1442,2.03965],[-64.14298,2.04272],[-64.15001,2.0468],[-64.14911,2.05514],[-64.15842,2.05355],[-64.18105,2.03634],[-64.18893,2.04167],[-64.19229,2.0413],[-64.19236,2.03785],[-64.19495,2.0373],[-64.19836,2.04009],[-64.1972,2.04357],[-64.19969,2.04793],[-64.21264,2.0424],[-64.2165,2.04377],[-64.21791,2.0419],[-64.21342,2.02782],[-64.21701,2.02483],[-64.2185,2.01902],[-64.22106,2.02072],[-64.22627,2.0188],[-64.23443,2.02001],[-64.23747,2.01777],[-64.24826,2.02485],[-64.25897,2.02444],[-64.2609,2.02036],[-64.26766,2.02036],[-64.26985,2.01781],[-64.26765,2.01561],[-64.27229,2.00852],[-64.27654,2.01105],[-64.30188,2.01227],[-64.30726,2.01575],[-64.3128,2.01404],[-64.31866,2.02214],[-64.33706,2.02603],[-64.34492,2.02323],[-64.3473,2.01948],[-64.3507,2.02188],[-64.35349,2.02014],[-64.3577,2.00469],[-64.3704,1.99934],[-64.37884,1.98798],[-64.38402,1.99135],[-64.38767,1.99097],[-64.39082,2.00546],[-64.39425,2.00677],[-64.39956,2.0043],[-64.40208,2.00587],[-64.40933,1.99736],[-64.42087,2.00125],[-64.42396,1.99485],[-64.43537,1.99771],[-64.44324,1.99646],[-64.44371,1.9912],[-64.44952,1.98555],[-64.44702,1.98283],[-64.44859,1.9783],[-64.4451,1.97704],[-64.4436,1.97083],[-64.4507,1.96707],[-64.45379,1.95744],[-64.46249,1.95667],[-64.46425,1.95333],[-64.46579,1.95631],[-64.4691,1.9553],[-64.4674,1.96249],[-64.47042,1.96326],[-64.48386,1.95755],[-64.48759,1.95988],[-64.49813,1.95277],[-64.50561,1.95306],[-64.50645,1.93932],[-64.5107,1.93103],[-64.50748,1.92725],[-64.50866,1.92293],[-64.51779,1.9136],[-64.52129,1.92358],[-64.53332,1.92848],[-64.53833,1.9262],[-64.55306,1.92698],[-64.55916,1.9196],[-64.56703,1.91664],[-64.57532,1.92064],[-64.57743,1.91928],[-64.58826,1.92197],[-64.59164,1.92615],[-64.60188,1.92141],[-64.61306,1.92484],[-64.62147,1.91389],[-64.62655,1.92047],[-64.6192,1.93497],[-64.62768,1.94688],[-64.62988,1.95539],[-64.63948,1.95998],[-64.64049,1.96398],[-64.63107,1.9793],[-64.62719,1.9797],[-64.62307,1.98734],[-64.63161,1.99545],[-64.6388,1.99453],[-64.64074,1.99623],[-64.63592,1.9999],[-64.63376,2.00714],[-64.6449,2.0111],[-64.65066,2.0158],[-64.6531,2.01418],[-64.65875,2.01568],[-64.66945,2.00545],[-64.67149,2.01137],[-64.68239,2.01543],[-64.68477,2.02193],[-64.70144,2.02406],[-64.70787,2.02038],[-64.71649,2.02185],[-64.71901,2.02482],[-64.72677,2.02129],[-64.73178,2.02365],[-64.74107,2.01904],[-64.74262,2.01092],[-64.75215,2.00097],[-64.76666,2.00054],[-64.77105,1.99525],[-64.77324,1.97858],[-64.77145,1.97472],[-64.77612,1.97354],[-64.78032,1.96903],[-64.78207,1.96203],[-64.78686,1.96077],[-64.78961,1.95444],[-64.78494,1.94013],[-64.78766,1.93031],[-64.79185,1.92913],[-64.80047,1.93131],[-64.80425,1.92769],[-64.81306,1.9273],[-64.81138,1.94108],[-64.81886,1.94141],[-64.826,1.94584],[-64.82982,1.94297],[-64.83044,1.93894],[-64.83368,1.94139],[-64.83788,1.94072],[-64.84049,1.93521],[-64.84563,1.94494],[-64.86653,1.93814],[-64.8665,1.933],[-64.87095,1.92527],[-64.86829,1.91652],[-64.87621,1.91157],[-64.87992,1.90188],[-64.89401,1.9071],[-64.90223,1.91434],[-64.90396,1.9087],[-64.91341,1.90936],[-64.92479,1.89662],[-64.9383,1.89625],[-64.94103,1.89264],[-64.94065,1.88453],[-64.92506,1.87349],[-64.92219,1.8637],[-64.92727,1.86168],[-64.92628,1.85899],[-64.91405,1.85539],[-64.9107,1.85076],[-64.91225,1.8485],[-64.90903,1.84419],[-64.90936,1.84046],[-64.91166,1.84062],[-64.91982,1.83214],[-64.92548,1.83213],[-64.92721,1.83583],[-64.94104,1.82556],[-64.94478,1.82701],[-64.95429,1.8205],[-64.96071,1.82001],[-64.9611,1.82215],[-64.96463,1.82243],[-64.97258,1.82067],[-64.9785,1.80583],[-64.9818,1.80711],[-64.98425,1.80494],[-64.98167,1.80062],[-64.9819,1.79291],[-64.97646,1.78986],[-64.98535,1.77771],[-64.99498,1.78199],[-65.00189,1.77889],[-65.00974,1.78008],[-65.01105,1.77691],[-65.01627,1.77516],[-65.01913,1.77786],[-65.02524,1.77727],[-65.0337,1.77467],[-65.03462,1.77215],[-65.04937,1.76958],[-65.05581,1.7647],[-65.05348,1.75806],[-65.04857,1.76063],[-65.04456,1.75624],[-65.04758,1.75089],[-65.04551,1.74587],[-65.04844,1.73723],[-65.05154,1.73571],[-65.05251,1.73952],[-65.06281,1.73698],[-65.06375,1.73966],[-65.07055,1.74034],[-65.07187,1.73434],[-65.07832,1.73456],[-65.08386,1.72908],[-65.08587,1.73088],[-65.0887,1.73079],[-65.08921,1.72822],[-65.09806,1.72942],[-65.1019,1.72723],[-65.09969,1.7254],[-65.10084,1.72192],[-65.10487,1.7209],[-65.11387,1.72859],[-65.10753,1.73384],[-65.12103,1.73657],[-65.12578,1.74313],[-65.1348,1.73281],[-65.13211,1.72928],[-65.13526,1.72896],[-65.13651,1.72552],[-65.13591,1.71182],[-65.13916,1.70917],[-65.1484,1.71282],[-65.15455,1.70268],[-65.15062,1.69861],[-65.14702,1.69881],[-65.14615,1.69462],[-65.14866,1.68855],[-65.14829,1.67966],[-65.15331,1.67839],[-65.15586,1.66808],[-65.16016,1.66332],[-65.15861,1.66082],[-65.16019,1.65784],[-65.15683,1.65567],[-65.16124,1.64661],[-65.17157,1.63951],[-65.17304,1.63358],[-65.18191,1.62757],[-65.18521,1.62418],[-65.1831,1.62176],[-65.19099,1.61599],[-65.1968,1.61527],[-65.20631,1.62213],[-65.21306,1.62173],[-65.21917,1.6248],[-65.23082,1.61796],[-65.23523,1.61158],[-65.23582,1.59957],[-65.24758,1.59089],[-65.2505,1.58505],[-65.24987,1.5801],[-65.24405,1.57266],[-65.2634,1.55493],[-65.28488,1.54436],[-65.29205,1.53642],[-65.29399,1.52953],[-65.31096,1.5183],[-65.3124,1.5222],[-65.31076,1.5265],[-65.31591,1.53285],[-65.32491,1.53619],[-65.3307,1.5323],[-65.34798,1.5409],[-65.35356,1.53571],[-65.35866,1.53954],[-65.36505,1.5374],[-65.37088,1.54107],[-65.37776,1.53439],[-65.37766,1.52806],[-65.38235,1.52623],[-65.38582,1.53247],[-65.39305,1.53657],[-65.3942,1.5406],[-65.39177,1.54709],[-65.38807,1.54874],[-65.39149,1.55593],[-65.38816,1.56034],[-65.38865,1.56466],[-65.38366,1.56458],[-65.38037,1.57016],[-65.37706,1.56928],[-65.37433,1.57561],[-65.36253,1.57949],[-65.36107,1.58414],[-65.35391,1.58829],[-65.35541,1.59106],[-65.36182,1.59392],[-65.36528,1.59249],[-65.37509,1.5986],[-65.38126,1.59548],[-65.38067,1.59143],[-65.38897,1.58244],[-65.39712,1.58004],[-65.4047,1.58361],[-65.41853,1.57756],[-65.42355,1.58037],[-65.42597,1.57856],[-65.42768,1.58177],[-65.43043,1.57944],[-65.43513,1.58502],[-65.44329,1.58879],[-65.44955,1.5896],[-65.45942,1.58648],[-65.47798,1.59792],[-65.47585,1.60396],[-65.47784,1.60764],[-65.4716,1.61478],[-65.47786,1.61661],[-65.48588,1.62485],[-65.48988,1.62224],[-65.50036,1.6359],[-65.49857,1.64357],[-65.50527,1.64482],[-65.50853,1.64279],[-65.50845,1.63884],[-65.51513,1.64209],[-65.52519,1.63705],[-65.52908,1.6403],[-65.53397,1.64033],[-65.53484,1.63566],[-65.53964,1.63247],[-65.54422,1.65186],[-65.55056,1.65558],[-65.53641,1.67265],[-65.53875,1.67992],[-65.53607,1.67994],[-65.53522,1.68806],[-65.53168,1.69177],[-65.53247,1.69537],[-65.52717,1.69577],[-65.52448,1.7238],[-65.51698,1.72174],[-65.50903,1.72605],[-65.5028,1.72168],[-65.50155,1.72748],[-65.50495,1.73186],[-65.50178,1.73553],[-65.49537,1.73183],[-65.48331,1.73273],[-65.48173,1.72971],[-65.46005,1.73043],[-65.4581,1.74133],[-65.46394,1.75211],[-65.46035,1.76559],[-65.46132,1.76956],[-65.47918,1.77325],[-65.48236,1.77071],[-65.48583,1.77809],[-65.49046,1.77892],[-65.49123,1.78155],[-65.49244,1.79846],[-65.4908,1.80422],[-65.48753,1.80639],[-65.49143,1.80915],[-65.48929,1.81165],[-65.49135,1.8218],[-65.49016,1.82691],[-65.48231,1.83212],[-65.48138,1.84362],[-65.48759,1.85167],[-65.49273,1.85039],[-65.49649,1.86107],[-65.49442,1.86578],[-65.49074,1.86522],[-65.49036,1.86802],[-65.49489,1.8685],[-65.49675,1.8802],[-65.50551,1.88802],[-65.50771,1.89758],[-65.50437,1.90059],[-65.48874,1.89936],[-65.48456,1.90677],[-65.47479,1.91133],[-65.46023,1.90105],[-65.45431,1.89917],[-65.45224,1.90087],[-65.4531,1.92273],[-65.44943,1.92722],[-65.45389,1.93385],[-65.45235,1.93714],[-65.4558,1.95029],[-65.44702,1.96638],[-65.44326,1.96862],[-65.44536,1.97229],[-65.45189,1.97501],[-65.4513,1.982],[-65.44672,1.98697],[-65.43951,1.9871],[-65.43053,1.99519],[-65.42555,1.98612],[-65.42128,1.98429],[-65.41277,1.98605],[-65.41369,1.99604],[-65.41105,2.01268],[-65.41701,2.0211],[-65.41292,2.03013],[-65.40939,2.03261],[-65.4099,2.04917],[-65.40242,2.05547],[-65.40036,2.05367],[-65.39752,2.05938],[-65.38629,2.05691],[-65.38054,2.05855],[-65.37568,2.06834],[-65.378,2.07663],[-65.38338,2.0799],[-65.38331,2.08354],[-65.38926,2.08603],[-65.38155,2.08861],[-65.39203,2.09691],[-65.39458,2.1039],[-65.39232,2.10856],[-65.39839,2.11403],[-65.40158,2.11148],[-65.4063,2.1148],[-65.41331,2.11273],[-65.42268,2.11655],[-65.42332,2.12218],[-65.42623,2.12321],[-65.43013,2.13017],[-65.42871,2.13462],[-65.44651,2.14652],[-65.44223,2.15609],[-65.43892,2.1578],[-65.442,2.16169],[-65.44242,2.16961],[-65.43737,2.17763],[-65.43927,2.18562],[-65.42359,2.18977],[-65.42693,2.19747],[-65.42105,2.19966],[-65.42028,2.20842],[-65.42322,2.21393],[-65.41894,2.21925],[-65.42014,2.22877],[-65.41631,2.23425],[-65.41776,2.24193],[-65.40841,2.24166],[-65.39455,2.24416],[-65.39302,2.24753],[-65.38905,2.24589],[-65.37658,2.24895],[-65.37254,2.2639],[-65.36894,2.26653],[-65.3678,2.27265],[-65.37425,2.27868],[-65.37889,2.28823],[-65.37225,2.28926],[-65.36941,2.29299],[-65.37735,2.30687],[-65.37696,2.30991],[-65.37346,2.31028],[-65.37226,2.32129],[-65.37372,2.33193],[-65.37122,2.33864],[-65.3739,2.34364],[-65.37202,2.35777],[-65.36537,2.36466],[-65.37211,2.37274],[-65.36696,2.38561],[-65.37596,2.39395],[-65.38494,2.39368],[-65.38756,2.41427],[-65.39945,2.41313],[-65.4123,2.41894],[-65.4338,2.423],[-65.44071,2.42802],[-65.44127,2.43477],[-65.45386,2.43874],[-65.45149,2.46553],[-65.45378,2.46546],[-65.45446,2.46878],[-65.46551,2.47804],[-65.46497,2.48314],[-65.4602,2.48374],[-65.4629,2.48659],[-65.46112,2.48759],[-65.47924,2.49235],[-65.48049,2.49103],[-65.48369,2.49929],[-65.4931,2.50053],[-65.4951,2.50896],[-65.49339,2.51276],[-65.49771,2.5313],[-65.50283,2.53032],[-65.50596,2.5358],[-65.50407,2.53712],[-65.51142,2.54138],[-65.50771,2.54299],[-65.51051,2.54249],[-65.51208,2.5479],[-65.51703,2.54704],[-65.52213,2.56176],[-65.52008,2.56925],[-65.51249,2.57396],[-65.51322,2.58034],[-65.50892,2.58214],[-65.51253,2.58502],[-65.51077,2.58579],[-65.5113,2.59137],[-65.50512,2.59376],[-65.49971,2.59934],[-65.50111,2.6134],[-65.4976,2.61434],[-65.49789,2.61642],[-65.50144,2.61983],[-65.50784,2.61832],[-65.50895,2.62472],[-65.51208,2.62447],[-65.51089,2.62669],[-65.51323,2.62674],[-65.51393,2.63556],[-65.51591,2.63517],[-65.5198,2.64139],[-65.51786,2.64436],[-65.52358,2.64336],[-65.52272,2.6457],[-65.5254,2.64579],[-65.5241,2.64769],[-65.52896,2.65157],[-65.52505,2.65312],[-65.52681,2.65661],[-65.52728,2.65465],[-65.53175,2.65705],[-65.52948,2.66129],[-65.53273,2.65935],[-65.53777,2.67158],[-65.54444,2.67409],[-65.54172,2.68062],[-65.54962,2.68081],[-65.55002,2.68532],[-65.54799,2.68612],[-65.55201,2.68872],[-65.55112,2.69047],[-65.55483,2.69524],[-65.54925,2.69774],[-65.54922,2.7058],[-65.54645,2.70347],[-65.54555,2.70674],[-65.54893,2.71351],[-65.55225,2.71426],[-65.55195,2.71834],[-65.56279,2.72252],[-65.55867,2.7244],[-65.55941,2.72807],[-65.56407,2.72903],[-65.56137,2.72978],[-65.56261,2.73197],[-65.56571,2.73019],[-65.56385,2.73334],[-65.56887,2.74117],[-65.56905,2.74929],[-65.57412,2.75327],[-65.57367,2.75775],[-65.57837,2.762],[-65.59246,2.76793],[-65.59418,2.77126],[-65.60171,2.7703],[-65.60498,2.78418],[-65.60957,2.78407],[-65.61064,2.78207],[-65.61221,2.78406],[-65.61902,2.77898],[-65.62245,2.77976],[-65.62074,2.78508],[-65.62262,2.78602],[-65.63849,2.78386],[-65.64153,2.78194],[-65.63854,2.77852],[-65.64531,2.77633],[-65.64953,2.76832],[-65.65729,2.76553],[-65.65547,2.76873],[-65.65878,2.77238],[-65.65543,2.77645],[-65.65671,2.78001],[-65.66452,2.77748],[-65.66858,2.78048],[-65.66951,2.77724],[-65.67382,2.77752],[-65.67891,2.77232],[-65.67762,2.76909],[-65.68056,2.769],[-65.67754,2.76612],[-65.68023,2.76209],[-65.6786,2.76119],[-65.68617,2.75432],[-65.68421,2.74643],[-65.68809,2.74499],[-65.68995,2.74097],[-65.69852,2.74242],[-65.70009,2.73842],[-65.70281,2.7419],[-65.70605,2.73656],[-65.70973,2.73847],[-65.7181,2.73717],[-65.71844,2.73425],[-65.72385,2.73678],[-65.72282,2.73456],[-65.72616,2.73641],[-65.72756,2.7425],[-65.72403,2.74265],[-65.72539,2.74553],[-65.72817,2.74486],[-65.72777,2.7478],[-65.73473,2.74838],[-65.73473,2.75023],[-65.74089,2.74927],[-65.73951,2.75813],[-65.75021,2.74948],[-65.75672,2.75619],[-65.76275,2.75493],[-65.76572,2.75825],[-65.76713,2.75633],[-65.76918,2.7623],[-65.77292,2.75545],[-65.77846,2.76087],[-65.78224,2.75768],[-65.78432,2.762],[-65.78136,2.76158],[-65.78183,2.76419],[-65.78646,2.76435],[-65.78606,2.76676],[-65.78857,2.76343],[-65.79003,2.7697],[-65.78769,2.77262],[-65.79319,2.78348],[-65.79984,2.78535],[-65.80114,2.78865],[-65.79799,2.79],[-65.8021,2.79161],[-65.80146,2.79555],[-65.80868,2.79293],[-65.80981,2.80348],[-65.80819,2.80449],[-65.81306,2.80825],[-65.81379,2.80577],[-65.81674,2.80624],[-65.81515,2.81127],[-65.823,2.81679],[-65.82047,2.82102],[-65.83194,2.82516],[-65.83661,2.82384],[-65.8362,2.81994],[-65.84055,2.82211],[-65.84186,2.81923],[-65.84529,2.82276],[-65.85346,2.81641],[-65.85599,2.81904],[-65.85623,2.82517],[-65.85987,2.82494],[-65.87286,2.83169],[-65.87972,2.83097],[-65.8818,2.8338],[-65.88072,2.83745],[-65.88554,2.83783],[-65.89321,2.83328],[-65.89695,2.83773],[-65.90316,2.83347],[-65.91038,2.83566],[-65.91447,2.82828],[-65.92119,2.82464],[-65.93876,2.82769],[-65.94675,2.82665],[-65.95415,2.81943],[-65.95959,2.80191],[-65.98741,2.78909],[-65.99234,2.79113],[-65.99694,2.80182],[-66.00828,2.79862],[-66.01323,2.80443],[-66.02315,2.80874],[-66.03573,2.80913],[-66.05874,2.81598],[-66.06767,2.79574],[-66.08496,2.7745],[-66.09961,2.76687],[-66.11023,2.75214],[-66.12037,2.74954],[-66.13326,2.75318],[-66.15391,2.75163],[-66.15795,2.74701],[-66.16363,2.71951],[-66.15877,2.71206],[-66.13899,2.7029],[-66.15154,2.70067],[-66.15785,2.6923],[-66.15383,2.68249],[-66.15299,2.66392],[-66.14463,2.65114],[-66.14438,2.64608],[-66.1479,2.64259],[-66.15244,2.64323],[-66.15673,2.65141],[-66.16115,2.65309],[-66.16446,2.65154],[-66.16662,2.64182],[-66.1748,2.63996],[-66.18077,2.64697],[-66.18279,2.65839],[-66.18677,2.6642],[-66.20201,2.66803],[-66.20919,2.66162],[-66.20965,2.65328],[-66.20434,2.64912],[-66.20432,2.64648],[-66.21734,2.63774],[-66.22473,2.63671],[-66.23465,2.6401],[-66.2513,2.62853],[-66.25525,2.63088],[-66.25539,2.64095],[-66.25767,2.64236],[-66.26354,2.63549],[-66.27863,2.62711],[-66.29259,2.61559],[-66.30181,2.61638],[-66.31871,2.61189],[-66.32783,2.61855],[-66.35492,2.61255],[-66.40875,2.58388],[-66.41949,2.58399],[-66.43255,2.57646],[-66.45324,2.57547],[-66.4641,2.56771],[-66.47852,2.56293],[-66.47871,2.55739],[-66.47168,2.54878],[-66.475,2.54619],[-66.48043,2.54821],[-66.48557,2.5471],[-66.4854,2.53772],[-66.49291,2.51768],[-66.49116,2.51545],[-66.47901,2.5134],[-66.47565,2.50168],[-66.46436,2.48456],[-66.45657,2.48352],[-66.44944,2.47654],[-66.44337,2.47973],[-66.43926,2.47693],[-66.44254,2.46119],[-66.43936,2.44839],[-66.44507,2.43762],[-66.43699,2.42965],[-66.43739,2.41983],[-66.4463,2.41049],[-66.44941,2.39971],[-66.46,2.39486],[-66.47401,2.40043],[-66.48054,2.40678],[-66.48536,2.41605],[-66.48952,2.41681],[-66.5109,2.39609],[-66.5106,2.39233],[-66.50328,2.38726],[-66.50904,2.36062],[-66.51265,2.35471],[-66.52965,2.35257],[-66.53181,2.35669],[-66.52657,2.36191],[-66.52916,2.36608],[-66.537,2.36497],[-66.54979,2.3579],[-66.56384,2.3683],[-66.56668,2.3657],[-66.56342,2.36068],[-66.57146,2.35773],[-66.57904,2.34834],[-66.58026,2.34283],[-66.5726,2.32848],[-66.57406,2.29769],[-66.56929,2.28852],[-66.55457,2.28196],[-66.53269,2.29326],[-66.5223,2.27683],[-66.52312,2.26832],[-66.53241,2.2651],[-66.53867,2.25775],[-66.54121,2.25074],[-66.53998,2.24701],[-66.5276,2.25211],[-66.52179,2.25134],[-66.51052,2.24583],[-66.49692,2.23097],[-66.4861,2.23123],[-66.48261,2.22908],[-66.48018,2.21995],[-66.47357,2.20935],[-66.46849,2.17215],[-66.46248,2.15755],[-66.46507,2.15617],[-66.46739,2.14634],[-66.46432,2.13802],[-66.46877,2.10982],[-66.47776,2.08956],[-66.49048,2.08988],[-66.52537,2.07234],[-66.52823,2.06299],[-66.52638,2.04238],[-66.53119,2.02861],[-66.53286,1.99443],[-66.53604,1.98159],[-66.55548,1.96649],[-66.57554,1.95922],[-66.58337,1.9536],[-66.60303,1.91907],[-66.61024,1.91221],[-66.62146,1.90921],[-66.62985,1.91052],[-66.63442,1.91412],[-66.64017,1.92533],[-66.65186,1.93378],[-66.6963,1.95152],[-66.70293,1.95922],[-66.70731,1.9783],[-66.71926,1.99576],[-66.73014,2.01856],[-66.74997,2.0085],[-66.77059,2.01669],[-66.79413,2.02049],[-66.81007,2.01461],[-66.81932,2.0139],[-66.83569,2.00423],[-66.8606,2.00764],[-66.87661,2.0053],[-66.896,2.00596],[-66.91511,1.99164],[-66.92272,1.99014],[-66.94622,1.99799],[-66.95787,2.01251],[-66.97905,2.02846],[-66.98502,2.04468],[-66.99336,2.05057],[-66.99802,2.04896],[-67.00482,2.04199],[-67.03291,2.03545],[-67.04063,2.03018],[-67.04915,2.03054],[-67.05842,2.02614],[-67.08443,2.02109],[-67.09078,2.01517],[-67.11813,2.00103]]]}}]}