{"type":"FeatureCollection","features":[{"type":"Feature","id":"relation/11066365","properties":{"name":"Municipio Roscio","level":6,"population":"126178"},"geometry":{"type":"Polygon","coordinates":[[[-67.20147,9.56004],[-67.19502,9.56761],[-67.18094,9.57731],[-67.16217,9.58134],[-67.13817,9.5757],[-67.13136,9.57731],[-67.11479,9.58528],[-67.09626,9.59994],[-67.07581,9.61166],[-67.06059,9.61467],[-67.03916,9.62584],[-67.02059,9.6252],[-67.01396,9.63216],[-66.99014,9.64525],[-66.98442,9.65258],[-66.98306,9.66532],[-66.97841,9.67099],[-66.9788,9.67568],[-66.96238,9.69687],[-66.95677,9.72128],[-66.96269,9.72506],[-66.96527,9.74341],[-66.97078,9.74681],[-66.97429,9.75497],[-66.98288,9.7588],[-66.99191,9.75241],[-66.99641,9.75787],[-67.00387,9.75474],[-67.01942,9.7617],[-67.02908,9.7629],[-67.03381,9.76845],[-67.03237,9.77212],[-67.03648,9.77824],[-67.0349,9.78617],[-67.04489,9.79441],[-67.04973,9.78921],[-67.05457,9.78993],[-67.05605,9.78782],[-67.06837,9.7937],[-67.07664,9.79258],[-67.07861,9.78633],[-67.08742,9.78597],[-67.09272,9.78822],[-67.09658,9.78657],[-67.09687,9.78415],[-67.10447,9.78383],[-67.10666,9.79198],[-67.11205,9.79667],[-67.11416,9.80408],[-67.11223,9.80696],[-67.11306,9.81442],[-67.10643,9.81588],[-67.10614,9.82224],[-67.11117,9.8214],[-67.11271,9.82712],[-67.12744,9.82663],[-67.12959,9.82925],[-67.13615,9.8263],[-67.14433,9.83131],[-67.14443,9.83935],[-67.15005,9.83768],[-67.14977,9.85411],[-67.14479,9.8555],[-67.14912,9.86373],[-67.15934,9.87016],[-67.16085,9.87984],[-67.15978,9.88372],[-67.157,9.88478],[-67.1571,9.89447],[-67.16791,9.90212],[-67.17047,9.9074],[-67.16485,9.90862],[-67.16229,9.91189],[-67.1672,9.91711],[-67.15948,9.92651],[-67.16318,9.92973],[-67.16848,9.92665],[-67.17903,9.93096],[-67.185,9.92878],[-67.19315,9.93222],[-67.21269,9.93062],[-67.2165,9.93472],[-67.22057,9.92851],[-67.22332,9.93126],[-67.22927,9.92383],[-67.24599,9.92007],[-67.2475,9.91691],[-67.26417,9.90645],[-67.26924,9.91255],[-67.27348,9.91266],[-67.27479,9.91605],[-67.2707,9.92651],[-67.27282,9.93552],[-67.28357,9.93664],[-67.28903,9.93318],[-67.28957,9.93613],[-67.30224,9.93629],[-67.30266,9.94023],[-67.30755,9.93583],[-67.31071,9.93924],[-67.31452,9.9327],[-67.33546,9.92602],[-67.33505,9.92964],[-67.33889,9.93329],[-67.34556,9.93478],[-67.34619,9.93844],[-67.35182,9.93691],[-67.3552,9.94023],[-67.35337,9.94258],[-67.35701,9.94288],[-67.35804,9.94539],[-67.36346,9.94155],[-67.364,9.95053],[-67.37629,9.95434],[-67.3776,9.96011],[-67.3819,9.96209],[-67.38414,9.96691],[-67.40286,9.97713],[-67.40598,9.97643],[-67.40709,9.98059],[-67.41327,9.98047],[-67.41378,9.98348],[-67.42198,9.98617],[-67.42193,9.98933],[-67.43021,9.99348],[-67.43597,9.99142],[-67.43733,9.99305],[-67.4398,9.98527],[-67.44702,9.98254],[-67.44913,9.97687],[-67.4535,9.97893],[-67.45569,9.9771],[-67.45776,9.97997],[-67.46577,9.97938],[-67.46821,9.97661],[-67.47004,9.97797],[-67.47687,9.97182],[-67.47889,9.96594],[-67.48227,9.96516],[-67.48674,9.96897],[-67.49205,9.96896],[-67.49986,9.96246],[-67.50445,9.96149],[-67.50644,9.95529],[-67.50886,9.95576],[-67.50941,9.95364],[-67.51537,9.95501],[-67.5242,9.95049],[-67.53373,9.95491],[-67.51538,9.86982],[-67.52558,9.85176],[-67.52801,9.84253],[-67.52692,9.8359],[-67.5312,9.82939],[-67.52926,9.82277],[-67.5339,9.81475],[-67.53191,9.81335],[-67.53544,9.79974],[-67.54365,9.79464],[-67.5359,9.78401],[-67.54514,9.78275],[-67.54552,9.77425],[-67.5495,9.76992],[-67.54287,9.75281],[-67.52728,9.7433],[-67.52056,9.73599],[-67.51875,9.72516],[-67.51089,9.72575],[-67.50255,9.71161],[-67.49336,9.70595],[-67.49274,9.70098],[-67.48817,9.6994],[-67.48888,9.69436],[-67.48721,9.6964],[-67.48332,9.69576],[-67.4803,9.69244],[-67.48084,9.68981],[-67.47642,9.68931],[-67.4642,9.67786],[-67.46193,9.67477],[-67.46377,9.67117],[-67.45883,9.6653],[-67.45167,9.66287],[-67.45458,9.6545],[-67.45167,9.65158],[-67.4563,9.65104],[-67.45515,9.64781],[-67.45977,9.6455],[-67.45702,9.63932],[-67.46116,9.63502],[-67.45025,9.63311],[-67.44931,9.62305],[-67.4473,9.62556],[-67.44135,9.62531],[-67.44094,9.63037],[-67.43517,9.63211],[-67.43323,9.63514],[-67.43088,9.63383],[-67.42226,9.63997],[-67.41878,9.64706],[-67.42013,9.64905],[-67.41141,9.65668],[-67.38473,9.64499],[-67.35353,9.63845],[-67.34284,9.62734],[-67.33906,9.63124],[-67.33353,9.63062],[-67.32956,9.62711],[-67.32132,9.62889],[-67.31935,9.62474],[-67.31495,9.62373],[-67.31055,9.62753],[-67.30072,9.62849],[-67.29777,9.635],[-67.28661,9.63965],[-67.26623,9.64031],[-67.25877,9.64631],[-67.25534,9.64337],[-67.24395,9.64675],[-67.23903,9.64549],[-67.23071,9.63707],[-67.23572,9.63632],[-67.24547,9.62724],[-67.25112,9.61193],[-67.24952,9.60136],[-67.23761,9.59648],[-67.23306,9.59098],[-67.23502,9.5837],[-67.233,9.57869],[-67.23629,9.57147],[-67.23354,9.57152],[-67.2305,9.56676],[-67.21838,9.55938],[-67.20147,9.56004]]]}},{"type":"Feature","id":"relation/11066366","properties":{"name":"Municipio Juli\u00e1n Mellado","level":6,"population":"27664"},"geometry":{"type":"Polygon","coordinates":[[[-67.28063,9.32024],[-67.28291,9.32077],[-67.28081,9.32604],[-67.28427,9.32908],[-67.28806,9.32385],[-67.29464,9.3203],[-67.29741,9.32324],[-67.29912,9.32024],[-67.30051,9.32449],[-67.30334,9.32343],[-67.30394,9.31641],[-67.30231,9.31531],[-67.29958,9.31858],[-67.29863,9.31351],[-67.30567,9.31532],[-67.31166,9.32108],[-67.31631,9.30795],[-67.30982,9.30622],[-67.30968,9.30375],[-67.31433,9.30453],[-67.31636,9.30242],[-67.31757,9.30498],[-67.3234,9.30014],[-67.32857,9.3023],[-67.32553,9.29708],[-67.32229,9.29742],[-67.32281,9.29544],[-67.33163,9.29212],[-67.33684,9.2932],[-67.33687,9.28931],[-67.34548,9.27931],[-67.34729,9.28296],[-67.35089,9.27959],[-67.35324,9.28127],[-67.36291,9.27321],[-67.36598,9.27563],[-67.36482,9.28046],[-67.37083,9.27887],[-67.37475,9.26505],[-67.37431,9.2578],[-67.36732,9.2412],[-67.36308,9.24167],[-67.35663,9.23658],[-67.35632,9.23329],[-67.35991,9.23132],[-67.36314,9.2336],[-67.36634,9.23207],[-67.36595,9.22386],[-67.37352,9.22628],[-67.37374,9.22183],[-67.36955,9.21973],[-67.37149,9.2164],[-67.3764,9.21915],[-67.37784,9.22315],[-67.38119,9.22154],[-67.37813,9.21225],[-67.38978,9.20854],[-67.39735,9.19606],[-67.39939,9.18366],[-67.39502,9.17696],[-67.39951,9.17088],[-67.39457,9.16723],[-67.39417,9.16161],[-67.38119,9.15418],[-67.38071,9.15112],[-67.37651,9.15346],[-67.36846,9.15056],[-67.36705,9.14752],[-67.36919,9.14073],[-67.37237,9.13946],[-67.36992,9.13628],[-67.34829,9.14301],[-67.34619,9.14485],[-67.34781,9.15127],[-67.34572,9.15372],[-67.33764,9.15714],[-67.33397,9.15514],[-67.32341,9.16152],[-67.32088,9.16053],[-67.31067,9.17095],[-67.30265,9.17011],[-67.29966,9.17268],[-67.29332,9.17054],[-67.29214,9.17278],[-67.28338,9.17041],[-67.27961,9.17545],[-67.26865,9.17937],[-67.26468,9.17751],[-67.2594,9.17961],[-67.25607,9.17762],[-67.25441,9.18123],[-67.25043,9.17994],[-67.24856,9.18298],[-67.2452,9.18281],[-67.24074,9.19276],[-67.23541,9.19785],[-67.22614,9.19715],[-67.21956,9.20246],[-67.21474,9.20163],[-67.20821,9.20528],[-67.20577,9.20386],[-67.19986,9.20781],[-67.19459,9.20256],[-67.18734,9.20301],[-67.18676,9.19889],[-67.1716,9.20161],[-67.16408,9.19978],[-67.16094,9.20211],[-67.15779,9.19919],[-67.14938,9.19808],[-67.14693,9.18115],[-67.14228,9.17762],[-67.13676,9.17712],[-67.13503,9.17434],[-67.13671,9.15836],[-67.12734,9.16178],[-67.12371,9.16689],[-67.12325,9.17409],[-67.11591,9.18157],[-67.09481,9.19473],[-67.0264,9.19852],[-67.02242,9.19798],[-67.0164,9.1921],[-67.00423,9.19243],[-67.00207,9.18668],[-66.76696,9.25748],[-66.75061,9.24537],[-66.72669,9.23712],[-66.72168,9.22741],[-66.71892,9.23027],[-66.71415,9.22885],[-66.71075,9.23789],[-66.70831,9.23708],[-66.70805,9.23982],[-66.70422,9.24124],[-66.70735,9.24302],[-66.7069,9.24645],[-66.70401,9.24487],[-66.70348,9.2503],[-66.70127,9.25173],[-66.69066,9.2525],[-66.6921,9.25554],[-66.68825,9.2599],[-66.683,9.25706],[-66.68328,9.2541],[-66.68021,9.25662],[-66.67781,9.25494],[-66.67649,9.25658],[-66.676,9.25458],[-66.67302,9.2589],[-66.67026,9.25593],[-66.66481,9.25812],[-66.66889,9.2619],[-66.66511,9.2636],[-66.66842,9.26517],[-66.66916,9.27085],[-66.663,9.26736],[-66.66321,9.28119],[-66.65853,9.28116],[-66.66216,9.28562],[-66.65922,9.28725],[-66.65937,9.29018],[-66.65635,9.29003],[-66.65209,9.30305],[-66.64625,9.30531],[-66.64697,9.31282],[-66.64328,9.31278],[-66.64603,9.31631],[-66.64071,9.31469],[-66.64327,9.31892],[-66.63911,9.32092],[-66.64138,9.32503],[-66.6391,9.32386],[-66.63749,9.327],[-66.63356,9.32786],[-66.63681,9.33217],[-66.63475,9.33412],[-66.63845,9.33436],[-66.63812,9.33866],[-66.63369,9.33616],[-66.63138,9.34154],[-66.6348,9.34395],[-66.63122,9.34458],[-66.62878,9.35017],[-66.62583,9.34869],[-66.61926,9.35054],[-66.61967,9.35592],[-66.6146,9.35608],[-66.61171,9.35995],[-66.60914,9.35511],[-66.60979,9.36209],[-66.60268,9.3685],[-66.60267,9.37296],[-66.59908,9.37639],[-66.59902,9.37903],[-66.60096,9.37718],[-66.60187,9.38001],[-66.59877,9.38049],[-66.5952,9.3772],[-66.59634,9.38149],[-66.59318,9.38319],[-66.5964,9.38561],[-66.59491,9.38904],[-66.59299,9.38734],[-66.58989,9.39094],[-66.59413,9.39398],[-66.65038,9.38819],[-66.67098,9.39013],[-66.83387,9.38788],[-66.89829,9.38368],[-66.91322,9.39677],[-66.91917,9.3944],[-66.92645,9.3979],[-66.9353,9.40779],[-66.93826,9.41541],[-66.93736,9.42184],[-66.93273,9.43179],[-66.92694,9.4342],[-66.92485,9.43929],[-66.94575,9.45252],[-67.0,9.45171],[-67.00033,9.4555],[-67.004,9.45838],[-67.00081,9.47098],[-66.99721,9.4742],[-66.99502,9.47096],[-66.98963,9.4698],[-66.99225,9.47618],[-66.98555,9.47734],[-66.98406,9.48278],[-66.98101,9.4836],[-66.98553,9.48709],[-66.98148,9.48882],[-66.9823,9.49277],[-66.97447,9.49296],[-66.97862,9.50051],[-66.98295,9.49758],[-66.98278,9.50207],[-66.98703,9.50249],[-66.98684,9.50745],[-66.9826,9.51122],[-66.97653,9.50964],[-66.97564,9.51614],[-66.97457,9.51302],[-66.96864,9.51343],[-66.96723,9.51755],[-66.95682,9.52347],[-66.9548,9.53244],[-66.95047,9.53051],[-66.94367,9.53429],[-66.94887,9.53709],[-66.9483,9.53928],[-66.9469,9.53751],[-66.9404,9.53911],[-66.94122,9.5366],[-66.936,9.53242],[-66.93259,9.53803],[-66.92842,9.53984],[-66.9141,9.53401],[-66.91564,9.53998],[-66.91286,9.53763],[-66.9064,9.53788],[-66.90593,9.54152],[-66.90228,9.54303],[-66.89691,9.53326],[-66.88979,9.54028],[-66.89168,9.54324],[-66.88681,9.543],[-66.8812,9.54936],[-66.86803,9.57372],[-66.86812,9.57891],[-66.86394,9.58145],[-66.85929,9.59209],[-66.84639,9.60748],[-66.8487,9.61285],[-66.84447,9.61609],[-66.84556,9.62159],[-66.84382,9.62441],[-66.8463,9.62698],[-66.8448,9.62987],[-66.85026,9.63757],[-66.8472,9.64052],[-66.85124,9.64119],[-66.85249,9.6438],[-66.85162,9.64729],[-66.84782,9.64763],[-66.84968,9.65453],[-66.84516,9.65563],[-66.84523,9.65864],[-66.84812,9.66084],[-66.84687,9.66262],[-66.85081,9.66453],[-66.85017,9.66845],[-66.85372,9.66789],[-66.85277,9.67033],[-66.85544,9.67224],[-66.85276,9.67667],[-66.85695,9.67951],[-66.85469,9.68239],[-66.85774,9.68423],[-66.85515,9.68557],[-66.86019,9.68892],[-66.86247,9.69559],[-66.87296,9.70028],[-66.87738,9.69612],[-66.87885,9.69806],[-66.8876,9.69423],[-66.89296,9.68873],[-66.89468,9.69346],[-66.90352,9.68902],[-66.9075,9.68992],[-66.91325,9.68728],[-66.9153,9.68883],[-66.91998,9.68434],[-66.92534,9.68677],[-66.92824,9.68389],[-66.93752,9.68504],[-66.93828,9.69139],[-66.94212,9.6932],[-66.96238,9.69687],[-66.97937,9.67457],[-66.97841,9.67099],[-66.98306,9.66532],[-66.9857,9.65029],[-66.99014,9.64525],[-67.01565,9.631],[-67.01999,9.62546],[-67.03916,9.62584],[-67.06059,9.61467],[-67.07581,9.61166],[-67.09626,9.59994],[-67.11479,9.58528],[-67.13422,9.57629],[-67.16466,9.58091],[-67.18094,9.57731],[-67.1983,9.56465],[-67.20943,9.54927],[-67.25163,9.46637],[-67.25675,9.46337],[-67.25671,9.45223],[-67.25444,9.45183],[-67.25314,9.45536],[-67.25098,9.45423],[-67.25406,9.45006],[-67.25842,9.4492],[-67.25381,9.44635],[-67.2602,9.44097],[-67.2559,9.44055],[-67.25463,9.43779],[-67.25929,9.43749],[-67.26017,9.43435],[-67.25523,9.42824],[-67.25071,9.41148],[-67.24352,9.41127],[-67.24032,9.4075],[-67.24414,9.40406],[-67.24278,9.39836],[-67.24541,9.39856],[-67.24242,9.39551],[-67.24646,9.38955],[-67.2446,9.38375],[-67.24819,9.38472],[-67.24948,9.37393],[-67.25368,9.36978],[-67.25025,9.3673],[-67.25592,9.36325],[-67.25477,9.35909],[-67.25869,9.36029],[-67.26121,9.35308],[-67.25944,9.35179],[-67.26261,9.35078],[-67.26229,9.34471],[-67.26663,9.34253],[-67.26284,9.34071],[-67.2717,9.3347],[-67.2678,9.3336],[-67.26663,9.32853],[-67.27916,9.32427],[-67.28063,9.32024]]]}},{"type":"Feature","id":"relation/11066367","properties":{"name":"Municipio Chaguaramas","level":6,"population":"12966"},"geometry":{"type":"Polygon","coordinates":[[[-66.50005,9.37865],[-66.50405,9.37928],[-66.50135,9.37648],[-66.50523,9.37235],[-66.50255,9.3713],[-66.5047,9.36931],[-66.50725,9.37097],[-66.51545,9.3626],[-66.51787,9.36352],[-66.51689,9.36053],[-66.52486,9.36232],[-66.5273,9.35919],[-66.52881,9.36222],[-66.52886,9.35884],[-66.53406,9.35391],[-66.5334,9.34782],[-66.53634,9.3448],[-66.53575,9.34122],[-66.53937,9.33945],[-66.53778,9.33703],[-66.54078,9.33623],[-66.53983,9.3342],[-66.54341,9.33483],[-66.54373,9.33271],[-66.54699,9.33569],[-66.54745,9.33315],[-66.55096,9.33378],[-66.55314,9.32835],[-66.55106,9.32886],[-66.55084,9.32627],[-66.55367,9.32476],[-66.55187,9.32277],[-66.55448,9.32358],[-66.55522,9.32044],[-66.5533,9.31734],[-66.55476,9.31594],[-66.55212,9.31434],[-66.5546,9.31512],[-66.5542,9.3125],[-66.55148,9.31205],[-66.5552,9.30955],[-66.55637,9.30334],[-66.55928,9.30322],[-66.55909,9.30099],[-66.56192,9.30077],[-66.56099,9.29893],[-66.56455,9.29677],[-66.56646,9.29976],[-66.56647,9.29512],[-66.57928,9.30168],[-66.58133,9.29961],[-66.57901,9.29819],[-66.58201,9.29543],[-66.58491,9.29734],[-66.58484,9.29112],[-66.58889,9.28782],[-66.5875,9.28552],[-66.58945,9.28246],[-66.58733,9.28334],[-66.58661,9.28041],[-66.59138,9.28117],[-66.591,9.27719],[-66.59487,9.27682],[-66.59639,9.27328],[-66.6,9.27637],[-66.60116,9.27274],[-66.60678,9.27047],[-66.61031,9.27467],[-66.61105,9.27278],[-66.61502,9.27414],[-66.61506,9.27676],[-66.61837,9.26877],[-66.62186,9.26741],[-66.62209,9.26493],[-66.6203,9.26717],[-66.61697,9.26543],[-66.61968,9.26335],[-66.61822,9.26194],[-66.62379,9.26091],[-66.62397,9.25394],[-66.63065,9.25365],[-66.63378,9.24868],[-66.63828,9.24886],[-66.63855,9.2471],[-66.64168,9.24906],[-66.6394,9.25125],[-66.64091,9.25471],[-66.64484,9.25245],[-66.64534,9.24945],[-66.65125,9.25211],[-66.65641,9.25115],[-66.65854,9.25446],[-66.66973,9.25283],[-66.67282,9.25892],[-66.676,9.25458],[-66.67649,9.25658],[-66.67781,9.25494],[-66.68021,9.25662],[-66.68336,9.25411],[-66.683,9.25706],[-66.68809,9.25996],[-66.6921,9.25554],[-66.69066,9.2525],[-66.70127,9.25173],[-66.70348,9.2503],[-66.70401,9.24487],[-66.7069,9.24645],[-66.70735,9.24302],[-66.70422,9.24124],[-66.70805,9.23982],[-66.70831,9.23708],[-66.71075,9.23789],[-66.71557,9.22793],[-66.40718,9.17022],[-66.40367,9.17688],[-66.403,9.18984],[-66.40086,9.18957],[-66.38944,9.18226],[-66.38024,9.18192],[-66.37146,9.1748],[-66.36338,9.17322],[-66.355,9.1617],[-66.35095,9.16076],[-66.34816,9.15536],[-66.33839,9.14977],[-66.33807,9.14672],[-66.29529,9.14862],[-66.26007,9.15416],[-66.25809,9.15033],[-66.25166,9.14936],[-66.24829,9.14599],[-66.25076,9.13918],[-66.23751,9.13932],[-66.23624,9.13722],[-66.23204,9.13875],[-66.23104,9.13624],[-66.22795,9.1361],[-66.22741,9.12081],[-66.22572,9.12336],[-66.22164,9.12303],[-66.21591,9.13053],[-66.2191,9.13573],[-66.21649,9.14666],[-66.21291,9.15107],[-66.20847,9.15103],[-66.20094,9.16336],[-66.1904,9.16875],[-66.18966,9.17326],[-66.18085,9.1759],[-66.18081,9.17895],[-66.17526,9.17621],[-66.17226,9.17911],[-66.16363,9.18002],[-66.15921,9.18502],[-66.15883,9.19096],[-66.14658,9.19856],[-66.14342,9.20911],[-66.13764,9.21065],[-66.13652,9.21451],[-66.12577,9.21879],[-66.12361,9.21703],[-66.11278,9.22045],[-66.11377,9.22552],[-66.09745,9.26672],[-66.10092,9.26777],[-66.09112,9.29001],[-66.09367,9.29154],[-66.09129,9.29914],[-66.09903,9.30358],[-66.09635,9.33589],[-66.10252,9.33758],[-66.10226,9.35664],[-66.10899,9.3566],[-66.11305,9.36366],[-66.10989,9.38534],[-66.12409,9.39773],[-66.12475,9.40875],[-66.12764,9.41516],[-66.1262,9.43005],[-66.12179,9.42988],[-66.11652,9.45394],[-66.11409,9.45662],[-66.10841,9.45759],[-66.10431,9.46379],[-66.07409,9.46108],[-66.05255,9.49757],[-66.04515,9.498],[-66.04068,9.50301],[-66.04063,9.50653],[-66.03607,9.50449],[-66.0297,9.51424],[-66.02487,9.5148],[-66.02606,9.52021],[-66.01825,9.52429],[-66.02018,9.53842],[-66.0136,9.54987],[-66.00937,9.54756],[-66.00954,9.55696],[-66.00719,9.55957],[-66.01333,9.56275],[-66.0218,9.56328],[-66.02614,9.56647],[-66.03843,9.56795],[-66.0374,9.57113],[-66.04236,9.57214],[-66.04747,9.58234],[-66.04438,9.60411],[-66.0377,9.61512],[-66.03037,9.61943],[-66.02777,9.62971],[-66.03289,9.62989],[-66.0337,9.63339],[-66.03992,9.6311],[-66.04752,9.64242],[-66.05277,9.63886],[-66.05695,9.63985],[-66.05511,9.64425],[-66.05936,9.64823],[-66.06317,9.64808],[-66.06742,9.65377],[-66.06973,9.65259],[-66.06955,9.65658],[-66.07813,9.66705],[-66.08128,9.66597],[-66.08524,9.674],[-66.10374,9.67303],[-66.10882,9.65349],[-66.10666,9.65292],[-66.1087,9.64543],[-66.1165,9.64055],[-66.13142,9.64429],[-66.13359,9.63783],[-66.16084,9.62559],[-66.16855,9.61563],[-66.16945,9.61212],[-66.16702,9.61335],[-66.15711,9.6095],[-66.16137,9.59944],[-66.1656,9.59971],[-66.16342,9.58277],[-66.16712,9.57982],[-66.16383,9.576],[-66.16906,9.56825],[-66.17122,9.56725],[-66.18164,9.57629],[-66.18234,9.57395],[-66.18568,9.57601],[-66.19564,9.55735],[-66.20899,9.56229],[-66.21441,9.55486],[-66.22477,9.55298],[-66.22868,9.55018],[-66.22752,9.5464],[-66.23637,9.53449],[-66.24219,9.53368],[-66.2484,9.52836],[-66.25295,9.52426],[-66.25184,9.5211],[-66.25515,9.51824],[-66.26194,9.52727],[-66.27674,9.51687],[-66.27831,9.51907],[-66.28685,9.51904],[-66.28496,9.52607],[-66.30115,9.52956],[-66.30048,9.53465],[-66.31441,9.52961],[-66.31712,9.53819],[-66.32756,9.53822],[-66.3306,9.53426],[-66.33734,9.53945],[-66.33793,9.53719],[-66.33991,9.53921],[-66.34013,9.53627],[-66.34828,9.53634],[-66.35499,9.53077],[-66.3616,9.53119],[-66.36428,9.52375],[-66.36852,9.52812],[-66.36835,9.52381],[-66.3729,9.52518],[-66.37332,9.52321],[-66.37555,9.52615],[-66.37959,9.52435],[-66.38023,9.528],[-66.38044,9.52532],[-66.38587,9.52423],[-66.38714,9.52026],[-66.38951,9.5228],[-66.39216,9.51907],[-66.39412,9.52212],[-66.39543,9.51995],[-66.39369,9.51737],[-66.3989,9.51544],[-66.40167,9.50997],[-66.39993,9.5082],[-66.40344,9.50974],[-66.40259,9.50351],[-66.40563,9.5037],[-66.40488,9.501],[-66.40684,9.5008],[-66.40472,9.49404],[-66.40839,9.48335],[-66.4042,9.47964],[-66.40779,9.47572],[-66.40353,9.47252],[-66.40613,9.47189],[-66.40687,9.46874],[-66.40516,9.46264],[-66.40896,9.46002],[-66.40717,9.45596],[-66.41447,9.44935],[-66.41187,9.44945],[-66.41284,9.44625],[-66.41956,9.4431],[-66.41776,9.43903],[-66.42238,9.43726],[-66.42246,9.43511],[-66.42456,9.4369],[-66.42359,9.43249],[-66.4246,9.43436],[-66.42562,9.43237],[-66.42989,9.43133],[-66.43073,9.43375],[-66.43086,9.43133],[-66.43326,9.43206],[-66.43103,9.42726],[-66.43273,9.42057],[-66.44122,9.42116],[-66.44282,9.41878],[-66.44551,9.4204],[-66.44469,9.41577],[-66.44915,9.41487],[-66.44795,9.40814],[-66.45659,9.39921],[-66.45988,9.40052],[-66.45914,9.39819],[-66.46142,9.39894],[-66.4637,9.39572],[-66.46582,9.3991],[-66.46668,9.39709],[-66.46964,9.39914],[-66.47206,9.39744],[-66.47079,9.39627],[-66.48019,9.39287],[-66.48053,9.39045],[-66.48556,9.38822],[-66.48361,9.38527],[-66.48663,9.38315],[-66.48386,9.3837],[-66.48684,9.38118],[-66.48658,9.3782],[-66.49011,9.38199],[-66.49217,9.37932],[-66.49829,9.38084],[-66.50005,9.37865]]]}},{"type":"Feature","id":"relation/11066368","properties":{"name":"Municipio Monagas","level":6,"population":"74559"},"geometry":{"type":"Polygon","coordinates":[[[-66.65943,9.2901],[-66.65922,9.28725],[-66.66222,9.28527],[-66.65857,9.28088],[-66.66264,9.28202],[-66.66422,9.27748],[-66.66276,9.27599],[-66.66451,9.27051],[-66.66223,9.26867],[-66.66485,9.26718],[-66.66902,9.27093],[-66.6698,9.2687],[-66.66766,9.26896],[-66.66845,9.26523],[-66.66511,9.2636],[-66.66886,9.26182],[-66.66474,9.25845],[-66.67014,9.25593],[-66.67132,9.25747],[-66.66978,9.25286],[-66.65854,9.25446],[-66.65641,9.25115],[-66.65125,9.25211],[-66.64521,9.24945],[-66.64484,9.25245],[-66.64091,9.25471],[-66.6394,9.25125],[-66.64168,9.24906],[-66.63855,9.2471],[-66.63828,9.24886],[-66.63378,9.24868],[-66.63065,9.25365],[-66.62397,9.25394],[-66.62379,9.26091],[-66.61822,9.26194],[-66.61968,9.26335],[-66.61697,9.26543],[-66.6203,9.26717],[-66.62209,9.26493],[-66.62186,9.26741],[-66.61837,9.26877],[-66.61506,9.27676],[-66.61502,9.27414],[-66.61105,9.27278],[-66.61031,9.27467],[-66.60678,9.27047],[-66.60116,9.27274],[-66.6,9.27637],[-66.59639,9.27328],[-66.59487,9.27682],[-66.591,9.27719],[-66.59138,9.28117],[-66.58661,9.28041],[-66.58733,9.28334],[-66.58945,9.28246],[-66.5875,9.28552],[-66.58889,9.28782],[-66.58484,9.29112],[-66.58491,9.29734],[-66.58201,9.29543],[-66.57901,9.29819],[-66.58133,9.29961],[-66.57928,9.30168],[-66.56647,9.29512],[-66.56646,9.29976],[-66.56455,9.29677],[-66.56099,9.29893],[-66.56192,9.30077],[-66.55909,9.30099],[-66.55928,9.30322],[-66.55637,9.30334],[-66.5552,9.30955],[-66.55148,9.31205],[-66.55417,9.31245],[-66.5546,9.31512],[-66.55212,9.31434],[-66.55509,9.31762],[-66.55452,9.32353],[-66.55228,9.32212],[-66.55365,9.32484],[-66.55084,9.32627],[-66.55106,9.32886],[-66.55314,9.32835],[-66.5524,9.33149],[-66.54994,9.33427],[-66.54745,9.33315],[-66.5471,9.33568],[-66.54373,9.33271],[-66.54341,9.33483],[-66.53983,9.3342],[-66.54078,9.33623],[-66.53778,9.33703],[-66.53937,9.33945],[-66.53575,9.34122],[-66.53634,9.3448],[-66.5334,9.34782],[-66.53406,9.35391],[-66.52886,9.35884],[-66.52881,9.36222],[-66.5273,9.35919],[-66.52486,9.36232],[-66.51689,9.36053],[-66.51787,9.36352],[-66.51545,9.3626],[-66.50725,9.37097],[-66.5047,9.36931],[-66.50255,9.3713],[-66.50523,9.37235],[-66.50137,9.37637],[-66.50391,9.37937],[-66.50194,9.37783],[-66.49802,9.38084],[-66.49484,9.37868],[-66.49011,9.38199],[-66.4865,9.37824],[-66.48684,9.38118],[-66.48386,9.3837],[-66.48663,9.38315],[-66.48361,9.38527],[-66.48556,9.38822],[-66.48053,9.39045],[-66.48019,9.39287],[-66.47079,9.39627],[-66.47206,9.39744],[-66.46964,9.39914],[-66.46171,9.39637],[-66.46142,9.39894],[-66.45911,9.39823],[-66.45994,9.40049],[-66.45673,9.39913],[-66.45041,9.40401],[-66.4479,9.4083],[-66.44989,9.41072],[-66.44723,9.41248],[-66.44915,9.41487],[-66.44408,9.41674],[-66.44551,9.4204],[-66.44282,9.41878],[-66.44122,9.42116],[-66.43864,9.41952],[-66.4371,9.4215],[-66.43702,9.41983],[-66.43256,9.42073],[-66.43103,9.42726],[-66.43326,9.43206],[-66.43086,9.43133],[-66.43073,9.43375],[-66.42989,9.43133],[-66.42562,9.43237],[-66.4246,9.43436],[-66.42348,9.43255],[-66.4246,9.43685],[-66.42246,9.43511],[-66.42238,9.43726],[-66.41776,9.43903],[-66.4195,9.44321],[-66.41284,9.44625],[-66.41187,9.44945],[-66.41447,9.44935],[-66.40717,9.45596],[-66.40896,9.46002],[-66.40545,9.46163],[-66.40687,9.46874],[-66.40604,9.47199],[-66.40353,9.47243],[-66.40779,9.47572],[-66.40419,9.47955],[-66.40839,9.48335],[-66.40472,9.49404],[-66.40684,9.5008],[-66.40488,9.501],[-66.40563,9.5037],[-66.40259,9.50351],[-66.40344,9.50974],[-66.39993,9.5082],[-66.40167,9.50997],[-66.3989,9.51544],[-66.39369,9.51737],[-66.39543,9.51995],[-66.39412,9.52212],[-66.39216,9.51907],[-66.38951,9.5228],[-66.38714,9.52026],[-66.38587,9.52423],[-66.38044,9.52532],[-66.38023,9.528],[-66.37959,9.52435],[-66.37555,9.52615],[-66.37332,9.52321],[-66.3729,9.52518],[-66.36835,9.52381],[-66.36852,9.52812],[-66.36428,9.52375],[-66.3616,9.53119],[-66.35499,9.53077],[-66.34828,9.53634],[-66.34013,9.53627],[-66.33991,9.53921],[-66.33793,9.53719],[-66.33734,9.53945],[-66.3306,9.53426],[-66.32756,9.53822],[-66.31712,9.53819],[-66.31441,9.52961],[-66.30048,9.53465],[-66.30115,9.52956],[-66.28496,9.52607],[-66.28685,9.51904],[-66.27831,9.51907],[-66.27674,9.51687],[-66.26194,9.52727],[-66.25515,9.51824],[-66.25184,9.5211],[-66.25295,9.52426],[-66.2484,9.52836],[-66.24219,9.53368],[-66.23637,9.53449],[-66.22752,9.5464],[-66.22868,9.55018],[-66.22477,9.55298],[-66.21441,9.55486],[-66.20899,9.56229],[-66.19564,9.55735],[-66.18568,9.57601],[-66.18234,9.57395],[-66.18164,9.57629],[-66.17122,9.56725],[-66.16906,9.56825],[-66.16383,9.576],[-66.16712,9.57982],[-66.16342,9.58277],[-66.1656,9.59971],[-66.16137,9.59944],[-66.15711,9.6095],[-66.16702,9.61335],[-66.16945,9.61212],[-66.16855,9.61563],[-66.16084,9.62559],[-66.13359,9.63783],[-66.13142,9.64429],[-66.1165,9.64055],[-66.1087,9.64543],[-66.10666,9.65292],[-66.10882,9.65349],[-66.10374,9.67303],[-66.08524,9.674],[-66.08128,9.66597],[-66.07813,9.66705],[-66.06955,9.65658],[-66.06973,9.65259],[-66.06742,9.65377],[-66.06317,9.64808],[-66.05936,9.64823],[-66.05511,9.64425],[-66.05695,9.63985],[-66.05277,9.63886],[-66.04752,9.64242],[-66.03992,9.6311],[-66.0337,9.63339],[-66.03289,9.62989],[-66.02777,9.62971],[-66.03037,9.61943],[-66.0377,9.61512],[-66.04438,9.60411],[-66.04734,9.58179],[-66.04236,9.57214],[-66.0374,9.57113],[-66.03843,9.56795],[-66.02614,9.56647],[-66.0218,9.56328],[-66.00805,9.56027],[-66.00929,9.56188],[-66.00683,9.56332],[-66.00777,9.56566],[-66.00422,9.57146],[-66.00546,9.57408],[-66.00855,9.57404],[-66.00994,9.57798],[-66.00645,9.58075],[-65.99223,9.57702],[-65.97386,9.59375],[-65.97513,9.61198],[-65.96964,9.62031],[-65.97059,9.62791],[-65.97457,9.62872],[-65.97133,9.6351],[-65.97078,9.65214],[-65.96617,9.65296],[-65.96719,9.66461],[-65.96233,9.67022],[-65.96834,9.67059],[-65.96917,9.67722],[-66.00652,9.67719],[-66.00821,9.67361],[-66.02542,9.69104],[-66.0131,9.70788],[-66.00718,9.72048],[-66.0029,9.72104],[-65.9983,9.72584],[-65.99226,9.73964],[-65.99272,9.75192],[-65.98999,9.75388],[-65.9866,9.76789],[-65.9902,9.7692],[-65.98786,9.77599],[-65.99235,9.78469],[-65.97629,9.79437],[-65.98444,9.8054],[-65.98073,9.81067],[-65.98252,9.82087],[-65.97932,9.82556],[-65.96714,9.82966],[-65.96614,9.82727],[-65.95794,9.82799],[-65.96241,9.84006],[-65.95804,9.8465],[-65.9542,9.86336],[-65.95005,9.86942],[-65.9504,9.87293],[-65.96173,9.88532],[-65.95982,9.88791],[-65.96431,9.89598],[-65.96205,9.89757],[-65.96064,9.90932],[-65.96275,9.91674],[-65.97153,9.9161],[-65.98258,9.92527],[-65.9858,9.93715],[-65.99457,9.94334],[-65.9984,9.94028],[-66.00501,9.94052],[-66.01935,9.94886],[-66.03549,9.9541],[-66.05267,9.95487],[-66.0588,9.95712],[-66.06227,9.96597],[-66.07666,9.97011],[-66.0862,9.97022],[-66.09503,9.95412],[-66.09985,9.95232],[-66.11282,9.95772],[-66.12428,9.95577],[-66.12864,9.96518],[-66.132,9.96437],[-66.14717,9.97694],[-66.15085,9.97335],[-66.15417,9.96342],[-66.1533,9.95962],[-66.15705,9.95707],[-66.15768,9.95006],[-66.16249,9.94588],[-66.1784,9.94971],[-66.19036,9.95744],[-66.20182,9.95483],[-66.20683,9.95074],[-66.21211,9.95818],[-66.21866,9.95933],[-66.22251,9.96382],[-66.22318,9.9691],[-66.23315,9.96833],[-66.23723,9.97928],[-66.24417,9.98874],[-66.25975,9.98287],[-66.27716,9.9854],[-66.28414,9.97657],[-66.31164,9.99628],[-66.31656,10.00271],[-66.32323,10.00337],[-66.33644,9.99884],[-66.33795,10.00346],[-66.33439,10.01621],[-66.34324,10.01972],[-66.34539,10.0265],[-66.36479,10.02851],[-66.36889,10.03449],[-66.38467,10.04123],[-66.39609,10.03799],[-66.40681,10.03999],[-66.4221,10.03282],[-66.43217,10.03204],[-66.433,10.01897],[-66.44661,10.01332],[-66.46428,10.01394],[-66.47141,10.02215],[-66.48125,10.02227],[-66.48702,10.01777],[-66.48439,10.00861],[-66.48896,10.00523],[-66.49118,9.99273],[-66.50978,9.97865],[-66.52112,9.97979],[-66.52942,9.97366],[-66.53346,9.97532],[-66.54025,9.96677],[-66.54686,9.96575],[-66.55167,9.9683],[-66.56308,9.97935],[-66.57406,9.97703],[-66.5868,9.98399],[-66.59513,9.97485],[-66.60497,9.97552],[-66.6133,9.97177],[-66.60985,9.95484],[-66.60352,9.94779],[-66.60286,9.94017],[-66.60525,9.93656],[-66.60297,9.93355],[-66.60711,9.92431],[-66.6029,9.91587],[-66.6056,9.91193],[-66.6001,9.90842],[-66.60214,9.90336],[-66.60099,9.89849],[-66.59601,9.89218],[-66.59877,9.88716],[-66.60141,9.88742],[-66.59778,9.87211],[-66.60274,9.8659],[-66.59438,9.85143],[-66.59463,9.84754],[-66.5892,9.84343],[-66.57592,9.83952],[-66.57878,9.83667],[-66.57777,9.83213],[-66.58595,9.83229],[-66.58609,9.82772],[-66.5924,9.82733],[-66.59808,9.818],[-66.59185,9.8099],[-66.58845,9.81048],[-66.58441,9.80626],[-66.59857,9.8036],[-66.60353,9.79847],[-66.6025,9.79208],[-66.59875,9.79337],[-66.59821,9.79109],[-66.59886,9.78466],[-66.60379,9.7796],[-66.60385,9.77634],[-66.6105,9.77334],[-66.617,9.77521],[-66.61611,9.77762],[-66.61886,9.77987],[-66.6221,9.77801],[-66.62402,9.77356],[-66.62203,9.76862],[-66.62448,9.76477],[-66.62196,9.76058],[-66.6192,9.76154],[-66.62029,9.75749],[-66.61783,9.75634],[-66.62211,9.75457],[-66.62501,9.75674],[-66.62826,9.7536],[-66.6223,9.74274],[-66.62311,9.73898],[-66.62728,9.73653],[-66.62225,9.73699],[-66.62284,9.73416],[-66.62018,9.73234],[-66.62353,9.72642],[-66.63199,9.72255],[-66.63285,9.71964],[-66.62976,9.71785],[-66.63253,9.71673],[-66.633,9.71333],[-66.62344,9.71501],[-66.62165,9.71425],[-66.62204,9.7089],[-66.61201,9.7106],[-66.60486,9.70374],[-66.602,9.70413],[-66.6007,9.69907],[-66.6029,9.69771],[-66.60018,9.69559],[-66.59648,9.69638],[-66.59752,9.6944],[-66.59419,9.69289],[-66.59435,9.68962],[-66.59003,9.69007],[-66.59087,9.68858],[-66.58593,9.68437],[-66.57337,9.67771],[-66.57484,9.67278],[-66.57258,9.67254],[-66.573,9.66609],[-66.56733,9.66788],[-66.56925,9.6653],[-66.56161,9.66136],[-66.55791,9.66421],[-66.5567,9.65966],[-66.55854,9.65825],[-66.55268,9.65393],[-66.55654,9.65369],[-66.55509,9.65008],[-66.55758,9.64674],[-66.55343,9.64369],[-66.55295,9.63925],[-66.55032,9.63954],[-66.54875,9.63697],[-66.55119,9.62863],[-66.54917,9.62703],[-66.55263,9.62013],[-66.54717,9.6194],[-66.54959,9.61673],[-66.54644,9.61417],[-66.5563,9.60492],[-66.55222,9.60146],[-66.55438,9.59975],[-66.55337,9.59589],[-66.56059,9.59312],[-66.55897,9.58981],[-66.56446,9.59196],[-66.56642,9.58992],[-66.56232,9.58808],[-66.56513,9.58449],[-66.56185,9.58477],[-66.56096,9.58141],[-66.56777,9.58086],[-66.57004,9.57574],[-66.56688,9.57418],[-66.5696,9.57182],[-66.56767,9.56885],[-66.57551,9.55853],[-66.57359,9.55638],[-66.57358,9.55854],[-66.57151,9.55788],[-66.57004,9.551],[-66.56619,9.54894],[-66.57418,9.54315],[-66.57531,9.54874],[-66.57892,9.5439],[-66.57677,9.5404],[-66.58164,9.53664],[-66.58688,9.53665],[-66.58303,9.52663],[-66.57995,9.5258],[-66.57881,9.52845],[-66.57596,9.52687],[-66.58246,9.51994],[-66.57811,9.51802],[-66.57466,9.50887],[-66.56912,9.50419],[-66.57078,9.50171],[-66.56761,9.50311],[-66.56296,9.49648],[-66.56084,9.49812],[-66.5629,9.50078],[-66.55773,9.49827],[-66.55827,9.48466],[-66.56537,9.47524],[-66.56483,9.4722],[-66.56238,9.47477],[-66.5615,9.47259],[-66.56836,9.46088],[-66.56619,9.45445],[-66.5742,9.4459],[-66.57158,9.44501],[-66.57357,9.43986],[-66.56796,9.43726],[-66.57731,9.43623],[-66.57588,9.43376],[-66.57867,9.43026],[-66.5748,9.4257],[-66.57849,9.42225],[-66.57779,9.4188],[-66.58167,9.4163],[-66.58157,9.41378],[-66.58697,9.41117],[-66.58654,9.40657],[-66.58183,9.40486],[-66.58239,9.40294],[-66.58436,9.40368],[-66.58695,9.39638],[-66.59143,9.39858],[-66.58966,9.39597],[-66.59244,9.3951],[-66.58989,9.39094],[-66.59299,9.38734],[-66.59491,9.38904],[-66.5964,9.38561],[-66.59318,9.38319],[-66.59634,9.38149],[-66.59508,9.37734],[-66.60179,9.38014],[-66.60131,9.37732],[-66.59902,9.37903],[-66.59908,9.37639],[-66.60267,9.37296],[-66.60268,9.3685],[-66.60979,9.36209],[-66.60923,9.35502],[-66.61199,9.35991],[-66.6146,9.35608],[-66.6198,9.35581],[-66.61933,9.35049],[-66.62583,9.34869],[-66.62878,9.35017],[-66.63122,9.34458],[-66.6348,9.34395],[-66.63142,9.34165],[-66.63192,9.33853],[-66.63403,9.33605],[-66.63796,9.33887],[-66.63869,9.33631],[-66.63834,9.33425],[-66.63471,9.33406],[-66.63681,9.33217],[-66.63356,9.32786],[-66.63749,9.327],[-66.6391,9.32386],[-66.64138,9.32503],[-66.63911,9.32092],[-66.64327,9.31892],[-66.64071,9.31469],[-66.64603,9.31631],[-66.64328,9.31278],[-66.64697,9.31282],[-66.64625,9.30531],[-66.65198,9.30318],[-66.65635,9.29003],[-66.65943,9.2901]]]}},{"type":"Feature","id":"relation/11066369","properties":{"name":"Municipio Guaribe","level":6,"population":"11426"},"geometry":{"type":"Polygon","coordinates":[[[-65.8451,9.61447],[-65.82966,9.63815],[-65.80848,9.64546],[-65.8046,9.64444],[-65.79535,9.66103],[-65.78228,9.6652],[-65.78333,9.6686],[-65.77661,9.66867],[-65.77707,9.67068],[-65.7705,9.67688],[-65.76279,9.67465],[-65.75956,9.67765],[-65.76036,9.6805],[-65.75706,9.68037],[-65.75792,9.68248],[-65.75323,9.67988],[-65.74784,9.6812],[-65.75121,9.68532],[-65.75332,9.68424],[-65.75175,9.68802],[-65.74475,9.6905],[-65.73966,9.68753],[-65.73224,9.688],[-65.72744,9.6891],[-65.72683,9.69221],[-65.72568,9.68782],[-65.72062,9.68846],[-65.72087,9.6855],[-65.71555,9.6842],[-65.7113,9.68789],[-65.71018,9.68247],[-65.70329,9.68782],[-65.6948,9.68501],[-65.68846,9.69516],[-65.67995,9.70054],[-65.67947,9.70623],[-65.67665,9.70764],[-65.6758,9.70431],[-65.67049,9.70652],[-65.66689,9.71422],[-65.66249,9.71493],[-65.65829,9.72029],[-65.65756,9.75905],[-65.6614,9.7694],[-65.66832,9.77574],[-65.67102,9.77321],[-65.67644,9.78057],[-65.67622,9.78497],[-65.67955,9.78659],[-65.67595,9.7907],[-65.6784,9.79496],[-65.69577,9.79225],[-65.69852,9.80531],[-65.70469,9.81634],[-65.70063,9.8236],[-65.71261,9.83605],[-65.71239,9.84017],[-65.70409,9.8424],[-65.70689,9.85393],[-65.70514,9.85819],[-65.71567,9.86406],[-65.72187,9.87558],[-65.72313,9.90209],[-65.71821,9.90283],[-65.71768,9.91307],[-65.73079,9.91561],[-65.7368,9.92144],[-65.74159,9.92225],[-65.74451,9.92748],[-65.74949,9.92877],[-65.75103,9.93344],[-65.74592,9.93794],[-65.74799,9.94051],[-65.75641,9.94253],[-65.75838,9.94963],[-65.76964,9.95298],[-65.77199,9.94936],[-65.77015,9.94482],[-65.77496,9.94456],[-65.77834,9.952],[-65.7822,9.95556],[-65.7895,9.95739],[-65.79148,9.96165],[-65.79403,9.96193],[-65.79607,9.9582],[-65.80148,9.95598],[-65.80216,9.96135],[-65.81872,9.96235],[-65.82254,9.97124],[-65.85586,9.97013],[-65.86149,9.96693],[-65.87138,9.96724],[-65.87832,9.96327],[-65.88875,9.96809],[-65.89798,9.96451],[-65.90589,9.95488],[-65.9063,9.9504],[-65.9211,9.94577],[-65.93533,9.94664],[-65.93777,9.95082],[-65.94346,9.95154],[-65.94642,9.94816],[-65.94451,9.94586],[-65.95393,9.93721],[-65.97115,9.94412],[-65.9858,9.93715],[-65.98258,9.92527],[-65.97153,9.9161],[-65.9639,9.91741],[-65.96197,9.9158],[-65.96064,9.90932],[-65.96397,9.89371],[-65.95982,9.88791],[-65.96173,9.88532],[-65.9504,9.87293],[-65.95005,9.86942],[-65.9542,9.86336],[-65.95804,9.8465],[-65.96241,9.84006],[-65.95794,9.82799],[-65.96614,9.82727],[-65.96714,9.82966],[-65.97932,9.82556],[-65.98252,9.82087],[-65.98073,9.81067],[-65.98444,9.8054],[-65.97629,9.79437],[-65.99235,9.78469],[-65.98786,9.77599],[-65.9902,9.7692],[-65.9866,9.76789],[-65.98999,9.75388],[-65.99272,9.75192],[-65.99226,9.73964],[-65.9983,9.72584],[-66.0029,9.72104],[-66.00718,9.72048],[-66.0131,9.70788],[-66.02542,9.69104],[-66.00821,9.67361],[-66.00652,9.67719],[-65.96917,9.67722],[-65.96834,9.67059],[-65.96233,9.67022],[-65.96719,9.66461],[-65.96617,9.65296],[-65.97078,9.65214],[-65.97133,9.6351],[-65.97457,9.62872],[-65.97059,9.62791],[-65.96964,9.62031],[-65.97513,9.61198],[-65.97486,9.60815],[-65.95669,9.60982],[-65.95429,9.61237],[-65.94296,9.61291],[-65.94326,9.61473],[-65.93828,9.61381],[-65.93811,9.6079],[-65.9154,9.60891],[-65.91608,9.60353],[-65.90831,9.60496],[-65.90714,9.60103],[-65.89268,9.60134],[-65.89106,9.60149],[-65.89099,9.61568],[-65.86967,9.61759],[-65.866,9.61654],[-65.86601,9.61435],[-65.84861,9.61054],[-65.84572,9.61095],[-65.8451,9.61447]]]}},{"type":"Feature","id":"relation/11066370","properties":{"name":"Municipio Ribas","level":6,"population":"38408"},"geometry":{"type":"Polygon","coordinates":[[[-65.83637,9.0315],[-65.82761,9.04182],[-65.82376,9.04225],[-65.8222,9.03999],[-65.81981,9.04407],[-65.81535,9.04177],[-65.80841,9.0558],[-65.80345,9.05597],[-65.7985,9.06268],[-65.79579,9.06241],[-65.79343,9.06858],[-65.79562,9.07025],[-65.78936,9.07331],[-65.78858,9.07887],[-65.78487,9.07502],[-65.77858,9.07517],[-65.77786,9.07095],[-65.77434,9.06998],[-65.76695,9.07127],[-65.76547,9.07513],[-65.76169,9.07685],[-65.75938,9.07503],[-65.75729,9.07639],[-65.75319,9.07102],[-65.74805,9.07134],[-65.74598,9.06825],[-65.7346,9.07407],[-65.73426,9.06968],[-65.72665,9.06877],[-65.72711,9.06102],[-65.72122,9.06235],[-65.72057,9.05906],[-65.71947,9.06269],[-65.71821,9.06105],[-65.71791,9.06397],[-65.7151,9.06486],[-65.70526,9.05694],[-65.70555,9.06191],[-65.70416,9.0595],[-65.70434,9.06279],[-65.7021,9.06269],[-65.70356,9.06734],[-65.69369,9.08154],[-65.68853,9.08357],[-65.68345,9.08092],[-65.68302,9.08443],[-65.67871,9.08467],[-65.67854,9.08723],[-65.67631,9.08676],[-65.6437,9.11108],[-65.60984,9.12515],[-65.58409,9.16769],[-65.58186,9.18963],[-65.57154,9.19724],[-65.569,9.20258],[-65.57048,9.20775],[-65.56234,9.20989],[-65.55981,9.21561],[-65.55316,9.22035],[-65.54907,9.21829],[-65.54551,9.21997],[-65.54723,9.22569],[-65.54034,9.22332],[-65.53808,9.22884],[-65.53583,9.2293],[-65.53874,9.23431],[-65.53669,9.2332],[-65.53278,9.23584],[-65.53296,9.23987],[-65.54388,9.25724],[-65.54608,9.26795],[-65.53524,9.27271],[-65.52181,9.27417],[-65.52352,9.28744],[-65.5117,9.29123],[-65.5112,9.29443],[-65.51757,9.30189],[-65.53601,9.30498],[-65.53586,9.30118],[-65.54365,9.30212],[-65.54594,9.29155],[-65.55005,9.29243],[-65.55083,9.28965],[-65.55145,9.29221],[-65.55715,9.29401],[-65.56909,9.29084],[-65.56825,9.32547],[-65.56542,9.32412],[-65.56459,9.32948],[-65.56825,9.32926],[-65.5683,9.33463],[-65.56332,9.33578],[-65.56363,9.33799],[-65.57557,9.33948],[-65.58091,9.34836],[-65.58064,9.3564],[-65.58887,9.35873],[-65.59383,9.35532],[-65.59902,9.36168],[-65.5943,9.3751],[-65.58392,9.38454],[-65.55006,9.39347],[-65.55134,9.41456],[-65.56576,9.41471],[-65.57329,9.42036],[-65.57308,9.42698],[-65.59679,9.44428],[-65.59714,9.45433],[-65.59024,9.45529],[-65.58922,9.46373],[-65.57119,9.46719],[-65.57002,9.48068],[-65.56213,9.47858],[-65.56054,9.48224],[-65.55825,9.48217],[-65.55143,9.47971],[-65.55007,9.50351],[-65.56018,9.50146],[-65.56201,9.50249],[-65.56146,9.50896],[-65.57101,9.50565],[-65.57491,9.50671],[-65.5745,9.51071],[-65.56695,9.51717],[-65.56146,9.517],[-65.55684,9.52248],[-65.5588,9.52341],[-65.55491,9.52816],[-65.55695,9.52896],[-65.55423,9.5347],[-65.54923,9.53286],[-65.54515,9.54198],[-65.54663,9.54243],[-65.54392,9.55437],[-65.54693,9.55548],[-65.54656,9.55866],[-65.55293,9.55985],[-65.57688,9.57735],[-65.5929,9.57451],[-65.59484,9.56782],[-65.60246,9.57305],[-65.60735,9.58422],[-65.60306,9.58774],[-65.61473,9.59463],[-65.62663,9.59226],[-65.62877,9.59612],[-65.6385,9.5973],[-65.64786,9.60279],[-65.64719,9.61275],[-65.64391,9.61622],[-65.65091,9.62194],[-65.64872,9.62478],[-65.65326,9.64691],[-65.67805,9.6672],[-65.68082,9.67322],[-65.67559,9.67842],[-65.69081,9.69033],[-65.6947,9.68505],[-65.70329,9.68782],[-65.71013,9.68246],[-65.7113,9.68789],[-65.71555,9.6842],[-65.72087,9.6855],[-65.72062,9.68846],[-65.72568,9.68782],[-65.72683,9.69221],[-65.72744,9.6891],[-65.73224,9.688],[-65.73966,9.68753],[-65.74475,9.6905],[-65.75175,9.68802],[-65.75332,9.68424],[-65.75121,9.68532],[-65.74784,9.6812],[-65.75323,9.67988],[-65.75792,9.68248],[-65.75706,9.68037],[-65.76036,9.6805],[-65.75956,9.67765],[-65.76279,9.67465],[-65.7705,9.67688],[-65.77707,9.67068],[-65.77661,9.66867],[-65.78333,9.6686],[-65.78228,9.6652],[-65.79535,9.66103],[-65.8046,9.64444],[-65.80848,9.64546],[-65.82966,9.63815],[-65.84572,9.61095],[-65.85291,9.61066],[-65.86052,9.61442],[-65.86601,9.61435],[-65.866,9.61654],[-65.86967,9.61759],[-65.89099,9.61568],[-65.89106,9.60149],[-65.90714,9.60103],[-65.90831,9.60496],[-65.91608,9.60353],[-65.9154,9.60891],[-65.93811,9.6079],[-65.93828,9.61381],[-65.94326,9.61473],[-65.94296,9.61291],[-65.95429,9.61237],[-65.95669,9.60982],[-65.97486,9.60815],[-65.97386,9.59375],[-65.98162,9.58668],[-65.97784,9.57062],[-65.98007,9.55804],[-65.97381,9.55695],[-65.97452,9.55299],[-65.96927,9.55164],[-65.96374,9.54531],[-65.96199,9.55186],[-65.93988,9.5482],[-65.93896,9.53615],[-65.9311,9.52489],[-65.93651,9.51653],[-65.92861,9.48955],[-65.94053,9.47587],[-65.93853,9.47152],[-65.9398,9.45725],[-65.91857,9.44833],[-65.90427,9.45709],[-65.90158,9.4566],[-65.90004,9.44743],[-65.89084,9.44239],[-65.89433,9.43993],[-65.89909,9.44271],[-65.90175,9.44033],[-65.90951,9.42521],[-65.90493,9.42078],[-65.90634,9.41238],[-65.89928,9.39429],[-65.8904,9.38664],[-65.88888,9.37199],[-65.89299,9.37237],[-65.89257,9.36416],[-65.89704,9.35801],[-65.89476,9.35033],[-65.89718,9.33618],[-65.89563,9.33218],[-65.90898,9.32818],[-65.9104,9.32011],[-65.91799,9.30518],[-65.91404,9.30385],[-65.91431,9.29371],[-65.89977,9.29708],[-65.89645,9.29143],[-65.89392,9.28061],[-65.89567,9.27468],[-65.89344,9.27433],[-65.89427,9.25218],[-65.89271,9.24515],[-65.88598,9.23943],[-65.88505,9.23284],[-65.90137,9.21895],[-65.90114,9.2135],[-65.90671,9.21482],[-65.90233,9.19301],[-65.89526,9.19357],[-65.89309,9.18976],[-65.89763,9.18884],[-65.89183,9.17996],[-65.88659,9.18078],[-65.88596,9.17341],[-65.8928,9.16393],[-65.89489,9.16565],[-65.89725,9.16278],[-65.89417,9.1622],[-65.89552,9.15627],[-65.9281,9.1565],[-65.92945,9.14578],[-65.93193,9.14691],[-65.93437,9.14423],[-65.935,9.14702],[-65.93831,9.14695],[-65.93698,9.14011],[-65.94017,9.13989],[-65.9364,9.13376],[-65.93919,9.12825],[-65.9425,9.13115],[-65.94854,9.13139],[-65.95241,9.12556],[-65.95315,9.11705],[-65.94546,9.10428],[-65.9436,9.084],[-65.95044,9.08007],[-65.9402,9.06961],[-65.93774,9.07071],[-65.93639,9.06135],[-65.92343,9.05746],[-65.92482,9.04494],[-65.92066,9.03441],[-65.92577,9.03509],[-65.92726,9.02276],[-65.93199,9.01276],[-65.92529,9.00612],[-65.91662,9.002],[-65.91473,9.00408],[-65.90788,8.98883],[-65.88613,8.98903],[-65.88614,8.99259],[-65.88156,8.99284],[-65.88159,8.99644],[-65.87299,8.99572],[-65.86792,8.99828],[-65.86688,9.00128],[-65.85611,9.00178],[-65.85706,9.00574],[-65.84698,9.00582],[-65.83713,9.00973],[-65.83286,9.02063],[-65.83833,9.02618],[-65.83637,9.0315]]]}},{"type":"Feature","id":"relation/11066371","properties":{"name":"Municipio Zaraza","level":6,"population":"62027"},"geometry":{"type":"Polygon","coordinates":[[[-64.91614,8.88903],[-64.91436,8.87736],[-64.90481,8.87482],[-64.89978,8.8783],[-64.89893,8.87465],[-64.89338,8.87305],[-64.88867,8.86538],[-64.87996,8.86431],[-64.87826,8.85851],[-64.87139,8.85963],[-64.86508,8.8549],[-64.8651,8.85114],[-64.85449,8.84621],[-64.84824,8.83361],[-64.84757,8.82697],[-64.82457,8.82214],[-64.81763,8.81563],[-64.80723,8.82484],[-64.80024,8.82592],[-64.78117,8.81269],[-64.78428,8.81995],[-64.77771,8.82554],[-64.77352,8.83973],[-64.77593,8.84192],[-64.77343,8.84635],[-64.77704,8.84724],[-64.7795,8.85113],[-64.77803,8.85481],[-64.78124,8.85876],[-64.78081,8.8649],[-64.77711,8.86737],[-64.77743,8.87317],[-64.7849,8.87605],[-64.78475,8.87812],[-64.78847,8.87675],[-64.79308,8.87965],[-64.79925,8.89623],[-64.80434,8.89631],[-64.80498,8.89894],[-64.80993,8.90035],[-64.80894,8.9032],[-64.81225,8.90806],[-64.81714,8.90841],[-64.82038,8.91409],[-64.82899,8.91422],[-64.8281,8.91652],[-64.83255,8.91744],[-64.83207,8.92085],[-64.83979,8.9211],[-64.84142,8.92483],[-64.84767,8.92607],[-64.84652,8.9295],[-64.85193,8.93053],[-64.85339,8.93525],[-64.85719,8.93281],[-64.85508,8.93455],[-64.85954,8.93503],[-64.8582,8.93722],[-64.86102,8.93997],[-64.86432,8.93981],[-64.86549,8.93701],[-64.86752,8.93866],[-64.86796,8.93565],[-64.87025,8.93887],[-64.87406,8.93838],[-64.87831,8.94697],[-64.87592,8.95001],[-64.88552,8.9564],[-64.88366,8.9616],[-64.88707,8.96148],[-64.88893,8.96508],[-64.88723,8.96803],[-64.89165,8.97],[-64.88955,8.9731],[-64.89632,8.97099],[-64.89629,8.97344],[-64.90108,8.97581],[-64.89909,8.97947],[-64.90378,8.97861],[-64.90706,8.98646],[-64.9091,8.98619],[-64.90745,8.98389],[-64.90967,8.98274],[-64.911,8.98555],[-64.91765,8.98542],[-64.91942,8.98765],[-64.921,8.98438],[-64.92495,8.98735],[-64.92661,8.98471],[-64.92812,8.98785],[-64.93523,8.98902],[-64.9346,8.99373],[-64.94145,8.99925],[-64.93973,9.0055],[-64.94243,9.00332],[-64.94602,9.00597],[-64.9431,9.01119],[-64.94734,9.01124],[-64.94973,9.00601],[-64.95088,9.01014],[-64.95887,9.01062],[-64.95754,9.02154],[-64.9519,9.0227],[-64.94699,9.03321],[-64.94987,9.03822],[-64.94141,9.04446],[-64.94308,9.04666],[-64.94508,9.04498],[-64.94747,9.04638],[-64.94614,9.05334],[-64.94918,9.05538],[-64.94518,9.05634],[-64.9466,9.05963],[-64.95967,9.05758],[-64.96968,9.08648],[-64.96745,9.09211],[-64.9709,9.0987],[-64.97718,9.09915],[-64.97573,9.10317],[-64.97836,9.1015],[-64.9807,9.10308],[-64.97635,9.10443],[-64.97675,9.10801],[-64.98024,9.10585],[-64.98016,9.11],[-64.9852,9.11209],[-64.98602,9.11648],[-64.99484,9.11401],[-64.99596,9.11898],[-64.99983,9.11636],[-65.00194,9.11961],[-65.00192,9.11406],[-65.01287,9.11904],[-65.01089,9.12322],[-65.01488,9.12262],[-65.01621,9.11951],[-65.02179,9.12037],[-65.02419,9.12354],[-65.02373,9.13069],[-65.02841,9.12964],[-65.03039,9.13638],[-65.04151,9.13451],[-65.04478,9.13721],[-65.04534,9.13415],[-65.04609,9.13683],[-65.05438,9.14021],[-65.05717,9.14468],[-65.05892,9.14188],[-65.06325,9.14494],[-65.0616,9.14811],[-65.06371,9.14995],[-65.06768,9.14814],[-65.07115,9.15563],[-65.07402,9.15639],[-65.07767,9.15367],[-65.07468,9.16066],[-65.07912,9.15956],[-65.08106,9.1626],[-65.08524,9.16303],[-65.08229,9.16751],[-65.08506,9.16593],[-65.08599,9.17194],[-65.09043,9.17054],[-65.09782,9.17356],[-65.09906,9.16951],[-65.10255,9.17352],[-65.10085,9.17027],[-65.10787,9.17062],[-65.10948,9.16615],[-65.11532,9.16607],[-65.1171,9.17093],[-65.12055,9.16691],[-65.12599,9.16894],[-65.12599,9.16567],[-65.13063,9.17106],[-65.13598,9.16815],[-65.13657,9.17197],[-65.13982,9.17067],[-65.144,9.1736],[-65.14822,9.17223],[-65.15054,9.1671],[-65.15505,9.16778],[-65.15492,9.16377],[-65.1624,9.16589],[-65.16145,9.1698],[-65.17222,9.167],[-65.17287,9.16474],[-65.17552,9.16594],[-65.17567,9.17001],[-65.17893,9.1679],[-65.1808,9.17214],[-65.18853,9.17125],[-65.1872,9.17925],[-65.19111,9.17519],[-65.18998,9.1796],[-65.19302,9.18289],[-65.192,9.18478],[-65.19485,9.18758],[-65.19913,9.1853],[-65.19831,9.19287],[-65.20188,9.19596],[-65.20387,9.19349],[-65.20807,9.20262],[-65.2042,9.20353],[-65.20554,9.20965],[-65.20288,9.207],[-65.20069,9.21085],[-65.21028,9.21555],[-65.211,9.21948],[-65.21826,9.2238],[-65.21736,9.22636],[-65.21642,9.22346],[-65.21271,9.22434],[-65.21528,9.22793],[-65.2181,9.22847],[-65.22176,9.2252],[-65.21936,9.23048],[-65.22356,9.23135],[-65.22086,9.2333],[-65.21793,9.23183],[-65.21801,9.23525],[-65.22668,9.23562],[-65.23009,9.23026],[-65.23114,9.23746],[-65.23413,9.2379],[-65.23437,9.23297],[-65.23685,9.23267],[-65.23783,9.23594],[-65.23545,9.24018],[-65.23795,9.24325],[-65.2339,9.2437],[-65.23537,9.24569],[-65.24036,9.24473],[-65.24102,9.24736],[-65.23423,9.2515],[-65.24052,9.25792],[-65.23835,9.2617],[-65.24226,9.26462],[-65.24669,9.26065],[-65.24904,9.26538],[-65.25749,9.25988],[-65.25484,9.26476],[-65.25922,9.26601],[-65.2611,9.2693],[-65.26363,9.26705],[-65.26488,9.27015],[-65.26308,9.27265],[-65.26538,9.27625],[-65.26963,9.27682],[-65.27064,9.28363],[-65.26803,9.28473],[-65.26967,9.29077],[-65.26175,9.29504],[-65.26742,9.29535],[-65.26639,9.3018],[-65.26837,9.30417],[-65.2747,9.30377],[-65.27574,9.3066],[-65.27066,9.30822],[-65.27706,9.31052],[-65.27651,9.31897],[-65.27902,9.3203],[-65.28028,9.32595],[-65.27868,9.32847],[-65.28376,9.32781],[-65.28515,9.33281],[-65.28653,9.32869],[-65.28907,9.33121],[-65.28797,9.33375],[-65.29184,9.33041],[-65.29583,9.33162],[-65.29688,9.33418],[-65.29379,9.33769],[-65.29861,9.34184],[-65.31354,9.34338],[-65.31214,9.34942],[-65.30268,9.35382],[-65.29058,9.34919],[-65.28717,9.3511],[-65.2871,9.35412],[-65.29309,9.35837],[-65.29547,9.36678],[-65.30118,9.36922],[-65.30811,9.36742],[-65.30861,9.37176],[-65.30321,9.37253],[-65.29861,9.37739],[-65.28999,9.37145],[-65.28587,9.37467],[-65.28637,9.38137],[-65.28439,9.38307],[-65.273,9.37867],[-65.26611,9.39059],[-65.2594,9.3947],[-65.24821,9.38944],[-65.24755,9.39421],[-65.25304,9.40055],[-65.24488,9.40222],[-65.23949,9.39653],[-65.23534,9.40315],[-65.23011,9.4026],[-65.23257,9.40854],[-65.2375,9.41116],[-65.23753,9.41477],[-65.23065,9.4162],[-65.224,9.42911],[-65.21262,9.42556],[-65.20773,9.43394],[-65.2102,9.43701],[-65.21443,9.43545],[-65.21338,9.43866],[-65.20856,9.4409],[-65.20351,9.43656],[-65.20082,9.43766],[-65.20471,9.44966],[-65.20236,9.4576],[-65.21155,9.4603],[-65.21017,9.4633],[-65.20378,9.46416],[-65.21095,9.46697],[-65.20225,9.47007],[-65.20114,9.47445],[-65.20385,9.47641],[-65.20827,9.46939],[-65.21269,9.46983],[-65.21283,9.48377],[-65.21477,9.48934],[-65.2207,9.48967],[-65.2219,9.50003],[-65.22799,9.50212],[-65.22821,9.49995],[-65.22867,9.50162],[-65.23169,9.49888],[-65.23517,9.50044],[-65.23512,9.49855],[-65.23777,9.49979],[-65.23901,9.49765],[-65.23957,9.50319],[-65.24278,9.50525],[-65.24565,9.51225],[-65.25043,9.5108],[-65.2576,9.51522],[-65.26242,9.51484],[-65.26353,9.51275],[-65.27115,9.51693],[-65.27644,9.51423],[-65.28575,9.51571],[-65.28943,9.51371],[-65.29324,9.51472],[-65.29507,9.51151],[-65.30557,9.5159],[-65.30962,9.51384],[-65.31407,9.52036],[-65.31593,9.51863],[-65.31658,9.52211],[-65.32042,9.52422],[-65.32055,9.52911],[-65.32449,9.53287],[-65.33355,9.53414],[-65.33507,9.53996],[-65.33878,9.53982],[-65.34471,9.54927],[-65.34971,9.54918],[-65.35657,9.55593],[-65.36084,9.55552],[-65.3632,9.55223],[-65.38962,9.5688],[-65.38788,9.57543],[-65.398,9.57993],[-65.40061,9.57981],[-65.40109,9.57664],[-65.44045,9.5881],[-65.44114,9.6046],[-65.44732,9.60667],[-65.44672,9.61332],[-65.45308,9.61984],[-65.46899,9.60485],[-65.47676,9.60667],[-65.4925,9.5777],[-65.49351,9.56567],[-65.49148,9.5647],[-65.49359,9.55925],[-65.49679,9.55764],[-65.50731,9.55925],[-65.51036,9.56635],[-65.51832,9.57073],[-65.52094,9.56942],[-65.52614,9.57247],[-65.53396,9.56943],[-65.53532,9.56196],[-65.54412,9.554],[-65.54663,9.54243],[-65.54515,9.54198],[-65.54923,9.53286],[-65.55423,9.5347],[-65.55695,9.52896],[-65.55491,9.52816],[-65.5588,9.52341],[-65.55684,9.52248],[-65.56146,9.517],[-65.56695,9.51717],[-65.5745,9.51071],[-65.57491,9.50671],[-65.57101,9.50565],[-65.56146,9.50896],[-65.56201,9.50249],[-65.56018,9.50146],[-65.55007,9.50351],[-65.55143,9.47971],[-65.55825,9.48217],[-65.56054,9.48224],[-65.56213,9.47858],[-65.57002,9.48068],[-65.57119,9.46719],[-65.58922,9.46373],[-65.59024,9.45529],[-65.59714,9.45433],[-65.59679,9.44428],[-65.57308,9.42698],[-65.57329,9.42036],[-65.56576,9.41471],[-65.55134,9.41456],[-65.55006,9.39347],[-65.58392,9.38454],[-65.5943,9.3751],[-65.59902,9.36168],[-65.59383,9.35532],[-65.58887,9.35873],[-65.58064,9.3564],[-65.58091,9.34836],[-65.57557,9.33948],[-65.56363,9.33799],[-65.56332,9.33578],[-65.5683,9.33463],[-65.56825,9.32926],[-65.56459,9.32948],[-65.56542,9.32412],[-65.56825,9.32547],[-65.56909,9.29084],[-65.55715,9.29401],[-65.55145,9.29221],[-65.55083,9.28965],[-65.55005,9.29243],[-65.54594,9.29155],[-65.54365,9.30212],[-65.53586,9.30118],[-65.53601,9.30498],[-65.51806,9.30213],[-65.5112,9.29443],[-65.5117,9.29123],[-65.52352,9.28744],[-65.52181,9.27417],[-65.53524,9.27271],[-65.54608,9.26795],[-65.54388,9.25724],[-65.53237,9.23785],[-65.5366,9.23324],[-65.53874,9.23431],[-65.53591,9.22916],[-65.54079,9.22311],[-65.54723,9.22569],[-65.54551,9.21997],[-65.54907,9.21829],[-65.55316,9.22035],[-65.55981,9.21561],[-65.56234,9.20989],[-65.56576,9.20951],[-65.56582,9.20759],[-65.56993,9.20841],[-65.569,9.20258],[-65.57154,9.19724],[-65.58186,9.18963],[-65.58409,9.16769],[-65.56752,9.15061],[-65.56593,9.13998],[-65.55778,9.13515],[-65.55298,9.10901],[-65.55532,9.10514],[-65.5516,9.09994],[-65.54677,9.09554],[-65.53828,9.09882],[-65.53896,9.09314],[-65.53467,9.09115],[-65.535,9.08301],[-65.52135,9.07748],[-65.52255,9.07005],[-65.50109,9.07184],[-65.50117,9.07688],[-65.46546,9.07769],[-65.46785,9.05338],[-65.44881,9.05095],[-65.45044,9.03603],[-65.45756,9.03281],[-65.45458,9.02156],[-65.42792,9.02551],[-65.42705,9.03896],[-65.42402,9.03996],[-65.41635,9.03769],[-65.41836,9.03106],[-65.39307,9.03675],[-65.38622,9.03422],[-65.37904,9.03969],[-65.3735,9.04009],[-65.37006,9.04613],[-65.37174,9.04977],[-65.35587,9.05657],[-65.35592,9.05883],[-65.34038,9.05957],[-65.33297,9.07118],[-65.33413,9.06245],[-65.32796,9.05987],[-65.32803,9.05365],[-65.32077,9.05425],[-65.32158,9.04676],[-65.31092,9.04752],[-65.30209,9.03193],[-65.30203,9.02826],[-65.31724,9.02353],[-65.29922,8.98173],[-65.28175,8.96524],[-65.26643,8.96469],[-65.26536,8.95545],[-65.25437,8.93653],[-65.24672,8.93434],[-65.24372,8.93576],[-65.24262,8.93256],[-65.24059,8.93424],[-65.23851,8.93255],[-65.2363,8.93661],[-65.2375,8.94012],[-65.2215,8.93156],[-65.22057,8.93442],[-65.21701,8.93506],[-65.21312,8.93115],[-65.21152,8.93379],[-65.20499,8.93605],[-65.20363,8.93413],[-65.19955,8.93581],[-65.19987,8.93892],[-65.19454,8.93846],[-65.1895,8.94169],[-65.18719,8.93774],[-65.17604,8.93375],[-65.17306,8.92923],[-65.16694,8.92846],[-65.16431,8.9248],[-65.16539,8.92236],[-65.15871,8.91709],[-65.15845,8.92145],[-65.15176,8.92122],[-65.15,8.91892],[-65.15058,8.92266],[-65.14631,8.92435],[-65.14329,8.92043],[-65.14115,8.92601],[-65.13597,8.92118],[-65.1328,8.92222],[-65.13291,8.92568],[-65.12829,8.92616],[-65.12719,8.92375],[-65.12511,8.92742],[-65.12268,8.92666],[-65.12371,8.93081],[-65.11941,8.93205],[-65.11989,8.9302],[-65.11489,8.92814],[-65.11149,8.93036],[-65.1117,8.93432],[-65.10966,8.93117],[-65.10699,8.93268],[-65.10489,8.92952],[-65.09899,8.93059],[-65.09439,8.92762],[-65.0923,8.92826],[-65.09357,8.93089],[-65.09186,8.93277],[-65.08524,8.93478],[-65.08034,8.92973],[-65.0811,8.92532],[-65.07587,8.92526],[-65.07615,8.92251],[-65.07274,8.92014],[-65.06756,8.92483],[-65.06499,8.92267],[-65.05983,8.92377],[-65.06005,8.92058],[-65.05657,8.92084],[-65.05437,8.91776],[-65.04805,8.91974],[-65.04035,8.9182],[-65.03522,8.9229],[-65.0292,8.92373],[-65.02685,8.92193],[-65.02227,8.92484],[-65.01378,8.92379],[-65.01217,8.92574],[-65.00879,8.91925],[-65.00232,8.92093],[-65.00147,8.91272],[-64.99124,8.9115],[-64.98819,8.91417],[-64.98613,8.91307],[-64.98689,8.91072],[-64.97665,8.91669],[-64.97466,8.9147],[-64.97004,8.91573],[-64.97068,8.92026],[-64.96874,8.92185],[-64.9619,8.92037],[-64.95443,8.92413],[-64.94924,8.92196],[-64.94864,8.91361],[-64.9449,8.91249],[-64.94964,8.9067],[-64.94521,8.90341],[-64.9444,8.89801],[-64.94079,8.89852],[-64.93878,8.89633],[-64.92644,8.89822],[-64.91888,8.89436],[-64.91614,8.88903]]]}},{"type":"Feature","id":"relation/11066372","properties":{"name":"Municipio Ipire","level":6,"population":"13161"},"geometry":{"type":"Polygon","coordinates":[[[-64.81657,8.81572],[-64.82001,8.81635],[-64.82468,8.82218],[-64.84757,8.82697],[-64.84824,8.83361],[-64.85449,8.84621],[-64.8651,8.85114],[-64.86508,8.8549],[-64.87139,8.85963],[-64.87826,8.85851],[-64.87996,8.86431],[-64.88867,8.86538],[-64.89338,8.87305],[-64.89893,8.87465],[-64.89978,8.8783],[-64.90481,8.87482],[-64.91436,8.87736],[-64.91628,8.89046],[-64.9216,8.89631],[-64.92655,8.89823],[-64.93878,8.89633],[-64.94079,8.89852],[-64.9444,8.89801],[-64.94521,8.90341],[-64.94964,8.9067],[-64.9449,8.91249],[-64.94864,8.91361],[-64.94924,8.92196],[-64.95443,8.92413],[-64.9619,8.92037],[-64.96874,8.92185],[-64.97068,8.92026],[-64.97004,8.91573],[-64.97466,8.9147],[-64.97665,8.91669],[-64.98689,8.91072],[-64.98613,8.91307],[-64.98819,8.91417],[-64.99124,8.9115],[-65.00147,8.91272],[-65.00232,8.92093],[-65.00879,8.91925],[-65.01211,8.92573],[-65.01378,8.92379],[-65.02227,8.92484],[-65.02685,8.92193],[-65.0292,8.92373],[-65.03522,8.9229],[-65.04023,8.91822],[-65.04805,8.91974],[-65.05414,8.91771],[-65.05657,8.92084],[-65.06005,8.92058],[-65.05983,8.92377],[-65.06499,8.92267],[-65.06756,8.92483],[-65.07274,8.92014],[-65.07615,8.92251],[-65.07587,8.92526],[-65.0811,8.92532],[-65.08034,8.92973],[-65.08479,8.93472],[-65.09186,8.93277],[-65.09357,8.93089],[-65.0923,8.92826],[-65.09439,8.92762],[-65.09899,8.93059],[-65.10489,8.92952],[-65.10699,8.93268],[-65.10966,8.93117],[-65.1117,8.93432],[-65.11149,8.93036],[-65.11489,8.92814],[-65.11989,8.9302],[-65.11941,8.93205],[-65.12371,8.93081],[-65.12268,8.92666],[-65.12511,8.92742],[-65.12719,8.92375],[-65.12829,8.92616],[-65.13291,8.92568],[-65.1328,8.92222],[-65.13597,8.92118],[-65.14115,8.92601],[-65.14329,8.92043],[-65.14631,8.92435],[-65.15058,8.92266],[-65.15,8.91892],[-65.15176,8.92122],[-65.15845,8.92145],[-65.15871,8.91709],[-65.16539,8.92236],[-65.16431,8.9248],[-65.16694,8.92846],[-65.17306,8.92923],[-65.17624,8.93388],[-65.18724,8.93777],[-65.1894,8.94167],[-65.19454,8.93846],[-65.19987,8.93892],[-65.19955,8.93581],[-65.20363,8.93413],[-65.20499,8.93605],[-65.21152,8.93379],[-65.21312,8.93115],[-65.21701,8.93506],[-65.22057,8.93442],[-65.2215,8.93156],[-65.23714,8.94014],[-65.23837,8.93878],[-65.2363,8.93661],[-65.23865,8.9325],[-65.24059,8.93424],[-65.24287,8.93272],[-65.24372,8.93576],[-65.24672,8.93434],[-65.25437,8.93653],[-65.26536,8.95545],[-65.26643,8.96469],[-65.28175,8.96524],[-65.29922,8.98173],[-65.31724,9.02353],[-65.30203,9.02826],[-65.30209,9.03193],[-65.31092,9.04752],[-65.32158,9.04676],[-65.32077,9.05425],[-65.32803,9.05365],[-65.32796,9.05987],[-65.33413,9.06245],[-65.33297,9.07118],[-65.34038,9.05957],[-65.35592,9.05883],[-65.35587,9.05657],[-65.37174,9.04977],[-65.37006,9.04613],[-65.3735,9.04009],[-65.37904,9.03969],[-65.38622,9.03422],[-65.39307,9.03675],[-65.41836,9.03106],[-65.41635,9.03769],[-65.42402,9.03996],[-65.42705,9.03896],[-65.42792,9.02551],[-65.46983,9.01929],[-65.47263,9.02299],[-65.48004,9.0211],[-65.48002,9.0178],[-65.48982,9.02012],[-65.4947,9.00882],[-65.50566,9.00782],[-65.50638,9.00199],[-65.5109,9.00051],[-65.51022,8.9889],[-65.51352,8.98654],[-65.52693,8.98917],[-65.52722,8.96651],[-65.53074,8.96663],[-65.532,8.96285],[-65.5375,8.96346],[-65.53675,8.96184],[-65.53978,8.96174],[-65.54104,8.9582],[-65.53475,8.92559],[-65.50552,8.92829],[-65.50454,8.92399],[-65.50789,8.91757],[-65.50572,8.9096],[-65.50787,8.90415],[-65.50095,8.9036],[-65.50065,8.89445],[-65.50921,8.8943],[-65.51746,8.88094],[-65.50884,8.87783],[-65.50413,8.85895],[-65.50413,8.84974],[-65.50761,8.85087],[-65.51538,8.83575],[-65.51534,8.82377],[-65.51153,8.82346],[-65.51122,8.82137],[-65.51529,8.81331],[-65.52222,8.81232],[-65.5259,8.80916],[-65.52792,8.78426],[-65.55533,8.77142],[-65.55467,8.75547],[-65.57465,8.74975],[-65.57766,8.73311],[-65.57428,8.72383],[-65.58231,8.71612],[-65.57649,8.70492],[-65.57871,8.68655],[-65.58273,8.68698],[-65.58698,8.69222],[-65.5964,8.68651],[-65.59714,8.68855],[-65.60253,8.68928],[-65.60615,8.67686],[-65.61211,8.67596],[-65.61874,8.66771],[-65.61328,8.65699],[-65.60578,8.6313],[-65.60045,8.58092],[-65.60338,8.57824],[-65.58952,8.50573],[-65.59165,8.49601],[-65.58776,8.47501],[-65.57881,8.47498],[-65.57814,8.46705],[-65.58182,8.46507],[-65.58002,8.45775],[-65.58331,8.45566],[-65.58236,8.45279],[-65.57994,8.45355],[-65.57027,8.43316],[-65.57381,8.43093],[-65.57153,8.42692],[-65.5675,8.4283],[-65.56013,8.41307],[-65.56497,8.40429],[-65.56257,8.40288],[-65.56582,8.39682],[-65.5623,8.39285],[-65.56084,8.39755],[-65.54322,8.40064],[-65.52025,8.38303],[-65.50046,8.38483],[-65.49692,8.3774],[-65.48981,8.3704],[-65.48795,8.35667],[-65.49752,8.33693],[-65.49344,8.31204],[-65.49406,8.30059],[-65.49078,8.29499],[-65.49475,8.28556],[-65.48854,8.28036],[-65.49981,8.25459],[-65.49705,8.24911],[-65.50097,8.24217],[-65.49802,8.22768],[-65.50309,8.21269],[-65.50259,8.19664],[-65.49451,8.18935],[-65.50966,8.04481],[-65.51241,8.03273],[-65.51513,8.02963],[-65.51636,8.01693],[-65.51957,8.01262],[-65.5208,8.0048],[-65.52428,8.00533],[-65.53074,7.98412],[-65.52926,7.9831],[-65.53255,7.97563],[-65.53069,7.96927],[-65.54464,7.95032],[-65.54909,7.95186],[-65.55385,7.94635],[-65.55493,7.94047],[-65.54656,7.93641],[-65.55186,7.91755],[-65.52727,7.90428],[-65.48744,7.86882],[-65.47611,7.86168],[-65.44573,7.85046],[-65.41088,7.84672],[-65.39526,7.84791],[-65.35896,7.85773],[-65.36485,7.87482],[-65.37412,7.87959],[-65.38789,7.89653],[-65.39476,7.90154],[-65.41189,7.90711],[-65.41305,7.90928],[-65.40995,7.9104],[-65.41954,7.91304],[-65.42324,7.91649],[-65.47346,7.91802],[-65.47569,7.91987],[-65.47055,7.92338],[-65.47263,7.92449],[-65.48676,7.91659],[-65.49201,7.91625],[-65.49396,7.91953],[-65.4966,7.91849],[-65.49395,7.92201],[-65.49688,7.9277],[-65.50468,7.92904],[-65.50711,7.93281],[-65.50392,7.93319],[-65.50657,7.9359],[-65.50318,7.93773],[-65.50392,7.94084],[-65.50076,7.94352],[-65.49923,7.95246],[-65.50306,7.95572],[-65.50037,7.95429],[-65.5006,7.95702],[-65.49749,7.9577],[-65.50004,7.96307],[-65.49499,7.96391],[-65.49282,7.96126],[-65.49225,7.96405],[-65.48883,7.96311],[-65.48706,7.96644],[-65.49109,7.96819],[-65.48851,7.97409],[-65.49198,7.97185],[-65.4964,7.97408],[-65.4929,7.97428],[-65.49491,7.97854],[-65.49159,7.97682],[-65.49319,7.98057],[-65.48985,7.97985],[-65.49512,7.98576],[-65.49329,7.98738],[-65.49756,7.98899],[-65.49748,7.99346],[-65.48739,7.99962],[-65.48706,8.0035],[-65.48326,8.00451],[-65.48665,8.00605],[-65.48076,8.00922],[-65.48368,8.01437],[-65.48261,8.01785],[-65.48859,8.02053],[-65.48679,8.02316],[-65.48926,8.02554],[-65.47587,8.03018],[-65.47841,8.03359],[-65.47727,8.03879],[-65.4797,8.04512],[-65.46045,8.05259],[-65.45631,8.04623],[-65.45453,8.05053],[-65.4474,8.05292],[-65.44483,8.06361],[-65.4417,8.06383],[-65.43798,8.06905],[-65.43262,8.08452],[-65.42695,8.08756],[-65.42386,8.09601],[-65.42108,8.09724],[-65.42108,8.10628],[-65.41701,8.10997],[-65.41107,8.10741],[-65.40728,8.11188],[-65.40001,8.11439],[-65.39705,8.12078],[-65.40132,8.12709],[-65.39568,8.13058],[-65.38995,8.1299],[-65.39299,8.13428],[-65.38676,8.13675],[-65.38639,8.14288],[-65.38281,8.1446],[-65.383,8.14943],[-65.37485,8.15606],[-65.3753,8.16058],[-65.38258,8.16165],[-65.38773,8.16818],[-65.38785,8.17476],[-65.38465,8.17263],[-65.38372,8.16759],[-65.38114,8.16934],[-65.38188,8.17437],[-65.3763,8.16738],[-65.37653,8.17387],[-65.36915,8.17437],[-65.36449,8.17843],[-65.36797,8.18401],[-65.37127,8.1805],[-65.37623,8.18153],[-65.37709,8.18471],[-65.37391,8.18975],[-65.36986,8.18749],[-65.36783,8.19321],[-65.36588,8.1929],[-65.36589,8.18934],[-65.3635,8.18917],[-65.36205,8.194],[-65.36561,8.1951],[-65.36738,8.20044],[-65.36342,8.2019],[-65.36276,8.20626],[-65.35784,8.20798],[-65.35854,8.20447],[-65.35457,8.20555],[-65.35385,8.19863],[-65.35107,8.20312],[-65.34653,8.20091],[-65.34492,8.20395],[-65.34858,8.20332],[-65.35134,8.20641],[-65.34154,8.20785],[-65.34255,8.21034],[-65.34562,8.2099],[-65.34355,8.21596],[-65.34016,8.21706],[-65.33749,8.21469],[-65.33636,8.21966],[-65.33232,8.21973],[-65.33582,8.22557],[-65.33066,8.22494],[-65.32962,8.22178],[-65.32392,8.22159],[-65.32701,8.22505],[-65.32335,8.22461],[-65.32297,8.22642],[-65.32933,8.23206],[-65.31908,8.23477],[-65.31238,8.23212],[-65.30806,8.23799],[-65.31028,8.23954],[-65.31156,8.25026],[-65.30694,8.24824],[-65.30195,8.25252],[-65.30485,8.25722],[-65.29833,8.25701],[-65.29816,8.26503],[-65.28958,8.26971],[-65.29166,8.27357],[-65.28756,8.27837],[-65.28279,8.27548],[-65.28082,8.27674],[-65.28097,8.27999],[-65.28666,8.28197],[-65.28213,8.28497],[-65.27949,8.2988],[-65.26755,8.29771],[-65.27009,8.3015],[-65.26904,8.30461],[-65.27217,8.30496],[-65.27411,8.30841],[-65.27192,8.3167],[-65.26681,8.31362],[-65.26859,8.31865],[-65.262,8.31924],[-65.26343,8.32452],[-65.25814,8.32568],[-65.2565,8.33207],[-65.25397,8.32848],[-65.24838,8.33243],[-65.24978,8.32827],[-65.24804,8.32665],[-65.24179,8.33079],[-65.23739,8.33014],[-65.2357,8.33873],[-65.23268,8.33985],[-65.23012,8.33745],[-65.22599,8.34238],[-65.22812,8.34741],[-65.22565,8.35872],[-65.21839,8.35652],[-65.21412,8.3695],[-65.20958,8.36488],[-65.20218,8.37132],[-65.20727,8.38007],[-65.19953,8.38477],[-65.19657,8.39021],[-65.20459,8.3933],[-65.202,8.39871],[-65.20371,8.40248],[-65.19859,8.40473],[-65.20085,8.41123],[-65.19512,8.4115],[-65.1957,8.42209],[-65.18778,8.42794],[-65.18653,8.4323],[-65.18058,8.43134],[-65.17904,8.43481],[-65.18043,8.43824],[-65.18164,8.4367],[-65.18837,8.44109],[-65.18111,8.44325],[-65.18191,8.44707],[-65.17816,8.44875],[-65.17788,8.45553],[-65.18433,8.45473],[-65.18293,8.45997],[-65.17817,8.46088],[-65.17576,8.47034],[-65.17937,8.46806],[-65.18244,8.47147],[-65.1823,8.47647],[-65.17951,8.48006],[-65.17617,8.47892],[-65.17504,8.48333],[-65.17804,8.48753],[-65.17461,8.48695],[-65.16852,8.49206],[-65.17091,8.49448],[-65.16972,8.50323],[-65.15759,8.51317],[-65.16021,8.51986],[-65.16363,8.52129],[-65.16291,8.52719],[-65.16067,8.52985],[-65.15491,8.52893],[-65.15226,8.53076],[-65.15103,8.53429],[-65.15427,8.53417],[-65.15821,8.54255],[-65.15101,8.54152],[-65.14841,8.54511],[-65.14879,8.5513],[-65.15146,8.55006],[-65.15542,8.55343],[-65.14662,8.55759],[-65.15027,8.55865],[-65.14589,8.56343],[-65.15139,8.57144],[-65.14367,8.57364],[-65.14417,8.58091],[-65.15214,8.58831],[-65.14911,8.59034],[-65.15157,8.5931],[-65.14491,8.59835],[-65.14902,8.59766],[-65.15053,8.60124],[-65.15164,8.59963],[-65.15423,8.60222],[-65.15238,8.60508],[-65.15007,8.60366],[-65.14707,8.60602],[-65.14727,8.60942],[-65.15043,8.61034],[-65.14816,8.61201],[-65.16179,8.62653],[-65.16469,8.62608],[-65.16508,8.63247],[-65.16292,8.63335],[-65.16829,8.64231],[-65.17043,8.64243],[-65.16939,8.64966],[-65.17292,8.65235],[-65.17036,8.65273],[-65.17219,8.65505],[-65.16956,8.65734],[-65.1716,8.66291],[-65.16723,8.66352],[-65.16908,8.6665],[-65.16546,8.66719],[-65.1669,8.67137],[-65.15958,8.6716],[-65.16234,8.67646],[-65.16797,8.67658],[-65.16959,8.67911],[-65.16596,8.68402],[-65.16877,8.68479],[-65.16759,8.68956],[-65.17057,8.69528],[-65.17002,8.69797],[-65.16733,8.69845],[-65.17127,8.70361],[-65.16809,8.70157],[-65.16828,8.70583],[-65.1633,8.70932],[-65.1641,8.71196],[-65.1623,8.71021],[-65.15705,8.71172],[-65.15616,8.71401],[-65.15944,8.71527],[-65.15703,8.716],[-65.15559,8.72066],[-65.14976,8.71963],[-65.1516,8.72564],[-65.14682,8.73063],[-65.15022,8.73571],[-65.14611,8.73282],[-65.14518,8.73802],[-65.14072,8.73919],[-65.14116,8.74313],[-65.13823,8.74617],[-65.13547,8.74565],[-65.13356,8.75032],[-65.12619,8.74701],[-65.12621,8.74991],[-65.12268,8.74955],[-65.12179,8.74675],[-65.11703,8.74613],[-65.11169,8.75037],[-65.10599,8.74723],[-65.10221,8.752],[-65.10033,8.75086],[-65.09838,8.75611],[-65.0975,8.75404],[-65.0954,8.75786],[-65.08939,8.75931],[-65.08874,8.76278],[-65.08603,8.76128],[-65.07962,8.76494],[-65.07671,8.76175],[-65.0774,8.75903],[-65.07486,8.7582],[-65.07311,8.76099],[-65.06823,8.75775],[-65.06365,8.76123],[-65.06391,8.75891],[-65.05959,8.75749],[-65.0615,8.75427],[-65.05638,8.75321],[-65.05716,8.74986],[-65.05211,8.74586],[-65.04706,8.74652],[-65.04735,8.74447],[-65.04222,8.74616],[-65.0412,8.7428],[-65.03927,8.74478],[-65.03533,8.74371],[-65.03296,8.74028],[-65.02792,8.74333],[-65.01995,8.73813],[-65.01707,8.74288],[-65.01148,8.74063],[-65.00939,8.74571],[-65.00081,8.74493],[-64.99906,8.74697],[-64.99814,8.74487],[-64.98291,8.75105],[-64.97413,8.74663],[-64.96727,8.75155],[-64.96536,8.74831],[-64.96379,8.75052],[-64.96224,8.74837],[-64.95855,8.74919],[-64.95518,8.74336],[-64.94291,8.74425],[-64.94045,8.74186],[-64.93278,8.74254],[-64.92689,8.74696],[-64.92178,8.74476],[-64.9185,8.74641],[-64.9109,8.74038],[-64.91184,8.73304],[-64.906,8.73088],[-64.90527,8.72427],[-64.89687,8.71834],[-64.89648,8.71441],[-64.87473,8.70991],[-64.87246,8.70404],[-64.85578,8.69636],[-64.8477,8.69502],[-64.82142,8.74587],[-64.78117,8.81269],[-64.80024,8.82592],[-64.80723,8.82484],[-64.81657,8.81572]]]}},{"type":"Feature","id":"relation/11066373","properties":{"name":"Municipio El Socorro","level":6,"population":"17097"},"geometry":{"type":"Polygon","coordinates":[[[-65.55186,7.91755],[-65.54656,7.93641],[-65.55493,7.94047],[-65.55385,7.94635],[-65.54909,7.95186],[-65.54464,7.95032],[-65.53069,7.96927],[-65.53255,7.97563],[-65.52926,7.9831],[-65.53074,7.98412],[-65.52428,8.00533],[-65.5208,8.0048],[-65.51957,8.01262],[-65.51636,8.01693],[-65.51513,8.02963],[-65.51241,8.03273],[-65.50966,8.04481],[-65.49451,8.18935],[-65.50259,8.19664],[-65.50309,8.21269],[-65.49802,8.22768],[-65.50097,8.24217],[-65.49705,8.24911],[-65.49981,8.25459],[-65.48854,8.28036],[-65.49475,8.28556],[-65.49078,8.29499],[-65.49406,8.30059],[-65.49344,8.31204],[-65.49752,8.33693],[-65.48795,8.35667],[-65.48981,8.3704],[-65.49692,8.3774],[-65.50046,8.38483],[-65.52025,8.38303],[-65.54322,8.40064],[-65.56084,8.39755],[-65.5623,8.39285],[-65.56582,8.39682],[-65.56257,8.40288],[-65.56497,8.40429],[-65.56013,8.41307],[-65.5675,8.4283],[-65.57153,8.42692],[-65.57381,8.43093],[-65.57027,8.43316],[-65.57994,8.45355],[-65.58236,8.45279],[-65.58331,8.45566],[-65.58002,8.45775],[-65.58182,8.46507],[-65.57814,8.46705],[-65.57881,8.47498],[-65.58776,8.47501],[-65.59165,8.49601],[-65.58952,8.50573],[-65.60338,8.57824],[-65.60045,8.58092],[-65.60578,8.6313],[-65.61328,8.65699],[-65.61874,8.66771],[-65.61211,8.67596],[-65.60615,8.67686],[-65.60253,8.68928],[-65.59714,8.68855],[-65.5964,8.68651],[-65.58698,8.69222],[-65.58273,8.68698],[-65.57871,8.68655],[-65.57649,8.70492],[-65.58231,8.71612],[-65.57428,8.72383],[-65.57766,8.73311],[-65.57465,8.74975],[-65.55467,8.75547],[-65.55533,8.77142],[-65.52792,8.78426],[-65.5259,8.80916],[-65.52222,8.81232],[-65.51529,8.81331],[-65.51122,8.82137],[-65.51153,8.82346],[-65.51534,8.82377],[-65.51538,8.83575],[-65.50761,8.85087],[-65.50413,8.84974],[-65.50413,8.85895],[-65.50884,8.87783],[-65.51746,8.88094],[-65.50921,8.8943],[-65.50065,8.89445],[-65.50095,8.9036],[-65.50787,8.90415],[-65.50571,8.91062],[-65.50789,8.91757],[-65.50454,8.92399],[-65.50552,8.92829],[-65.53475,8.92559],[-65.5399,8.94658],[-65.54024,8.96103],[-65.53687,8.96167],[-65.53738,8.96353],[-65.53189,8.96291],[-65.53015,8.967],[-65.52722,8.96651],[-65.52693,8.98917],[-65.51352,8.98654],[-65.51022,8.9889],[-65.5109,9.00051],[-65.50638,9.00199],[-65.50566,9.00782],[-65.4947,9.00882],[-65.48982,9.02012],[-65.48002,9.0178],[-65.48004,9.0211],[-65.47263,9.02299],[-65.46983,9.01929],[-65.45458,9.02156],[-65.45756,9.03281],[-65.45044,9.03603],[-65.44881,9.05095],[-65.46785,9.05338],[-65.46546,9.07769],[-65.50117,9.07688],[-65.50109,9.07184],[-65.52255,9.07005],[-65.52135,9.07748],[-65.535,9.08301],[-65.53467,9.09115],[-65.53896,9.09314],[-65.53828,9.09882],[-65.54677,9.09554],[-65.55519,9.10477],[-65.55298,9.10901],[-65.55778,9.13515],[-65.56593,9.13998],[-65.56752,9.15061],[-65.58409,9.16769],[-65.60984,9.12515],[-65.6437,9.11108],[-65.67631,9.08676],[-65.67854,9.08723],[-65.67871,9.08467],[-65.68302,9.08443],[-65.68345,9.08092],[-65.68853,9.08357],[-65.69369,9.08154],[-65.70356,9.06734],[-65.7021,9.06269],[-65.70434,9.06279],[-65.70416,9.0595],[-65.70555,9.06191],[-65.70515,9.057],[-65.7151,9.06486],[-65.71791,9.06397],[-65.71821,9.06105],[-65.71947,9.06269],[-65.72057,9.05906],[-65.72122,9.06235],[-65.72711,9.06102],[-65.72665,9.06877],[-65.73426,9.06968],[-65.7346,9.07407],[-65.74598,9.06825],[-65.74805,9.07134],[-65.75319,9.07102],[-65.75729,9.07639],[-65.75938,9.07503],[-65.76169,9.07685],[-65.76547,9.07513],[-65.76695,9.07127],[-65.77434,9.06998],[-65.77786,9.07095],[-65.77858,9.07517],[-65.78487,9.07502],[-65.78858,9.07887],[-65.78936,9.07331],[-65.79562,9.07025],[-65.79343,9.06858],[-65.79579,9.06241],[-65.7985,9.06268],[-65.80345,9.05597],[-65.80841,9.0558],[-65.81535,9.04177],[-65.81981,9.04407],[-65.8222,9.03999],[-65.82376,9.04225],[-65.82761,9.04182],[-65.82873,9.03847],[-65.83362,9.0368],[-65.83833,9.02618],[-65.83286,9.02063],[-65.83713,9.00973],[-65.84698,9.00582],[-65.85706,9.00574],[-65.85611,9.00178],[-65.86688,9.00128],[-65.86792,8.99828],[-65.87299,8.99572],[-65.88159,8.99644],[-65.88156,8.99284],[-65.88614,8.99259],[-65.88613,8.98903],[-65.90788,8.98883],[-65.91473,9.00408],[-65.91662,9.002],[-65.92051,9.00313],[-65.92061,8.99809],[-65.94036,8.99196],[-65.93349,8.97853],[-65.94502,8.97522],[-65.95918,8.95921],[-65.94877,8.95991],[-65.94037,8.94578],[-65.92569,8.94979],[-65.89454,8.90999],[-65.88277,8.91222],[-65.87909,8.90437],[-65.8711,8.90717],[-65.85338,8.88615],[-65.84287,8.88147],[-65.83006,8.88624],[-65.82549,8.88188],[-65.82347,8.88669],[-65.81574,8.87497],[-65.81497,8.86111],[-65.79768,8.84668],[-65.81008,8.81627],[-65.79905,8.80047],[-65.80662,8.7723],[-65.80164,8.76726],[-65.79165,8.76989],[-65.78665,8.76804],[-65.78203,8.75487],[-65.775,8.75002],[-65.7746,8.74442],[-65.77084,8.74105],[-65.77476,8.73734],[-65.77078,8.73208],[-65.77538,8.72846],[-65.77245,8.72689],[-65.77039,8.71567],[-65.75963,8.70634],[-65.76025,8.70227],[-65.75375,8.70557],[-65.74714,8.70518],[-65.7459,8.70285],[-65.74729,8.69727],[-65.74456,8.69731],[-65.74356,8.69459],[-65.74824,8.68975],[-65.74574,8.68726],[-65.74612,8.68362],[-65.75196,8.6831],[-65.75144,8.67713],[-65.75365,8.67481],[-65.75448,8.67643],[-65.75545,8.66987],[-65.75883,8.67044],[-65.76045,8.66718],[-65.75789,8.66242],[-65.74863,8.65817],[-65.75039,8.65596],[-65.74871,8.65398],[-65.7461,8.65535],[-65.74212,8.65186],[-65.74098,8.65595],[-65.73877,8.65019],[-65.73492,8.64959],[-65.73644,8.64665],[-65.73161,8.64556],[-65.73046,8.64097],[-65.73365,8.63843],[-65.7302,8.63564],[-65.72573,8.63582],[-65.72563,8.63292],[-65.72935,8.6313],[-65.72773,8.6282],[-65.72297,8.62734],[-65.72352,8.62441],[-65.71992,8.62517],[-65.72017,8.62273],[-65.71631,8.62307],[-65.72147,8.62109],[-65.71755,8.61543],[-65.71428,8.6148],[-65.71498,8.60763],[-65.71723,8.60654],[-65.71504,8.59794],[-65.71918,8.59765],[-65.71234,8.5942],[-65.71249,8.59137],[-65.70902,8.58893],[-65.70829,8.58405],[-65.71078,8.58625],[-65.71336,8.58278],[-65.71031,8.57779],[-65.71378,8.57671],[-65.71162,8.57415],[-65.70919,8.57504],[-65.70477,8.56689],[-65.70627,8.56222],[-65.7044,8.56151],[-65.70617,8.55999],[-65.70476,8.55504],[-65.70787,8.5534],[-65.70506,8.55054],[-65.7076,8.54614],[-65.70062,8.54069],[-65.70407,8.53262],[-65.70219,8.53317],[-65.69935,8.52833],[-65.69757,8.52946],[-65.69579,8.52589],[-65.69391,8.5277],[-65.69163,8.52387],[-65.69429,8.51475],[-65.69108,8.51375],[-65.69126,8.50873],[-65.682,8.5073],[-65.68289,8.49257],[-65.67992,8.49094],[-65.67935,8.49309],[-65.67371,8.4889],[-65.67491,8.48529],[-65.68058,8.48233],[-65.67844,8.4797],[-65.67586,8.48146],[-65.67719,8.47854],[-65.67007,8.47526],[-65.66977,8.46977],[-65.67464,8.46669],[-65.67139,8.46286],[-65.6758,8.45894],[-65.67459,8.45108],[-65.67614,8.45027],[-65.67018,8.44015],[-65.66645,8.43807],[-65.66652,8.43597],[-65.66924,8.43551],[-65.66715,8.43292],[-65.66864,8.43127],[-65.66655,8.43024],[-65.6645,8.43398],[-65.6631,8.42912],[-65.65983,8.42824],[-65.65877,8.42501],[-65.6564,8.42556],[-65.65654,8.4226],[-65.65188,8.42239],[-65.65109,8.41417],[-65.64754,8.41586],[-65.64429,8.41239],[-65.63946,8.41269],[-65.6398,8.40967],[-65.63588,8.41254],[-65.63616,8.40657],[-65.64159,8.40359],[-65.64122,8.39815],[-65.64363,8.39642],[-65.63742,8.39242],[-65.63874,8.38547],[-65.63246,8.38533],[-65.63066,8.38323],[-65.63406,8.37669],[-65.62919,8.37429],[-65.62859,8.36947],[-65.61833,8.36927],[-65.61308,8.36166],[-65.60774,8.35945],[-65.60769,8.35393],[-65.61302,8.35042],[-65.6137,8.34335],[-65.61951,8.34381],[-65.61895,8.33649],[-65.62276,8.33223],[-65.61997,8.33156],[-65.61796,8.32699],[-65.6311,8.32374],[-65.62738,8.31849],[-65.63128,8.31193],[-65.62437,8.30794],[-65.62349,8.30341],[-65.62784,8.30364],[-65.62662,8.30154],[-65.62929,8.2939],[-65.62726,8.28872],[-65.63061,8.28723],[-65.62947,8.28143],[-65.63325,8.2773],[-65.63324,8.27137],[-65.63645,8.27335],[-65.63833,8.2669],[-65.64134,8.26553],[-65.64332,8.2683],[-65.6409,8.27153],[-65.64647,8.27382],[-65.64874,8.26654],[-65.65304,8.26643],[-65.65197,8.26068],[-65.65671,8.25803],[-65.65447,8.25439],[-65.6563,8.25056],[-65.65141,8.24688],[-65.65784,8.24618],[-65.65818,8.24145],[-65.6542,8.23629],[-65.65668,8.22977],[-65.65449,8.22041],[-65.66507,8.21962],[-65.66159,8.21528],[-65.66758,8.21236],[-65.66404,8.20663],[-65.66538,8.20432],[-65.67029,8.20538],[-65.67123,8.20343],[-65.66666,8.19242],[-65.67046,8.18243],[-65.66879,8.18065],[-65.6802,8.17694],[-65.67732,8.17147],[-65.68002,8.16984],[-65.67509,8.16509],[-65.68082,8.16264],[-65.67982,8.16007],[-65.68325,8.15774],[-65.67645,8.15053],[-65.67712,8.14889],[-65.68029,8.15086],[-65.68241,8.14828],[-65.67876,8.14507],[-65.6815,8.14124],[-65.6759,8.13041],[-65.67776,8.123],[-65.67358,8.12242],[-65.67535,8.11328],[-65.67275,8.10339],[-65.67724,8.10374],[-65.67562,8.09944],[-65.67862,8.09811],[-65.67501,8.0937],[-65.67737,8.09167],[-65.67601,8.08762],[-65.68085,8.0858],[-65.68199,8.08101],[-65.67427,8.07402],[-65.67739,8.07383],[-65.67948,8.06831],[-65.68336,8.06684],[-65.6817,8.06035],[-65.68551,8.058],[-65.6824,8.05442],[-65.68432,8.05084],[-65.68078,8.04972],[-65.68204,8.04545],[-65.67758,8.04619],[-65.67923,8.03715],[-65.67685,8.03268],[-65.68492,8.02376],[-65.67898,8.02086],[-65.676,8.01623],[-65.68162,8.01195],[-65.67938,8.00358],[-65.68231,8.00034],[-65.68052,7.99441],[-65.67483,7.99207],[-65.67522,7.98844],[-65.67189,7.98694],[-65.674,7.98421],[-65.67565,7.98522],[-65.67253,7.98206],[-65.67501,7.98064],[-65.67221,7.97768],[-65.67171,7.98242],[-65.66977,7.9828],[-65.66733,7.97746],[-65.66373,7.97918],[-65.6629,7.97677],[-65.65852,7.97583],[-65.65945,7.97282],[-65.65645,7.97192],[-65.65967,7.96846],[-65.65943,7.96481],[-65.65687,7.96534],[-65.65642,7.96187],[-65.65349,7.96465],[-65.65248,7.96167],[-65.65089,7.96269],[-65.65277,7.95769],[-65.64945,7.95438],[-65.65469,7.95346],[-65.65041,7.95285],[-65.65023,7.95059],[-65.65529,7.94851],[-65.66089,7.95065],[-65.65889,7.9438],[-65.66115,7.94131],[-65.66584,7.94263],[-65.66383,7.93784],[-65.66183,7.94083],[-65.65719,7.93718],[-65.66119,7.92897],[-65.65814,7.92924],[-65.6546,7.93425],[-65.65592,7.92969],[-65.65217,7.92446],[-65.65229,7.92097],[-65.65483,7.91972],[-65.65991,7.92316],[-65.65809,7.91898],[-65.66113,7.91738],[-65.65637,7.91453],[-65.66019,7.91197],[-65.65885,7.90457],[-65.65483,7.89759],[-65.63129,7.91116],[-65.59267,7.92128],[-65.57164,7.92238],[-65.55186,7.91755]]]}},{"type":"Feature","id":"relation/11066374","properties":{"name":"Municipio Infante","level":6,"population":"120889"},"geometry":{"type":"Polygon","coordinates":[[[-65.66004,7.91624],[-65.66113,7.91744],[-65.65809,7.91898],[-65.65984,7.92326],[-65.65483,7.91972],[-65.65229,7.92097],[-65.65217,7.92446],[-65.65592,7.92969],[-65.6546,7.93425],[-65.65814,7.92924],[-65.66119,7.92897],[-65.65719,7.93718],[-65.66183,7.94083],[-65.66394,7.93791],[-65.66581,7.94282],[-65.66115,7.94131],[-65.65889,7.9438],[-65.66089,7.95065],[-65.65529,7.94851],[-65.65023,7.95059],[-65.65041,7.95285],[-65.65469,7.95346],[-65.64945,7.95438],[-65.65277,7.95769],[-65.65089,7.96269],[-65.65248,7.96167],[-65.65349,7.96465],[-65.65642,7.96187],[-65.65687,7.96534],[-65.65943,7.96481],[-65.65967,7.96846],[-65.65645,7.97192],[-65.65945,7.97282],[-65.65852,7.97583],[-65.6629,7.97677],[-65.66373,7.97918],[-65.66733,7.97746],[-65.66977,7.9828],[-65.67171,7.98242],[-65.67221,7.97768],[-65.67501,7.98064],[-65.67253,7.98206],[-65.67565,7.98522],[-65.674,7.98421],[-65.67189,7.98694],[-65.67522,7.98844],[-65.67483,7.99207],[-65.68052,7.99441],[-65.68231,8.00034],[-65.67938,8.00358],[-65.68162,8.01195],[-65.676,8.01623],[-65.67898,8.02086],[-65.68492,8.02376],[-65.67685,8.03268],[-65.67923,8.03715],[-65.67758,8.04619],[-65.68204,8.04545],[-65.68078,8.04972],[-65.68432,8.05084],[-65.6824,8.05442],[-65.68551,8.058],[-65.6817,8.06035],[-65.68336,8.06684],[-65.67948,8.06831],[-65.67739,8.07383],[-65.67427,8.07402],[-65.68199,8.08101],[-65.68085,8.0858],[-65.67601,8.08762],[-65.67737,8.09167],[-65.67501,8.0937],[-65.67862,8.09811],[-65.67562,8.09944],[-65.67724,8.10374],[-65.67275,8.10339],[-65.67535,8.11328],[-65.67358,8.12242],[-65.67776,8.123],[-65.6759,8.13041],[-65.6815,8.14124],[-65.67876,8.14507],[-65.68241,8.14828],[-65.68029,8.15086],[-65.67712,8.14889],[-65.67645,8.15053],[-65.68325,8.15774],[-65.67982,8.16007],[-65.68082,8.16264],[-65.67509,8.16509],[-65.68002,8.16984],[-65.67732,8.17147],[-65.6802,8.17694],[-65.66879,8.18065],[-65.67046,8.18243],[-65.66666,8.19242],[-65.67123,8.20343],[-65.67029,8.20538],[-65.66538,8.20432],[-65.66404,8.20663],[-65.66758,8.21236],[-65.66159,8.21528],[-65.66507,8.21962],[-65.65449,8.22041],[-65.65668,8.22977],[-65.6542,8.23629],[-65.65818,8.24145],[-65.65784,8.24618],[-65.65141,8.24688],[-65.6563,8.25056],[-65.65447,8.25439],[-65.65671,8.25803],[-65.65197,8.26068],[-65.65304,8.26643],[-65.64874,8.26654],[-65.64647,8.27382],[-65.6409,8.27153],[-65.64332,8.2683],[-65.64134,8.26553],[-65.63833,8.2669],[-65.63645,8.27335],[-65.63324,8.27137],[-65.63325,8.2773],[-65.62947,8.28143],[-65.63061,8.28723],[-65.62726,8.28872],[-65.62929,8.2939],[-65.62662,8.30154],[-65.62784,8.30364],[-65.62349,8.30341],[-65.62437,8.30794],[-65.63128,8.31193],[-65.62738,8.31849],[-65.6311,8.32374],[-65.61796,8.32699],[-65.61997,8.33156],[-65.62276,8.33223],[-65.61895,8.33649],[-65.61951,8.34381],[-65.6137,8.34335],[-65.61302,8.35042],[-65.60769,8.35393],[-65.60774,8.35945],[-65.61308,8.36166],[-65.61833,8.36927],[-65.62859,8.36947],[-65.62919,8.37429],[-65.63406,8.37669],[-65.63066,8.38323],[-65.63246,8.38533],[-65.63874,8.38547],[-65.63742,8.39242],[-65.64363,8.39642],[-65.64122,8.39815],[-65.64159,8.40359],[-65.63616,8.40657],[-65.63588,8.41254],[-65.6398,8.40967],[-65.63946,8.41269],[-65.64429,8.41239],[-65.64754,8.41586],[-65.65109,8.41417],[-65.65188,8.42239],[-65.65654,8.4226],[-65.6564,8.42556],[-65.65877,8.42501],[-65.65983,8.42824],[-65.6631,8.42912],[-65.6645,8.43398],[-65.66655,8.43024],[-65.66864,8.43127],[-65.66715,8.43292],[-65.66924,8.43551],[-65.66652,8.43597],[-65.66645,8.43807],[-65.67018,8.44015],[-65.67614,8.45027],[-65.67459,8.45108],[-65.6758,8.45894],[-65.67139,8.46286],[-65.67464,8.46669],[-65.66977,8.46977],[-65.67007,8.47526],[-65.67719,8.47854],[-65.67586,8.48146],[-65.67844,8.4797],[-65.68058,8.48233],[-65.67491,8.48529],[-65.67371,8.4889],[-65.67935,8.49309],[-65.67992,8.49094],[-65.68289,8.49257],[-65.682,8.5073],[-65.69126,8.50873],[-65.69108,8.51375],[-65.69429,8.51475],[-65.69163,8.52387],[-65.69391,8.5277],[-65.69579,8.52589],[-65.69757,8.52946],[-65.69935,8.52833],[-65.70219,8.53317],[-65.70407,8.53262],[-65.70062,8.54069],[-65.7076,8.54614],[-65.70506,8.55054],[-65.70787,8.5534],[-65.70476,8.55504],[-65.70617,8.55999],[-65.7044,8.56151],[-65.70627,8.56222],[-65.70477,8.56689],[-65.70919,8.57504],[-65.71162,8.57415],[-65.71378,8.57671],[-65.71031,8.57779],[-65.71336,8.58278],[-65.71078,8.58625],[-65.70829,8.58405],[-65.70902,8.58893],[-65.71249,8.59137],[-65.71234,8.5942],[-65.71918,8.59765],[-65.71504,8.59794],[-65.71723,8.60654],[-65.71498,8.60763],[-65.71428,8.6148],[-65.71755,8.61543],[-65.72147,8.62109],[-65.71631,8.62307],[-65.72017,8.62273],[-65.71992,8.62517],[-65.72352,8.62441],[-65.72297,8.62734],[-65.72773,8.6282],[-65.72935,8.6313],[-65.72563,8.63292],[-65.72573,8.63582],[-65.7302,8.63564],[-65.73365,8.63843],[-65.73046,8.64097],[-65.73161,8.64556],[-65.73644,8.64665],[-65.73492,8.64959],[-65.73877,8.65019],[-65.74098,8.65595],[-65.74212,8.65186],[-65.7461,8.65535],[-65.74871,8.65398],[-65.75039,8.65596],[-65.74863,8.65817],[-65.75789,8.66242],[-65.76045,8.66718],[-65.75883,8.67044],[-65.75545,8.66987],[-65.75448,8.67643],[-65.75365,8.67481],[-65.75144,8.67713],[-65.75196,8.6831],[-65.74612,8.68362],[-65.74574,8.68726],[-65.74824,8.68975],[-65.74356,8.69459],[-65.74456,8.69731],[-65.74729,8.69727],[-65.7459,8.70285],[-65.74714,8.70518],[-65.75375,8.70557],[-65.76025,8.70227],[-65.75963,8.70634],[-65.77039,8.71567],[-65.77245,8.72689],[-65.77538,8.72846],[-65.77078,8.73208],[-65.77476,8.73734],[-65.77084,8.74105],[-65.7746,8.74442],[-65.775,8.75002],[-65.78203,8.75487],[-65.78665,8.76804],[-65.79165,8.76989],[-65.80164,8.76726],[-65.80662,8.7723],[-65.79905,8.80047],[-65.81008,8.81627],[-65.79768,8.84668],[-65.81497,8.86111],[-65.81574,8.87497],[-65.82347,8.88669],[-65.82549,8.88188],[-65.83006,8.88624],[-65.84287,8.88147],[-65.85338,8.88615],[-65.8711,8.90717],[-65.87909,8.90437],[-65.88277,8.91222],[-65.89454,8.90999],[-65.92569,8.94979],[-65.94037,8.94578],[-65.94877,8.95991],[-65.95918,8.95921],[-65.94502,8.97522],[-65.93349,8.97853],[-65.94036,8.99196],[-65.92061,8.99809],[-65.9193,9.00328],[-65.92755,9.00734],[-65.93199,9.01276],[-65.92726,9.02276],[-65.92577,9.03509],[-65.92066,9.03441],[-65.92482,9.04494],[-65.92343,9.05746],[-65.93639,9.06135],[-65.93774,9.07071],[-65.9402,9.06961],[-65.95044,9.08007],[-65.9436,9.084],[-65.94546,9.10428],[-65.95315,9.11705],[-65.9522,9.12649],[-65.94854,9.13139],[-65.9425,9.13115],[-65.93919,9.12825],[-65.9364,9.13376],[-65.94017,9.13989],[-65.93698,9.14011],[-65.93831,9.14695],[-65.935,9.14702],[-65.93437,9.14423],[-65.93193,9.14691],[-65.92945,9.14578],[-65.9281,9.1565],[-65.89552,9.15627],[-65.89417,9.1622],[-65.89725,9.16278],[-65.89489,9.16565],[-65.8928,9.16393],[-65.88596,9.17341],[-65.88659,9.18078],[-65.89183,9.17996],[-65.89763,9.18884],[-65.89309,9.18976],[-65.89526,9.19357],[-65.90233,9.19301],[-65.90671,9.21482],[-65.90114,9.2135],[-65.90137,9.21895],[-65.88505,9.23284],[-65.88598,9.23943],[-65.89271,9.24515],[-65.89427,9.25218],[-65.89344,9.27433],[-65.89567,9.27468],[-65.89392,9.28061],[-65.89645,9.29143],[-65.89977,9.29708],[-65.91431,9.29371],[-65.91404,9.30385],[-65.91799,9.30518],[-65.9104,9.32011],[-65.90898,9.32818],[-65.89563,9.33218],[-65.89718,9.33618],[-65.89476,9.35033],[-65.89704,9.35801],[-65.89257,9.36416],[-65.89299,9.37237],[-65.88888,9.37199],[-65.8904,9.38664],[-65.89928,9.39429],[-65.90634,9.41238],[-65.90493,9.42078],[-65.90951,9.42521],[-65.90175,9.44033],[-65.89909,9.44271],[-65.89433,9.43993],[-65.89084,9.44239],[-65.90004,9.44743],[-65.90158,9.4566],[-65.90427,9.45709],[-65.91857,9.44833],[-65.9398,9.45725],[-65.93853,9.47152],[-65.94053,9.47587],[-65.92861,9.48955],[-65.93651,9.51653],[-65.9311,9.52489],[-65.93896,9.53615],[-65.93988,9.5482],[-65.96199,9.55186],[-65.96374,9.54531],[-65.96927,9.55164],[-65.97452,9.55299],[-65.97381,9.55695],[-65.98007,9.55804],[-65.97784,9.57062],[-65.98162,9.58668],[-65.99223,9.57702],[-66.00645,9.58075],[-66.00998,9.57794],[-66.00855,9.57404],[-66.00541,9.57405],[-66.00422,9.5714],[-66.00931,9.56182],[-66.007,9.55879],[-66.00954,9.55696],[-66.00937,9.54756],[-66.0136,9.54987],[-66.02018,9.53842],[-66.01825,9.52429],[-66.02606,9.52021],[-66.02487,9.5148],[-66.0297,9.51424],[-66.03607,9.50449],[-66.04063,9.50653],[-66.04068,9.50301],[-66.04515,9.498],[-66.05255,9.49757],[-66.07409,9.46108],[-66.10431,9.46379],[-66.10841,9.45759],[-66.11652,9.45394],[-66.12179,9.42988],[-66.1262,9.43005],[-66.12679,9.40964],[-66.12475,9.40875],[-66.12409,9.39773],[-66.10989,9.38534],[-66.11305,9.36366],[-66.10899,9.3566],[-66.10226,9.35664],[-66.10252,9.33758],[-66.09635,9.33589],[-66.09903,9.30358],[-66.09129,9.29914],[-66.09367,9.29154],[-66.09112,9.29001],[-66.10092,9.26777],[-66.09745,9.26672],[-66.11377,9.22552],[-66.11278,9.22045],[-66.12361,9.21703],[-66.12577,9.21879],[-66.13652,9.21451],[-66.13764,9.21065],[-66.14342,9.20911],[-66.14658,9.19856],[-66.15883,9.19096],[-66.15921,9.18502],[-66.16363,9.18002],[-66.17226,9.17911],[-66.17526,9.17621],[-66.1809,9.1789],[-66.18076,9.17598],[-66.18966,9.17326],[-66.19031,9.16883],[-66.20094,9.16336],[-66.20847,9.15103],[-66.21291,9.15107],[-66.21649,9.14666],[-66.2191,9.13573],[-66.21591,9.13053],[-66.22164,9.12303],[-66.22572,9.12336],[-66.22701,9.12096],[-66.22426,9.11876],[-66.22616,9.1103],[-66.22331,9.10498],[-66.22382,9.10031],[-66.22836,9.0991],[-66.23046,9.09582],[-66.22731,9.08597],[-66.22909,9.08064],[-66.22493,9.07739],[-66.22698,9.07794],[-66.22671,9.07401],[-66.23037,9.07279],[-66.2339,9.06236],[-66.23726,9.06068],[-66.24041,9.04204],[-66.24406,9.04004],[-66.24284,9.03481],[-66.24801,9.03067],[-66.24831,9.02684],[-66.25151,9.0285],[-66.25261,9.02235],[-66.25028,9.01427],[-66.25312,9.01368],[-66.2497,9.0098],[-66.25452,9.00617],[-66.25343,9.0027],[-66.2562,9.00032],[-66.25401,8.99951],[-66.25621,8.99281],[-66.2541,8.98699],[-66.25703,8.98414],[-66.26222,8.98385],[-66.26556,8.97776],[-66.26686,8.97921],[-66.26817,8.97658],[-66.2703,8.97743],[-66.27285,8.97151],[-66.27016,8.9674],[-66.27368,8.96504],[-66.27276,8.96269],[-66.27595,8.95874],[-66.27745,8.95975],[-66.27732,8.95617],[-66.28121,8.958],[-66.28212,8.95324],[-66.28811,8.95236],[-66.28861,8.94654],[-66.29219,8.94668],[-66.29222,8.94106],[-66.29489,8.94026],[-66.29708,8.93342],[-66.29914,8.9344],[-66.30181,8.93138],[-66.29937,8.9297],[-66.29854,8.92188],[-66.30272,8.91917],[-66.30006,8.91559],[-66.30593,8.90862],[-66.30453,8.90386],[-66.3082,8.89838],[-66.3047,8.89256],[-66.30719,8.89065],[-66.30284,8.8878],[-66.30453,8.88722],[-66.30306,8.87758],[-66.30719,8.87452],[-66.3068,8.86961],[-66.3124,8.86649],[-66.31227,8.86357],[-66.31616,8.86061],[-66.31032,8.85295],[-66.31193,8.84133],[-66.30638,8.83755],[-66.3096,8.83538],[-66.30962,8.83247],[-66.30611,8.83279],[-66.30696,8.82789],[-66.31121,8.82588],[-66.30819,8.82205],[-66.31068,8.81904],[-66.30859,8.81458],[-66.31026,8.80472],[-66.30811,8.8023],[-66.31467,8.80039],[-66.31546,8.79812],[-66.31059,8.78921],[-66.31082,8.78254],[-66.30579,8.77602],[-66.30135,8.77716],[-66.30088,8.77127],[-66.29892,8.77143],[-66.30333,8.76305],[-66.29653,8.75685],[-66.29911,8.75167],[-66.2932,8.75103],[-66.29039,8.74607],[-66.28959,8.73181],[-66.29126,8.73047],[-66.29504,8.73322],[-66.29749,8.72952],[-66.29422,8.7241],[-66.28994,8.7234],[-66.29082,8.7204],[-66.28442,8.72104],[-66.28065,8.71205],[-66.28508,8.708],[-66.28253,8.70114],[-66.28381,8.69386],[-66.29161,8.69292],[-66.29091,8.68864],[-66.28215,8.68411],[-66.28331,8.67754],[-66.28655,8.67804],[-66.28982,8.67116],[-66.29639,8.66811],[-66.29393,8.66277],[-66.30068,8.65034],[-66.30093,8.6437],[-66.29628,8.64406],[-66.29434,8.64194],[-66.29618,8.6344],[-66.29337,8.63086],[-66.29443,8.62701],[-66.28881,8.62379],[-66.28632,8.61717],[-66.27986,8.61495],[-66.2771,8.61032],[-66.27829,8.60622],[-66.27601,8.60615],[-66.27401,8.59976],[-66.26904,8.59614],[-66.26373,8.59809],[-66.26356,8.59609],[-66.25853,8.59544],[-66.2671,8.57822],[-66.26729,8.56817],[-66.26512,8.56777],[-66.2616,8.55716],[-66.2635,8.55362],[-66.26209,8.54564],[-66.26589,8.54211],[-66.26116,8.53576],[-66.26415,8.53024],[-66.26233,8.52525],[-66.25795,8.52257],[-66.25712,8.51729],[-66.25511,8.51713],[-66.2633,8.51253],[-66.25794,8.50704],[-66.26325,8.50402],[-66.26354,8.49879],[-66.25782,8.49515],[-66.25578,8.48412],[-66.24791,8.4771],[-66.24455,8.47067],[-66.24739,8.46165],[-66.25567,8.4539],[-66.25405,8.44935],[-66.25537,8.4504],[-66.25958,8.44564],[-66.25657,8.43792],[-66.24864,8.43258],[-66.24762,8.4274],[-66.25086,8.42256],[-66.24477,8.42472],[-66.24404,8.42169],[-66.24777,8.42062],[-66.25142,8.4096],[-66.25337,8.41155],[-66.25595,8.41034],[-66.25876,8.40296],[-66.24901,8.38864],[-66.25087,8.38017],[-66.24574,8.38041],[-66.25294,8.37249],[-66.24753,8.37067],[-66.25331,8.36476],[-66.25124,8.36325],[-66.2573,8.36134],[-66.2577,8.35534],[-66.26217,8.35525],[-66.25845,8.35295],[-66.25559,8.3553],[-66.25324,8.35217],[-66.25604,8.34919],[-66.26113,8.3494],[-66.26,8.34102],[-66.26563,8.33126],[-66.25996,8.3232],[-66.26276,8.32213],[-66.25969,8.31745],[-66.26047,8.31333],[-66.26573,8.31371],[-66.26181,8.30959],[-66.25778,8.31221],[-66.2575,8.30886],[-66.26034,8.30774],[-66.25786,8.30518],[-66.26184,8.30345],[-66.26482,8.30649],[-66.2677,8.30508],[-66.26467,8.30027],[-66.2695,8.3002],[-66.26771,8.29585],[-66.26964,8.29372],[-66.27455,8.29506],[-66.27244,8.29241],[-66.27605,8.29161],[-66.2771,8.28807],[-66.27392,8.28658],[-66.26437,8.29139],[-66.25885,8.28926],[-66.25854,8.28407],[-66.26461,8.28113],[-66.25712,8.28092],[-66.2604,8.27593],[-66.2568,8.27443],[-66.25572,8.27109],[-66.25371,8.27201],[-66.25539,8.2694],[-66.25167,8.2695],[-66.24943,8.26328],[-66.25124,8.2588],[-66.25505,8.26086],[-66.25558,8.25554],[-66.25246,8.25524],[-66.25173,8.25196],[-66.24918,8.25342],[-66.24922,8.24912],[-66.24695,8.24767],[-66.24792,8.24529],[-66.25307,8.24464],[-66.24958,8.24285],[-66.24928,8.234],[-66.25651,8.23147],[-66.25408,8.22774],[-66.2518,8.22894],[-66.25291,8.22578],[-66.26106,8.22469],[-66.26402,8.21967],[-66.25984,8.21297],[-66.26208,8.21251],[-66.26201,8.208],[-66.26009,8.20577],[-66.25644,8.20684],[-66.26032,8.1976],[-66.2555,8.19674],[-66.25479,8.19341],[-66.25807,8.19137],[-66.25684,8.18669],[-66.25348,8.18538],[-66.25649,8.18394],[-66.2564,8.1812],[-66.25352,8.17418],[-66.24652,8.16786],[-66.2474,8.15666],[-66.24544,8.15644],[-66.24351,8.14976],[-66.23648,8.15237],[-66.23669,8.14916],[-66.23334,8.14717],[-66.23452,8.14468],[-66.22773,8.14181],[-66.22728,8.1381],[-66.22932,8.13718],[-66.2265,8.13502],[-66.22359,8.13592],[-66.22215,8.13339],[-66.21889,8.13503],[-66.21905,8.1318],[-66.21628,8.1344],[-66.21219,8.1321],[-66.21061,8.13476],[-66.20875,8.13236],[-66.21104,8.12617],[-66.20953,8.1235],[-66.21616,8.11814],[-66.21151,8.10968],[-66.21471,8.10615],[-66.21379,8.10229],[-66.22503,8.10045],[-66.2253,8.09792],[-66.22304,8.09776],[-66.22578,8.09481],[-66.22201,8.08961],[-66.22485,8.08691],[-66.22729,8.0904],[-66.23587,8.08891],[-66.23519,8.08338],[-66.23689,8.08247],[-66.226,8.07243],[-66.22714,8.06013],[-66.21769,8.06356],[-66.21981,8.05959],[-66.21829,8.0559],[-66.22193,8.05248],[-66.21724,8.04991],[-66.21557,8.05208],[-66.21033,8.04554],[-66.21106,8.04286],[-66.21483,8.04249],[-66.20694,8.03443],[-66.20982,8.02912],[-66.20289,8.02836],[-66.20394,8.01969],[-66.20702,8.0168],[-66.20472,8.01186],[-66.20759,8.00969],[-66.20497,8.00735],[-66.19997,8.01],[-66.19915,8.00723],[-66.2052,8.00404],[-66.20547,8.00137],[-66.20965,8.00046],[-66.20565,7.99475],[-66.2074,7.99001],[-66.20306,7.98629],[-66.19957,7.98663],[-66.19511,7.97847],[-66.19785,7.97225],[-66.19004,7.9733],[-66.19192,7.96656],[-66.19798,7.96546],[-66.19874,7.96046],[-66.19604,7.95402],[-66.19371,7.9541],[-66.19244,7.95729],[-66.19025,7.95449],[-66.19482,7.95163],[-66.191,7.94898],[-66.1922,7.94298],[-66.18928,7.94134],[-66.18663,7.94498],[-66.18471,7.94077],[-66.18192,7.94321],[-66.18325,7.93434],[-66.17766,7.93683],[-66.17637,7.93543],[-66.17885,7.93038],[-66.17607,7.92097],[-66.18063,7.91935],[-66.17509,7.91781],[-66.17851,7.91533],[-66.17558,7.90792],[-66.17933,7.90145],[-66.18383,7.89869],[-66.19053,7.90001],[-66.19345,7.89424],[-66.21024,7.89232],[-66.21013,7.88998],[-66.20522,7.88814],[-66.20831,7.88367],[-66.20668,7.87801],[-66.20366,7.87598],[-66.21098,7.8676],[-66.21006,7.85882],[-66.20425,7.85819],[-66.20667,7.85297],[-66.20348,7.84472],[-66.20787,7.84089],[-66.20784,7.83769],[-66.20287,7.83594],[-66.20234,7.84311],[-66.19937,7.84244],[-66.19515,7.83448],[-66.19752,7.82901],[-66.20315,7.82924],[-66.20335,7.82716],[-66.19269,7.82582],[-66.18865,7.81849],[-66.18317,7.81768],[-66.1847,7.81384],[-66.1922,7.81028],[-66.1835,7.80471],[-66.1806,7.79511],[-66.18856,7.7931],[-66.19551,7.78683],[-66.19235,7.78324],[-66.19338,7.78081],[-66.18605,7.77803],[-66.18382,7.77162],[-66.18051,7.77064],[-66.18551,7.76629],[-66.18741,7.76004],[-66.19166,7.75778],[-66.18977,7.7519],[-66.18531,7.74988],[-66.18374,7.7573],[-66.17762,7.74957],[-66.17528,7.75308],[-66.1729,7.75066],[-66.17015,7.75274],[-66.16503,7.75068],[-66.16125,7.74021],[-66.15604,7.73545],[-66.16031,7.72962],[-66.15188,7.72522],[-66.14929,7.73094],[-66.146,7.73086],[-66.14576,7.72769],[-66.15079,7.7208],[-66.15139,7.71307],[-66.14813,7.71321],[-66.14787,7.71857],[-66.14197,7.71586],[-66.1394,7.71288],[-66.14207,7.70564],[-66.13825,7.70594],[-66.13749,7.7034],[-66.13419,7.70923],[-66.12435,7.7112],[-66.1218,7.71421],[-66.11168,7.70994],[-66.10698,7.71348],[-66.10833,7.70908],[-66.1056,7.68288],[-65.95462,7.68633],[-65.91908,7.69262],[-65.87359,7.69462],[-65.85772,7.70206],[-65.84673,7.71703],[-65.82162,7.72975],[-65.80884,7.73944],[-65.78201,7.79442],[-65.76871,7.81313],[-65.72863,7.84059],[-65.68846,7.87469],[-65.65483,7.89759],[-65.66025,7.91136],[-65.65637,7.91453],[-65.66004,7.91624]]]}},{"type":"Feature","id":"relation/11066375","properties":{"name":"Municipio Las Mercedes","level":6,"population":"33025"},"geometry":{"type":"Polygon","coordinates":[[[-66.52812,7.8128],[-66.52243,7.79201],[-66.51363,7.79321],[-66.51443,7.7802],[-66.48577,7.76707],[-66.47787,7.76058],[-66.47661,7.75118],[-66.48738,7.73835],[-66.48558,7.73173],[-66.46845,7.72999],[-66.46204,7.72508],[-66.44971,7.72248],[-66.43979,7.71628],[-66.4194,7.7158],[-66.40474,7.711],[-66.38794,7.71408],[-66.38128,7.72023],[-66.37239,7.72013],[-66.36475,7.72574],[-66.35767,7.72419],[-66.34146,7.69272],[-66.33739,7.6886],[-66.33095,7.68813],[-66.32861,7.68534],[-66.32873,7.68197],[-66.33601,7.67544],[-66.33821,7.67029],[-66.33029,7.64815],[-66.31948,7.65221],[-66.30378,7.65315],[-66.29004,7.6489],[-66.2655,7.63452],[-66.24558,7.62848],[-66.22378,7.63724],[-66.20893,7.65451],[-66.19203,7.66383],[-66.17555,7.66702],[-66.1419,7.67867],[-66.1056,7.68288],[-66.10833,7.70908],[-66.10698,7.71348],[-66.11168,7.70994],[-66.12165,7.71425],[-66.12435,7.7112],[-66.13419,7.70923],[-66.13685,7.70345],[-66.13825,7.70594],[-66.14188,7.70544],[-66.13962,7.71373],[-66.14739,7.71861],[-66.14853,7.71286],[-66.15129,7.71291],[-66.15202,7.71616],[-66.14576,7.72769],[-66.14615,7.73118],[-66.14929,7.73094],[-66.15188,7.72522],[-66.16031,7.72962],[-66.15604,7.73545],[-66.16125,7.74021],[-66.16454,7.7502],[-66.16999,7.75274],[-66.1729,7.75066],[-66.17528,7.75308],[-66.17762,7.74957],[-66.18374,7.7573],[-66.18623,7.74959],[-66.19177,7.75667],[-66.18052,7.77028],[-66.18382,7.77162],[-66.18605,7.77803],[-66.19338,7.78081],[-66.19235,7.78324],[-66.19551,7.78683],[-66.18856,7.7931],[-66.1806,7.79511],[-66.1835,7.80471],[-66.1922,7.81028],[-66.1847,7.81384],[-66.18317,7.81768],[-66.18865,7.81849],[-66.19269,7.82582],[-66.20335,7.82716],[-66.20315,7.82924],[-66.19752,7.82901],[-66.19515,7.83448],[-66.19937,7.84244],[-66.20234,7.84311],[-66.20287,7.83594],[-66.2078,7.83756],[-66.20787,7.84089],[-66.20348,7.84472],[-66.20667,7.85297],[-66.20425,7.85819],[-66.21006,7.85882],[-66.21098,7.8676],[-66.20366,7.87598],[-66.20668,7.87801],[-66.20831,7.88367],[-66.20522,7.88814],[-66.21047,7.89127],[-66.20263,7.89447],[-66.19345,7.89424],[-66.19053,7.90001],[-66.18383,7.89869],[-66.17933,7.90145],[-66.17558,7.90792],[-66.17851,7.91533],[-66.17509,7.91781],[-66.18063,7.91935],[-66.17607,7.92097],[-66.17885,7.93038],[-66.17637,7.93543],[-66.17766,7.93683],[-66.18325,7.93434],[-66.18192,7.94321],[-66.18471,7.94077],[-66.18663,7.94498],[-66.18928,7.94134],[-66.1922,7.94298],[-66.191,7.94898],[-66.19482,7.95163],[-66.19025,7.95449],[-66.19244,7.95729],[-66.19371,7.9541],[-66.19604,7.95402],[-66.19874,7.96046],[-66.19798,7.96546],[-66.19192,7.96656],[-66.19004,7.9733],[-66.19785,7.97225],[-66.19511,7.97847],[-66.19957,7.98663],[-66.20306,7.98629],[-66.2074,7.99001],[-66.20565,7.99475],[-66.20965,8.00046],[-66.20547,8.00137],[-66.2052,8.00404],[-66.19915,8.00723],[-66.19997,8.01],[-66.20497,8.00735],[-66.20759,8.00969],[-66.20472,8.01186],[-66.20702,8.0168],[-66.20394,8.01969],[-66.20289,8.02836],[-66.20982,8.02912],[-66.20694,8.03443],[-66.21483,8.04249],[-66.21106,8.04286],[-66.21033,8.04554],[-66.21557,8.05208],[-66.21724,8.04991],[-66.22193,8.05248],[-66.21829,8.0559],[-66.21981,8.05959],[-66.21769,8.06356],[-66.22714,8.06013],[-66.226,8.07243],[-66.23689,8.08247],[-66.23519,8.08338],[-66.23587,8.08891],[-66.22729,8.0904],[-66.22485,8.08691],[-66.22201,8.08961],[-66.22578,8.09481],[-66.22304,8.09776],[-66.2253,8.09792],[-66.22503,8.10045],[-66.21379,8.10229],[-66.21471,8.10615],[-66.21151,8.10968],[-66.21616,8.11814],[-66.20953,8.1235],[-66.21104,8.12617],[-66.20875,8.13236],[-66.21061,8.13476],[-66.21219,8.1321],[-66.21628,8.1344],[-66.21905,8.1318],[-66.21889,8.13503],[-66.22215,8.13339],[-66.22359,8.13592],[-66.2265,8.13502],[-66.22932,8.13718],[-66.22728,8.1381],[-66.22773,8.14181],[-66.23452,8.14468],[-66.23334,8.14717],[-66.23669,8.14916],[-66.23648,8.15237],[-66.24351,8.14976],[-66.24544,8.15644],[-66.2474,8.15666],[-66.24652,8.16786],[-66.25352,8.17418],[-66.2564,8.1812],[-66.25649,8.18394],[-66.25348,8.18538],[-66.25684,8.18669],[-66.25807,8.19137],[-66.25479,8.19341],[-66.2555,8.19674],[-66.26032,8.1976],[-66.25644,8.20684],[-66.26009,8.20577],[-66.26201,8.208],[-66.26208,8.21251],[-66.25984,8.21297],[-66.26402,8.21967],[-66.26106,8.22469],[-66.25291,8.22578],[-66.2518,8.22894],[-66.25408,8.22774],[-66.25651,8.23147],[-66.24928,8.234],[-66.24958,8.24285],[-66.25307,8.24464],[-66.24792,8.24529],[-66.24695,8.24767],[-66.24922,8.24912],[-66.24918,8.25342],[-66.25173,8.25196],[-66.25246,8.25524],[-66.25558,8.25554],[-66.25505,8.26086],[-66.25124,8.2588],[-66.24943,8.26328],[-66.25167,8.2695],[-66.25539,8.2694],[-66.25371,8.27201],[-66.25572,8.27109],[-66.2568,8.27443],[-66.2604,8.27593],[-66.25712,8.28092],[-66.26461,8.28113],[-66.25854,8.28407],[-66.25885,8.28926],[-66.26437,8.29139],[-66.27392,8.28658],[-66.2771,8.28807],[-66.27605,8.29161],[-66.27244,8.29241],[-66.27455,8.29506],[-66.26964,8.29372],[-66.26771,8.29585],[-66.2695,8.3002],[-66.26467,8.30027],[-66.2677,8.30508],[-66.26482,8.30649],[-66.26184,8.30345],[-66.25786,8.30518],[-66.26034,8.30774],[-66.2575,8.30886],[-66.25778,8.31221],[-66.26181,8.30959],[-66.26573,8.31371],[-66.26047,8.31333],[-66.25969,8.31745],[-66.26276,8.32213],[-66.25996,8.3232],[-66.26563,8.33126],[-66.26,8.34102],[-66.26113,8.3494],[-66.25604,8.34919],[-66.25324,8.35217],[-66.25559,8.3553],[-66.25845,8.35295],[-66.26217,8.35525],[-66.2577,8.35534],[-66.2573,8.36134],[-66.25124,8.36325],[-66.25331,8.36476],[-66.24753,8.37067],[-66.25294,8.37249],[-66.24574,8.38041],[-66.25087,8.38017],[-66.24901,8.38864],[-66.25876,8.40296],[-66.25595,8.41034],[-66.25337,8.41155],[-66.25142,8.4096],[-66.24777,8.42062],[-66.24404,8.42169],[-66.24477,8.42472],[-66.25086,8.42256],[-66.24762,8.4274],[-66.24864,8.43258],[-66.25657,8.43792],[-66.25958,8.44564],[-66.25537,8.4504],[-66.25405,8.44935],[-66.25567,8.4539],[-66.24739,8.46165],[-66.24455,8.47067],[-66.24791,8.4771],[-66.25578,8.48412],[-66.25782,8.49515],[-66.26354,8.49879],[-66.26325,8.50402],[-66.25794,8.50704],[-66.2633,8.51253],[-66.25511,8.51713],[-66.25712,8.51729],[-66.25795,8.52257],[-66.26233,8.52525],[-66.26415,8.53024],[-66.26116,8.53576],[-66.26589,8.54211],[-66.26209,8.54564],[-66.2635,8.55362],[-66.2616,8.55716],[-66.26512,8.56777],[-66.26729,8.56817],[-66.2671,8.57822],[-66.25853,8.59544],[-66.26356,8.59609],[-66.26373,8.59809],[-66.26904,8.59614],[-66.27401,8.59976],[-66.27601,8.60615],[-66.27829,8.60622],[-66.2771,8.61032],[-66.27986,8.61495],[-66.28632,8.61717],[-66.28881,8.62379],[-66.29443,8.62701],[-66.29337,8.63086],[-66.29618,8.6344],[-66.29434,8.64194],[-66.29628,8.64406],[-66.30093,8.6437],[-66.30068,8.65034],[-66.29393,8.66277],[-66.29639,8.66811],[-66.28982,8.67116],[-66.28655,8.67804],[-66.28331,8.67754],[-66.28215,8.68411],[-66.29091,8.68864],[-66.29161,8.69292],[-66.28381,8.69386],[-66.28253,8.70114],[-66.28508,8.708],[-66.28065,8.71205],[-66.28442,8.72104],[-66.29082,8.7204],[-66.28994,8.7234],[-66.29422,8.7241],[-66.29749,8.72952],[-66.29504,8.73322],[-66.29126,8.73047],[-66.28959,8.73181],[-66.29039,8.74607],[-66.2932,8.75103],[-66.29911,8.75167],[-66.29653,8.75685],[-66.30333,8.76305],[-66.29892,8.77143],[-66.30088,8.77127],[-66.30135,8.77716],[-66.30579,8.77602],[-66.31082,8.78254],[-66.31059,8.78921],[-66.31546,8.79812],[-66.31467,8.80039],[-66.30811,8.8023],[-66.31026,8.80472],[-66.30859,8.81458],[-66.31068,8.81904],[-66.30819,8.82205],[-66.31121,8.82588],[-66.30696,8.82789],[-66.30611,8.83279],[-66.30962,8.83247],[-66.3096,8.83538],[-66.30638,8.83755],[-66.31193,8.84133],[-66.31032,8.85295],[-66.31616,8.86061],[-66.31227,8.86357],[-66.3124,8.86649],[-66.3068,8.86961],[-66.30719,8.87452],[-66.30306,8.87758],[-66.30453,8.88722],[-66.30284,8.8878],[-66.30719,8.89065],[-66.3047,8.89256],[-66.3082,8.89838],[-66.30453,8.90386],[-66.30593,8.90862],[-66.30006,8.91559],[-66.30272,8.91917],[-66.29854,8.92188],[-66.29937,8.9297],[-66.30181,8.93138],[-66.29914,8.9344],[-66.29708,8.93342],[-66.29489,8.94026],[-66.29222,8.94106],[-66.29219,8.94668],[-66.28861,8.94654],[-66.28811,8.95236],[-66.28212,8.95324],[-66.28121,8.958],[-66.27732,8.95617],[-66.27745,8.95975],[-66.27595,8.95874],[-66.27276,8.96269],[-66.27368,8.96504],[-66.27016,8.9674],[-66.27285,8.97151],[-66.2703,8.97743],[-66.26817,8.97658],[-66.26686,8.97921],[-66.26556,8.97776],[-66.26222,8.98385],[-66.25703,8.98414],[-66.2541,8.98699],[-66.25621,8.99281],[-66.25401,8.99951],[-66.2562,9.00032],[-66.25343,9.0027],[-66.25452,9.00617],[-66.2497,9.0098],[-66.25312,9.01368],[-66.25028,9.01427],[-66.25261,9.02235],[-66.25151,9.0285],[-66.24831,9.02684],[-66.24801,9.03067],[-66.24284,9.03481],[-66.24406,9.04004],[-66.24041,9.04204],[-66.23726,9.06068],[-66.2339,9.06236],[-66.23037,9.07279],[-66.22671,9.07401],[-66.22698,9.07794],[-66.2249,9.07752],[-66.22909,9.08064],[-66.22731,9.08597],[-66.23046,9.09582],[-66.22836,9.0991],[-66.22379,9.10042],[-66.22331,9.10498],[-66.22616,9.1103],[-66.22426,9.11876],[-66.22896,9.12569],[-66.22721,9.12815],[-66.22795,9.1361],[-66.23104,9.13624],[-66.23204,9.13875],[-66.23624,9.13722],[-66.23751,9.13932],[-66.25076,9.13918],[-66.24829,9.14599],[-66.25166,9.14936],[-66.25809,9.15033],[-66.26007,9.15416],[-66.29529,9.14862],[-66.33807,9.14672],[-66.33839,9.14977],[-66.34816,9.15536],[-66.35095,9.16076],[-66.355,9.1617],[-66.36338,9.17322],[-66.37146,9.1748],[-66.38024,9.18192],[-66.38944,9.18226],[-66.40086,9.18957],[-66.403,9.18984],[-66.40367,9.17688],[-66.40718,9.17022],[-66.71557,9.22793],[-66.71645,9.2161],[-66.70765,9.20208],[-66.68967,9.13328],[-66.67986,9.10985],[-66.67834,9.08946],[-66.67608,9.08743],[-66.67489,9.077],[-66.67636,9.06881],[-66.67158,9.06182],[-66.66422,9.03848],[-66.66184,9.01608],[-66.66486,8.98409],[-66.65984,8.96287],[-66.66054,8.95055],[-66.65755,8.94546],[-66.65752,8.93434],[-66.67202,8.89065],[-66.66996,8.88196],[-66.67205,8.87532],[-66.66768,8.86198],[-66.68199,8.77504],[-66.68655,8.6973],[-66.69306,8.69191],[-66.6967,8.69259],[-66.69806,8.69048],[-66.69956,8.69303],[-66.70118,8.68919],[-66.69794,8.68425],[-66.70142,8.67844],[-66.70261,8.66934],[-66.70568,8.66631],[-66.70508,8.6629],[-66.70186,8.6612],[-66.69887,8.66326],[-66.69905,8.65641],[-66.70159,8.65456],[-66.69815,8.64938],[-66.70232,8.64584],[-66.69912,8.64058],[-66.70352,8.63678],[-66.70166,8.63355],[-66.70646,8.63061],[-66.70239,8.62715],[-66.70286,8.62503],[-66.70469,8.62529],[-66.70551,8.62164],[-66.71114,8.62009],[-66.7085,8.61519],[-66.71211,8.61106],[-66.71497,8.61179],[-66.71778,8.60696],[-66.71553,8.60105],[-66.71971,8.59812],[-66.72583,8.59992],[-66.72503,8.59618],[-66.7285,8.58706],[-66.72638,8.57975],[-66.72742,8.57809],[-66.73257,8.57892],[-66.7369,8.57105],[-66.73468,8.56695],[-66.74024,8.5605],[-66.73772,8.55577],[-66.74041,8.55203],[-66.73738,8.54193],[-66.74272,8.54193],[-66.74087,8.5355],[-66.74821,8.52468],[-66.746,8.52181],[-66.74634,8.51619],[-66.74354,8.51377],[-66.74605,8.50928],[-66.74071,8.50692],[-66.74034,8.5033],[-66.74434,8.49675],[-66.74316,8.48958],[-66.74022,8.48702],[-66.74263,8.48001],[-66.73892,8.47562],[-66.74549,8.46481],[-66.74249,8.46212],[-66.7453,8.45777],[-66.74921,8.45609],[-66.75061,8.45163],[-66.75198,8.45373],[-66.75302,8.45143],[-66.75487,8.45301],[-66.75495,8.44692],[-66.75152,8.44533],[-66.75222,8.43936],[-66.75997,8.43745],[-66.76421,8.43173],[-66.7541,8.41878],[-66.75384,8.41051],[-66.74932,8.40804],[-66.74543,8.38975],[-66.74235,8.38762],[-66.74057,8.37778],[-66.74486,8.37663],[-66.74038,8.36725],[-66.73979,8.35775],[-66.73659,8.35693],[-66.7389,8.35201],[-66.73498,8.34462],[-66.73644,8.34023],[-66.73264,8.33778],[-66.73299,8.33458],[-66.73653,8.33471],[-66.73405,8.33146],[-66.74001,8.32467],[-66.73359,8.31537],[-66.74073,8.31095],[-66.73822,8.29998],[-66.7422,8.29716],[-66.74045,8.29206],[-66.74403,8.2897],[-66.74471,8.28588],[-66.7383,8.27868],[-66.74188,8.26695],[-66.73837,8.26597],[-66.73664,8.26231],[-66.73933,8.25242],[-66.74254,8.25169],[-66.74904,8.24395],[-66.75309,8.24441],[-66.75748,8.24145],[-66.76594,8.23334],[-66.76468,8.22563],[-66.76806,8.22318],[-66.76707,8.21957],[-66.77082,8.20427],[-66.76283,8.19726],[-66.76406,8.18621],[-66.76642,8.18301],[-66.76257,8.17958],[-66.76818,8.17423],[-66.76538,8.1666],[-66.76922,8.16161],[-66.76543,8.15542],[-66.76613,8.15238],[-66.77302,8.14762],[-66.77021,8.14519],[-66.77209,8.13658],[-66.77002,8.13578],[-66.76983,8.1292],[-66.77551,8.11862],[-66.77268,8.1159],[-66.77357,8.1113],[-66.76955,8.11026],[-66.76706,8.10591],[-66.76946,8.09703],[-66.76549,8.08637],[-66.76484,8.07192],[-66.76051,8.06669],[-66.76414,8.05036],[-66.77635,8.03611],[-66.77773,8.02451],[-66.78116,8.01946],[-66.77677,8.00979],[-66.77299,8.00754],[-66.77616,8.00207],[-66.77102,7.99423],[-66.77373,7.98831],[-66.77882,7.98506],[-66.78515,7.98634],[-66.7866,7.98123],[-66.79185,7.98064],[-66.79427,7.98363],[-66.79867,7.98256],[-66.79997,7.9807],[-66.79735,7.97657],[-66.80063,7.97087],[-66.79227,7.95816],[-66.78798,7.95817],[-66.7795,7.95041],[-66.78032,7.94763],[-66.77505,7.94711],[-66.77296,7.94405],[-66.76851,7.9449],[-66.76564,7.94165],[-66.76497,7.9466],[-66.75821,7.94564],[-66.75248,7.94976],[-66.74209,7.94881],[-66.73588,7.94483],[-66.73228,7.94868],[-66.73052,7.94282],[-66.72214,7.94321],[-66.72326,7.93924],[-66.71988,7.94048],[-66.72122,7.94309],[-66.71726,7.94585],[-66.71381,7.94231],[-66.71793,7.93847],[-66.70682,7.93421],[-66.70545,7.92756],[-66.70149,7.93371],[-66.703,7.94082],[-66.69643,7.93367],[-66.70115,7.92801],[-66.69881,7.92706],[-66.6997,7.92156],[-66.70655,7.92593],[-66.70593,7.92003],[-66.69676,7.90988],[-66.69363,7.91032],[-66.693,7.90663],[-66.68583,7.9102],[-66.68063,7.91],[-66.67373,7.91451],[-66.66416,7.91213],[-66.66206,7.90915],[-66.65183,7.9137],[-66.65014,7.90773],[-66.65189,7.9045],[-66.64935,7.90374],[-66.64514,7.91068],[-66.64684,7.91903],[-66.64123,7.92064],[-66.63934,7.91542],[-66.63356,7.91532],[-66.63941,7.90737],[-66.63899,7.89147],[-66.63427,7.8934],[-66.63705,7.88801],[-66.63656,7.87967],[-66.63959,7.87484],[-66.62955,7.8881],[-66.61664,7.87848],[-66.61382,7.87413],[-66.61449,7.86743],[-66.60879,7.87265],[-66.60221,7.87154],[-66.60175,7.86966],[-66.60906,7.86257],[-66.60581,7.85966],[-66.59961,7.86459],[-66.59505,7.86311],[-66.59685,7.85728],[-66.60217,7.85637],[-66.6027,7.8533],[-66.59136,7.84003],[-66.57733,7.84025],[-66.57413,7.83545],[-66.57806,7.82946],[-66.57471,7.82667],[-66.56739,7.82834],[-66.56049,7.82692],[-66.53792,7.84042],[-66.53072,7.83889],[-66.52709,7.83064],[-66.52802,7.82737],[-66.54137,7.82341],[-66.53948,7.81948],[-66.53241,7.81785],[-66.52781,7.81477],[-66.52812,7.8128]]]}},{"type":"Feature","id":"relation/11066376","properties":{"name":"Municipio Guayabal","level":6,"population":"20206"},"geometry":{"type":"Polygon","coordinates":[[[-67.36553,7.9258],[-67.37038,7.91943],[-67.37625,7.91925],[-67.37819,7.9158],[-67.37813,7.90008],[-67.37491,7.90245],[-67.36964,7.90098],[-67.3681,7.89445],[-67.36457,7.89334],[-67.36742,7.89048],[-67.36568,7.88565],[-67.35797,7.88128],[-67.35518,7.88429],[-67.35589,7.89333],[-67.34964,7.89412],[-67.34677,7.88859],[-67.35318,7.88232],[-67.34767,7.88016],[-67.34328,7.88881],[-67.33618,7.8943],[-67.33731,7.88692],[-67.33194,7.88978],[-67.32695,7.88112],[-67.31925,7.88184],[-67.32664,7.8708],[-67.3309,7.86822],[-67.32673,7.86374],[-67.32435,7.86684],[-67.32098,7.86632],[-67.32282,7.84932],[-67.30952,7.84255],[-67.30759,7.8452],[-67.30284,7.84105],[-67.30432,7.83876],[-67.30213,7.83562],[-67.28832,7.82945],[-67.2756,7.83138],[-67.2653,7.82813],[-67.25826,7.83078],[-67.25413,7.81559],[-67.25186,7.81403],[-67.25073,7.81687],[-67.23804,7.81223],[-67.23754,7.80216],[-67.23491,7.80302],[-67.22538,7.79799],[-67.22368,7.79316],[-67.22518,7.78948],[-67.21886,7.77617],[-67.19169,7.77497],[-67.18183,7.78122],[-67.16935,7.78028],[-67.16429,7.77601],[-67.15607,7.78007],[-67.15428,7.77476],[-67.15952,7.77057],[-67.16033,7.7643],[-67.15601,7.75806],[-67.14729,7.75935],[-67.13868,7.76457],[-67.13152,7.76116],[-67.12256,7.76506],[-67.09619,7.76448],[-67.09478,7.77593],[-67.06456,7.78308],[-67.05801,7.78262],[-67.05017,7.78961],[-67.0369,7.77732],[-67.029,7.77478],[-67.02433,7.76648],[-67.00974,7.75683],[-67.00759,7.75717],[-67.00847,7.76445],[-67.00496,7.76936],[-66.99989,7.76687],[-66.97456,7.76419],[-66.96954,7.76257],[-66.96737,7.75812],[-66.97031,7.74669],[-66.96666,7.74699],[-66.96493,7.75374],[-66.95888,7.74495],[-66.95391,7.74768],[-66.93702,7.74051],[-66.93111,7.74925],[-66.91622,7.75027],[-66.91116,7.75554],[-66.88867,7.74597],[-66.8911,7.738],[-66.8825,7.73135],[-66.88353,7.72505],[-66.87838,7.72828],[-66.87305,7.72488],[-66.84885,7.72233],[-66.84679,7.72369],[-66.84782,7.72998],[-66.84576,7.73594],[-66.83632,7.7339],[-66.83134,7.72879],[-66.81692,7.73237],[-66.8128,7.72947],[-66.80817,7.72097],[-66.79546,7.71348],[-66.79357,7.7043],[-66.78808,7.70294],[-66.78997,7.7111],[-66.78825,7.71229],[-66.78276,7.70617],[-66.78224,7.70991],[-66.77675,7.71076],[-66.7771,7.70379],[-66.77383,7.70056],[-66.7613,7.70141],[-66.76182,7.69749],[-66.75701,7.69562],[-66.74671,7.69613],[-66.74431,7.69851],[-66.73281,7.69409],[-66.73109,7.68916],[-66.7251,7.68651],[-66.72512,7.68942],[-66.7292,7.69278],[-66.71771,7.69422],[-66.71364,7.68952],[-66.70053,7.69988],[-66.69219,7.70153],[-66.68929,7.70664],[-66.69005,7.71708],[-66.68644,7.72079],[-66.68116,7.71839],[-66.67877,7.71168],[-66.68012,7.70258],[-66.68537,7.70004],[-66.68355,7.69839],[-66.67119,7.70545],[-66.66586,7.70397],[-66.66545,7.69478],[-66.64926,7.7006],[-66.63556,7.72936],[-66.64378,7.72672],[-66.64793,7.72788],[-66.65041,7.73642],[-66.6565,7.73907],[-66.65025,7.74315],[-66.65141,7.74938],[-66.65663,7.75008],[-66.65994,7.74499],[-66.66275,7.74662],[-66.66572,7.75575],[-66.6564,7.76027],[-66.65588,7.76778],[-66.64611,7.7677],[-66.63721,7.7607],[-66.63546,7.76968],[-66.629,7.77432],[-66.61844,7.76514],[-66.60441,7.76422],[-66.59591,7.76793],[-66.58995,7.77707],[-66.58304,7.77552],[-66.58308,7.78044],[-66.56587,7.77643],[-66.55172,7.78568],[-66.54895,7.78404],[-66.54964,7.7802],[-66.55683,7.77488],[-66.55321,7.77325],[-66.54807,7.777],[-66.54409,7.78499],[-66.55233,7.80231],[-66.52762,7.81399],[-66.53305,7.81822],[-66.53921,7.81928],[-66.54137,7.82341],[-66.52802,7.82737],[-66.52709,7.83064],[-66.53072,7.83889],[-66.53792,7.84042],[-66.56049,7.82692],[-66.56739,7.82834],[-66.57471,7.82667],[-66.57806,7.82946],[-66.57413,7.83545],[-66.57733,7.84025],[-66.59136,7.84003],[-66.6027,7.8533],[-66.60217,7.85637],[-66.59685,7.85728],[-66.59505,7.86311],[-66.59961,7.86459],[-66.60581,7.85966],[-66.60906,7.86257],[-66.60175,7.86966],[-66.60221,7.87154],[-66.60879,7.87265],[-66.61449,7.86743],[-66.61382,7.87413],[-66.61664,7.87848],[-66.62955,7.8881],[-66.63959,7.87484],[-66.63656,7.87967],[-66.63705,7.88801],[-66.63427,7.8934],[-66.63899,7.89147],[-66.63941,7.90737],[-66.63356,7.91532],[-66.63934,7.91542],[-66.64123,7.92064],[-66.64684,7.91903],[-66.64514,7.91068],[-66.64935,7.90374],[-66.65189,7.9045],[-66.65014,7.90773],[-66.65183,7.9137],[-66.66206,7.90915],[-66.66416,7.91213],[-66.67373,7.91451],[-66.68063,7.91],[-66.68583,7.9102],[-66.69287,7.9066],[-66.69363,7.91032],[-66.69676,7.90988],[-66.70593,7.92003],[-66.70655,7.92593],[-66.6997,7.92156],[-66.69881,7.92706],[-66.70115,7.92801],[-66.69643,7.93367],[-66.703,7.94082],[-66.70149,7.93371],[-66.70545,7.92756],[-66.70682,7.93421],[-66.71793,7.93847],[-66.71381,7.94231],[-66.71726,7.94585],[-66.72122,7.94309],[-66.71988,7.94048],[-66.723,7.93923],[-66.72224,7.94331],[-66.73052,7.94282],[-66.73281,7.9488],[-66.73588,7.94483],[-66.74209,7.94881],[-66.75418,7.94947],[-66.75821,7.94564],[-66.76497,7.9466],[-66.76549,7.94162],[-66.76884,7.94503],[-66.77499,7.94496],[-66.77505,7.94711],[-66.78032,7.94763],[-66.77942,7.95029],[-66.78375,7.95264],[-66.78374,7.95508],[-66.78561,7.95427],[-66.78798,7.95817],[-66.79206,7.95799],[-66.7936,7.96232],[-66.79812,7.96554],[-66.80063,7.97087],[-66.79735,7.97657],[-66.79891,7.98207],[-66.80661,7.98679],[-66.80645,7.98939],[-66.81205,7.98839],[-66.8151,7.99171],[-66.81824,7.98471],[-66.82671,7.99201],[-66.82941,7.9868],[-66.83244,7.98973],[-66.83878,7.98856],[-66.84062,7.99222],[-66.83743,7.99672],[-66.83993,7.99816],[-66.84029,7.99607],[-66.84295,7.99919],[-66.84653,7.9971],[-66.84851,8.00427],[-66.85098,8.0025],[-66.85759,8.00823],[-66.86123,8.00739],[-66.87885,8.01282],[-66.87977,8.02033],[-66.88349,8.02672],[-66.89628,8.03375],[-66.89658,8.03859],[-66.90543,8.04431],[-66.90817,8.05075],[-66.91056,8.05072],[-66.90804,8.05478],[-66.91912,8.05066],[-66.92676,8.05091],[-66.93499,8.05666],[-66.93445,8.06609],[-66.95211,8.07164],[-66.94973,8.07866],[-66.95664,8.08311],[-66.96051,8.08207],[-66.96284,8.08526],[-66.95996,8.08652],[-66.95934,8.09045],[-66.95109,8.09125],[-66.95023,8.10008],[-66.94367,8.10614],[-66.94787,8.11812],[-66.93807,8.12574],[-66.93915,8.13691],[-66.94303,8.13946],[-66.94555,8.1348],[-66.94808,8.13539],[-66.94495,8.14608],[-66.9493,8.15167],[-66.95335,8.1521],[-66.95086,8.15378],[-66.95561,8.1605],[-66.95498,8.16832],[-66.96894,8.17408],[-66.96922,8.17638],[-66.96143,8.17971],[-66.96993,8.18227],[-66.97106,8.18716],[-66.96913,8.18903],[-66.97299,8.19425],[-66.96709,8.20382],[-66.96795,8.20807],[-66.97303,8.20976],[-66.97336,8.21249],[-66.96823,8.2099],[-66.96802,8.21226],[-66.97302,8.21623],[-66.97613,8.21481],[-66.98647,8.22241],[-66.9911,8.23171],[-66.98995,8.23394],[-66.9883,8.2313],[-66.98625,8.23304],[-66.99285,8.24143],[-66.99676,8.23911],[-66.99917,8.24262],[-67.00924,8.24345],[-67.00879,8.2471],[-67.01124,8.24856],[-67.01717,8.24422],[-67.02097,8.24615],[-67.02352,8.2449],[-67.04591,8.25822],[-67.05562,8.25483],[-67.06447,8.26027],[-67.07526,8.26298],[-67.08954,8.28274],[-67.10146,8.2799],[-67.10143,8.28751],[-67.1079,8.29563],[-67.1069,8.29841],[-67.10936,8.3019],[-67.12537,8.30377],[-67.12936,8.31096],[-67.13614,8.31555],[-67.14122,8.3115],[-67.14604,8.31103],[-67.15525,8.3171],[-67.16185,8.31547],[-67.17032,8.31921],[-67.17609,8.31805],[-67.18186,8.32579],[-67.18543,8.34071],[-67.18982,8.34128],[-67.19641,8.33727],[-67.20849,8.33955],[-67.21417,8.33634],[-67.22573,8.34578],[-67.23045,8.3449],[-67.23717,8.34843],[-67.24049,8.35451],[-67.24514,8.3556],[-67.24955,8.34985],[-67.24878,8.3443],[-67.25622,8.34208],[-67.27497,8.34931],[-67.27748,8.35545],[-67.2969,8.36138],[-67.30722,8.36725],[-67.31847,8.35376],[-67.33193,8.35366],[-67.3365,8.35701],[-67.33179,8.37532],[-67.34072,8.36499],[-67.36244,8.37275],[-67.36528,8.37046],[-67.37244,8.37052],[-67.37974,8.37981],[-67.39246,8.3901],[-67.40085,8.38921],[-67.4099,8.39161],[-67.41962,8.38699],[-67.42081,8.39489],[-67.41698,8.40071],[-67.42285,8.40369],[-67.42894,8.4112],[-67.42902,8.4177],[-67.43154,8.42157],[-67.44788,8.42819],[-67.45242,8.43565],[-67.45874,8.43722],[-67.46233,8.4357],[-67.46784,8.44211],[-67.47187,8.44168],[-67.47371,8.44405],[-67.48596,8.44734],[-67.49104,8.44675],[-67.49434,8.45364],[-67.50112,8.45205],[-67.5056,8.45404],[-67.51807,8.45084],[-67.51833,8.44741],[-67.50311,8.43754],[-67.50598,8.43537],[-67.51348,8.43601],[-67.513,8.44238],[-67.51528,8.44326],[-67.51981,8.43462],[-67.51508,8.4228],[-67.50345,8.41937],[-67.5009,8.42163],[-67.49624,8.41433],[-67.49664,8.42189],[-67.49276,8.42311],[-67.48907,8.40995],[-67.49894,8.4093],[-67.49712,8.40397],[-67.49437,8.40589],[-67.49175,8.40293],[-67.483,8.40782],[-67.48012,8.40729],[-67.48022,8.40007],[-67.48649,8.39958],[-67.49291,8.39552],[-67.48851,8.39175],[-67.48422,8.3943],[-67.4887,8.38491],[-67.48683,8.3838],[-67.48163,8.38673],[-67.4871,8.38252],[-67.4866,8.38074],[-67.47133,8.38197],[-67.4659,8.38506],[-67.46439,8.3825],[-67.46929,8.37224],[-67.46245,8.36874],[-67.45694,8.36903],[-67.4573,8.36577],[-67.45382,8.36145],[-67.45828,8.35945],[-67.46112,8.36383],[-67.4647,8.36387],[-67.46482,8.35813],[-67.46058,8.35369],[-67.45305,8.35478],[-67.45049,8.35196],[-67.4429,8.35563],[-67.43974,8.36171],[-67.43639,8.36322],[-67.43495,8.35532],[-67.44011,8.35115],[-67.43447,8.34523],[-67.4272,8.34571],[-67.41818,8.35636],[-67.41278,8.34981],[-67.41265,8.34277],[-67.40413,8.34706],[-67.39957,8.34007],[-67.40062,8.33461],[-67.40433,8.33296],[-67.41162,8.33709],[-67.4153,8.33643],[-67.41536,8.32963],[-67.408,8.32699],[-67.40803,8.32479],[-67.41516,8.31551],[-67.41799,8.30743],[-67.42637,8.30327],[-67.4319,8.30512],[-67.42951,8.28351],[-67.42592,8.28052],[-67.42664,8.27526],[-67.42168,8.27519],[-67.41601,8.26712],[-67.41245,8.26765],[-67.41291,8.264],[-67.41624,8.26154],[-67.42251,8.26362],[-67.43104,8.26256],[-67.43522,8.26571],[-67.43651,8.26287],[-67.43334,8.25934],[-67.42689,8.26079],[-67.42435,8.24469],[-67.41976,8.24393],[-67.41981,8.2369],[-67.41702,8.23227],[-67.40895,8.23997],[-67.40575,8.23971],[-67.40257,8.22663],[-67.4136,8.21769],[-67.41309,8.21457],[-67.41679,8.2115],[-67.40629,8.207],[-67.40176,8.20791],[-67.40179,8.20395],[-67.40507,8.20381],[-67.40984,8.19859],[-67.41266,8.20027],[-67.41847,8.19745],[-67.41773,8.18808],[-67.4253,8.19176],[-67.43056,8.18895],[-67.43123,8.17874],[-67.43485,8.17372],[-67.44019,8.17085],[-67.44466,8.17211],[-67.4539,8.15335],[-67.47253,8.14381],[-67.47305,8.14117],[-67.46986,8.13861],[-67.47795,8.13152],[-67.47457,8.12623],[-67.47869,8.12326],[-67.47153,8.11244],[-67.4703,8.11581],[-67.47496,8.12095],[-67.45966,8.12017],[-67.46154,8.11179],[-67.45961,8.10041],[-67.45483,8.09803],[-67.44381,8.08394],[-67.42901,8.08158],[-67.43047,8.07439],[-67.41653,8.07056],[-67.41618,8.05752],[-67.42516,8.04633],[-67.42292,8.04156],[-67.42738,8.03951],[-67.42334,8.03384],[-67.42337,8.02909],[-67.42911,8.02376],[-67.43185,8.00767],[-67.41725,8.00153],[-67.41208,8.00467],[-67.40085,8.00149],[-67.40001,7.9833],[-67.39417,7.98145],[-67.39256,7.97484],[-67.38782,7.97667],[-67.38485,7.974],[-67.38291,7.97682],[-67.37496,7.9668],[-67.36825,7.96763],[-67.36994,7.96281],[-67.36734,7.96267],[-67.36664,7.95777],[-67.37045,7.95897],[-67.37169,7.9554],[-67.37489,7.95887],[-67.37676,7.95648],[-67.3693,7.94923],[-67.37149,7.94549],[-67.3633,7.94151],[-67.36365,7.92829],[-67.36553,7.9258]]]}},{"type":"Feature","id":"relation/11066377","properties":{"name":"Municipio Camagu\u00e1n","level":6,"population":"24391"},"geometry":{"type":"Polygon","coordinates":[[[-67.37687,7.90899],[-67.37763,7.91813],[-67.37038,7.91943],[-67.36365,7.92829],[-67.3633,7.94151],[-67.37149,7.94549],[-67.3693,7.94923],[-67.37674,7.95627],[-67.37489,7.95887],[-67.37169,7.9554],[-67.37045,7.95897],[-67.36664,7.95777],[-67.36734,7.96267],[-67.36994,7.96281],[-67.36809,7.96736],[-67.37496,7.9668],[-67.38291,7.97682],[-67.38485,7.974],[-67.38782,7.97667],[-67.39256,7.97484],[-67.39417,7.98145],[-67.40001,7.9833],[-67.40085,8.00149],[-67.41208,8.00467],[-67.41725,8.00153],[-67.43198,8.00805],[-67.42911,8.02376],[-67.42337,8.02909],[-67.42334,8.03384],[-67.42738,8.03951],[-67.42292,8.04156],[-67.42516,8.04633],[-67.41618,8.05752],[-67.41653,8.07056],[-67.43047,8.07439],[-67.42901,8.08158],[-67.44381,8.08394],[-67.45483,8.09803],[-67.45961,8.10041],[-67.46154,8.11179],[-67.45966,8.12017],[-67.47496,8.12095],[-67.4703,8.11581],[-67.47153,8.11244],[-67.47869,8.12326],[-67.47457,8.12623],[-67.47795,8.13152],[-67.46986,8.13861],[-67.47305,8.14117],[-67.47253,8.14381],[-67.4539,8.15335],[-67.44466,8.17211],[-67.44019,8.17085],[-67.43485,8.17372],[-67.43123,8.17874],[-67.43056,8.18895],[-67.4253,8.19176],[-67.41773,8.18808],[-67.41847,8.19745],[-67.41266,8.20027],[-67.40984,8.19859],[-67.40507,8.20381],[-67.40179,8.20395],[-67.40176,8.20791],[-67.40629,8.207],[-67.41679,8.2115],[-67.41309,8.21457],[-67.4136,8.21769],[-67.40257,8.22663],[-67.40575,8.23971],[-67.40895,8.23997],[-67.41702,8.23227],[-67.41981,8.2369],[-67.41976,8.24393],[-67.42435,8.24469],[-67.42689,8.26079],[-67.43334,8.25934],[-67.43651,8.26287],[-67.43522,8.26571],[-67.43104,8.26256],[-67.42251,8.26362],[-67.41624,8.26154],[-67.41291,8.264],[-67.41245,8.26765],[-67.41601,8.26712],[-67.42168,8.27519],[-67.42664,8.27526],[-67.42592,8.28052],[-67.42951,8.28351],[-67.4319,8.30512],[-67.42637,8.30327],[-67.41799,8.30743],[-67.41516,8.31551],[-67.40803,8.32479],[-67.408,8.32699],[-67.41536,8.32963],[-67.4153,8.33643],[-67.41162,8.33709],[-67.40433,8.33296],[-67.40062,8.33461],[-67.39957,8.34007],[-67.40413,8.34706],[-67.41265,8.34277],[-67.41278,8.34981],[-67.41818,8.35636],[-67.4272,8.34571],[-67.43447,8.34523],[-67.44011,8.35115],[-67.43495,8.35532],[-67.43639,8.36322],[-67.43974,8.36171],[-67.4429,8.35563],[-67.45049,8.35196],[-67.45305,8.35478],[-67.4622,8.35483],[-67.46542,8.35982],[-67.4647,8.36387],[-67.46112,8.36383],[-67.45828,8.35945],[-67.45382,8.36145],[-67.4573,8.36577],[-67.45694,8.36903],[-67.46245,8.36874],[-67.46929,8.37224],[-67.46439,8.3825],[-67.4659,8.38506],[-67.47133,8.38197],[-67.48453,8.3799],[-67.4871,8.38252],[-67.48163,8.38673],[-67.48683,8.3838],[-67.4887,8.38491],[-67.48422,8.3943],[-67.48851,8.39175],[-67.49222,8.39335],[-67.49212,8.39668],[-67.48022,8.40007],[-67.48012,8.40729],[-67.483,8.40782],[-67.49175,8.40293],[-67.49437,8.40589],[-67.49712,8.40397],[-67.49894,8.4093],[-67.48907,8.40995],[-67.49276,8.42311],[-67.49664,8.42189],[-67.49624,8.41433],[-67.5009,8.42163],[-67.50345,8.41937],[-67.51508,8.4228],[-67.51981,8.43462],[-67.51719,8.44253],[-67.513,8.44238],[-67.5148,8.43769],[-67.51018,8.43516],[-67.50349,8.436],[-67.50622,8.44059],[-67.51893,8.44807],[-67.83715,8.28952],[-67.83403,8.28932],[-67.82899,8.28342],[-67.82797,8.26681],[-67.82981,8.26254],[-67.83363,8.26067],[-67.83208,8.25778],[-67.82555,8.25842],[-67.82023,8.25534],[-67.81182,8.26182],[-67.7953,8.25356],[-67.79148,8.25805],[-67.79391,8.2697],[-67.7905,8.27146],[-67.78789,8.26976],[-67.7853,8.25453],[-67.77585,8.24157],[-67.77411,8.22281],[-67.77171,8.21851],[-67.76113,8.21828],[-67.75178,8.2307],[-67.74823,8.23191],[-67.7076,8.22771],[-67.69935,8.21427],[-67.69695,8.20358],[-67.68725,8.19958],[-67.68059,8.20192],[-67.67827,8.19661],[-67.67854,8.18817],[-67.66703,8.18151],[-67.67073,8.15967],[-67.67535,8.15118],[-67.66822,8.15204],[-67.66381,8.14951],[-67.66365,8.13727],[-67.63148,8.12431],[-67.62579,8.11642],[-67.62198,8.10346],[-67.61212,8.09675],[-67.60779,8.10042],[-67.60183,8.09083],[-67.58345,8.08842],[-67.5749,8.07447],[-67.57773,8.06384],[-67.59143,8.04837],[-67.59678,8.05032],[-67.60119,8.04913],[-67.60485,8.04675],[-67.60631,8.04184],[-67.60021,8.03598],[-67.59003,8.03625],[-67.58551,8.03415],[-67.58548,8.02971],[-67.59183,8.02973],[-67.5944,8.02707],[-67.5806,8.02228],[-67.57701,8.02315],[-67.57056,8.00567],[-67.56744,8.00547],[-67.56158,8.01255],[-67.55707,8.01176],[-67.5608,7.9994],[-67.57334,7.98989],[-67.55365,7.97951],[-67.55276,7.97521],[-67.55819,7.96929],[-67.55791,7.96427],[-67.55391,7.96607],[-67.54839,7.97597],[-67.54085,7.97498],[-67.53502,7.96935],[-67.53448,7.97667],[-67.53108,7.97883],[-67.52301,7.97375],[-67.51418,7.97241],[-67.50796,7.96619],[-67.50281,7.95155],[-67.53546,7.94477],[-67.54023,7.94048],[-67.53802,7.93493],[-67.52159,7.9322],[-67.51408,7.90338],[-67.46706,7.9],[-67.43055,7.88314],[-67.42986,7.88693],[-67.43274,7.88934],[-67.42234,7.89259],[-67.41724,7.907],[-67.41373,7.9096],[-67.40143,7.91277],[-67.39608,7.90724],[-67.39447,7.90909],[-67.39769,7.91483],[-67.39499,7.91512],[-67.39057,7.90768],[-67.38342,7.90677],[-67.38231,7.89978],[-67.37973,7.89744],[-67.37687,7.90899]]]}},{"type":"Feature","id":"relation/11066378","properties":{"name":"Municipio Ort\u00edz","level":6,"population":"23755"},"geometry":{"type":"Polygon","coordinates":[[[-67.25128,9.46731],[-67.20943,9.54927],[-67.20147,9.56004],[-67.21838,9.55938],[-67.2305,9.56676],[-67.23354,9.57152],[-67.23629,9.57147],[-67.233,9.57869],[-67.23502,9.5837],[-67.23306,9.59098],[-67.23761,9.59648],[-67.24952,9.60136],[-67.25112,9.61193],[-67.24834,9.61524],[-67.24713,9.62365],[-67.23572,9.63632],[-67.23071,9.63707],[-67.23184,9.63962],[-67.24395,9.64675],[-67.25534,9.64337],[-67.25877,9.64631],[-67.26623,9.64031],[-67.27718,9.64119],[-67.29506,9.63677],[-67.30072,9.62849],[-67.31055,9.62753],[-67.31546,9.62377],[-67.31935,9.62474],[-67.32132,9.62889],[-67.32956,9.62711],[-67.33353,9.63062],[-67.33906,9.63124],[-67.34284,9.62734],[-67.35353,9.63845],[-67.38473,9.64499],[-67.41141,9.65668],[-67.42013,9.64905],[-67.42025,9.64243],[-67.42366,9.63852],[-67.43969,9.63132],[-67.44131,9.62533],[-67.4473,9.62556],[-67.44931,9.62305],[-67.45025,9.63311],[-67.45826,9.6336],[-67.46147,9.6362],[-67.45702,9.63932],[-67.4598,9.64538],[-67.45515,9.64781],[-67.45639,9.65094],[-67.45167,9.65158],[-67.45458,9.6545],[-67.45167,9.66287],[-67.45883,9.6653],[-67.46377,9.67117],[-67.46193,9.67477],[-67.4642,9.67786],[-67.47642,9.68931],[-67.48084,9.68981],[-67.4803,9.69244],[-67.48332,9.69576],[-67.48721,9.6964],[-67.48888,9.69436],[-67.48817,9.6994],[-67.49274,9.70098],[-67.49336,9.70595],[-67.50255,9.71161],[-67.51089,9.72575],[-67.51875,9.72516],[-67.52056,9.73599],[-67.52728,9.7433],[-67.54287,9.75281],[-67.5495,9.76992],[-67.54552,9.77425],[-67.54514,9.78275],[-67.5359,9.78401],[-67.54365,9.79464],[-67.53544,9.79974],[-67.53191,9.81335],[-67.5339,9.81475],[-67.52926,9.82277],[-67.5312,9.82939],[-67.52692,9.8359],[-67.52801,9.84253],[-67.52558,9.85176],[-67.51538,9.86982],[-67.51738,9.87728],[-67.52267,9.88328],[-67.54014,9.88307],[-67.54604,9.88521],[-67.55038,9.8897],[-67.54855,9.89437],[-67.55576,9.89607],[-67.56567,9.90523],[-67.57781,9.89825],[-67.57381,9.89037],[-67.58669,9.87635],[-67.5848,9.86681],[-67.59104,9.85572],[-67.59049,9.84776],[-67.59234,9.84543],[-67.60037,9.84517],[-67.60379,9.84927],[-67.61129,9.84948],[-67.62365,9.86014],[-67.63135,9.86193],[-67.63383,9.85599],[-67.64469,9.85012],[-67.64558,9.84531],[-67.65848,9.84872],[-67.66584,9.84592],[-67.66703,9.84185],[-67.67886,9.82921],[-67.67963,9.82531],[-67.69064,9.82187],[-67.69809,9.83008],[-67.71077,9.83566],[-67.71092,9.84241],[-67.7029,9.85048],[-67.71152,9.8562],[-67.71249,9.8739],[-67.73189,9.88062],[-67.73676,9.89465],[-67.74502,9.89482],[-67.75211,9.90482],[-67.76428,9.90585],[-67.76756,9.91643],[-67.77465,9.91724],[-67.78247,9.924],[-67.79623,9.9226],[-67.80398,9.92996],[-67.81241,9.91276],[-67.80897,9.90128],[-67.81446,9.89028],[-67.8129,9.87966],[-67.81543,9.87301],[-67.80399,9.85189],[-67.80226,9.83699],[-67.79748,9.83306],[-67.79949,9.82408],[-67.80378,9.81911],[-67.80032,9.81543],[-67.8001,9.80846],[-67.79667,9.8018],[-67.79795,9.78353],[-67.79323,9.78066],[-67.78751,9.78216],[-67.78339,9.76469],[-67.76286,9.76219],[-67.76564,9.75958],[-67.76508,9.74966],[-67.7681,9.7413],[-67.76414,9.74047],[-67.76489,9.73266],[-67.76129,9.72607],[-67.75741,9.72458],[-67.76245,9.71686],[-67.75191,9.7003],[-67.75588,9.69337],[-67.75493,9.68261],[-67.76601,9.6759],[-67.76832,9.67691],[-67.77361,9.67099],[-67.77799,9.67079],[-67.78196,9.66404],[-67.78828,9.66003],[-67.78607,9.65604],[-67.79102,9.65713],[-67.79433,9.65231],[-67.79672,9.65373],[-67.80647,9.65043],[-67.80564,9.64552],[-67.81115,9.6454],[-67.81274,9.63992],[-67.81635,9.63938],[-67.81501,9.63019],[-67.81867,9.63195],[-67.82168,9.62827],[-67.8247,9.63003],[-67.82787,9.62464],[-67.8302,9.62598],[-67.8333,9.62389],[-67.83638,9.62856],[-67.83969,9.62333],[-67.84591,9.62494],[-67.85144,9.61836],[-67.85697,9.62113],[-67.85839,9.61808],[-67.86439,9.61524],[-67.86939,9.61755],[-67.87143,9.61398],[-67.87374,9.61693],[-67.8742,9.61336],[-67.88205,9.60936],[-67.88432,9.6102],[-67.88388,9.61344],[-67.8873,9.61438],[-67.88766,9.61887],[-67.89299,9.62063],[-67.89956,9.61941],[-67.90482,9.61497],[-67.91575,9.61604],[-67.92383,9.60864],[-67.92286,9.60356],[-67.92632,9.59934],[-67.93809,9.60009],[-67.93313,9.58152],[-67.93523,9.57622],[-67.92839,9.57074],[-67.92704,9.5611],[-67.93849,9.56026],[-67.93993,9.55787],[-67.93427,9.55638],[-67.93425,9.55339],[-67.95,9.54864],[-67.95471,9.54959],[-67.96375,9.54291],[-67.97191,9.54175],[-67.97098,9.5382],[-67.97283,9.53635],[-67.96816,9.52842],[-67.95997,9.52906],[-67.95725,9.53141],[-67.95646,9.52665],[-67.96026,9.52583],[-67.95779,9.52125],[-67.96185,9.51927],[-67.96175,9.5138],[-67.95767,9.51526],[-67.95369,9.51186],[-67.95558,9.50821],[-67.95114,9.49486],[-67.94261,9.49415],[-67.94042,9.48883],[-67.93358,9.48862],[-67.93352,9.48568],[-67.9301,9.48565],[-67.92647,9.48166],[-67.92774,9.4724],[-67.92317,9.46933],[-67.92641,9.46622],[-67.92256,9.46169],[-67.92533,9.45913],[-67.92275,9.45912],[-67.91971,9.45408],[-67.92581,9.4553],[-67.92392,9.45081],[-67.92552,9.44755],[-67.92173,9.44446],[-67.92146,9.44087],[-67.91882,9.44144],[-67.92072,9.42954],[-67.91778,9.42309],[-67.9203,9.42305],[-67.92044,9.42089],[-67.91683,9.41646],[-67.91857,9.41394],[-67.9135,9.41226],[-67.91687,9.40918],[-67.91276,9.40667],[-67.91482,9.4055],[-67.91513,9.39958],[-67.92093,9.39723],[-67.91875,9.39453],[-67.92086,9.39253],[-67.919,9.3907],[-67.92073,9.38683],[-67.91706,9.38756],[-67.91986,9.38261],[-67.92169,9.38353],[-67.92031,9.37638],[-67.92324,9.37338],[-67.91953,9.37062],[-67.92206,9.36928],[-67.92268,9.36118],[-67.92506,9.35967],[-67.92306,9.35661],[-67.92156,9.35895],[-67.92088,9.35365],[-67.92451,9.35193],[-67.92362,9.35007],[-67.92777,9.34441],[-67.932,9.34646],[-67.93209,9.34255],[-67.93543,9.34297],[-67.93421,9.33846],[-67.94065,9.33771],[-67.94015,9.33479],[-67.94388,9.33243],[-67.94201,9.3292],[-67.94417,9.32884],[-67.94359,9.32463],[-67.94667,9.32559],[-67.94661,9.31991],[-67.94337,9.3204],[-67.94582,9.31791],[-67.94245,9.31857],[-67.94153,9.31621],[-67.94145,9.31128],[-67.94344,9.31066],[-67.94023,9.30532],[-67.94177,9.30163],[-67.937,9.29969],[-67.93952,9.29814],[-67.93678,9.29321],[-67.92073,9.28579],[-67.91868,9.28108],[-67.91475,9.28258],[-67.91599,9.27829],[-67.91156,9.27405],[-67.91372,9.27309],[-67.90817,9.26991],[-67.90632,9.27127],[-67.90567,9.26738],[-67.90159,9.26965],[-67.89752,9.26196],[-67.8926,9.26122],[-67.89364,9.25926],[-67.89081,9.25607],[-67.88628,9.25633],[-67.88439,9.24971],[-67.886,9.24909],[-67.88323,9.24771],[-67.88476,9.24461],[-67.87995,9.23131],[-67.52331,9.20799],[-67.52121,9.21151],[-67.5165,9.21107],[-67.51306,9.21506],[-67.50849,9.21532],[-67.50717,9.21853],[-67.48239,9.22258],[-67.47863,9.21967],[-67.47141,9.21898],[-67.46276,9.20446],[-67.44409,9.20625],[-67.42304,9.19659],[-67.41779,9.19751],[-67.39704,9.19253],[-67.39765,9.1954],[-67.38978,9.20854],[-67.37813,9.21225],[-67.38146,9.22127],[-67.37784,9.22315],[-67.3764,9.21915],[-67.37149,9.2164],[-67.36955,9.21973],[-67.37374,9.22183],[-67.37352,9.22628],[-67.36595,9.22386],[-67.36634,9.23207],[-67.36314,9.2336],[-67.35991,9.23132],[-67.35632,9.23329],[-67.35663,9.23658],[-67.36308,9.24167],[-67.36732,9.2412],[-67.3747,9.25903],[-67.37076,9.27896],[-67.36482,9.28046],[-67.36598,9.27563],[-67.36291,9.27321],[-67.35324,9.28127],[-67.35089,9.27959],[-67.34729,9.28296],[-67.34548,9.27931],[-67.33687,9.28931],[-67.33684,9.2932],[-67.33163,9.29212],[-67.32281,9.29544],[-67.32229,9.29742],[-67.32553,9.29708],[-67.32857,9.3023],[-67.3234,9.30014],[-67.31757,9.30498],[-67.31636,9.30242],[-67.31433,9.30453],[-67.30968,9.30375],[-67.30982,9.30622],[-67.31631,9.30795],[-67.31166,9.32108],[-67.30567,9.31532],[-67.2988,9.31348],[-67.29958,9.31858],[-67.30231,9.31531],[-67.30406,9.3167],[-67.30215,9.32441],[-67.29897,9.32014],[-67.29741,9.32324],[-67.29464,9.3203],[-67.28399,9.32906],[-67.28075,9.32587],[-67.28291,9.32077],[-67.28114,9.32015],[-67.27916,9.32427],[-67.26663,9.32853],[-67.2678,9.3336],[-67.2717,9.3347],[-67.26284,9.34071],[-67.26663,9.34253],[-67.26229,9.34471],[-67.26261,9.35078],[-67.25944,9.35179],[-67.26121,9.35308],[-67.25869,9.36029],[-67.25477,9.35909],[-67.25592,9.36325],[-67.25025,9.3673],[-67.25368,9.36978],[-67.24948,9.37393],[-67.24819,9.38472],[-67.2446,9.38375],[-67.24646,9.38955],[-67.24242,9.39551],[-67.24541,9.39856],[-67.24278,9.39836],[-67.24414,9.40406],[-67.24032,9.4075],[-67.24352,9.41127],[-67.25071,9.41148],[-67.25523,9.42824],[-67.26017,9.43435],[-67.25929,9.43749],[-67.25468,9.43745],[-67.25575,9.44045],[-67.26028,9.4417],[-67.25388,9.44607],[-67.25834,9.44935],[-67.25142,9.45239],[-67.25189,9.45563],[-67.25457,9.45173],[-67.25671,9.45223],[-67.25727,9.45935],[-67.25675,9.46337],[-67.25128,9.46731]]]}},{"type":"Feature","id":"relation/11066379","properties":{"name":"Municipio Francisco de Miranda","level":6,"population":"141987"},"geometry":{"type":"Polygon","coordinates":[[[-67.86245,9.11167],[-67.8597,9.10578],[-67.85688,9.10558],[-67.85317,9.09566],[-67.84924,9.09316],[-67.85122,9.09138],[-67.85011,9.08513],[-67.85714,9.07456],[-67.856,9.06814],[-67.86072,9.06625],[-67.86085,9.05888],[-67.86404,9.0564],[-67.86288,9.05364],[-67.86648,9.04676],[-67.86405,9.04091],[-67.86662,9.02644],[-67.86478,9.01582],[-67.86832,9.01325],[-67.86816,9.01063],[-67.87339,9.0083],[-67.87171,9.00666],[-67.87516,9.00428],[-67.87559,8.99946],[-67.87937,9.0003],[-67.8816,8.99827],[-67.88345,8.99356],[-67.88137,8.98888],[-67.88734,8.98512],[-67.88753,8.97996],[-67.89104,8.98016],[-67.89253,8.9759],[-67.89808,8.97373],[-67.90581,8.96054],[-67.91319,8.95841],[-67.91579,8.9509],[-67.91884,8.94913],[-67.91735,8.94481],[-67.91944,8.94236],[-67.92146,8.94398],[-67.92045,8.9412],[-67.92486,8.93727],[-67.93035,8.93522],[-67.93035,8.93324],[-67.9381,8.93549],[-67.94196,8.93098],[-67.94546,8.93057],[-67.94745,8.93308],[-67.95258,8.92768],[-67.95758,8.93052],[-67.9642,8.92848],[-67.97,8.92222],[-67.97317,8.92474],[-67.9737,8.92173],[-67.97609,8.92224],[-67.97525,8.91742],[-67.97957,8.90997],[-67.98118,8.90045],[-67.97847,8.89526],[-67.97802,8.88498],[-67.976,8.88202],[-67.96375,8.88343],[-67.96321,8.8796],[-67.96723,8.87383],[-67.96568,8.87342],[-67.96769,8.87223],[-67.96728,8.86583],[-67.97155,8.86529],[-67.97311,8.8617],[-67.97171,8.8564],[-67.97495,8.85531],[-67.97616,8.84931],[-67.97844,8.84963],[-67.97928,8.84654],[-67.97746,8.84579],[-67.98026,8.84558],[-67.98071,8.8428],[-67.98293,8.84394],[-67.9838,8.84025],[-67.99006,8.84011],[-67.99031,8.83607],[-67.98833,8.83684],[-67.98532,8.83101],[-67.99417,8.82661],[-67.99133,8.81763],[-67.99534,8.81839],[-67.99243,8.81293],[-67.99366,8.80727],[-67.99746,8.80478],[-67.99285,8.8031],[-67.99851,8.79889],[-67.99731,8.797],[-68.00215,8.79616],[-68.00305,8.79411],[-68.00015,8.79196],[-68.00703,8.78977],[-68.00532,8.78796],[-68.01379,8.77669],[-68.01266,8.77549],[-68.00977,8.77863],[-68.01005,8.77331],[-68.01488,8.76624],[-68.0266,8.76892],[-68.02431,8.76432],[-68.0273,8.76346],[-68.0249,8.75736],[-68.02139,8.75655],[-68.01795,8.76032],[-68.01515,8.75223],[-68.01336,8.75251],[-68.01696,8.74678],[-68.0132,8.74777],[-68.00939,8.74563],[-68.00818,8.74755],[-68.007,8.74359],[-68.01682,8.73414],[-68.0214,8.73741],[-68.01917,8.74136],[-68.02584,8.74163],[-68.02676,8.73414],[-68.02826,8.73543],[-68.03074,8.7315],[-68.02264,8.72709],[-68.02278,8.73273],[-68.01968,8.73206],[-68.02208,8.72289],[-68.01641,8.71475],[-68.01928,8.71425],[-68.01917,8.71171],[-68.01351,8.71326],[-68.01865,8.71019],[-68.01599,8.70801],[-68.01178,8.70924],[-68.01192,8.70489],[-68.00766,8.69891],[-68.00477,8.70055],[-68.00495,8.69714],[-68.00361,8.70075],[-68.00195,8.69949],[-68.01076,8.69116],[-68.00834,8.68948],[-68.01197,8.68562],[-68.0161,8.6841],[-68.01677,8.68696],[-68.01919,8.68613],[-68.01198,8.68075],[-68.01375,8.67446],[-68.01005,8.67235],[-68.0109,8.66983],[-68.00849,8.6674],[-68.01413,8.65938],[-68.00725,8.65704],[-68.00975,8.6538],[-68.002,8.65436],[-68.00242,8.64424],[-68.00539,8.63897],[-68.0087,8.63821],[-68.00214,8.63337],[-68.00774,8.62713],[-68.01987,8.62214],[-68.01262,8.61347],[-68.01301,8.6115],[-68.01657,8.61232],[-68.01503,8.60769],[-68.01046,8.60941],[-68.01751,8.60333],[-68.01277,8.59723],[-68.02134,8.59323],[-68.01094,8.59015],[-68.01046,8.5863],[-68.01509,8.57563],[-68.00813,8.57591],[-68.00029,8.58547],[-67.99401,8.5789],[-67.9982,8.57339],[-67.99704,8.56714],[-68.00188,8.55891],[-67.997,8.56019],[-67.99713,8.55634],[-67.99973,8.55681],[-68.00271,8.5538],[-68.00795,8.55485],[-68.01143,8.56096],[-68.01423,8.56116],[-68.00947,8.54998],[-68.01619,8.54868],[-68.01463,8.54144],[-68.01786,8.5433],[-68.02303,8.54141],[-68.02139,8.53423],[-68.02647,8.53883],[-68.03192,8.53473],[-68.02336,8.53161],[-68.02019,8.52801],[-68.02107,8.51334],[-68.01497,8.5031],[-68.01561,8.4969],[-68.01898,8.49228],[-67.99948,8.4876],[-68.00889,8.47519],[-68.0007,8.46695],[-67.97362,8.46917],[-67.97308,8.45306],[-67.98957,8.44634],[-67.99194,8.43822],[-67.97829,8.43423],[-67.96646,8.42266],[-67.95792,8.42054],[-67.96435,8.40888],[-67.95965,8.40571],[-67.951,8.39298],[-67.94463,8.39363],[-67.94012,8.39041],[-67.93573,8.3796],[-67.93943,8.37648],[-67.93864,8.3743],[-67.9308,8.37246],[-67.90815,8.38001],[-67.90024,8.37932],[-67.89868,8.37649],[-67.90591,8.37185],[-67.90291,8.3658],[-67.88614,8.34519],[-67.87339,8.34385],[-67.87071,8.33785],[-67.86325,8.35014],[-67.85529,8.3512],[-67.85243,8.34074],[-67.85352,8.33494],[-67.88131,8.30538],[-67.88005,8.30012],[-67.87611,8.30021],[-67.87589,8.30295],[-67.86033,8.30965],[-67.8598,8.31772],[-67.85725,8.31694],[-67.84244,8.3071],[-67.84285,8.28762],[-67.84126,8.28709],[-67.51893,8.44807],[-67.51637,8.45193],[-67.49434,8.45364],[-67.49104,8.44675],[-67.48596,8.44734],[-67.47371,8.44405],[-67.47187,8.44168],[-67.46784,8.44211],[-67.46233,8.4357],[-67.45874,8.43722],[-67.45242,8.43565],[-67.44788,8.42819],[-67.43154,8.42157],[-67.42902,8.4177],[-67.42894,8.4112],[-67.42285,8.40369],[-67.41698,8.40071],[-67.42081,8.39489],[-67.41962,8.38699],[-67.4099,8.39161],[-67.40085,8.38921],[-67.39246,8.3901],[-67.37974,8.37981],[-67.37244,8.37052],[-67.36528,8.37046],[-67.36244,8.37275],[-67.34072,8.36499],[-67.33179,8.37532],[-67.3365,8.35701],[-67.33193,8.35366],[-67.31847,8.35376],[-67.30722,8.36725],[-67.2969,8.36138],[-67.27748,8.35545],[-67.27497,8.34931],[-67.25622,8.34208],[-67.24878,8.3443],[-67.24955,8.34985],[-67.24514,8.3556],[-67.24049,8.35451],[-67.23717,8.34843],[-67.23045,8.3449],[-67.22573,8.34578],[-67.21417,8.33634],[-67.20849,8.33955],[-67.19641,8.33727],[-67.18982,8.34128],[-67.18543,8.34071],[-67.18186,8.32579],[-67.17609,8.31805],[-67.17032,8.31921],[-67.16185,8.31547],[-67.15525,8.3171],[-67.14604,8.31103],[-67.14122,8.3115],[-67.13614,8.31555],[-67.12936,8.31096],[-67.12537,8.30377],[-67.10936,8.3019],[-67.1069,8.29841],[-67.1079,8.29563],[-67.10143,8.28751],[-67.10146,8.2799],[-67.08954,8.28274],[-67.07526,8.26298],[-67.06447,8.26027],[-67.05562,8.25483],[-67.04591,8.25822],[-67.02352,8.2449],[-67.02097,8.24615],[-67.01717,8.24422],[-67.01124,8.24856],[-67.00879,8.2471],[-67.00924,8.24345],[-66.99917,8.24262],[-66.99676,8.23911],[-66.99285,8.24143],[-66.98625,8.23304],[-66.9883,8.2313],[-66.98995,8.23394],[-66.9911,8.23171],[-66.98647,8.22241],[-66.97613,8.21481],[-66.97302,8.21623],[-66.96802,8.21226],[-66.96823,8.2099],[-66.97336,8.21249],[-66.97303,8.20976],[-66.96795,8.20807],[-66.96709,8.20382],[-66.97299,8.19425],[-66.96913,8.18903],[-66.97106,8.18716],[-66.96993,8.18227],[-66.96143,8.17971],[-66.96922,8.17638],[-66.96894,8.17408],[-66.95498,8.16832],[-66.95561,8.1605],[-66.95086,8.15378],[-66.95335,8.1521],[-66.9493,8.15167],[-66.94495,8.14608],[-66.94808,8.13539],[-66.94555,8.1348],[-66.94303,8.13946],[-66.93915,8.13691],[-66.93807,8.12574],[-66.94787,8.11812],[-66.94367,8.10614],[-66.95023,8.10008],[-66.95109,8.09125],[-66.95934,8.09045],[-66.95996,8.08652],[-66.96284,8.08526],[-66.96051,8.08207],[-66.95664,8.08311],[-66.94973,8.07866],[-66.95233,8.07186],[-66.93445,8.06609],[-66.93499,8.05666],[-66.92676,8.05091],[-66.91912,8.05066],[-66.90804,8.05478],[-66.91056,8.05072],[-66.90817,8.05075],[-66.90543,8.04431],[-66.89658,8.03859],[-66.89628,8.03375],[-66.88349,8.02672],[-66.87977,8.02033],[-66.87885,8.01282],[-66.86123,8.00739],[-66.85759,8.00823],[-66.85098,8.0025],[-66.84851,8.00427],[-66.84653,7.9971],[-66.84295,7.99919],[-66.84029,7.99607],[-66.83993,7.99816],[-66.83743,7.99672],[-66.84062,7.99222],[-66.83878,7.98856],[-66.83244,7.98973],[-66.82941,7.9868],[-66.82671,7.99201],[-66.81824,7.98471],[-66.81737,7.9901],[-66.81468,7.99172],[-66.8123,7.98846],[-66.80659,7.98947],[-66.80339,7.98425],[-66.79905,7.98226],[-66.79394,7.98359],[-66.79167,7.98063],[-66.7866,7.98123],[-66.78488,7.98648],[-66.77961,7.98474],[-66.77392,7.98812],[-66.77102,7.99504],[-66.77616,8.00207],[-66.77291,8.00723],[-66.77677,8.00979],[-66.78116,8.01946],[-66.77773,8.02451],[-66.77635,8.03611],[-66.76414,8.05036],[-66.76051,8.06669],[-66.76484,8.07192],[-66.76549,8.08637],[-66.76946,8.09703],[-66.76706,8.10591],[-66.76955,8.11026],[-66.77357,8.1113],[-66.77268,8.1159],[-66.77551,8.11862],[-66.76983,8.1292],[-66.77002,8.13578],[-66.77209,8.13658],[-66.77021,8.14519],[-66.77302,8.14762],[-66.76613,8.15238],[-66.76543,8.15542],[-66.76922,8.16161],[-66.76538,8.1666],[-66.76818,8.17423],[-66.76257,8.17958],[-66.76642,8.18301],[-66.76406,8.18621],[-66.76283,8.19726],[-66.77082,8.20427],[-66.76707,8.21957],[-66.76806,8.22318],[-66.76468,8.22563],[-66.76594,8.23334],[-66.75748,8.24145],[-66.75309,8.24441],[-66.74904,8.24395],[-66.7391,8.253],[-66.73666,8.26307],[-66.74188,8.26695],[-66.73826,8.27855],[-66.74471,8.28588],[-66.74403,8.2897],[-66.74045,8.29206],[-66.7422,8.29716],[-66.73822,8.29998],[-66.74073,8.31095],[-66.73359,8.31537],[-66.74001,8.32467],[-66.73405,8.33146],[-66.73653,8.33471],[-66.73299,8.33458],[-66.73263,8.33761],[-66.73644,8.34023],[-66.73498,8.34462],[-66.7389,8.35201],[-66.73659,8.35693],[-66.73979,8.35775],[-66.74038,8.36725],[-66.74486,8.37663],[-66.74057,8.37778],[-66.74235,8.38762],[-66.74543,8.38975],[-66.74932,8.40804],[-66.75384,8.41051],[-66.7541,8.41878],[-66.76421,8.43173],[-66.75997,8.43745],[-66.75222,8.43936],[-66.75152,8.44533],[-66.75495,8.44692],[-66.75487,8.45301],[-66.75302,8.45143],[-66.75198,8.45373],[-66.75061,8.45163],[-66.74921,8.45609],[-66.7453,8.45777],[-66.74249,8.46212],[-66.74549,8.46481],[-66.73892,8.47562],[-66.74263,8.48001],[-66.74022,8.48702],[-66.74316,8.48958],[-66.74434,8.49675],[-66.74034,8.5033],[-66.74071,8.50692],[-66.74605,8.50928],[-66.74354,8.51377],[-66.74634,8.51619],[-66.746,8.52181],[-66.74821,8.52468],[-66.74087,8.5355],[-66.74272,8.54193],[-66.73738,8.54193],[-66.74041,8.55203],[-66.73772,8.55577],[-66.74024,8.5605],[-66.73468,8.56695],[-66.7369,8.57105],[-66.73257,8.57892],[-66.72742,8.57809],[-66.72638,8.57975],[-66.7285,8.58706],[-66.72503,8.59618],[-66.72583,8.59992],[-66.71971,8.59812],[-66.71553,8.60105],[-66.71778,8.60696],[-66.71497,8.61179],[-66.71211,8.61106],[-66.7085,8.61519],[-66.71114,8.62009],[-66.70551,8.62164],[-66.70469,8.62529],[-66.70286,8.62503],[-66.70239,8.62715],[-66.70646,8.63061],[-66.70166,8.63355],[-66.70352,8.63678],[-66.69912,8.64058],[-66.70232,8.64584],[-66.69815,8.64938],[-66.70159,8.65456],[-66.69905,8.65641],[-66.69887,8.66326],[-66.70186,8.6612],[-66.70508,8.6629],[-66.70568,8.66631],[-66.70261,8.66934],[-66.70142,8.67844],[-66.69794,8.68425],[-66.70118,8.68919],[-66.69956,8.69303],[-66.69806,8.69048],[-66.6967,8.69259],[-66.69306,8.69191],[-66.68655,8.6973],[-66.68199,8.77504],[-66.66768,8.86198],[-66.67205,8.87532],[-66.66996,8.88196],[-66.67202,8.89065],[-66.65752,8.93434],[-66.65755,8.94546],[-66.66054,8.95055],[-66.65984,8.96287],[-66.66486,8.98409],[-66.66184,9.01608],[-66.66422,9.03848],[-66.67158,9.06182],[-66.67636,9.06881],[-66.67489,9.077],[-66.67608,9.08743],[-66.67834,9.08946],[-66.67986,9.10985],[-66.68967,9.13328],[-66.70765,9.20208],[-66.71645,9.2161],[-66.71631,9.22964],[-66.71926,9.23014],[-66.72168,9.22741],[-66.72669,9.23712],[-66.75061,9.24537],[-66.76696,9.25748],[-67.00207,9.18668],[-67.00423,9.19243],[-67.0164,9.1921],[-67.02242,9.19798],[-67.0264,9.19852],[-67.09481,9.19473],[-67.11591,9.18157],[-67.12325,9.17409],[-67.12371,9.16689],[-67.12734,9.16178],[-67.13671,9.15836],[-67.13503,9.17434],[-67.13676,9.17712],[-67.14228,9.17762],[-67.14693,9.18115],[-67.14938,9.19808],[-67.15779,9.19919],[-67.16094,9.20211],[-67.16408,9.19978],[-67.1716,9.20161],[-67.18676,9.19889],[-67.18734,9.20301],[-67.19459,9.20256],[-67.19992,9.20781],[-67.20577,9.20386],[-67.20821,9.20528],[-67.21474,9.20163],[-67.21956,9.20246],[-67.22614,9.19715],[-67.23541,9.19785],[-67.24074,9.19276],[-67.2452,9.18281],[-67.24856,9.18298],[-67.25043,9.17994],[-67.25441,9.18123],[-67.25607,9.17762],[-67.2594,9.17961],[-67.26468,9.17751],[-67.26865,9.17937],[-67.27961,9.17545],[-67.28338,9.17041],[-67.29214,9.17278],[-67.29332,9.17054],[-67.29966,9.17268],[-67.30265,9.17011],[-67.31067,9.17095],[-67.32088,9.16053],[-67.32341,9.16152],[-67.33397,9.15514],[-67.33764,9.15714],[-67.34572,9.15372],[-67.34781,9.15127],[-67.34619,9.14485],[-67.34829,9.14301],[-67.36992,9.13628],[-67.37237,9.13946],[-67.36919,9.14073],[-67.36705,9.14752],[-67.36846,9.15056],[-67.37651,9.15346],[-67.38071,9.15112],[-67.38119,9.15418],[-67.39417,9.16161],[-67.39457,9.16723],[-67.39896,9.16901],[-67.39502,9.17696],[-67.39939,9.18366],[-67.39704,9.19253],[-67.41779,9.19751],[-67.42304,9.19659],[-67.44409,9.20625],[-67.46276,9.20446],[-67.47141,9.21898],[-67.47863,9.21967],[-67.48141,9.22246],[-67.48592,9.22093],[-67.49004,9.22276],[-67.50717,9.21853],[-67.50849,9.21532],[-67.51306,9.21506],[-67.5165,9.21107],[-67.52121,9.21151],[-67.52331,9.20799],[-67.87995,9.23131],[-67.87631,9.22237],[-67.87657,9.21848],[-67.87994,9.21752],[-67.87731,9.21548],[-67.87624,9.20696],[-67.88022,9.20104],[-67.87379,9.19555],[-67.87471,9.19216],[-67.87152,9.18636],[-67.87531,9.17971],[-67.8611,9.15357],[-67.86231,9.14545],[-67.8578,9.13552],[-67.85864,9.12763],[-67.85599,9.12719],[-67.85599,9.11692],[-67.86245,9.11167]]]}}]}