{"type":"FeatureCollection","features":[{"type":"Feature","id":"way/35152872","properties":{"name":"Carretera Cantagallo - La Uni\u00f3n de Canuto","highway":"tertiary","ref":"R-30"},"geometry":{"type":"LineString","coordinates":[[-67.38455,9.81342],[-67.38749,9.81501],[-67.38993,9.81353],[-67.39413,9.81368],[-67.39732,9.81068],[-67.39955,9.81095],[-67.40085,9.81265],[-67.40283,9.81227],[-67.4046,9.80979],[-67.40539,9.80445],[-67.40911,9.80034],[-67.41187,9.7927],[-67.42844,9.79019],[-67.43208,9.78716],[-67.43544,9.78795],[-67.43777,9.78745],[-67.44028,9.78951],[-67.44821,9.78639],[-67.45119,9.7875],[-67.45264,9.78706],[-67.45483,9.78855],[-67.45748,9.78768],[-67.46109,9.78934],[-67.4636,9.78821],[-67.468,9.78865],[-67.47343,9.78685],[-67.48152,9.78853],[-67.49371,9.78842],[-67.49973,9.79037],[-67.50231,9.79237],[-67.5143,9.79534],[-67.52133,9.79537],[-67.52293,9.79404],[-67.5252,9.78937]]}},{"type":"Feature","id":"way/37617074","properties":{"name":"Avenida Felipe Acosta Carlez","highway":"trunk","ref":"T-2"},"geometry":{"type":"LineString","coordinates":[[-67.34726,9.91471],[-67.34762,9.9159]]}},{"type":"Feature","id":"way/44917462","properties":{"name":"Carretera Nacional de Los Llanos","highway":"trunk","ref":"T-13"},"geometry":{"type":"LineString","coordinates":[[-67.24408,9.53126],[-67.23988,9.52509],[-67.11018,9.4042],[-67.09383,9.39573],[-67.08055,9.39136]]}},{"type":"Feature","id":"way/69091625","properties":{"name":"Carretera Zaraza - El Socorro","highway":"tertiary","ref":"R-25"},"geometry":{"type":"LineString","coordinates":[[-65.63278,8.91794],[-65.63181,8.93947],[-65.62319,8.95113],[-65.58945,8.96856],[-65.58084,8.96835],[-65.5784,8.96908],[-65.56731,8.97623],[-65.55539,8.98689],[-65.54908,8.99538],[-65.53893,9.00485],[-65.53082,9.01643],[-65.52296,9.02461],[-65.52015,9.03189],[-65.52281,9.03799],[-65.52348,9.04668],[-65.5222,9.05532],[-65.52271,9.06844],[-65.52041,9.08277],[-65.52104,9.08692],[-65.51427,9.10008],[-65.5085,9.1167],[-65.50802,9.1313],[-65.50125,9.14881],[-65.49146,9.15922],[-65.48362,9.17078],[-65.47688,9.17496],[-65.47329,9.1786],[-65.46784,9.1886],[-65.46265,9.19032],[-65.45799,9.19353],[-65.45214,9.20669],[-65.44096,9.22154],[-65.43686,9.22554],[-65.43401,9.23067],[-65.42506,9.24018],[-65.41677,9.24643],[-65.41173,9.25981],[-65.39768,9.26945],[-65.39195,9.2806],[-65.38534,9.28506],[-65.37923,9.28607],[-65.37552,9.28999],[-65.36591,9.29396]]}},{"type":"Feature","id":"way/69091628","properties":{"name":"Carretera Nacional Zaraza - Aragua","highway":"trunk","ref":"T-13"},"geometry":{"type":"LineString","coordinates":[[-65.31453,9.34447],[-65.31331,9.34483]]}},{"type":"Feature","id":"way/103928021","properties":{"name":"Carretera Regional San Juan - San Sebasti\u00e1n","highway":"primary","ref":"T-11"},"geometry":{"type":"LineString","coordinates":[[-67.33837,9.9229],[-67.33381,9.92485],[-67.32755,9.92403],[-67.32611,9.92584],[-67.32143,9.92835],[-67.29927,9.92187],[-67.2975,9.9195],[-67.29454,9.91782],[-67.28622,9.91682],[-67.27964,9.91875],[-67.27696,9.92055],[-67.27341,9.92007]]}},{"type":"Feature","id":"way/108012317","properties":{"highway":"trunk","ref":"T-12"},"geometry":{"type":"LineString","coordinates":[[-66.25054,7.63826],[-66.24858,7.6427]]}},{"type":"Feature","id":"way/109967250","properties":{"name":"Avenida Universidad","highway":"secondary","ref":"R-20"},"geometry":{"type":"LineString","coordinates":[[-67.41521,8.9281],[-67.4137,8.9292],[-67.41,8.93562]]}},{"type":"Feature","id":"way/116782681","properties":{"name":"V\u00eda a San Francisco de Macaira","highway":"secondary","ref":"R-11"},"geometry":{"type":"LineString","coordinates":[[-66.31197,9.87119],[-66.31074,9.87764],[-66.3145,9.88293],[-66.316,9.88697],[-66.31611,9.89592],[-66.31438,9.89799],[-66.3129,9.89881],[-66.3109,9.89831],[-66.31014,9.89964],[-66.30386,9.89935],[-66.3002,9.90696],[-66.29428,9.91026],[-66.29211,9.9104],[-66.28966,9.91526],[-66.28964,9.91867],[-66.29108,9.9222],[-66.29511,9.92396],[-66.29908,9.92417],[-66.3005,9.92552],[-66.3007,9.9274],[-66.30246,9.92833],[-66.30098,9.93005],[-66.29929,9.93022],[-66.30022,9.93273],[-66.29421,9.93606],[-66.29237,9.93602],[-66.29028,9.93942],[-66.28905,9.94347],[-66.29157,9.94663],[-66.29122,9.95259],[-66.28969,9.95473],[-66.2903,9.95811],[-66.28743,9.95766],[-66.2846,9.95943],[-66.28112,9.95975],[-66.27969,9.95857],[-66.27817,9.96045],[-66.27541,9.95992],[-66.27298,9.96058],[-66.27193,9.96198],[-66.26801,9.96184]]}},{"type":"Feature","id":"way/116782682","properties":{"highway":"tertiary","ref":"R-11"},"geometry":{"type":"LineString","coordinates":[[-66.26801,9.96184],[-66.26729,9.96127]]}},{"type":"Feature","id":"way/116782683","properties":{"highway":"tertiary"},"geometry":{"type":"LineString","coordinates":[[-66.26729,9.96127],[-66.26653,9.96364]]}},{"type":"Feature","id":"way/129357799","properties":{"name":"Avenida R\u00f3mulo Gallegos","highway":"trunk","ref":"T-13"},"geometry":{"type":"LineString","coordinates":[[-66.00927,9.21624],[-65.99832,9.21493]]}},{"type":"Feature","id":"way/129358039","properties":{"name":"Carretera Nacional de Los Llanos","highway":"trunk","ref":"T-15"},"geometry":{"type":"LineString","coordinates":[[-65.31507,8.81907],[-65.313,8.81972],[-65.30653,8.81863],[-65.30174,8.81594],[-65.293,8.81781],[-65.28957,8.81645],[-65.28583,8.81695],[-65.2811,8.81542],[-65.26303,8.81402],[-65.24447,8.81067],[-65.23658,8.81054],[-65.22559,8.80829],[-65.2119,8.80028],[-65.20837,8.80064],[-65.19515,8.80815],[-65.17477,8.81118],[-65.16873,8.80985],[-65.16042,8.80422],[-65.15309,8.80162],[-65.14913,8.80262],[-65.14569,8.80206],[-65.14382,8.80382],[-65.13916,8.80505],[-65.13293,8.8091],[-65.11624,8.81391],[-65.1107,8.81823],[-65.10547,8.81828],[-65.09964,8.81311],[-65.09496,8.81262],[-65.09242,8.81378],[-65.08399,8.81418],[-65.07753,8.81678],[-65.07435,8.81625],[-65.06332,8.81964],[-65.05785,8.82301],[-65.05249,8.82087],[-65.0503,8.82234],[-65.03037,8.82681],[-65.02677,8.82946],[-65.02191,8.82994],[-65.01166,8.82608],[-65.00155,8.82511],[-64.97756,8.82645],[-64.96571,8.82114],[-64.95943,8.82215],[-64.94829,8.8217],[-64.9424,8.82386],[-64.9318,8.81973],[-64.92855,8.81994],[-64.92186,8.81768],[-64.91665,8.81748],[-64.90568,8.81245],[-64.90432,8.81048],[-64.90419,8.8046],[-64.90291,8.80314],[-64.89069,8.79957],[-64.88352,8.80042],[-64.875,8.79558],[-64.86725,8.79394],[-64.85899,8.7905],[-64.85475,8.79041],[-64.85234,8.79406],[-64.85021,8.79501],[-64.83954,8.79209],[-64.8335,8.7881],[-64.82238,8.78888],[-64.81307,8.79248]]}},{"type":"Feature","id":"way/146413250","properties":{"name":"Avenida Bol\u00edvar","highway":"secondary"},"geometry":{"type":"LineString","coordinates":[[-67.35182,9.9195],[-67.35395,9.91704]]}},{"type":"Feature","id":"way/146414385","properties":{"name":"Avenida R\u00f3mulo Gallegos","highway":"secondary","ref":"R-1"},"geometry":{"type":"LineString","coordinates":[[-67.36246,9.91595],[-67.3682,9.91777]]}},{"type":"Feature","id":"way/146982848","properties":{"name":"Av. Fuerzas Armadas","highway":"secondary","ref":"R-1"},"geometry":{"type":"LineString","coordinates":[[-67.36828,9.9178],[-67.37071,9.91579],[-67.37527,9.91404],[-67.38008,9.90939],[-67.38152,9.90652],[-67.38645,9.90367]]}},{"type":"Feature","id":"way/146982855","properties":{"name":"V\u00eda a El Castrero","highway":"secondary"},"geometry":{"type":"LineString","coordinates":[[-67.38642,9.89148],[-67.38878,9.88912],[-67.39303,9.88896],[-67.39701,9.88601],[-67.39788,9.88346],[-67.40496,9.87319],[-67.40539,9.87007]]}},{"type":"Feature","id":"way/148629225","properties":{"name":"Carretera Tiznados - Las Lajas","highway":"primary","ref":"R-27"},"geometry":{"type":"LineString","coordinates":[[-67.5051,9.25496],[-67.50994,9.25429],[-67.51283,9.25572],[-67.51909,9.26468],[-67.52231,9.2676],[-67.52306,9.27253],[-67.52471,9.27374],[-67.52868,9.28328],[-67.54928,9.32166],[-67.54983,9.3267],[-67.55533,9.33856],[-67.5595,9.36047],[-67.55968,9.36532],[-67.55824,9.36825],[-67.5612,9.37441]]}},{"type":"Feature","id":"way/148629227","properties":{"name":"Carretera Nacional de Los Llanos","highway":"trunk","ref":"T-13"},"geometry":{"type":"LineString","coordinates":[[-67.45232,9.52671],[-67.44738,9.52831],[-67.43645,9.53545],[-67.42651,9.53805],[-67.42033,9.5443],[-67.41212,9.5482],[-67.40257,9.55732],[-67.3925,9.56021],[-67.37785,9.56642],[-67.37079,9.56837],[-67.36319,9.56904],[-67.34522,9.56814],[-67.33686,9.56869]]}},{"type":"Feature","id":"way/148629231","properties":{"highway":"primary","ref":"R-27;R-28"},"geometry":{"type":"LineString","coordinates":[[-67.56157,9.37674],[-67.56237,9.38133]]}},{"type":"Feature","id":"way/148683062","properties":{"name":"Carretera Nacional de Los Llanos","highway":"trunk","ref":"T-13"},"geometry":{"type":"LineString","coordinates":[[-66.47194,9.3973],[-66.45915,9.39389],[-66.4498,9.39553],[-66.43589,9.39151],[-66.40864,9.37903],[-66.36785,9.36802],[-66.34337,9.3671],[-66.32252,9.35583],[-66.26272,9.33969]]}},{"type":"Feature","id":"way/148683079","properties":{"name":"Carretera Regional El Sombrero - Barbacoas","highway":"trunk_link","ref":"L-8"},"geometry":{"type":"LineString","coordinates":[[-67.03159,9.37178],[-67.03172,9.37205]]}},{"type":"Feature","id":"way/148683082","properties":{"name":"Carretera Nacional Chaguaramas - Las Mercedes","highway":"trunk","ref":"T-12"},"geometry":{"type":"LineString","coordinates":[[-66.39275,9.1062],[-66.38542,9.1152],[-66.37326,9.12042],[-66.35726,9.15165],[-66.35122,9.15851],[-66.33751,9.17005],[-66.32358,9.18348],[-66.32138,9.19475],[-66.30123,9.22059],[-66.28817,9.22666],[-66.28086,9.23303],[-66.27754,9.24849],[-66.27139,9.26312],[-66.26121,9.29405],[-66.25453,9.30391],[-66.25183,9.32394],[-66.25205,9.32834]]}},{"type":"Feature","id":"way/148731706","properties":{"name":"Avenida Francisco de Miranda","highway":"secondary"},"geometry":{"type":"LineString","coordinates":[[-67.36418,9.90491],[-67.36121,9.91356]]}},{"type":"Feature","id":"way/148731707","properties":{"name":"Avenida Francisco de Miranda","highway":"secondary","ref":"R-1"},"geometry":{"type":"LineString","coordinates":[[-67.3533,9.92192],[-67.35437,9.92046],[-67.36207,9.91645]]}},{"type":"Feature","id":"way/148731733","properties":{"name":"Redoma de La Bandera","highway":"secondary","ref":"R-1"},"geometry":{"type":"LineString","coordinates":[[-67.36239,9.916],[-67.36239,9.916]]}},{"type":"Feature","id":"way/148731735","properties":{"name":"Carretera Nacional San Juan - Dos Caminos","highway":"trunk","ref":"T-2"},"geometry":{"type":"LineString","coordinates":[[-67.35472,9.77773],[-67.35365,9.78447],[-67.35441,9.78805],[-67.35769,9.79001],[-67.36234,9.79782],[-67.36609,9.79798],[-67.37264,9.80042],[-67.3773,9.80413],[-67.38025,9.80948],[-67.38775,9.81699],[-67.38579,9.82056],[-67.3868,9.82627],[-67.38876,9.8277],[-67.38876,9.83075],[-67.39198,9.8356],[-67.39196,9.83855],[-67.39387,9.84172]]}},{"type":"Feature","id":"way/148731736","properties":{"name":"Avenida Ferm\u00edn Toro","highway":"primary","ref":"T-11"},"geometry":{"type":"LineString","coordinates":[[-67.34639,9.91597],[-67.34674,9.91578]]}},{"type":"Feature","id":"way/150248155","properties":{"name":"Carretera La Encrucijada - El Calvario","highway":"primary","ref":"L-6"},"geometry":{"type":"LineString","coordinates":[[-66.98042,9.06669],[-66.98947,9.08942],[-66.99335,9.11125],[-66.99178,9.11895],[-66.99239,9.12383],[-67.02008,9.1919],[-67.02041,9.19662],[-67.02263,9.20198],[-67.03415,9.22247]]}},{"type":"Feature","id":"way/150257643","properties":{"name":"V\u00eda a Guayabal","highway":"primary","ref":"L-10"},"geometry":{"type":"LineString","coordinates":[[-67.49169,7.96248],[-67.49141,7.96376],[-67.44278,7.98278]]}},{"type":"Feature","id":"way/178088318","properties":{"name":"Carretera Nacional de Los Llanos","highway":"trunk","ref":"T-13"},"geometry":{"type":"LineString","coordinates":[[-67.30709,9.57593],[-67.30685,9.57433],[-67.30106,9.56886],[-67.27957,9.56622]]}},{"type":"Feature","id":"way/178088322","properties":{"name":"Carretera Nacional de Los Llanos","highway":"trunk","ref":"T-13"},"geometry":{"type":"LineString","coordinates":[[-67.27957,9.56622],[-67.27877,9.56613]]}},{"type":"Feature","id":"way/178088327","properties":{"name":"Carretera Nacional de Los Llanos","highway":"trunk","ref":"T-13"},"geometry":{"type":"LineString","coordinates":[[-67.45584,9.52557],[-67.45232,9.52671]]}},{"type":"Feature","id":"way/180239056","properties":{"name":"Carretera Nacional Calabozo - San Fernando","highway":"trunk","ref":"T-2"},"geometry":{"type":"LineString","coordinates":[[-67.47403,7.90271],[-67.47903,7.91071],[-67.47728,7.91811],[-67.47719,7.92747],[-67.47924,7.9387],[-67.48366,7.95122],[-67.49378,7.96547],[-67.49504,7.9687],[-67.49566,7.9752],[-67.49939,7.97865],[-67.51332,7.98645],[-67.53305,8.00794],[-67.55413,8.036],[-67.56039,8.04028],[-67.56354,8.05759],[-67.56335,8.0696],[-67.56181,8.07661],[-67.56267,8.07957],[-67.56888,8.08325],[-67.5741,8.08905],[-67.58686,8.09569],[-67.59635,8.09736],[-67.60186,8.10298]]}},{"type":"Feature","id":"way/180239061","properties":{"name":"Puente Mar\u00eda Nieves","highway":"trunk","ref":"T-2"},"geometry":{"type":"LineString","coordinates":[[-67.4731,7.89866],[-67.47403,7.90271]]}},{"type":"Feature","id":"way/180311230","properties":{"name":"V\u00eda a Uverito","highway":"secondary","ref":"R-10"},"geometry":{"type":"LineString","coordinates":[[-67.56202,8.08286],[-67.49767,8.11204]]}},{"type":"Feature","id":"way/185723002","properties":{"name":"Carretera Nacional de Los Llanos","highway":"trunk","ref":"T-15"},"geometry":{"type":"LineString","coordinates":[[-64.81307,8.79248],[-64.80945,8.7942],[-64.80328,8.80129],[-64.79132,8.80781],[-64.78784,8.81138],[-64.78306,8.81283],[-64.78041,8.81248],[-64.77446,8.81662],[-64.76949,8.81785],[-64.76488,8.82144],[-64.75992,8.82361],[-64.7537,8.83177],[-64.75063,8.83392]]}},{"type":"Feature","id":"way/219956996","properties":{"name":"Avenida R\u00f3mulo Gallegos","highway":"trunk","ref":"T-13"},"geometry":{"type":"LineString","coordinates":[[-66.00932,9.21636],[-66.01677,9.2209],[-66.02499,9.22408],[-66.02843,9.22377]]}},{"type":"Feature","id":"way/220652040","properties":{"name":"Calle Real","highway":"trunk","ref":"T-13"},"geometry":{"type":"LineString","coordinates":[[-65.99672,9.21294],[-65.98499,9.21267]]}},{"type":"Feature","id":"way/221186617","properties":{"name":"Carretera Nacional P\u00edritu - Zaraza","highway":"trunk","ref":"T-14"},"geometry":{"type":"LineString","coordinates":[[-65.31897,9.36358],[-65.31209,9.37022],[-65.31141,9.3728],[-65.28702,9.39203],[-65.28491,9.40066],[-65.27813,9.40495],[-65.26929,9.40681],[-65.25631,9.41546],[-65.24836,9.42259],[-65.24742,9.4245],[-65.24832,9.4348],[-65.24761,9.43619]]}},{"type":"Feature","id":"way/230604183","properties":{"name":"Avenida Mart\u00edn Funes","highway":"secondary","ref":"R-20"},"geometry":{"type":"LineString","coordinates":[[-67.40354,8.93884],[-67.39727,8.94333]]}},{"type":"Feature","id":"way/230605119","properties":{"name":"Carretera Calabozo - Cazorla","highway":"primary","ref":"L-7"},"geometry":{"type":"LineString","coordinates":[[-67.13558,8.31578],[-67.13365,8.32754],[-67.133,8.34238],[-67.13809,8.39184],[-67.15268,8.41513],[-67.15974,8.41846],[-67.16171,8.42069],[-67.19118,8.46889],[-67.19501,8.488],[-67.20406,8.50555],[-67.2116,8.52296],[-67.21241,8.52832],[-67.21031,8.54106],[-67.21151,8.54786],[-67.22345,8.57335],[-67.23936,8.59213],[-67.2521,8.61267],[-67.26594,8.62803],[-67.28654,8.64424],[-67.28835,8.64702],[-67.28748,8.66066],[-67.29109,8.68804],[-67.29837,8.7056],[-67.29583,8.7248],[-67.29672,8.7305],[-67.29528,8.74678],[-67.29657,8.76044],[-67.2982,8.76277],[-67.37703,8.80655]]}},{"type":"Feature","id":"way/230914433","properties":{"name":"Avenida 1\u00ba de Mayo","highway":"secondary"},"geometry":{"type":"LineString","coordinates":[[-67.41868,8.89954],[-67.42554,8.89507],[-67.42929,8.89441],[-67.43234,8.89515],[-67.44268,8.90129]]}},{"type":"Feature","id":"way/230921239","properties":{"name":"Carretera El Rastro - Guardatinajas","highway":"secondary","ref":"R-26"},"geometry":{"type":"LineString","coordinates":[[-67.62444,9.04189],[-67.63076,9.04021]]}},{"type":"Feature","id":"way/230922041","properties":{"name":"Carretera Guardatinajas - Monte Oscuro","highway":"tertiary","ref":"R-52"},"geometry":{"type":"LineString","coordinates":[[-67.63218,9.02935],[-67.63244,9.03467]]}},{"type":"Feature","id":"way/233263691","properties":{"highway":"tertiary","ref":"R-10"},"geometry":{"type":"LineString","coordinates":[[-67.39979,8.00018],[-67.40226,8.00424]]}},{"type":"Feature","id":"way/233925856","properties":{"highway":"tertiary","ref":"R-35"},"geometry":{"type":"LineString","coordinates":[[-67.05414,9.38169],[-67.05498,9.38822]]}},{"type":"Feature","id":"way/249176150","properties":{"name":"Carretera Nacional San Juan - Villa de Cura","highway":"trunk","ref":"T-2"},"geometry":{"type":"LineString","coordinates":[[-67.36233,9.94036],[-67.36256,9.94134]]}},{"type":"Feature","id":"way/249176157","properties":{"name":"Carretera Nacional San Juan - Villa de Cura","highway":"trunk","ref":"T-2"},"geometry":{"type":"LineString","coordinates":[[-67.36256,9.94134],[-67.36262,9.94198]]}},{"type":"Feature","id":"way/250277212","properties":{"name":"Prolongaci\u00f3n Avenida Bol\u00edvar","highway":"secondary"},"geometry":{"type":"LineString","coordinates":[[-67.35177,9.91946],[-67.34732,9.92363]]}},{"type":"Feature","id":"way/250277220","properties":{"name":"Avenida Felipe Acosta Carlez","highway":"trunk","ref":"T-2"},"geometry":{"type":"LineString","coordinates":[[-67.34901,9.91707],[-67.35182,9.9195]]}},{"type":"Feature","id":"way/250277250","properties":{"highway":"trunk_link","ref":"T-2"},"geometry":{"type":"LineString","coordinates":[[-67.34714,9.91575],[-67.3473,9.91546]]}},{"type":"Feature","id":"way/250277251","properties":{"name":"Avenida Felipe Acosta Carlez","highway":"trunk","ref":"T-2"},"geometry":{"type":"LineString","coordinates":[[-67.35182,9.9195],[-67.35327,9.92157],[-67.35145,9.92515],[-67.35214,9.93067],[-67.36233,9.94036]]}},{"type":"Feature","id":"way/250277255","properties":{"name":"Prolongaci\u00f3n Avenida Bol\u00edvar","highway":"secondary"},"geometry":{"type":"LineString","coordinates":[[-67.34738,9.92368],[-67.35118,9.92019]]}},{"type":"Feature","id":"way/250277259","properties":{"highway":"primary_link"},"geometry":{"type":"LineString","coordinates":[[-67.34663,9.91561],[-67.34674,9.91578]]}},{"type":"Feature","id":"way/250434594","properties":{"name":"Avenida Bol\u00edvar","highway":"secondary"},"geometry":{"type":"LineString","coordinates":[[-67.35446,9.91648],[-67.35482,9.91522]]}},{"type":"Feature","id":"way/250434604","properties":{"name":"Avenida Francisco de Miranda","highway":"secondary"},"geometry":{"type":"LineString","coordinates":[[-67.36126,9.91354],[-67.36205,9.91078]]}},{"type":"Feature","id":"way/250434606","properties":{"name":"Avenida Bol\u00edvar","highway":"secondary"},"geometry":{"type":"LineString","coordinates":[[-67.35395,9.91704],[-67.35446,9.91648]]}},{"type":"Feature","id":"way/250434621","properties":{"name":"Carretera Regional San Juan - Sebasti\u00e1n","highway":"primary","ref":"T-11"},"geometry":{"type":"LineString","coordinates":[[-67.27341,9.92007],[-67.27294,9.91969]]}},{"type":"Feature","id":"way/250434703","properties":{"name":"Avenida Felipe Acosta Carlez","highway":"trunk","ref":"T-2"},"geometry":{"type":"LineString","coordinates":[[-67.34762,9.9159],[-67.34875,9.91685]]}},{"type":"Feature","id":"way/250434711","properties":{"name":"Avenida Francisco de Miranda","highway":"secondary"},"geometry":{"type":"LineString","coordinates":[[-67.36121,9.91356],[-67.36127,9.91414]]}},{"type":"Feature","id":"way/250434712","properties":{"name":"Avenida Felipe Acosta Carlez","highway":"trunk","ref":"T-2"},"geometry":{"type":"LineString","coordinates":[[-67.34875,9.91685],[-67.34901,9.91707]]}},{"type":"Feature","id":"way/250434715","properties":{"name":"Avenida Francisco de Miranda","highway":"secondary"},"geometry":{"type":"LineString","coordinates":[[-67.36131,9.91412],[-67.36126,9.91354]]}},{"type":"Feature","id":"way/250434717","properties":{"name":"Avenida Francisco de Miranda","highway":"secondary","ref":"R-1"},"geometry":{"type":"LineString","coordinates":[[-67.36231,9.91596],[-67.35338,9.9216]]}},{"type":"Feature","id":"way/253739358","properties":{"name":"Avenida Libertador","highway":"tertiary","ref":"R-55"},"geometry":{"type":"LineString","coordinates":[[-66.00135,9.19873],[-66.00089,9.20039]]}},{"type":"Feature","id":"way/256535783","properties":{"name":"Carretera Tiznados - Dos Caminos","highway":"primary","ref":"R-29"},"geometry":{"type":"LineString","coordinates":[[-67.56384,9.38828],[-67.55948,9.39362],[-67.54933,9.39473],[-67.52986,9.41594],[-67.52385,9.44777],[-67.51967,9.48505],[-67.51161,9.4892],[-67.50632,9.49675],[-67.50357,9.50191],[-67.50314,9.50985]]}},{"type":"Feature","id":"way/264310048","properties":{"name":"Eje Rural El Corozo","highway":"tertiary","ref":"R-39"},"geometry":{"type":"LineString","coordinates":[[-66.0595,9.38175],[-66.06115,9.37944],[-66.05055,9.33521],[-66.05339,9.33019],[-66.05712,9.31507],[-66.0701,9.30265],[-66.07343,9.29064],[-66.07383,9.28247],[-66.07975,9.27271],[-66.07991,9.26821],[-66.07805,9.26542],[-66.07202,9.26519],[-66.06558,9.26287],[-66.06241,9.2603],[-66.05694,9.25309],[-66.04768,9.24864],[-66.04462,9.24578],[-66.03791,9.24192],[-66.02924,9.23418],[-66.02319,9.22392]]}},{"type":"Feature","id":"way/264310050","properties":{"name":"Carretera Nacional Valle de La Pascua - Zaraza","highway":"trunk","ref":"T-13"},"geometry":{"type":"LineString","coordinates":[[-65.98499,9.21267],[-65.93475,9.21039],[-65.92312,9.20456],[-65.912,9.19207],[-65.90938,9.18759],[-65.90713,9.187],[-65.89367,9.18931],[-65.88842,9.19269],[-65.88464,9.19393],[-65.87195,9.20559],[-65.86627,9.20662],[-65.85811,9.21195],[-65.8519,9.22166],[-65.79823,9.23796],[-65.78705,9.24757],[-65.78119,9.26167],[-65.77725,9.26628]]}},{"type":"Feature","id":"way/264771774","properties":{"name":"Carretera Nacional de Los Llanos","highway":"trunk","ref":"T-13"},"geometry":{"type":"LineString","coordinates":[[-67.97171,9.53508],[-67.96963,9.53732],[-67.96427,9.53888],[-67.95831,9.54215],[-67.95116,9.54415],[-67.94268,9.54517],[-67.9347,9.55059],[-67.92695,9.55279],[-67.90613,9.55278],[-67.89399,9.55496],[-67.88282,9.55332],[-67.87767,9.55426],[-67.86816,9.55819],[-67.85881,9.55891],[-67.84585,9.56265],[-67.83628,9.56217],[-67.82945,9.56374],[-67.81579,9.56488],[-67.80843,9.56727],[-67.801,9.56655],[-67.79481,9.56835],[-67.78481,9.56907],[-67.77138,9.56577],[-67.76116,9.56687],[-67.75676,9.56524],[-67.73894,9.56507],[-67.73261,9.56367],[-67.72494,9.56383],[-67.71566,9.56119],[-67.70899,9.56037],[-67.67955,9.54944],[-67.67281,9.54781],[-67.66782,9.54481],[-67.66128,9.54272],[-67.65662,9.53459],[-67.65556,9.52576],[-67.65458,9.524],[-67.64484,9.51683],[-67.62721,9.51858],[-67.62271,9.52221],[-67.61855,9.524]]}},{"type":"Feature","id":"way/287753441","properties":{"name":"Carretera El Rastro - Guardatinajas","highway":"secondary","ref":"R-26"},"geometry":{"type":"LineString","coordinates":[[-67.44208,9.06262],[-67.45217,9.05879],[-67.45277,9.05696],[-67.45125,9.05227],[-67.45177,9.05082],[-67.45861,9.04864],[-67.46168,9.04482],[-67.47108,9.04117],[-67.47715,9.03749],[-67.48533,9.03795],[-67.50599,9.03559],[-67.51844,9.03743],[-67.52839,9.04346],[-67.54557,9.04674],[-67.55027,9.05216],[-67.5538,9.05256],[-67.56646,9.04837],[-67.56991,9.04887],[-67.5741,9.04748],[-67.58051,9.04788],[-67.60583,9.0442],[-67.61114,9.04535],[-67.62444,9.04189]]}},{"type":"Feature","id":"way/296895128","properties":{"name":"Carretera Calabozo - Santa Mar\u00eda de Tiznados","highway":"secondary"},"geometry":{"type":"LineString","coordinates":[[-67.69661,8.76571],[-67.70837,8.75325],[-67.75943,8.7247],[-67.76078,8.72292],[-67.76507,8.70319],[-67.77204,8.69771],[-67.77807,8.69103],[-67.79652,8.68439],[-67.80157,8.67646]]}},{"type":"Feature","id":"way/307095385","properties":{"name":"Carretera de Guatopo","highway":"trunk","ref":"T-12"},"geometry":{"type":"LineString","coordinates":[[-66.42509,9.98115],[-66.42776,9.992],[-66.43029,9.9941],[-66.43096,9.998],[-66.43252,9.99957],[-66.43112,9.99936],[-66.4307,10.00177],[-66.42817,10.00209],[-66.42715,10.0034],[-66.42922,10.00795],[-66.42913,10.01079],[-66.43331,10.01319],[-66.43871,10.01305],[-66.4358,10.01623],[-66.43754,10.01836],[-66.4389,10.01902],[-66.44103,10.0182],[-66.44573,10.02194],[-66.44598,10.02983],[-66.44825,10.03056],[-66.45113,10.0288],[-66.45376,10.02865],[-66.45406,10.03002],[-66.45216,10.03149],[-66.453,10.03387],[-66.45184,10.03486],[-66.45301,10.03602],[-66.45201,10.03746],[-66.45312,10.03845],[-66.45145,10.04208],[-66.45418,10.04951],[-66.45654,10.04953],[-66.45756,10.05097],[-66.46205,10.0524],[-66.46316,10.05604],[-66.46219,10.05736],[-66.46605,10.06014],[-66.46426,10.06097],[-66.46436,10.06214],[-66.47118,10.06457],[-66.47264,10.06708],[-66.4704,10.06878],[-66.47266,10.07233],[-66.47421,10.07228],[-66.47533,10.07667],[-66.47801,10.07441],[-66.48407,10.07421],[-66.48068,10.07677],[-66.4804,10.07825],[-66.48333,10.08051],[-66.48383,10.08268],[-66.48889,10.08509],[-66.48938,10.08674],[-66.49175,10.08863],[-66.49166,10.09039],[-66.49368,10.0914],[-66.49262,10.09648],[-66.49127,10.09846],[-66.49376,10.09976],[-66.49488,10.10183],[-66.49727,10.10175],[-66.4983,10.10263],[-66.49955,10.1019],[-66.50172,10.1054],[-66.50778,10.10641],[-66.50824,10.10809],[-66.51183,10.10873],[-66.51369,10.10999],[-66.51377,10.11147],[-66.51652,10.11089],[-66.51949,10.11387],[-66.51829,10.1154],[-66.51978,10.11751],[-66.51837,10.1189],[-66.51998,10.12026],[-66.51941,10.12433],[-66.52007,10.12633],[-66.51828,10.12837],[-66.51847,10.12977],[-66.51576,10.13613],[-66.51644,10.14162],[-66.51457,10.14199],[-66.51504,10.14546],[-66.51354,10.14901],[-66.50789,10.15399],[-66.50368,10.15582],[-66.50486,10.15865],[-66.50332,10.15912],[-66.5033,10.16226],[-66.50177,10.16382],[-66.50334,10.16445],[-66.505,10.16953],[-66.50698,10.17134],[-66.50523,10.17736]]}},{"type":"Feature","id":"way/307465264","properties":{"name":"Carretera Regional Pariagu\u00e1n - Zuata","highway":"primary","ref":"L-9;L-11"},"geometry":{"type":"LineString","coordinates":[[-64.81722,8.78355],[-64.81608,8.78596]]}},{"type":"Feature","id":"way/307465265","properties":{"name":"Carretera Santa Clara - Pariagu\u00e1n","highway":"tertiary","ref":"R-22"},"geometry":{"type":"LineString","coordinates":[[-64.81722,8.78355],[-64.81551,8.78428]]}},{"type":"Feature","id":"way/307465266","properties":{"name":"Carretera Regional Pariagu\u00e1n - Zuata","highway":"primary","ref":"L-9;L-11"},"geometry":{"type":"LineString","coordinates":[[-64.93169,8.52106],[-64.93003,8.52324],[-64.92407,8.54134],[-64.92373,8.55206],[-64.92038,8.56871],[-64.91497,8.58777],[-64.92322,8.60888],[-64.92298,8.61121],[-64.91729,8.6205],[-64.91485,8.62366],[-64.90881,8.62827],[-64.89646,8.646],[-64.89357,8.65563],[-64.88509,8.66099],[-64.8744,8.67426],[-64.8584,8.68462],[-64.84836,8.69454],[-64.84492,8.71909],[-64.83919,8.72068],[-64.82814,8.72795],[-64.82774,8.73373],[-64.83175,8.74114],[-64.82988,8.747],[-64.82732,8.76592],[-64.82334,8.77025],[-64.81722,8.78355]]}},{"type":"Feature","id":"way/310313676","properties":{"name":"V\u00eda a Los Chorritos","highway":"tertiary","ref":"R-37"},"geometry":{"type":"LineString","coordinates":[[-67.42115,8.99753],[-67.44118,9.0599]]}},{"type":"Feature","id":"way/336729040","properties":{"name":"Carretera Nacional Las Mercedes - Cabruta","highway":"trunk","ref":"T-12"},"geometry":{"type":"LineString","coordinates":[[-66.24825,7.64494],[-66.24403,7.64882],[-66.24263,7.65658],[-66.24311,7.67018],[-66.2456,7.67762]]}},{"type":"Feature","id":"way/336929211","properties":{"name":"Carretera Regional Pariagu\u00e1n - Zuata","highway":"primary","ref":"L-9;L-11"},"geometry":{"type":"LineString","coordinates":[[-64.81608,8.78596],[-64.81307,8.79248]]}},{"type":"Feature","id":"way/380910380","properties":{"name":"Avenida Libertador","highway":"tertiary","ref":"R-55"},"geometry":{"type":"LineString","coordinates":[[-66.00089,9.20039],[-65.99857,9.21314]]}},{"type":"Feature","id":"way/380910381","properties":{"name":"Avenida Libertador","highway":"trunk","ref":"T-13"},"geometry":{"type":"LineString","coordinates":[[-65.99857,9.21314],[-65.99832,9.21493]]}},{"type":"Feature","id":"way/381271120","properties":{"name":"Carretera Regional Camatagua - Altagracia","highway":"tertiary","ref":"T-11;T-12;L-1"},"geometry":{"type":"LineString","coordinates":[[-66.38989,9.83675],[-66.38701,9.84367],[-66.38588,9.85424]]}},{"type":"Feature","id":"way/381337949","properties":{"name":"Carretera Altagracia - Lezama","highway":"primary","ref":"T-11;T-12;L-1"},"geometry":{"type":"LineString","coordinates":[[-66.3896,9.83646],[-66.38989,9.83675]]}},{"type":"Feature","id":"way/381465519","properties":{"name":"Carretera Nacional Altagracia - Guanape","highway":"trunk","ref":"T-11;T-12"},"geometry":{"type":"LineString","coordinates":[[-66.32176,9.86835],[-66.31305,9.87131],[-66.30916,9.87061],[-66.29979,9.86359],[-66.29494,9.86121],[-66.29194,9.8605],[-66.28562,9.86115],[-66.28111,9.85871],[-66.2703,9.84621],[-66.2614,9.83991],[-66.24753,9.8257],[-66.24051,9.81997],[-66.23518,9.81802],[-66.22815,9.8178],[-66.21909,9.82038],[-66.21342,9.81983],[-66.20779,9.82102],[-66.19673,9.81629],[-66.18891,9.81483],[-66.17979,9.80945],[-66.1781,9.80701],[-66.17554,9.80608]]}},{"type":"Feature","id":"way/381466594","properties":{"name":"Carretera Nacional Altagracia - Guanape","highway":"trunk","ref":"T-11"},"geometry":{"type":"LineString","coordinates":[[-66.17077,9.80533],[-66.1331,9.80968],[-66.12995,9.80908],[-66.12257,9.81073],[-66.11742,9.80961],[-66.11177,9.80989],[-66.10068,9.812],[-66.09414,9.81488],[-66.08628,9.81515],[-66.07246,9.82162],[-66.06879,9.82173],[-66.0657,9.82315],[-66.05553,9.82221],[-66.05051,9.8249],[-66.04637,9.82875],[-66.0359,9.83245],[-66.02706,9.83063],[-66.01721,9.83285],[-66.00004,9.83029],[-65.99627,9.83509],[-65.98642,9.84124],[-65.98163,9.8463],[-65.96256,9.85378],[-65.95584,9.85325],[-65.94968,9.85126],[-65.94378,9.85232],[-65.93052,9.85145],[-65.92485,9.85258],[-65.92082,9.85133],[-65.91509,9.84775],[-65.90033,9.84818],[-65.89035,9.84465],[-65.8816,9.84799],[-65.87383,9.85522],[-65.86542,9.85786],[-65.85574,9.85718],[-65.83778,9.8615],[-65.828,9.86653],[-65.81263,9.86862],[-65.8074,9.86718],[-65.79977,9.86676],[-65.79156,9.8719],[-65.77973,9.87168],[-65.77083,9.87805],[-65.76175,9.88118],[-65.754,9.88545],[-65.74796,9.89522],[-65.7445,9.89911],[-65.7436,9.90215],[-65.74019,9.90587],[-65.7395,9.90806],[-65.73236,9.91142],[-65.73049,9.91335],[-65.7285,9.9203],[-65.72375,9.92734],[-65.72231,9.93156],[-65.71676,9.93433]]}},{"type":"Feature","id":"way/381466595","properties":{"name":"Carretera Nacional Chaguaramas - Paso Real","highway":"trunk","ref":"T-12;L-4"},"geometry":{"type":"LineString","coordinates":[[-66.2557,9.34398],[-66.25296,9.35151],[-66.25284,9.36712],[-66.25394,9.37563],[-66.25223,9.3831],[-66.24892,9.38913],[-66.24888,9.39299],[-66.24744,9.39672],[-66.24229,9.4006],[-66.24177,9.40747],[-66.23865,9.41719],[-66.23298,9.41855],[-66.23043,9.42168],[-66.23032,9.42513],[-66.22684,9.43313],[-66.22566,9.44073],[-66.22269,9.44826],[-66.21493,9.45741],[-66.21367,9.46046],[-66.19383,9.46554],[-66.17584,9.46343],[-66.16855,9.46491],[-66.16157,9.47092],[-66.15828,9.47127],[-66.15548,9.47002],[-66.14899,9.47176],[-66.14398,9.47891],[-66.13581,9.48547],[-66.13095,9.49578],[-66.12539,9.50013],[-66.12419,9.50222],[-66.12405,9.50697],[-66.123,9.50822],[-66.12222,9.5127],[-66.12298,9.5157],[-66.12559,9.51871],[-66.12684,9.52233],[-66.1224,9.53228],[-66.11326,9.53979],[-66.10962,9.5442],[-66.10885,9.54871],[-66.10713,9.55163],[-66.09857,9.56141],[-66.09511,9.56219],[-66.08598,9.57729],[-66.07916,9.58353],[-66.07531,9.58473],[-66.06917,9.59029],[-66.06859,9.59305],[-66.06925,9.59708],[-66.06416,9.60924],[-66.06359,9.61348],[-66.06136,9.61647],[-66.05836,9.62774],[-66.05857,9.63403],[-66.05706,9.63955],[-66.05867,9.64546],[-66.06195,9.65141],[-66.06027,9.65882],[-66.05404,9.66582],[-66.05351,9.66924],[-66.04682,9.67164]]}},{"type":"Feature","id":"way/381472694","properties":{"name":"Carretera Nacional Las Mercedes - Cabruta","highway":"trunk","ref":"T-12"},"geometry":{"type":"LineString","coordinates":[[-66.2456,7.67762],[-66.24836,7.6862],[-66.24938,7.70336],[-66.25916,7.74699],[-66.26957,7.81506],[-66.25985,7.85377],[-66.2519,7.87411],[-66.2429,7.91218],[-66.2419,7.94532],[-66.23907,7.96741],[-66.23151,8.00539],[-66.23329,8.04425],[-66.24619,8.07919],[-66.25227,8.1109],[-66.26336,8.15317],[-66.27525,8.18384],[-66.28447,8.21885],[-66.29951,8.25195],[-66.31519,8.27883],[-66.31456,8.30066],[-66.31169,8.33086],[-66.31194,8.36389],[-66.31089,8.39726],[-66.31913,8.42698],[-66.3297,8.45309],[-66.33242,8.45475],[-66.34314,8.45567],[-66.36294,8.47461],[-66.37405,8.48273],[-66.38147,8.51695],[-66.37555,8.53026],[-66.37511,8.53314],[-66.3868,8.56963],[-66.39247,8.59414],[-66.39474,8.59616],[-66.42034,8.60614],[-66.42461,8.60956],[-66.43925,8.62571],[-66.45988,8.63632],[-66.47658,8.64906],[-66.47797,8.65205],[-66.48503,8.68819],[-66.49438,8.71938],[-66.49431,8.72361],[-66.48857,8.74794],[-66.4732,8.77768],[-66.45861,8.81444],[-66.44358,8.84769],[-66.42819,8.86732],[-66.4129,8.90692],[-66.40979,8.93755],[-66.41115,8.94885],[-66.40871,8.96672],[-66.39518,8.9991],[-66.39706,9.02151],[-66.39671,9.04625],[-66.39767,9.0727],[-66.39936,9.07642],[-66.40772,9.08734],[-66.40739,9.08995]]}},{"type":"Feature","id":"way/384227915","properties":{"name":"Prolongaci\u00f3n Avenida Bol\u00edvar","highway":"secondary"},"geometry":{"type":"LineString","coordinates":[[-67.35118,9.92019],[-67.35182,9.9195]]}},{"type":"Feature","id":"way/384245109","properties":{"name":"Calle Zamora","highway":"secondary"},"geometry":{"type":"LineString","coordinates":[[-67.36399,9.9084],[-67.37042,9.90585],[-67.37205,9.90406]]}},{"type":"Feature","id":"way/384250617","properties":{"name":"Avenida Los Llanos","highway":"secondary"},"geometry":{"type":"LineString","coordinates":[[-67.35908,9.9048],[-67.35972,9.90618]]}},{"type":"Feature","id":"way/385061917","properties":{"name":"Avenida Bol\u00edvar","highway":"secondary"},"geometry":{"type":"LineString","coordinates":[[-67.35482,9.91522],[-67.35584,9.91283],[-67.35892,9.91073],[-67.36035,9.90832],[-67.36005,9.90707]]}},{"type":"Feature","id":"way/385061923","properties":{"name":"Avenida Bol\u00edvar","highway":"secondary"},"geometry":{"type":"LineString","coordinates":[[-67.36005,9.90707],[-67.35974,9.90625]]}},{"type":"Feature","id":"way/385061926","properties":{"name":"Avenida Los Llanos","highway":"secondary"},"geometry":{"type":"LineString","coordinates":[[-67.35916,9.90479],[-67.36116,9.89966]]}},{"type":"Feature","id":"way/385066359","properties":{"name":"Avenida Sim\u00f3n Bol\u00edvar","highway":"secondary"},"geometry":{"type":"LineString","coordinates":[[-67.35494,9.93352],[-67.35931,9.92423],[-67.36135,9.92309],[-67.36303,9.92413]]}},{"type":"Feature","id":"way/385066360","properties":{"name":"Av Hugo Chavez","highway":"secondary"},"geometry":{"type":"LineString","coordinates":[[-67.35437,9.92046],[-67.35927,9.92429]]}},{"type":"Feature","id":"way/385185931","properties":{"name":"Avenida R\u00f3mulo Gallegos","highway":"trunk_link","ref":"T-13"},"geometry":{"type":"LineString","coordinates":[[-66.03674,9.21986],[-66.03656,9.21983]]}},{"type":"Feature","id":"way/385185932","properties":{"name":"Avenida R\u00f3mulo Gallegos","highway":"trunk","ref":"T-13"},"geometry":{"type":"LineString","coordinates":[[-66.03538,9.21911],[-66.03584,9.22018]]}},{"type":"Feature","id":"way/385185933","properties":{"name":"Avenida R\u00f3mulo Gallegos","highway":"trunk_link","ref":"T-13"},"geometry":{"type":"LineString","coordinates":[[-66.03761,9.22113],[-66.03787,9.2206]]}},{"type":"Feature","id":"way/395921386","properties":{"name":"Avenida Perimetral","highway":"trunk","ref":"T-14"},"geometry":{"type":"LineString","coordinates":[[-65.34203,9.34773],[-65.34083,9.34814]]}},{"type":"Feature","id":"way/406508783","properties":{"name":"Carretera Lezama - Casianero","highway":"tertiary","ref":"L-1"},"geometry":{"type":"LineString","coordinates":[[-66.17148,9.46417],[-66.17335,9.47073],[-66.17522,9.486],[-66.17947,9.50131],[-66.19048,9.51865],[-66.22112,9.55141],[-66.22682,9.56792],[-66.23016,9.57318],[-66.23192,9.58],[-66.23723,9.58897],[-66.23987,9.59733],[-66.24845,9.6052],[-66.25046,9.60762],[-66.25074,9.60938]]}},{"type":"Feature","id":"way/406511181","properties":{"name":"Carretera Nacional Calabozo - San Fernando","highway":"trunk","ref":"T-2"},"geometry":{"type":"LineString","coordinates":[[-67.51336,8.87234],[-67.51327,8.8725]]}},{"type":"Feature","id":"way/406511182","properties":{"name":"Avenida Francisco de Miranda","highway":"trunk","ref":"T-2"},"geometry":{"type":"LineString","coordinates":[[-67.40269,8.92976],[-67.4241,8.92707],[-67.42711,8.92584],[-67.44117,8.9031],[-67.44678,8.89998]]}},{"type":"Feature","id":"way/406511183","properties":{"name":"Carretera Calabozo - Uverito","highway":"secondary","ref":"R-36"},"geometry":{"type":"LineString","coordinates":[[-67.51311,8.87281],[-67.51331,8.87287]]}},{"type":"Feature","id":"way/406511184","properties":{"name":"Carretera Calabozo - Uverito","highway":"secondary","ref":"R-36"},"geometry":{"type":"LineString","coordinates":[[-67.51331,8.87287],[-67.51354,8.87297]]}},{"type":"Feature","id":"way/406511185","properties":{"name":"Carretera Calabozo - Uverito","highway":"secondary"},"geometry":{"type":"LineString","coordinates":[[-67.53556,8.88278],[-67.5678,8.85944],[-67.58866,8.84982],[-67.61773,8.84336],[-67.6482,8.81779],[-67.69661,8.76571]]}},{"type":"Feature","id":"way/406855335","properties":{"name":"Avenida Perimetral","highway":"trunk","ref":"T-14"},"geometry":{"type":"LineString","coordinates":[[-65.34065,9.34756],[-65.34083,9.34814]]}},{"type":"Feature","id":"way/407742796","properties":{"name":"Avenida Francisco de Miranda","highway":"secondary"},"geometry":{"type":"LineString","coordinates":[[-67.36245,9.91587],[-67.36131,9.91412]]}},{"type":"Feature","id":"way/407742797","properties":{"name":"Avenida Francisco de Miranda","highway":"secondary"},"geometry":{"type":"LineString","coordinates":[[-67.36127,9.91414],[-67.36239,9.91583]]}},{"type":"Feature","id":"way/407767278","properties":{"name":"Carretera Nacional Calabozo - San Fernando","highway":"trunk","ref":"T-2"},"geometry":{"type":"LineString","coordinates":[[-67.51327,8.8725],[-67.51039,8.87753],[-67.50659,8.88021],[-67.45524,8.89711]]}},{"type":"Feature","id":"way/407768785","properties":{"name":"Avenida El Ique","highway":"trunk","ref":"T-2"},"geometry":{"type":"LineString","coordinates":[[-67.40253,8.92979],[-67.40354,8.93884]]}},{"type":"Feature","id":"way/407768794","properties":{"name":"Carretera Nacional Calabozo - Dos Caminos","highway":"trunk","ref":"T-2"},"geometry":{"type":"LineString","coordinates":[[-67.4036,8.93894],[-67.40367,8.93955]]}},{"type":"Feature","id":"way/407768804","properties":{"name":"Redoma de Los Frailes","highway":"trunk","ref":"T-2;R-20"},"geometry":{"type":"LineString","coordinates":[[-67.40381,8.93876],[-67.40381,8.93876]]}},{"type":"Feature","id":"way/407768807","properties":{"name":"Carretera Nacional Calabozo - Dos Caminos","highway":"trunk","ref":"T-2"},"geometry":{"type":"LineString","coordinates":[[-67.40367,8.93955],[-67.4038,8.9389]]}},{"type":"Feature","id":"way/407774048","properties":{"highway":"trunk","ref":"T-12"},"geometry":{"type":"LineString","coordinates":[[-66.24858,7.6427],[-66.24763,7.64325],[-66.24825,7.64494]]}},{"type":"Feature","id":"way/408440078","properties":{"name":"Avenida Sim\u00f3n Bol\u00edvar","highway":"secondary"},"geometry":{"type":"LineString","coordinates":[[-67.3682,9.91777],[-67.36646,9.91995]]}},{"type":"Feature","id":"way/408440092","properties":{"name":"Avenida Simon Bolivar","highway":"secondary"},"geometry":{"type":"LineString","coordinates":[[-67.3637,9.92444],[-67.36828,9.9178]]}},{"type":"Feature","id":"way/408440107","properties":{"highway":"secondary"},"geometry":{"type":"LineString","coordinates":[[-67.3596,9.92381],[-67.35886,9.92388]]}},{"type":"Feature","id":"way/408440109","properties":{"highway":"secondary"},"geometry":{"type":"LineString","coordinates":[[-67.35893,9.92401],[-67.35903,9.92446]]}},{"type":"Feature","id":"way/410109365","properties":{"name":"Avenida Felipe Acosta Carlez","highway":"trunk","ref":"T-2"},"geometry":{"type":"LineString","coordinates":[[-67.36233,9.94036],[-67.35221,9.93064],[-67.35149,9.92543],[-67.35338,9.9216],[-67.35182,9.9195]]}},{"type":"Feature","id":"way/410349285","properties":{"name":"Carretera Nacional de Los Llanos","highway":"trunk","ref":"T-13"},"geometry":{"type":"LineString","coordinates":[[-67.97185,9.53487],[-67.97171,9.53508]]}},{"type":"Feature","id":"way/410349286","properties":{"name":"Carretera Nacional de Los Llanos","highway":"trunk","ref":"T-13"},"geometry":{"type":"LineString","coordinates":[[-67.61855,9.524],[-67.61806,9.52417]]}},{"type":"Feature","id":"way/410349289","properties":{"name":"Carretera Nacional de Los Llanos","highway":"trunk","ref":"T-13"},"geometry":{"type":"LineString","coordinates":[[-67.31793,9.56827],[-67.31805,9.56878]]}},{"type":"Feature","id":"way/410352067","properties":{"name":"Variante de Piedra Azul","highway":"trunk","ref":"T-2"},"geometry":{"type":"LineString","coordinates":[[-67.35325,9.77266],[-67.35464,9.77437],[-67.35472,9.77773]]}},{"type":"Feature","id":"way/410352068","properties":{"name":"Variante de Piedra Azul","highway":"trunk","ref":"T-2"},"geometry":{"type":"LineString","coordinates":[[-67.35472,9.77773],[-67.35475,9.77434],[-67.35331,9.77257]]}},{"type":"Feature","id":"way/410352069","properties":{"name":"Carretera Nacional San Juan - Dos Caminos","highway":"trunk","ref":"T-2"},"geometry":{"type":"LineString","coordinates":[[-67.29336,9.70177],[-67.29125,9.70517],[-67.29125,9.70702],[-67.29576,9.7138],[-67.30062,9.71658],[-67.30594,9.72196],[-67.30658,9.72555],[-67.31099,9.73332],[-67.31747,9.73393],[-67.31933,9.73889],[-67.32736,9.74718]]}},{"type":"Feature","id":"way/410352070","properties":{"name":"Variante de Piedra Azul","highway":"trunk","ref":"T-2"},"geometry":{"type":"LineString","coordinates":[[-67.35277,9.77238],[-67.35325,9.77266]]}},{"type":"Feature","id":"way/410352071","properties":{"name":"Variante de Piedra Azul","highway":"trunk","ref":"T-2"},"geometry":{"type":"LineString","coordinates":[[-67.35331,9.77257],[-67.35282,9.77229]]}},{"type":"Feature","id":"way/410352072","properties":{"name":"Variante de Piedra Azul","highway":"trunk","ref":"T-2"},"geometry":{"type":"LineString","coordinates":[[-67.35282,9.77229],[-67.34905,9.77138],[-67.34624,9.7683],[-67.34283,9.76651],[-67.33797,9.76049],[-67.33452,9.75409]]}},{"type":"Feature","id":"way/410352074","properties":{"name":"Variante de Piedra Azul","highway":"trunk","ref":"T-2"},"geometry":{"type":"LineString","coordinates":[[-67.33452,9.75409],[-67.33781,9.76056],[-67.34326,9.76714],[-67.34618,9.7684],[-67.34896,9.77149],[-67.35277,9.77238]]}},{"type":"Feature","id":"way/410354245","properties":{"name":"Carretera Nacional de Los Llanos","highway":"trunk","ref":"T-13"},"geometry":{"type":"LineString","coordinates":[[-67.24477,9.53188],[-67.24408,9.53126]]}},{"type":"Feature","id":"way/410354246","properties":{"name":"Carretera Nacional de Los Llanos","highway":"trunk","ref":"T-13"},"geometry":{"type":"LineString","coordinates":[[-67.27877,9.56613],[-67.2702,9.5648],[-67.25328,9.55331],[-67.2481,9.54086],[-67.24685,9.53544],[-67.24477,9.53188]]}},{"type":"Feature","id":"way/410635912","properties":{"name":"Carretera Regional Camatagua - Altagracia","highway":"primary","ref":"T-11"},"geometry":{"type":"LineString","coordinates":[[-66.5293,9.74144],[-66.52861,9.74179]]}},{"type":"Feature","id":"way/410639687","properties":{"highway":"tertiary","ref":"T-12;L-1"},"geometry":{"type":"LineString","coordinates":[[-66.37772,9.86257],[-66.37757,9.86306]]}},{"type":"Feature","id":"way/410639689","properties":{"name":"Avenida Los Pr\u00f3ceres","highway":"tertiary","ref":"T-11;T-12;L-1"},"geometry":{"type":"LineString","coordinates":[[-66.37955,9.86238],[-66.37772,9.86257]]}},{"type":"Feature","id":"way/410660675","properties":{"name":"Carretera Nacional Chaguaramas - Paso Real","highway":"trunk","ref":"L-2;L-4"},"geometry":{"type":"LineString","coordinates":[[-66.17151,9.80285],[-66.17164,9.80455],[-66.17077,9.80533]]}},{"type":"Feature","id":"way/410662955","properties":{"name":"Carretera Nacional Chaguaramas - Las Mercedes","highway":"trunk","ref":"T-12"},"geometry":{"type":"LineString","coordinates":[[-66.25205,9.32834],[-66.247,9.33249],[-66.24886,9.33781]]}},{"type":"Feature","id":"way/412831867","properties":{"name":"Avenida R\u00f3mulo Gallegos","highway":"trunk","ref":"T-13"},"geometry":{"type":"LineString","coordinates":[[-66.03595,9.22107],[-66.03993,9.22176]]}},{"type":"Feature","id":"way/412831868","properties":{"name":"Avenida Las Industrias","highway":"trunk","ref":"T-13"},"geometry":{"type":"LineString","coordinates":[[-66.03561,9.21925],[-66.03656,9.21983]]}},{"type":"Feature","id":"way/412831869","properties":{"name":"Carretera Nacional Zaraza - Aragua","highway":"trunk","ref":"T-13;T-14"},"geometry":{"type":"LineString","coordinates":[[-65.34203,9.34773],[-65.34088,9.34759]]}},{"type":"Feature","id":"way/412831870","properties":{"name":"Carretera Nacional Zaraza - Aragua","highway":"trunk","ref":"T-13"},"geometry":{"type":"LineString","coordinates":[[-65.32759,9.34177],[-65.31754,9.34228],[-65.31453,9.34447]]}},{"type":"Feature","id":"way/412833484","properties":{"name":"Avenida Libertador","highway":"tertiary","ref":"R-55"},"geometry":{"type":"LineString","coordinates":[[-66.00089,9.20039],[-66.00143,9.19878]]}},{"type":"Feature","id":"way/412833485","properties":{"name":"Avenida Las Industrias","highway":"trunk","ref":"T-15"},"geometry":{"type":"LineString","coordinates":[[-66.03538,9.21911],[-66.00988,9.20416]]}},{"type":"Feature","id":"way/412833486","properties":{"name":"Avenida Las Industrias","highway":"trunk","ref":"T-15"},"geometry":{"type":"LineString","coordinates":[[-66.00148,9.19878],[-66.00481,9.20093]]}},{"type":"Feature","id":"way/412834536","properties":{"name":"Avenida Las Industrias","highway":"trunk","ref":"T-15"},"geometry":{"type":"LineString","coordinates":[[-66.00626,9.20184],[-66.00988,9.20416]]}},{"type":"Feature","id":"way/412834537","properties":{"name":"Avenida Las Industrias","highway":"trunk","ref":"T-15"},"geometry":{"type":"LineString","coordinates":[[-66.00481,9.20093],[-66.00154,9.1987]]}},{"type":"Feature","id":"way/412834538","properties":{"name":"Avenida Las Industrias","highway":"trunk","ref":"T-15"},"geometry":{"type":"LineString","coordinates":[[-66.00626,9.20184],[-66.00481,9.20093]]}},{"type":"Feature","id":"way/412834539","properties":{"name":"Avenida Las Industrias","highway":"trunk","ref":"T-15"},"geometry":{"type":"LineString","coordinates":[[-66.00988,9.20416],[-66.00626,9.20184]]}},{"type":"Feature","id":"way/412836060","properties":{"name":"Avenida R\u00f3mulo Gallegos","highway":"trunk","ref":"T-13"},"geometry":{"type":"LineString","coordinates":[[-66.0348,9.22137],[-66.03595,9.22107]]}},{"type":"Feature","id":"way/412836061","properties":{"name":"Avenida Las Industrias","highway":"trunk","ref":"T-15"},"geometry":{"type":"LineString","coordinates":[[-66.03561,9.21925],[-66.03538,9.21911]]}},{"type":"Feature","id":"way/412836062","properties":{"name":"Avenida Las Industrias","highway":"trunk","ref":"T-13"},"geometry":{"type":"LineString","coordinates":[[-66.03993,9.22176],[-66.03895,9.22117]]}},{"type":"Feature","id":"way/412836063","properties":{"name":"Avenida Las Industrias","highway":"trunk","ref":"T-13"},"geometry":{"type":"LineString","coordinates":[[-66.03895,9.22117],[-66.03779,9.22047]]}},{"type":"Feature","id":"way/412836068","properties":{"name":"Avenida R\u00f3mulo Gallegos","highway":"trunk","ref":"T-13"},"geometry":{"type":"LineString","coordinates":[[-66.03584,9.22018],[-66.03569,9.22068]]}},{"type":"Feature","id":"way/412836069","properties":{"name":"Avenida R\u00f3mulo Gallegos","highway":"trunk","ref":"T-13"},"geometry":{"type":"LineString","coordinates":[[-66.03569,9.22068],[-66.0348,9.22137]]}},{"type":"Feature","id":"way/412836600","properties":{"name":"Carretera Nacional de Los Llanos","highway":"trunk","ref":"T-13"},"geometry":{"type":"LineString","coordinates":[[-66.26272,9.33969],[-66.25505,9.33763]]}},{"type":"Feature","id":"way/412836601","properties":{"name":"Carretera Nacional de Los Llanos","highway":"trunk","ref":"T-13"},"geometry":{"type":"LineString","coordinates":[[-66.25483,9.33778],[-66.26272,9.33969]]}},{"type":"Feature","id":"way/412836602","properties":{"name":"Carretera Nacional de Los Llanos","highway":"trunk","ref":"T-13"},"geometry":{"type":"LineString","coordinates":[[-66.24886,9.33781],[-66.13212,9.27761],[-66.09822,9.25786],[-66.0879,9.24974],[-66.03993,9.22176]]}},{"type":"Feature","id":"way/412836603","properties":{"name":"Carretera Nacional Chaguaramas - Paso Real","highway":"trunk","ref":"T-12;L-4"},"geometry":{"type":"LineString","coordinates":[[-66.25502,9.33802],[-66.25512,9.33779]]}},{"type":"Feature","id":"way/412836604","properties":{"name":"Carretera Nacional Chaguaramas - Paso Real","highway":"trunk","ref":"T-12;L-4"},"geometry":{"type":"LineString","coordinates":[[-66.25483,9.33778],[-66.25502,9.33802]]}},{"type":"Feature","id":"way/412837684","properties":{"name":"Avenida Libertador","highway":"trunk","ref":"T-13"},"geometry":{"type":"LineString","coordinates":[[-65.99832,9.21493],[-65.99831,9.21502]]}},{"type":"Feature","id":"way/412837685","properties":{"name":"Avenida R\u00f3mulo Gallegos","highway":"trunk","ref":"T-13"},"geometry":{"type":"LineString","coordinates":[[-65.99831,9.21502],[-66.00932,9.21636]]}},{"type":"Feature","id":"way/412837686","properties":{"name":"Avenida R\u00f3mulo Gallegos","highway":"trunk","ref":"T-13"},"geometry":{"type":"LineString","coordinates":[[-66.02843,9.22377],[-66.02502,9.22397],[-66.01681,9.2208],[-66.00927,9.21624]]}},{"type":"Feature","id":"way/412837693","properties":{"name":"Avenida R\u00f3mulo Gallegos","highway":"trunk","ref":"T-13"},"geometry":{"type":"LineString","coordinates":[[-66.0348,9.22137],[-66.02843,9.22377]]}},{"type":"Feature","id":"way/412837701","properties":{"highway":"trunk_link","ref":"T-13"},"geometry":{"type":"LineString","coordinates":[[-66.02713,9.22425],[-66.02711,9.2241]]}},{"type":"Feature","id":"way/412837703","properties":{"highway":"trunk_link"},"geometry":{"type":"LineString","coordinates":[[-66.02266,9.22314],[-66.02304,9.22371]]}},{"type":"Feature","id":"way/412837706","properties":{"highway":"tertiary","ref":"R-39"},"geometry":{"type":"LineString","coordinates":[[-66.02304,9.22371],[-66.02319,9.22392]]}},{"type":"Feature","id":"way/412837708","properties":{"highway":"tertiary","ref":"R-39"},"geometry":{"type":"LineString","coordinates":[[-66.02317,9.22323],[-66.02304,9.22371]]}},{"type":"Feature","id":"way/412837710","properties":{"highway":"tertiary","ref":"R-39"},"geometry":{"type":"LineString","coordinates":[[-66.02319,9.22392],[-66.02326,9.22327]]}},{"type":"Feature","id":"way/412838149","properties":{"name":"Calle Real","highway":"trunk","ref":"T-13"},"geometry":{"type":"LineString","coordinates":[[-65.99857,9.21314],[-65.99672,9.21294]]}},{"type":"Feature","id":"way/412838150","properties":{"name":"Calle Real","highway":"trunk","ref":"T-13"},"geometry":{"type":"LineString","coordinates":[[-65.99672,9.21294],[-65.99856,9.2132]]}},{"type":"Feature","id":"way/412838153","properties":{"highway":"trunk_link","ref":"T-13"},"geometry":{"type":"LineString","coordinates":[[-65.99828,9.21315],[-65.99853,9.21337]]}},{"type":"Feature","id":"way/412840009","properties":{"name":"Carretera Nacional Valle de La Pascua - Zaraza","highway":"trunk","ref":"T-13"},"geometry":{"type":"LineString","coordinates":[[-65.77215,9.27001],[-65.762,9.26562],[-65.70769,9.25653],[-65.70165,9.25402],[-65.68699,9.25412],[-65.67756,9.25812],[-65.67169,9.25898],[-65.66122,9.25638],[-65.65509,9.25378],[-65.63844,9.254],[-65.61058,9.26687],[-65.60175,9.26701],[-65.58729,9.27037],[-65.56964,9.26766],[-65.55471,9.26929],[-65.53734,9.27756],[-65.53005,9.2838],[-65.51471,9.28854],[-65.49395,9.30036],[-65.48673,9.30267],[-65.47534,9.31564],[-65.46791,9.31926],[-65.45861,9.32227],[-65.45352,9.32244],[-65.44695,9.32562],[-65.4414,9.3299],[-65.43367,9.33069],[-65.42829,9.33237],[-65.41906,9.34337],[-65.41008,9.34631],[-65.39987,9.35373],[-65.39505,9.35569],[-65.39262,9.35527],[-65.3879,9.35018],[-65.38354,9.34998],[-65.37651,9.35132],[-65.37172,9.3473],[-65.36551,9.34848],[-65.35965,9.34728],[-65.34203,9.34773]]}},{"type":"Feature","id":"way/412840010","properties":{"name":"Avenida Sim\u00f3n Mu\u00f1oz","highway":"trunk","ref":"T-13"},"geometry":{"type":"LineString","coordinates":[[-65.77215,9.27001],[-65.7759,9.26901],[-65.77725,9.26628]]}},{"type":"Feature","id":"way/412840885","properties":{"name":"Carretera Nacional P\u00edritu - Zaraza","highway":"trunk","ref":"T-14"},"geometry":{"type":"LineString","coordinates":[[-65.24761,9.43619],[-65.24722,9.43677]]}},{"type":"Feature","id":"way/412970449","properties":{"highway":"secondary","ref":"R-1"},"geometry":{"type":"LineString","coordinates":[[-67.35338,9.9216],[-67.35326,9.92167]]}},{"type":"Feature","id":"way/412970450","properties":{"highway":"secondary","ref":"R-1"},"geometry":{"type":"LineString","coordinates":[[-67.35408,9.92066],[-67.35322,9.92103]]}},{"type":"Feature","id":"way/412970451","properties":{"highway":"secondary","ref":"R-1"},"geometry":{"type":"LineString","coordinates":[[-67.35324,9.9211],[-67.35402,9.92086]]}},{"type":"Feature","id":"way/414486521","properties":{"name":"Avenida Nicol\u00e1s Hurtado Barrios","highway":"primary"},"geometry":{"type":"LineString","coordinates":[[-67.42408,8.91998],[-67.42493,8.92678]]}},{"type":"Feature","id":"way/414497039","properties":{"highway":"trunk_link"},"geometry":{"type":"LineString","coordinates":[[-67.41595,8.92789],[-67.41521,8.9281]]}},{"type":"Feature","id":"way/414497047","properties":{"name":"Carretera Nacional Calabozo - Dos Caminos","highway":"trunk","ref":"T-2"},"geometry":{"type":"LineString","coordinates":[[-67.44274,9.06465],[-67.45798,9.11112],[-67.45843,9.129],[-67.43888,9.19815],[-67.43701,9.19992],[-67.42019,9.20762],[-67.41783,9.2103],[-67.3695,9.39209],[-67.36997,9.40115],[-67.36172,9.45866],[-67.35613,9.46991],[-67.35345,9.48652],[-67.35984,9.49999],[-67.36229,9.5074],[-67.36475,9.51047],[-67.3659,9.51761],[-67.3649,9.52348],[-67.36178,9.52927],[-67.3542,9.53626],[-67.34555,9.54083],[-67.34006,9.5417],[-67.3289,9.54909],[-67.32871,9.55911],[-67.3235,9.56534],[-67.31793,9.56827]]}},{"type":"Feature","id":"way/414497050","properties":{"name":"Avenida El Ique","highway":"trunk","ref":"T-2"},"geometry":{"type":"LineString","coordinates":[[-67.40369,8.93868],[-67.40268,8.92977]]}},{"type":"Feature","id":"way/414497059","properties":{"name":"Avenida Mart\u00edn Funes","highway":"secondary","ref":"R-20"},"geometry":{"type":"LineString","coordinates":[[-67.39727,8.94333],[-67.4036,8.93894]]}},{"type":"Feature","id":"way/414499762","properties":{"highway":"tertiary"},"geometry":{"type":"LineString","coordinates":[[-67.40823,8.93664],[-67.40846,8.93705]]}},{"type":"Feature","id":"way/414499768","properties":{"name":"Avenida 23 de Enero","highway":"secondary","ref":"R-20"},"geometry":{"type":"LineString","coordinates":[[-67.4038,8.9389],[-67.41048,8.93551]]}},{"type":"Feature","id":"way/414499778","properties":{"name":"Avenida 23 de Enero","highway":"secondary","ref":"R-20"},"geometry":{"type":"LineString","coordinates":[[-67.41794,8.9319],[-67.41819,8.9318]]}},{"type":"Feature","id":"way/414499779","properties":{"name":"Avenida Tricentenaria","highway":"trunk","ref":"L-5"},"geometry":{"type":"LineString","coordinates":[[-67.39056,8.93472],[-67.40252,8.92979]]}},{"type":"Feature","id":"way/414499781","properties":{"name":"Carretera Calabozo - El Sombrero","highway":"trunk","ref":"L-5"},"geometry":{"type":"LineString","coordinates":[[-67.22627,9.06863],[-67.219,9.0777],[-67.20916,9.09445],[-67.20509,9.1037],[-67.20063,9.10919],[-67.20036,9.11696],[-67.196,9.12202],[-67.19421,9.12594],[-67.19633,9.12901],[-67.19706,9.13195],[-67.19693,9.147],[-67.19592,9.14867],[-67.18875,9.15186],[-67.18449,9.16146],[-67.17805,9.16316],[-67.16973,9.16815],[-67.15558,9.17452],[-67.14611,9.17674],[-67.13844,9.18518],[-67.10385,9.19157],[-67.09574,9.19713],[-67.08868,9.19669],[-67.07705,9.2],[-67.07153,9.19951],[-67.0662,9.2061],[-67.06209,9.20947],[-67.05893,9.21073],[-67.05519,9.21517],[-67.05276,9.21588],[-67.04873,9.21892],[-67.04187,9.21941],[-67.03415,9.22247]]}},{"type":"Feature","id":"way/414506612","properties":{"name":"Avenida Mart\u00edn Funes","highway":"secondary","ref":"R-20"},"geometry":{"type":"LineString","coordinates":[[-67.39727,8.94333],[-67.38372,8.94597],[-67.37998,8.94139],[-67.37744,8.93996]]}},{"type":"Feature","id":"way/414509425","properties":{"highway":"secondary","ref":"R-20"},"geometry":{"type":"LineString","coordinates":[[-67.41367,8.92878],[-67.4137,8.9292]]}},{"type":"Feature","id":"way/414509426","properties":{"highway":"trunk_link"},"geometry":{"type":"LineString","coordinates":[[-67.41968,8.92746],[-67.41914,8.92764]]}},{"type":"Feature","id":"way/414509428","properties":{"name":"Carrera 1","highway":"secondary"},"geometry":{"type":"LineString","coordinates":[[-67.41914,8.92764],[-67.41854,8.93014]]}},{"type":"Feature","id":"way/414509430","properties":{"name":"Redoma de Los Indios","highway":"trunk","ref":"T-2;L-5"},"geometry":{"type":"LineString","coordinates":[[-67.40249,8.92964],[-67.40249,8.92964]]}},{"type":"Feature","id":"way/415349683","properties":{"highway":"tertiary"},"geometry":{"type":"LineString","coordinates":[[-65.32105,9.3476],[-65.32128,9.34215],[-65.32202,9.34184]]}},{"type":"Feature","id":"way/415349685","properties":{"highway":"tertiary"},"geometry":{"type":"LineString","coordinates":[[-65.31897,9.36358],[-65.31986,9.3623]]}},{"type":"Feature","id":"way/415349699","properties":{"highway":"tertiary"},"geometry":{"type":"LineString","coordinates":[[-65.32139,9.35417],[-65.32105,9.3476]]}},{"type":"Feature","id":"way/441684870","properties":{"name":"Carretera Nacional de Los Llanos","highway":"trunk","ref":"T-13"},"geometry":{"type":"LineString","coordinates":[[-66.59196,9.39409],[-66.59145,9.39407]]}},{"type":"Feature","id":"way/441684871","properties":{"name":"Carretera Nacional de Los Llanos","highway":"trunk","ref":"T-13"},"geometry":{"type":"LineString","coordinates":[[-67.03245,9.37169],[-66.93907,9.38138],[-66.92068,9.38144],[-66.91497,9.3835],[-66.90671,9.38442],[-66.89491,9.38421],[-66.83266,9.38816],[-66.6705,9.39038],[-66.65084,9.38837],[-66.59196,9.39409]]}},{"type":"Feature","id":"way/441687259","properties":{"name":"Carretera Nacional de Los Llanos","highway":"trunk","ref":"T-13"},"geometry":{"type":"LineString","coordinates":[[-66.59145,9.39407],[-66.55874,9.39299],[-66.48285,9.40174],[-66.47602,9.39781],[-66.47216,9.39729]]}},{"type":"Feature","id":"way/441687270","properties":{"name":"Carretera Nacional de Los Llanos","highway":"trunk","ref":"T-13"},"geometry":{"type":"LineString","coordinates":[[-66.47216,9.39729],[-66.47194,9.3973]]}},{"type":"Feature","id":"way/441926788","properties":{"name":"Carretera Regional Camatagua - Altagracia","highway":"primary","ref":"T-11"},"geometry":{"type":"LineString","coordinates":[[-66.62703,9.72438],[-66.62512,9.72355],[-66.62231,9.7243],[-66.6188,9.72736],[-66.58795,9.74057],[-66.58424,9.74057],[-66.57949,9.73829],[-66.57447,9.7377],[-66.56771,9.73981],[-66.55938,9.74044],[-66.55481,9.73835],[-66.54772,9.73749],[-66.54277,9.73468],[-66.53767,9.73715],[-66.5327,9.73649],[-66.53122,9.74007],[-66.5293,9.74144]]}},{"type":"Feature","id":"way/447795530","properties":{"name":"Carretera Calabozo - Venegas","highway":"tertiary","ref":"R-41"},"geometry":{"type":"LineString","coordinates":[[-66.93676,8.76019],[-66.94101,8.76973],[-66.94223,8.77054],[-66.95837,8.77772],[-66.97256,8.78114],[-66.98159,8.78831],[-66.98894,8.78995],[-66.99521,8.78812],[-66.99752,8.78647],[-67.03525,8.78182],[-67.04979,8.77839],[-67.05533,8.77504],[-67.06275,8.7733],[-67.06357,8.77099],[-67.0655,8.77156],[-67.07254,8.7776],[-67.08271,8.78206],[-67.08481,8.78401],[-67.09099,8.78424],[-67.0934,8.78547],[-67.10022,8.78282],[-67.10464,8.77843],[-67.11786,8.78411],[-67.13262,8.78365],[-67.15129,8.77985],[-67.16202,8.7825],[-67.16888,8.78721],[-67.1736,8.7878],[-67.18515,8.7863],[-67.2157,8.79088],[-67.23854,8.7769],[-67.24862,8.77181],[-67.25665,8.77128],[-67.26489,8.77485],[-67.26742,8.7747],[-67.27639,8.76783],[-67.27712,8.76407],[-67.28312,8.76437],[-67.29652,8.76225]]}},{"type":"Feature","id":"way/450027453","properties":{"name":"Avenida Juan Vicente Torrealba","highway":"trunk","ref":"T-2"},"geometry":{"type":"LineString","coordinates":[[-67.60186,8.10298],[-67.60999,8.11471],[-67.61009,8.12225]]}},{"type":"Feature","id":"way/450650801","properties":{"name":"Avenida Juan Vicente Torrealba","highway":"trunk","ref":"T-2"},"geometry":{"type":"LineString","coordinates":[[-67.61009,8.12225],[-67.61009,8.11463],[-67.60186,8.10298]]}},{"type":"Feature","id":"way/450650802","properties":{"name":"Carretera Nacional Calabozo - San Fernando","highway":"trunk","ref":"T-2"},"geometry":{"type":"LineString","coordinates":[[-67.61009,8.12225],[-67.59535,8.31342],[-67.603,8.36862],[-67.6027,8.38246],[-67.59621,8.40576],[-67.58681,8.45989],[-67.5858,8.5044],[-67.58935,8.51546],[-67.5895,8.51877],[-67.57559,8.54939],[-67.57127,8.56279],[-67.57051,8.60032],[-67.56197,8.6309]]}},{"type":"Feature","id":"way/462058344","properties":{"name":"Carretera Nacional de Los Llanos","highway":"trunk","ref":"T-13"},"geometry":{"type":"LineString","coordinates":[[-67.05465,9.37857],[-67.04031,9.37181],[-67.03245,9.37169]]}},{"type":"Feature","id":"way/462058345","properties":{"name":"Carretera Nacional de Los Llanos","highway":"trunk","ref":"T-13"},"geometry":{"type":"LineString","coordinates":[[-67.055,9.3788],[-67.05465,9.37857]]}},{"type":"Feature","id":"way/464811398","properties":{"name":"V\u00eda a Sosa","highway":"tertiary","ref":"R-21"},"geometry":{"type":"LineString","coordinates":[[-67.04932,9.3296],[-67.05815,9.32663],[-67.0622,9.32332],[-67.06512,9.31918],[-67.07437,9.31147],[-67.07786,9.31282],[-67.07911,9.31516],[-67.08462,9.31594],[-67.09176,9.31952]]}},{"type":"Feature","id":"way/480734659","properties":{"name":"V\u00eda a Sabana Grande de Orituco","highway":"secondary","ref":"R-6"},"geometry":{"type":"LineString","coordinates":[[-66.18058,9.82074],[-66.18142,9.81651],[-66.18024,9.81289],[-66.18053,9.80991]]}},{"type":"Feature","id":"way/480744699","properties":{"name":"V\u00eda a Sabana Grande de Orituco","highway":"secondary","ref":"R-6"},"geometry":{"type":"LineString","coordinates":[[-66.16947,9.88458],[-66.15929,9.89356],[-66.15584,9.89517],[-66.14624,9.89825],[-66.14389,9.89651],[-66.14091,9.89626],[-66.13426,9.89664],[-66.13055,9.8983],[-66.1249,9.90418],[-66.11805,9.90549],[-66.11264,9.91071],[-66.11255,9.91246],[-66.11047,9.91343],[-66.10416,9.91438],[-66.09842,9.91343],[-66.09458,9.91439]]}},{"type":"Feature","id":"way/480744700","properties":{"name":"V\u00eda a Sabana Grande de Orituco","highway":"secondary","ref":"R-6"},"geometry":{"type":"LineString","coordinates":[[-66.16979,9.8844],[-66.16947,9.88458]]}},{"type":"Feature","id":"way/480744701","properties":{"name":"V\u00eda a Sabana Grande de Orituco","highway":"secondary","ref":"R-6"},"geometry":{"type":"LineString","coordinates":[[-66.18058,9.82074],[-66.17897,9.82381],[-66.17946,9.82879],[-66.17767,9.83656],[-66.17571,9.84002],[-66.17134,9.84322],[-66.16758,9.85181],[-66.16741,9.85607],[-66.16957,9.86743],[-66.17504,9.87979],[-66.17457,9.8812],[-66.16979,9.8844]]}},{"type":"Feature","id":"way/480745472","properties":{"name":"V\u00eda a Sabana Grande de Orituco","highway":"tertiary","ref":"R-6"},"geometry":{"type":"LineString","coordinates":[[-66.08568,9.91531],[-66.0801,9.91722],[-66.07233,9.9133],[-66.06739,9.90949],[-66.06225,9.90845],[-66.05484,9.90244],[-66.05211,9.89431],[-66.04,9.88381],[-66.03896,9.87833],[-66.03969,9.87341],[-66.03035,9.86653],[-66.02489,9.85692],[-66.02075,9.85619],[-66.01783,9.85035],[-66.00965,9.84127],[-66.0075,9.83176]]}},{"type":"Feature","id":"way/480745473","properties":{"name":"V\u00eda a Sabana Grande de Orituco","highway":"tertiary","ref":"R-6"},"geometry":{"type":"LineString","coordinates":[[-66.08585,9.91528],[-66.08568,9.91531]]}},{"type":"Feature","id":"way/480747706","properties":{"name":"Carretera Tamanaco - Uveral","highway":"tertiary","ref":"L-2"},"geometry":{"type":"LineString","coordinates":[[-65.91389,9.71194],[-65.91132,9.71161],[-65.90481,9.71307],[-65.90184,9.7119],[-65.88676,9.7151],[-65.88315,9.71408],[-65.87506,9.7161],[-65.87225,9.71526]]}},{"type":"Feature","id":"way/480747707","properties":{"name":"Carretera Tamanaco - Uveral","highway":"tertiary","ref":"L-2"},"geometry":{"type":"LineString","coordinates":[[-65.97407,9.71645],[-65.96704,9.71648],[-65.96352,9.7144],[-65.9602,9.71565],[-65.95484,9.71422],[-65.95053,9.71579],[-65.94358,9.71362],[-65.93811,9.71593],[-65.93094,9.71714],[-65.92764,9.71926],[-65.92579,9.71828],[-65.92123,9.7183],[-65.91389,9.71194]]}},{"type":"Feature","id":"way/480747708","properties":{"name":"Carretera Tamanaco - Uveral","highway":"tertiary","ref":"L-2"},"geometry":{"type":"LineString","coordinates":[[-66.0329,9.66088],[-66.03136,9.65978],[-66.02713,9.66386],[-66.02251,9.66383],[-66.02061,9.66794],[-66.0181,9.67009],[-66.01123,9.67099],[-66.00933,9.67236],[-66.00528,9.67945],[-65.99768,9.68562],[-65.9944,9.69192],[-65.99008,9.69708],[-65.98405,9.70137],[-65.97821,9.71077],[-65.9754,9.71328],[-65.97407,9.71645]]}},{"type":"Feature","id":"way/480747712","properties":{"name":"Carretera Tamanaco - Uveral","highway":"tertiary","ref":"L-2"},"geometry":{"type":"LineString","coordinates":[[-66.04682,9.67164],[-66.04611,9.67171]]}},{"type":"Feature","id":"way/480747714","properties":{"name":"Carretera Tamanaco - Uveral","highway":"tertiary","ref":"L-2"},"geometry":{"type":"LineString","coordinates":[[-66.04611,9.67171],[-66.03389,9.66527],[-66.03276,9.66357],[-66.0329,9.66088]]}},{"type":"Feature","id":"way/506574151","properties":{"name":"Carretera San Francisco - Macanilla","highway":"tertiary"},"geometry":{"type":"LineString","coordinates":[[-66.26471,9.96701],[-66.26439,9.96534],[-66.26508,9.96497]]}},{"type":"Feature","id":"way/506574323","properties":{"highway":"tertiary"},"geometry":{"type":"LineString","coordinates":[[-66.26549,9.96497],[-66.26653,9.96364]]}},{"type":"Feature","id":"way/506574324","properties":{"name":"Carretera San Francisco - Macanilla","highway":"tertiary"},"geometry":{"type":"LineString","coordinates":[[-66.26508,9.96497],[-66.26549,9.96497]]}},{"type":"Feature","id":"way/521610969","properties":{"highway":"tertiary"},"geometry":{"type":"LineString","coordinates":[[-65.32033,9.342],[-65.32128,9.34215]]}},{"type":"Feature","id":"way/521611018","properties":{"name":"Carretera Zaraza - San Rafael de Laya","highway":"tertiary","ref":"R-49"},"geometry":{"type":"LineString","coordinates":[[-65.41953,9.34304],[-65.42191,9.34684],[-65.42575,9.3502],[-65.43489,9.35327],[-65.4379,9.35966],[-65.43708,9.36183],[-65.43987,9.36914],[-65.44222,9.37147],[-65.44228,9.37357],[-65.45105,9.37981],[-65.45653,9.38726],[-65.45575,9.39515],[-65.45196,9.40648],[-65.45177,9.4145],[-65.45045,9.42085],[-65.4574,9.43489],[-65.45696,9.43935],[-65.45247,9.44439],[-65.45418,9.44997]]}},{"type":"Feature","id":"way/530029328","properties":{"highway":"tertiary","ref":"R-3"},"geometry":{"type":"LineString","coordinates":[[-65.81812,9.86746],[-65.81407,9.86343],[-65.81353,9.85608]]}},{"type":"Feature","id":"way/539018092","properties":{"name":"Carretera Chaguaramas - San Rafael de Laya","highway":"secondary","ref":"L-3"},"geometry":{"type":"LineString","coordinates":[[-66.25124,9.33845],[-66.24084,9.34271],[-66.22807,9.34403],[-66.19224,9.3587],[-66.17754,9.3599],[-66.15361,9.35708],[-66.14578,9.35807],[-66.12524,9.35547],[-66.11912,9.35655],[-66.10391,9.36345],[-66.09741,9.36508],[-66.08524,9.37107],[-66.07095,9.38214],[-66.06683,9.38259],[-66.05675,9.38135],[-66.05046,9.38401],[-66.03304,9.3943],[-66.02252,9.41089],[-66.01207,9.40931],[-65.99879,9.41085],[-65.99051,9.40799],[-65.96931,9.40998],[-65.96261,9.41183],[-65.95665,9.41538],[-65.94115,9.43092],[-65.91991,9.43725],[-65.82915,9.48688],[-65.82599,9.48707],[-65.82,9.48508],[-65.81358,9.48712],[-65.80881,9.48723],[-65.78992,9.47566],[-65.77207,9.47654],[-65.76643,9.48064],[-65.74771,9.50718],[-65.74561,9.50881],[-65.72999,9.51463],[-65.71774,9.51592],[-65.71055,9.51439],[-65.70297,9.516],[-65.68729,9.52498],[-65.68431,9.52807],[-65.68066,9.52887],[-65.66806,9.53643],[-65.66519,9.54101],[-65.6592,9.54349],[-65.65199,9.5492],[-65.64957,9.55627],[-65.64545,9.56304],[-65.64216,9.56558],[-65.63734,9.57423],[-65.63551,9.57566]]}},{"type":"Feature","id":"way/539018094","properties":{"name":"Carretera Laya - Uveral","highway":"tertiary","ref":"L-2"},"geometry":{"type":"LineString","coordinates":[[-65.72043,9.667],[-65.71091,9.66645],[-65.70797,9.66161],[-65.70156,9.65827],[-65.69781,9.6549],[-65.6941,9.64925],[-65.68668,9.64813],[-65.68181,9.64614],[-65.6822,9.64435],[-65.68548,9.6416],[-65.68535,9.63959],[-65.67904,9.62835],[-65.66992,9.61758],[-65.66703,9.61602],[-65.66623,9.61399],[-65.66683,9.61077],[-65.66383,9.60347],[-65.65509,9.59486],[-65.65098,9.58669],[-65.64055,9.5813],[-65.63551,9.57566]]}},{"type":"Feature","id":"way/539018095","properties":{"name":"Carretera Laya - Uveral","highway":"tertiary","ref":"L-2"},"geometry":{"type":"LineString","coordinates":[[-65.72043,9.667],[-65.75851,9.67478],[-65.76338,9.67724]]}},{"type":"Feature","id":"way/539018096","properties":{"name":"Carretera Laya - Uveral","highway":"tertiary","ref":"L-2"},"geometry":{"type":"LineString","coordinates":[[-65.84086,9.73485],[-65.83825,9.73495],[-65.82484,9.72457],[-65.81132,9.71573],[-65.80021,9.7104],[-65.78926,9.70188],[-65.78246,9.68982],[-65.77272,9.68284],[-65.7666,9.68026],[-65.76338,9.67724]]}},{"type":"Feature","id":"way/539018097","properties":{"name":"Carretera Tamanaco - Uveral","highway":"tertiary","ref":"L-2"},"geometry":{"type":"LineString","coordinates":[[-65.84086,9.73485],[-65.84374,9.73361],[-65.84461,9.73226],[-65.84439,9.72959],[-65.84848,9.7244],[-65.85387,9.71981],[-65.86352,9.71874],[-65.87225,9.71526]]}},{"type":"Feature","id":"way/539018098","properties":{"name":"Carretera San Jos\u00e9 - Uveral","highway":"tertiary","ref":"R-3"},"geometry":{"type":"LineString","coordinates":[[-65.84086,9.73485],[-65.84076,9.76487],[-65.83817,9.76876],[-65.84137,9.77409],[-65.84188,9.77798],[-65.84131,9.78189],[-65.83872,9.78619],[-65.83991,9.79524],[-65.83888,9.80437],[-65.83675,9.81023],[-65.83143,9.81769],[-65.82579,9.82281],[-65.82392,9.82613],[-65.82242,9.83905],[-65.81901,9.84251],[-65.81685,9.8468]]}},{"type":"Feature","id":"way/539018099","properties":{"name":"Carretera San Jos\u00e9 - Uveral","highway":"tertiary","ref":"R-3"},"geometry":{"type":"LineString","coordinates":[[-65.81353,9.85608],[-65.81499,9.85444],[-65.81484,9.85195],[-65.81685,9.8468]]}},{"type":"Feature","id":"way/539071468","properties":{"name":"Carretera Santa Clara - Pariagu\u00e1n","highway":"tertiary","ref":"R-22"},"geometry":{"type":"LineString","coordinates":[[-64.81608,8.78596],[-64.81551,8.78428]]}},{"type":"Feature","id":"way/539071469","properties":{"name":"Carretera Santa Clara - Pariagu\u00e1n","highway":"tertiary","ref":"R-22"},"geometry":{"type":"LineString","coordinates":[[-64.81551,8.78428],[-64.80297,8.77544]]}},{"type":"Feature","id":"way/543087765","properties":{"highway":"tertiary","ref":"R-2"},"geometry":{"type":"LineString","coordinates":[[-65.76541,9.267],[-65.76387,9.27129],[-65.76634,9.28045],[-65.76799,9.28167]]}},{"type":"Feature","id":"way/543087766","properties":{"name":"Carretera Tucupido - San Rafael de Laya","highway":"tertiary","ref":"R-2"},"geometry":{"type":"LineString","coordinates":[[-65.76799,9.28167],[-65.76398,9.28794],[-65.7559,9.29512],[-65.75454,9.29994],[-65.74586,9.30872],[-65.74124,9.31128],[-65.73706,9.32582],[-65.72914,9.33688],[-65.72668,9.34246],[-65.72766,9.34837],[-65.72652,9.35102],[-65.72402,9.35292],[-65.72031,9.36007],[-65.71763,9.36777],[-65.71808,9.37592],[-65.71412,9.37947],[-65.71155,9.3846],[-65.70454,9.38741],[-65.68319,9.3868],[-65.68039,9.3907],[-65.67193,9.39234],[-65.66307,9.39217],[-65.65943,9.39396],[-65.65746,9.39797],[-65.65,9.40163],[-65.64213,9.4237],[-65.6393,9.42595],[-65.63556,9.42608],[-65.63308,9.42937],[-65.63333,9.43286],[-65.63047,9.44069],[-65.63595,9.47546],[-65.63526,9.47965],[-65.63715,9.48875],[-65.6356,9.50708],[-65.6378,9.51552],[-65.64424,9.52602],[-65.64767,9.5291],[-65.64673,9.5409],[-65.64853,9.54453],[-65.64863,9.54833],[-65.65074,9.5513]]}},{"type":"Feature","id":"way/543095775","properties":{"name":"Carretera Valle de La Pascua - Espino","highway":"secondary","ref":"L-9"},"geometry":{"type":"LineString","coordinates":[[-66.01896,8.55772],[-66.01947,8.56376],[-66.02121,8.56798]]}},{"type":"Feature","id":"way/543097949","properties":{"name":"Carretera Valle de La Pascua - Espino","highway":"secondary","ref":"L-9"},"geometry":{"type":"LineString","coordinates":[[-66.02121,8.56798],[-66.0222,8.5672],[-66.02583,8.56784],[-66.0284,8.57584],[-66.03459,8.58556],[-66.03915,8.59004]]}},{"type":"Feature","id":"way/543097951","properties":{"name":"Carretera Valle de La Pascua - Espino","highway":"secondary","ref":"L-9"},"geometry":{"type":"LineString","coordinates":[[-66.03915,8.59004],[-66.04064,8.5949],[-66.03887,8.60043],[-66.03944,8.60522],[-66.03719,8.61172],[-66.03304,8.61243],[-66.02998,8.6153],[-66.0298,8.63158],[-66.03336,8.64278],[-66.03568,8.64522],[-66.03636,8.65343],[-66.04284,8.66268],[-66.0502,8.68228],[-66.05653,8.68941],[-66.05879,8.69522],[-66.05881,8.70211],[-66.05598,8.7278],[-66.05241,8.74737],[-66.05321,8.75904],[-66.08085,8.79803],[-66.08663,8.81867],[-66.08238,8.85249],[-66.08183,8.87549],[-66.08331,8.88787],[-66.07659,8.91037],[-66.07642,8.91882],[-66.08022,8.9283],[-66.07897,8.93824],[-66.0741,8.94937],[-66.06874,8.95709],[-66.06342,8.96239],[-66.05913,8.974],[-66.0581,8.99305],[-66.05898,8.99992],[-66.05889,9.02633],[-66.05762,9.03434],[-66.05895,9.04258],[-66.05535,9.05235],[-66.05449,9.06629],[-66.05273,9.07454],[-66.05048,9.07928],[-66.04981,9.0889],[-66.04451,9.10008],[-66.03833,9.10872],[-66.03385,9.1241],[-66.02809,9.13585],[-66.02016,9.14192],[-66.01246,9.1559],[-66.00937,9.16626],[-66.00973,9.19307],[-66.00772,9.19537],[-66.00616,9.20179]]}},{"type":"Feature","id":"way/543288368","properties":{"name":"Carretera Tucupido - El Socorro","highway":"secondary","ref":"R-13"},"geometry":{"type":"LineString","coordinates":[[-65.75131,9.01332],[-65.75574,9.02063],[-65.76053,9.0318],[-65.7596,9.0342]]}},{"type":"Feature","id":"way/543292987","properties":{"name":"Carretera Calabozo - Las Mercedes","highway":"primary","ref":"L-6"},"geometry":{"type":"LineString","coordinates":[[-66.91272,8.98719],[-66.91073,8.98664],[-66.90256,8.99312],[-66.895,8.99304],[-66.88319,9.00416],[-66.86575,9.01153],[-66.85429,9.01499],[-66.84894,9.02131],[-66.84616,9.02324],[-66.83627,9.02643],[-66.83117,9.0268],[-66.80983,9.04173],[-66.80474,9.04697],[-66.79384,9.05426],[-66.76231,9.05751],[-66.75217,9.06288],[-66.74137,9.06617],[-66.72301,9.0675],[-66.7122,9.07091],[-66.70237,9.07161],[-66.67597,9.06915],[-66.66933,9.06414],[-66.65994,9.06729],[-66.65441,9.06481],[-66.63887,9.06288],[-66.63018,9.06445],[-66.62488,9.06344],[-66.61789,9.06506],[-66.58199,9.06307],[-66.5384,9.07135],[-66.52861,9.06843],[-66.51653,9.07057],[-66.50668,9.07063],[-66.48866,9.07731],[-66.48312,9.08246],[-66.48029,9.08352],[-66.44266,9.09154],[-66.42146,9.09241],[-66.40053,9.11115]]}},{"type":"Feature","id":"way/543292988","properties":{"name":"Avenida Bol\u00edvar","highway":"trunk_link","ref":"L-6"},"geometry":{"type":"LineString","coordinates":[[-66.38694,9.11371],[-66.38753,9.11468]]}},{"type":"Feature","id":"way/543321359","properties":{"name":"Carretera Calabozo - El Calvario","highway":"primary","ref":"R-54"},"geometry":{"type":"LineString","coordinates":[[-67.31829,8.95214],[-67.3035,8.95242],[-67.29726,8.95469],[-67.28422,8.95653],[-67.27759,8.96239],[-67.2688,8.96035],[-67.26129,8.9573],[-67.24744,8.95789],[-67.23921,8.96003],[-67.22231,8.97002],[-67.2177,8.97142],[-67.20502,8.97883],[-67.19544,8.97832],[-67.18301,8.98021],[-67.16406,8.9893],[-67.15306,8.98694]]}},{"type":"Feature","id":"way/543329354","properties":{"name":"V\u00eda a Sosa","highway":"tertiary","ref":"R-21"},"geometry":{"type":"LineString","coordinates":[[-67.20285,9.33108],[-67.16939,9.32555],[-67.1533,9.32802],[-67.15117,9.32688],[-67.14265,9.32879],[-67.13406,9.32656],[-67.13252,9.32453],[-67.12726,9.32316],[-67.12093,9.32522],[-67.11644,9.32479],[-67.11037,9.32719],[-67.10759,9.3297],[-67.10362,9.32866],[-67.10182,9.32638],[-67.09176,9.31952]]}},{"type":"Feature","id":"way/543331034","properties":{"name":"Eje Agr\u00edcola de Tiznados","highway":"tertiary","ref":"R-27"},"geometry":{"type":"LineString","coordinates":[[-67.56384,9.38828],[-67.56692,9.39142],[-67.5663,9.39704],[-67.56813,9.40677],[-67.5751,9.42735],[-67.57562,9.44815],[-67.58424,9.47004],[-67.58776,9.47396],[-67.58985,9.48475],[-67.59924,9.49825],[-67.60021,9.50337],[-67.6036,9.5056],[-67.60343,9.50816],[-67.60581,9.51224],[-67.60575,9.51582]]}},{"type":"Feature","id":"way/543331036","properties":{"highway":"tertiary","ref":"R-27"},"geometry":{"type":"LineString","coordinates":[[-67.60575,9.51582],[-67.60482,9.51614]]}},{"type":"Feature","id":"way/543331037","properties":{"highway":"tertiary","ref":"R-27"},"geometry":{"type":"LineString","coordinates":[[-67.60482,9.51614],[-67.60581,9.5207],[-67.60458,9.52417]]}},{"type":"Feature","id":"way/543336693","properties":{"name":"Carretera Calabozo - Lecherito","highway":"tertiary"},"geometry":{"type":"LineString","coordinates":[[-67.51311,8.87281],[-67.46079,8.84971]]}},{"type":"Feature","id":"way/543336694","properties":{"name":"Carretera Lecherito V - Las Barbas","highway":"tertiary"},"geometry":{"type":"LineString","coordinates":[[-67.46079,8.84885],[-67.46497,8.8393]]}},{"type":"Feature","id":"way/543336696","properties":{"name":"Carretera Lecherito V - Las Barbas","highway":"tertiary"},"geometry":{"type":"LineString","coordinates":[[-67.46497,8.8393],[-67.45715,8.81123]]}},{"type":"Feature","id":"way/543680741","properties":{"highway":"primary","ref":"L-7"},"geometry":{"type":"LineString","coordinates":[[-67.42912,8.92274],[-67.42902,8.92342]]}},{"type":"Feature","id":"way/543680749","properties":{"name":"Carretera Guayabal - Paso El Caballo","highway":"primary","ref":"R-7"},"geometry":{"type":"LineString","coordinates":[[-67.24175,8.24303],[-67.23856,8.24344],[-67.22227,8.26196],[-67.21019,8.27209],[-67.19588,8.27414],[-67.18927,8.26845],[-67.16723,8.26817],[-67.16152,8.26619],[-67.15257,8.26813],[-67.15006,8.27074],[-67.148,8.27496]]}},{"type":"Feature","id":"way/543680751","properties":{"name":"Carretera Guayabal - Paso El Caballo","highway":"primary","ref":"R-7"},"geometry":{"type":"LineString","coordinates":[[-67.3941,8.00253],[-67.38159,8.00444],[-67.36036,8.01121],[-67.35429,8.0201],[-67.3435,8.02342],[-67.3376,8.03058],[-67.31938,8.04282],[-67.29647,8.05198],[-67.28683,8.06287],[-67.26745,8.07505],[-67.2531,8.07596],[-67.2481,8.0773],[-67.24473,8.08057],[-67.24422,8.08338],[-67.2496,8.09514],[-67.24949,8.09706],[-67.2393,8.10787],[-67.23748,8.1114],[-67.22156,8.11974],[-67.21408,8.1249],[-67.21458,8.13213],[-67.21703,8.13576],[-67.21525,8.14215],[-67.21585,8.14804],[-67.21366,8.16798],[-67.23179,8.19806],[-67.23559,8.2111],[-67.23535,8.21579],[-67.23965,8.22312],[-67.24231,8.24221],[-67.24175,8.24303]]}},{"type":"Feature","id":"way/543685930","properties":{"name":"Carretera Regional Guayabal - Cazorla","highway":"primary","ref":"L-10"},"geometry":{"type":"LineString","coordinates":[[-67.39726,7.99393],[-67.39554,7.9839],[-67.39147,7.98122],[-67.38295,7.97784],[-67.37604,7.97004],[-67.37058,7.96986],[-67.36836,7.96891],[-67.36187,7.95729],[-67.34155,7.95113],[-67.33531,7.9476],[-67.32969,7.94805],[-67.31896,7.9452],[-67.31572,7.94346],[-67.30553,7.93451],[-67.30166,7.93289],[-67.28248,7.92592],[-67.28044,7.92596],[-67.27092,7.93098],[-67.26693,7.92998],[-67.26109,7.93026],[-67.25351,7.92732],[-67.25113,7.92412],[-67.24469,7.92033],[-67.2174,7.9126],[-67.19358,7.90297],[-67.1797,7.90342],[-67.16554,7.90885]]}},{"type":"Feature","id":"way/543685931","properties":{"name":"Carretera Regional Guayabal - Cazorla","highway":"primary","ref":"L-10"},"geometry":{"type":"LineString","coordinates":[[-67.16554,7.90885],[-67.16052,7.91738],[-67.15737,7.9442],[-67.15449,7.95661],[-67.14709,7.96558],[-67.12773,7.97704],[-67.11482,7.97956],[-67.10874,7.97846],[-67.08746,7.98758],[-67.07817,7.99393],[-67.05894,8.00163]]}},{"type":"Feature","id":"way/543685937","properties":{"name":"Carretera Calabozo - Cazorla","highway":"primary","ref":"L-7"},"geometry":{"type":"LineString","coordinates":[[-67.00431,8.01501],[-67.01442,8.02109],[-67.02114,8.02071],[-67.02781,8.01826],[-67.0312,8.01899],[-67.03963,8.02705],[-67.04384,8.03681],[-67.05208,8.04516],[-67.05723,8.0486],[-67.05789,8.07563],[-67.06216,8.08417],[-67.066,8.08831],[-67.0784,8.09527],[-67.08083,8.10254],[-67.07847,8.12409],[-67.07403,8.13031],[-67.06083,8.13721],[-67.05929,8.1424],[-67.06032,8.1524],[-67.07158,8.17164],[-67.08562,8.18919],[-67.0901,8.20083],[-67.11222,8.22784],[-67.12182,8.24683],[-67.12503,8.24965],[-67.13012,8.25205],[-67.13954,8.2598],[-67.14486,8.26677],[-67.148,8.27496]]}},{"type":"Feature","id":"way/543687728","properties":{"name":"Carretera Guayabal - Ca\u00f1o del Diablo","highway":"tertiary","ref":"R-10"},"geometry":{"type":"LineString","coordinates":[[-67.40226,8.00424],[-67.40625,8.00885],[-67.40742,8.01226],[-67.40981,8.01496],[-67.41665,8.02907],[-67.41736,8.03345],[-67.4199,8.03698],[-67.42021,8.04636],[-67.41565,8.05712],[-67.41453,8.06998]]}},{"type":"Feature","id":"way/543690108","properties":{"highway":"tertiary","ref":"R-41"},"geometry":{"type":"LineString","coordinates":[[-66.4091,8.96422],[-66.43053,8.9607],[-66.43691,8.95471],[-66.43815,8.9502],[-66.44558,8.94623],[-66.44925,8.94248],[-66.45165,8.9414],[-66.45326,8.93845],[-66.46154,8.93457],[-66.4648,8.93091],[-66.46693,8.93103],[-66.47098,8.92908],[-66.47877,8.92817],[-66.48135,8.92546],[-66.48897,8.92446],[-66.49077,8.92294],[-66.49688,8.9208],[-66.5124,8.92094],[-66.52227,8.91851],[-66.53759,8.90019],[-66.54147,8.89703],[-66.5477,8.89544],[-66.55926,8.88845],[-66.56377,8.88279],[-66.57061,8.88605],[-66.58001,8.88896],[-66.59559,8.89007],[-66.612,8.88209],[-66.61827,8.88107],[-66.63629,8.88077],[-66.64904,8.87786]]}},{"type":"Feature","id":"way/543692645","properties":{"name":"Via a Los Aceites","highway":"tertiary","ref":"R-41"},"geometry":{"type":"LineString","coordinates":[[-66.93676,8.76019],[-66.9277,8.77533],[-66.93532,8.80173],[-66.93073,8.80788],[-66.92223,8.81066],[-66.91285,8.81577],[-66.90564,8.81708],[-66.8943,8.82472],[-66.88361,8.82527],[-66.87556,8.822],[-66.87157,8.82192],[-66.86715,8.82654],[-66.86007,8.83055],[-66.85923,8.83224]]}},{"type":"Feature","id":"way/543692648","properties":{"name":"Carretera Palenque - P.N Aguaro Guariquito","highway":"tertiary","ref":"R-41"},"geometry":{"type":"LineString","coordinates":[[-66.88919,8.8575],[-66.89108,8.8444],[-66.88917,8.83643],[-66.8968,8.82842],[-66.8964,8.8267],[-66.8943,8.82472]]}},{"type":"Feature","id":"way/543692653","properties":{"highway":"tertiary"},"geometry":{"type":"LineString","coordinates":[[-66.8694,8.83811],[-66.86817,8.83662],[-66.86304,8.83565],[-66.85923,8.83224]]}},{"type":"Feature","id":"way/543692655","properties":{"name":"Via a Los Aceites","highway":"tertiary","ref":"R-41"},"geometry":{"type":"LineString","coordinates":[[-66.85923,8.83224],[-66.85684,8.83228],[-66.85442,8.83361],[-66.8532,8.83851],[-66.84961,8.84129],[-66.84403,8.83976],[-66.83927,8.84778],[-66.83528,8.84712],[-66.82178,8.85039],[-66.81672,8.84854],[-66.80515,8.84956],[-66.80155,8.85342],[-66.7961,8.85696],[-66.79277,8.85573],[-66.78724,8.86154],[-66.78437,8.86167],[-66.78016,8.86523],[-66.77857,8.87058],[-66.77068,8.87331],[-66.76638,8.87687],[-66.76248,8.87808],[-66.75819,8.88386],[-66.75321,8.88274],[-66.74583,8.88425],[-66.74229,8.88734],[-66.74104,8.89025],[-66.73763,8.89268],[-66.73145,8.89442],[-66.72866,8.89707],[-66.71937,8.89264],[-66.71426,8.89508],[-66.69253,8.89205],[-66.69066,8.89317],[-66.68879,8.90165]]}},{"type":"Feature","id":"way/543693360","properties":{"name":"Via a Los Aceites","highway":"tertiary","ref":"R-41"},"geometry":{"type":"LineString","coordinates":[[-66.68879,8.90165],[-66.67821,8.90396],[-66.67394,8.90324],[-66.65914,8.88764],[-66.65896,8.88486],[-66.6554,8.88422],[-66.64904,8.87786]]}},{"type":"Feature","id":"way/543699419","properties":{"name":"Carretera Cantagallo - La Uni\u00f3n de Canuto","highway":"tertiary","ref":"R-30"},"geometry":{"type":"LineString","coordinates":[[-67.56774,9.77052],[-67.57326,9.76935],[-67.575,9.76805],[-67.58147,9.76948],[-67.58214,9.76825],[-67.58625,9.76778],[-67.59013,9.76958],[-67.59691,9.76617],[-67.60496,9.76355],[-67.61191,9.7626],[-67.61427,9.76122],[-67.6165,9.76103],[-67.6197,9.76265],[-67.62258,9.75989],[-67.62579,9.76067],[-67.62949,9.76401],[-67.63318,9.76346]]}},{"type":"Feature","id":"way/543705003","properties":{"name":"Carretera Perimetral","highway":"primary","ref":"T-11"},"geometry":{"type":"LineString","coordinates":[[-66.3896,9.83646],[-66.38195,9.83604],[-66.38003,9.83673],[-66.37141,9.84904],[-66.36345,9.85277],[-66.35928,9.85303],[-66.35591,9.85465],[-66.35444,9.85778],[-66.35489,9.86266]]}},{"type":"Feature","id":"way/557449272","properties":{"highway":"primary_link"},"geometry":{"type":"LineString","coordinates":[[-67.40603,7.99696],[-67.40613,7.99715]]}},{"type":"Feature","id":"way/557449273","properties":{"highway":"primary_link"},"geometry":{"type":"LineString","coordinates":[[-67.40629,7.9971],[-67.40621,7.9969]]}},{"type":"Feature","id":"way/557449274","properties":{"name":"V\u00eda a Guayabal","highway":"primary","ref":"L-10"},"geometry":{"type":"LineString","coordinates":[[-67.4004,7.99929],[-67.40687,7.99676]]}},{"type":"Feature","id":"way/557449275","properties":{"name":"V\u00eda a Guayabal","highway":"primary","ref":"L-10"},"geometry":{"type":"LineString","coordinates":[[-67.40687,7.99676],[-67.40031,7.99922]]}},{"type":"Feature","id":"way/557451420","properties":{"name":"Carretera Guayabal - Cazorla","highway":"primary","ref":"L-10"},"geometry":{"type":"LineString","coordinates":[[-67.4004,7.99929],[-67.3995,7.9982]]}},{"type":"Feature","id":"way/557451422","properties":{"highway":"primary","ref":"L-10"},"geometry":{"type":"LineString","coordinates":[[-67.39957,7.99949],[-67.39959,7.99959]]}},{"type":"Feature","id":"way/557702701","properties":{"highway":"trunk_link","ref":"T-13"},"geometry":{"type":"LineString","coordinates":[[-65.77597,9.26864],[-65.77564,9.26847]]}},{"type":"Feature","id":"way/557702702","properties":{"highway":"trunk_link","ref":"T-13"},"geometry":{"type":"LineString","coordinates":[[-65.77544,9.26877],[-65.77556,9.26904]]}},{"type":"Feature","id":"way/558008553","properties":{"highway":"trunk_link","ref":"T-13"},"geometry":{"type":"LineString","coordinates":[[-65.77277,9.2704],[-65.77284,9.2702]]}},{"type":"Feature","id":"way/558021417","properties":{"name":"Avenida Sim\u00f3n Mu\u00f1oz","highway":"trunk","ref":"T-13"},"geometry":{"type":"LineString","coordinates":[[-65.77725,9.26628],[-65.77435,9.26983],[-65.77215,9.27001]]}},{"type":"Feature","id":"way/569391126","properties":{"highway":"tertiary"},"geometry":{"type":"LineString","coordinates":[[-65.31986,9.3623],[-65.32139,9.35417]]}},{"type":"Feature","id":"way/569391129","properties":{"highway":"tertiary","ref":"R-35"},"geometry":{"type":"LineString","coordinates":[[-67.05498,9.38822],[-67.05646,9.38885]]}},{"type":"Feature","id":"way/571705012","properties":{"highway":"secondary","ref":"R-20"},"geometry":{"type":"LineString","coordinates":[[-67.41367,8.92878],[-67.41345,8.92819]]}},{"type":"Feature","id":"way/571705013","properties":{"name":"Avenida 23 de Enero","highway":"secondary","ref":"R-20"},"geometry":{"type":"LineString","coordinates":[[-67.41044,8.93541],[-67.40374,8.9387]]}},{"type":"Feature","id":"way/571705019","properties":{"highway":"secondary"},"geometry":{"type":"LineString","coordinates":[[-67.41833,8.93105],[-67.41824,8.93153]]}},{"type":"Feature","id":"way/571705022","properties":{"name":"Avenida Aeropuerto","highway":"primary"},"geometry":{"type":"LineString","coordinates":[[-67.42493,8.92678],[-67.42495,8.92686]]}},{"type":"Feature","id":"way/571705026","properties":{"name":"Avenida Francisco de Miranda","highway":"trunk","ref":"T-2"},"geometry":{"type":"LineString","coordinates":[[-67.44104,8.90313],[-67.43836,8.90767]]}},{"type":"Feature","id":"way/571711490","properties":{"name":"Avenida Jos\u00e9 F\u00e9lix Ribas","highway":"secondary"},"geometry":{"type":"LineString","coordinates":[[-67.36418,9.90491],[-67.36709,9.90404]]}},{"type":"Feature","id":"way/571711495","properties":{"name":"Avenida Francisco de Miranda","highway":"secondary","ref":"R-1"},"geometry":{"type":"LineString","coordinates":[[-67.36207,9.91645],[-67.36244,9.91598]]}},{"type":"Feature","id":"way/571711501","properties":{"name":"Avenida R\u00f3mulo Gallegos","highway":"secondary","ref":"R-1"},"geometry":{"type":"LineString","coordinates":[[-67.3682,9.91777],[-67.36828,9.9178]]}},{"type":"Feature","id":"way/571711508","properties":{"name":"Avenida Los Llanos","highway":"secondary"},"geometry":{"type":"LineString","coordinates":[[-67.36121,9.89954],[-67.36151,9.89875]]}},{"type":"Feature","id":"way/571711513","properties":{"name":"Avenida Francisco de Miranda","highway":"secondary"},"geometry":{"type":"LineString","coordinates":[[-67.36227,9.91021],[-67.36435,9.90486]]}},{"type":"Feature","id":"way/571711515","properties":{"name":"Avenida Francisco de Miranda","highway":"secondary"},"geometry":{"type":"LineString","coordinates":[[-67.36205,9.91078],[-67.36227,9.91021]]}},{"type":"Feature","id":"way/574746270","properties":{"highway":"tertiary"},"geometry":{"type":"LineString","coordinates":[[-66.38916,9.8614],[-66.38895,9.86168]]}},{"type":"Feature","id":"way/574746275","properties":{"highway":"tertiary"},"geometry":{"type":"LineString","coordinates":[[-66.38823,9.86279],[-66.37939,9.86454],[-66.3775,9.86328]]}},{"type":"Feature","id":"way/575075902","properties":{"name":"Carretera Regional Camatagua - Altagracia","highway":"primary","ref":"T-11"},"geometry":{"type":"LineString","coordinates":[[-66.40526,9.82798],[-66.40097,9.83512],[-66.39781,9.83663],[-66.39399,9.83665]]}},{"type":"Feature","id":"way/575075905","properties":{"name":"Carretera Regional Camatagua - Altagracia","highway":"primary","ref":"T-11"},"geometry":{"type":"LineString","coordinates":[[-66.39399,9.83665],[-66.39319,9.8366]]}},{"type":"Feature","id":"way/575076969","properties":{"name":"Carretera Regional Camatagua - Altagracia","highway":"primary","ref":"T-11"},"geometry":{"type":"LineString","coordinates":[[-66.40496,9.81905],[-66.40492,9.81928]]}},{"type":"Feature","id":"way/575076970","properties":{"name":"Carretera Regional Camatagua - Altagracia","highway":"primary","ref":"T-11"},"geometry":{"type":"LineString","coordinates":[[-66.52861,9.74179],[-66.52199,9.74436],[-66.51679,9.74299],[-66.50758,9.73871],[-66.50403,9.73852],[-66.5014,9.74091],[-66.5017,9.74514],[-66.50101,9.74621],[-66.49163,9.74824],[-66.48786,9.7518],[-66.48224,9.75481],[-66.47557,9.75394],[-66.47368,9.75588],[-66.4619,9.7594],[-66.45645,9.76487],[-66.45453,9.76894],[-66.4454,9.7716],[-66.43905,9.77702],[-66.43448,9.77963],[-66.43057,9.78855],[-66.42649,9.79377],[-66.42243,9.79659],[-66.41835,9.80506],[-66.40688,9.8087],[-66.40496,9.81905]]}},{"type":"Feature","id":"way/579591734","properties":{"name":"Avenida Bol\u00edvar","highway":"secondary","ref":"L-6"},"geometry":{"type":"LineString","coordinates":[[-66.3843,9.11584],[-66.39092,9.11336]]}},{"type":"Feature","id":"way/579591735","properties":{"name":"Avenida Bol\u00edvar","highway":"secondary","ref":"L-6"},"geometry":{"type":"LineString","coordinates":[[-66.39092,9.11336],[-66.3843,9.11584]]}},{"type":"Feature","id":"way/583749993","properties":{"name":"Redoma de Makro","highway":"trunk","ref":"T-13"},"geometry":{"type":"LineString","coordinates":[[-66.03569,9.22068],[-66.03569,9.22068]]}},{"type":"Feature","id":"way/591249574","properties":{"name":"Carretera Zaraza - San Rafael de Laya","highway":"tertiary","ref":"R-49"},"geometry":{"type":"LineString","coordinates":[[-65.45418,9.44997],[-65.45695,9.45794],[-65.45314,9.46435],[-65.45668,9.47724],[-65.45802,9.47862],[-65.46012,9.49012],[-65.45889,9.50494],[-65.46032,9.50753],[-65.46031,9.50953],[-65.48285,9.5236],[-65.49599,9.53007],[-65.50266,9.52905],[-65.50684,9.525],[-65.51088,9.518]]}},{"type":"Feature","id":"way/594305433","properties":{"name":"V\u00eda a San Andr\u00e9s","highway":"tertiary"},"geometry":{"type":"LineString","coordinates":[[-66.39678,9.71692],[-66.40227,9.7101],[-66.4033,9.70667],[-66.40896,9.70158],[-66.41273,9.69471],[-66.41174,9.69293]]}},{"type":"Feature","id":"way/594305435","properties":{"name":"Eje Rural de Mamonal","highway":"tertiary","ref":"R-4"},"geometry":{"type":"LineString","coordinates":[[-66.32231,9.56015],[-66.32301,9.55663],[-66.3247,9.55432],[-66.32466,9.5496],[-66.31783,9.54004],[-66.316,9.53356],[-66.32385,9.52604],[-66.32861,9.52652],[-66.33061,9.52151],[-66.33566,9.51918],[-66.33712,9.52171],[-66.33925,9.52313],[-66.34539,9.5219],[-66.35002,9.52555],[-66.35175,9.52593],[-66.35863,9.52302],[-66.35903,9.52027],[-66.36452,9.51483],[-66.37073,9.51343],[-66.37225,9.51752],[-66.37472,9.5181],[-66.38903,9.51068],[-66.39152,9.51097],[-66.40218,9.50662],[-66.40539,9.50791]]}},{"type":"Feature","id":"way/594305436","properties":{"name":"V\u00eda a Libertad de Orituco","highway":"tertiary","ref":"R-4"},"geometry":{"type":"LineString","coordinates":[[-66.40539,9.50791],[-66.40877,9.50174],[-66.41029,9.49588],[-66.47999,9.43395],[-66.48211,9.42658],[-66.48769,9.42311],[-66.4985,9.39996]]}},{"type":"Feature","id":"way/594305438","properties":{"highway":"tertiary","ref":"T-12"},"geometry":{"type":"LineString","coordinates":[[-66.40539,9.50791],[-66.40547,9.509]]}},{"type":"Feature","id":"way/594305439","properties":{"highway":"tertiary","ref":"R-4"},"geometry":{"type":"LineString","coordinates":[[-66.32231,9.56015],[-66.31668,9.56782]]}},{"type":"Feature","id":"way/596077612","properties":{"name":"Carretera Palenque - P.N Aguaro Guariquito","highway":"tertiary","ref":"R-41"},"geometry":{"type":"LineString","coordinates":[[-66.91136,8.98641],[-66.90734,8.98199],[-66.90725,8.97546],[-66.90936,8.9691],[-66.91356,8.96617],[-66.91657,8.96083],[-66.91784,8.94649],[-66.91751,8.93701],[-66.9155,8.93403],[-66.91368,8.92732],[-66.91652,8.90373],[-66.92167,8.88401],[-66.91988,8.8786],[-66.91018,8.87246]]}},{"type":"Feature","id":"way/608084612","properties":{"name":"Carretera Guardatinajas - Monte Oscuro","highway":"tertiary","ref":"R-51"},"geometry":{"type":"LineString","coordinates":[[-67.64888,8.89838],[-67.67093,8.88844],[-67.69464,8.8856],[-67.70261,8.87842],[-67.70604,8.87284],[-67.70797,8.86752]]}},{"type":"Feature","id":"way/608084614","properties":{"name":"V\u00eda Principal de Santa Mar\u00eda de Tiznados","highway":"secondary"},"geometry":{"type":"LineString","coordinates":[[-67.80545,8.67115],[-67.8028,8.6727],[-67.80157,8.67646]]}},{"type":"Feature","id":"way/608084615","properties":{"name":"Carretera Calabozo - El Socorro de Portuguesa","highway":"secondary"},"geometry":{"type":"LineString","coordinates":[[-67.97329,8.4926],[-67.96943,8.52002],[-67.96767,8.52462],[-67.9448,8.55938],[-67.91812,8.58647]]}},{"type":"Feature","id":"way/608084616","properties":{"name":"Carretera La Madrina","highway":"tertiary"},"geometry":{"type":"LineString","coordinates":[[-67.64888,8.89838],[-67.64558,8.89348],[-67.63827,8.86684],[-67.63422,8.86323]]}},{"type":"Feature","id":"way/673233107","properties":{"name":"Carretera Nacional San Juan - Dos Caminos","highway":"trunk","ref":"T-2"},"geometry":{"type":"LineString","coordinates":[[-67.28831,9.61378],[-67.28706,9.61113],[-67.28769,9.60941],[-67.3002,9.59877]]}},{"type":"Feature","id":"way/704880760","properties":{"highway":"tertiary","ref":"R-37"},"geometry":{"type":"LineString","coordinates":[[-67.49929,8.90763],[-67.50251,8.91748],[-67.50123,8.9224],[-67.42487,8.98934]]}},{"type":"Feature","id":"way/707952746","properties":{"highway":"primary","ref":"L-10"},"geometry":{"type":"LineString","coordinates":[[-67.3995,7.9982],[-67.39957,7.99949]]}},{"type":"Feature","id":"way/707952747","properties":{"highway":"primary","ref":"L-10"},"geometry":{"type":"LineString","coordinates":[[-67.39959,7.99959],[-67.4004,7.99929]]}},{"type":"Feature","id":"way/707952748","properties":{"highway":"primary","ref":"L-10"},"geometry":{"type":"LineString","coordinates":[[-67.40031,7.99922],[-67.39957,7.99949]]}},{"type":"Feature","id":"way/707953511","properties":{"name":"Avenida Tricentenaria","highway":"trunk","ref":"L-5"},"geometry":{"type":"LineString","coordinates":[[-67.40249,8.92964],[-67.37714,8.93997]]}},{"type":"Feature","id":"way/718482861","properties":{"name":"Avenida Francisco de Miranda","highway":"trunk","ref":"T-2"},"geometry":{"type":"LineString","coordinates":[[-67.43836,8.90767],[-67.42933,8.92317],[-67.4266,8.92605],[-67.4026,8.9296]]}},{"type":"Feature","id":"way/718753084","properties":{"highway":"secondary","ref":"R-20"},"geometry":{"type":"LineString","coordinates":[[-67.41824,8.93153],[-67.418,8.93157]]}},{"type":"Feature","id":"way/739907527","properties":{"name":"Carretera Cantagallo - La Uni\u00f3n de Canuto","highway":"tertiary","ref":"R-30"},"geometry":{"type":"LineString","coordinates":[[-67.66314,9.7504],[-67.66227,9.74986],[-67.66266,9.74845],[-67.66463,9.74765],[-67.66817,9.74938],[-67.6742,9.74968],[-67.68652,9.75315],[-67.68868,9.75566],[-67.69418,9.75928],[-67.69463,9.76431],[-67.6978,9.76649],[-67.69922,9.76414],[-67.69873,9.76182]]}},{"type":"Feature","id":"way/739907528","properties":{"name":"Carretera Cantagallo - La Uni\u00f3n de Canuto","highway":"tertiary","ref":"R-30"},"geometry":{"type":"LineString","coordinates":[[-67.66308,9.75097],[-67.66314,9.7504]]}},{"type":"Feature","id":"way/745495661","properties":{"highway":"trunk_link","ref":"T-2;T-11"},"geometry":{"type":"LineString","coordinates":[[-67.35289,9.92129],[-67.35326,9.92144]]}},{"type":"Feature","id":"way/757401194","properties":{"name":"Carretera Nacional Chaguaramas - Paso Real","highway":"trunk","ref":"T-12;L-4"},"geometry":{"type":"LineString","coordinates":[[-66.25512,9.33779],[-66.25505,9.33763]]}},{"type":"Feature","id":"way/757401195","properties":{"name":"Carretera Nacional Chaguaramas - Paso Real","highway":"trunk","ref":"T-12;L-4"},"geometry":{"type":"LineString","coordinates":[[-66.25478,9.33763],[-66.25483,9.33778]]}},{"type":"Feature","id":"way/784956323","properties":{"highway":"trunk_link"},"geometry":{"type":"LineString","coordinates":[[-67.35546,9.9342],[-67.3552,9.93323]]}},{"type":"Feature","id":"way/784956325","properties":{"highway":"trunk_link","ref":"T-2;T-11"},"geometry":{"type":"LineString","coordinates":[[-67.35527,9.93305],[-67.3548,9.933]]}},{"type":"Feature","id":"way/791933327","properties":{"name":"V\u00eda a Gu\u00e1sima","highway":"tertiary"},"geometry":{"type":"LineString","coordinates":[[-66.84802,9.64897],[-66.84757,9.64894]]}},{"type":"Feature","id":"way/834715621","properties":{"name":"Carretera Perimetral","highway":"trunk_link","ref":"T-11;T-12"},"geometry":{"type":"LineString","coordinates":[[-66.35482,9.8621],[-66.35433,9.86274]]}},{"type":"Feature","id":"way/834715622","properties":{"name":"Carretera Perimetral","highway":"trunk_link","ref":"T-11"},"geometry":{"type":"LineString","coordinates":[[-66.35528,9.86262],[-66.35482,9.8621]]}},{"type":"Feature","id":"way/852278011","properties":{"name":"Puente de Tiznados","highway":"secondary"},"geometry":{"type":"LineString","coordinates":[[-67.80572,8.67102],[-67.80545,8.67115]]}},{"type":"Feature","id":"way/852278012","properties":{"name":"Carretera Calabozo - El Socorro del Portuguesa","highway":"secondary"},"geometry":{"type":"LineString","coordinates":[[-67.8109,8.67089],[-67.80572,8.67102]]}},{"type":"Feature","id":"way/852975631","properties":{"name":"Carretera Zaraza - San Rafael de Laya","highway":"tertiary","ref":"R-49"},"geometry":{"type":"LineString","coordinates":[[-65.63131,9.5765],[-65.63139,9.57943]]}},{"type":"Feature","id":"way/859209056","properties":{"name":"Carretera Zaraza - San Rafael de Laya","highway":"tertiary","ref":"R-49"},"geometry":{"type":"LineString","coordinates":[[-65.63131,9.5765],[-65.63039,9.57411]]}},{"type":"Feature","id":"way/863851279","properties":{"name":"Avenida Sim\u00f3n Bol\u00edvar","highway":"secondary"},"geometry":{"type":"LineString","coordinates":[[-67.36622,9.9203],[-67.36502,9.91986],[-67.35945,9.92394],[-67.35743,9.92665],[-67.35492,9.93347]]}},{"type":"Feature","id":"way/867112920","properties":{"highway":"trunk_link"},"geometry":{"type":"LineString","coordinates":[[-67.42986,8.9222],[-67.42995,8.92225]]}},{"type":"Feature","id":"way/867112925","properties":{"highway":"trunk_link"},"geometry":{"type":"LineString","coordinates":[[-67.42788,8.92505],[-67.42794,8.92511]]}},{"type":"Feature","id":"way/867112927","properties":{"name":"Carrera 12","highway":"trunk_link"},"geometry":{"type":"LineString","coordinates":[[-67.42878,8.92396],[-67.42886,8.92401]]}},{"type":"Feature","id":"way/867112931","properties":{"highway":"trunk_link"},"geometry":{"type":"LineString","coordinates":[[-67.42908,8.92369],[-67.42901,8.92365]]}},{"type":"Feature","id":"way/910945424","properties":{"name":"Avenida Bol\u00edvar","highway":"secondary","ref":"L-6"},"geometry":{"type":"LineString","coordinates":[[-66.39908,9.11248],[-66.39092,9.11336]]}},{"type":"Feature","id":"way/911963503","properties":{"name":"Avenida Perimetral","highway":"trunk","ref":"T-14"},"geometry":{"type":"LineString","coordinates":[[-65.34083,9.34814],[-65.32728,9.36201],[-65.31897,9.36358]]}},{"type":"Feature","id":"way/911963504","properties":{"highway":"tertiary"},"geometry":{"type":"LineString","coordinates":[[-65.31957,9.36344],[-65.3194,9.36297]]}},{"type":"Feature","id":"way/942407062","properties":{"name":"Carretera Nacional P\u00edritu - Zaraza","highway":"trunk","ref":"T-14"},"geometry":{"type":"LineString","coordinates":[[-65.24722,9.43677],[-65.24607,9.44046],[-65.2401,9.44913],[-65.23409,9.46174]]}},{"type":"Feature","id":"way/942407063","properties":{"name":"Carretera Nacional P\u00edritu - Zaraza","highway":"trunk","ref":"T-14"},"geometry":{"type":"LineString","coordinates":[[-65.23409,9.46174],[-65.23173,9.46514],[-65.23128,9.47073],[-65.23395,9.47493]]}},{"type":"Feature","id":"way/942413483","properties":{"name":"Carretera Nacional Zaraza - Aragua","highway":"trunk","ref":"T-13;T-14"},"geometry":{"type":"LineString","coordinates":[[-65.34088,9.34759],[-65.34065,9.34756]]}},{"type":"Feature","id":"way/942663507","properties":{"name":"Carretera Nacional de Los Llanos","highway":"trunk","ref":"T-13"},"geometry":{"type":"LineString","coordinates":[[-67.61806,9.52417],[-67.60154,9.52403],[-67.58171,9.52113],[-67.54263,9.51091],[-67.5164,9.50819],[-67.4959,9.51126],[-67.48099,9.5163],[-67.47156,9.52064],[-67.45584,9.52557]]}},{"type":"Feature","id":"way/942663508","properties":{"name":"Carretera Nacional de Los Llanos","highway":"trunk","ref":"T-13"},"geometry":{"type":"LineString","coordinates":[[-67.31805,9.56878],[-67.31713,9.56869]]}},{"type":"Feature","id":"way/942663509","properties":{"name":"Carretera Nacional Calabozo - Dos Caminos","highway":"trunk","ref":"T-2;T-13"},"geometry":{"type":"LineString","coordinates":[[-67.31713,9.56869],[-67.31015,9.57229],[-67.30709,9.57593]]}},{"type":"Feature","id":"way/942663510","properties":{"name":"Carretera Nacional de Los Llanos","highway":"trunk","ref":"T-13"},"geometry":{"type":"LineString","coordinates":[[-67.08055,9.39136],[-67.055,9.3788]]}},{"type":"Feature","id":"way/942663511","properties":{"name":"Carretera Nacional de Los Llanos","highway":"trunk","ref":"T-12;T-13"},"geometry":{"type":"LineString","coordinates":[[-66.25505,9.33763],[-66.25427,9.33766]]}},{"type":"Feature","id":"way/942663512","properties":{"name":"Carretera Nacional de Los Llanos","highway":"trunk","ref":"T-12;T-13"},"geometry":{"type":"LineString","coordinates":[[-66.25427,9.33766],[-66.25483,9.33778]]}},{"type":"Feature","id":"way/942663513","properties":{"name":"Carretera Nacional de Los Llanos","highway":"trunk","ref":"T-12;T-13"},"geometry":{"type":"LineString","coordinates":[[-66.25427,9.33766],[-66.25085,9.33848],[-66.24886,9.33781]]}},{"type":"Feature","id":"way/942663514","properties":{"name":"Avenida Las Industrias","highway":"trunk","ref":"T-15"},"geometry":{"type":"LineString","coordinates":[[-66.03674,9.21986],[-66.03561,9.21925]]}},{"type":"Feature","id":"way/942663515","properties":{"name":"Carretera Nacional de Los Llanos","highway":"trunk","ref":"T-15"},"geometry":{"type":"LineString","coordinates":[[-65.75131,9.01332],[-65.75063,9.01304]]}},{"type":"Feature","id":"way/942663516","properties":{"name":"Avenida Perimetral","highway":"trunk","ref":"T-15"},"geometry":{"type":"LineString","coordinates":[[-65.75063,9.01304],[-65.7486,9.01163],[-65.74191,8.99932],[-65.74057,8.99223],[-65.7409,8.98716]]}},{"type":"Feature","id":"way/942663517","properties":{"name":"Carretera Nacional de Los Llanos","highway":"trunk","ref":"T-15"},"geometry":{"type":"LineString","coordinates":[[-65.99909,9.19646],[-65.9729,9.16853],[-65.96404,9.16108],[-65.95629,9.14408],[-65.93155,9.12064],[-65.92986,9.11504],[-65.92296,9.1003],[-65.90326,9.08448],[-65.88773,9.07977],[-65.86822,9.07811]]}},{"type":"Feature","id":"way/942663518","properties":{"name":"Carretera Nacional de Los Llanos","highway":"trunk","ref":"T-15"},"geometry":{"type":"LineString","coordinates":[[-65.33008,8.81564],[-65.32003,8.81972],[-65.31507,8.81907]]}},{"type":"Feature","id":"way/942663519","properties":{"name":"Carretera Nacional de Los Llanos","highway":"trunk","ref":"T-15"},"geometry":{"type":"LineString","coordinates":[[-65.7409,8.98716],[-65.73555,8.97658],[-65.72256,8.97155],[-65.71687,8.95847],[-65.69049,8.95381],[-65.67009,8.94138],[-65.65377,8.9261],[-65.60025,8.90636],[-65.59478,8.90092],[-65.5872,8.89728],[-65.56504,8.89759],[-65.54,8.90368],[-65.52173,8.90321],[-65.49168,8.87755],[-65.48458,8.86801],[-65.46658,8.86224],[-65.46197,8.85879],[-65.44914,8.85923],[-65.44179,8.85362],[-65.42235,8.8532],[-65.40307,8.85123],[-65.38251,8.85186],[-65.36779,8.84535],[-65.36525,8.8423],[-65.35921,8.83971],[-65.35413,8.83269],[-65.33008,8.81564]]}},{"type":"Feature","id":"way/942721325","properties":{"highway":"tertiary","ref":"R-7;R-10"},"geometry":{"type":"LineString","coordinates":[[-67.39959,7.99959],[-67.39979,8.00018]]}},{"type":"Feature","id":"way/942721326","properties":{"name":"Carretera Regional Guayabal - Cazorla","highway":"primary","ref":"L-10"},"geometry":{"type":"LineString","coordinates":[[-67.3995,7.9982],[-67.39878,7.99548],[-67.39726,7.99393]]}},{"type":"Feature","id":"way/942721327","properties":{"name":"Carretera Calabozo - Cazorla","highway":"primary","ref":"L-7"},"geometry":{"type":"LineString","coordinates":[[-67.42902,8.92342],[-67.42911,8.9235]]}},{"type":"Feature","id":"way/942721328","properties":{"name":"Avenida Antonio Jos\u00e9 de Sucre","highway":"primary","ref":"L-7"},"geometry":{"type":"LineString","coordinates":[[-67.42082,8.90939],[-67.42274,8.91834],[-67.42674,8.92202]]}},{"type":"Feature","id":"way/942721329","properties":{"name":"Carretera Calabozo - El Sombrero","highway":"trunk","ref":"L-5"},"geometry":{"type":"LineString","coordinates":[[-67.03415,9.22247],[-67.03324,9.22889],[-67.02584,9.24885],[-67.03309,9.25669],[-67.03759,9.26656],[-67.04288,9.28912],[-67.04086,9.30007],[-67.04255,9.3072],[-67.04878,9.32853],[-67.05658,9.34053],[-67.05949,9.34807],[-67.05903,9.35081],[-67.05102,9.35987],[-67.05287,9.37733]]}},{"type":"Feature","id":"way/942751616","properties":{"name":"Avenida Ferm\u00edn Toro","highway":"primary","ref":"T-11"},"geometry":{"type":"LineString","coordinates":[[-67.34714,9.91575],[-67.34762,9.9159]]}},{"type":"Feature","id":"way/942751617","properties":{"name":"Avenida Ferm\u00edn Toro","highway":"primary","ref":"T-11"},"geometry":{"type":"LineString","coordinates":[[-67.34639,9.91597],[-67.34334,9.9201],[-67.33837,9.9229]]}},{"type":"Feature","id":"way/942751618","properties":{"name":"Avenida Ferm\u00edn Toro","highway":"primary","ref":"T-11"},"geometry":{"type":"LineString","coordinates":[[-67.34726,9.91471],[-67.34663,9.91561]]}},{"type":"Feature","id":"way/942751619","properties":{"name":"Avenida Ferm\u00edn Toro","highway":"trunk","ref":"T-2"},"geometry":{"type":"LineString","coordinates":[[-67.36151,9.89875],[-67.35147,9.90873],[-67.34726,9.91471]]}},{"type":"Feature","id":"way/942751620","properties":{"name":"Avenida Ferm\u00edn Toro","highway":"trunk","ref":"T-2"},"geometry":{"type":"LineString","coordinates":[[-67.37245,9.88025],[-67.37069,9.88218],[-67.37033,9.88449],[-67.367,9.88728],[-67.36151,9.89875]]}},{"type":"Feature","id":"way/942751621","properties":{"name":"Carretera Nacional San Juan - Dos Caminos","highway":"trunk","ref":"T-2"},"geometry":{"type":"LineString","coordinates":[[-67.29191,9.63157],[-67.29618,9.63809],[-67.29605,9.64605],[-67.29463,9.64955],[-67.2981,9.65667],[-67.29894,9.66072],[-67.30262,9.66645],[-67.30914,9.669],[-67.31001,9.67041],[-67.30142,9.67925],[-67.29661,9.69499],[-67.29513,9.69631],[-67.29336,9.70177]]}},{"type":"Feature","id":"way/942751622","properties":{"name":"Avenida Roberto Vargas D\u00edaz","highway":"trunk","ref":"T-2"},"geometry":{"type":"LineString","coordinates":[[-67.29191,9.63157],[-67.2909,9.61908]]}},{"type":"Feature","id":"way/942751623","properties":{"name":"Avenida Roberto Vargas D\u00edaz","highway":"trunk","ref":"T-2"},"geometry":{"type":"LineString","coordinates":[[-67.2909,9.61908],[-67.29191,9.63157]]}},{"type":"Feature","id":"way/942751624","properties":{"name":"Carretera Tiznados - Dos Caminos","highway":"primary","ref":"R-27;R-28"},"geometry":{"type":"LineString","coordinates":[[-67.56237,9.38133],[-67.56369,9.38492]]}},{"type":"Feature","id":"way/942751631","properties":{"name":"Carretera Tamanaco - Uveral","highway":"tertiary","ref":"L-2"},"geometry":{"type":"LineString","coordinates":[[-66.04636,9.67238],[-66.04611,9.67171]]}},{"type":"Feature","id":"way/942751632","properties":{"name":"Carretera Nacional Chaguaramas - Paso Real","highway":"trunk","ref":"T-12;L-2;L-4"},"geometry":{"type":"LineString","coordinates":[[-66.04636,9.67238],[-66.04653,9.67579],[-66.04903,9.67802],[-66.05937,9.68221],[-66.06648,9.6816],[-66.07003,9.68285],[-66.07892,9.6896],[-66.08251,9.6977],[-66.0867,9.70151],[-66.09487,9.71859],[-66.09951,9.72132],[-66.10643,9.72923],[-66.11147,9.73308],[-66.11995,9.74636],[-66.12849,9.75637],[-66.13922,9.76045],[-66.14825,9.77451],[-66.15226,9.77682],[-66.15698,9.77735],[-66.16094,9.78122],[-66.16805,9.79154],[-66.17014,9.80075],[-66.17151,9.80285]]}},{"type":"Feature","id":"way/942751633","properties":{"name":"Carretera Nacional Chaguaramas - Paso Real","highway":"trunk","ref":"T-12;L-2;L-4"},"geometry":{"type":"LineString","coordinates":[[-66.04682,9.67164],[-66.04636,9.67238]]}},{"type":"Feature","id":"way/942751634","properties":{"name":"Carretera Nacional Chaguaramas - Paso Real","highway":"trunk","ref":"T-12;L-4"},"geometry":{"type":"LineString","coordinates":[[-66.25502,9.33802],[-66.2557,9.34398]]}},{"type":"Feature","id":"way/942751635","properties":{"name":"Carretera Nacional Chaguaramas - Paso Real","highway":"trunk","ref":"T-12;L-2;L-4"},"geometry":{"type":"LineString","coordinates":[[-66.17151,9.80285],[-66.17554,9.80608]]}},{"type":"Feature","id":"way/942751636","properties":{"highway":"secondary","ref":"T-12;L-1"},"geometry":{"type":"LineString","coordinates":[[-66.39615,9.71696],[-66.39505,9.72348]]}},{"type":"Feature","id":"way/942751637","properties":{"name":"Carretera Lezama - Casianero","highway":"tertiary","ref":"T-12;L-1"},"geometry":{"type":"LineString","coordinates":[[-66.39047,9.71127],[-66.39258,9.71513],[-66.39615,9.71696]]}},{"type":"Feature","id":"way/942751640","properties":{"name":"Avenida Hurtado Ascanio","highway":"tertiary","ref":"T-11;T-12;L-1"},"geometry":{"type":"LineString","coordinates":[[-66.37995,9.85507],[-66.37963,9.85537]]}},{"type":"Feature","id":"way/942751641","properties":{"name":"Avenida Vuelvan Caras","highway":"tertiary","ref":"T-11;T-12;L-1"},"geometry":{"type":"LineString","coordinates":[[-66.38588,9.85424],[-66.37995,9.85507]]}},{"type":"Feature","id":"way/942751642","properties":{"name":"Carretera Altagracia - Lezama","highway":"secondary","ref":"T-12;L-1"},"geometry":{"type":"LineString","coordinates":[[-66.39039,9.7322],[-66.38942,9.74452],[-66.3905,9.74657],[-66.3899,9.75108],[-66.39225,9.75434],[-66.39156,9.76177],[-66.39222,9.76372],[-66.39099,9.76759],[-66.39143,9.77192],[-66.38818,9.77856],[-66.38916,9.78011],[-66.3893,9.79179],[-66.39123,9.79905],[-66.38975,9.80346],[-66.39369,9.81763],[-66.3896,9.83646]]}},{"type":"Feature","id":"way/942751643","properties":{"name":"Carretera Regional Camatagua - Altagracia","highway":"primary","ref":"T-11"},"geometry":{"type":"LineString","coordinates":[[-66.39319,9.8366],[-66.38989,9.83675]]}},{"type":"Feature","id":"way/942751644","properties":{"name":"Avenida Hurtado Ascanio","highway":"tertiary","ref":"T-11;T-12;L-1"},"geometry":{"type":"LineString","coordinates":[[-66.37963,9.85537],[-66.37955,9.86238]]}},{"type":"Feature","id":"way/942751645","properties":{"name":"Carretera Regional Camatagua - Altagracia","highway":"primary","ref":"T-11"},"geometry":{"type":"LineString","coordinates":[[-66.40492,9.81928],[-66.40442,9.8226],[-66.40526,9.82798]]}},{"type":"Feature","id":"way/942751646","properties":{"highway":"trunk","ref":"T-12"},"geometry":{"type":"LineString","coordinates":[[-66.3775,9.86328],[-66.37773,9.86505],[-66.37958,9.86644],[-66.38566,9.86555]]}},{"type":"Feature","id":"way/942751647","properties":{"name":"Carretera de Guatopo","highway":"trunk","ref":"T-12"},"geometry":{"type":"LineString","coordinates":[[-66.38566,9.86555],[-66.38547,9.86947],[-66.38635,9.87201],[-66.39049,9.87499],[-66.39249,9.87864],[-66.39096,9.88197],[-66.39053,9.88617],[-66.39742,9.8951],[-66.39708,9.9074],[-66.39488,9.90839],[-66.39382,9.91019],[-66.39969,9.91254],[-66.4009,9.91404],[-66.39896,9.91684],[-66.39855,9.92048],[-66.39501,9.92018],[-66.39073,9.92253],[-66.38672,9.92224],[-66.38536,9.92582],[-66.38836,9.92754],[-66.38883,9.93065],[-66.39096,9.93405],[-66.39876,9.93469],[-66.40225,9.9398],[-66.40405,9.94068],[-66.40489,9.9439],[-66.40434,9.94509],[-66.40658,9.94876],[-66.41013,9.95069],[-66.40976,9.95197],[-66.41156,9.95577],[-66.41581,9.95909],[-66.41664,9.96176],[-66.41891,9.96397],[-66.41966,9.96755],[-66.42213,9.96794],[-66.42309,9.97114],[-66.42528,9.97251],[-66.42396,9.97534],[-66.42412,9.97989],[-66.42509,9.98115]]}},{"type":"Feature","id":"way/942751648","properties":{"name":"Avenida Los Pr\u00f3ceres","highway":"trunk","ref":"T-11;T-12"},"geometry":{"type":"LineString","coordinates":[[-66.37626,9.86271],[-66.37112,9.86122],[-66.36335,9.861],[-66.35336,9.86291],[-66.34185,9.86991],[-66.33603,9.87161],[-66.32176,9.86835]]}},{"type":"Feature","id":"way/942751649","properties":{"name":"Carretera Nacional Altagracia - Guanape","highway":"trunk","ref":"T-11;T-12"},"geometry":{"type":"LineString","coordinates":[[-66.3775,9.86328],[-66.37641,9.86274]]}},{"type":"Feature","id":"way/942751650","properties":{"name":"Carretera Nacional Altagracia - Guanape","highway":"trunk","ref":"T-11"},"geometry":{"type":"LineString","coordinates":[[-66.17554,9.80608],[-66.17077,9.80533]]}},{"type":"Feature","id":"way/942842873","properties":{"name":"Avenida Las Industrias","highway":"trunk","ref":"T-13"},"geometry":{"type":"LineString","coordinates":[[-66.03656,9.21983],[-66.03787,9.2206]]}},{"type":"Feature","id":"way/942842874","properties":{"name":"Avenida R\u00f3mulo Gallegos","highway":"trunk_link","ref":"T-13"},"geometry":{"type":"LineString","coordinates":[[-66.03656,9.21983],[-66.03584,9.22018]]}},{"type":"Feature","id":"way/942842875","properties":{"name":"Avenida R\u00f3mulo Gallegos","highway":"trunk_link","ref":"T-13"},"geometry":{"type":"LineString","coordinates":[[-66.03787,9.2206],[-66.03779,9.22047]]}},{"type":"Feature","id":"way/942842876","properties":{"name":"Avenida Las Industrias","highway":"trunk","ref":"T-13"},"geometry":{"type":"LineString","coordinates":[[-66.03787,9.2206],[-66.03895,9.22117]]}},{"type":"Feature","id":"way/942842877","properties":{"name":"Avenida Las Industrias","highway":"trunk","ref":"T-13"},"geometry":{"type":"LineString","coordinates":[[-66.03779,9.22047],[-66.03674,9.21986]]}},{"type":"Feature","id":"way/942842878","properties":{"name":"Carretera Nacional Calabozo - Dos Caminos","highway":"trunk","ref":"T-2;T-13"},"geometry":{"type":"LineString","coordinates":[[-67.31793,9.56827],[-67.31713,9.56869]]}},{"type":"Feature","id":"way/942842886","properties":{"name":"Avenida Ferm\u00edn Toro","highway":"primary","ref":"T-11"},"geometry":{"type":"LineString","coordinates":[[-67.34674,9.91578],[-67.34714,9.91575]]}},{"type":"Feature","id":"way/942842887","properties":{"name":"Avenida Ferm\u00edn Toro","highway":"primary","ref":"T-11"},"geometry":{"type":"LineString","coordinates":[[-67.34663,9.91561],[-67.34639,9.91597]]}},{"type":"Feature","id":"way/942842890","properties":{"name":"Avenida Los Pr\u00f3ceres","highway":"tertiary","ref":"T-11;T-12;L-1"},"geometry":{"type":"LineString","coordinates":[[-66.37772,9.86257],[-66.37626,9.86271]]}},{"type":"Feature","id":"way/942842891","properties":{"name":"Carretera Nacional Altagracia - Guanape","highway":"trunk","ref":"T-11;T-12"},"geometry":{"type":"LineString","coordinates":[[-66.37641,9.86274],[-66.37626,9.86271]]}},{"type":"Feature","id":"way/942842892","properties":{"highway":"tertiary","ref":"T-12;L-1"},"geometry":{"type":"LineString","coordinates":[[-66.37757,9.86306],[-66.3775,9.86328]]}},{"type":"Feature","id":"way/951715760","properties":{"name":"Carretera Cantagallo - La Uni\u00f3n de Canuto","highway":"tertiary","ref":"R-30"},"geometry":{"type":"LineString","coordinates":[[-67.5675,9.77054],[-67.56774,9.77052]]}},{"type":"Feature","id":"way/951715761","properties":{"name":"Carretera Cantagallo - La Uni\u00f3n de Canuto","highway":"tertiary","ref":"R-30"},"geometry":{"type":"LineString","coordinates":[[-67.5252,9.78937],[-67.52489,9.78659],[-67.528,9.77968],[-67.52573,9.77683],[-67.52817,9.77401],[-67.53036,9.77502],[-67.53536,9.77509],[-67.53964,9.77323],[-67.54183,9.7708],[-67.54537,9.77124],[-67.54801,9.7701],[-67.55894,9.7718],[-67.5675,9.77054]]}},{"type":"Feature","id":"way/965378467","properties":{"name":"Carretera San Rafael de Laya - San Miguel","highway":"secondary","ref":"L-3"},"geometry":{"type":"LineString","coordinates":[[-65.63551,9.57566],[-65.62974,9.58052],[-65.61978,9.58587],[-65.61671,9.58985],[-65.61515,9.59418],[-65.6091,9.60398],[-65.59693,9.6126],[-65.59036,9.61344],[-65.58523,9.61602],[-65.53405,9.65098],[-65.48783,9.66344],[-65.47562,9.66494],[-65.4662,9.66725],[-65.46081,9.66983],[-65.42163,9.68072],[-65.38627,9.70488],[-65.38054,9.71018],[-65.37477,9.71919],[-65.35376,9.73545]]}},{"type":"Feature","id":"way/965379808","properties":{"name":"Carretera Guanape - Laya","highway":"tertiary","ref":"R-32"},"geometry":{"type":"LineString","coordinates":[[-65.65369,9.78954],[-65.6564,9.7878],[-65.66227,9.78636],[-65.66623,9.77983],[-65.66979,9.77856],[-65.67544,9.77313],[-65.67793,9.77224],[-65.6796,9.76793],[-65.68408,9.76406],[-65.68538,9.75826],[-65.68842,9.75595],[-65.68899,9.75337],[-65.68657,9.74221],[-65.68727,9.73756],[-65.68987,9.73525],[-65.68956,9.73049],[-65.69299,9.72415],[-65.69391,9.71984],[-65.69391,9.71747],[-65.69189,9.71499],[-65.69262,9.71152],[-65.69683,9.70548],[-65.69769,9.70133],[-65.70005,9.69938],[-65.70254,9.69924],[-65.70387,9.69564],[-65.71252,9.68841],[-65.71436,9.68441],[-65.71565,9.68356],[-65.7184,9.68445],[-65.72106,9.68191],[-65.722,9.67766],[-65.72043,9.667]]}},{"type":"Feature","id":"way/967113421","properties":{"name":"Carretera Zaraza - San Rafael de Laya","highway":"tertiary","ref":"R-49"},"geometry":{"type":"LineString","coordinates":[[-65.51088,9.518],[-65.51601,9.5189],[-65.52015,9.52191],[-65.52651,9.52332],[-65.53213,9.52313],[-65.5357,9.52417],[-65.5397,9.52227],[-65.54676,9.52242],[-65.55414,9.52796],[-65.56597,9.5329],[-65.58013,9.53387],[-65.58789,9.53224],[-65.59223,9.53514],[-65.59472,9.5356],[-65.59836,9.53883],[-65.6093,9.54249],[-65.61166,9.545],[-65.61262,9.54773],[-65.61652,9.55078],[-65.61766,9.56165],[-65.6191,9.56593],[-65.63039,9.57411]]}},{"type":"Feature","id":"way/967401202","properties":{"name":"Avenida 23 de Enero","highway":"secondary","ref":"R-20"},"geometry":{"type":"LineString","coordinates":[[-67.418,8.93157],[-67.41044,8.93541]]}},{"type":"Feature","id":"way/967401203","properties":{"name":"Avenida 23 de Enero","highway":"secondary","ref":"R-20"},"geometry":{"type":"LineString","coordinates":[[-67.41048,8.93551],[-67.41794,8.9319]]}},{"type":"Feature","id":"way/967404516","properties":{"name":"Avenida Jos\u00e9 F\u00e9lix Ribas","highway":"secondary"},"geometry":{"type":"LineString","coordinates":[[-67.35974,9.90625],[-67.36418,9.90491]]}},{"type":"Feature","id":"way/967405652","properties":{"name":"V\u00eda a El Castrero","highway":"secondary"},"geometry":{"type":"LineString","coordinates":[[-67.38574,9.89352],[-67.38642,9.89148]]}},{"type":"Feature","id":"way/967406103","properties":{"name":"Carretera Guardatinajas - Monte Oscuro","highway":"tertiary","ref":"R-52"},"geometry":{"type":"LineString","coordinates":[[-67.63218,9.02935],[-67.63059,9.00388],[-67.62207,8.99839],[-67.61969,8.99239],[-67.61572,8.98701],[-67.61463,8.98379],[-67.61486,8.98088],[-67.62443,8.96825],[-67.62935,8.95606],[-67.62895,8.95161]]}},{"type":"Feature","id":"way/967407193","properties":{"highway":"tertiary"},"geometry":{"type":"LineString","coordinates":[[-66.39615,9.71696],[-66.39678,9.71692]]}},{"type":"Feature","id":"way/973282351","properties":{"name":"Carretera Nacional Zaraza - Aragua","highway":"trunk","ref":"T-13;T-14"},"geometry":{"type":"LineString","coordinates":[[-65.34065,9.34756],[-65.32759,9.34177]]}},{"type":"Feature","id":"way/973282354","properties":{"name":"Carretera Zaraza - El Socorro","highway":"tertiary","ref":"T-14;R-25"},"geometry":{"type":"LineString","coordinates":[[-65.36591,9.29396],[-65.35717,9.30023],[-65.35577,9.30517],[-65.35086,9.31209],[-65.34602,9.31551],[-65.34222,9.31574],[-65.33943,9.31879],[-65.33871,9.32518],[-65.33699,9.32769],[-65.33323,9.32995],[-65.33184,9.33551],[-65.32759,9.34177]]}},{"type":"Feature","id":"way/973339663","properties":{"name":"Carretera Lezama - Casianero","highway":"tertiary","ref":"L-1"},"geometry":{"type":"LineString","coordinates":[[-66.38848,9.70969],[-66.39047,9.71127]]}},{"type":"Feature","id":"way/973352629","properties":{"name":"Carretera Regional El Sombrero - Barbacoas","highway":"trunk","ref":"L-8"},"geometry":{"type":"LineString","coordinates":[[-67.03245,9.37169],[-67.02842,9.37311],[-67.01237,9.38316],[-66.99755,9.40045],[-66.99784,9.40585],[-66.99735,9.40848],[-66.99548,9.41056],[-66.99541,9.41568]]}},{"type":"Feature","id":"way/973536821","properties":{"name":"Carretera Lezama - Casianero","highway":"tertiary","ref":"L-1;R-4"},"geometry":{"type":"LineString","coordinates":[[-66.25074,9.60938],[-66.2547,9.61405],[-66.25849,9.61598],[-66.26583,9.61721],[-66.26862,9.6192]]}},{"type":"Feature","id":"way/973536822","properties":{"name":"Carretera Lezama - Casianero","highway":"tertiary","ref":"L-1"},"geometry":{"type":"LineString","coordinates":[[-66.26862,9.6192],[-66.27177,9.62055],[-66.28146,9.63089],[-66.28538,9.63548],[-66.28711,9.63989],[-66.29429,9.64303],[-66.29861,9.64375],[-66.31042,9.6491],[-66.31448,9.64992],[-66.32828,9.66198],[-66.32839,9.66625],[-66.33141,9.67105],[-66.33827,9.67515],[-66.34703,9.67383],[-66.35049,9.67513],[-66.35459,9.68209],[-66.36006,9.68796],[-66.36809,9.69396],[-66.37354,9.70015],[-66.3789,9.70344],[-66.38282,9.70718],[-66.38848,9.70969]]}},{"type":"Feature","id":"way/973548344","properties":{"highway":"tertiary","ref":"R-15;R-45"},"geometry":{"type":"LineString","coordinates":[[-65.74108,8.99539],[-65.74193,8.99676]]}},{"type":"Feature","id":"way/973558773","properties":{"name":"Carretera Tiznados - Dos Caminos","highway":"primary","ref":"R-27"},"geometry":{"type":"LineString","coordinates":[[-67.56369,9.38492],[-67.56384,9.38828]]}},{"type":"Feature","id":"way/973558774","properties":{"highway":"primary","ref":"R-27"},"geometry":{"type":"LineString","coordinates":[[-67.5612,9.37441],[-67.56157,9.37674]]}},{"type":"Feature","id":"way/974043000","properties":{"name":"Carretera Calabozo - Uverito","highway":"secondary","ref":"R-36"},"geometry":{"type":"LineString","coordinates":[[-67.51354,8.87297],[-67.51361,8.873]]}},{"type":"Feature","id":"way/974043001","properties":{"name":"Carretera Nacional de Los Llanos","highway":"trunk","ref":"T-15;R-33"},"geometry":{"type":"LineString","coordinates":[[-65.86822,9.07811],[-65.86015,9.07308]]}},{"type":"Feature","id":"way/974043002","properties":{"name":"Carretera Nacional de Los Llanos","highway":"trunk","ref":"T-15"},"geometry":{"type":"LineString","coordinates":[[-65.86015,9.07308],[-65.8583,9.07186],[-65.84041,9.0669],[-65.8192,9.0433],[-65.80748,9.03599],[-65.75131,9.01332]]}},{"type":"Feature","id":"way/974591012","properties":{"name":"Carretera Nacional Calabozo - San Fernando","highway":"trunk","ref":"T-2"},"geometry":{"type":"LineString","coordinates":[[-67.56192,8.6311],[-67.54724,8.68427],[-67.54374,8.72539],[-67.53791,8.74806],[-67.54121,8.7889],[-67.53425,8.83254],[-67.51336,8.87234]]}},{"type":"Feature","id":"way/974591013","properties":{"name":"Carretera Nacional Calabozo - San Fernando","highway":"trunk","ref":"T-2"},"geometry":{"type":"LineString","coordinates":[[-67.56197,8.6309],[-67.56192,8.6311]]}},{"type":"Feature","id":"way/976042786","properties":{"name":"Carretera Calabozo - El Sombrero","highway":"trunk","ref":"L-5"},"geometry":{"type":"LineString","coordinates":[[-67.37714,8.93997],[-67.35406,8.94183],[-67.34693,8.94274],[-67.34364,8.94442],[-67.33082,8.94547],[-67.32866,8.94789],[-67.32434,8.94862],[-67.31829,8.95214],[-67.31774,8.95335],[-67.32067,8.96324],[-67.31811,8.97864],[-67.31358,8.98459],[-67.31316,8.99123],[-67.3069,8.99674],[-67.30799,9.0052],[-67.30657,9.0096],[-67.30231,9.01545]]}},{"type":"Feature","id":"way/985545399","properties":{"name":"Carretera Regional El Sombrero - Barbacoas","highway":"trunk","ref":"L-8"},"geometry":{"type":"LineString","coordinates":[[-66.99541,9.41568],[-66.99077,9.42649],[-66.97729,9.44625],[-66.97682,9.46991],[-66.97015,9.47687]]}},{"type":"Feature","id":"way/985568733","properties":{"name":"V\u00eda a Gu\u00e1sima","highway":"tertiary"},"geometry":{"type":"LineString","coordinates":[[-66.86257,9.63693],[-66.8537,9.64804],[-66.852,9.64922],[-66.85027,9.64851],[-66.84802,9.64897]]}},{"type":"Feature","id":"way/996724726","properties":{"name":"Av. Fuerzas Armadas","highway":"secondary","ref":"R-1"},"geometry":{"type":"LineString","coordinates":[[-67.38642,9.9036],[-67.38133,9.90659],[-67.38011,9.90923],[-67.37506,9.9141],[-67.37067,9.91573],[-67.3682,9.91777]]}},{"type":"Feature","id":"way/1050091080","properties":{"name":"Carretera Calabozo - Las Mercedes","highway":"primary","ref":"R-54"},"geometry":{"type":"LineString","coordinates":[[-67.00193,8.98008],[-66.99929,8.9753],[-66.99413,8.97511],[-66.98315,8.98477],[-66.96133,8.9914],[-66.9551,8.99216]]}},{"type":"Feature","id":"way/1050092382","properties":{"name":"Via Agr\u00edcola El Socorro - Corral Viejo","highway":"tertiary","ref":"R-15"},"geometry":{"type":"LineString","coordinates":[[-65.82771,8.95406],[-65.82321,8.95526],[-65.8189,8.95389],[-65.81282,8.96288],[-65.80953,8.96406],[-65.80773,8.96608],[-65.80369,8.96325],[-65.79987,8.96513],[-65.79745,8.96346],[-65.7961,8.9666],[-65.7936,8.96717],[-65.7906,8.97125],[-65.78623,8.97095],[-65.78292,8.97371],[-65.78025,8.97994],[-65.77793,8.9809],[-65.7757,8.98497],[-65.77217,8.98532],[-65.76562,8.99046],[-65.75738,8.99426],[-65.74757,8.99494]]}},{"type":"Feature","id":"way/1050093358","properties":{"name":"Carretera Espino - Parmana","highway":"secondary","ref":"L-9"},"geometry":{"type":"LineString","coordinates":[[-65.7591,7.84564],[-65.77539,7.8697],[-65.78808,7.87669],[-65.7985,7.89213],[-65.80393,7.89765],[-65.80742,7.90416],[-65.81911,7.935],[-65.88001,8.02527],[-65.88187,8.03566],[-65.88088,8.08844],[-65.87932,8.0994],[-65.87866,8.13625],[-65.87973,8.20652],[-65.88165,8.22499],[-65.90602,8.24684],[-65.90581,8.25919],[-65.9185,8.27445],[-65.92324,8.28532],[-65.93737,8.28803],[-65.95008,8.2938],[-65.95048,8.31291],[-65.95219,8.31627],[-65.95287,8.32812],[-65.95411,8.33236],[-65.95206,8.33918],[-65.95423,8.34572],[-65.9624,8.35601],[-65.9651,8.37383],[-65.97025,8.37914],[-65.96951,8.38941],[-65.96641,8.40216],[-65.97742,8.43679],[-65.97898,8.43876],[-65.98435,8.44155],[-65.99637,8.47036],[-66.00391,8.48072],[-66.01322,8.49914],[-66.01704,8.50983],[-66.01659,8.5149],[-66.01927,8.52304],[-66.01721,8.52992],[-66.02159,8.54893],[-66.02058,8.55459],[-66.01896,8.55772]]}},{"type":"Feature","id":"way/1050100697","properties":{"name":"Eje Rural de Paso del Medio","highway":"tertiary","ref":"R-4"},"geometry":{"type":"LineString","coordinates":[[-66.18421,9.78262],[-66.18402,9.78929],[-66.18092,9.79501],[-66.17934,9.80315],[-66.17676,9.8064]]}},{"type":"Feature","id":"way/1050100698","properties":{"highway":"tertiary","ref":"R-6"},"geometry":{"type":"LineString","coordinates":[[-66.09458,9.91439],[-66.08935,9.91548]]}},{"type":"Feature","id":"way/1050101301","properties":{"name":"Carretera Altagracia - Lezama","highway":"secondary","ref":"T-12;L-1"},"geometry":{"type":"LineString","coordinates":[[-66.39505,9.72348],[-66.3944,9.72602],[-66.39039,9.7322]]}},{"type":"Feature","id":"way/1050103706","properties":{"name":"Carretera San Francisco - Macanilla","highway":"tertiary"},"geometry":{"type":"LineString","coordinates":[[-66.26751,10.05955],[-66.26658,10.0583],[-66.26882,10.05538],[-66.26702,10.05145],[-66.2706,10.04792],[-66.27172,10.04479],[-66.27108,10.04413],[-66.27406,10.04456],[-66.27452,10.04213],[-66.26783,10.03599],[-66.26867,10.03426],[-66.26722,10.03352],[-66.26735,10.03245],[-66.26441,10.02822],[-66.26581,10.02813],[-66.26734,10.02645],[-66.26946,10.02269],[-66.26898,10.02007],[-66.27169,10.01698],[-66.27214,10.01292],[-66.27014,10.01075],[-66.27189,10.00725],[-66.27211,10.00291],[-66.27128,10.00198],[-66.27316,9.99711],[-66.27172,9.99579],[-66.27338,9.99296],[-66.27237,9.99284],[-66.27026,9.98959],[-66.27132,9.98862],[-66.27084,9.98481],[-66.26904,9.98281],[-66.27002,9.98074],[-66.26878,9.98084],[-66.26714,9.97764],[-66.26406,9.97662],[-66.26331,9.9746],[-66.26471,9.96701]]}},{"type":"Feature","id":"way/1050125733","properties":{"name":"Carretera Calabozo - Cazorla","highway":"primary","ref":"L-7"},"geometry":{"type":"LineString","coordinates":[[-67.4088,8.87898],[-67.41742,8.89603]]}},{"type":"Feature","id":"way/1050125734","properties":{"name":"Carretera Regional Guayabal - Cazorla","highway":"primary","ref":"L-10"},"geometry":{"type":"LineString","coordinates":[[-67.00779,8.01297],[-67.00431,8.01501]]}},{"type":"Feature","id":"way/1050129239","properties":{"name":"Calle Via Camburito","highway":"secondary"},"geometry":{"type":"LineString","coordinates":[[-67.38574,9.89352],[-67.38264,9.89736],[-67.37361,9.90232],[-67.37205,9.90406]]}},{"type":"Feature","id":"way/1050129242","properties":{"name":"V\u00eda a El Castrero","highway":"tertiary"},"geometry":{"type":"LineString","coordinates":[[-67.40539,9.87007],[-67.40604,9.86831],[-67.4093,9.86703],[-67.41276,9.86951],[-67.42024,9.86974],[-67.42167,9.86818],[-67.42403,9.868],[-67.42643,9.86409],[-67.42829,9.86309],[-67.43061,9.86341],[-67.43655,9.86048],[-67.43926,9.8617],[-67.44149,9.86587],[-67.44618,9.86751]]}},{"type":"Feature","id":"way/1050400296","properties":{"name":"Carretera Cantagallo - La Uni\u00f3n de Canuto","highway":"tertiary","ref":"R-30"},"geometry":{"type":"LineString","coordinates":[[-67.63318,9.76346],[-67.64069,9.76533],[-67.64442,9.7649],[-67.64673,9.76249],[-67.65291,9.76363],[-67.65811,9.75763],[-67.66083,9.75194],[-67.66308,9.75097]]}},{"type":"Feature","id":"way/1056415388","properties":{"name":"Calle Santa B\u00e1rbara","highway":"tertiary","ref":"R-52"},"geometry":{"type":"LineString","coordinates":[[-67.63244,9.03467],[-67.63362,9.03941]]}},{"type":"Feature","id":"way/1056419967","properties":{"name":"V\u00eda a Libertad de Orituco","highway":"tertiary","ref":"T-12"},"geometry":{"type":"LineString","coordinates":[[-66.40603,9.51081],[-66.41527,9.52212],[-66.41692,9.52267],[-66.41667,9.5249],[-66.41902,9.52605],[-66.41984,9.52819],[-66.42181,9.52842],[-66.42027,9.53691],[-66.42134,9.54083],[-66.41873,9.55219],[-66.41817,9.56184],[-66.41377,9.56601],[-66.41392,9.57612],[-66.40989,9.58488],[-66.40961,9.58869],[-66.40768,9.59121],[-66.40465,9.59246],[-66.39418,9.6054],[-66.39502,9.61271],[-66.39686,9.61619],[-66.39965,9.62669],[-66.40135,9.64433],[-66.3995,9.65288],[-66.39547,9.66032],[-66.3936,9.66642],[-66.39042,9.67101],[-66.39004,9.6771],[-66.39167,9.68452],[-66.38963,9.69296],[-66.39047,9.71127]]}},{"type":"Feature","id":"way/1056419968","properties":{"highway":"tertiary","ref":"T-12"},"geometry":{"type":"LineString","coordinates":[[-66.40547,9.509],[-66.40603,9.51081]]}},{"type":"Feature","id":"way/1056419969","properties":{"name":"V\u00eda a Los Negros","highway":"tertiary","ref":"R-4"},"geometry":{"type":"LineString","coordinates":[[-66.31668,9.56782],[-66.26862,9.6192]]}},{"type":"Feature","id":"way/1056421660","properties":{"name":"V\u00eda a Sabana Grande de Orituco","highway":"tertiary","ref":"R-6"},"geometry":{"type":"LineString","coordinates":[[-66.08935,9.91548],[-66.08585,9.91528]]}},{"type":"Feature","id":"way/1056470222","properties":{"highway":"tertiary","ref":"R-15"},"geometry":{"type":"LineString","coordinates":[[-65.74757,8.99494],[-65.74193,8.99676]]}},{"type":"Feature","id":"way/1070302928","properties":{"highway":"tertiary"},"geometry":{"type":"LineString","coordinates":[[-66.38853,9.86223],[-66.38823,9.86279]]}},{"type":"Feature","id":"way/1070302929","properties":{"highway":"tertiary"},"geometry":{"type":"LineString","coordinates":[[-66.38916,9.8614],[-66.39028,9.86002],[-66.39564,9.85991]]}},{"type":"Feature","id":"way/1070302946","properties":{"name":"Avenida Hurtado Ascanio","highway":"tertiary"},"geometry":{"type":"LineString","coordinates":[[-66.37955,9.86238],[-66.3796,9.86451]]}},{"type":"Feature","id":"way/1070302947","properties":{"highway":"tertiary"},"geometry":{"type":"LineString","coordinates":[[-66.38895,9.86168],[-66.38853,9.86223]]}},{"type":"Feature","id":"way/1070302951","properties":{"highway":"tertiary","ref":"R-41"},"geometry":{"type":"LineString","coordinates":[[-67.29652,8.76225],[-67.2982,8.76277]]}},{"type":"Feature","id":"way/1070302952","properties":{"highway":"tertiary"},"geometry":{"type":"LineString","coordinates":[[-67.29657,8.76044],[-67.29652,8.76225]]}},{"type":"Feature","id":"way/1070302970","properties":{"name":"Avenida Sim\u00f3n Bol\u00edvar","highway":"secondary"},"geometry":{"type":"LineString","coordinates":[[-67.36642,9.92002],[-67.36622,9.9203]]}},{"type":"Feature","id":"way/1088641276","properties":{"name":"Avenida Antonio Jos\u00e9 de Sucre","highway":"primary","ref":"L-7"},"geometry":{"type":"LineString","coordinates":[[-67.42757,8.92251],[-67.4291,8.92283]]}},{"type":"Feature","id":"way/1088745868","properties":{"name":"Carretera Nacional Calabozo - Dos Caminos","highway":"trunk","ref":"T-2"},"geometry":{"type":"LineString","coordinates":[[-67.40367,8.93955],[-67.40366,8.94283]]}},{"type":"Feature","id":"way/1088745869","properties":{"name":"Carretera Nacional Calabozo - Dos Caminos","highway":"trunk","ref":"T-2"},"geometry":{"type":"LineString","coordinates":[[-67.40366,8.94283],[-67.40357,8.94431]]}},{"type":"Feature","id":"way/1088745870","properties":{"name":"Avenida Francisco de Miranda","highway":"trunk","ref":"T-2"},"geometry":{"type":"LineString","coordinates":[[-67.44676,8.89988],[-67.44287,8.90138]]}},{"type":"Feature","id":"way/1088745871","properties":{"name":"Avenida Francisco de Miranda","highway":"trunk","ref":"T-2"},"geometry":{"type":"LineString","coordinates":[[-67.45524,8.89711],[-67.45402,8.89753]]}},{"type":"Feature","id":"way/1090775045","properties":{"highway":"trunk_link"},"geometry":{"type":"LineString","coordinates":[[-67.06163,9.382],[-67.06188,9.38253]]}},{"type":"Feature","id":"way/1090776991","properties":{"name":"Avenida Sim\u00f3n Bol\u00edvar","highway":"tertiary","ref":"R-35"},"geometry":{"type":"LineString","coordinates":[[-67.08019,9.39119],[-67.07507,9.39005],[-67.05927,9.39374]]}},{"type":"Feature","id":"way/1090776992","properties":{"name":"Avenida Sim\u00f3n Bol\u00edvar","highway":"tertiary","ref":"R-35"},"geometry":{"type":"LineString","coordinates":[[-67.05927,9.39374],[-67.07507,9.39016],[-67.08019,9.39119]]}},{"type":"Feature","id":"way/1090776993","properties":{"highway":"tertiary","ref":"R-35"},"geometry":{"type":"LineString","coordinates":[[-67.05927,9.39374],[-67.05646,9.38885]]}},{"type":"Feature","id":"way/1090776995","properties":{"highway":"tertiary","ref":"R-35"},"geometry":{"type":"LineString","coordinates":[[-67.05557,9.37921],[-67.05414,9.38169]]}},{"type":"Feature","id":"way/1090776996","properties":{"highway":"tertiary","ref":"R-35"},"geometry":{"type":"LineString","coordinates":[[-67.05414,9.38169],[-67.05557,9.37921]]}},{"type":"Feature","id":"way/1097302695","properties":{"name":"Avenida Antonio Jos\u00e9 de Sucre","highway":"primary","ref":"L-7"},"geometry":{"type":"LineString","coordinates":[[-67.42912,8.92274],[-67.42526,8.9211],[-67.42292,8.91855],[-67.41868,8.89954]]}},{"type":"Feature","id":"way/1097302696","properties":{"name":"Avenida Antonio Jos\u00e9 de Sucre","highway":"primary","ref":"L-7"},"geometry":{"type":"LineString","coordinates":[[-67.42674,8.92202],[-67.42746,8.92245]]}},{"type":"Feature","id":"way/1099971172","properties":{"name":"Avenida Francisco de Miranda","highway":"trunk","ref":"T-2"},"geometry":{"type":"LineString","coordinates":[[-67.45315,8.8978],[-67.44967,8.89894]]}},{"type":"Feature","id":"way/1099971173","properties":{"name":"Avenida Francisco de Miranda","highway":"trunk","ref":"T-2"},"geometry":{"type":"LineString","coordinates":[[-67.44971,8.89902],[-67.45315,8.8978]]}},{"type":"Feature","id":"way/1108636659","properties":{"name":"Carretera Calabozo - Guardarrama","highway":"tertiary"},"geometry":{"type":"LineString","coordinates":[[-67.9644,8.52993],[-67.97672,8.52656],[-67.99833,8.5266],[-68.00696,8.52726],[-68.00998,8.52894],[-68.01858,8.53096],[-68.02694,8.53527],[-68.03148,8.5336]]}},{"type":"Feature","id":"way/1108776954","properties":{"name":"Carretera Lecherito V - Las Barbas","highway":"tertiary"},"geometry":{"type":"LineString","coordinates":[[-67.45715,8.81123],[-67.44916,8.78342],[-67.4523,8.77144],[-67.45112,8.76954],[-67.44683,8.76722],[-67.44576,8.76386],[-67.44612,8.75843],[-67.43853,8.75787]]}},{"type":"Feature","id":"way/1108827605","properties":{"name":"Carretera Calabozo - Cazorla","highway":"primary","ref":"L-7"},"geometry":{"type":"LineString","coordinates":[[-67.37753,8.80684],[-67.37932,8.80809],[-67.37953,8.80943],[-67.37641,8.83928],[-67.37674,8.84314],[-67.4088,8.87898]]}},{"type":"Feature","id":"way/1108827606","properties":{"name":"Puente Orituco","highway":"primary","ref":"L-7"},"geometry":{"type":"LineString","coordinates":[[-67.37703,8.80655],[-67.37753,8.80684]]}},{"type":"Feature","id":"way/1108846656","properties":{"name":"Carretera La Madrina","highway":"tertiary"},"geometry":{"type":"LineString","coordinates":[[-67.634,8.86295],[-67.63367,8.86068],[-67.62105,8.84617],[-67.62135,8.84363],[-67.62438,8.83912],[-67.62393,8.83817]]}},{"type":"Feature","id":"way/1108846657","properties":{"name":"Carretera La Madrina","highway":"tertiary"},"geometry":{"type":"LineString","coordinates":[[-67.63422,8.86323],[-67.634,8.86295]]}},{"type":"Feature","id":"way/1108854819","properties":{"name":"Carretera Calabozo - El Calvario","highway":"primary","ref":"R-54"},"geometry":{"type":"LineString","coordinates":[[-67.1527,8.98691],[-67.15035,8.98643],[-67.1401,8.98075],[-67.1268,8.97596],[-67.10863,8.97193],[-67.0935,8.97209],[-67.08728,8.9686],[-67.08034,8.96824],[-67.03962,8.97283],[-67.03431,8.97577],[-67.00735,8.98302],[-67.00449,8.98259]]}},{"type":"Feature","id":"way/1108854820","properties":{"name":"Carretera Calabozo - El Calvario","highway":"primary","ref":"R-54"},"geometry":{"type":"LineString","coordinates":[[-67.15306,8.98694],[-67.1527,8.98691]]}},{"type":"Feature","id":"way/1109074020","properties":{"name":"Avenida Antonio Jos\u00e9 de Sucre","highway":"primary","ref":"L-7"},"geometry":{"type":"LineString","coordinates":[[-67.42746,8.92245],[-67.42757,8.92251]]}},{"type":"Feature","id":"way/1109146127","properties":{"name":"Carretera Calabozo - Cazorla","highway":"primary","ref":"L-7"},"geometry":{"type":"LineString","coordinates":[[-67.148,8.27496],[-67.14776,8.28544],[-67.1498,8.28937],[-67.15118,8.29638],[-67.14598,8.30024],[-67.14425,8.30608],[-67.13842,8.3108],[-67.13576,8.3151]]}},{"type":"Feature","id":"way/1109146128","properties":{"name":"Puente Paso El Caballo","highway":"primary","ref":"L-7"},"geometry":{"type":"LineString","coordinates":[[-67.13576,8.3151],[-67.13558,8.31578]]}},{"type":"Feature","id":"way/1111154412","properties":{"name":"Carretera Calabozo - El Calvario","highway":"primary","ref":"R-54"},"geometry":{"type":"LineString","coordinates":[[-67.00415,8.98244],[-67.00193,8.98008]]}},{"type":"Feature","id":"way/1111154413","properties":{"name":"Carretera Calabozo - El Calvario","highway":"primary","ref":"R-54"},"geometry":{"type":"LineString","coordinates":[[-67.00449,8.98259],[-67.00415,8.98244]]}},{"type":"Feature","id":"way/1111163475","properties":{"name":"Avenida Nicol\u00e1s Hurtado Barrios","highway":"primary"},"geometry":{"type":"LineString","coordinates":[[-67.42503,8.92684],[-67.42416,8.92007]]}},{"type":"Feature","id":"way/1111657389","properties":{"name":"Calle 5","highway":"tertiary"},"geometry":{"type":"LineString","coordinates":[[-67.44287,8.90138],[-67.44293,8.90145]]}},{"type":"Feature","id":"way/1111657390","properties":{"name":"Carretera Lecherito V - Las Barbas","highway":"tertiary"},"geometry":{"type":"LineString","coordinates":[[-67.46101,8.84905],[-67.46083,8.84895]]}},{"type":"Feature","id":"way/1111657391","properties":{"highway":"tertiary"},"geometry":{"type":"LineString","coordinates":[[-67.41742,8.89603],[-67.41747,8.89601]]}},{"type":"Feature","id":"way/1111918570","properties":{"name":"Carretera Calabozo - El Sombrero","highway":"trunk","ref":"L-5"},"geometry":{"type":"LineString","coordinates":[[-67.30231,9.01545],[-67.29889,9.02291],[-67.29564,9.02493],[-67.29185,9.02916],[-67.27589,9.04049],[-67.25318,9.04388],[-67.25005,9.04734],[-67.24716,9.04791],[-67.24477,9.05203],[-67.23899,9.0569]]}},{"type":"Feature","id":"way/1111918571","properties":{"name":"Calle Principal de Palo Seco","highway":"trunk","ref":"L-5"},"geometry":{"type":"LineString","coordinates":[[-67.23899,9.0569],[-67.23536,9.05736],[-67.23358,9.05976],[-67.22749,9.06312],[-67.22627,9.06863]]}},{"type":"Feature","id":"way/1112704278","properties":{"name":"Carretera Calabozo - Cazorla","highway":"primary","ref":"L-7"},"geometry":{"type":"LineString","coordinates":[[-67.41742,8.89603],[-67.41868,8.89954]]}},{"type":"Feature","id":"way/1113742011","properties":{"name":"Carretera Guardatinajas - Monte Oscuro","highway":"tertiary","ref":"R-52"},"geometry":{"type":"LineString","coordinates":[[-67.6276,8.94436],[-67.62722,8.94127],[-67.62939,8.92728],[-67.64467,8.90822],[-67.64673,8.90023],[-67.64888,8.89838]]}},{"type":"Feature","id":"way/1113923591","properties":{"name":"Calle Principal La Romere\u00f1a","highway":"tertiary","ref":"R-52"},"geometry":{"type":"LineString","coordinates":[[-67.62895,8.95161],[-67.6276,8.94436]]}},{"type":"Feature","id":"way/1114770444","properties":{"highway":"primary"},"geometry":{"type":"LineString","coordinates":[[-67.42416,8.92007],[-67.42421,8.92]]}},{"type":"Feature","id":"way/1131965224","properties":{"name":"Carretera Guardatinajas - Monte Oscuro","highway":"tertiary","ref":"R-51"},"geometry":{"type":"LineString","coordinates":[[-67.71115,8.85916],[-67.7154,8.84931],[-67.72433,8.84931],[-67.72872,8.84822],[-67.73623,8.84926],[-67.75802,8.83317]]}},{"type":"Feature","id":"way/1137640628","properties":{"name":"Carretera Nacional Calabozo - Dos Caminos","highway":"trunk","ref":"T-2"},"geometry":{"type":"LineString","coordinates":[[-67.40357,8.94431],[-67.44216,9.06286]]}},{"type":"Feature","id":"way/1137640629","properties":{"name":"Peaje El Rastro","highway":"trunk","ref":"T-2"},"geometry":{"type":"LineString","coordinates":[[-67.44274,9.06465],[-67.44216,9.06286]]}},{"type":"Feature","id":"way/1137640630","properties":{"name":"Peaje El Rastro","highway":"trunk","ref":"T-2"},"geometry":{"type":"LineString","coordinates":[[-67.44216,9.06286],[-67.44274,9.06465]]}},{"type":"Feature","id":"way/1141324026","properties":{"highway":"tertiary"},"geometry":{"type":"LineString","coordinates":[[-67.40903,8.93944],[-67.40739,8.94047],[-67.40947,8.94322]]}},{"type":"Feature","id":"way/1141324027","properties":{"name":"V\u00eda a Los Chorritos","highway":"tertiary"},"geometry":{"type":"LineString","coordinates":[[-67.40933,8.94469],[-67.40929,8.9452]]}},{"type":"Feature","id":"way/1141334924","properties":{"name":"Carretera Calabozo - Las Mercedes","highway":"primary","ref":"L-6"},"geometry":{"type":"LineString","coordinates":[[-66.9551,8.99216],[-66.94409,8.99542],[-66.929,8.98949],[-66.92178,8.99366],[-66.91313,8.9878]]}},{"type":"Feature","id":"way/1141334925","properties":{"name":"Carretera Calabozo - Las Mercedes","highway":"primary","ref":"L-6"},"geometry":{"type":"LineString","coordinates":[[-66.91304,8.98767],[-66.91281,8.98732]]}},{"type":"Feature","id":"way/1141334926","properties":{"name":"Carretera Calabozo - Las Mercedes","highway":"primary","ref":"L-6"},"geometry":{"type":"LineString","coordinates":[[-66.91281,8.98732],[-66.91272,8.98719]]}},{"type":"Feature","id":"way/1141334927","properties":{"name":"Carretera Calabozo - Las Mercedes","highway":"primary","ref":"L-6"},"geometry":{"type":"LineString","coordinates":[[-66.91313,8.9878],[-66.91304,8.98767]]}},{"type":"Feature","id":"way/1141429723","properties":{"name":"Carretera Palenque - P.N Aguaro Guariquito","highway":"tertiary","ref":"R-41"},"geometry":{"type":"LineString","coordinates":[[-66.90951,8.87237],[-66.90674,8.87222],[-66.89524,8.86025],[-66.89311,8.86027],[-66.88919,8.8575]]}},{"type":"Feature","id":"way/1142311549","properties":{"name":"Avenida Francisco de Miranda","highway":"trunk","ref":"T-2"},"geometry":{"type":"LineString","coordinates":[[-67.45402,8.89753],[-67.45315,8.8978]]}},{"type":"Feature","id":"way/1146127361","properties":{"name":"Carretera Nacional P\u00edritu - Zaraza","highway":"trunk","ref":"T-14"},"geometry":{"type":"LineString","coordinates":[[-65.23395,9.47493],[-65.23592,9.4793],[-65.23416,9.4961],[-65.2346,9.50019]]}},{"type":"Feature","id":"way/1146127362","properties":{"name":"Carretera Nacional P\u00edritu - Zaraza","highway":"trunk","ref":"T-14"},"geometry":{"type":"LineString","coordinates":[[-65.2346,9.50019],[-65.23461,9.50034]]}},{"type":"Feature","id":"way/1148068835","properties":{"name":"V\u00eda a P\u00edritu","highway":"tertiary"},"geometry":{"type":"LineString","coordinates":[[-67.39049,8.75356],[-67.38895,8.77397],[-67.38184,8.78485],[-67.38105,8.78987],[-67.37875,8.79312],[-67.38098,8.79948],[-67.38068,8.8012],[-67.3756,8.80576]]}},{"type":"Feature","id":"way/1148068836","properties":{"name":"Calle Principal de P\u00edritu","highway":"tertiary"},"geometry":{"type":"LineString","coordinates":[[-67.39131,8.74963],[-67.39049,8.75356]]}},{"type":"Feature","id":"way/1148591184","properties":{"name":"V\u00eda a Los Chorritos","highway":"tertiary"},"geometry":{"type":"LineString","coordinates":[[-67.40947,8.94322],[-67.40933,8.94469]]}},{"type":"Feature","id":"way/1148716410","properties":{"highway":"secondary"},"geometry":{"type":"LineString","coordinates":[[-67.41824,8.93153],[-67.41819,8.9318]]}},{"type":"Feature","id":"way/1148716411","properties":{"highway":"tertiary","ref":"R-37"},"geometry":{"type":"LineString","coordinates":[[-67.42487,8.98934],[-67.42388,8.99651]]}},{"type":"Feature","id":"way/1148716412","properties":{"name":"Carretera Calabozo - Uverito","highway":"secondary","ref":"R-36"},"geometry":{"type":"LineString","coordinates":[[-67.51361,8.873],[-67.53556,8.88278]]}},{"type":"Feature","id":"way/1148716413","properties":{"name":"V\u00eda a Los Chorritos","highway":"tertiary"},"geometry":{"type":"LineString","coordinates":[[-67.40929,8.9452],[-67.40708,8.95431],[-67.42115,8.99753]]}},{"type":"Feature","id":"way/1149030679","properties":{"highway":"tertiary","ref":"R-37"},"geometry":{"type":"LineString","coordinates":[[-67.49173,8.88512],[-67.49915,8.90723]]}},{"type":"Feature","id":"way/1149030680","properties":{"highway":"tertiary"},"geometry":{"type":"LineString","coordinates":[[-67.49915,8.90723],[-67.49927,8.9076]]}},{"type":"Feature","id":"way/1149030682","properties":{"highway":"tertiary","ref":"R-37"},"geometry":{"type":"LineString","coordinates":[[-67.4237,8.99652],[-67.42115,8.99753]]}},{"type":"Feature","id":"way/1149030683","properties":{"highway":"tertiary","ref":"R-37"},"geometry":{"type":"LineString","coordinates":[[-67.42388,8.99651],[-67.4237,8.99652]]}},{"type":"Feature","id":"way/1150194709","properties":{"name":"Avenida Antonio Jos\u00e9 de Sucre","highway":"primary","ref":"L-7"},"geometry":{"type":"LineString","coordinates":[[-67.41868,8.89954],[-67.42078,8.90924]]}},{"type":"Feature","id":"way/1150194710","properties":{"name":"Avenida Antonio Jos\u00e9 de Sucre","highway":"primary","ref":"L-7"},"geometry":{"type":"LineString","coordinates":[[-67.42078,8.90924],[-67.42082,8.90939]]}},{"type":"Feature","id":"way/1150194711","properties":{"name":"Carretera Nacional San Juan - Dos Caminos","highway":"trunk","ref":"T-2"},"geometry":{"type":"LineString","coordinates":[[-67.39387,9.84172],[-67.39133,9.85116],[-67.38825,9.85224],[-67.3857,9.85449],[-67.38287,9.86286],[-67.37501,9.87135],[-67.37229,9.87785],[-67.37245,9.88025]]}},{"type":"Feature","id":"way/1150194712","properties":{"name":"Carretera Nacional San Juan - Dos Caminos","highway":"trunk","ref":"T-2"},"geometry":{"type":"LineString","coordinates":[[-67.37245,9.88025],[-67.37282,9.87675]]}},{"type":"Feature","id":"way/1150194713","properties":{"name":"Carretera Nacional San Juan - Dos Caminos","highway":"trunk","ref":"T-2"},"geometry":{"type":"LineString","coordinates":[[-67.37282,9.87675],[-67.37561,9.87049],[-67.38279,9.86309],[-67.38588,9.85434],[-67.38823,9.85233],[-67.39119,9.85153],[-67.39387,9.84172]]}},{"type":"Feature","id":"way/1150194715","properties":{"name":"Carretera Nacional San Juan - Dos Caminos","highway":"trunk","ref":"T-2"},"geometry":{"type":"LineString","coordinates":[[-67.3002,9.59877],[-67.28742,9.60968],[-67.28698,9.61143],[-67.28831,9.61378]]}},{"type":"Feature","id":"way/1150194716","properties":{"name":"Carretera Nacional San Juan - Dos Caminos","highway":"trunk","ref":"T-2"},"geometry":{"type":"LineString","coordinates":[[-67.30709,9.57593],[-67.30288,9.58166],[-67.30326,9.59117],[-67.3002,9.59877]]}},{"type":"Feature","id":"way/1150194717","properties":{"name":"Carretera Nacional San Juan - Dos Caminos","highway":"trunk","ref":"T-2"},"geometry":{"type":"LineString","coordinates":[[-67.28831,9.61378],[-67.2909,9.61908]]}},{"type":"Feature","id":"way/1150194718","properties":{"name":"Carretera El Rastro - Guardatinajas","highway":"secondary"},"geometry":{"type":"LineString","coordinates":[[-67.63076,9.04021],[-67.62444,9.04189]]}},{"type":"Feature","id":"way/1150194719","properties":{"name":"Carretera Guardatinajas - El Rastro","highway":"secondary","ref":"R-26"},"geometry":{"type":"LineString","coordinates":[[-67.63076,9.04021],[-67.63362,9.03941]]}},{"type":"Feature","id":"way/1150194729","properties":{"name":"Carretera Nacional San Juan - Dos Caminos","highway":"trunk","ref":"T-2"},"geometry":{"type":"LineString","coordinates":[[-67.32772,9.74745],[-67.33199,9.75044],[-67.33452,9.75409]]}},{"type":"Feature","id":"way/1150194730","properties":{"name":"Carretera Nacional San Juan - Dos Caminos","highway":"trunk","ref":"T-2"},"geometry":{"type":"LineString","coordinates":[[-67.32736,9.74718],[-67.32772,9.74745]]}},{"type":"Feature","id":"way/1150249983","properties":{"name":"Carretera Lecherito V - Las Barbas","highway":"tertiary"},"geometry":{"type":"LineString","coordinates":[[-67.46079,8.84971],[-67.461,8.84927]]}},{"type":"Feature","id":"way/1150249984","properties":{"name":"Carretera Lecherito V - Las Barbas","highway":"tertiary"},"geometry":{"type":"LineString","coordinates":[[-67.461,8.84927],[-67.46108,8.8491]]}},{"type":"Feature","id":"way/1150249985","properties":{"name":"Carretera Lecherito V - Las Barbas","highway":"tertiary"},"geometry":{"type":"LineString","coordinates":[[-67.46108,8.8491],[-67.46101,8.84905]]}},{"type":"Feature","id":"way/1150249986","properties":{"name":"Carretera Lecherito V - Las Barbas","highway":"tertiary"},"geometry":{"type":"LineString","coordinates":[[-67.46082,8.84895],[-67.46079,8.84885]]}},{"type":"Feature","id":"way/1150249987","properties":{"name":"Carretera Lecherito V - Las Barbas","highway":"tertiary"},"geometry":{"type":"LineString","coordinates":[[-67.46083,8.84895],[-67.46082,8.84895]]}},{"type":"Feature","id":"way/1151007950","properties":{"name":"Avenida Francisco de Miranda","highway":"trunk","ref":"T-2"},"geometry":{"type":"LineString","coordinates":[[-67.44287,8.90138],[-67.44104,8.90313]]}},{"type":"Feature","id":"way/1151636570","properties":{"name":"Avenida Francisco de Miranda","highway":"trunk","ref":"T-2"},"geometry":{"type":"LineString","coordinates":[[-67.44967,8.89894],[-67.44684,8.89985]]}},{"type":"Feature","id":"way/1151636571","properties":{"name":"Avenida Francisco de Miranda","highway":"trunk","ref":"T-2"},"geometry":{"type":"LineString","coordinates":[[-67.44684,8.89985],[-67.44676,8.89988]]}},{"type":"Feature","id":"way/1151636572","properties":{"name":"Avenida Francisco de Miranda","highway":"trunk","ref":"T-2"},"geometry":{"type":"LineString","coordinates":[[-67.44686,8.89995],[-67.44971,8.89902]]}},{"type":"Feature","id":"way/1151636573","properties":{"name":"Avenida Francisco de Miranda","highway":"trunk","ref":"T-2"},"geometry":{"type":"LineString","coordinates":[[-67.44678,8.89998],[-67.44686,8.89995]]}},{"type":"Feature","id":"way/1156108668","properties":{"name":"Carretera Tucupido - El Socorro","highway":"secondary","ref":"R-13"},"geometry":{"type":"LineString","coordinates":[[-65.77206,9.21095],[-65.77337,9.21235],[-65.77446,9.21887],[-65.77683,9.22263],[-65.77638,9.22999]]}},{"type":"Feature","id":"way/1156108669","properties":{"name":"Carretera Tucupido - El Socorro","highway":"secondary","ref":"R-13"},"geometry":{"type":"LineString","coordinates":[[-65.77194,9.21087],[-65.77206,9.21095]]}},{"type":"Feature","id":"way/1156108670","properties":{"highway":"secondary","ref":"R-13"},"geometry":{"type":"LineString","coordinates":[[-65.78382,9.25518],[-65.78344,9.2553]]}},{"type":"Feature","id":"way/1156108671","properties":{"name":"Carretera Tucupido - El Socorro","highway":"secondary","ref":"R-13"},"geometry":{"type":"LineString","coordinates":[[-65.7782,9.24691],[-65.78358,9.25577]]}},{"type":"Feature","id":"way/1156108672","properties":{"name":"Carretera Tucupido - El Socorro","highway":"secondary","ref":"R-13"},"geometry":{"type":"LineString","coordinates":[[-65.77638,9.22999],[-65.77653,9.2435],[-65.7782,9.24691]]}},{"type":"Feature","id":"way/1156108673","properties":{"name":"Carretera Tucupido - El Socorro","highway":"secondary","ref":"R-13"},"geometry":{"type":"LineString","coordinates":[[-65.7592,9.19387],[-65.76309,9.19688],[-65.76447,9.20324],[-65.77194,9.21087]]}},{"type":"Feature","id":"way/1156108674","properties":{"name":"Carretera Tucupido - El Socorro","highway":"secondary","ref":"R-13"},"geometry":{"type":"LineString","coordinates":[[-65.75351,9.17173],[-65.75841,9.18172],[-65.75869,9.19334]]}},{"type":"Feature","id":"way/1156108675","properties":{"name":"Carretera Tucupido - El Socorro","highway":"secondary","ref":"R-13"},"geometry":{"type":"LineString","coordinates":[[-65.74471,9.14828],[-65.74799,9.15532],[-65.75064,9.16688],[-65.75351,9.17173]]}},{"type":"Feature","id":"way/1156108676","properties":{"name":"Carretera Tucupido - El Socorro","highway":"secondary","ref":"R-13"},"geometry":{"type":"LineString","coordinates":[[-65.74355,9.11901],[-65.74023,9.13012],[-65.74089,9.13615],[-65.74032,9.14222],[-65.74471,9.14828]]}},{"type":"Feature","id":"way/1156108677","properties":{"name":"Carretera Tucupido - El Socorro","highway":"secondary","ref":"R-13"},"geometry":{"type":"LineString","coordinates":[[-65.74496,9.10043],[-65.74355,9.11901]]}},{"type":"Feature","id":"way/1156108678","properties":{"name":"Carretera Tucupido - El Socorro","highway":"secondary","ref":"R-13"},"geometry":{"type":"LineString","coordinates":[[-65.75505,9.08134],[-65.7522,9.08253],[-65.75051,9.08462],[-65.74496,9.10043]]}},{"type":"Feature","id":"way/1156108679","properties":{"name":"Carretera Tucupido - El Socorro","highway":"secondary","ref":"R-13"},"geometry":{"type":"LineString","coordinates":[[-65.76613,9.05765],[-65.7652,9.06132],[-65.76514,9.06958],[-65.75947,9.07787],[-65.75505,9.08134]]}},{"type":"Feature","id":"way/1156108680","properties":{"name":"Carretera Tucupido - El Socorro","highway":"secondary","ref":"R-13"},"geometry":{"type":"LineString","coordinates":[[-65.76021,9.03935],[-65.75971,9.04603],[-65.76314,9.05058],[-65.76613,9.05765]]}},{"type":"Feature","id":"way/1156108681","properties":{"name":"Carretera Tucupido - El Socorro","highway":"secondary","ref":"R-13"},"geometry":{"type":"LineString","coordinates":[[-65.7596,9.0342],[-65.76021,9.03935]]}},{"type":"Feature","id":"way/1156108682","properties":{"name":"Carretera Tucupido - El Socorro","highway":"secondary","ref":"R-13"},"geometry":{"type":"LineString","coordinates":[[-65.75869,9.19334],[-65.7592,9.19387]]}},{"type":"Feature","id":"way/1156511937","properties":{"highway":"tertiary"},"geometry":{"type":"LineString","coordinates":[[-67.40846,8.93705],[-67.40903,8.93944]]}},{"type":"Feature","id":"way/1202869057","properties":{"name":"Carrera 1","highway":"secondary"},"geometry":{"type":"LineString","coordinates":[[-67.41854,8.93014],[-67.41833,8.93105]]}},{"type":"Feature","id":"way/1202917143","properties":{"name":"Avenida Mart\u00edn Funes","highway":"secondary","ref":"R-20"},"geometry":{"type":"LineString","coordinates":[[-67.37789,8.94017],[-67.37795,8.93987]]}},{"type":"Feature","id":"way/1204928513","properties":{"name":"V\u00eda a Uverito","highway":"secondary","ref":"R-10"},"geometry":{"type":"LineString","coordinates":[[-67.49726,8.11223],[-67.49171,8.11537],[-67.48001,8.13056]]}},{"type":"Feature","id":"way/1204928514","properties":{"name":"V\u00eda a Uverito","highway":"secondary","ref":"R-10"},"geometry":{"type":"LineString","coordinates":[[-67.49767,8.11204],[-67.49726,8.11223]]}},{"type":"Feature","id":"way/1204928515","properties":{"name":"V\u00eda a Uverito","highway":"secondary","ref":"R-10"},"geometry":{"type":"LineString","coordinates":[[-67.56522,8.08141],[-67.56244,8.08267]]}},{"type":"Feature","id":"way/1204928516","properties":{"name":"V\u00eda a Uverito","highway":"secondary","ref":"R-10"},"geometry":{"type":"LineString","coordinates":[[-67.56244,8.08267],[-67.56202,8.08286]]}},{"type":"Feature","id":"way/1238160262","properties":{"name":"Carretera Nacional de Los Llanos","highway":"trunk","ref":"T-13"},"geometry":{"type":"LineString","coordinates":[[-67.32099,9.56902],[-67.31805,9.56878]]}},{"type":"Feature","id":"way/1238160263","properties":{"name":"Carretera Nacional de Los Llanos","highway":"trunk","ref":"T-13"},"geometry":{"type":"LineString","coordinates":[[-67.33102,9.56619],[-67.32776,9.56598],[-67.32099,9.56902]]}},{"type":"Feature","id":"way/1238398245","properties":{"name":"Carretera Nacional de Los Llanos","highway":"trunk","ref":"T-13"},"geometry":{"type":"LineString","coordinates":[[-67.33172,9.56656],[-67.33102,9.56619]]}},{"type":"Feature","id":"way/1238398246","properties":{"name":"Carretera Nacional de Los Llanos","highway":"trunk","ref":"T-13"},"geometry":{"type":"LineString","coordinates":[[-67.33686,9.56869],[-67.33172,9.56656]]}},{"type":"Feature","id":"way/1249472412","properties":{"name":"Avenida Tricentenaria","highway":"trunk","ref":"L-5"},"geometry":{"type":"LineString","coordinates":[[-67.37714,8.93997],[-67.38544,8.93693]]}},{"type":"Feature","id":"way/1275381897","properties":{"name":"Carretera Calabozo - El Socorro de Portuguesa","highway":"secondary"},"geometry":{"type":"LineString","coordinates":[[-67.91806,8.58653],[-67.89501,8.61064],[-67.89244,8.61469],[-67.88864,8.62481],[-67.87647,8.63979],[-67.87195,8.64749],[-67.8595,8.65928],[-67.82229,8.67193],[-67.81502,8.6721],[-67.8109,8.67089]]}},{"type":"Feature","id":"way/1275381898","properties":{"name":"Carretera Calabozo - El Socorro de Portuguesa","highway":"secondary"},"geometry":{"type":"LineString","coordinates":[[-67.91812,8.58647],[-67.91806,8.58653]]}},{"type":"Feature","id":"way/1275749593","properties":{"name":"Carretera La Encrucijada - El Calvario","highway":"primary","ref":"L-6"},"geometry":{"type":"LineString","coordinates":[[-66.9551,8.99216],[-66.96481,9.00632],[-66.96864,9.01549],[-66.98039,9.06654]]}},{"type":"Feature","id":"way/1275749594","properties":{"name":"Carretera La Encrucijada - El Calvario","highway":"secondary","ref":"L-6"},"geometry":{"type":"LineString","coordinates":[[-66.98039,9.06654],[-66.98042,9.06669]]}},{"type":"Feature","id":"way/1275928963","properties":{"name":"Carretera Calabozo - El Socorro de Portuguesa","highway":"secondary"},"geometry":{"type":"LineString","coordinates":[[-67.97149,8.45943],[-67.97147,8.47007],[-67.97474,8.47446]]}},{"type":"Feature","id":"way/1275928964","properties":{"name":"Carretera Calabozo - El Socorro de Portuguesa","highway":"secondary"},"geometry":{"type":"LineString","coordinates":[[-67.97474,8.47446],[-67.9749,8.47466]]}},{"type":"Feature","id":"way/1275928967","properties":{"name":"Carretera Calabozo - El Socorro de Portuguesa","highway":"secondary"},"geometry":{"type":"LineString","coordinates":[[-67.9749,8.47466],[-67.9756,8.47628],[-67.9733,8.49247]]}},{"type":"Feature","id":"way/1275928968","properties":{"name":"Puente Chirgua","highway":"secondary"},"geometry":{"type":"LineString","coordinates":[[-67.9733,8.49247],[-67.97329,8.4926]]}},{"type":"Feature","id":"way/1321823206","properties":{"name":"Prolongaci\u00f3n Avenida Bol\u00edvar","highway":"secondary"},"geometry":{"type":"LineString","coordinates":[[-67.34732,9.92363],[-67.34569,9.92558]]}},{"type":"Feature","id":"way/1321823208","properties":{"name":"Prolongaci\u00f3n Avenida Bol\u00edvar","highway":"secondary"},"geometry":{"type":"LineString","coordinates":[[-67.34569,9.92558],[-67.34738,9.92368]]}},{"type":"Feature","id":"way/1322579772","properties":{"name":"Avenida 1\u00ba de Mayo","highway":"secondary"},"geometry":{"type":"LineString","coordinates":[[-67.44273,8.90131],[-67.44287,8.90138]]}},{"type":"Feature","id":"way/1322579773","properties":{"name":"Avenida 1\u00ba de Mayo","highway":"secondary"},"geometry":{"type":"LineString","coordinates":[[-67.44268,8.90129],[-67.44273,8.90131]]}},{"type":"Feature","id":"way/1327431910","properties":{"name":"Avenida Las Industrias","highway":"trunk"},"geometry":{"type":"LineString","coordinates":[[-66.00134,9.19868],[-66.00143,9.19878]]}},{"type":"Feature","id":"way/1327431911","properties":{"name":"Avenida Las Industrias","highway":"trunk"},"geometry":{"type":"LineString","coordinates":[[-66.00143,9.19878],[-66.00134,9.19868]]}},{"type":"Feature","id":"way/1327431912","properties":{"name":"Avenida Las Industrias","highway":"trunk","ref":"T-15"},"geometry":{"type":"LineString","coordinates":[[-65.99909,9.19646],[-66.00134,9.19868]]}},{"type":"Feature","id":"way/1327431913","properties":{"name":"Avenida Las Industrias","highway":"trunk","ref":"T-15"},"geometry":{"type":"LineString","coordinates":[[-66.00143,9.19859],[-66.00073,9.19801]]}},{"type":"Feature","id":"way/1336951500","properties":{"name":"V\u00eda a Guayabal","highway":"primary","ref":"L-10"},"geometry":{"type":"LineString","coordinates":[[-67.44278,7.98278],[-67.40687,7.99676]]}},{"type":"Feature","id":"way/1338003774","properties":{"name":"Avenida Jos\u00e9 F\u00e9lix Ribas","highway":"secondary"},"geometry":{"type":"LineString","coordinates":[[-67.36721,9.90414],[-67.36927,9.90519]]}},{"type":"Feature","id":"way/1338003775","properties":{"name":"Avenida Jos\u00e9 F\u00e9lix Ribas","highway":"secondary"},"geometry":{"type":"LineString","coordinates":[[-67.3693,9.90505],[-67.36721,9.90414]]}},{"type":"Feature","id":"way/1338064834","properties":{"highway":"secondary"},"geometry":{"type":"LineString","coordinates":[[-67.36717,9.90406],[-67.36709,9.90404]]}},{"type":"Feature","id":"way/1338655091","properties":{"name":"Avenida Los Llanos","highway":"secondary"},"geometry":{"type":"LineString","coordinates":[[-67.35972,9.90618],[-67.35916,9.90479]]}},{"type":"Feature","id":"way/1338655092","properties":{"name":"Avenida Los Llanos","highway":"secondary"},"geometry":{"type":"LineString","coordinates":[[-67.36116,9.89966],[-67.36122,9.89951]]}},{"type":"Feature","id":"way/1338655094","properties":{"name":"Avenida Los Llanos","highway":"secondary"},"geometry":{"type":"LineString","coordinates":[[-67.36116,9.89966],[-67.35908,9.9048]]}},{"type":"Feature","id":"way/1340602736","properties":{"highway":"tertiary"},"geometry":{"type":"LineString","coordinates":[[-66.89431,8.82529],[-66.89342,8.82849],[-66.89394,8.8306],[-66.8899,8.83381],[-66.88925,8.83629]]}},{"type":"Feature","id":"way/1343801180","properties":{"highway":"tertiary","ref":"R-37"},"geometry":{"type":"LineString","coordinates":[[-67.49927,8.9076],[-67.49929,8.90763]]}},{"type":"Feature","id":"way/1343801181","properties":{"name":"Carretera Tiznados - Las Lajas","highway":"primary","ref":"R-27"},"geometry":{"type":"LineString","coordinates":[[-67.44136,9.18981],[-67.44424,9.19325],[-67.44811,9.19218],[-67.45538,9.18712],[-67.46247,9.18851],[-67.47535,9.20102],[-67.4806,9.20472],[-67.48561,9.22222],[-67.4874,9.23298],[-67.49312,9.24096],[-67.49507,9.25119],[-67.49664,9.25171],[-67.50145,9.25662],[-67.5047,9.25517]]}},{"type":"Feature","id":"way/1343801182","properties":{"name":"Carretera Tiznados - Las Lajas","highway":"primary","ref":"R-27"},"geometry":{"type":"LineString","coordinates":[[-67.5047,9.25517],[-67.5051,9.25496]]}},{"type":"Feature","id":"way/1381235453","properties":{"name":"Avenida Tricentenaria","highway":"trunk","ref":"L-5"},"geometry":{"type":"LineString","coordinates":[[-67.38544,8.93693],[-67.39056,8.93472]]}},{"type":"Feature","id":"way/1442945070","properties":{"name":"Av. Fuerzas Armadas","highway":"secondary","ref":"R-1"},"geometry":{"type":"LineString","coordinates":[[-67.3866,9.9036],[-67.39168,9.90119]]}},{"type":"Feature","id":"way/1442945071","properties":{"name":"Av. Fuerzas Armadas","highway":"secondary","ref":"R-1"},"geometry":{"type":"LineString","coordinates":[[-67.38645,9.90367],[-67.3866,9.9036]]}},{"type":"Feature","id":"way/1442945072","properties":{"name":"Av. Fuerzas Armadas","highway":"secondary","ref":"R-1"},"geometry":{"type":"LineString","coordinates":[[-67.39167,9.90111],[-67.38655,9.90353]]}},{"type":"Feature","id":"way/1442945073","properties":{"name":"Av. Fuerzas Armadas","highway":"secondary","ref":"R-1"},"geometry":{"type":"LineString","coordinates":[[-67.38655,9.90353],[-67.38642,9.9036]]}},{"type":"Feature","id":"way/1450154941","properties":{"name":"Av Hugo Chavez","highway":"secondary"},"geometry":{"type":"LineString","coordinates":[[-67.35886,9.92388],[-67.35432,9.92031]]}},{"type":"Feature","id":"way/1450154942","properties":{"highway":"secondary"},"geometry":{"type":"LineString","coordinates":[[-67.35932,9.92422],[-67.35886,9.92388]]}},{"type":"Feature","id":"way/1458076872","properties":{"name":"Carretera Nacional de Los Llanos","highway":"trunk","ref":"T-15"},"geometry":{"type":"LineString","coordinates":[[-66.00073,9.19801],[-65.99909,9.19646]]}},{"type":"Feature","id":"way/1469890737","properties":{"name":"Desvio T2","highway":"trunk"},"geometry":{"type":"LineString","coordinates":[[-67.56353,8.05755],[-67.56455,8.0564],[-67.56324,8.05577]]}},{"type":"Feature","id":"way/1515642592","properties":{"highway":"trunk_link"},"geometry":{"type":"LineString","coordinates":[[-67.38915,8.93515],[-67.38858,8.9355],[-67.38926,8.93545]]}},{"type":"Feature","id":"way/1515642593","properties":{"highway":"trunk_link"},"geometry":{"type":"LineString","coordinates":[[-67.38795,8.93601],[-67.38787,8.93571]]}},{"type":"Feature","id":"way/1528039533","properties":{"name":"Carretera Regional Guayabal - Cazorla","highway":"primary","ref":"L-10"},"geometry":{"type":"LineString","coordinates":[[-67.05856,8.00179],[-67.0481,8.00517],[-67.02551,8.00689],[-67.00779,8.01297]]}},{"type":"Feature","id":"way/1528039534","properties":{"name":"Carretera Regional Guayabal - Cazorla","highway":"primary","ref":"L-10"},"geometry":{"type":"LineString","coordinates":[[-67.05894,8.00163],[-67.05856,8.00179]]}},{"type":"Feature","id":"way/1529175829","properties":{"name":"Carretera Calabozo - Las Mercedes","highway":"primary","ref":"L-6"},"geometry":{"type":"LineString","coordinates":[[-66.40043,9.11124],[-66.39908,9.11248]]}},{"type":"Feature","id":"way/1529175830","properties":{"name":"Carretera Calabozo - Las Mercedes","highway":"primary","ref":"L-6"},"geometry":{"type":"LineString","coordinates":[[-66.40053,9.11115],[-66.40043,9.11124]]}},{"type":"Feature","id":"way/1529175831","properties":{"name":"Carretera Nacional Chaguaramas - Las Mercedes","highway":"trunk","ref":"T-12"},"geometry":{"type":"LineString","coordinates":[[-66.39284,9.10608],[-66.39275,9.1062]]}},{"type":"Feature","id":"way/1529175832","properties":{"name":"Carretera Nacional Chaguaramas - Las Mercedes","highway":"trunk","ref":"T-12"},"geometry":{"type":"LineString","coordinates":[[-66.40739,9.08995],[-66.40018,9.0966],[-66.39284,9.10608]]}}]}