{"type":"FeatureCollection","features":[{"type":"Feature","properties":{"name":"Quebrada Tacagua","waterway":"river"},"geometry":{"type":"LineString","coordinates":[[-67.00888,10.55968],[-67.00885,10.5598],[-67.00878,10.56005],[-67.0087,10.56035],[-67.0087,10.56038],[-67.0087,10.56042],[-67.00871,10.56046],[-67.00876,10.56056],[-67.00879,10.56063],[-67.00882,10.56067],[-67.00883,10.56073],[-67.00882,10.5608],[-67.0088,10.56089],[-67.00874,10.56098],[-67.00871,10.56101],[-67.00861,10.56111],[-67.00855,10.56118],[-67.00852,10.56124],[-67.0085,10.56129],[-67.0085,10.56134],[-67.0085,10.56141],[-67.00852,10.5615],[-67.00854,10.56155],[-67.00859,10.56163],[-67.00886,10.56191],[-67.00896,10.56205],[-67.00906,10.5622],[-67.00911,10.56228],[-67.00914,10.56235],[-67.00917,10.5624],[-67.00919,10.56243],[-67.00924,10.56248],[-67.00929,10.56252],[-67.0093,10.56254],[-67.00931,10.56257],[-67.0093,10.56261],[-67.00928,10.56266],[-67.00921,10.56275],[-67.00912,10.56285],[-67.00895,10.56301],[-67.00858,10.56333],[-67.00821,10.56365],[-67.00801,10.56385],[-67.0079,10.56394],[-67.0078,10.56403],[-67.00763,10.56414],[-67.00755,10.5642],[-67.00751,10.56425],[-67.00749,10.56429],[-67.00745,10.5644],[-67.00744,10.56446],[-67.00742,10.56469],[-67.0074,10.56495],[-67.0074,10.56509],[-67.00741,10.56516],[-67.00743,10.56527],[-67.00749,10.56544],[-67.0075,10.56551],[-67.0075,10.56559],[-67.00749,10.56566],[-67.00744,10.56583],[-67.00742,10.56589],[-67.00742,10.56598],[-67.00741,10.56613],[-67.00742,10.56618],[-67.00744,10.56632],[-67.00747,10.56646],[-67.00751,10.5666],[-67.00757,10.56677],[-67.0076,10.56684],[-67.00764,10.56689],[-67.00773,10.56698],[-67.00778,10.56703],[-67.00782,10.56707],[-67.00784,10.56711],[-67.0079,10.56723],[-67.00794,10.56734],[-67.00796,10.56738],[-67.00796,10.56742],[-67.00794,10.56746],[-67.00792,10.5675],[-67.00782,10.56759],[-67.00778,10.56764],[-67.00776,10.56769],[-67.00775,10.56774],[-67.00774,10.5678],[-67.00772,10.56787],[-67.00769,10.56793],[-67.00765,10.568],[-67.00762,10.56804],[-67.0076,10.56809],[-67.0076,10.56814],[-67.0076,10.5682],[-67.00762,10.56828],[-67.00764,10.56836],[-67.00764,10.5684],[-67.00763,10.56845],[-67.00761,10.56852],[-67.00758,10.56857],[-67.00754,10.56861],[-67.0075,10.56863],[-67.0074,10.56866],[-67.00736,10.56868],[-67.00733,10.5687],[-67.00731,10.56874],[-67.00731,10.56876],[-67.00731,10.56881],[-67.00734,10.56895],[-67.00739,10.56914],[-67.00741,10.56919],[-67.00744,10.56925],[-67.00761,10.56948],[-67.00808,10.57014],[-67.00814,10.57018],[-67.0082,10.57021],[-67.00827,10.57022],[-67.00841,10.5702],[-67.00854,10.57019],[-67.00862,10.5702],[-67.00873,10.57024],[-67.00909,10.57041],[-67.00925,10.57046],[-67.00934,10.57047],[-67.00945,10.57048],[-67.0096,10.57052],[-67.00985,10.57061],[-67.01005,10.57068],[-67.0102,10.57076],[-67.01031,10.57082],[-67.01037,10.57087],[-67.0104,10.57092],[-67.01042,10.57098],[-67.01043,10.57104],[-67.01043,10.57116],[-67.0104,10.57137],[-67.01038,10.57149],[-67.01038,10.57158],[-67.01041,10.57174],[-67.01043,10.57181],[-67.01048,10.57187],[-67.01065,10.57198],[-67.01071,10.57203],[-67.01076,10.57209],[-67.01084,10.57223],[-67.0109,10.57231],[-67.01101,10.57243],[-67.01141,10.57275],[-67.0115,10.5728],[-67.01164,10.57285],[-67.01175,10.5729],[-67.0118,10.57293],[-67.01186,10.57301],[-67.01198,10.57321],[-67.01217,10.57357],[-67.01226,10.57372],[-67.01231,10.57378],[-67.01239,10.57385],[-67.01245,10.57391],[-67.01249,10.57395],[-67.01252,10.57399],[-67.01257,10.57411],[-67.01259,10.57418],[-67.01262,10.57423],[-67.01277,10.57447],[-67.01285,10.57461],[-67.01288,10.57468],[-67.01291,10.57475],[-67.01295,10.57492],[-67.01301,10.57508],[-67.01304,10.57513],[-67.01312,10.57521],[-67.01327,10.57535],[-67.01333,10.57542],[-67.0134,10.5755],[-67.01345,10.57559],[-67.0135,10.57569],[-67.01357,10.57589],[-67.01359,10.57598],[-67.01358,10.57604],[-67.01356,10.57614],[-67.01355,10.57618],[-67.01355,10.57623],[-67.01356,10.57628],[-67.01358,10.57632],[-67.01359,10.57637],[-67.01362,10.57644],[-67.01365,10.57662],[-67.01368,10.5768],[-67.01368,10.57688],[-67.01366,10.57696],[-67.01363,10.57704],[-67.01357,10.57726],[-67.01356,10.57732],[-67.01356,10.57739],[-67.01358,10.57743],[-67.0136,10.57746],[-67.01366,10.57749],[-67.0137,10.57749],[-67.01404,10.5775],[-67.0141,10.57751],[-67.01415,10.57753],[-67.01419,10.57756],[-67.01424,10.5776],[-67.01435,10.57776],[-67.01439,10.57783],[-67.01441,10.57787],[-67.01442,10.57794],[-67.01445,10.57823],[-67.01444,10.5783],[-67.01443,10.57836],[-67.0144,10.5784],[-67.01431,10.57849],[-67.01409,10.57871],[-67.01402,10.57878],[-67.01399,10.57884],[-67.01398,10.57891],[-67.01399,10.57898],[-67.014,10.57904],[-67.01403,10.57913],[-67.01407,10.57922],[-67.0142,10.57945],[-67.01424,10.5795],[-67.01429,10.57955],[-67.01446,10.57966],[-67.01457,10.57971],[-67.01466,10.57974],[-67.0148,10.57976],[-67.01485,10.57976],[-67.01508,10.57976],[-67.01527,10.57974],[-67.01533,10.57974],[-67.01539,10.57974],[-67.01549,10.57976],[-67.0156,10.5798],[-67.01574,10.57988],[-67.01583,10.57995],[-67.01587,10.57999],[-67.0159,10.58005],[-67.01597,10.58018],[-67.01599,10.58024],[-67.016,10.5803],[-67.01602,10.58039],[-67.01602,10.58046],[-67.01602,10.58052],[-67.01601,10.58058],[-67.01591,10.58081],[-67.01587,10.58093],[-67.01585,10.58103],[-67.01584,10.58111],[-67.01585,10.58116],[-67.01585,10.58119],[-67.01589,10.58126],[-67.01592,10.58129],[-67.01601,10.58136],[-67.0161,10.58142],[-67.01616,10.58147],[-67.01618,10.58149],[-67.0162,10.58155],[-67.01622,10.5816],[-67.01623,10.58169],[-67.01623,10.58174],[-67.01622,10.5818],[-67.01619,10.58187],[-67.01616,10.58193],[-67.01596,10.58212],[-67.01583,10.58229],[-67.01576,10.58242],[-67.01573,10.58249],[-67.01572,10.58257],[-67.01572,10.58264],[-67.01574,10.58274],[-67.01576,10.5828],[-67.01581,10.58293],[-67.01582,10.58298],[-67.01584,10.58309],[-67.01588,10.58331],[-67.0159,10.58341],[-67.01599,10.5837],[-67.01606,10.5839],[-67.01618,10.58419],[-67.0163,10.58447],[-67.01643,10.58472],[-67.01654,10.5849],[-67.01663,10.58501],[-67.0167,10.58509],[-67.01677,10.58523],[-67.01686,10.5854],[-67.01695,10.58557],[-67.01704,10.58571],[-67.01718,10.58591],[-67.01737,10.58619],[-67.01771,10.58672],[-67.01781,10.58689],[-67.01785,10.58699],[-67.0179,10.58714],[-67.01802,10.58759],[-67.0182,10.58814],[-67.01824,10.58832],[-67.01826,10.58845],[-67.01826,10.58857],[-67.01824,10.58874],[-67.01822,10.58888],[-67.01818,10.58901],[-67.01809,10.58919],[-67.01796,10.58935],[-67.01781,10.58947],[-67.01756,10.5896],[-67.01743,10.58967],[-67.01724,10.58972],[-67.01685,10.5898],[-67.0162,10.58994],[-67.01599,10.59001],[-67.01589,10.59006],[-67.01579,10.59015],[-67.01569,10.59028],[-67.01564,10.59041],[-67.01562,10.59055],[-67.01562,10.59067],[-67.01565,10.59079],[-67.01571,10.59091],[-67.0158,10.59101],[-67.01592,10.59111],[-67.01615,10.59123],[-67.01673,10.5915],[-67.01712,10.59167],[-67.01734,10.5918],[-67.01745,10.59188],[-67.01764,10.59204],[-67.01775,10.59214],[-67.0178,10.59221],[-67.01785,10.59229],[-67.01796,10.59248],[-67.01806,10.59264],[-67.01824,10.59291],[-67.0184,10.59314],[-67.01847,10.59327],[-67.01856,10.59344],[-67.01862,10.5936],[-67.01869,10.59385],[-67.01873,10.59403],[-67.01877,10.59427],[-67.0188,10.59439],[-67.01884,10.59448],[-67.01891,10.59463],[-67.01899,10.59479],[-67.01912,10.59503],[-67.01923,10.59523],[-67.01933,10.59539],[-67.0194,10.59556],[-67.01944,10.59568],[-67.01952,10.59596],[-67.01956,10.59618],[-67.01958,10.59633],[-67.0196,10.59646],[-67.0196,10.59663],[-67.0196,10.59676],[-67.01962,10.59689],[-67.01969,10.59718],[-67.01975,10.59735],[-67.01991,10.59783],[-67.01995,10.598],[-67.02001,10.59825],[-67.02008,10.59855],[-67.02011,10.59868],[-67.0202,10.59891],[-67.02031,10.59916],[-67.02041,10.59929],[-67.02063,10.59959],[-67.02072,10.59972],[-67.02079,10.59984],[-67.0209,10.60008],[-67.02095,10.60024],[-67.02108,10.60065],[-67.02115,10.60083],[-67.02125,10.601],[-67.02151,10.60137],[-67.02183,10.60178],[-67.02202,10.60198],[-67.02233,10.60224],[-67.02248,10.6024],[-67.02256,10.60251],[-67.02262,10.60262],[-67.0227,10.60284],[-67.02275,10.60298],[-67.02282,10.60309],[-67.02298,10.6033],[-67.02341,10.60375],[-67.02359,10.60396],[-67.02387,10.60428],[-67.02408,10.60451],[-67.02422,10.60461],[-67.02435,10.60466],[-67.02458,10.60469],[-67.02472,10.60469],[-67.02485,10.60465],[-67.02516,10.60455],[-67.0258,10.60431],[-67.02621,10.60416],[-67.02633,10.60413],[-67.02647,10.60412],[-67.02665,10.60411],[-67.02705,10.60415],[-67.02758,10.60421],[-67.02792,10.60427],[-67.02809,10.60433],[-67.02827,10.6044],[-67.02859,10.60456],[-67.02881,10.6047],[-67.02894,10.60479],[-67.02911,10.60494],[-67.02925,10.60505],[-67.02939,10.6052],[-67.02953,10.60538],[-67.02959,10.60549],[-67.02969,10.60568],[-67.02975,10.60583],[-67.02988,10.60619],[-67.03011,10.60695],[-67.0304,10.60797],[-67.03047,10.60841],[-67.03049,10.6088],[-67.03054,10.60941],[-67.03056,10.60969],[-67.03055,10.60982],[-67.03049,10.61013],[-67.03046,10.61037],[-67.03045,10.61057],[-67.03047,10.61095],[-67.0305,10.61129],[-67.03055,10.61151],[-67.03062,10.61182],[-67.03098,10.61289]]}},{"type":"Feature","properties":{"name":"Quebrada San Juli\u00e1n","waterway":"stream"},"geometry":{"type":"LineString","coordinates":[[-66.84518,10.5779],[-66.84528,10.57803],[-66.84527,10.57834],[-66.84544,10.57841],[-66.84612,10.57872],[-66.84638,10.57922],[-66.84656,10.57998],[-66.84708,10.58028],[-66.84817,10.58063],[-66.8481,10.58161],[-66.84768,10.58254],[-66.84704,10.58338],[-66.84673,10.58405],[-66.84646,10.58434],[-66.84639,10.58469],[-66.84657,10.58555],[-66.84698,10.58641],[-66.84749,10.58726],[-66.84762,10.58797],[-66.84787,10.5888],[-66.8479,10.58926],[-66.84824,10.58982],[-66.84811,10.59061],[-66.84832,10.59116],[-66.84868,10.59178],[-66.84893,10.5923],[-66.84895,10.59278],[-66.84909,10.59302],[-66.84909,10.59348],[-66.8492,10.59384],[-66.84916,10.59413],[-66.84956,10.59448],[-66.84983,10.5952],[-66.84978,10.59583],[-66.84981,10.59654],[-66.85,10.59721],[-66.85026,10.59765],[-66.85071,10.59862],[-66.85099,10.59946],[-66.85121,10.60042],[-66.85128,10.60119],[-66.8513,10.60139],[-66.85148,10.60202],[-66.85149,10.60275],[-66.85145,10.60341],[-66.85139,10.60409],[-66.85148,10.60485],[-66.85164,10.60552],[-66.85173,10.60595],[-66.85189,10.60613],[-66.85229,10.60679],[-66.85268,10.60724],[-66.8531,10.60762],[-66.85333,10.60829],[-66.8534,10.60904],[-66.8534,10.60945],[-66.85328,10.60999],[-66.85304,10.61055],[-66.85284,10.61103],[-66.85273,10.61175],[-66.85283,10.61221],[-66.85303,10.61276],[-66.85311,10.61355],[-66.85306,10.6141],[-66.85271,10.61467],[-66.85242,10.61518],[-66.85225,10.61572],[-66.85197,10.61644],[-66.85167,10.61764],[-66.85148,10.61838],[-66.85142,10.61868],[-66.85133,10.61941],[-66.85133,10.61989],[-66.85134,10.62036],[-66.85132,10.62063],[-66.8513,10.62082]]}},{"type":"Feature","properties":{"name":null,"waterway":"stream"},"geometry":{"type":"LineString","coordinates":[[-66.83318,10.60064],[-66.83328,10.60092],[-66.83342,10.60128],[-66.83358,10.60175],[-66.83391,10.60228],[-66.83433,10.60265],[-66.83477,10.60329],[-66.83521,10.60421],[-66.83557,10.60483],[-66.83609,10.60555],[-66.83625,10.60579],[-66.83634,10.6061],[-66.83651,10.60714],[-66.83652,10.60751],[-66.83641,10.60779],[-66.83621,10.608],[-66.83604,10.60836],[-66.83592,10.60869],[-66.83544,10.60924],[-66.83503,10.60983],[-66.83485,10.61023],[-66.83484,10.61049],[-66.83487,10.61142],[-66.83482,10.61211],[-66.83454,10.61287],[-66.8342,10.61358],[-66.83391,10.6143],[-66.83388,10.61436]]}},{"type":"Feature","properties":{"name":"R\u00edo Cerro Grande","waterway":"river"},"geometry":{"type":"LineString","coordinates":[[-66.80233,10.58546],[-66.80285,10.58632],[-66.80453,10.58649],[-66.80656,10.58552],[-66.80707,10.58559],[-66.80745,10.58629],[-66.80881,10.58666],[-66.81004,10.58779],[-66.811,10.58839],[-66.81152,10.59008],[-66.81187,10.59078],[-66.81234,10.59085],[-66.81274,10.59069],[-66.81309,10.59081],[-66.81404,10.59062],[-66.8144,10.59078],[-66.81485,10.59086],[-66.81541,10.59078],[-66.81549,10.59103],[-66.81586,10.59129],[-66.81634,10.59139],[-66.81629,10.59158],[-66.81606,10.5921],[-66.8158,10.59232],[-66.81587,10.59264],[-66.81588,10.59315],[-66.8158,10.59364],[-66.81575,10.59395],[-66.81602,10.59452],[-66.81615,10.59489],[-66.81645,10.59562],[-66.81717,10.59645],[-66.81775,10.59684],[-66.81819,10.59708],[-66.81851,10.59742],[-66.81833,10.59765],[-66.81796,10.59783],[-66.81769,10.59799],[-66.81868,10.59853],[-66.81882,10.5988],[-66.81876,10.59943],[-66.81945,10.59985],[-66.82019,10.60056],[-66.82129,10.60166],[-66.82157,10.60194],[-66.82188,10.60237],[-66.82224,10.60286],[-66.82307,10.604],[-66.82417,10.60463],[-66.82505,10.6055],[-66.82578,10.60619],[-66.82621,10.60684],[-66.82646,10.60745],[-66.82661,10.60832],[-66.8266,10.60897],[-66.82645,10.60967],[-66.82634,10.61008],[-66.82631,10.61044],[-66.82632,10.61119],[-66.82634,10.61167],[-66.82624,10.61225],[-66.82596,10.61375],[-66.82579,10.61466],[-66.82573,10.61502],[-66.82568,10.61524],[-66.8256,10.61578]]}},{"type":"Feature","properties":{"name":"R\u00edo Aguas Calientas","waterway":"river"},"geometry":{"type":"LineString","coordinates":[[-66.33503,10.57727],[-66.33562,10.57721],[-66.33654,10.57726],[-66.3374,10.57729],[-66.33775,10.57758],[-66.33785,10.57821],[-66.33776,10.57864],[-66.33762,10.579],[-66.33752,10.57931],[-66.33757,10.57984],[-66.33764,10.5802],[-66.3376,10.58046],[-66.33749,10.58078],[-66.33744,10.58109],[-66.33765,10.58125],[-66.33773,10.58139],[-66.33784,10.58158],[-66.33812,10.5818],[-66.3384,10.5821],[-66.33841,10.58212],[-66.33847,10.58218],[-66.33875,10.58239],[-66.33879,10.58244],[-66.3388,10.58245],[-66.33883,10.5825],[-66.33892,10.58271],[-66.33902,10.58287],[-66.33918,10.58305],[-66.33939,10.58327],[-66.33972,10.5836],[-66.33993,10.58381],[-66.34015,10.58405],[-66.34044,10.58424],[-66.34049,10.58439],[-66.34044,10.58456],[-66.34022,10.58464],[-66.33995,10.58458],[-66.33939,10.58453],[-66.3392,10.58453],[-66.33876,10.58446],[-66.33865,10.58452],[-66.33853,10.5846],[-66.33841,10.58498],[-66.33839,10.58526],[-66.33837,10.58573],[-66.33833,10.58589],[-66.33829,10.58609],[-66.33828,10.58618],[-66.33826,10.58657],[-66.33821,10.58686],[-66.3383,10.58714],[-66.33844,10.58745],[-66.33858,10.58783],[-66.33874,10.58822],[-66.33894,10.58855],[-66.33922,10.58851],[-66.33979,10.58875],[-66.34016,10.58876],[-66.34044,10.5887],[-66.34083,10.58859],[-66.34097,10.58861],[-66.34097,10.58891],[-66.34104,10.58921],[-66.34116,10.58937],[-66.34139,10.58941],[-66.34143,10.58959],[-66.34142,10.58979],[-66.34151,10.59],[-66.34172,10.59011],[-66.34186,10.59013],[-66.34209,10.59014],[-66.34232,10.59018],[-66.34243,10.59032],[-66.34245,10.59047],[-66.34235,10.59058],[-66.34222,10.59062],[-66.34214,10.59069],[-66.34208,10.59079],[-66.3421,10.59103],[-66.34216,10.59117],[-66.34214,10.59135],[-66.34209,10.5915],[-66.34208,10.59197],[-66.34217,10.59236],[-66.34252,10.59265],[-66.34265,10.5929],[-66.34285,10.59304],[-66.34313,10.59314],[-66.34337,10.59316],[-66.34376,10.59345],[-66.34406,10.59372],[-66.3443,10.59429]]}},{"type":"Feature","properties":{"name":"R\u00edo Caruao","waterway":"river"},"geometry":{"type":"LineString","coordinates":[[-66.40107,10.56198],[-66.40054,10.56177],[-66.40006,10.56181],[-66.39951,10.56203],[-66.39883,10.56189],[-66.39779,10.56214],[-66.39692,10.56231],[-66.39581,10.56278],[-66.39516,10.56285],[-66.39477,10.56219],[-66.39458,10.56192],[-66.39402,10.56136],[-66.39352,10.56065],[-66.39285,10.56061],[-66.39247,10.56109],[-66.39241,10.56188],[-66.3919,10.56205],[-66.39047,10.56276],[-66.38947,10.56333],[-66.38932,10.5639],[-66.38937,10.56473],[-66.38986,10.56499],[-66.39009,10.56547],[-66.38967,10.56577],[-66.38898,10.56597],[-66.38823,10.56602],[-66.38797,10.56682],[-66.38738,10.56789],[-66.38685,10.56806],[-66.38632,10.56841],[-66.38579,10.56882],[-66.38536,10.56935],[-66.38497,10.57005],[-66.38416,10.57026],[-66.3834,10.57035],[-66.38321,10.57074],[-66.38324,10.57125],[-66.38358,10.57193],[-66.38332,10.57321],[-66.38291,10.57393],[-66.38304,10.57466],[-66.38292,10.57499],[-66.38235,10.57529],[-66.38259,10.57603],[-66.38254,10.57664],[-66.38199,10.57739],[-66.38192,10.57807],[-66.38208,10.57867],[-66.38207,10.57919],[-66.38158,10.57957],[-66.38085,10.57952],[-66.38,10.57952],[-66.37929,10.5797],[-66.37922,10.58001],[-66.37946,10.58035],[-66.38002,10.58102],[-66.37988,10.58149],[-66.37959,10.58216],[-66.37958,10.58282],[-66.37945,10.58332],[-66.37916,10.58384],[-66.37886,10.58457],[-66.37924,10.58562],[-66.37957,10.58635],[-66.37971,10.58721],[-66.37952,10.58797],[-66.37888,10.58878],[-66.37819,10.5892],[-66.37791,10.58912],[-66.37765,10.58892],[-66.37744,10.5885],[-66.37701,10.58756],[-66.37681,10.58683],[-66.37655,10.58638],[-66.3762,10.58607],[-66.37598,10.58616],[-66.37557,10.58649],[-66.37525,10.58695],[-66.37496,10.58725],[-66.37455,10.58752],[-66.37411,10.58786],[-66.3737,10.58813],[-66.37351,10.58835],[-66.37314,10.58864],[-66.37295,10.58871],[-66.37227,10.58816],[-66.37128,10.5869],[-66.37081,10.58651],[-66.37035,10.58658],[-66.37017,10.58643],[-66.36977,10.58641],[-66.36928,10.58636],[-66.36889,10.5865],[-66.3687,10.58649],[-66.3682,10.58664],[-66.3676,10.58677],[-66.36701,10.58693],[-66.36631,10.58699],[-66.36513,10.58703],[-66.36443,10.58697],[-66.36391,10.58682],[-66.36348,10.58693],[-66.3628,10.58725],[-66.3622,10.58747],[-66.36145,10.58761],[-66.36096,10.5878],[-66.36044,10.58782],[-66.36013,10.58781],[-66.35987,10.58774],[-66.35972,10.5876],[-66.35953,10.58735],[-66.35938,10.58711],[-66.35914,10.58695],[-66.35883,10.58683],[-66.35827,10.58658],[-66.35824,10.58638],[-66.35811,10.58617],[-66.35794,10.58608],[-66.35776,10.58619],[-66.35699,10.58664],[-66.35665,10.5869],[-66.35635,10.58694],[-66.35602,10.58691],[-66.35578,10.58693],[-66.35567,10.58698],[-66.35565,10.5872],[-66.3558,10.5873],[-66.35565,10.58756],[-66.35553,10.58776],[-66.3554,10.58792],[-66.35531,10.58814],[-66.35514,10.58836],[-66.35491,10.5886],[-66.35457,10.58891],[-66.35436,10.58905],[-66.35432,10.58906],[-66.35421,10.58912],[-66.35406,10.58904],[-66.35368,10.58904],[-66.35346,10.58907],[-66.35337,10.58915],[-66.35312,10.58938],[-66.35292,10.58948],[-66.35277,10.58952],[-66.35259,10.5897],[-66.35232,10.58965],[-66.35211,10.58971],[-66.35203,10.58978],[-66.35184,10.58986],[-66.35167,10.58986],[-66.35161,10.59002],[-66.35159,10.59029],[-66.35153,10.59067],[-66.35097,10.59128],[-66.35059,10.59163],[-66.3505,10.59189],[-66.35053,10.59207],[-66.35069,10.59234],[-66.35083,10.59246],[-66.35078,10.59261],[-66.35059,10.59273],[-66.35046,10.59279],[-66.35035,10.59297],[-66.35029,10.59324],[-66.35023,10.59337],[-66.35009,10.59341],[-66.34993,10.59328],[-66.34971,10.59313],[-66.34949,10.59298],[-66.34928,10.59286],[-66.34903,10.59296],[-66.34879,10.59308],[-66.34863,10.59319],[-66.34848,10.5932],[-66.34839,10.59318],[-66.34835,10.59312],[-66.3483,10.59296],[-66.34828,10.59279],[-66.34809,10.59273],[-66.3479,10.59278],[-66.34749,10.59263],[-66.34725,10.5926],[-66.34701,10.59245],[-66.34683,10.5923],[-66.34656,10.59224],[-66.34629,10.59222],[-66.34591,10.59212],[-66.34577,10.59216],[-66.34568,10.59227],[-66.34562,10.59247],[-66.34548,10.59264],[-66.3452,10.59271],[-66.34488,10.59265],[-66.3446,10.59263],[-66.34433,10.59276],[-66.34423,10.59296],[-66.34413,10.59328],[-66.34443,10.59366],[-66.34453,10.59387],[-66.34449,10.59415],[-66.3443,10.59429],[-66.34427,10.59439],[-66.34427,10.59464],[-66.34431,10.59476],[-66.34439,10.59491],[-66.34447,10.59515],[-66.34457,10.59539],[-66.34469,10.5956],[-66.3449,10.59577],[-66.34496,10.59595],[-66.34504,10.59623],[-66.34521,10.59639],[-66.34539,10.59648],[-66.3455,10.59664],[-66.34551,10.5969],[-66.34545,10.59711],[-66.34528,10.59736],[-66.34517,10.59759],[-66.34501,10.59798],[-66.34493,10.5982],[-66.34494,10.59846],[-66.34504,10.59855],[-66.34519,10.59853],[-66.34543,10.59841],[-66.34575,10.59836],[-66.34594,10.59844],[-66.34606,10.59851],[-66.34616,10.59862],[-66.34623,10.59884],[-66.34619,10.59907],[-66.34601,10.59913],[-66.34571,10.59928],[-66.34548,10.5995],[-66.34547,10.5998],[-66.34557,10.59999],[-66.34575,10.60008],[-66.34595,10.6],[-66.34628,10.59984],[-66.34673,10.59983],[-66.34707,10.59981],[-66.34753,10.59984],[-66.34807,10.59984],[-66.34841,10.59995],[-66.34853,10.59999],[-66.34887,10.60031],[-66.34908,10.60066],[-66.34933,10.60118],[-66.34928,10.602],[-66.34904,10.60234],[-66.34877,10.60278],[-66.34868,10.60332],[-66.34825,10.60416],[-66.34783,10.60507],[-66.34745,10.60598],[-66.34714,10.6064],[-66.34697,10.60664],[-66.34691,10.60684],[-66.34698,10.60695]]}},{"type":"Feature","properties":{"name":"R\u00edo La Sabana","waterway":"river"},"geometry":{"type":"LineString","coordinates":[[-66.3885,10.59559],[-66.38815,10.59585],[-66.38785,10.596],[-66.38749,10.59612],[-66.38705,10.59625],[-66.38667,10.59642],[-66.38622,10.59716],[-66.38619,10.5976],[-66.38625,10.59795],[-66.38625,10.5983],[-66.38617,10.5988],[-66.38612,10.59905],[-66.38599,10.59916],[-66.38566,10.59916],[-66.38515,10.59916],[-66.38481,10.59897],[-66.38448,10.59876],[-66.38411,10.59882],[-66.38377,10.5991],[-66.38335,10.59939],[-66.38345,10.59974],[-66.38322,10.59982],[-66.38304,10.6],[-66.38301,10.60023],[-66.38326,10.60042],[-66.38354,10.60054],[-66.38367,10.60072],[-66.38342,10.60109],[-66.38263,10.60173],[-66.38226,10.60201],[-66.3818,10.60263],[-66.38169,10.60311],[-66.3817,10.60343],[-66.38116,10.60415],[-66.3803,10.60486],[-66.38021,10.60517],[-66.38045,10.60545],[-66.38056,10.60559],[-66.38071,10.60587],[-66.38078,10.60617],[-66.38081,10.60649],[-66.38074,10.60678],[-66.38058,10.60684],[-66.38033,10.60673],[-66.38013,10.60684],[-66.37991,10.60701],[-66.3797,10.60748],[-66.37954,10.60769],[-66.37958,10.60807],[-66.37943,10.60834],[-66.37918,10.60854],[-66.37883,10.60859],[-66.37841,10.60853],[-66.3779,10.60847],[-66.37735,10.60875],[-66.37726,10.60885],[-66.37769,10.60913],[-66.37781,10.60941],[-66.37791,10.60976],[-66.37759,10.61002],[-66.3774,10.60997],[-66.3773,10.60981],[-66.37718,10.60978],[-66.37708,10.6098],[-66.37684,10.60986],[-66.37636,10.61017],[-66.37612,10.61016],[-66.37579,10.61013],[-66.37526,10.61005],[-66.37485,10.6097],[-66.37452,10.61011],[-66.37441,10.61052],[-66.37424,10.611],[-66.37387,10.61118],[-66.37345,10.61127],[-66.37277,10.61147],[-66.37233,10.61158],[-66.37212,10.61165],[-66.37184,10.61179],[-66.37161,10.61193],[-66.3711,10.61213],[-66.37092,10.61242],[-66.37078,10.61266],[-66.3706,10.61308]]}},{"type":"Feature","properties":{"name":"R\u00edo Curucut\u00ed","waterway":"river"},"geometry":{"type":"LineString","coordinates":[[-66.981,10.58247],[-66.98054,10.58331],[-66.98038,10.58442],[-66.9803,10.58492],[-66.98023,10.58506],[-66.98023,10.58515],[-66.9803,10.5854],[-66.98032,10.58652],[-66.98042,10.58742],[-66.98025,10.58795],[-66.98009,10.58839],[-66.97984,10.58883],[-66.97961,10.5893],[-66.9794,10.58975],[-66.97907,10.59013],[-66.97867,10.59062],[-66.97846,10.59088],[-66.97834,10.59128],[-66.97821,10.59154]]}},{"type":"Feature","properties":{"name":"Anare","waterway":"river"},"geometry":{"type":"LineString","coordinates":[[-66.6467,10.61569],[-66.64781,10.61584],[-66.64821,10.61588],[-66.64842,10.61634],[-66.64843,10.61692],[-66.64843,10.61714],[-66.64866,10.6177],[-66.6489,10.6182],[-66.64903,10.61847],[-66.64916,10.61868],[-66.64972,10.61999],[-66.65035,10.62045],[-66.65063,10.62083],[-66.65093,10.62216],[-66.65112,10.62253]]}},{"type":"Feature","properties":{"name":"R\u00edo Marapa","waterway":"river"},"geometry":{"type":"LineString","coordinates":[[-67.08217,10.54096],[-67.08109,10.54137],[-67.07972,10.54123],[-67.07842,10.54122],[-67.0769,10.54137],[-67.07633,10.54209],[-67.07585,10.54379],[-67.07442,10.54466],[-67.07356,10.54576],[-67.07255,10.54558],[-67.07207,10.54626],[-67.07189,10.5464],[-67.07161,10.54649],[-67.07142,10.54659],[-67.07111,10.54663],[-67.07098,10.54666],[-67.07083,10.54671],[-67.07071,10.54679],[-67.07024,10.54735],[-67.07018,10.54739],[-67.07005,10.54741],[-67.06981,10.5475],[-67.06957,10.54773],[-67.06933,10.54791],[-67.06901,10.54822],[-67.06877,10.54849],[-67.06841,10.54876],[-67.06825,10.54894],[-67.06811,10.54904],[-67.06789,10.54929],[-67.06774,10.54938],[-67.06766,10.54944],[-67.06757,10.54955],[-67.06741,10.54978],[-67.06727,10.54993],[-67.0672,10.55023],[-67.06711,10.55076],[-67.06712,10.55086],[-67.06716,10.55094],[-67.06746,10.55119],[-67.06767,10.5513],[-67.06781,10.55138],[-67.06804,10.55147],[-67.06817,10.55149],[-67.06838,10.55147],[-67.06847,10.5515],[-67.06859,10.55157],[-67.0687,10.55169],[-67.06881,10.55188],[-67.06886,10.55201],[-67.06886,10.55211],[-67.06883,10.55225],[-67.06879,10.55233],[-67.06869,10.55243],[-67.06857,10.55263],[-67.06845,10.55278],[-67.06826,10.55297],[-67.06822,10.55308],[-67.0681,10.55347],[-67.06803,10.55361],[-67.06795,10.55373],[-67.06785,10.55382],[-67.06773,10.55391],[-67.06726,10.55419],[-67.06719,10.55421],[-67.06714,10.55421],[-67.06707,10.55419],[-67.0669,10.55406],[-67.06669,10.55397],[-67.06637,10.55396],[-67.06609,10.55391],[-67.06602,10.55391],[-67.06581,10.55396],[-67.06561,10.55404],[-67.06546,10.55405],[-67.06536,10.55408],[-67.06513,10.5542],[-67.06491,10.55437],[-67.06484,10.55449],[-67.06477,10.55465],[-67.06457,10.55492],[-67.06453,10.555],[-67.06453,10.55511],[-67.06455,10.55522],[-67.06462,10.55542],[-67.06467,10.55566],[-67.06466,10.55575],[-67.06461,10.55582],[-67.06441,10.55598],[-67.06431,10.55602],[-67.06412,10.55605],[-67.064,10.55611],[-67.0639,10.5562],[-67.06386,10.55626],[-67.06383,10.55633],[-67.06382,10.55659],[-67.06386,10.55669],[-67.06391,10.55681],[-67.06406,10.55704],[-67.06415,10.55723],[-67.06416,10.55731],[-67.06412,10.55756],[-67.06408,10.55766],[-67.064,10.55779],[-67.06393,10.55786],[-67.06363,10.55805],[-67.06351,10.55817],[-67.06338,10.55837],[-67.06327,10.5586],[-67.06319,10.55871],[-67.06311,10.55876],[-67.06263,10.55889],[-67.06244,10.55895],[-67.06234,10.55896],[-67.06218,10.55896],[-67.0621,10.55893],[-67.06197,10.55883],[-67.06183,10.55877],[-67.06173,10.55876],[-67.06165,10.55879],[-67.06159,10.55883],[-67.06145,10.559],[-67.06135,10.55915],[-67.06132,10.55927],[-67.06122,10.55971],[-67.06112,10.55998],[-67.06099,10.56021],[-67.06064,10.56044],[-67.06044,10.56062],[-67.06037,10.56072],[-67.06016,10.56114],[-67.06001,10.56129],[-67.05959,10.56155],[-67.05945,10.5616],[-67.05915,10.56163],[-67.05908,10.56169],[-67.05896,10.56192],[-67.05894,10.56204],[-67.05894,10.56224],[-67.0589,10.56261],[-67.05884,10.56277],[-67.05877,10.56288],[-67.05856,10.56306],[-67.05828,10.56319],[-67.05809,10.56333],[-67.05803,10.5634],[-67.05795,10.56357],[-67.05785,10.56373],[-67.05759,10.5641],[-67.05752,10.56414],[-67.05743,10.56417],[-67.0572,10.56423],[-67.05678,10.56422],[-67.05657,10.56426],[-67.05646,10.56431],[-67.05635,10.56438],[-67.05617,10.56459],[-67.05672,10.56632],[-67.05672,10.56684],[-67.05622,10.56819],[-67.05579,10.56866],[-67.05429,10.56908],[-67.05381,10.56948],[-67.05351,10.56996],[-67.05395,10.57115],[-67.05381,10.5714],[-67.05333,10.57169],[-67.05253,10.57177],[-67.0524,10.57209],[-67.0525,10.57225],[-67.05259,10.57251],[-67.05309,10.57288],[-67.0532,10.57314],[-67.05314,10.57336],[-67.05294,10.57372],[-67.05248,10.57404],[-67.05196,10.57459],[-67.05135,10.57574],[-67.05113,10.57653],[-67.05079,10.57689],[-67.05042,10.57713],[-67.04952,10.57749],[-67.04916,10.57787],[-67.049,10.57862],[-67.04902,10.57919],[-67.04913,10.57982],[-67.04923,10.58008],[-67.04935,10.58021],[-67.04973,10.58033],[-67.05024,10.58026],[-67.05082,10.5799],[-67.05123,10.57943],[-67.0514,10.57915],[-67.05166,10.57905],[-67.05205,10.57903],[-67.05238,10.57911],[-67.05279,10.57936],[-67.05299,10.57991],[-67.05309,10.58075],[-67.0532,10.58112],[-67.05353,10.58173],[-67.05415,10.58209],[-67.05434,10.58235],[-67.05466,10.58306],[-67.0545,10.58365],[-67.05397,10.58446],[-67.05371,10.58516],[-67.05358,10.58664],[-67.05376,10.58771],[-67.0538,10.58839],[-67.05382,10.58888],[-67.054,10.58927],[-67.05411,10.58987],[-67.05412,10.59046],[-67.05434,10.59083],[-67.05479,10.59108],[-67.05575,10.59136],[-67.05639,10.59128],[-67.05744,10.59155],[-67.058,10.59136],[-67.05874,10.59147],[-67.05937,10.59185],[-67.05949,10.59218],[-67.05992,10.59264]]}},{"type":"Feature","properties":{"name":"R\u00edo Piedra Azul","waterway":"river"},"geometry":{"type":"LineString","coordinates":[[-66.95473,10.58703],[-66.95466,10.58721],[-66.95411,10.5875],[-66.95379,10.58755],[-66.95343,10.58764],[-66.95315,10.58781],[-66.95288,10.58812],[-66.95277,10.5885],[-66.95274,10.58885],[-66.95294,10.58935],[-66.95326,10.58991],[-66.9532,10.59044],[-66.95329,10.59096],[-66.95352,10.59118],[-66.9537,10.59122],[-66.95414,10.59158],[-66.95426,10.59218],[-66.95392,10.59417],[-66.95366,10.59546],[-66.95281,10.59651],[-66.95272,10.59693],[-66.95274,10.59783],[-66.95262,10.59807],[-66.95237,10.59832],[-66.95214,10.59873],[-66.95219,10.60241]]}},{"type":"Feature","properties":{"name":"R\u00edo Macuto","waterway":"river"},"geometry":{"type":"LineString","coordinates":[[-66.88953,10.58947],[-66.88981,10.58958],[-66.89018,10.58976],[-66.8905,10.58992],[-66.8909,10.59027],[-66.89142,10.59067],[-66.89169,10.59076],[-66.89214,10.59074],[-66.89278,10.59058],[-66.89304,10.59048],[-66.8933,10.59036],[-66.89358,10.59039],[-66.89407,10.59032],[-66.89438,10.59053],[-66.89458,10.59089],[-66.89514,10.5919],[-66.89551,10.59213],[-66.89574,10.59247],[-66.89598,10.59256],[-66.89618,10.59264],[-66.89616,10.59282],[-66.89619,10.59305],[-66.89619,10.59308],[-66.8968,10.59384],[-66.89708,10.59473],[-66.89734,10.59485],[-66.89795,10.59463],[-66.89821,10.59478],[-66.89863,10.59527],[-66.89913,10.59537],[-66.89905,10.5959],[-66.89892,10.59611],[-66.89885,10.59644],[-66.89885,10.59645],[-66.89906,10.59677],[-66.89906,10.59703],[-66.89881,10.59713],[-66.89797,10.59791],[-66.89751,10.59818],[-66.89751,10.59832],[-66.89799,10.59907],[-66.89784,10.60031],[-66.8979,10.60198],[-66.89749,10.60339],[-66.8966,10.60667],[-66.89654,10.60715]]}},{"type":"Feature","properties":{"name":null,"waterway":"stream"},"geometry":{"type":"LineString","coordinates":[[-66.93127,10.59405],[-66.93116,10.59424],[-66.93128,10.59465],[-66.93143,10.59512],[-66.93138,10.59578],[-66.93149,10.59616],[-66.93166,10.59647],[-66.93171,10.59675],[-66.93168,10.59693],[-66.9315,10.59725],[-66.93145,10.59756],[-66.93152,10.59813],[-66.93146,10.59842],[-66.93126,10.5987],[-66.93107,10.59902],[-66.93106,10.59924],[-66.93117,10.59951],[-66.93134,10.59968],[-66.93149,10.59993],[-66.93157,10.60011],[-66.93167,10.60054],[-66.93168,10.60067],[-66.93162,10.60081],[-66.9315,10.601],[-66.93146,10.60122],[-66.93146,10.60149],[-66.93157,10.60174],[-66.93171,10.60202],[-66.93186,10.60227],[-66.93197,10.60252]]}},{"type":"Feature","properties":{"name":"Quebrada El Cojo","waterway":"stream"},"geometry":{"type":"LineString","coordinates":[[-66.88282,10.60267],[-66.88329,10.60368],[-66.884,10.60461],[-66.88438,10.60516],[-66.88449,10.60539],[-66.88454,10.60567],[-66.88485,10.60597],[-66.88491,10.60619],[-66.8857,10.60659],[-66.88596,10.6072],[-66.88594,10.60773],[-66.88616,10.60832],[-66.88658,10.60925],[-66.88725,10.61024],[-66.88838,10.6117]]}},{"type":"Feature","properties":{"name":null,"waterway":"river"},"geometry":{"type":"LineString","coordinates":[[-66.58032,10.61244],[-66.58002,10.61341],[-66.58011,10.61455],[-66.57953,10.61541],[-66.57925,10.61573],[-66.57888,10.61554],[-66.57837,10.61571],[-66.57783,10.61592],[-66.57725,10.61607],[-66.57702,10.61628],[-66.57723,10.61664],[-66.57792,10.61765],[-66.57822,10.61803],[-66.57893,10.61826],[-66.57944,10.61854],[-66.57989,10.61854],[-66.58079,10.61883],[-66.58101,10.61927],[-66.5795,10.62008],[-66.57905,10.62069],[-66.57749,10.62193],[-66.57717,10.62161],[-66.57691,10.6213],[-66.57672,10.62115],[-66.57629,10.62008],[-66.57547,10.61942],[-66.57498,10.61946],[-66.57448,10.61978],[-66.5741,10.61989],[-66.57333,10.62001],[-66.57294,10.62022],[-66.5729,10.62102],[-66.57231,10.62211],[-66.57176,10.62313],[-66.57167,10.62366],[-66.57182,10.62419],[-66.57211,10.62488],[-66.57219,10.62505],[-66.57235,10.62518],[-66.57252,10.62522],[-66.57264,10.6253],[-66.57281,10.62547],[-66.57294,10.62575],[-66.57301,10.62591],[-66.57314,10.62606],[-66.57328,10.62639],[-66.5733,10.62706],[-66.57337,10.628],[-66.57339,10.62866]]}},{"type":"Feature","properties":{"name":null,"waterway":"river"},"geometry":{"type":"LineString","coordinates":[[-66.57142,10.60468],[-66.57245,10.60559],[-66.56976,10.60713],[-66.5703,10.60784],[-66.57071,10.6081],[-66.57064,10.60833],[-66.56987,10.6085],[-66.56925,10.60886],[-66.56914,10.60915],[-66.57004,10.60997],[-66.57008,10.61031],[-66.56993,10.61075],[-66.57109,10.61252],[-66.57246,10.61558],[-66.57257,10.61622],[-66.57264,10.61672],[-66.57239,10.61727],[-66.57144,10.61822],[-66.5711,10.61863],[-66.57088,10.61906],[-66.57087,10.61938],[-66.57094,10.61957],[-66.57117,10.61991],[-66.57161,10.62016],[-66.5724,10.62022],[-66.57279,10.62037],[-66.5727,10.62083],[-66.57221,10.62185],[-66.57231,10.62211]]}},{"type":"Feature","properties":{"name":null,"waterway":"river"},"geometry":{"type":"LineString","coordinates":[[-66.56008,10.61741],[-66.5597,10.61756],[-66.55969,10.61791],[-66.56018,10.61829],[-66.5603,10.61858],[-66.56021,10.61923],[-66.56017,10.61969],[-66.56032,10.62015],[-66.56055,10.62011],[-66.56112,10.61985],[-66.56122,10.61992],[-66.56136,10.62015],[-66.56138,10.62081],[-66.5616,10.62105],[-66.56219,10.62134],[-66.56245,10.6214],[-66.56398,10.62232],[-66.56437,10.62266],[-66.56456,10.62285],[-66.56531,10.62389],[-66.56585,10.62477],[-66.56601,10.62522],[-66.56644,10.62676],[-66.56648,10.62743],[-66.56649,10.62777],[-66.56643,10.6283]]}},{"type":"Feature","properties":{"name":null,"waterway":"river"},"geometry":{"type":"LineString","coordinates":[[-66.68604,10.61247],[-66.68693,10.61247],[-66.68735,10.6126],[-66.68784,10.61273],[-66.68892,10.61253],[-66.68945,10.61268],[-66.6901,10.61307],[-66.69068,10.61324],[-66.69089,10.61361],[-66.6908,10.61389],[-66.69055,10.6142],[-66.69012,10.61467],[-66.6902,10.6149],[-66.69063,10.61562],[-66.69102,10.616],[-66.69111,10.61646],[-66.69094,10.61675],[-66.69057,10.6171],[-66.69034,10.6175],[-66.69024,10.61807],[-66.69043,10.61862],[-66.69085,10.61893],[-66.69091,10.61903],[-66.69103,10.61927],[-66.6913,10.61959],[-66.69165,10.61987],[-66.69201,10.62055],[-66.69235,10.62139],[-66.69271,10.62329]]}},{"type":"Feature","properties":{"name":null,"waterway":"stream"},"geometry":{"type":"LineString","coordinates":[[-66.90389,10.59898],[-66.90382,10.59903],[-66.90371,10.59911],[-66.90364,10.59918],[-66.90347,10.5995],[-66.90343,10.59957],[-66.90341,10.59964],[-66.90342,10.5997],[-66.90346,10.59978],[-66.90351,10.59987],[-66.90356,10.59996],[-66.90359,10.60003],[-66.90359,10.60008],[-66.90356,10.60014],[-66.90348,10.60017],[-66.90336,10.60019],[-66.90327,10.60022],[-66.90314,10.60028],[-66.90299,10.60037],[-66.90281,10.60047],[-66.90269,10.60065],[-66.90268,10.60083],[-66.90268,10.60098],[-66.90269,10.60108],[-66.90277,10.60133],[-66.90286,10.60168],[-66.90303,10.60224],[-66.90309,10.60251],[-66.90316,10.60276]]}},{"type":"Feature","properties":{"name":null,"waterway":"stream"},"geometry":{"type":"LineString","coordinates":[[-66.92245,10.59948],[-66.92247,10.59959],[-66.92248,10.59969],[-66.92255,10.59984],[-66.92266,10.6],[-66.92276,10.60013],[-66.92291,10.6003],[-66.92308,10.60056],[-66.9232,10.60077],[-66.92327,10.60131],[-66.92333,10.60156],[-66.92353,10.60197],[-66.92366,10.60221],[-66.92379,10.60239],[-66.92391,10.60256],[-66.92406,10.60274],[-66.92416,10.60278],[-66.92432,10.60282],[-66.92441,10.60286],[-66.92451,10.60298],[-66.92452,10.60299]]}},{"type":"Feature","properties":{"name":null,"waterway":"stream"},"geometry":{"type":"LineString","coordinates":[[-66.9651,10.601],[-66.96431,10.60195]]}},{"type":"Feature","properties":{"name":"Quebrada El Tigrillo","waterway":"stream"},"geometry":{"type":"LineString","coordinates":[[-66.76691,10.6096],[-66.76693,10.61005],[-66.76701,10.61046],[-66.76724,10.61077],[-66.76724,10.61122],[-66.76674,10.6115],[-66.76649,10.6117],[-66.76641,10.61213],[-66.76617,10.61267],[-66.76604,10.61324],[-66.76583,10.61377],[-66.76592,10.61431],[-66.76601,10.61474],[-66.76577,10.61515],[-66.76598,10.61573],[-66.76602,10.61646]]}},{"type":"Feature","properties":{"name":"R\u00edo Naiguat\u00e1","waterway":"river"},"geometry":{"type":"LineString","coordinates":[[-66.75175,10.57861],[-66.75138,10.57876],[-66.75138,10.57964],[-66.75063,10.58009],[-66.74984,10.58093],[-66.74969,10.58148],[-66.74915,10.58174],[-66.74898,10.58346],[-66.74956,10.58374],[-66.74935,10.5846],[-66.75016,10.58494],[-66.75013,10.58549],[-66.75141,10.58638],[-66.75156,10.58677],[-66.75195,10.58694],[-66.75204,10.58737],[-66.75236,10.58751],[-66.7522,10.58793],[-66.75189,10.58803],[-66.75138,10.58784],[-66.75095,10.58787],[-66.7507,10.58766],[-66.75062,10.58725],[-66.75036,10.58733],[-66.74857,10.58774],[-66.74829,10.58844],[-66.74866,10.58924],[-66.74944,10.58946],[-66.74988,10.58937],[-66.75003,10.58983],[-66.74932,10.59175],[-66.7495,10.59234],[-66.7499,10.59268],[-66.75026,10.59269],[-66.75061,10.59236],[-66.75088,10.59239],[-66.75105,10.59271],[-66.75125,10.59274],[-66.75127,10.59306],[-66.75287,10.59569],[-66.75232,10.59585],[-66.75177,10.59619],[-66.75139,10.59711],[-66.75156,10.598],[-66.75159,10.59856],[-66.75147,10.5991],[-66.7511,10.59965],[-66.75071,10.6002],[-66.74991,10.60036],[-66.7493,10.60084],[-66.74847,10.60171],[-66.74713,10.60225],[-66.74639,10.60219],[-66.74563,10.60181],[-66.7446,10.60111],[-66.744,10.60086],[-66.74323,10.6008],[-66.74283,10.60113],[-66.74279,10.60159],[-66.74316,10.60245],[-66.7437,10.60341],[-66.74435,10.60423],[-66.74439,10.60552],[-66.74391,10.60616],[-66.74297,10.60689],[-66.74161,10.60761],[-66.74034,10.60822],[-66.73851,10.60876],[-66.73831,10.60878],[-66.73818,10.60878],[-66.7376,10.60946],[-66.73723,10.60978],[-66.73698,10.6106],[-66.73703,10.61105],[-66.73743,10.61225],[-66.7378,10.61344],[-66.73809,10.61424],[-66.73848,10.61505],[-66.74058,10.61941],[-66.74119,10.62038],[-66.7444,10.62523]]}},{"type":"Feature","properties":{"name":"R\u00edo Ur\u00eda","waterway":"river"},"geometry":{"type":"LineString","coordinates":[[-66.78114,10.59828],[-66.78108,10.59876],[-66.78109,10.5991],[-66.78128,10.5993],[-66.78153,10.59945],[-66.78162,10.59964],[-66.78175,10.59997],[-66.78188,10.60005],[-66.78212,10.60026],[-66.78202,10.60046],[-66.78184,10.60078],[-66.78181,10.60119],[-66.782,10.6018],[-66.78251,10.60271],[-66.78269,10.60309],[-66.78255,10.60364],[-66.78232,10.6038],[-66.782,10.6038],[-66.78151,10.6036],[-66.78114,10.60364],[-66.78081,10.60398],[-66.78073,10.60441],[-66.78059,10.60474],[-66.78038,10.60487],[-66.78015,10.60487],[-66.77982,10.60479],[-66.77958,10.60479],[-66.77923,10.60493],[-66.7791,10.60532],[-66.77909,10.60573],[-66.77926,10.60603],[-66.77954,10.60632],[-66.7799,10.60647],[-66.78022,10.60662],[-66.78042,10.60677],[-66.78043,10.60724],[-66.78039,10.60747],[-66.78033,10.60789],[-66.78014,10.6085],[-66.78019,10.60911],[-66.78035,10.61023],[-66.78062,10.61075],[-66.78088,10.61121],[-66.7812,10.61183],[-66.78161,10.61295],[-66.78203,10.61413]]}},{"type":"Feature","properties":{"name":"R\u00edo Osma","waterway":"river"},"geometry":{"type":"LineString","coordinates":[[-66.52251,10.60355],[-66.52229,10.60372],[-66.52177,10.60383],[-66.52117,10.60399],[-66.52051,10.6042],[-66.51952,10.60441],[-66.51852,10.60478],[-66.51738,10.60518],[-66.51675,10.6054],[-66.51622,10.606],[-66.51617,10.60662],[-66.5166,10.60693],[-66.51686,10.60713],[-66.51719,10.60697],[-66.51761,10.60702],[-66.51807,10.60733],[-66.51819,10.60761],[-66.51848,10.60804],[-66.51886,10.60839],[-66.51894,10.60898],[-66.51909,10.6096],[-66.51855,10.6102],[-66.51819,10.61025],[-66.51718,10.61031],[-66.51629,10.61008],[-66.51583,10.61015],[-66.51542,10.61114],[-66.51575,10.6115],[-66.51621,10.61186],[-66.51668,10.61248],[-66.51728,10.61289],[-66.51775,10.61328],[-66.51841,10.61331],[-66.51902,10.61322],[-66.51951,10.61288],[-66.52003,10.61283],[-66.52049,10.61308],[-66.52052,10.61354],[-66.52024,10.61374],[-66.51991,10.61421],[-66.51957,10.61479],[-66.51989,10.61525],[-66.52024,10.61591],[-66.52021,10.61649],[-66.51992,10.61692],[-66.51915,10.61709],[-66.51859,10.61711],[-66.51818,10.61719],[-66.51808,10.6174],[-66.51803,10.61749],[-66.5181,10.61788],[-66.51811,10.61857],[-66.51827,10.61877],[-66.51854,10.61877],[-66.51865,10.61876],[-66.51899,10.61879],[-66.51948,10.61887],[-66.51953,10.61924],[-66.5193,10.61948],[-66.51896,10.61975],[-66.51859,10.61993],[-66.51813,10.62007],[-66.51742,10.62019],[-66.51689,10.6201],[-66.51572,10.61981],[-66.51497,10.61976],[-66.51462,10.61992],[-66.51457,10.62083],[-66.51461,10.62146],[-66.51439,10.62174],[-66.51424,10.62259],[-66.51395,10.6231],[-66.51375,10.62347],[-66.51339,10.62375],[-66.51327,10.62376],[-66.51279,10.6238],[-66.51221,10.62423],[-66.51186,10.62475],[-66.51204,10.62507],[-66.51259,10.62603],[-66.51267,10.62646],[-66.51275,10.62667],[-66.51301,10.62683],[-66.51307,10.62702],[-66.51318,10.62748],[-66.51353,10.62785],[-66.51376,10.62795],[-66.51475,10.6277]]}},{"type":"Feature","properties":{"name":null,"waterway":"river"},"geometry":{"type":"LineString","coordinates":[[-66.44844,10.62215],[-66.44884,10.62238],[-66.44928,10.62245],[-66.44967,10.62233],[-66.45007,10.6223],[-66.45037,10.62239],[-66.45075,10.6226],[-66.45139,10.62247],[-66.45179,10.62235],[-66.45218,10.6222],[-66.45279,10.6219],[-66.4533,10.62178],[-66.45387,10.62172],[-66.45449,10.62222],[-66.45488,10.62255],[-66.45496,10.62289],[-66.45511,10.62342],[-66.45534,10.62375],[-66.45549,10.62401],[-66.45551,10.62404],[-66.45585,10.62465],[-66.45609,10.62508],[-66.45662,10.62593],[-66.45712,10.62673],[-66.45758,10.62729],[-66.45795,10.62766],[-66.45786,10.62778],[-66.45795,10.62818]]}},{"type":"Feature","properties":{"name":"R\u00edo Camur\u00ed Grande","waterway":"river"},"geometry":{"type":"LineString","coordinates":[[-66.71401,10.57019],[-66.71357,10.57036],[-66.71282,10.57144],[-66.71222,10.57165],[-66.71145,10.5723],[-66.71058,10.57358],[-66.71108,10.575],[-66.71091,10.57568],[-66.71071,10.57625],[-66.70979,10.5769],[-66.70971,10.57727],[-66.70998,10.57757],[-66.70952,10.57789],[-66.70937,10.57919],[-66.70896,10.57957],[-66.7083,10.58017],[-66.70743,10.58123],[-66.70708,10.58198],[-66.70716,10.58259],[-66.70698,10.58278],[-66.70699,10.58317],[-66.70775,10.58342],[-66.70803,10.58441],[-66.7083,10.58519],[-66.71013,10.58648],[-66.71161,10.58712],[-66.71193,10.58823],[-66.71243,10.58902],[-66.71284,10.59002],[-66.71313,10.59075],[-66.71452,10.59143],[-66.71598,10.59211],[-66.71649,10.59277],[-66.71689,10.59417],[-66.71626,10.59468],[-66.71581,10.59501],[-66.71508,10.59507],[-66.71468,10.59517],[-66.71472,10.59563],[-66.71535,10.5958],[-66.71618,10.5957],[-66.71681,10.59577],[-66.71698,10.59605],[-66.71716,10.59658],[-66.71674,10.59692],[-66.71634,10.59726],[-66.71633,10.59789],[-66.71666,10.59842],[-66.71714,10.59848],[-66.71736,10.59867],[-66.71716,10.59906],[-66.71702,10.59945],[-66.71728,10.60021],[-66.71735,10.60081],[-66.71775,10.60148],[-66.7183,10.60172],[-66.7191,10.60182],[-66.71906,10.60216],[-66.7186,10.60259],[-66.71869,10.60343],[-66.71915,10.60388],[-66.71959,10.60435],[-66.71974,10.60481],[-66.71951,10.60549],[-66.71924,10.60578],[-66.71904,10.60655],[-66.71895,10.60712],[-66.71887,10.60803],[-66.71917,10.60869],[-66.71924,10.609],[-66.71901,10.61015],[-66.71891,10.61075],[-66.71897,10.61115],[-66.71938,10.61215],[-66.71954,10.6128],[-66.71955,10.61379],[-66.71938,10.61452],[-66.71925,10.61488],[-66.71874,10.61542],[-66.71833,10.61567],[-66.71765,10.61589],[-66.7169,10.61612],[-66.71639,10.61638],[-66.71607,10.61643],[-66.71572,10.61691],[-66.71546,10.61735],[-66.71514,10.61818],[-66.71499,10.61875],[-66.71489,10.61931],[-66.71488,10.61985],[-66.7149,10.62025],[-66.71495,10.62063],[-66.71504,10.62103],[-66.71524,10.62151],[-66.71538,10.62182],[-66.7157,10.62229],[-66.71588,10.62258],[-66.71603,10.62298],[-66.71616,10.62339],[-66.7163,10.62397],[-66.71637,10.62452],[-66.71642,10.62516],[-66.71648,10.62586],[-66.71652,10.62624]]}},{"type":"Feature","properties":{"name":"R\u00edo Chorrer\u00f3n","waterway":"river"},"geometry":{"type":"LineString","coordinates":[[-66.41698,10.61818],[-66.41696,10.61838],[-66.41736,10.61861],[-66.41765,10.61859],[-66.4179,10.61839],[-66.41837,10.61853],[-66.41857,10.61883],[-66.41871,10.61942],[-66.41887,10.6195],[-66.41921,10.61969],[-66.41945,10.62],[-66.41951,10.62015],[-66.4196,10.62033],[-66.41981,10.6206],[-66.41968,10.62085],[-66.41937,10.62089],[-66.41895,10.62102],[-66.41859,10.62091],[-66.41847,10.62114],[-66.41821,10.62133],[-66.41793,10.62143],[-66.41768,10.62156],[-66.4175,10.62161],[-66.4172,10.62163],[-66.41695,10.62159],[-66.41673,10.62156],[-66.41653,10.62173],[-66.41634,10.62174],[-66.41619,10.62163],[-66.4162,10.62151],[-66.41618,10.62136],[-66.41574,10.62127],[-66.41539,10.62136],[-66.41523,10.6217],[-66.41507,10.62183],[-66.41494,10.62187],[-66.4147,10.62191],[-66.41442,10.62186],[-66.41426,10.62184],[-66.41399,10.62182],[-66.41384,10.62216],[-66.41374,10.62241],[-66.41382,10.6225],[-66.4138,10.62259],[-66.41365,10.62266],[-66.41355,10.62281],[-66.41331,10.62294],[-66.41308,10.62305],[-66.41285,10.62322],[-66.41255,10.62317],[-66.41236,10.62318],[-66.41216,10.62326],[-66.412,10.62322],[-66.41158,10.62317],[-66.41108,10.62308],[-66.41075,10.62299],[-66.41046,10.62301],[-66.41032,10.623],[-66.41015,10.62294],[-66.40998,10.62284],[-66.40982,10.62269],[-66.40957,10.6224],[-66.40938,10.62224],[-66.40925,10.62232],[-66.40914,10.62248],[-66.40886,10.62276],[-66.40859,10.62292],[-66.40826,10.62294],[-66.40809,10.62296],[-66.40779,10.62299],[-66.40747,10.62297],[-66.40715,10.62293],[-66.40672,10.62299],[-66.40631,10.6231],[-66.40389,10.62339],[-66.40351,10.62398],[-66.40374,10.62453],[-66.40366,10.62484],[-66.4035,10.62512],[-66.40317,10.62538],[-66.40286,10.62554],[-66.40283,10.62573],[-66.40268,10.62585],[-66.4025,10.62583],[-66.40229,10.62582],[-66.40213,10.6258],[-66.40207,10.62589],[-66.40206,10.62591]]}},{"type":"Feature","properties":{"name":null,"waterway":"stream"},"geometry":{"type":"LineString","coordinates":[[-66.96408,10.60223],[-66.96387,10.60253]]}},{"type":"Feature","properties":{"name":null,"waterway":"stream"},"geometry":{"type":"LineString","coordinates":[[-66.96431,10.60195],[-66.96408,10.60223]]}},{"type":"Feature","properties":{"name":null,"waterway":"stream"},"geometry":{"type":"LineString","coordinates":[[-66.4826,10.61548],[-66.48276,10.61544],[-66.48364,10.61569],[-66.48554,10.61614],[-66.48594,10.61627],[-66.48639,10.61628],[-66.48722,10.61662],[-66.48734,10.61696],[-66.48759,10.61784],[-66.48773,10.61822],[-66.48779,10.61854],[-66.48786,10.61879],[-66.48777,10.61914],[-66.48742,10.61973],[-66.48722,10.62014],[-66.48703,10.62061],[-66.48692,10.62082],[-66.4868,10.62083],[-66.48658,10.62077],[-66.4864,10.62059],[-66.48581,10.62021],[-66.48557,10.61997],[-66.4854,10.61979],[-66.48517,10.61951],[-66.485,10.61936],[-66.48482,10.61923],[-66.4847,10.61916],[-66.48436,10.61906],[-66.48414,10.61902],[-66.48393,10.61905],[-66.48359,10.61911],[-66.48336,10.61922],[-66.48308,10.61925],[-66.48259,10.61928],[-66.48233,10.61914],[-66.48213,10.61885],[-66.48191,10.61866],[-66.48152,10.61857],[-66.48123,10.6186],[-66.48114,10.61867],[-66.48101,10.61889],[-66.48087,10.61912],[-66.48089,10.61928],[-66.48091,10.61963],[-66.48085,10.61995],[-66.48085,10.62031],[-66.48084,10.62075],[-66.48075,10.62099],[-66.48057,10.62148],[-66.48047,10.62204],[-66.48043,10.62267],[-66.48019,10.62307],[-66.47999,10.62336],[-66.47979,10.62356],[-66.47961,10.62376],[-66.47944,10.62396],[-66.47932,10.62414],[-66.4792,10.62422],[-66.47906,10.62445],[-66.47912,10.62463],[-66.47894,10.62497],[-66.47887,10.62512],[-66.47885,10.62537],[-66.47898,10.62553],[-66.47867,10.62609],[-66.47854,10.6264],[-66.47851,10.62664],[-66.47847,10.62707],[-66.47842,10.62754],[-66.47837,10.62776],[-66.47841,10.62809],[-66.47837,10.62834],[-66.4784,10.62854],[-66.47845,10.62867],[-66.47843,10.6288]]}},{"type":"Feature","properties":{"name":null,"waterway":"stream"},"geometry":{"type":"LineString","coordinates":[[-66.88884,10.57724],[-66.88942,10.577],[-66.8899,10.57688],[-66.89009,10.57687],[-66.89046,10.5769],[-66.89067,10.57673],[-66.89124,10.57665],[-66.89161,10.57701],[-66.89175,10.57722],[-66.89191,10.57742],[-66.89193,10.57752],[-66.89196,10.57761],[-66.89219,10.57772],[-66.89247,10.57798],[-66.89253,10.5781],[-66.89254,10.57847],[-66.89249,10.57858],[-66.89243,10.57904],[-66.8924,10.57961],[-66.89224,10.57996],[-66.89207,10.58186],[-66.89246,10.58275],[-66.89249,10.58373],[-66.89373,10.58519],[-66.89468,10.58746],[-66.896,10.5877],[-66.89601,10.58901],[-66.89584,10.59108],[-66.89587,10.59176],[-66.89594,10.59226],[-66.89598,10.59256]]}},{"type":"Feature","properties":{"name":null,"waterway":"stream"},"geometry":{"type":"LineString","coordinates":[[-66.71776,10.61322],[-66.71771,10.61367],[-66.71779,10.61402],[-66.71728,10.6148],[-66.71676,10.61552],[-66.71607,10.61643]]}},{"type":"Feature","properties":{"name":null,"waterway":"stream"},"geometry":{"type":"LineString","coordinates":[[-66.98654,10.57604],[-66.98612,10.57711],[-66.98586,10.57761],[-66.98555,10.57826],[-66.98491,10.57919],[-66.98438,10.57978],[-66.98373,10.58018],[-66.98327,10.58053],[-66.98271,10.5809],[-66.98262,10.58097],[-66.98242,10.58121],[-66.98193,10.58138],[-66.98165,10.58162],[-66.98135,10.58172],[-66.98091,10.58203]]}},{"type":"Feature","properties":{"name":null,"waterway":"stream"},"geometry":{"type":"LineString","coordinates":[[-66.98205,10.5754],[-66.9822,10.57526],[-66.98047,10.57684],[-66.97991,10.57751],[-66.97967,10.57769],[-66.97963,10.57788],[-66.97959,10.57805],[-66.97941,10.57831],[-66.97918,10.57866],[-66.97904,10.57897],[-66.97892,10.57918],[-66.97869,10.5795],[-66.97856,10.57981]]}},{"type":"Feature","properties":{"name":null,"waterway":"stream"},"geometry":{"type":"LineString","coordinates":[[-67.10382,10.56792],[-67.10346,10.56814],[-67.10328,10.56853],[-67.10337,10.56887],[-67.10328,10.56906],[-67.10292,10.56909],[-67.10215,10.56915],[-67.10175,10.56928],[-67.10147,10.56939],[-67.10105,10.5692],[-67.10073,10.56903],[-67.09998,10.56925],[-67.09904,10.57003],[-67.09903,10.57071],[-67.09851,10.57113],[-67.09814,10.57105],[-67.09781,10.57055],[-67.09742,10.57079],[-67.09727,10.57127],[-67.09702,10.57173],[-67.09655,10.57218],[-67.09625,10.57247],[-67.0962,10.57276],[-67.09636,10.57328],[-67.09634,10.57367],[-67.09589,10.57384],[-67.09545,10.57426],[-67.095,10.57448],[-67.09442,10.57463],[-67.09419,10.57475],[-67.0941,10.57486],[-67.09413,10.57501],[-67.09418,10.57525],[-67.09426,10.5756],[-67.09435,10.576],[-67.09433,10.57608],[-67.09429,10.57617],[-67.09421,10.57639],[-67.09395,10.57692],[-67.09382,10.57716],[-67.09368,10.57725],[-67.09336,10.5774],[-67.093,10.57755],[-67.09268,10.57778],[-67.09231,10.57818],[-67.09216,10.57847],[-67.09211,10.57879],[-67.09214,10.57918],[-67.09218,10.57927],[-67.09226,10.57949],[-67.09235,10.57968]]}},{"type":"Feature","properties":{"name":null,"waterway":"stream"},"geometry":{"type":"LineString","coordinates":[[-66.92471,10.60326],[-66.92475,10.60332],[-66.92486,10.60352]]}},{"type":"Feature","properties":{"name":null,"waterway":"stream"},"geometry":{"type":"LineString","coordinates":[[-66.92452,10.60299],[-66.92471,10.60326]]}},{"type":"Feature","properties":{"name":null,"waterway":"stream"},"geometry":{"type":"LineString","coordinates":[[-67.0924,10.57976],[-67.09253,10.57996]]}},{"type":"Feature","properties":{"name":null,"waterway":"stream"},"geometry":{"type":"LineString","coordinates":[[-67.09235,10.57968],[-67.09239,10.57973],[-67.0924,10.57976]]}},{"type":"Feature","properties":{"name":null,"waterway":"stream"},"geometry":{"type":"LineString","coordinates":[[-66.90344,10.6039],[-66.90373,10.6052]]}},{"type":"Feature","properties":{"name":null,"waterway":"stream"},"geometry":{"type":"LineString","coordinates":[[-66.90319,10.60286],[-66.90344,10.6039]]}},{"type":"Feature","properties":{"name":null,"waterway":"stream"},"geometry":{"type":"LineString","coordinates":[[-66.90316,10.60276],[-66.90319,10.60286]]}},{"type":"Feature","properties":{"name":null,"waterway":"stream"},"geometry":{"type":"LineString","coordinates":[[-66.93213,10.60288],[-66.93232,10.60332]]}},{"type":"Feature","properties":{"name":null,"waterway":"stream"},"geometry":{"type":"LineString","coordinates":[[-66.93197,10.60252],[-66.93213,10.60288]]}},{"type":"Feature","properties":{"name":null,"waterway":"river"},"geometry":{"type":"LineString","coordinates":[[-66.52285,10.60161],[-66.52242,10.60211],[-66.52237,10.6028],[-66.52251,10.60355]]}},{"type":"Feature","properties":{"name":"R\u00edo Camur\u00ed Grande","waterway":"river"},"geometry":{"type":"LineString","coordinates":[[-66.71653,10.62633],[-66.71653,10.62645]]}},{"type":"Feature","properties":{"name":"R\u00edo Camur\u00ed Grande","waterway":"river"},"geometry":{"type":"LineString","coordinates":[[-66.71652,10.62624],[-66.71653,10.62633]]}},{"type":"Feature","properties":{"name":"R\u00edo Piedra Azul","waterway":"river"},"geometry":{"type":"LineString","coordinates":[[-66.95454,10.58598],[-66.9547,10.58641],[-66.95472,10.58692]]}},{"type":"Feature","properties":{"name":"R\u00edo Piedra Azul","waterway":"river"},"geometry":{"type":"LineString","coordinates":[[-66.95472,10.58692],[-66.95473,10.58703]]}},{"type":"Feature","properties":{"name":null,"waterway":"river"},"geometry":{"type":"LineString","coordinates":[[-66.80191,10.60555],[-66.80193,10.60562],[-66.80196,10.60567],[-66.80204,10.60576],[-66.80211,10.60582],[-66.80216,10.60583],[-66.80227,10.60588],[-66.80232,10.60591],[-66.80235,10.60595],[-66.80238,10.60606],[-66.8024,10.60617],[-66.80243,10.60622],[-66.80247,10.60627],[-66.80251,10.6063],[-66.8026,10.60633],[-66.80265,10.60636],[-66.80269,10.6064],[-66.80272,10.60644],[-66.80273,10.6065],[-66.80273,10.60655],[-66.80274,10.60661],[-66.80276,10.60666],[-66.80279,10.60671],[-66.80286,10.6068],[-66.80296,10.607],[-66.80299,10.60705],[-66.80302,10.6071],[-66.80306,10.60714],[-66.80311,10.60717],[-66.80319,10.60725],[-66.80324,10.60728],[-66.80329,10.60731],[-66.80333,10.60734],[-66.80336,10.60739],[-66.8034,10.60744],[-66.80343,10.60748],[-66.80358,10.60766],[-66.80362,10.6077],[-66.80366,10.60775],[-66.80368,10.6078],[-66.80369,10.60785],[-66.80369,10.6079],[-66.80367,10.60796],[-66.80367,10.60801],[-66.80368,10.60807],[-66.80374,10.60819],[-66.8038,10.60829],[-66.80382,10.60835],[-66.80382,10.6084],[-66.80384,10.60845],[-66.80386,10.60851],[-66.80387,10.60856],[-66.80387,10.60862],[-66.80385,10.60868],[-66.80382,10.60873],[-66.80371,10.60886],[-66.80367,10.6089],[-66.80363,10.60897],[-66.80359,10.60902],[-66.80356,10.60907],[-66.80353,10.60927],[-66.8035,10.60935],[-66.80332,10.60969],[-66.803,10.6103],[-66.80278,10.61081],[-66.80269,10.61105],[-66.80263,10.6112]]}},{"type":"Feature","properties":{"name":null,"waterway":"stream"},"geometry":{"type":"LineString","coordinates":[[-66.79926,10.59469],[-66.79927,10.5948],[-66.79933,10.5949],[-66.79941,10.59498],[-66.79947,10.59508],[-66.79951,10.59518],[-66.79951,10.59529],[-66.79951,10.59552],[-66.79951,10.59563],[-66.79948,10.59574],[-66.79946,10.59591],[-66.79941,10.59614],[-66.7994,10.59625],[-66.7994,10.59646],[-66.79938,10.59656],[-66.79937,10.59668],[-66.79937,10.59679],[-66.79946,10.597],[-66.79949,10.59726],[-66.79951,10.59748],[-66.79954,10.5976],[-66.79958,10.59771],[-66.79963,10.59781],[-66.79969,10.5979],[-66.7997,10.59801],[-66.7997,10.59824],[-66.79973,10.59835],[-66.79977,10.59846],[-66.79992,10.59875],[-66.79994,10.59886],[-66.79994,10.59897],[-66.79993,10.59907],[-66.79994,10.59919],[-66.79998,10.59931],[-66.8,10.59942],[-66.8,10.59975],[-66.79999,10.59994],[-66.79991,10.60026],[-66.79988,10.60037],[-66.79986,10.60047],[-66.79986,10.60058],[-66.79991,10.60068],[-66.79999,10.60077],[-66.80006,10.60087],[-66.80012,10.60096],[-66.80018,10.60107],[-66.80028,10.60114],[-66.80035,10.60122],[-66.80042,10.60132],[-66.8005,10.60139],[-66.80056,10.6015],[-66.80059,10.60162],[-66.80061,10.60172],[-66.80062,10.60183],[-66.80065,10.60194],[-66.80065,10.60204],[-66.80065,10.60234],[-66.80065,10.60257],[-66.80067,10.60263],[-66.80072,10.60267],[-66.80077,10.6027],[-66.80082,10.60272],[-66.80099,10.60281],[-66.80104,10.60284],[-66.80107,10.60289],[-66.8011,10.60294],[-66.80112,10.60305],[-66.80115,10.6031],[-66.80121,10.60312],[-66.80126,10.60313],[-66.80138,10.60313],[-66.80144,10.60314],[-66.80149,10.60317],[-66.80152,10.60322],[-66.80154,10.60327],[-66.80155,10.60333],[-66.80158,10.60337],[-66.80161,10.60342],[-66.80162,10.60347],[-66.80162,10.60354],[-66.80162,10.6037],[-66.80163,10.60376],[-66.80167,10.60389],[-66.80171,10.60402],[-66.80174,10.60407],[-66.80175,10.60418],[-66.80176,10.60423],[-66.80178,10.60429],[-66.80181,10.60434],[-66.80185,10.60437],[-66.8019,10.60441],[-66.80194,10.60446],[-66.80195,10.60451],[-66.80196,10.60456],[-66.80194,10.60462],[-66.80189,10.60471],[-66.80185,10.60481],[-66.80183,10.60486],[-66.8018,10.60499],[-66.80179,10.60504],[-66.80179,10.6051],[-66.8018,10.60515],[-66.80184,10.6052],[-66.80189,10.60529],[-66.8019,10.60535],[-66.8019,10.6054],[-66.80191,10.60555]]}},{"type":"Feature","properties":{"name":"Quebrada Camur\u00ed Chico","waterway":"river"},"geometry":{"type":"LineString","coordinates":[[-66.86588,10.58742],[-66.86578,10.58752],[-66.86569,10.58765],[-66.86558,10.58786],[-66.86548,10.58805],[-66.86539,10.58814],[-66.86534,10.58818],[-66.86527,10.5882],[-66.86515,10.58821],[-66.86504,10.58823],[-66.86484,10.58829],[-66.86476,10.58834],[-66.86468,10.58843],[-66.8646,10.58852],[-66.86451,10.58864],[-66.86447,10.58876],[-66.86444,10.58887],[-66.8644,10.58901],[-66.86436,10.58915],[-66.86429,10.58932],[-66.86428,10.58939],[-66.86428,10.58945],[-66.86428,10.58951],[-66.86431,10.5896],[-66.86437,10.58973],[-66.86444,10.58984],[-66.86451,10.58996],[-66.86458,10.5901],[-66.86463,10.59024],[-66.86465,10.59038],[-66.86468,10.59055],[-66.86468,10.59066],[-66.86468,10.59082],[-66.86466,10.591],[-66.86466,10.5911],[-66.86466,10.5912],[-66.86467,10.59156],[-66.86471,10.59208],[-66.86472,10.59222],[-66.8647,10.59231],[-66.86466,10.59239],[-66.8646,10.59243],[-66.86444,10.5925],[-66.86395,10.59263],[-66.86378,10.59264],[-66.86355,10.59263],[-66.86326,10.59261],[-66.86316,10.5926],[-66.86308,10.59262],[-66.86304,10.59264],[-66.86302,10.59271],[-66.86301,10.59278],[-66.86301,10.59286],[-66.86303,10.59299],[-66.86307,10.59309],[-66.86313,10.5932],[-66.8632,10.59331],[-66.86328,10.5934],[-66.86336,10.59348],[-66.8635,10.59361],[-66.86356,10.59368],[-66.86359,10.59375],[-66.86361,10.59383],[-66.86362,10.59392],[-66.86362,10.59399],[-66.8636,10.59414],[-66.86355,10.59481],[-66.86354,10.59506],[-66.86354,10.5952],[-66.86355,10.59535],[-66.86357,10.59563],[-66.86357,10.59578],[-66.86354,10.59591],[-66.86354,10.59604],[-66.86354,10.59613],[-66.86354,10.59621],[-66.86356,10.59631],[-66.8636,10.5964],[-66.8637,10.59657],[-66.86376,10.59666],[-66.86381,10.5967],[-66.86389,10.59674],[-66.86402,10.59678],[-66.86415,10.5968],[-66.86428,10.5968],[-66.86443,10.59681],[-66.86454,10.59684],[-66.86468,10.5969],[-66.86481,10.59698],[-66.86504,10.59719],[-66.86522,10.59735],[-66.86537,10.59755],[-66.86553,10.59775],[-66.86566,10.5979],[-66.86573,10.59796],[-66.8658,10.59801],[-66.86588,10.59805],[-66.86595,10.59806],[-66.86606,10.59807],[-66.86612,10.59806],[-66.86619,10.59804],[-66.86623,10.59802],[-66.86627,10.59799],[-66.86631,10.59794],[-66.86635,10.59787],[-66.86639,10.59785],[-66.86645,10.59782],[-66.86652,10.59781],[-66.86664,10.59781],[-66.86672,10.59781],[-66.86682,10.59783],[-66.86697,10.59789],[-66.86713,10.59798],[-66.86723,10.59805],[-66.86728,10.59811],[-66.86733,10.59819],[-66.86736,10.59828],[-66.86737,10.59837],[-66.86736,10.59846],[-66.86733,10.59865],[-66.86729,10.5988],[-66.86728,10.59891],[-66.86728,10.59901],[-66.8673,10.59909],[-66.86731,10.59918],[-66.86732,10.59927],[-66.86735,10.59937],[-66.86739,10.59946],[-66.86746,10.59955],[-66.8675,10.59961],[-66.86756,10.59976],[-66.86761,10.59988],[-66.86769,10.60017],[-66.86785,10.60058],[-66.86792,10.60087],[-66.86795,10.60104],[-66.86795,10.60122],[-66.86793,10.6014],[-66.86788,10.60173],[-66.86786,10.60194],[-66.86786,10.60209],[-66.86786,10.6022],[-66.86791,10.60241],[-66.86791,10.60258],[-66.86791,10.60269],[-66.86791,10.60284],[-66.86791,10.60314],[-66.86792,10.60336],[-66.86795,10.60355],[-66.868,10.60371],[-66.86808,10.60401],[-66.86813,10.60422],[-66.86818,10.60454],[-66.86823,10.60473],[-66.8683,10.60491]]}},{"type":"Feature","properties":{"name":"Quebrada Camur\u00ed Chico","waterway":"stream"},"geometry":{"type":"LineString","coordinates":[[-66.8637,10.55191],[-66.86398,10.55204],[-66.86408,10.55208],[-66.86429,10.55215],[-66.8644,10.55219],[-66.86452,10.55231],[-66.8646,10.55238],[-66.86465,10.55247],[-66.86472,10.55256],[-66.86481,10.55262],[-66.8649,10.55268],[-66.86495,10.55278],[-66.865,10.55287],[-66.86512,10.55317],[-66.86519,10.55339],[-66.86522,10.55354],[-66.86527,10.55364],[-66.8653,10.55376],[-66.86533,10.55387],[-66.86535,10.55397],[-66.86537,10.55408],[-66.86538,10.55443],[-66.8654,10.55454],[-66.86541,10.55467],[-66.86541,10.55478],[-66.86544,10.55502],[-66.86549,10.55524],[-66.86554,10.55548],[-66.86558,10.55558],[-66.86563,10.55569],[-66.86569,10.55578],[-66.86575,10.55587],[-66.86587,10.55607],[-66.86594,10.55616],[-66.86606,10.55629],[-66.86613,10.55638],[-66.86621,10.55647],[-66.86627,10.55656],[-66.86633,10.55666],[-66.86642,10.55687],[-66.86647,10.55697],[-66.86653,10.55706],[-66.8666,10.55715],[-66.86677,10.55732],[-66.86684,10.55742],[-66.86693,10.55753],[-66.867,10.55762],[-66.86718,10.5578],[-66.86726,10.5579],[-66.86735,10.55797],[-66.86744,10.55805],[-66.86754,10.55811],[-66.86764,10.55817],[-66.86774,10.55824],[-66.86784,10.5583],[-66.86798,10.55839],[-66.86806,10.55846],[-66.8681,10.5585],[-66.86814,10.55854],[-66.86818,10.55858],[-66.86822,10.55863],[-66.86824,10.55868],[-66.86825,10.55873],[-66.86825,10.55889],[-66.86826,10.55895],[-66.86827,10.559],[-66.86827,10.55906],[-66.86826,10.55911],[-66.86823,10.55916],[-66.86819,10.5592],[-66.86808,10.55924],[-66.86799,10.55929],[-66.8679,10.55935],[-66.86786,10.55939],[-66.86782,10.55943],[-66.8678,10.55948],[-66.86779,10.55953],[-66.86778,10.55959],[-66.86778,10.5597],[-66.86777,10.55981],[-66.86777,10.56003],[-66.86778,10.56012],[-66.86779,10.56017],[-66.86779,10.56023],[-66.86779,10.56034],[-66.86779,10.56039],[-66.86778,10.56045],[-66.86776,10.5605],[-66.86774,10.56055],[-66.86772,10.5606],[-66.86765,10.56077],[-66.86762,10.56082],[-66.86761,10.56088],[-66.86761,10.56099],[-66.86761,10.56105],[-66.86759,10.56111],[-66.86756,10.56116],[-66.86753,10.5612],[-66.86747,10.5613],[-66.86744,10.56135],[-66.86743,10.5614],[-66.86741,10.56146],[-66.86741,10.56157],[-66.8674,10.56163],[-66.86736,10.56167],[-66.86731,10.56176],[-66.86727,10.56181],[-66.86725,10.56186],[-66.86723,10.56191],[-66.86721,10.56202],[-66.86719,10.56207],[-66.86715,10.56211],[-66.86711,10.56215],[-66.86706,10.56218],[-66.86703,10.56223],[-66.86699,10.56227],[-66.8669,10.56235],[-66.86681,10.56246],[-66.8667,10.56264],[-66.86668,10.56269],[-66.86668,10.56272],[-66.86668,10.56277],[-66.86668,10.56281],[-66.86669,10.56285],[-66.8667,10.56291],[-66.8667,10.56296],[-66.8667,10.56303],[-66.8667,10.5631],[-66.8667,10.56322],[-66.86669,10.56332],[-66.8667,10.5634],[-66.86672,10.56347],[-66.86675,10.56355],[-66.86678,10.56364],[-66.86679,10.56369],[-66.86679,10.56375],[-66.86678,10.56381],[-66.86675,10.56384],[-66.86671,10.56388],[-66.86667,10.56391],[-66.86665,10.56393],[-66.8666,10.56403],[-66.86658,10.56412],[-66.86656,10.5642],[-66.86656,10.56429],[-66.86656,10.56439],[-66.86656,10.56445],[-66.86659,10.56453],[-66.86662,10.56459],[-66.86668,10.56475],[-66.86671,10.56483],[-66.86672,10.5649],[-66.86673,10.56498],[-66.86671,10.56505],[-66.86671,10.56511],[-66.86671,10.56517],[-66.86671,10.56522],[-66.86672,10.56529],[-66.86672,10.56535],[-66.86671,10.56542],[-66.86667,10.56551],[-66.86659,10.56566],[-66.86655,10.56572],[-66.86653,10.56579],[-66.86651,10.56585],[-66.86648,10.5659],[-66.86642,10.56595],[-66.86635,10.56599],[-66.86632,10.56602],[-66.8663,10.56606],[-66.86629,10.56609],[-66.86629,10.5661],[-66.8663,10.56613],[-66.86632,10.56615],[-66.86634,10.56617],[-66.86643,10.56619],[-66.8665,10.56622],[-66.86655,10.56624],[-66.8666,10.56628],[-66.86664,10.56633],[-66.86667,10.56639],[-66.8667,10.56645],[-66.86672,10.56653],[-66.86673,10.56661],[-66.86673,10.56668],[-66.86673,10.56673],[-66.86665,10.56707],[-66.86658,10.56732],[-66.86649,10.56764],[-66.86648,10.56779],[-66.86648,10.56789],[-66.86649,10.56796],[-66.86651,10.56801],[-66.86653,10.56805],[-66.86658,10.56809],[-66.86668,10.56814],[-66.8669,10.56824],[-66.86697,10.56827],[-66.86702,10.56832],[-66.86707,10.5684],[-66.86709,10.56847],[-66.86711,10.56858],[-66.8671,10.56866],[-66.86708,10.56874],[-66.86702,10.56889],[-66.86697,10.56899],[-66.86694,10.56908],[-66.86693,10.56917],[-66.86693,10.56927],[-66.86694,10.5694],[-66.86695,10.56954],[-66.86697,10.56963],[-66.86701,10.5697],[-66.86705,10.56977],[-66.86714,10.56987],[-66.86719,10.56997],[-66.86723,10.57006],[-66.86726,10.57013],[-66.86727,10.57022],[-66.86727,10.57031],[-66.86727,10.57036],[-66.86727,10.57041],[-66.86728,10.57046],[-66.8673,10.5705],[-66.86732,10.57055],[-66.86733,10.5706],[-66.86733,10.57067],[-66.86732,10.57076],[-66.86729,10.57082],[-66.86721,10.57097],[-66.86714,10.57105],[-66.86708,10.5711],[-66.867,10.57115],[-66.86694,10.5712],[-66.8669,10.57126],[-66.86686,10.57132],[-66.86682,10.57138],[-66.86677,10.57144],[-66.86663,10.57164],[-66.86656,10.57173],[-66.86649,10.57179],[-66.8664,10.57186],[-66.86634,10.57193],[-66.86629,10.57199],[-66.86623,10.57207],[-66.86616,10.57216],[-66.86608,10.57223],[-66.866,10.5723],[-66.86595,10.57236],[-66.86593,10.57241],[-66.86592,10.57246],[-66.86592,10.57253],[-66.86592,10.57261],[-66.86594,10.5727],[-66.86596,10.57277],[-66.86596,10.57283],[-66.86595,10.57291],[-66.86592,10.57299],[-66.86585,10.57309],[-66.86581,10.57314],[-66.86578,10.5732],[-66.86578,10.57326],[-66.86579,10.57335],[-66.86582,10.57343],[-66.86588,10.5736],[-66.86594,10.57377],[-66.86597,10.57392],[-66.86598,10.57402],[-66.86598,10.5741],[-66.86598,10.5742],[-66.86598,10.57443],[-66.86599,10.57456],[-66.86601,10.57464],[-66.86604,10.5747],[-66.86608,10.57477],[-66.86609,10.57485],[-66.86609,10.57493],[-66.86609,10.57503],[-66.8661,10.57512],[-66.86613,10.57519],[-66.86617,10.57527],[-66.86621,10.57535],[-66.86623,10.57544],[-66.86624,10.57556],[-66.86624,10.57566],[-66.86624,10.57579],[-66.86619,10.57599],[-66.86613,10.57614],[-66.86607,10.57624],[-66.86599,10.57631],[-66.86589,10.57636],[-66.86581,10.57637],[-66.86564,10.57639],[-66.86554,10.57643],[-66.86548,10.57649],[-66.86544,10.57655],[-66.8654,10.57667],[-66.86539,10.57676],[-66.86538,10.57685],[-66.86536,10.57692],[-66.8653,10.57715],[-66.86529,10.5773],[-66.86529,10.57744],[-66.86532,10.57787],[-66.86534,10.57799],[-66.86536,10.5781],[-66.86539,10.57819],[-66.86543,10.57827],[-66.8655,10.57837],[-66.86556,10.57847],[-66.86562,10.57856],[-66.86569,10.57868],[-66.86573,10.57873],[-66.86576,10.57879],[-66.86578,10.57883],[-66.86578,10.57888],[-66.86575,10.57892],[-66.8657,10.57896],[-66.86564,10.57899],[-66.86558,10.57903],[-66.8655,10.57909],[-66.86545,10.57916],[-66.86541,10.57923],[-66.86539,10.57936],[-66.86541,10.57943],[-66.86544,10.57953],[-66.86547,10.57962],[-66.86552,10.57971],[-66.86558,10.57979],[-66.86567,10.57984],[-66.86581,10.57988],[-66.8659,10.5799],[-66.86598,10.57994],[-66.86606,10.57999],[-66.86608,10.58004],[-66.86609,10.58011],[-66.86608,10.5802],[-66.86608,10.58027],[-66.86608,10.58033],[-66.86611,10.58041],[-66.86614,10.58046],[-66.86621,10.58054],[-66.8663,10.58064],[-66.86638,10.58074],[-66.86644,10.58084],[-66.86652,10.58096],[-66.86655,10.58106],[-66.86655,10.58113],[-66.86653,10.5812],[-66.86649,10.58129],[-66.86642,10.58141],[-66.86597,10.58192],[-66.86588,10.58203],[-66.86584,10.58211],[-66.86582,10.58219],[-66.86582,10.58227],[-66.86587,10.5824],[-66.86592,10.5825],[-66.86598,10.58263],[-66.86605,10.58288],[-66.86608,10.58301],[-66.86607,10.5831],[-66.86603,10.58316],[-66.86596,10.58323],[-66.86591,10.5833],[-66.86586,10.5834],[-66.86583,10.58358],[-66.86579,10.58375],[-66.86575,10.58386],[-66.86573,10.58398],[-66.86571,10.58409],[-66.86571,10.58423],[-66.86572,10.5843],[-66.86576,10.58438],[-66.86581,10.58445],[-66.86588,10.58449],[-66.86598,10.58458],[-66.86604,10.58467],[-66.86608,10.58476],[-66.86611,10.58486],[-66.8661,10.58496],[-66.86606,10.58505],[-66.86599,10.58512],[-66.86587,10.58523],[-66.8658,10.5853],[-66.86573,10.58542],[-66.86571,10.58551],[-66.8657,10.58559],[-66.86571,10.58569],[-66.86577,10.58578],[-66.86585,10.58584],[-66.86598,10.58588],[-66.86611,10.58592],[-66.8663,10.586],[-66.86639,10.58603],[-66.86648,10.58607],[-66.86656,10.58611],[-66.86668,10.58618],[-66.86679,10.58626],[-66.86691,10.58635],[-66.86697,10.58644],[-66.86699,10.58654],[-66.86699,10.58663],[-66.86695,10.58669],[-66.86691,10.58672],[-66.86686,10.58674],[-66.86679,10.58674],[-66.8667,10.58672],[-66.86661,10.58671],[-66.86653,10.58671],[-66.86647,10.58671],[-66.86641,10.58673],[-66.86638,10.58676],[-66.86637,10.5868],[-66.86636,10.58686],[-66.86637,10.58692],[-66.86642,10.58703],[-66.86643,10.5871],[-66.86642,10.58716],[-66.86639,10.58722],[-66.86634,10.58727],[-66.86626,10.58729],[-66.86618,10.5873],[-66.86608,10.58733],[-66.866,10.58735],[-66.86595,10.58738],[-66.86588,10.58742]]}},{"type":"Feature","properties":{"name":null,"waterway":"stream"},"geometry":{"type":"LineString","coordinates":[[-66.91496,10.59317],[-66.91491,10.5932],[-66.9148,10.59325],[-66.91475,10.59327],[-66.91469,10.59328],[-66.91463,10.5933],[-66.91457,10.59331],[-66.91452,10.59333],[-66.91446,10.59336],[-66.91436,10.59342],[-66.91432,10.59346],[-66.9143,10.59352],[-66.91426,10.59357],[-66.91423,10.59362],[-66.91418,10.59364],[-66.91412,10.59366],[-66.91405,10.59367],[-66.91399,10.59366],[-66.91393,10.59364],[-66.91388,10.59361],[-66.91385,10.59356],[-66.91378,10.59346],[-66.91375,10.59341],[-66.91371,10.59336],[-66.91366,10.59333],[-66.9136,10.59332],[-66.91354,10.59332],[-66.91348,10.59333],[-66.91337,10.59335],[-66.91326,10.59335],[-66.9132,10.59336],[-66.91308,10.59336],[-66.91302,10.59335],[-66.91296,10.59334]]}},{"type":"Feature","properties":{"name":null,"waterway":"stream"},"geometry":{"type":"LineString","coordinates":[[-66.91328,10.56825],[-66.91334,10.56834],[-66.91336,10.56846],[-66.91337,10.56857],[-66.91341,10.56869],[-66.91341,10.56891],[-66.91339,10.56901],[-66.91329,10.56921],[-66.91323,10.56935],[-66.9132,10.56945],[-66.91317,10.56956],[-66.91316,10.56967],[-66.91314,10.56977],[-66.91308,10.56997],[-66.91304,10.5702],[-66.91303,10.5703],[-66.91303,10.57043],[-66.91307,10.57064],[-66.91316,10.57083],[-66.91324,10.57106],[-66.91328,10.57116],[-66.91332,10.57126],[-66.91337,10.57137],[-66.9134,10.57147],[-66.91342,10.57158],[-66.91342,10.57215],[-66.91343,10.57226],[-66.91344,10.57234],[-66.91347,10.57245],[-66.9135,10.57255],[-66.91353,10.57266],[-66.91355,10.57277],[-66.91357,10.57288],[-66.9136,10.57311],[-66.91364,10.57333],[-66.91364,10.57345],[-66.91364,10.57355],[-66.91359,10.57365],[-66.91354,10.57374],[-66.9135,10.57384],[-66.9135,10.57395],[-66.91353,10.57406],[-66.91355,10.57416],[-66.91356,10.57427],[-66.9136,10.57449],[-66.91362,10.5746],[-66.91369,10.57484],[-66.91373,10.57495],[-66.91378,10.57507],[-66.91382,10.57517],[-66.91388,10.57528],[-66.91393,10.57537],[-66.91398,10.57547],[-66.91404,10.5758],[-66.91407,10.57591],[-66.91411,10.57606],[-66.91416,10.57616],[-66.91422,10.57627],[-66.91428,10.57636],[-66.91434,10.57646],[-66.91442,10.57654],[-66.91452,10.5766],[-66.91461,10.57667],[-66.91466,10.57678],[-66.9147,10.57689],[-66.91471,10.57699],[-66.91471,10.5771],[-66.91474,10.57722],[-66.9148,10.57731],[-66.91485,10.5774],[-66.91486,10.57744],[-66.91488,10.57755],[-66.91488,10.57768],[-66.91487,10.57778],[-66.91484,10.57789],[-66.91482,10.578],[-66.91482,10.5781],[-66.91479,10.57821],[-66.91475,10.57831],[-66.91471,10.57841],[-66.91467,10.57853],[-66.91465,10.57864],[-66.91465,10.57875],[-66.91467,10.57885],[-66.91472,10.57895],[-66.91483,10.57919],[-66.91487,10.5793],[-66.91487,10.57941],[-66.91486,10.57952],[-66.91483,10.57962],[-66.91477,10.57972],[-66.91473,10.57983],[-66.91469,10.57992],[-66.91461,10.58012],[-66.91459,10.58024],[-66.91456,10.58035],[-66.91453,10.58046],[-66.91448,10.58055],[-66.91444,10.58066],[-66.91439,10.58081],[-66.91434,10.58092],[-66.9143,10.58103],[-66.91422,10.58111],[-66.91413,10.58118],[-66.91403,10.58124],[-66.91394,10.58128],[-66.91384,10.58129],[-66.91372,10.58129],[-66.91361,10.58131],[-66.91351,10.58135],[-66.91343,10.58143],[-66.91336,10.5815],[-66.91328,10.58158],[-66.91325,10.58168],[-66.91326,10.58179],[-66.9133,10.58188],[-66.91336,10.58198],[-66.9134,10.58208],[-66.9134,10.5822],[-66.91337,10.58231],[-66.9132,10.58245],[-66.91311,10.5825],[-66.9129,10.58267],[-66.91279,10.58274],[-66.91269,10.58281],[-66.91261,10.58288],[-66.91252,10.58294],[-66.91244,10.58302],[-66.91237,10.58311],[-66.91226,10.58331],[-66.91224,10.58336],[-66.91216,10.5835],[-66.91212,10.58355],[-66.91208,10.58359],[-66.912,10.58365],[-66.91194,10.58366],[-66.91184,10.58366],[-66.91179,10.58364],[-66.91175,10.5836],[-66.9117,10.58356],[-66.91168,10.58352],[-66.91164,10.58343],[-66.91161,10.58338],[-66.91159,10.58333],[-66.91154,10.58329],[-66.91149,10.58327],[-66.9114,10.58324],[-66.91134,10.58324],[-66.91128,10.58325],[-66.91122,10.58326],[-66.91116,10.58327],[-66.9111,10.58326],[-66.91105,10.58326],[-66.91099,10.58324],[-66.91093,10.58324],[-66.91087,10.58324],[-66.91082,10.58326],[-66.91077,10.58328],[-66.91073,10.58332],[-66.9107,10.58337],[-66.91069,10.58342],[-66.91069,10.58348],[-66.91071,10.58355],[-66.91074,10.58361],[-66.91076,10.58366],[-66.91079,10.58382],[-66.91081,10.58389],[-66.91081,10.58394],[-66.91081,10.58413],[-66.9108,10.58423],[-66.9108,10.58435],[-66.91082,10.58442],[-66.91085,10.58448],[-66.9109,10.58458],[-66.91092,10.58461],[-66.91104,10.58472],[-66.91107,10.58477],[-66.9111,10.58483],[-66.91113,10.58487],[-66.91117,10.58492],[-66.91122,10.58494],[-66.91141,10.58497],[-66.91148,10.58498],[-66.91154,10.585],[-66.91168,10.58503],[-66.91174,10.58505],[-66.91182,10.58508],[-66.91188,10.58509],[-66.91196,10.58511],[-66.91201,10.58513],[-66.91207,10.58516],[-66.91216,10.58522],[-66.91222,10.58527],[-66.91225,10.58532],[-66.91229,10.58537],[-66.91234,10.5854],[-66.91238,10.58545],[-66.91241,10.5855],[-66.91245,10.58564],[-66.91248,10.5857],[-66.91256,10.58592],[-66.91257,10.58604],[-66.91257,10.58627],[-66.91259,10.58638],[-66.91263,10.58648],[-66.9127,10.58658],[-66.9128,10.58664],[-66.91288,10.58672],[-66.91294,10.58681],[-66.91297,10.58693],[-66.91297,10.58704],[-66.91296,10.58714],[-66.91293,10.58725],[-66.91291,10.58736],[-66.91285,10.5876],[-66.91282,10.58766],[-66.9128,10.58772],[-66.91279,10.58777],[-66.91278,10.58783],[-66.91277,10.58789],[-66.91277,10.58795],[-66.91277,10.58801],[-66.9128,10.58806],[-66.91291,10.5881],[-66.91304,10.58813],[-66.91309,10.58815],[-66.91314,10.58818],[-66.91325,10.58824],[-66.91329,10.58829],[-66.91332,10.58835],[-66.91332,10.5884],[-66.91332,10.58846],[-66.9133,10.58852],[-66.91327,10.58863],[-66.91326,10.58868],[-66.91326,10.58874],[-66.91326,10.5888],[-66.91322,10.58885],[-66.91316,10.58888],[-66.9131,10.58889],[-66.91304,10.58889],[-66.91298,10.5889],[-66.91293,10.58892],[-66.91288,10.58896],[-66.91285,10.58901],[-66.91283,10.58905],[-66.91282,10.58911],[-66.91283,10.58916],[-66.91285,10.58921],[-66.91289,10.58926],[-66.91293,10.58929],[-66.91299,10.5893],[-66.91311,10.58929],[-66.91317,10.5893],[-66.91322,10.58933],[-66.91325,10.58938],[-66.91326,10.58944],[-66.91326,10.58949],[-66.91326,10.58955],[-66.91325,10.5896],[-66.91324,10.58965],[-66.91324,10.58976],[-66.91323,10.58988],[-66.91322,10.58994],[-66.91322,10.59006],[-66.91322,10.59011],[-66.91324,10.59016],[-66.91325,10.59022],[-66.91327,10.59028],[-66.91329,10.59033],[-66.9133,10.59038],[-66.91334,10.59051],[-66.91337,10.59055],[-66.91337,10.59061],[-66.91337,10.59077],[-66.91338,10.59088],[-66.91339,10.59094],[-66.9134,10.59105],[-66.9134,10.59111],[-66.91341,10.59117],[-66.91343,10.59122],[-66.91354,10.59137],[-66.91358,10.59141],[-66.91363,10.59144],[-66.91368,10.59147],[-66.91381,10.59147],[-66.91387,10.59145],[-66.91393,10.59142],[-66.91397,10.59139],[-66.91403,10.59135],[-66.91408,10.59133],[-66.91415,10.59133],[-66.91421,10.59134],[-66.91426,10.59137],[-66.91429,10.59142],[-66.91431,10.59147],[-66.91431,10.59153],[-66.91433,10.59164],[-66.91434,10.59176],[-66.91432,10.59181],[-66.91431,10.59187],[-66.91431,10.59192],[-66.91431,10.59198],[-66.91432,10.59205],[-66.91434,10.59213],[-66.9144,10.59222],[-66.91445,10.59228],[-66.91455,10.59237],[-66.91463,10.59246],[-66.91467,10.59254],[-66.91473,10.59264],[-66.91474,10.59276],[-66.91475,10.59285],[-66.91476,10.59294],[-66.91481,10.59303],[-66.91489,10.5931],[-66.91496,10.59317]]}},{"type":"Feature","properties":{"name":null,"waterway":"stream"},"geometry":{"type":"LineString","coordinates":[[-66.91265,10.59425],[-66.91268,10.59428],[-66.91273,10.59437],[-66.91276,10.59445],[-66.91278,10.59453],[-66.91281,10.59467],[-66.91281,10.59483],[-66.91279,10.59501],[-66.91278,10.59511],[-66.91275,10.59526],[-66.91271,10.59537],[-66.91269,10.59557],[-66.91269,10.59563],[-66.91265,10.59582],[-66.91264,10.59587],[-66.91264,10.59599],[-66.91266,10.59605],[-66.91267,10.59611],[-66.91267,10.59634],[-66.91268,10.59646],[-66.91269,10.59651],[-66.91269,10.59675],[-66.91269,10.59681],[-66.91268,10.59687],[-66.91268,10.59705],[-66.91269,10.59711],[-66.91271,10.59717],[-66.91275,10.59728],[-66.91283,10.59744],[-66.91286,10.5975],[-66.91287,10.59756],[-66.91288,10.59761],[-66.91288,10.59767],[-66.91288,10.59784],[-66.91289,10.59796],[-66.91289,10.59801],[-66.91289,10.59806],[-66.91289,10.59813],[-66.91288,10.59818],[-66.91282,10.59831],[-66.9128,10.59836],[-66.91278,10.59841],[-66.91278,10.59846],[-66.91278,10.59857],[-66.91277,10.59863],[-66.91272,10.59872],[-66.9127,10.59877],[-66.91266,10.59881],[-66.91257,10.59895],[-66.91255,10.599],[-66.91255,10.59916],[-66.91256,10.59921],[-66.91256,10.59927],[-66.91255,10.59932],[-66.9125,10.59954],[-66.91245,10.59963],[-66.91243,10.59969],[-66.91241,10.59974],[-66.9124,10.5998],[-66.9124,10.59986],[-66.9124,10.59997],[-66.91237,10.60013],[-66.91233,10.60029],[-66.91233,10.60035],[-66.91233,10.60056],[-66.91234,10.60061],[-66.91236,10.60066],[-66.91241,10.60077],[-66.91242,10.6008],[-66.91245,10.60085],[-66.91247,10.6009],[-66.91247,10.60096],[-66.91247,10.60101],[-66.91247,10.60106],[-66.91245,10.60111],[-66.91243,10.60117],[-66.91241,10.60122],[-66.91241,10.60133],[-66.91241,10.60139],[-66.9124,10.60145],[-66.91238,10.60149],[-66.91235,10.60156],[-66.91227,10.6017],[-66.91225,10.60176],[-66.91225,10.60187],[-66.91226,10.60193],[-66.91226,10.60198],[-66.91225,10.60203],[-66.91225,10.60214],[-66.91224,10.6022],[-66.91219,10.6023],[-66.91212,10.6024],[-66.91209,10.60244],[-66.91207,10.60249],[-66.91206,10.60254],[-66.91206,10.60276],[-66.91205,10.60282],[-66.91201,10.60286],[-66.91197,10.6029],[-66.91189,10.60298],[-66.91185,10.60302],[-66.9118,10.60306],[-66.91177,10.6031],[-66.91174,10.60315]]}},{"type":"Feature","properties":{"name":null,"waterway":"stream"},"geometry":{"type":"LineString","coordinates":[[-66.96277,10.60127],[-66.96262,10.60157]]}},{"type":"Feature","properties":{"name":null,"waterway":"stream"},"geometry":{"type":"LineString","coordinates":[[-66.96286,10.60078],[-66.96277,10.60127]]}},{"type":"Feature","properties":{"name":null,"waterway":"stream"},"geometry":{"type":"LineString","coordinates":[[-66.96312,10.59924],[-66.96312,10.59925],[-66.9631,10.59957],[-66.96308,10.59977],[-66.96305,10.59993],[-66.96299,10.60017],[-66.96292,10.6005],[-66.96286,10.60078]]}},{"type":"Feature","properties":{"name":null,"waterway":"stream"},"geometry":{"type":"LineString","coordinates":[[-66.96319,10.59904],[-66.96312,10.59924]]}},{"type":"Feature","properties":{"name":null,"waterway":"stream"},"geometry":{"type":"LineString","coordinates":[[-66.96309,10.5976],[-66.96319,10.59774],[-66.96321,10.59784],[-66.96322,10.59791],[-66.96323,10.59799],[-66.96323,10.59813],[-66.96322,10.59826],[-66.96323,10.59836],[-66.96325,10.59855],[-66.96325,10.59861],[-66.96324,10.59869],[-66.96324,10.59877],[-66.96319,10.59904]]}},{"type":"Feature","properties":{"name":null,"waterway":"stream"},"geometry":{"type":"LineString","coordinates":[[-66.96567,10.58879],[-66.96567,10.58892],[-66.96567,10.58907],[-66.96567,10.58927],[-66.96567,10.58947],[-66.96564,10.5897],[-66.96562,10.58994],[-66.96553,10.5902],[-66.9654,10.59053],[-66.96534,10.59072],[-66.9653,10.59091],[-66.96527,10.59109],[-66.96524,10.59123],[-66.96519,10.59133],[-66.96507,10.59151],[-66.96496,10.59161],[-66.96482,10.5917],[-66.96467,10.59179]]}},{"type":"Feature","properties":{"name":null,"waterway":"stream"},"geometry":{"type":"LineString","coordinates":[[-66.96467,10.59179],[-66.96449,10.59207],[-66.96445,10.59212],[-66.96439,10.59222],[-66.96439,10.59227],[-66.96439,10.59233],[-66.96439,10.59239],[-66.96443,10.5925],[-66.96444,10.59255],[-66.96444,10.59261],[-66.96443,10.59267],[-66.96442,10.59272],[-66.96441,10.59278],[-66.96441,10.59306],[-66.96439,10.59322],[-66.96439,10.59345],[-66.96441,10.59357],[-66.96443,10.59369],[-66.96444,10.59375],[-66.96446,10.59381],[-66.96448,10.59392],[-66.96449,10.59398],[-66.96449,10.59403],[-66.96448,10.59409],[-66.96444,10.59414],[-66.96437,10.59423],[-66.96435,10.59429],[-66.96435,10.59439],[-66.96436,10.59444],[-66.96437,10.5945],[-66.96439,10.59459],[-66.96438,10.59473],[-66.96437,10.59482],[-66.96434,10.59489],[-66.96429,10.59497],[-66.96419,10.59506],[-66.9641,10.59514],[-66.96402,10.59521],[-66.96397,10.59528],[-66.96395,10.59535],[-66.96395,10.59543],[-66.96394,10.59553],[-66.96392,10.59564],[-66.96388,10.59574],[-66.9638,10.59588],[-66.96367,10.59613],[-66.96362,10.59622],[-66.96359,10.59629]]}},{"type":"Feature","properties":{"name":null,"waterway":"stream"},"geometry":{"type":"LineString","coordinates":[[-66.96733,10.57065],[-66.96737,10.57055],[-66.96745,10.57035],[-66.96753,10.57009],[-66.96762,10.56981],[-66.96767,10.56971],[-66.96776,10.5695],[-66.96779,10.5694],[-66.96782,10.56929],[-66.96786,10.56919],[-66.96798,10.569],[-66.96803,10.56891],[-66.96807,10.5688],[-66.96811,10.56857],[-66.96814,10.56847],[-66.96824,10.56841],[-66.96834,10.56835],[-66.96845,10.56831],[-66.96856,10.56827],[-66.96866,10.56822],[-66.96876,10.56816],[-66.96903,10.56796],[-66.96913,10.56789],[-66.96923,10.5678]]}},{"type":"Feature","properties":{"name":null,"waterway":"stream"},"geometry":{"type":"LineString","coordinates":[[-66.96689,10.55919],[-66.96693,10.55929],[-66.96693,10.55964],[-66.96694,10.55976],[-66.96696,10.55988],[-66.96699,10.55998],[-66.96703,10.56008],[-66.96709,10.56018],[-66.96717,10.56027],[-66.96722,10.56037],[-66.96724,10.56047],[-66.96725,10.56058],[-66.96725,10.56069],[-66.96726,10.56081],[-66.9673,10.56092],[-66.96738,10.56101],[-66.96748,10.56106],[-66.96759,10.5611],[-66.96769,10.56113],[-66.9678,10.5612],[-66.96789,10.56127],[-66.96797,10.56136],[-66.96809,10.56154],[-66.96825,10.56182],[-66.96831,10.56191],[-66.96841,10.56198],[-66.96851,10.56202],[-66.96862,10.56206],[-66.96882,10.56218],[-66.96889,10.56227],[-66.96891,10.56238],[-66.9689,10.56248],[-66.96885,10.56258],[-66.96878,10.56266],[-66.96861,10.56282],[-66.96855,10.56291],[-66.96851,10.56303],[-66.96849,10.56314],[-66.96849,10.56324],[-66.96851,10.56336],[-66.96852,10.56347],[-66.96852,10.56383],[-66.96856,10.56405],[-66.96871,10.56436],[-66.96877,10.56445],[-66.96883,10.56455],[-66.96885,10.56467],[-66.96884,10.56478],[-66.96882,10.56488],[-66.9687,10.56508],[-66.96867,10.56518],[-66.96861,10.56539],[-66.9686,10.56551],[-66.9686,10.56562],[-66.96862,10.56573],[-66.96866,10.56584],[-66.96867,10.56596],[-66.96869,10.56607],[-66.96881,10.56634],[-66.96884,10.56645],[-66.96884,10.56667],[-66.96888,10.56678],[-66.96893,10.56688],[-66.96899,10.56697],[-66.96906,10.56706],[-66.96909,10.56716],[-66.9691,10.56728],[-66.9691,10.5675],[-66.96912,10.56761],[-66.96915,10.56771],[-66.96923,10.5678]]}},{"type":"Feature","properties":{"name":"R\u00edo Curucut\u00ed","waterway":"river"},"geometry":{"type":"LineString","coordinates":[[-66.97463,10.57487],[-66.97468,10.57497],[-66.97484,10.57523],[-66.97498,10.57547],[-66.97517,10.57577],[-66.97533,10.57603],[-66.97549,10.57629],[-66.97567,10.57658],[-66.97589,10.57689],[-66.976,10.57708],[-66.97616,10.57727],[-66.9763,10.57747],[-66.97644,10.57773],[-66.97652,10.57792],[-66.97659,10.57807],[-66.97671,10.57822],[-66.97686,10.57831],[-66.977,10.57835],[-66.97713,10.57835],[-66.97725,10.57834],[-66.97734,10.57834],[-66.97745,10.57838],[-66.9775,10.57845],[-66.97754,10.57856],[-66.97755,10.57866],[-66.97759,10.57883],[-66.97768,10.57911],[-66.97776,10.57929],[-66.97787,10.57941],[-66.97799,10.57948],[-66.97817,10.5796],[-66.97842,10.57972],[-66.97856,10.57981],[-66.97866,10.57994],[-66.97872,10.58006],[-66.97878,10.58017],[-66.97885,10.58029],[-66.97898,10.58044],[-66.97907,10.58054],[-66.9792,10.58069],[-66.97937,10.58083],[-66.97954,10.58098],[-66.97975,10.58114],[-66.97991,10.58122],[-66.98004,10.5813],[-66.98017,10.58137],[-66.98041,10.58151],[-66.98056,10.58162],[-66.98072,10.58175],[-66.98083,10.58189],[-66.98091,10.58203],[-66.98097,10.58216],[-66.98101,10.58232],[-66.98101,10.58239],[-66.981,10.58247]]}},{"type":"Feature","properties":{"name":null,"waterway":"stream"},"geometry":{"type":"LineString","coordinates":[[-66.98386,10.58368],[-66.98376,10.58363],[-66.98364,10.58358],[-66.98355,10.58352],[-66.98344,10.58348],[-66.98321,10.58342],[-66.9831,10.58337],[-66.98301,10.58329],[-66.98291,10.58325],[-66.98282,10.58317],[-66.98278,10.58313],[-66.98273,10.58309],[-66.98263,10.58303],[-66.98258,10.58301],[-66.98248,10.58295],[-66.98245,10.5829],[-66.9824,10.58279],[-66.98233,10.58269],[-66.98222,10.58263],[-66.9821,10.58257],[-66.98197,10.58253],[-66.98184,10.58251],[-66.98178,10.5825],[-66.98167,10.5825],[-66.9816,10.58249],[-66.98146,10.58247],[-66.98118,10.58247],[-66.981,10.58247]]}},{"type":"Feature","properties":{"name":"R\u00edo Curucut\u00ed","waterway":"river"},"geometry":{"type":"LineString","coordinates":[[-66.97553,10.59754],[-66.97547,10.59767],[-66.97538,10.59787],[-66.97531,10.59803],[-66.97508,10.59847],[-66.975,10.59865],[-66.97496,10.59881],[-66.97491,10.59899],[-66.97484,10.59912],[-66.97474,10.59924],[-66.97464,10.59932],[-66.97454,10.59937],[-66.97435,10.59944],[-66.97288,10.59978],[-66.9726,10.59984],[-66.97232,10.59993],[-66.97221,10.59999],[-66.97208,10.6001],[-66.97196,10.60019],[-66.97183,10.60028],[-66.97154,10.60039],[-66.97134,10.60047],[-66.97118,10.60054],[-66.97101,10.60063],[-66.97072,10.6008],[-66.97056,10.6009],[-66.97044,10.60096],[-66.97022,10.60105],[-66.96999,10.60112],[-66.96962,10.60121],[-66.96898,10.60137],[-66.96877,10.60143],[-66.9686,10.60151],[-66.96839,10.60161],[-66.96805,10.6018],[-66.96721,10.60227],[-66.9671,10.60232],[-66.967,10.60236],[-66.96675,10.60241],[-66.9663,10.6025],[-66.96572,10.60264],[-66.96552,10.6027],[-66.96532,10.60278],[-66.96486,10.60302],[-66.96466,10.60315],[-66.96446,10.6033],[-66.96427,10.60347],[-66.96384,10.60389]]}},{"type":"Feature","properties":{"name":null,"waterway":"stream"},"geometry":{"type":"LineString","coordinates":[[-67.08407,10.56417],[-67.08418,10.56424],[-67.08434,10.56436],[-67.08447,10.56447],[-67.08452,10.56451],[-67.08462,10.56456],[-67.08468,10.56458],[-67.08473,10.5646],[-67.08479,10.56461],[-67.08511,10.56461],[-67.08517,10.56462],[-67.08523,10.56464],[-67.08529,10.56466],[-67.08552,10.56482],[-67.08564,10.5649],[-67.08568,10.56494],[-67.08573,10.56498],[-67.08578,10.56501],[-67.08583,10.56503],[-67.08596,10.56503],[-67.08608,10.565],[-67.08619,10.56495],[-67.08625,10.56493],[-67.0863,10.5649],[-67.08636,10.56487],[-67.08641,10.56485],[-67.08647,10.56483],[-67.08652,10.56483],[-67.08658,10.56483],[-67.08664,10.56484],[-67.08669,10.56487],[-67.08673,10.56491],[-67.08674,10.56496],[-67.08674,10.56502],[-67.08673,10.56508],[-67.08671,10.56513],[-67.0867,10.56519],[-67.0867,10.56524],[-67.08671,10.5653],[-67.08674,10.56535],[-67.08678,10.56539],[-67.08687,10.56542],[-67.08693,10.56543],[-67.08704,10.56547],[-67.08714,10.56554],[-67.08719,10.56558],[-67.08723,10.56563],[-67.08727,10.56567],[-67.08732,10.56569],[-67.08738,10.56571],[-67.08744,10.56572],[-67.08752,10.56572],[-67.08757,10.56573],[-67.08764,10.56574],[-67.08774,10.56579],[-67.0878,10.56583],[-67.08783,10.56587],[-67.08787,10.56593],[-67.08795,10.56605],[-67.08797,10.5661],[-67.088,10.56615],[-67.08805,10.56621],[-67.0881,10.56625],[-67.0882,10.56631],[-67.08826,10.56633],[-67.08832,10.56634],[-67.08838,10.56635],[-67.08843,10.56636],[-67.08849,10.56638],[-67.08855,10.56639],[-67.08861,10.56641],[-67.08868,10.56642],[-67.08874,10.56644],[-67.08881,10.56646],[-67.08891,10.56652],[-67.08895,10.56656],[-67.08899,10.56661],[-67.08904,10.5667],[-67.08911,10.56686],[-67.08915,10.5669],[-67.0892,10.56693],[-67.08927,10.56694],[-67.08932,10.56695],[-67.08938,10.56696],[-67.08943,10.56694],[-67.0895,10.56695],[-67.08956,10.56698],[-67.08961,10.56702],[-67.08966,10.56706],[-67.08977,10.56713],[-67.08983,10.56716],[-67.08988,10.56717],[-67.08994,10.56716],[-67.09006,10.56711],[-67.09012,10.5671],[-67.09017,10.5671],[-67.09023,10.5671],[-67.09029,10.5671],[-67.09035,10.56712],[-67.09046,10.56717],[-67.09059,10.56724],[-67.09069,10.5673],[-67.09075,10.56736],[-67.09079,10.56744],[-67.09083,10.56752],[-67.09085,10.56757],[-67.09091,10.56766],[-67.09101,10.56772],[-67.09111,10.56775],[-67.09121,10.56778],[-67.09138,10.56784],[-67.09149,10.56789],[-67.09166,10.56797],[-67.09178,10.56803],[-67.09189,10.56806],[-67.09198,10.56808],[-67.0921,10.5681],[-67.09218,10.56813],[-67.09224,10.56815],[-67.09231,10.56819],[-67.09239,10.56826],[-67.09245,10.56832],[-67.09251,10.56837],[-67.0926,10.5684],[-67.09271,10.5684],[-67.09287,10.56846],[-67.09299,10.56851],[-67.09308,10.56857],[-67.09322,10.56864],[-67.09339,10.56874],[-67.09366,10.56891],[-67.09378,10.569],[-67.0939,10.56908],[-67.09403,10.56913],[-67.09421,10.56917],[-67.09455,10.56919],[-67.09493,10.56922],[-67.09512,10.56925],[-67.09528,10.56929],[-67.09541,10.56934]]}},{"type":"Feature","properties":{"name":null,"waterway":"stream"},"geometry":{"type":"LineString","coordinates":[[-67.0824,10.56038],[-67.08235,10.56041],[-67.08232,10.56042],[-67.08224,10.56044],[-67.08217,10.56044],[-67.08206,10.56041],[-67.08195,10.56036],[-67.08183,10.56027],[-67.08177,10.56021],[-67.08168,10.56014],[-67.0816,10.56003],[-67.08152,10.55994],[-67.08145,10.55988],[-67.08135,10.55982],[-67.08124,10.55979],[-67.08115,10.55979],[-67.08106,10.5598],[-67.08101,10.55982],[-67.08091,10.55982],[-67.08084,10.55982],[-67.08074,10.55979],[-67.08066,10.55976],[-67.08059,10.55972],[-67.08053,10.55969],[-67.08047,10.55967],[-67.0804,10.55966],[-67.08033,10.55965],[-67.08025,10.55961],[-67.08018,10.55956],[-67.08005,10.55949],[-67.0799,10.55946],[-67.07978,10.55946],[-67.0797,10.55946],[-67.07961,10.55945],[-67.07954,10.55945],[-67.07945,10.55942],[-67.07938,10.55938],[-67.07928,10.55932],[-67.07922,10.55929],[-67.07916,10.55926],[-67.07909,10.55923],[-67.07897,10.55921],[-67.0788,10.55918],[-67.07872,10.55917],[-67.07861,10.55916],[-67.07853,10.55918],[-67.07847,10.55921],[-67.07842,10.55924],[-67.07834,10.55924],[-67.07826,10.55922],[-67.07818,10.55917],[-67.07806,10.55912],[-67.07788,10.55905],[-67.07758,10.55897],[-67.0775,10.55894],[-67.07738,10.5589],[-67.07727,10.55886],[-67.0772,10.55883],[-67.0771,10.55879],[-67.0769,10.55874],[-67.07685,10.55873],[-67.07678,10.55871],[-67.07668,10.55865],[-67.07659,10.5586],[-67.0765,10.55855],[-67.07633,10.55849]]}},{"type":"Feature","properties":{"name":"R\u00edo Guayabal","waterway":"river"},"geometry":{"type":"LineString","coordinates":[[-66.31403,10.53798],[-66.31418,10.53815],[-66.31428,10.53831],[-66.31436,10.53845],[-66.31441,10.53853],[-66.31449,10.53873],[-66.31455,10.53893],[-66.31462,10.53916],[-66.31474,10.53941],[-66.31485,10.53962],[-66.31497,10.5398],[-66.31509,10.53995],[-66.31514,10.54005],[-66.31516,10.54012],[-66.31516,10.54019],[-66.31514,10.54025],[-66.31509,10.5403],[-66.31504,10.54035],[-66.31493,10.54045],[-66.31488,10.54052],[-66.31484,10.54061],[-66.31482,10.5407],[-66.31481,10.54077],[-66.31481,10.54085],[-66.31484,10.54092],[-66.31488,10.54096],[-66.31495,10.54099],[-66.31502,10.54099],[-66.31511,10.54096],[-66.31521,10.5409],[-66.31528,10.54083],[-66.31541,10.54075],[-66.31554,10.54068],[-66.31565,10.54065],[-66.31574,10.54064],[-66.3158,10.54065],[-66.31584,10.54068],[-66.31586,10.54071],[-66.31587,10.54079],[-66.31588,10.5409],[-66.31588,10.541],[-66.31588,10.5411],[-66.31587,10.54122],[-66.31588,10.54139],[-66.31588,10.5415],[-66.31586,10.54162],[-66.31583,10.54182],[-66.31583,10.5419],[-66.31584,10.54197],[-66.31587,10.54208],[-66.31591,10.54217],[-66.31596,10.54225],[-66.31601,10.54233],[-66.3161,10.54245],[-66.31616,10.54256],[-66.31621,10.54269],[-66.31627,10.54286],[-66.3164,10.54318],[-66.31645,10.54332],[-66.31652,10.54345],[-66.31656,10.54352],[-66.31661,10.54357],[-66.31667,10.54359],[-66.31674,10.5436],[-66.31682,10.54359],[-66.31689,10.54356],[-66.31698,10.54349],[-66.31719,10.54331],[-66.31733,10.54315],[-66.31741,10.54307],[-66.31746,10.54304],[-66.31752,10.54303],[-66.31758,10.54303],[-66.31763,10.54306],[-66.31771,10.5431],[-66.31777,10.54317],[-66.3178,10.54325],[-66.31781,10.54333],[-66.3178,10.54338],[-66.3178,10.54349],[-66.31781,10.54359],[-66.31785,10.54366],[-66.3179,10.54373],[-66.31797,10.54378],[-66.31808,10.54384],[-66.31818,10.54389],[-66.31831,10.54395],[-66.31839,10.54401],[-66.31849,10.54412],[-66.31857,10.54424],[-66.31864,10.54435],[-66.31873,10.54448],[-66.31879,10.5446],[-66.31883,10.54476],[-66.31884,10.54487],[-66.31884,10.54496],[-66.31883,10.54504],[-66.31875,10.54516],[-66.31867,10.54526],[-66.31859,10.54535],[-66.31849,10.54539],[-66.31837,10.54543],[-66.31815,10.54545],[-66.31801,10.54548],[-66.31793,10.54551],[-66.3179,10.54553],[-66.31787,10.54559],[-66.31787,10.54567],[-66.31791,10.54576],[-66.31798,10.54582],[-66.31806,10.54587],[-66.31817,10.5459],[-66.31831,10.54591],[-66.31848,10.54588],[-66.31871,10.54584],[-66.31902,10.54575],[-66.31912,10.54572],[-66.31919,10.5457],[-66.31927,10.54569],[-66.31934,10.54571],[-66.31939,10.54576],[-66.31942,10.54583],[-66.31942,10.54591],[-66.31938,10.54604],[-66.31937,10.5461],[-66.31937,10.54615],[-66.31939,10.54621],[-66.31944,10.54626],[-66.31951,10.54628],[-66.3197,10.5463],[-66.3198,10.54632],[-66.31987,10.54635],[-66.31991,10.54639],[-66.31994,10.54646],[-66.31996,10.54655],[-66.31996,10.54663],[-66.31992,10.54678],[-66.31986,10.54693],[-66.31979,10.54705],[-66.31971,10.54716],[-66.31966,10.54727],[-66.31965,10.54736],[-66.31966,10.54743],[-66.31969,10.54751],[-66.31973,10.54756],[-66.31981,10.5476],[-66.31988,10.54762],[-66.31997,10.54761],[-66.32007,10.54758],[-66.32019,10.54754],[-66.32031,10.54749],[-66.32045,10.54743],[-66.32069,10.54736],[-66.32104,10.54728],[-66.32135,10.54724],[-66.32155,10.54725],[-66.32163,10.54728],[-66.32173,10.54737],[-66.32179,10.54749],[-66.32181,10.5476],[-66.32181,10.54772],[-66.32179,10.54786],[-66.32174,10.54805],[-66.32169,10.54821],[-66.32167,10.54838],[-66.32165,10.54853],[-66.32158,10.54869],[-66.32145,10.54885],[-66.32131,10.54896],[-66.32114,10.54909],[-66.32107,10.54919],[-66.32104,10.54932],[-66.32104,10.54945],[-66.32105,10.54959],[-66.32111,10.54981],[-66.32119,10.54995],[-66.32125,10.55003],[-66.32135,10.55009],[-66.32148,10.55015],[-66.32164,10.55025],[-66.32172,10.55035],[-66.32175,10.55044],[-66.32178,10.55052],[-66.32183,10.55077],[-66.32188,10.55093],[-66.3219,10.55109],[-66.3219,10.55117],[-66.32188,10.55125],[-66.32185,10.55129],[-66.32179,10.55135],[-66.32171,10.55138],[-66.32164,10.55139],[-66.32153,10.55136],[-66.32145,10.55131],[-66.32134,10.55126],[-66.32125,10.55125],[-66.32117,10.55125],[-66.32106,10.55129],[-66.3209,10.55138],[-66.32085,10.55143],[-66.32075,10.55152],[-66.32069,10.55164],[-66.32065,10.55176],[-66.32063,10.55198],[-66.3206,10.5522],[-66.32054,10.5524],[-66.32047,10.55261],[-66.32032,10.55287],[-66.32017,10.55304],[-66.32004,10.55319],[-66.31992,10.55339],[-66.31987,10.55351],[-66.31986,10.55358],[-66.31985,10.55365],[-66.31987,10.55372],[-66.3199,10.55377],[-66.31996,10.55383],[-66.32007,10.55391],[-66.32025,10.55403],[-66.32034,10.55416],[-66.32041,10.55428],[-66.32044,10.55445],[-66.32044,10.55457],[-66.32047,10.55492],[-66.32047,10.55517],[-66.32047,10.55542],[-66.32047,10.55561],[-66.32049,10.55578],[-66.32054,10.55591],[-66.32063,10.55609],[-66.32079,10.55634],[-66.32091,10.55651],[-66.32101,10.55663],[-66.32113,10.5568],[-66.32129,10.55704],[-66.32135,10.55719],[-66.32136,10.55731],[-66.32136,10.55743],[-66.32132,10.55753],[-66.32123,10.55759],[-66.32107,10.55765],[-66.3209,10.55766],[-66.32072,10.55761],[-66.32055,10.5575],[-66.32038,10.55743],[-66.3202,10.55742],[-66.32003,10.55747],[-66.31993,10.55759],[-66.31986,10.55775],[-66.31977,10.55795],[-66.31962,10.55811],[-66.3194,10.55832],[-66.31911,10.55856],[-66.31839,10.55921],[-66.31805,10.55951],[-66.3179,10.55969],[-66.31779,10.55989],[-66.31772,10.56008],[-66.31769,10.56027],[-66.31769,10.56036],[-66.31772,10.56053],[-66.3178,10.56072],[-66.31797,10.56093],[-66.31822,10.56124],[-66.3184,10.5615],[-66.31854,10.56168],[-66.3187,10.5618],[-66.31887,10.5619],[-66.31902,10.56201],[-66.31917,10.56214],[-66.31928,10.56229],[-66.31935,10.56244],[-66.31938,10.5626],[-66.31939,10.5628],[-66.31939,10.56295],[-66.31938,10.56306],[-66.31931,10.56318],[-66.31924,10.56323],[-66.31913,10.56325],[-66.31895,10.56327],[-66.31876,10.56328],[-66.31861,10.56333],[-66.31847,10.56342],[-66.31837,10.56351],[-66.31829,10.56362],[-66.31825,10.56375],[-66.31824,10.56389],[-66.31814,10.56423],[-66.31811,10.56434],[-66.31811,10.56448],[-66.31809,10.5646],[-66.31806,10.5647],[-66.31801,10.56475],[-66.31792,10.5648],[-66.31787,10.5648],[-66.31775,10.56482],[-66.31756,10.56488],[-66.31743,10.56496],[-66.31734,10.56507],[-66.31731,10.56516],[-66.31731,10.56527],[-66.31736,10.56542],[-66.31744,10.56564],[-66.3175,10.56583],[-66.31752,10.566],[-66.31751,10.56614],[-66.31746,10.56625],[-66.31737,10.56638],[-66.31727,10.56646],[-66.31712,10.56654],[-66.31697,10.56659],[-66.31685,10.56661],[-66.31673,10.56661],[-66.31657,10.56658],[-66.31647,10.56655],[-66.31624,10.56655],[-66.31605,10.56658],[-66.31584,10.56665],[-66.31565,10.56673],[-66.31546,10.56681],[-66.31521,10.56693],[-66.31503,10.567],[-66.31483,10.56707],[-66.31461,10.56716],[-66.31452,10.5672],[-66.31447,10.56728],[-66.31444,10.56735],[-66.31443,10.56742],[-66.31444,10.56756],[-66.31447,10.56769],[-66.31452,10.56777],[-66.3146,10.56788],[-66.31468,10.56799],[-66.31472,10.56809],[-66.31472,10.56819],[-66.31467,10.56832],[-66.31455,10.56847],[-66.31443,10.56858],[-66.31437,10.5687],[-66.31436,10.5688],[-66.31436,10.56892],[-66.31439,10.56902],[-66.31441,10.56913],[-66.31438,10.56924],[-66.3143,10.56932],[-66.31418,10.56936],[-66.31408,10.5694],[-66.31399,10.56947],[-66.31392,10.56954],[-66.31388,10.56964],[-66.31388,10.56975],[-66.31388,10.56986],[-66.31391,10.56997],[-66.31397,10.57011],[-66.31412,10.57028],[-66.31418,10.57038],[-66.31423,10.57048],[-66.31426,10.57059],[-66.31426,10.57071],[-66.31424,10.57082],[-66.31415,10.57091],[-66.31406,10.57095],[-66.31395,10.57096],[-66.31384,10.57099],[-66.31374,10.57101],[-66.31362,10.57103],[-66.31351,10.57105],[-66.31333,10.57113],[-66.31324,10.57118],[-66.31315,10.57125],[-66.3131,10.57134],[-66.31297,10.57153],[-66.31289,10.5716],[-66.31278,10.57165],[-66.31268,10.57167],[-66.31256,10.57167],[-66.31246,10.57168],[-66.31236,10.57171],[-66.31226,10.57178],[-66.31219,10.57186],[-66.31215,10.57197],[-66.31215,10.57208],[-66.31215,10.57242],[-66.31214,10.57253],[-66.31211,10.57264],[-66.31208,10.57275],[-66.31203,10.57285],[-66.31197,10.57294],[-66.31169,10.57335],[-66.31162,10.57343],[-66.31157,10.57353],[-66.31156,10.57364],[-66.31157,10.57374],[-66.31163,10.57384],[-66.31172,10.57391],[-66.31192,10.57401],[-66.31201,10.57409],[-66.31208,10.57418],[-66.31214,10.57427],[-66.31224,10.57448],[-66.31227,10.57459],[-66.31227,10.57516],[-66.31229,10.57527],[-66.31238,10.57542],[-66.31244,10.57552],[-66.31247,10.57564],[-66.31247,10.57576],[-66.31246,10.57587],[-66.31243,10.57597],[-66.31238,10.57607],[-66.31232,10.57616],[-66.31221,10.57636],[-66.31217,10.57647],[-66.31211,10.57659],[-66.31207,10.57678],[-66.31203,10.57689],[-66.312,10.57699],[-66.31198,10.5771],[-66.31197,10.57721],[-66.31198,10.57733],[-66.31202,10.57755],[-66.31206,10.57765],[-66.3121,10.57776],[-66.31214,10.57787],[-66.31215,10.57798],[-66.31215,10.57821],[-66.31213,10.57832],[-66.31206,10.57864],[-66.31201,10.57874],[-66.31196,10.57883],[-66.31192,10.57893],[-66.31188,10.57903],[-66.31184,10.57914],[-66.31182,10.57925],[-66.31181,10.57936],[-66.31179,10.57948],[-66.31177,10.57959],[-66.31174,10.57971],[-66.3117,10.57982],[-66.31164,10.57994],[-66.31157,10.5801],[-66.31131,10.58054],[-66.31103,10.58096],[-66.31049,10.58165],[-66.3103,10.58183],[-66.31002,10.58206],[-66.30984,10.58222],[-66.30951,10.58253],[-66.30918,10.58292],[-66.30869,10.58342],[-66.30849,10.58366],[-66.30837,10.58379],[-66.30827,10.58395],[-66.30821,10.58408],[-66.30817,10.5842],[-66.30817,10.58431],[-66.30817,10.5844],[-66.30821,10.58451],[-66.30826,10.58458],[-66.30836,10.58465],[-66.30849,10.58471],[-66.30879,10.58476],[-66.30891,10.58478],[-66.30921,10.58481],[-66.30961,10.58482],[-66.30995,10.58482],[-66.31013,10.58484],[-66.31026,10.58487],[-66.31038,10.58493],[-66.31048,10.58501],[-66.31055,10.58511],[-66.31062,10.58529],[-66.31066,10.58544],[-66.31076,10.58594],[-66.31078,10.58603],[-66.31076,10.58616],[-66.31073,10.5863],[-66.31068,10.58645],[-66.31061,10.58659],[-66.31047,10.58679],[-66.31026,10.58703],[-66.31009,10.58719],[-66.30997,10.58728],[-66.30984,10.58735],[-66.30973,10.58739],[-66.30966,10.58741],[-66.30961,10.58741],[-66.30956,10.58738],[-66.30955,10.58734],[-66.30954,10.5873],[-66.30957,10.58724],[-66.30961,10.58718],[-66.30967,10.58709],[-66.30968,10.58704],[-66.30967,10.58699],[-66.30962,10.58693],[-66.30956,10.5869],[-66.30947,10.58689],[-66.30936,10.58691],[-66.30928,10.58695],[-66.30923,10.58699],[-66.3092,10.58706],[-66.30918,10.58713],[-66.30916,10.58734],[-66.30908,10.5876],[-66.30902,10.58772],[-66.30896,10.58779],[-66.30887,10.58785],[-66.30869,10.588],[-66.30864,10.58805],[-66.30861,10.58811],[-66.30861,10.58815],[-66.30861,10.58822],[-66.30865,10.5883],[-66.30872,10.58837],[-66.3088,10.58841],[-66.30891,10.58848],[-66.30895,10.58853],[-66.30897,10.58857],[-66.30897,10.58861],[-66.30896,10.58866],[-66.30891,10.58886],[-66.3089,10.58898],[-66.3089,10.58906],[-66.30892,10.58917],[-66.30899,10.58928],[-66.3091,10.58943],[-66.30921,10.58959],[-66.30937,10.58978],[-66.30946,10.58989],[-66.3096,10.59],[-66.30976,10.59009],[-66.31009,10.59022],[-66.31047,10.59034],[-66.31063,10.59037],[-66.31079,10.5904],[-66.31096,10.59043],[-66.31109,10.59047],[-66.31123,10.59053],[-66.31138,10.59059],[-66.31184,10.59082],[-66.31219,10.59101],[-66.31235,10.59113],[-66.31248,10.59122],[-66.31256,10.59129],[-66.31259,10.59136],[-66.3126,10.59144],[-66.31259,10.59153],[-66.31254,10.59162],[-66.31247,10.59172],[-66.31238,10.59182],[-66.31214,10.59209],[-66.31204,10.5922],[-66.31196,10.59225],[-66.31189,10.5923],[-66.31179,10.5924],[-66.31173,10.59249],[-66.31166,10.59258],[-66.31156,10.59286],[-66.31154,10.59303],[-66.31152,10.59318],[-66.3115,10.59328],[-66.31148,10.59344],[-66.31145,10.59356],[-66.31141,10.59372],[-66.31137,10.59391],[-66.31135,10.59405],[-66.31134,10.59422],[-66.31132,10.59434],[-66.3113,10.59445],[-66.31125,10.59456],[-66.31119,10.59464],[-66.31108,10.5948],[-66.31102,10.59486],[-66.31095,10.5949],[-66.31084,10.59495],[-66.31071,10.59498],[-66.31044,10.59505],[-66.31032,10.59512],[-66.31027,10.59516],[-66.31022,10.59525],[-66.31019,10.59533],[-66.31016,10.59539],[-66.3101,10.59547],[-66.31006,10.59554],[-66.31004,10.5956],[-66.31004,10.59566],[-66.31005,10.59573],[-66.31008,10.59577],[-66.31012,10.59583],[-66.31019,10.59589],[-66.31023,10.59592],[-66.31024,10.59597],[-66.31024,10.59602],[-66.31019,10.59611],[-66.31013,10.5962],[-66.31009,10.59628],[-66.31007,10.59636],[-66.31007,10.59644],[-66.31008,10.59653],[-66.31013,10.59662],[-66.31021,10.59674],[-66.31033,10.59685],[-66.31039,10.59694],[-66.31041,10.597],[-66.31043,10.5971],[-66.31043,10.5972],[-66.31043,10.59733],[-66.3104,10.59762],[-66.31038,10.59776],[-66.31038,10.5979],[-66.31039,10.59804],[-66.31045,10.59816],[-66.31051,10.59825],[-66.31059,10.5983],[-66.31074,10.59842],[-66.31083,10.59849],[-66.3109,10.59858],[-66.311,10.59869],[-66.31107,10.59877],[-66.31115,10.59882],[-66.31122,10.59886],[-66.31132,10.59888],[-66.3114,10.59888],[-66.3115,10.59888],[-66.31161,10.59886],[-66.31171,10.59882],[-66.31178,10.59881],[-66.31184,10.59883],[-66.31189,10.59888],[-66.31194,10.59896],[-66.312,10.59905],[-66.31204,10.59914],[-66.31205,10.5992],[-66.31205,10.59925],[-66.31202,10.5993],[-66.31196,10.59936],[-66.31191,10.5994],[-66.3118,10.59956],[-66.31171,10.59969],[-66.31167,10.5998],[-66.31166,10.59989],[-66.31166,10.59994],[-66.31168,10.60002],[-66.31172,10.60009],[-66.31177,10.60017],[-66.31193,10.60043],[-66.31198,10.60054],[-66.31199,10.60061],[-66.31199,10.60069],[-66.31194,10.6008],[-66.31189,10.60088],[-66.31182,10.60094],[-66.31173,10.60098],[-66.31163,10.601],[-66.31153,10.60104],[-66.31139,10.60107],[-66.31117,10.60114],[-66.31107,10.60118],[-66.311,10.60125],[-66.31093,10.6013],[-66.31094,10.60139],[-66.3109,10.60147],[-66.31075,10.6015],[-66.31062,10.60155],[-66.31053,10.60156],[-66.31045,10.60153],[-66.31035,10.60159],[-66.31031,10.60165],[-66.31031,10.6017],[-66.31032,10.60177],[-66.31037,10.60185],[-66.31041,10.6019],[-66.31058,10.60209],[-66.31079,10.60237],[-66.31087,10.60249],[-66.31091,10.60258],[-66.31092,10.60267],[-66.31092,10.60279],[-66.31091,10.60292],[-66.31091,10.60306],[-66.31092,10.60317],[-66.31096,10.60328],[-66.31104,10.60347],[-66.31115,10.60368],[-66.31124,10.60379],[-66.31128,10.6039],[-66.31128,10.60396],[-66.31128,10.60401],[-66.31124,10.60408],[-66.31119,10.60412],[-66.31112,10.60413],[-66.31105,10.60413],[-66.31099,10.6041],[-66.31091,10.60406],[-66.31084,10.60404],[-66.31076,10.60403],[-66.31071,10.60404],[-66.31063,10.60406],[-66.3105,10.6041],[-66.3102,10.60423],[-66.31009,10.60429],[-66.31,10.60434],[-66.30995,10.60439],[-66.30995,10.60444],[-66.30995,10.60448],[-66.30997,10.60453],[-66.31004,10.60458],[-66.31011,10.60465],[-66.31015,10.60472],[-66.31017,10.6048],[-66.3102,10.60493],[-66.31021,10.60502],[-66.31021,10.6051],[-66.31019,10.60516],[-66.31013,10.60523],[-66.31006,10.60529],[-66.30988,10.60547],[-66.30983,10.6055],[-66.30973,10.60557],[-66.30967,10.60563],[-66.30963,10.60569],[-66.30962,10.60576],[-66.30965,10.60585],[-66.30969,10.60596],[-66.30968,10.60604],[-66.30966,10.60613],[-66.30958,10.60623],[-66.30951,10.60629],[-66.30942,10.60637],[-66.30938,10.60643],[-66.30934,10.6065],[-66.30931,10.60659],[-66.3093,10.60676],[-66.30931,10.60689],[-66.30931,10.60703],[-66.30931,10.60719],[-66.30934,10.60728],[-66.30937,10.60737],[-66.30942,10.60744],[-66.30948,10.60748],[-66.30958,10.60756],[-66.30962,10.60763],[-66.30965,10.60771],[-66.30966,10.60781],[-66.30966,10.60791],[-66.30967,10.60799],[-66.3097,10.60805],[-66.30974,10.60811],[-66.3098,10.6082],[-66.30984,10.60827],[-66.30987,10.60834],[-66.30988,10.60845],[-66.30988,10.60864],[-66.30984,10.60885],[-66.30979,10.60896],[-66.30973,10.60906],[-66.30961,10.60921],[-66.30938,10.60952],[-66.30933,10.60961],[-66.30929,10.60968],[-66.30927,10.60974],[-66.30927,10.60979],[-66.30929,10.60987],[-66.30935,10.60994],[-66.30941,10.61001],[-66.30948,10.61009],[-66.30953,10.61019],[-66.30958,10.61033],[-66.30967,10.61054],[-66.30971,10.61064],[-66.30975,10.6107],[-66.30981,10.61075],[-66.30988,10.61079],[-66.30995,10.61082],[-66.31,10.61084],[-66.31006,10.61087],[-66.31008,10.61091],[-66.3101,10.61094],[-66.3101,10.61098],[-66.31009,10.61102],[-66.31006,10.61107],[-66.30999,10.61112],[-66.30991,10.61116],[-66.3098,10.6112],[-66.30971,10.61122],[-66.30948,10.6113],[-66.30929,10.61142],[-66.30898,10.61161],[-66.30875,10.61173],[-66.30844,10.61186],[-66.30819,10.61194],[-66.30801,10.61197],[-66.30789,10.61197],[-66.30777,10.61195],[-66.30767,10.61192],[-66.30747,10.61182],[-66.30732,10.61174],[-66.30723,10.6117],[-66.30714,10.61169],[-66.30706,10.61169],[-66.30697,10.61172],[-66.30691,10.61176],[-66.30673,10.6119],[-66.30659,10.61207],[-66.30651,10.61223],[-66.30647,10.61239],[-66.30646,10.61254],[-66.30646,10.61267],[-66.3065,10.6128],[-66.30655,10.6129],[-66.30662,10.61301],[-66.30677,10.61327],[-66.30686,10.6134],[-66.30692,10.61347],[-66.30698,10.6135],[-66.30706,10.61352],[-66.30715,10.61352],[-66.30734,10.61352],[-66.30752,10.61352],[-66.30774,10.61353],[-66.30787,10.61357],[-66.30799,10.61364],[-66.30815,10.61376],[-66.30832,10.61394],[-66.3085,10.6142],[-66.30855,10.61428],[-66.30858,10.61437],[-66.30858,10.61445],[-66.30856,10.61454],[-66.30854,10.61463],[-66.30849,10.61488],[-66.30849,10.61504],[-66.30849,10.61515],[-66.30851,10.61531],[-66.30854,10.61543],[-66.3086,10.61555],[-66.30866,10.61564],[-66.30872,10.6157],[-66.3088,10.61574],[-66.30916,10.61593],[-66.30959,10.61619],[-66.30999,10.61645],[-66.31014,10.61654],[-66.31032,10.61662],[-66.31045,10.61666],[-66.31092,10.61681],[-66.31115,10.617],[-66.31129,10.61711],[-66.31138,10.61719],[-66.31145,10.6173],[-66.31151,10.61743],[-66.31159,10.61771],[-66.31163,10.61788],[-66.31167,10.61797],[-66.31172,10.61804],[-66.31181,10.61809],[-66.31189,10.61811],[-66.31212,10.61813],[-66.31235,10.61814],[-66.31257,10.61815],[-66.3128,10.6182],[-66.313,10.61826],[-66.31319,10.61834],[-66.31342,10.61844]]}},{"type":"Feature","properties":{"name":"Anare","waterway":"river"},"geometry":{"type":"LineString","coordinates":[[-66.65122,10.62273],[-66.65204,10.62431]]}},{"type":"Feature","properties":{"name":"Anare","waterway":"river"},"geometry":{"type":"LineString","coordinates":[[-66.65112,10.62253],[-66.65122,10.62273]]}},{"type":"Feature","properties":{"name":null,"waterway":"stream"},"geometry":{"type":"LineString","coordinates":[[-66.86937,10.57896],[-66.86958,10.58431],[-66.8696,10.5848],[-66.86948,10.58623],[-66.86947,10.58736],[-66.86943,10.58853],[-66.86945,10.58915],[-66.86947,10.58999],[-66.86961,10.59074],[-66.8697,10.59237],[-66.8697,10.59257],[-66.86971,10.59285],[-66.86971,10.59301],[-66.86929,10.59381],[-66.86919,10.59423],[-66.86879,10.59431],[-66.86864,10.59483],[-66.86888,10.59528],[-66.86885,10.59595],[-66.86859,10.59693],[-66.86852,10.59732],[-66.86839,10.5978],[-66.868,10.59839],[-66.86762,10.59871],[-66.86743,10.59892],[-66.8673,10.59909]]}},{"type":"Feature","properties":{"name":null,"waterway":"stream"},"geometry":{"type":"LineString","coordinates":[[-66.86797,10.58346],[-66.86872,10.58368],[-66.86928,10.58402],[-66.86958,10.58431]]}},{"type":"Feature","properties":{"name":null,"waterway":"stream"},"geometry":{"type":"LineString","coordinates":[[-66.87204,10.5841],[-66.87112,10.58437],[-66.87054,10.58439],[-66.86998,10.58465],[-66.8696,10.5848]]}},{"type":"Feature","properties":{"name":null,"waterway":"stream"},"geometry":{"type":"LineString","coordinates":[[-66.87195,10.58815],[-66.87148,10.58846],[-66.87108,10.58838],[-66.8707,10.58859],[-66.87026,10.58909],[-66.86973,10.58924],[-66.86945,10.58915]]}},{"type":"Feature","properties":{"name":null,"waterway":"stream"},"geometry":{"type":"LineString","coordinates":[[-66.87167,10.59137],[-66.87117,10.59202],[-66.87078,10.5924],[-66.87069,10.59246],[-66.8705,10.5926],[-66.87007,10.5926],[-66.8697,10.59257]]}},{"type":"Feature","properties":{"name":null,"waterway":"stream"},"geometry":{"type":"LineString","coordinates":[[-66.87178,10.59254],[-66.87129,10.59256],[-66.87098,10.59256],[-66.87069,10.59246]]}},{"type":"Feature","properties":{"name":null,"waterway":"stream"},"geometry":{"type":"LineString","coordinates":[[-66.87906,10.57126],[-66.87932,10.5724],[-66.87912,10.57328],[-66.8791,10.57352],[-66.87902,10.57476],[-66.87869,10.57517],[-66.87866,10.57612],[-66.87914,10.57689],[-66.87946,10.57778],[-66.87993,10.57826],[-66.8803,10.57866],[-66.88031,10.57935],[-66.88058,10.5796],[-66.88071,10.5801],[-66.88099,10.5818],[-66.88119,10.58369],[-66.88165,10.58394],[-66.88168,10.58468],[-66.88213,10.58593],[-66.88298,10.58746],[-66.88296,10.58786],[-66.88254,10.58816],[-66.88231,10.58847],[-66.88232,10.58894],[-66.88196,10.58998],[-66.88139,10.59035],[-66.88115,10.59047],[-66.88062,10.59066],[-66.88009,10.591],[-66.87992,10.59145],[-66.87994,10.59171],[-66.87964,10.59197],[-66.87959,10.5923],[-66.87968,10.59265],[-66.88009,10.59304],[-66.88009,10.59333],[-66.87986,10.59352],[-66.8796,10.59368],[-66.87974,10.59426],[-66.88002,10.59457],[-66.88034,10.59489],[-66.88059,10.59523],[-66.8808,10.59523],[-66.88103,10.59492],[-66.88134,10.59457],[-66.88164,10.59433],[-66.88199,10.59445],[-66.88218,10.5948],[-66.88217,10.59523],[-66.88206,10.59545],[-66.88149,10.59589],[-66.8814,10.59618],[-66.88184,10.59662],[-66.88218,10.59694],[-66.88217,10.59739],[-66.88209,10.59783],[-66.88186,10.59843],[-66.88188,10.59909],[-66.88233,10.59938],[-66.88246,10.59961],[-66.88257,10.5999],[-66.88299,10.60006],[-66.88286,10.6007],[-66.88283,10.60102],[-66.8828,10.60149],[-66.88273,10.60165],[-66.88275,10.60217],[-66.88279,10.60265],[-66.88282,10.60267]]}},{"type":"Feature","properties":{"name":null,"waterway":"stream"},"geometry":{"type":"LineString","coordinates":[[-66.88472,10.58072],[-66.88463,10.58094],[-66.88459,10.58148],[-66.88431,10.582],[-66.88372,10.58258],[-66.88345,10.58299],[-66.88312,10.58345],[-66.88246,10.58361],[-66.8821,10.58385],[-66.88165,10.58394]]}},{"type":"Feature","properties":{"name":null,"waterway":"stream"},"geometry":{"type":"LineString","coordinates":[[-66.88307,10.58112],[-66.88261,10.58114],[-66.8822,10.58156],[-66.8818,10.58173],[-66.8814,10.58176],[-66.88099,10.5818]]}},{"type":"Feature","properties":{"name":null,"waterway":"stream"},"geometry":{"type":"LineString","coordinates":[[-66.88271,10.57973],[-66.88237,10.57992],[-66.88208,10.58049],[-66.88171,10.58102],[-66.88146,10.5815],[-66.8814,10.58176]]}},{"type":"Feature","properties":{"name":null,"waterway":"stream"},"geometry":{"type":"LineString","coordinates":[[-66.87748,10.58366],[-66.87842,10.58454],[-66.87864,10.58551],[-66.87917,10.58595],[-66.88029,10.58708],[-66.88076,10.58764],[-66.88035,10.588],[-66.88046,10.58874],[-66.88048,10.58968],[-66.88051,10.59026],[-66.88062,10.59066]]}},{"type":"Feature","properties":{"name":null,"waterway":"stream"},"geometry":{"type":"LineString","coordinates":[[-66.87381,10.57828],[-66.87445,10.57928],[-66.8749,10.57986],[-66.87545,10.58033],[-66.87606,10.58121],[-66.87668,10.58132],[-66.87726,10.58151],[-66.87772,10.5824],[-66.87737,10.58323],[-66.87748,10.58366]]}},{"type":"Feature","properties":{"name":null,"waterway":"stream"},"geometry":{"type":"LineString","coordinates":[[-66.87654,10.58468],[-66.87724,10.58402],[-66.87748,10.58366]]}},{"type":"Feature","properties":{"name":null,"waterway":"stream"},"geometry":{"type":"LineString","coordinates":[[-66.876,10.57284],[-66.87675,10.57251],[-66.8774,10.57265],[-66.87805,10.57276],[-66.87855,10.57292],[-66.8791,10.57352]]}},{"type":"Feature","properties":{"name":null,"waterway":"stream"},"geometry":{"type":"LineString","coordinates":[[-66.84273,10.59262],[-66.84354,10.5929],[-66.84368,10.59311],[-66.84386,10.59352],[-66.84393,10.59381],[-66.84424,10.59395],[-66.84435,10.59402],[-66.84452,10.59427],[-66.8448,10.59452],[-66.84527,10.59488],[-66.84534,10.59519],[-66.84542,10.59546],[-66.84565,10.59564],[-66.84596,10.59582],[-66.84634,10.59589],[-66.84653,10.59597],[-66.847,10.59641],[-66.84744,10.59675],[-66.84759,10.59692],[-66.84784,10.59711],[-66.84822,10.59724],[-66.84832,10.59729]]}},{"type":"Feature","properties":{"name":null,"waterway":"stream"},"geometry":{"type":"LineString","coordinates":[[-66.38126,10.61475],[-66.38074,10.61496],[-66.38039,10.61511],[-66.37976,10.61537],[-66.37889,10.61565],[-66.37852,10.61565],[-66.37819,10.61547],[-66.37776,10.61557],[-66.37749,10.616],[-66.37744,10.61631],[-66.37737,10.61659],[-66.37737,10.61667],[-66.37743,10.61687],[-66.37738,10.6171]]}},{"type":"Feature","properties":{"name":null,"waterway":"stream"},"geometry":{"type":"LineString","coordinates":[[-66.34992,10.59855],[-66.34975,10.5987],[-66.3495,10.59877],[-66.3494,10.59883],[-66.34925,10.59905],[-66.34927,10.59919],[-66.34907,10.59931],[-66.34869,10.59947],[-66.34858,10.59958],[-66.34848,10.59978],[-66.34841,10.59995]]}},{"type":"Feature","properties":{"name":null,"waterway":"stream"},"geometry":{"type":"LineString","coordinates":[[-66.3485,10.59763],[-66.34836,10.59782],[-66.34828,10.59797],[-66.34815,10.59833]]}},{"type":"Feature","properties":{"name":"R\u00edo Guayabal","waterway":"river"},"geometry":{"type":"LineString","coordinates":[[-66.31342,10.61844],[-66.31337,10.61864],[-66.31337,10.61886],[-66.31341,10.61897],[-66.31351,10.61899],[-66.31367,10.61892],[-66.31385,10.61881]]}},{"type":"Feature","properties":{"name":null,"waterway":"stream"},"geometry":{"type":"LineString","coordinates":[[-66.45863,10.62514],[-66.45861,10.62535],[-66.45856,10.62552],[-66.45838,10.62579],[-66.45826,10.62598]]}},{"type":"Feature","properties":{"name":null,"waterway":"stream"},"geometry":{"type":"LineString","coordinates":[[-66.55451,10.62322],[-66.55486,10.62345]]}},{"type":"Feature","properties":{"name":null,"waterway":"stream"},"geometry":{"type":"LineString","coordinates":[[-66.55378,10.62296],[-66.55424,10.62312]]}},{"type":"Feature","properties":{"name":null,"waterway":"stream"},"geometry":{"type":"LineString","coordinates":[[-66.55424,10.62312],[-66.55451,10.62322]]}},{"type":"Feature","properties":{"name":null,"waterway":"stream"},"geometry":{"type":"LineString","coordinates":[[-67.08981,10.57949],[-67.08999,10.57958],[-67.09015,10.57965],[-67.09035,10.57976],[-67.09047,10.57981],[-67.09059,10.57992],[-67.09068,10.57997],[-67.09074,10.58001],[-67.09093,10.58007],[-67.09114,10.58013],[-67.09122,10.58017],[-67.09127,10.58022],[-67.09129,10.58023],[-67.09137,10.58026],[-67.0915,10.58033],[-67.09154,10.58035]]}},{"type":"Feature","properties":{"name":null,"waterway":"stream"},"geometry":{"type":"LineString","coordinates":[[-67.08583,10.58021],[-67.08589,10.5804],[-67.08593,10.58055],[-67.08603,10.58069],[-67.08619,10.58083],[-67.08633,10.58103],[-67.08644,10.58117],[-67.08656,10.58136],[-67.08657,10.58145],[-67.08649,10.58168],[-67.08642,10.58178],[-67.0865,10.58194],[-67.08654,10.5821],[-67.08659,10.58224],[-67.0866,10.58229],[-67.08666,10.58242],[-67.08674,10.58261],[-67.0868,10.58275],[-67.08692,10.58291],[-67.08705,10.58305],[-67.08712,10.58315],[-67.08725,10.58331],[-67.08733,10.58337],[-67.08745,10.58343]]}},{"type":"Feature","properties":{"name":null,"waterway":"stream"},"geometry":{"type":"LineString","coordinates":[[-67.08491,10.5825],[-67.08486,10.5826],[-67.08487,10.58263],[-67.08486,10.5827],[-67.08486,10.5828],[-67.08489,10.58288],[-67.08492,10.58295],[-67.08497,10.583],[-67.08502,10.58305],[-67.08504,10.58313],[-67.08507,10.58317],[-67.0851,10.58322],[-67.08517,10.58329],[-67.08519,10.58333],[-67.08523,10.58339],[-67.08529,10.58345],[-67.08535,10.58351],[-67.08538,10.58355],[-67.08544,10.5836],[-67.0855,10.58364],[-67.08556,10.58369]]}},{"type":"Feature","properties":{"name":null,"waterway":"stream"},"geometry":{"type":"LineString","coordinates":[[-67.09541,10.56934],[-67.09562,10.56965],[-67.09624,10.56992],[-67.09697,10.57035],[-67.09742,10.57079]]}},{"type":"Feature","properties":{"name":null,"waterway":"stream"},"geometry":{"type":"LineString","coordinates":[[-66.91296,10.59334],[-66.91276,10.59328],[-66.91262,10.59347],[-66.91241,10.59344],[-66.91238,10.59394],[-66.91265,10.59425]]}},{"type":"Feature","properties":{"name":null,"waterway":"stream"},"geometry":{"type":"LineString","coordinates":[[-66.91307,10.56523],[-66.91307,10.56539],[-66.91305,10.5656],[-66.91304,10.5658],[-66.91303,10.56604],[-66.913,10.56625],[-66.913,10.56639],[-66.91306,10.56664],[-66.91307,10.56675],[-66.91312,10.56686],[-66.91316,10.56696],[-66.9132,10.56707],[-66.9132,10.56719],[-66.9132,10.56794],[-66.91321,10.56805],[-66.91323,10.56816],[-66.91328,10.56825]]}},{"type":"Feature","properties":{"name":"Quebrada Camur\u00ed Chico","waterway":"river"},"geometry":{"type":"LineString","coordinates":[[-66.8683,10.60491],[-66.86839,10.6051],[-66.8685,10.60529],[-66.86867,10.60556],[-66.86881,10.60584],[-66.86905,10.6063],[-66.8692,10.60667],[-66.86931,10.60699],[-66.86944,10.60734],[-66.8696,10.60781],[-66.86982,10.60841],[-66.87017,10.60941],[-66.8703,10.6098],[-66.87041,10.61016],[-66.87047,10.61041],[-66.87068,10.61124],[-66.87072,10.61134],[-66.87093,10.6119],[-66.87109,10.61235],[-66.87133,10.61307]]}},{"type":"Feature","properties":{"name":null,"waterway":"stream"},"geometry":{"type":"LineString","coordinates":[[-66.79626,10.58709],[-66.79646,10.58725],[-66.79663,10.58739],[-66.797,10.58762],[-66.79715,10.58771],[-66.79728,10.58785],[-66.7975,10.58799],[-66.79768,10.58812],[-66.79793,10.58842],[-66.79807,10.58874],[-66.79812,10.58884],[-66.79816,10.58894],[-66.79822,10.58905],[-66.79828,10.58915],[-66.79834,10.58924],[-66.79838,10.58936],[-66.7984,10.58948],[-66.7984,10.59],[-66.79844,10.59024],[-66.79847,10.59038],[-66.79852,10.59051],[-66.79854,10.59062],[-66.79856,10.59073],[-66.79856,10.59096],[-66.79856,10.59107],[-66.7986,10.59119],[-66.79865,10.5913],[-66.79871,10.59141],[-66.7988,10.5915],[-66.79899,10.59161],[-66.79911,10.59166],[-66.79933,10.59176],[-66.79943,10.59181],[-66.79954,10.59187],[-66.79962,10.59195],[-66.79968,10.59205],[-66.79971,10.59215],[-66.79971,10.59227],[-66.7997,10.59237],[-66.7997,10.59249],[-66.79972,10.5927],[-66.79972,10.59282],[-66.79972,10.59294],[-66.79969,10.59305],[-66.79966,10.59336],[-66.79964,10.59347],[-66.79956,10.59367],[-66.79951,10.59377],[-66.79944,10.59386],[-66.79939,10.59395],[-66.79937,10.59407],[-66.79937,10.59425],[-66.79934,10.59438],[-66.79929,10.59448],[-66.79927,10.59458],[-66.79926,10.59469]]}},{"type":"Feature","properties":{"name":null,"waterway":"river"},"geometry":{"type":"LineString","coordinates":[[-66.91596,10.59823],[-66.91593,10.59857],[-66.91585,10.59942],[-66.91584,10.60057],[-66.91604,10.60162],[-66.91636,10.6025],[-66.91698,10.60321],[-66.91811,10.6045],[-66.91868,10.60531],[-66.91899,10.60544],[-66.9193,10.60542]]}},{"type":"Feature","properties":{"name":null,"waterway":"river"},"geometry":{"type":"LineString","coordinates":[[-66.91602,10.59749],[-66.91596,10.59823]]}},{"type":"Feature","properties":{"name":"R\u00edo Osma","waterway":"river"},"geometry":{"type":"LineString","coordinates":[[-66.51475,10.6277],[-66.51515,10.62774],[-66.51534,10.62786],[-66.5154,10.62826],[-66.51542,10.62846],[-66.51537,10.62865],[-66.51541,10.62893],[-66.5156,10.62911],[-66.51589,10.6293],[-66.51606,10.62943],[-66.51627,10.62963],[-66.51639,10.62985],[-66.51635,10.62994],[-66.51624,10.63003],[-66.51615,10.63009],[-66.51605,10.63006],[-66.51594,10.63002],[-66.51579,10.63004],[-66.51572,10.63012],[-66.51572,10.63019],[-66.51576,10.63027],[-66.51584,10.63036]]}},{"type":"Feature","properties":{"name":null,"waterway":"river"},"geometry":{"type":"LineString","coordinates":[[-66.43687,10.62421],[-66.43698,10.62455],[-66.43706,10.62472]]}},{"type":"Feature","properties":{"name":"R\u00edo Curucut\u00ed","waterway":"river"},"geometry":{"type":"LineString","coordinates":[[-66.97821,10.59154],[-66.97799,10.59186],[-66.97791,10.59203],[-66.97778,10.59242],[-66.97771,10.59267],[-66.97767,10.59287],[-66.97765,10.59297],[-66.97762,10.59304],[-66.97756,10.59314],[-66.97745,10.59337],[-66.9774,10.59349],[-66.97737,10.5936],[-66.97733,10.59376],[-66.97729,10.59391],[-66.97723,10.59411],[-66.97717,10.5943],[-66.97712,10.59443],[-66.97703,10.59464],[-66.97685,10.59504],[-66.97677,10.59526],[-66.97671,10.59542],[-66.97666,10.59556],[-66.97661,10.59567],[-66.97656,10.59582],[-66.97653,10.59596],[-66.97651,10.59607],[-66.97646,10.59624],[-66.97638,10.59642],[-66.97632,10.59653],[-66.97626,10.59661],[-66.97611,10.59681],[-66.97599,10.59698],[-66.97588,10.5971],[-66.97574,10.59724],[-66.97563,10.59737],[-66.97558,10.59744]]}},{"type":"Feature","properties":{"name":"R\u00edo Curucut\u00ed","waterway":"river"},"geometry":{"type":"LineString","coordinates":[[-66.97558,10.59744],[-66.97553,10.59754]]}}]}