{"type":"FeatureCollection","features":[{"type":"Feature","id":"way/24369402","properties":{"highway":"tertiary","ref":"R-25"},"geometry":{"type":"LineString","coordinates":[[-64.17764,10.97516],[-64.17777,10.974]]}},{"type":"Feature","id":"way/24369403","properties":{"name":"Avenida Aeropuerto","highway":"tertiary","ref":"R-4"},"geometry":{"type":"LineString","coordinates":[[-63.98678,10.95671],[-63.98605,10.95624],[-63.98613,10.9533]]}},{"type":"Feature","id":"way/24397003","properties":{"name":"Avenida 31 de Julio","highway":"primary","ref":"L-4"},"geometry":{"type":"LineString","coordinates":[[-63.95525,11.0909],[-63.95059,11.09104]]}},{"type":"Feature","id":"way/24418063","properties":{"name":"Calle La Marina","highway":"tertiary","ref":"R-25"},"geometry":{"type":"LineString","coordinates":[[-64.17878,10.9661],[-64.18022,10.96472]]}},{"type":"Feature","id":"way/24418644","properties":{"name":"Retorno de Las Guevaras","highway":"primary_link","ref":"L-5"},"geometry":{"type":"LineString","coordinates":[[-63.99078,10.95675],[-63.99213,10.95632],[-63.99071,10.95616]]}},{"type":"Feature","id":"way/24418645","properties":{"name":"Retorno de Las Guevaras","highway":"primary_link","ref":"L-5"},"geometry":{"type":"LineString","coordinates":[[-63.99379,10.95625],[-63.99276,10.95661],[-63.9946,10.95667]]}},{"type":"Feature","id":"way/24418646","properties":{"name":"Avenida Juan Bautista Arismendi","highway":"tertiary","ref":"L-3"},"geometry":{"type":"LineString","coordinates":[[-63.86066,10.95303],[-63.8732,10.95043]]}},{"type":"Feature","id":"way/24418647","properties":{"highway":"primary_link","ref":"L-5"},"geometry":{"type":"LineString","coordinates":[[-63.99564,10.95679],[-63.99583,10.95664]]}},{"type":"Feature","id":"way/24512165","properties":{"name":"Avenida Juan Bautista Arismendi","highway":"primary","ref":"R-11"},"geometry":{"type":"LineString","coordinates":[[-64.09475,10.90005],[-64.06081,10.92819]]}},{"type":"Feature","id":"way/24512232","properties":{"name":"Cruce de La Restinga","highway":"primary_link"},"geometry":{"type":"LineString","coordinates":[[-64.05799,10.93064],[-64.06027,10.92964]]}},{"type":"Feature","id":"way/24634655","properties":{"name":"Retorno de Macho Muerto","highway":"primary_link"},"geometry":{"type":"LineString","coordinates":[[-63.88872,10.94688],[-63.88737,10.94706],[-63.88836,10.94738]]}},{"type":"Feature","id":"way/24634656","properties":{"name":"Retorno","highway":"primary_link","ref":"L-5"},"geometry":{"type":"LineString","coordinates":[[-63.89805,10.94647],[-63.8997,10.94629],[-63.89817,10.94611]]}},{"type":"Feature","id":"way/24634666","properties":{"name":"Retorno de San Antonio","highway":"primary_link","ref":"L-5"},"geometry":{"type":"LineString","coordinates":[[-63.91415,10.94648],[-63.91272,10.94665],[-63.91433,10.94689]]}},{"type":"Feature","id":"way/24634669","properties":{"name":"Retorno de Villa Rosa","highway":"primary_link","ref":"L-5"},"geometry":{"type":"LineString","coordinates":[[-63.92962,10.94805],[-63.9306,10.94793],[-63.9297,10.94759]]}},{"type":"Feature","id":"way/24634670","properties":{"name":"Retorno de Villa Rosa","highway":"primary_link","ref":"L-5"},"geometry":{"type":"LineString","coordinates":[[-63.9319,10.94811],[-63.93079,10.94794],[-63.93179,10.94841]]}},{"type":"Feature","id":"way/24634673","properties":{"name":"Retorno de La Cruz","highway":"primary_link","ref":"L-5"},"geometry":{"type":"LineString","coordinates":[[-63.95551,10.95188],[-63.95401,10.95182],[-63.95518,10.95237]]}},{"type":"Feature","id":"way/24634674","properties":{"name":"Retorno de La Cruz","highway":"primary_link","ref":"L-5"},"geometry":{"type":"LineString","coordinates":[[-63.95567,10.95245],[-63.95705,10.95255],[-63.95616,10.95198]]}},{"type":"Feature","id":"way/24634675","properties":{"name":"Retorno de Espinal","highway":"primary_link","ref":"L-5"},"geometry":{"type":"LineString","coordinates":[[-63.97315,10.95512],[-63.97498,10.95507],[-63.97332,10.95476]]}},{"type":"Feature","id":"way/24634677","properties":{"name":"Retorno de Espinal","highway":"primary_link","ref":"L-5"},"geometry":{"type":"LineString","coordinates":[[-63.97713,10.95533],[-63.97528,10.95518],[-63.97737,10.95577]]}},{"type":"Feature","id":"way/26000226","properties":{"name":"Avenida R\u00f3mulo Betancourt","highway":"tertiary","ref":"R-19"},"geometry":{"type":"LineString","coordinates":[[-63.83758,10.97214],[-63.83285,10.96111]]}},{"type":"Feature","id":"way/26000229","properties":{"name":"Avenida Bol\u00edvar","highway":"tertiary","ref":"L-2"},"geometry":{"type":"LineString","coordinates":[[-63.81418,10.99274],[-63.81464,10.99086],[-63.81903,10.98577],[-63.82187,10.97895],[-63.82353,10.96341],[-63.82473,10.96239],[-63.83285,10.96111]]}},{"type":"Feature","id":"way/26000238","properties":{"name":"Avenida R\u00f3mulo Betancourt","highway":"tertiary","ref":"R-19"},"geometry":{"type":"LineString","coordinates":[[-63.83277,10.96111],[-63.83419,10.96599],[-63.83754,10.97223]]}},{"type":"Feature","id":"way/26000250","properties":{"name":"Avenida Francisco Esteban G\u00f3mez","highway":"tertiary"},"geometry":{"type":"LineString","coordinates":[[-63.82293,10.97201],[-63.83658,10.97501]]}},{"type":"Feature","id":"way/26000282","properties":{"name":"Calle Zamora","highway":"tertiary","ref":"L-3"},"geometry":{"type":"LineString","coordinates":[[-63.84603,10.95393],[-63.85978,10.95316]]}},{"type":"Feature","id":"way/37072269","properties":{"name":"Avenida Mario Oliveros","highway":"tertiary","ref":"R-4"},"geometry":{"type":"LineString","coordinates":[[-63.96838,10.89909],[-63.97322,10.90405],[-63.97945,10.90422],[-63.9839,10.90247],[-63.98645,10.90285],[-63.98804,10.90477],[-63.9874,10.91126],[-63.97623,10.92452],[-63.9751,10.92754]]}},{"type":"Feature","id":"way/37107095","properties":{"name":"Avenida Jos\u00e9 Asunci\u00f3n Rodr\u00edguez","highway":"primary","ref":"L-5"},"geometry":{"type":"LineString","coordinates":[[-63.87787,10.94935],[-63.87568,10.95043],[-63.8644,10.96518]]}},{"type":"Feature","id":"way/37107097","properties":{"name":"Retorno de Achipano","highway":"primary_link","ref":"L-5"},"geometry":{"type":"LineString","coordinates":[[-63.84426,10.98287],[-63.84489,10.9834]]}},{"type":"Feature","id":"way/37107098","properties":{"name":"Retorno de Achipano","highway":"primary_link","ref":"L-5"},"geometry":{"type":"LineString","coordinates":[[-63.844,10.98436],[-63.84333,10.98379]]}},{"type":"Feature","id":"way/37107102","properties":{"highway":"primary_link","ref":"L-3"},"geometry":{"type":"LineString","coordinates":[[-63.8709,10.95667],[-63.87057,10.95676]]}},{"type":"Feature","id":"way/37107104","properties":{"highway":"primary_link","ref":"L-5"},"geometry":{"type":"LineString","coordinates":[[-63.87054,10.95684],[-63.87063,10.95699]]}},{"type":"Feature","id":"way/37107117","properties":{"name":"Retorno de Los Robles","highway":"primary_link","ref":"L-3;L-5"},"geometry":{"type":"LineString","coordinates":[[-63.82829,10.99296],[-63.82776,10.9934],[-63.82895,10.99335]]}},{"type":"Feature","id":"way/37107118","properties":{"name":"Retorno de Los Robles","highway":"primary_link","ref":"L-3;L-5"},"geometry":{"type":"LineString","coordinates":[[-63.82657,10.99379],[-63.82751,10.99327],[-63.82646,10.99336]]}},{"type":"Feature","id":"way/37107119","properties":{"name":"Retorno de Jorge Coll","highway":"primary_link"},"geometry":{"type":"LineString","coordinates":[[-63.81887,10.99331],[-63.81883,10.99365]]}},{"type":"Feature","id":"way/37107120","properties":{"name":"Retorno de Jorge Coll","highway":"primary_link"},"geometry":{"type":"LineString","coordinates":[[-63.81753,10.99356],[-63.8178,10.99322]]}},{"type":"Feature","id":"way/37109879","properties":{"name":"Avenida Francisco Fajardo","highway":"tertiary","ref":"L-1"},"geometry":{"type":"LineString","coordinates":[[-63.85969,10.95891],[-63.86358,10.96459]]}},{"type":"Feature","id":"way/37109883","properties":{"name":"Distribuidor Conejeros","highway":"primary_link"},"geometry":{"type":"LineString","coordinates":[[-63.86514,10.96422],[-63.8635,10.96443]]}},{"type":"Feature","id":"way/37109885","properties":{"name":"Distribuidor Conejeros","highway":"primary_link"},"geometry":{"type":"LineString","coordinates":[[-63.86358,10.96459],[-63.86342,10.96627]]}},{"type":"Feature","id":"way/37109887","properties":{"name":"Distribuidor Conejeros","highway":"primary_link"},"geometry":{"type":"LineString","coordinates":[[-63.86344,10.96637],[-63.86518,10.96645]]}},{"type":"Feature","id":"way/37109889","properties":{"name":"Distribuidor Conejeros","highway":"primary_link"},"geometry":{"type":"LineString","coordinates":[[-63.86504,10.96615],[-63.865,10.96455]]}},{"type":"Feature","id":"way/37109892","properties":{"name":"Avenida Jos\u00e9 Asunci\u00f3n Rodr\u00edguez","highway":"primary","ref":"L-5"},"geometry":{"type":"LineString","coordinates":[[-63.87255,10.95464],[-63.87604,10.95025],[-63.87912,10.94924]]}},{"type":"Feature","id":"way/37109898","properties":{"name":"Avenida J\u00f3vito Villalba","highway":"primary","ref":"L-3;L-5"},"geometry":{"type":"LineString","coordinates":[[-63.83637,10.99086],[-63.82522,10.99375],[-63.8178,10.99322]]}},{"type":"Feature","id":"way/37109903","properties":{"name":"Distribuidor Conejeros","highway":"primary_link"},"geometry":{"type":"LineString","coordinates":[[-63.86411,10.96557],[-63.86418,10.96528]]}},{"type":"Feature","id":"way/37109905","properties":{"name":"Distribuidor Conejeros","highway":"primary_link"},"geometry":{"type":"LineString","coordinates":[[-63.86448,10.96562],[-63.8642,10.96562]]}},{"type":"Feature","id":"way/37109907","properties":{"name":"Distribuidor Conejeros","highway":"primary_link"},"geometry":{"type":"LineString","coordinates":[[-63.86414,10.96512],[-63.86449,10.96507]]}},{"type":"Feature","id":"way/37109908","properties":{"name":"Distribuidor Conejeros","highway":"primary_link"},"geometry":{"type":"LineString","coordinates":[[-63.86449,10.96524],[-63.86453,10.96556]]}},{"type":"Feature","id":"way/37109910","properties":{"name":"Avenida Bol\u00edvar","highway":"tertiary","ref":"L-2"},"geometry":{"type":"LineString","coordinates":[[-63.83283,10.961],[-63.82362,10.96308],[-63.82177,10.97891],[-63.81912,10.98536],[-63.81453,10.99086],[-63.81407,10.99272]]}},{"type":"Feature","id":"way/37109911","properties":{"name":"Carretera La Asunci\u00f3n - Los Robles","highway":"tertiary","ref":"L-2"},"geometry":{"type":"LineString","coordinates":[[-63.83743,11.01256],[-63.84194,11.01677],[-63.84255,11.02027],[-63.84599,11.02279]]}},{"type":"Feature","id":"way/37109912","properties":{"name":"Calle Principal de Los Robles","highway":"tertiary","ref":"L-2"},"geometry":{"type":"LineString","coordinates":[[-63.83756,10.99134],[-63.83616,10.99303]]}},{"type":"Feature","id":"way/37109914","properties":{"name":"Calle Bol\u00edvar","highway":"tertiary","ref":"L-2"},"geometry":{"type":"LineString","coordinates":[[-63.83346,10.99362],[-63.83387,10.99211]]}},{"type":"Feature","id":"way/37195257","properties":{"name":"Retorno de Guanare","highway":"primary_link","ref":"L-1"},"geometry":{"type":"LineString","coordinates":[[-63.86339,11.00533],[-63.86375,11.00548]]}},{"type":"Feature","id":"way/37195258","properties":{"name":"Retorno de Guanare","highway":"primary_link","ref":"L-1"},"geometry":{"type":"LineString","coordinates":[[-63.8634,11.00619],[-63.86305,11.00601]]}},{"type":"Feature","id":"way/37195259","properties":{"name":"Avenida Constituci\u00f3n","highway":"tertiary","ref":"L-1"},"geometry":{"type":"LineString","coordinates":[[-63.86276,11.02813],[-63.8615,11.02691]]}},{"type":"Feature","id":"way/37195260","properties":{"name":"Avenida Constituci\u00f3n","highway":"tertiary","ref":"L-1"},"geometry":{"type":"LineString","coordinates":[[-63.86023,11.02058],[-63.86062,11.02543],[-63.86255,11.02824]]}},{"type":"Feature","id":"way/37372402","properties":{"name":"Avenida Santiago Mari\u00f1o","highway":"tertiary","ref":"L-3"},"geometry":{"type":"LineString","coordinates":[[-63.84526,10.95412],[-63.84573,10.95398]]}},{"type":"Feature","id":"way/37372405","properties":{"name":"Avenida Santiago Mari\u00f1o","highway":"tertiary","ref":"L-3"},"geometry":{"type":"LineString","coordinates":[[-63.84564,10.95365],[-63.84531,10.95391]]}},{"type":"Feature","id":"way/37372406","properties":{"name":"Avenida Santiago Mari\u00f1o","highway":"tertiary","ref":"L-3"},"geometry":{"type":"LineString","coordinates":[[-63.84531,10.95391],[-63.84288,10.95545],[-63.84322,10.96175]]}},{"type":"Feature","id":"way/37372413","properties":{"name":"Avenida Francisco Fajardo","highway":"tertiary","ref":"L-1"},"geometry":{"type":"LineString","coordinates":[[-63.8635,10.96443],[-63.85938,10.95773]]}},{"type":"Feature","id":"way/37372421","properties":{"name":"Distribuidor Cerro Colorado","highway":"primary_link"},"geometry":{"type":"LineString","coordinates":[[-63.87534,10.95052],[-63.87583,10.95055]]}},{"type":"Feature","id":"way/37372423","properties":{"name":"Distribuidor Cerro Colorado","highway":"primary_link"},"geometry":{"type":"LineString","coordinates":[[-63.8732,10.95043],[-63.87451,10.9508],[-63.87438,10.95209]]}},{"type":"Feature","id":"way/37451669","properties":{"name":"Calle Virgen del Carmen","highway":"tertiary","ref":"L-1"},"geometry":{"type":"LineString","coordinates":[[-63.86489,11.02849],[-63.86756,11.02914]]}},{"type":"Feature","id":"way/37451680","properties":{"name":"Avenida Girardot","highway":"primary","ref":"L-1;R-15"},"geometry":{"type":"LineString","coordinates":[[-63.86876,11.03894],[-63.86162,11.03797],[-63.85777,11.0411]]}},{"type":"Feature","id":"way/37451683","properties":{"highway":"primary_link"},"geometry":{"type":"LineString","coordinates":[[-63.85624,11.02008],[-63.85679,11.01996]]}},{"type":"Feature","id":"way/37451684","properties":{"name":"Avenida 31 de Julio","highway":"primary","ref":"L-1"},"geometry":{"type":"LineString","coordinates":[[-63.85745,11.03835],[-63.85745,11.03933]]}},{"type":"Feature","id":"way/43138116","properties":{"name":"V\u00eda a La Isleta","highway":"tertiary"},"geometry":{"type":"LineString","coordinates":[[-63.92685,10.89327],[-63.92295,10.89258],[-63.90832,10.89328],[-63.89585,10.89147],[-63.89101,10.89237],[-63.88925,10.89373],[-63.88975,10.90868],[-63.88587,10.93055],[-63.88574,10.93569]]}},{"type":"Feature","id":"way/50484931","properties":{"name":"Avenida Aeropuerto","highway":"tertiary","ref":"R-4"},"geometry":{"type":"LineString","coordinates":[[-63.96941,10.91899],[-63.96931,10.91793]]}},{"type":"Feature","id":"way/50484932","properties":{"name":"Avenida Aeropuerto","highway":"tertiary","ref":"L-5"},"geometry":{"type":"LineString","coordinates":[[-63.98613,10.9533],[-63.98427,10.95608],[-63.9821,10.95633]]}},{"type":"Feature","id":"way/88259892","properties":{"name":"Avenida Juan de Castellanos","highway":"tertiary","ref":"R-10"},"geometry":{"type":"LineString","coordinates":[[-63.95875,11.07439],[-63.95853,11.07674],[-63.956,11.07951],[-63.9546,11.08536],[-63.95666,11.09012]]}},{"type":"Feature","id":"way/88259893","properties":{"name":"Avenida El Sol","highway":"tertiary","ref":"L-1"},"geometry":{"type":"LineString","coordinates":[[-63.96975,11.07844],[-63.97055,11.07903]]}},{"type":"Feature","id":"way/88265030","properties":{"highway":"tertiary"},"geometry":{"type":"LineString","coordinates":[[-63.94507,11.07232],[-63.94461,11.07637]]}},{"type":"Feature","id":"way/88285214","properties":{"name":"Calle La Mira","highway":"tertiary","ref":"R-18"},"geometry":{"type":"LineString","coordinates":[[-63.86667,11.12882],[-63.8689,11.13202],[-63.86956,11.13936],[-63.87545,11.14704]]}},{"type":"Feature","id":"way/88406427","properties":{"name":"Avenida Simplicio Rodr\u00edguez","highway":"primary","ref":"L-4"},"geometry":{"type":"LineString","coordinates":[[-63.98208,10.9565],[-63.98543,10.95864],[-63.98602,10.96203]]}},{"type":"Feature","id":"way/88407799","properties":{"highway":"primary_link"},"geometry":{"type":"LineString","coordinates":[[-63.97939,10.95695],[-63.98005,10.95618]]}},{"type":"Feature","id":"way/88407801","properties":{"highway":"primary_link"},"geometry":{"type":"LineString","coordinates":[[-63.97832,10.95592],[-63.97939,10.95695]]}},{"type":"Feature","id":"way/88408401","properties":{"name":"V\u00eda a La Tagua","highway":"tertiary","ref":"R-3"},"geometry":{"type":"LineString","coordinates":[[-63.92418,11.0682],[-63.92674,11.06077]]}},{"type":"Feature","id":"way/88408996","properties":{"highway":"tertiary"},"geometry":{"type":"LineString","coordinates":[[-63.94017,11.05215],[-63.94089,11.05374],[-63.9373,11.05913],[-63.93629,11.06256],[-63.93705,11.06431],[-63.94137,11.0672],[-63.94268,11.06984]]}},{"type":"Feature","id":"way/88410791","properties":{"name":"Avenida Principal de Villaroel","highway":"tertiary","ref":"R-5"},"geometry":{"type":"LineString","coordinates":[[-63.97773,10.98781],[-63.97728,10.98732]]}},{"type":"Feature","id":"way/88410792","properties":{"name":"Avenida Principal de Villaroel","highway":"primary_link"},"geometry":{"type":"LineString","coordinates":[[-64.00574,10.98847],[-64.00524,10.98873]]}},{"type":"Feature","id":"way/88410793","properties":{"name":"Avenida Principal de Villaroel","highway":"primary_link"},"geometry":{"type":"LineString","coordinates":[[-64.00524,10.98873],[-64.00583,10.98997]]}},{"type":"Feature","id":"way/88411697","properties":{"name":"V\u00eda Principal de La Guardia","highway":"tertiary","ref":"R-5"},"geometry":{"type":"LineString","coordinates":[[-64.0311,10.9645],[-64.03391,10.94998]]}},{"type":"Feature","id":"way/88413954","properties":{"name":"Carretera Las Marvales - El Guamache","highway":"tertiary"},"geometry":{"type":"LineString","coordinates":[[-64.05867,10.89108],[-64.04931,10.8993],[-64.04141,10.90908],[-64.04185,10.9271],[-64.04444,10.93566],[-64.04471,10.94053]]}},{"type":"Feature","id":"way/88413956","properties":{"name":"Avenida Principal de El Guamache","highway":"tertiary","ref":"R-12"},"geometry":{"type":"LineString","coordinates":[[-64.05867,10.89108],[-64.06669,10.90015],[-64.07712,10.90296],[-64.08118,10.90945]]}},{"type":"Feature","id":"way/88415398","properties":{"name":"Avenida Simplicio Rodr\u00edguez","highway":"primary","ref":"L-4"},"geometry":{"type":"LineString","coordinates":[[-63.97476,11.07643],[-63.97488,11.07585]]}},{"type":"Feature","id":"way/88425753","properties":{"name":"Avenida Bicentenaria","highway":"primary","ref":"L-1"},"geometry":{"type":"LineString","coordinates":[[-63.93361,11.07006],[-63.93332,11.07418],[-63.93446,11.07662],[-63.94435,11.08061],[-63.94672,11.0808],[-63.95463,11.07843],[-63.96473,11.08142]]}},{"type":"Feature","id":"way/88428455","properties":{"highway":"tertiary","ref":"R-26"},"geometry":{"type":"LineString","coordinates":[[-63.96806,11.05901],[-63.96266,11.06044]]}},{"type":"Feature","id":"way/88720213","properties":{"highway":"tertiary","ref":"L-1"},"geometry":{"type":"LineString","coordinates":[[-63.97,11.07723],[-63.96975,11.07844]]}},{"type":"Feature","id":"way/88729065","properties":{"name":"Avenida Simplicio Rodr\u00edguez","highway":"primary","ref":"L-4"},"geometry":{"type":"LineString","coordinates":[[-63.97478,11.0756],[-63.97455,11.07567]]}},{"type":"Feature","id":"way/88729075","properties":{"name":"Avenida Simplicio Rodr\u00edguez","highway":"primary","ref":"L-4"},"geometry":{"type":"LineString","coordinates":[[-63.97968,11.0733],[-63.97489,11.07555]]}},{"type":"Feature","id":"way/88729085","properties":{"name":"Avenida Simplicio Rodr\u00edguez","highway":"primary","ref":"L-4"},"geometry":{"type":"LineString","coordinates":[[-63.97101,11.07768],[-63.97293,11.07705]]}},{"type":"Feature","id":"way/89597679","properties":{"name":"Calle Las Flores","highway":"tertiary","ref":"R-8"},"geometry":{"type":"LineString","coordinates":[[-63.97224,10.99355],[-63.97267,10.99658],[-63.96707,11.00664]]}},{"type":"Feature","id":"way/89881086","properties":{"name":"Avenida Principal de El Guamache","highway":"tertiary","ref":"R-12"},"geometry":{"type":"LineString","coordinates":[[-64.08188,10.91067],[-64.08118,10.90945]]}},{"type":"Feature","id":"way/89881091","properties":{"name":"Cruce de La Restinga","highway":"primary_link"},"geometry":{"type":"LineString","coordinates":[[-64.06008,10.92896],[-64.05945,10.92928]]}},{"type":"Feature","id":"way/89881097","properties":{"highway":"primary_link"},"geometry":{"type":"LineString","coordinates":[[-64.04471,10.94053],[-64.04451,10.94125]]}},{"type":"Feature","id":"way/89881100","properties":{"name":"Retorno de El Guamache","highway":"primary_link"},"geometry":{"type":"LineString","coordinates":[[-64.08326,10.9106],[-64.0845,10.90906],[-64.08269,10.90999]]}},{"type":"Feature","id":"way/89881109","properties":{"name":"Retorno de El Guamache","highway":"primary_link"},"geometry":{"type":"LineString","coordinates":[[-64.08053,10.9118],[-64.07984,10.91296],[-64.08125,10.91225]]}},{"type":"Feature","id":"way/89881112","properties":{"name":"Carretera Principal de La Guardia","highway":"primary_link"},"geometry":{"type":"LineString","coordinates":[[-64.03391,10.94998],[-64.03411,10.94959]]}},{"type":"Feature","id":"way/89881114","properties":{"name":"Retorno de Las Guiles","highway":"primary_link","ref":"L-5"},"geometry":{"type":"LineString","coordinates":[[-64.02087,10.95334],[-64.02203,10.95303],[-64.02122,10.95289]]}},{"type":"Feature","id":"way/89881119","properties":{"name":"Carretera Regional Boca del R\u00edo - Punta de Piedras","highway":"primary","ref":"L-5"},"geometry":{"type":"LineString","coordinates":[[-64.06112,10.9299],[-64.11601,10.96143],[-64.15786,10.9714],[-64.16676,10.97566]]}},{"type":"Feature","id":"way/89881124","properties":{"name":"Cruce de La Restinga","highway":"primary_link"},"geometry":{"type":"LineString","coordinates":[[-64.06112,10.9299],[-64.06125,10.92803]]}},{"type":"Feature","id":"way/89881131","properties":{"name":"Carretera Principal de La Guardia","highway":"primary_link"},"geometry":{"type":"LineString","coordinates":[[-64.03366,10.94985],[-64.03391,10.94998]]}},{"type":"Feature","id":"way/89881135","properties":{"name":"Retorno de Las Guiles","highway":"primary_link","ref":"L-5"},"geometry":{"type":"LineString","coordinates":[[-64.02337,10.95239],[-64.02236,10.95286],[-64.0238,10.95278]]}},{"type":"Feature","id":"way/89881140","properties":{"highway":"primary_link"},"geometry":{"type":"LineString","coordinates":[[-64.04514,10.94074],[-64.04471,10.94053]]}},{"type":"Feature","id":"way/89881145","properties":{"name":"Avenida Juan Bautista Arismendi","highway":"primary","ref":"L-5"},"geometry":{"type":"LineString","coordinates":[[-63.87912,10.94924],[-63.894,10.94638],[-63.92381,10.94713],[-63.98427,10.95681],[-64.0053,10.95637],[-64.03271,10.95036],[-64.05799,10.93064]]}},{"type":"Feature","id":"way/89881162","properties":{"name":"Cruce de La Restinga","highway":"primary_link"},"geometry":{"type":"LineString","coordinates":[[-64.06081,10.92819],[-64.06008,10.92896]]}},{"type":"Feature","id":"way/89881167","properties":{"name":"Avenida Principal de El Guamache","highway":"tertiary","ref":"R-12"},"geometry":{"type":"LineString","coordinates":[[-64.08118,10.90945],[-64.08182,10.91072]]}},{"type":"Feature","id":"way/89884773","properties":{"highway":"primary_link"},"geometry":{"type":"LineString","coordinates":[[-63.99592,10.95647],[-63.99537,10.95605]]}},{"type":"Feature","id":"way/89884774","properties":{"name":"Avenida Aeropuerto","highway":"tertiary","ref":"R-4"},"geometry":{"type":"LineString","coordinates":[[-63.96941,10.91899],[-63.97081,10.92322],[-63.98149,10.93443],[-63.98294,10.94197],[-63.98615,10.94768],[-63.98613,10.9533]]}},{"type":"Feature","id":"way/89884779","properties":{"highway":"primary_link","ref":"L-5"},"geometry":{"type":"LineString","coordinates":[[-63.99537,10.95605],[-63.99484,10.95643]]}},{"type":"Feature","id":"way/89884781","properties":{"name":"Carretera Regional San Juan Bautista - El Espinal","highway":"secondary","ref":"R-4"},"geometry":{"type":"LineString","coordinates":[[-63.97939,10.95695],[-63.9812,10.96756],[-63.97977,10.98167],[-63.97728,10.98732]]}},{"type":"Feature","id":"way/89884789","properties":{"name":"Avenida Simplicio Rodr\u00edguez","highway":"primary","ref":"L-5"},"geometry":{"type":"LineString","coordinates":[[-63.98602,10.96203],[-63.98632,10.95894],[-63.9897,10.95677]]}},{"type":"Feature","id":"way/89884791","properties":{"highway":"primary_link","ref":"L-5"},"geometry":{"type":"LineString","coordinates":[[-63.97898,10.95559],[-63.97865,10.95578]]}},{"type":"Feature","id":"way/89884795","properties":{"highway":"primary_link"},"geometry":{"type":"LineString","coordinates":[[-63.97935,10.95589],[-63.97898,10.95559]]}},{"type":"Feature","id":"way/89884797","properties":{"highway":"primary_link"},"geometry":{"type":"LineString","coordinates":[[-63.99543,10.95665],[-63.99564,10.95679]]}},{"type":"Feature","id":"way/89886361","properties":{"highway":"primary_link"},"geometry":{"type":"LineString","coordinates":[[-63.96947,10.95441],[-63.9683,10.95391]]}},{"type":"Feature","id":"way/89886364","properties":{"highway":"primary_link"},"geometry":{"type":"LineString","coordinates":[[-63.96853,10.95443],[-63.96871,10.95467]]}},{"type":"Feature","id":"way/89886367","properties":{"highway":"primary_link"},"geometry":{"type":"LineString","coordinates":[[-63.9683,10.95391],[-63.96778,10.95414]]}},{"type":"Feature","id":"way/89886374","properties":{"highway":"primary_link"},"geometry":{"type":"LineString","coordinates":[[-63.96871,10.95467],[-63.96897,10.9545]]}},{"type":"Feature","id":"way/91087234","properties":{"name":"Retorno de Macho Muerto","highway":"primary_link"},"geometry":{"type":"LineString","coordinates":[[-63.88523,10.94801],[-63.88662,10.94725],[-63.8849,10.94775]]}},{"type":"Feature","id":"way/92716147","properties":{"name":"Retorno","highway":"primary_link","ref":"L-1"},"geometry":{"type":"LineString","coordinates":[[-63.85791,11.01404],[-63.85747,11.01472],[-63.85808,11.01445]]}},{"type":"Feature","id":"way/92716148","properties":{"name":"Retorno de Guatamare","highway":"primary_link","ref":"L-1"},"geometry":{"type":"LineString","coordinates":[[-63.86665,10.97924],[-63.86731,10.97996],[-63.8673,10.97892]]}},{"type":"Feature","id":"way/92716149","properties":{"name":"Retorno de la UDO","highway":"primary_link","ref":"L-1"},"geometry":{"type":"LineString","coordinates":[[-63.87259,10.9934],[-63.87224,10.99235],[-63.8721,10.99353]]}},{"type":"Feature","id":"way/92716150","properties":{"name":"Retorno","highway":"primary_link","ref":"L-1"},"geometry":{"type":"LineString","coordinates":[[-63.85728,11.01608],[-63.85753,11.01508],[-63.857,11.01543]]}},{"type":"Feature","id":"way/92716151","properties":{"name":"Retorno del Sambil","highway":"primary_link"},"geometry":{"type":"LineString","coordinates":[[-63.81214,10.99364],[-63.81152,10.99411],[-63.81235,10.994]]}},{"type":"Feature","id":"way/92716152","properties":{"name":"Retorno de Guatamare","highway":"primary_link","ref":"L-1"},"geometry":{"type":"LineString","coordinates":[[-63.86692,10.97749],[-63.86632,10.97613],[-63.86601,10.97731]]}},{"type":"Feature","id":"way/92716153","properties":{"name":"Retorno del Sambil","highway":"primary_link"},"geometry":{"type":"LineString","coordinates":[[-63.81046,10.99464],[-63.8114,10.9942],[-63.81038,10.99423]]}},{"type":"Feature","id":"way/92716156","properties":{"name":"Retorno de la UDO","highway":"primary_link","ref":"L-1"},"geometry":{"type":"LineString","coordinates":[[-63.87197,10.99128],[-63.87249,10.99211],[-63.87244,10.99098]]}},{"type":"Feature","id":"way/92716157","properties":{"name":"Retorno","highway":"primary_link","ref":"L-3;L-5"},"geometry":{"type":"LineString","coordinates":[[-63.80761,10.99462],[-63.80597,10.99477],[-63.80784,10.99474]]}},{"type":"Feature","id":"way/92716158","properties":{"name":"Avenida J\u00f3vito Villalba","highway":"primary","ref":"L-5"},"geometry":{"type":"LineString","coordinates":[[-63.86423,10.96559],[-63.86445,10.96528]]}},{"type":"Feature","id":"way/92718907","properties":{"name":"Avenida El Valle","highway":"secondary","ref":"R-23"},"geometry":{"type":"LineString","coordinates":[[-63.88595,10.98199],[-63.88061,10.97662],[-63.87314,10.97173],[-63.87178,10.96991],[-63.8671,10.96798]]}},{"type":"Feature","id":"way/92718911","properties":{"name":"Avenida El Valle","highway":"secondary","ref":"R-23"},"geometry":{"type":"LineString","coordinates":[[-63.8671,10.96803],[-63.87021,10.96885],[-63.87307,10.97178],[-63.88018,10.97637],[-63.88561,10.98219]]}},{"type":"Feature","id":"way/92718913","properties":{"name":"Avenida Principal de El Piache","highway":"primary_link"},"geometry":{"type":"LineString","coordinates":[[-63.88233,10.94859],[-63.88253,10.94894]]}},{"type":"Feature","id":"way/92718916","properties":{"name":"Cruce de El Valle","highway":"primary_link"},"geometry":{"type":"LineString","coordinates":[[-63.8671,10.96798],[-63.86584,10.96735]]}},{"type":"Feature","id":"way/92718921","properties":{"name":"Avenida 4 de Mayo","highway":"tertiary","ref":"L-3"},"geometry":{"type":"LineString","coordinates":[[-63.84047,10.96616],[-63.83668,10.974],[-63.83492,10.98043],[-63.83499,10.98272],[-63.83769,10.98884]]}},{"type":"Feature","id":"way/92718922","properties":{"name":"Cruce de El Valle","highway":"primary_link"},"geometry":{"type":"LineString","coordinates":[[-63.86597,10.96903],[-63.86636,10.96829]]}},{"type":"Feature","id":"way/92718926","properties":{"name":"Avenida Principal de El Piache","highway":"primary_link"},"geometry":{"type":"LineString","coordinates":[[-63.88253,10.94894],[-63.88302,10.94845]]}},{"type":"Feature","id":"way/92718938","properties":{"name":"Cruce de El Valle","highway":"primary_link"},"geometry":{"type":"LineString","coordinates":[[-63.86636,10.96829],[-63.8671,10.96803]]}},{"type":"Feature","id":"way/92725981","properties":{"name":"Calle Marcano","highway":"tertiary","ref":"R-8"},"geometry":{"type":"LineString","coordinates":[[-63.95953,11.00925],[-63.95865,11.00355],[-63.96059,10.99987]]}},{"type":"Feature","id":"way/93121862","properties":{"name":"Avenida Luisa C\u00e1ceres de Arismendi","highway":"primary","ref":"L-2"},"geometry":{"type":"LineString","coordinates":[[-63.85489,11.03746],[-63.84761,11.03037],[-63.82794,11.02288],[-63.82566,11.0196]]}},{"type":"Feature","id":"way/93252802","properties":{"name":"Carretera Regional Boca del R\u00edo - Punta de Piedras","highway":"primary","ref":"L-5"},"geometry":{"type":"LineString","coordinates":[[-64.16676,10.97566],[-64.1683,10.9768]]}},{"type":"Feature","id":"way/93368218","properties":{"name":"Avenida Aeropuerto","highway":"tertiary","ref":"R-4"},"geometry":{"type":"LineString","coordinates":[[-63.96918,10.91801],[-63.96918,10.91801]]}},{"type":"Feature","id":"way/100100131","properties":{"name":"Calle Uni\u00f3n","highway":"tertiary","ref":"L-1"},"geometry":{"type":"LineString","coordinates":[[-63.86516,11.03023],[-63.86307,11.02933]]}},{"type":"Feature","id":"way/119056287","properties":{"name":"Avenida Llano Adentro","highway":"tertiary","ref":"R-19"},"geometry":{"type":"LineString","coordinates":[[-63.84821,10.95843],[-63.84942,10.96025],[-63.85291,10.97369]]}},{"type":"Feature","id":"way/119056306","properties":{"name":"Avenida Terranova","highway":"tertiary","ref":"R-19"},"geometry":{"type":"LineString","coordinates":[[-63.83762,10.97234],[-63.83901,10.97323],[-63.84125,10.97161],[-63.85135,10.96832]]}},{"type":"Feature","id":"way/119056312","properties":{"name":"Avenida Llano Adentro","highway":"tertiary","ref":"R-19"},"geometry":{"type":"LineString","coordinates":[[-63.853,10.97363],[-63.84956,10.96037],[-63.84828,10.95833]]}},{"type":"Feature","id":"way/119056357","properties":{"name":"Avenida Santiago Mari\u00f1o","highway":"tertiary","ref":"L-3"},"geometry":{"type":"LineString","coordinates":[[-63.84331,10.96173],[-63.84298,10.95547],[-63.84526,10.95412]]}},{"type":"Feature","id":"way/136324457","properties":{"name":"Avenida Juan Bautista Arismendi","highway":"primary","ref":"R-11"},"geometry":{"type":"LineString","coordinates":[[-64.06008,10.92896],[-64.09497,10.90032]]}},{"type":"Feature","id":"way/154760895","properties":{"name":"Carretera Principal de Agua de Vaca","highway":"tertiary"},"geometry":{"type":"LineString","coordinates":[[-63.81842,11.01712],[-63.81984,11.02237],[-63.81692,11.03101]]}},{"type":"Feature","id":"way/163655936","properties":{"name":"Calle Antonio D\u00edaz","highway":"tertiary","ref":"L-3"},"geometry":{"type":"LineString","coordinates":[[-63.7933,11.00167],[-63.79835,10.99836]]}},{"type":"Feature","id":"way/169668345","properties":{"name":"Calle Principal de San Antonio","highway":"tertiary","ref":"R-21"},"geometry":{"type":"LineString","coordinates":[[-63.92085,10.94731],[-63.91902,10.95646]]}},{"type":"Feature","id":"way/169670683","properties":{"highway":"primary_link"},"geometry":{"type":"LineString","coordinates":[[-63.86719,10.97846],[-63.86742,10.97808]]}},{"type":"Feature","id":"way/169670690","properties":{"highway":"tertiary","ref":"R-23"},"geometry":{"type":"LineString","coordinates":[[-63.88333,10.98372],[-63.88363,10.9828]]}},{"type":"Feature","id":"way/169732383","properties":{"name":"Calle Virgen del Carmen","highway":"tertiary","ref":"L-1;L-2"},"geometry":{"type":"LineString","coordinates":[[-63.86276,11.02813],[-63.86255,11.02824]]}},{"type":"Feature","id":"way/169732387","properties":{"name":"Calle Matasiete","highway":"tertiary","ref":"L-2"},"geometry":{"type":"LineString","coordinates":[[-63.86242,11.02878],[-63.85941,11.02683]]}},{"type":"Feature","id":"way/169732401","properties":{"name":"V\u00eda a La Sierra","highway":"tertiary","ref":"R-23"},"geometry":{"type":"LineString","coordinates":[[-63.86721,11.02532],[-63.86704,11.02325],[-63.87066,11.02057]]}},{"type":"Feature","id":"way/169732456","properties":{"name":"Avenida Juan Bautista Arismendi","highway":"tertiary","ref":"L-1"},"geometry":{"type":"LineString","coordinates":[[-63.8571,11.0207],[-63.85689,11.01753]]}},{"type":"Feature","id":"way/169735221","properties":{"name":"Avenida Juan Bautista Arismendi","highway":"tertiary","ref":"L-1"},"geometry":{"type":"LineString","coordinates":[[-63.85645,11.01891],[-63.85704,11.02071]]}},{"type":"Feature","id":"way/169735224","properties":{"highway":"primary_link","ref":"L-1"},"geometry":{"type":"LineString","coordinates":[[-63.85664,11.01949],[-63.85635,11.0193]]}},{"type":"Feature","id":"way/169735285","properties":{"name":"Avenida Constituci\u00f3n","highway":"tertiary","ref":"L-1"},"geometry":{"type":"LineString","coordinates":[[-63.8615,11.02691],[-63.86044,11.02042]]}},{"type":"Feature","id":"way/184934001","properties":{"name":"Avenida El Card\u00f3n","highway":"tertiary","ref":"L-7"},"geometry":{"type":"LineString","coordinates":[[-63.99273,10.7782],[-63.99143,10.77701]]}},{"type":"Feature","id":"way/184934018","properties":{"highway":"tertiary","ref":"L-7"},"geometry":{"type":"LineString","coordinates":[[-63.99143,10.77701],[-63.99125,10.77717]]}},{"type":"Feature","id":"way/184934019","properties":{"name":"Carretera San Pedro - El Guamache","highway":"secondary","ref":"L-7"},"geometry":{"type":"LineString","coordinates":[[-63.98469,10.78346],[-63.98319,10.78467],[-63.97969,10.7846],[-63.97669,10.78585],[-63.97305,10.78343],[-63.96824,10.78247],[-63.96629,10.78087],[-63.9636,10.77421],[-63.95885,10.77064]]}},{"type":"Feature","id":"way/195840889","properties":{"name":"Calle San Antonio","highway":"tertiary","ref":"R-21"},"geometry":{"type":"LineString","coordinates":[[-63.90358,10.94693],[-63.9094,10.95176],[-63.90993,10.95325],[-63.91633,10.95658],[-63.91902,10.95646]]}},{"type":"Feature","id":"way/203619855","properties":{"highway":"primary_link","ref":"R-11"},"geometry":{"type":"LineString","coordinates":[[-64.07862,10.91422],[-64.07871,10.91402]]}},{"type":"Feature","id":"way/204764141","properties":{"name":"Avenida Aeropuerto","highway":"tertiary","ref":"R-4"},"geometry":{"type":"LineString","coordinates":[[-63.96909,10.91798],[-63.96941,10.91899]]}},{"type":"Feature","id":"way/217383753","properties":{"name":"Avenida Luisa C\u00e1ceres de Arismendi","highway":"primary","ref":"L-2"},"geometry":{"type":"LineString","coordinates":[[-63.82531,11.01967],[-63.82776,11.0229],[-63.84782,11.03087],[-63.85118,11.03479],[-63.8557,11.03794]]}},{"type":"Feature","id":"way/223557979","properties":{"name":"Avenida Principal de San Pedro","highway":"tertiary","ref":"L-7"},"geometry":{"type":"LineString","coordinates":[[-63.99558,10.78201],[-63.99102,10.78897]]}},{"type":"Feature","id":"way/224531194","properties":{"highway":"tertiary","ref":"R-23"},"geometry":{"type":"LineString","coordinates":[[-63.88407,10.98242],[-63.88543,10.98348]]}},{"type":"Feature","id":"way/225347194","properties":{"name":"V\u00eda a La Sierra","highway":"tertiary","ref":"R-23"},"geometry":{"type":"LineString","coordinates":[[-63.88609,10.98823],[-63.88892,10.9917],[-63.88793,10.99503],[-63.88647,10.99412],[-63.88513,10.99525],[-63.88649,10.99623],[-63.88518,11.00022],[-63.88746,11.0018],[-63.88702,11.00793],[-63.88329,11.01045],[-63.88009,11.00919],[-63.87552,11.01069],[-63.87066,11.02057]]}},{"type":"Feature","id":"way/228166313","properties":{"name":"Calle Principal de Los Robles","highway":"tertiary","ref":"L-2"},"geometry":{"type":"LineString","coordinates":[[-63.83872,10.98969],[-63.83756,10.99134]]}},{"type":"Feature","id":"way/229570584","properties":{"name":"Avenida Simplicio Rodr\u00edguez","highway":"primary","ref":"L-4"},"geometry":{"type":"LineString","coordinates":[[-63.97455,11.07567],[-63.97315,11.07614]]}},{"type":"Feature","id":"way/229570585","properties":{"name":"Avenida Jes\u00fas Rafael Leandro","highway":"primary","ref":"L-4"},"geometry":{"type":"LineString","coordinates":[[-63.97068,11.07714],[-63.96848,11.08506]]}},{"type":"Feature","id":"way/230749175","properties":{"name":"Avenida Simplicio Rodr\u00edguez","highway":"primary","ref":"L-4"},"geometry":{"type":"LineString","coordinates":[[-63.98602,10.96203],[-63.98777,10.96512],[-63.9989,10.97412],[-64.00474,10.98352]]}},{"type":"Feature","id":"way/230749176","properties":{"name":"Avenida Simplicio Rodr\u00edguez","highway":"primary","ref":"L-4"},"geometry":{"type":"LineString","coordinates":[[-64.00609,10.99233],[-64.00865,10.99577]]}},{"type":"Feature","id":"way/230749177","properties":{"name":"Avenida Simplicio Rodr\u00edguez","highway":"primary","ref":"L-4;R-5"},"geometry":{"type":"LineString","coordinates":[[-64.00652,10.99229],[-64.00604,10.98613]]}},{"type":"Feature","id":"way/230749213","properties":{"name":"Avenida Principal de Villaroel","highway":"tertiary","ref":"R-5"},"geometry":{"type":"LineString","coordinates":[[-64.00524,10.98873],[-64.00209,10.98652],[-63.97773,10.98781]]}},{"type":"Feature","id":"way/230749224","properties":{"highway":"primary_link"},"geometry":{"type":"LineString","coordinates":[[-64.00656,10.98989],[-64.00587,10.98882]]}},{"type":"Feature","id":"way/230749225","properties":{"highway":"primary_link"},"geometry":{"type":"LineString","coordinates":[[-63.92698,10.94763],[-63.92723,10.94792]]}},{"type":"Feature","id":"way/230749228","properties":{"highway":"primary_link"},"geometry":{"type":"LineString","coordinates":[[-63.92723,10.94792],[-63.92747,10.94771]]}},{"type":"Feature","id":"way/230749240","properties":{"name":"Retorno de La Guardia","highway":"primary_link"},"geometry":{"type":"LineString","coordinates":[[-64.00609,10.99233],[-64.0065,10.99291],[-64.00652,10.99229]]}},{"type":"Feature","id":"way/230749241","properties":{"highway":"primary_link"},"geometry":{"type":"LineString","coordinates":[[-64.00599,10.99053],[-64.00654,10.9899]]}},{"type":"Feature","id":"way/230749242","properties":{"name":"Retorno de La Guardia","highway":"primary_link"},"geometry":{"type":"LineString","coordinates":[[-64.00604,10.98613],[-64.0056,10.9862]]}},{"type":"Feature","id":"way/233194371","properties":{"name":"Calle El Muelle","highway":"secondary"},"geometry":{"type":"LineString","coordinates":[[-63.99161,10.7908],[-63.99102,10.78897]]}},{"type":"Feature","id":"way/297615681","properties":{"name":"Avenida 4 de Mayo","highway":"tertiary","ref":"L-3"},"geometry":{"type":"LineString","coordinates":[[-63.83775,10.98878],[-63.83507,10.98274],[-63.83499,10.98046],[-63.83677,10.97414],[-63.8406,10.96614]]}},{"type":"Feature","id":"way/302253520","properties":{"name":"Calle Bol\u00edvar","highway":"tertiary","ref":"L-2"},"geometry":{"type":"LineString","coordinates":[[-63.83394,10.99398],[-63.83502,10.9965]]}},{"type":"Feature","id":"way/311356627","properties":{"name":"Avenida Rafael \"Fucho\" Tovar","highway":"primary","ref":"L-1"},"geometry":{"type":"LineString","coordinates":[[-63.85728,11.01608],[-63.86429,11.0042],[-63.8717,10.99576],[-63.87266,10.99288],[-63.87149,10.98746],[-63.86779,10.98069],[-63.86642,10.97562],[-63.86596,10.96777],[-63.86414,10.96512]]}},{"type":"Feature","id":"way/321583249","properties":{"name":"Calle La Marina","highway":"tertiary","ref":"R-25"},"geometry":{"type":"LineString","coordinates":[[-64.18032,10.96145],[-64.18022,10.96472]]}},{"type":"Feature","id":"way/369021685","properties":{"name":"Entrada a Villa Juana","highway":"primary_link"},"geometry":{"type":"LineString","coordinates":[[-63.93328,10.94867],[-63.93444,10.94935]]}},{"type":"Feature","id":"way/369021686","properties":{"name":"Entrada a Villa Juana","highway":"primary_link"},"geometry":{"type":"LineString","coordinates":[[-63.93444,10.94935],[-63.93492,10.94894]]}},{"type":"Feature","id":"way/385544806","properties":{"highway":"tertiary","ref":"R-25"},"geometry":{"type":"LineString","coordinates":[[-64.18048,10.96202],[-64.1803,10.96205]]}},{"type":"Feature","id":"way/392739268","properties":{"name":"Retorno de San Antonio","highway":"primary_link","ref":"L-5"},"geometry":{"type":"LineString","coordinates":[[-63.91119,10.94681],[-63.91249,10.9466],[-63.91119,10.94652]]}},{"type":"Feature","id":"way/413419569","properties":{"name":"Distribuidor Cerro Colorado","highway":"primary_link"},"geometry":{"type":"LineString","coordinates":[[-63.87583,10.95055],[-63.87722,10.94986]]}},{"type":"Feature","id":"way/413419570","properties":{"name":"Avenida Juan Bautista Arismendi","highway":"tertiary","ref":"L-3"},"geometry":{"type":"LineString","coordinates":[[-63.87429,10.95011],[-63.86032,10.95294]]}},{"type":"Feature","id":"way/413419583","properties":{"name":"Calle Joaqu\u00edn Maneiro","highway":"tertiary","ref":"L-3"},"geometry":{"type":"LineString","coordinates":[[-63.80574,10.99433],[-63.80513,10.99441]]}},{"type":"Feature","id":"way/413423467","properties":{"highway":"primary_link","ref":"R-11"},"geometry":{"type":"LineString","coordinates":[[-64.07418,10.91726],[-64.07421,10.91707]]}},{"type":"Feature","id":"way/413423469","properties":{"highway":"primary_link"},"geometry":{"type":"LineString","coordinates":[[-64.07837,10.91416],[-64.07862,10.91422]]}},{"type":"Feature","id":"way/413423471","properties":{"highway":"primary_link"},"geometry":{"type":"LineString","coordinates":[[-64.07395,10.91728],[-64.07418,10.91726]]}},{"type":"Feature","id":"way/413423487","properties":{"highway":"primary_link","ref":"R-11"},"geometry":{"type":"LineString","coordinates":[[-64.07119,10.91984],[-64.07124,10.91952]]}},{"type":"Feature","id":"way/413423490","properties":{"highway":"primary_link"},"geometry":{"type":"LineString","coordinates":[[-64.07087,10.91983],[-64.07119,10.91984]]}},{"type":"Feature","id":"way/413423493","properties":{"highway":"primary_link"},"geometry":{"type":"LineString","coordinates":[[-64.08743,10.90558],[-64.08712,10.90627]]}},{"type":"Feature","id":"way/413423496","properties":{"highway":"primary_link"},"geometry":{"type":"LineString","coordinates":[[-64.08802,10.90556],[-64.0875,10.90553]]}},{"type":"Feature","id":"way/413429725","properties":{"highway":"primary_link"},"geometry":{"type":"LineString","coordinates":[[-63.94936,10.95076],[-63.9482,10.951]]}},{"type":"Feature","id":"way/413429726","properties":{"highway":"primary_link"},"geometry":{"type":"LineString","coordinates":[[-63.95046,10.95137],[-63.94936,10.95076]]}},{"type":"Feature","id":"way/413430777","properties":{"highway":"primary_link"},"geometry":{"type":"LineString","coordinates":[[-63.9291,10.94732],[-63.92853,10.94763]]}},{"type":"Feature","id":"way/413430778","properties":{"name":"Calle Principal de San Antonio","highway":"tertiary"},"geometry":{"type":"LineString","coordinates":[[-63.92085,10.94731],[-63.92111,10.94707]]}},{"type":"Feature","id":"way/413430780","properties":{"highway":"primary_link"},"geometry":{"type":"LineString","coordinates":[[-63.9297,10.94759],[-63.9291,10.94732]]}},{"type":"Feature","id":"way/413430781","properties":{"name":"Calle Principal de San Antonio","highway":"tertiary"},"geometry":{"type":"LineString","coordinates":[[-63.92058,10.94705],[-63.92085,10.94731]]}},{"type":"Feature","id":"way/413431857","properties":{"highway":"primary_link"},"geometry":{"type":"LineString","coordinates":[[-63.9031,10.94661],[-63.90358,10.94693]]}},{"type":"Feature","id":"way/413431858","properties":{"highway":"primary_link"},"geometry":{"type":"LineString","coordinates":[[-63.90323,10.94643],[-63.90292,10.94619]]}},{"type":"Feature","id":"way/413431859","properties":{"highway":"primary_link"},"geometry":{"type":"LineString","coordinates":[[-63.90292,10.94619],[-63.90261,10.94641]]}},{"type":"Feature","id":"way/413431861","properties":{"highway":"primary_link"},"geometry":{"type":"LineString","coordinates":[[-63.90358,10.94693],[-63.90374,10.94663]]}},{"type":"Feature","id":"way/413438780","properties":{"highway":"primary_link"},"geometry":{"type":"LineString","coordinates":[[-63.86794,10.96056],[-63.86768,10.96062]]}},{"type":"Feature","id":"way/413438781","properties":{"highway":"primary_link","ref":"L-5"},"geometry":{"type":"LineString","coordinates":[[-63.86768,10.96062],[-63.86752,10.96112]]}},{"type":"Feature","id":"way/413439523","properties":{"highway":"primary_link"},"geometry":{"type":"LineString","coordinates":[[-63.85778,10.96956],[-63.85749,10.96953]]}},{"type":"Feature","id":"way/413439525","properties":{"highway":"primary_link"},"geometry":{"type":"LineString","coordinates":[[-63.85312,10.97341],[-63.85286,10.97337]]}},{"type":"Feature","id":"way/413439528","properties":{"highway":"primary_link","ref":"L-1"},"geometry":{"type":"LineString","coordinates":[[-63.85734,10.96993],[-63.85754,10.97004]]}},{"type":"Feature","id":"way/413441479","properties":{"name":"Distribuidor Los Robles","highway":"primary_link","ref":"L-3;L-5"},"geometry":{"type":"LineString","coordinates":[[-63.83769,10.98884],[-63.83637,10.99086]]}},{"type":"Feature","id":"way/413441480","properties":{"name":"Distribuidor Los Robles","highway":"primary_link","ref":"L-3;L-5"},"geometry":{"type":"LineString","coordinates":[[-63.83799,10.98963],[-63.8374,10.98924]]}},{"type":"Feature","id":"way/413441481","properties":{"name":"Distribuidor Los Robles","highway":"primary_link","ref":"L-5"},"geometry":{"type":"LineString","coordinates":[[-63.83834,10.98927],[-63.83948,10.98754]]}},{"type":"Feature","id":"way/413441482","properties":{"name":"Calle Bol\u00edvar","highway":"tertiary","ref":"L-3;L-5"},"geometry":{"type":"LineString","coordinates":[[-63.83387,10.99211],[-63.83438,10.99183]]}},{"type":"Feature","id":"way/413441484","properties":{"name":"Avenida J\u00f3vito Villalba","highway":"primary","ref":"L-5"},"geometry":{"type":"LineString","coordinates":[[-63.83791,10.98925],[-63.83819,10.98893]]}},{"type":"Feature","id":"way/413441485","properties":{"name":"Avenida J\u00f3vito Villalba","highway":"primary","ref":"L-3;L-5"},"geometry":{"type":"LineString","coordinates":[[-63.83814,10.98888],[-63.83786,10.9892]]}},{"type":"Feature","id":"way/413441487","properties":{"name":"Avenida Circunvalaci\u00f3n Norte","highway":"primary","ref":"L-5"},"geometry":{"type":"LineString","coordinates":[[-63.85601,10.97074],[-63.84857,10.97666],[-63.84493,10.98222],[-63.83911,10.98775]]}},{"type":"Feature","id":"way/413441489","properties":{"name":"Calle Bol\u00edvar","highway":"tertiary","ref":"L-2"},"geometry":{"type":"LineString","coordinates":[[-63.83346,10.99362],[-63.83365,10.99399]]}},{"type":"Feature","id":"way/413441490","properties":{"name":"Avenida J\u00f3vito Villalba","highway":"primary","ref":"L-3;L-5"},"geometry":{"type":"LineString","coordinates":[[-63.8057,10.99498],[-63.81235,10.994]]}},{"type":"Feature","id":"way/413441492","properties":{"name":"Avenida Circunvalaci\u00f3n Norte","highway":"primary","ref":"L-5"},"geometry":{"type":"LineString","coordinates":[[-63.83948,10.98754],[-63.84455,10.98389],[-63.84916,10.97622],[-63.85609,10.9708]]}},{"type":"Feature","id":"way/413441493","properties":{"name":"Avenida Circunvalacion Norte","highway":"primary","ref":"L-5"},"geometry":{"type":"LineString","coordinates":[[-63.86291,10.96662],[-63.85607,10.97069]]}},{"type":"Feature","id":"way/413441494","properties":{"name":"Calle Bol\u00edvar","highway":"tertiary","ref":"L-2"},"geometry":{"type":"LineString","coordinates":[[-63.83177,10.99264],[-63.83346,10.99362]]}},{"type":"Feature","id":"way/413441496","properties":{"name":"Distribuidor Los Robles","highway":"primary_link","ref":"L-5"},"geometry":{"type":"LineString","coordinates":[[-63.83821,10.98839],[-63.83858,10.98895]]}},{"type":"Feature","id":"way/413442469","properties":{"name":"Calle Bol\u00edvar","highway":"tertiary","ref":"L-2"},"geometry":{"type":"LineString","coordinates":[[-63.83143,10.99266],[-63.83177,10.99264]]}},{"type":"Feature","id":"way/413442472","properties":{"highway":"primary_link"},"geometry":{"type":"LineString","coordinates":[[-63.82925,10.99326],[-63.82967,10.99329]]}},{"type":"Feature","id":"way/413445268","properties":{"highway":"primary_link","ref":"L-3;L-5"},"geometry":{"type":"LineString","coordinates":[[-63.82487,10.99368],[-63.82464,10.99375]]}},{"type":"Feature","id":"way/413447223","properties":{"highway":"primary","ref":"L-3;L-5"},"geometry":{"type":"LineString","coordinates":[[-63.80561,10.99455],[-63.80558,10.99484]]}},{"type":"Feature","id":"way/413447228","properties":{"highway":"primary","ref":"L-3;L-5"},"geometry":{"type":"LineString","coordinates":[[-63.80574,10.99433],[-63.80561,10.99455]]}},{"type":"Feature","id":"way/413447230","properties":{"highway":"primary","ref":"L-3;L-5"},"geometry":{"type":"LineString","coordinates":[[-63.80558,10.99484],[-63.8057,10.99498]]}},{"type":"Feature","id":"way/413447232","properties":{"highway":"primary_link","ref":"L-3"},"geometry":{"type":"LineString","coordinates":[[-63.80529,10.99505],[-63.80558,10.99484]]}},{"type":"Feature","id":"way/413447234","properties":{"highway":"primary_link","ref":"L-3"},"geometry":{"type":"LineString","coordinates":[[-63.80561,10.99455],[-63.80513,10.99441]]}},{"type":"Feature","id":"way/413448093","properties":{"name":"Calle Joaqu\u00edn Maneiro","highway":"tertiary","ref":"L-3"},"geometry":{"type":"LineString","coordinates":[[-63.80513,10.99441],[-63.79821,10.99808]]}},{"type":"Feature","id":"way/413448094","properties":{"highway":"tertiary","ref":"L-3"},"geometry":{"type":"LineString","coordinates":[[-63.79835,10.99836],[-63.79856,10.99884]]}},{"type":"Feature","id":"way/413448096","properties":{"name":"Calle La Esperanza","highway":"tertiary","ref":"L-3"},"geometry":{"type":"LineString","coordinates":[[-63.79856,10.99884],[-63.80268,10.99598]]}},{"type":"Feature","id":"way/413453541","properties":{"name":"Calle Bol\u00edvar","highway":"tertiary","ref":"L-2"},"geometry":{"type":"LineString","coordinates":[[-63.83394,10.99398],[-63.83365,10.99399]]}},{"type":"Feature","id":"way/413453543","properties":{"name":"Calle Principal de Los Robles","highway":"tertiary","ref":"L-2"},"geometry":{"type":"LineString","coordinates":[[-63.83502,10.9965],[-63.83616,10.99303]]}},{"type":"Feature","id":"way/413453544","properties":{"name":"Calle Bol\u00edvar","highway":"tertiary","ref":"L-2"},"geometry":{"type":"LineString","coordinates":[[-63.83365,10.99399],[-63.83378,10.99413]]}},{"type":"Feature","id":"way/413453545","properties":{"name":"Calle Principal de Los Robles","highway":"tertiary","ref":"L-2"},"geometry":{"type":"LineString","coordinates":[[-63.83616,10.99303],[-63.83394,10.99398]]}},{"type":"Feature","id":"way/413457958","properties":{"name":"Avenida Concepci\u00f3n Mari\u00f1o","highway":"primary_link"},"geometry":{"type":"LineString","coordinates":[[-63.86659,10.97519],[-63.86637,10.97487]]}},{"type":"Feature","id":"way/413457959","properties":{"name":"Calle Paralela","highway":"primary_link"},"geometry":{"type":"LineString","coordinates":[[-63.86595,10.9748],[-63.86626,10.9751]]}},{"type":"Feature","id":"way/413457961","properties":{"name":"Avenida Concepci\u00f3n Mari\u00f1o","highway":"primary_link"},"geometry":{"type":"LineString","coordinates":[[-63.8664,10.97532],[-63.86659,10.97519]]}},{"type":"Feature","id":"way/413457964","properties":{"name":"Calle Paralela","highway":"primary_link"},"geometry":{"type":"LineString","coordinates":[[-63.86625,10.97455],[-63.86595,10.9748]]}},{"type":"Feature","id":"way/413458808","properties":{"highway":"primary_link"},"geometry":{"type":"LineString","coordinates":[[-63.86704,10.99992],[-63.86715,11.00028]]}},{"type":"Feature","id":"way/413458809","properties":{"highway":"primary_link"},"geometry":{"type":"LineString","coordinates":[[-63.8676,11.00031],[-63.86749,10.99998]]}},{"type":"Feature","id":"way/413458810","properties":{"highway":"primary_link"},"geometry":{"type":"LineString","coordinates":[[-63.8721,10.99435],[-63.87147,10.99502]]}},{"type":"Feature","id":"way/413458811","properties":{"highway":"primary_link","ref":"L-1"},"geometry":{"type":"LineString","coordinates":[[-63.86746,10.99989],[-63.86704,10.99992]]}},{"type":"Feature","id":"way/413458812","properties":{"highway":"primary_link"},"geometry":{"type":"LineString","coordinates":[[-63.86717,11.00042],[-63.8676,11.00031]]}},{"type":"Feature","id":"way/413458813","properties":{"highway":"primary_link"},"geometry":{"type":"LineString","coordinates":[[-63.87147,10.99502],[-63.87158,10.99568]]}},{"type":"Feature","id":"way/413459517","properties":{"highway":"primary_link","ref":"L-1"},"geometry":{"type":"LineString","coordinates":[[-63.86033,11.01058],[-63.85826,11.01367]]}},{"type":"Feature","id":"way/413459522","properties":{"highway":"primary_link","ref":"L-1"},"geometry":{"type":"LineString","coordinates":[[-63.85918,11.01186],[-63.85925,11.01203]]}},{"type":"Feature","id":"way/413459523","properties":{"highway":"primary_link","ref":"L-1"},"geometry":{"type":"LineString","coordinates":[[-63.85896,11.01249],[-63.85852,11.01262]]}},{"type":"Feature","id":"way/413459524","properties":{"highway":"primary_link","ref":"L-1"},"geometry":{"type":"LineString","coordinates":[[-63.85941,11.01177],[-63.85918,11.01186]]}},{"type":"Feature","id":"way/413459525","properties":{"highway":"primary_link","ref":"L-1"},"geometry":{"type":"LineString","coordinates":[[-63.85852,11.01262],[-63.85866,11.013]]}},{"type":"Feature","id":"way/413460247","properties":{"name":"Avenida 31 de Julio","highway":"primary","ref":"L-1"},"geometry":{"type":"LineString","coordinates":[[-63.85601,11.02205],[-63.85613,11.02544]]}},{"type":"Feature","id":"way/413462111","properties":{"name":"Calle Maneiro","highway":"tertiary","ref":"L-3"},"geometry":{"type":"LineString","coordinates":[[-63.85959,10.9518],[-63.84577,10.95354]]}},{"type":"Feature","id":"way/413462123","properties":{"name":"Calle Monagas","highway":"tertiary","ref":"L-3"},"geometry":{"type":"LineString","coordinates":[[-63.85978,10.95316],[-63.85959,10.9518]]}},{"type":"Feature","id":"way/413468175","properties":{"name":"Carretera Regional Boca del R\u00edo - Punta de Piedras","highway":"primary","ref":"L-5"},"geometry":{"type":"LineString","coordinates":[[-64.1683,10.9768],[-64.17143,10.97943],[-64.174,10.9801],[-64.17721,10.97796],[-64.17816,10.97439]]}},{"type":"Feature","id":"way/413468970","properties":{"name":"Avenida Juan de Castellanos","highway":"tertiary","ref":"R-10"},"geometry":{"type":"LineString","coordinates":[[-63.95876,11.07293],[-63.95875,11.07439]]}},{"type":"Feature","id":"way/413468971","properties":{"name":"Avenida Juan de Castellanos","highway":"tertiary","ref":"R-10"},"geometry":{"type":"LineString","coordinates":[[-63.95885,11.07442],[-63.95876,11.07293]]}},{"type":"Feature","id":"way/413468972","properties":{"name":"Avenida Bicentenaria","highway":"primary","ref":"L-1"},"geometry":{"type":"LineString","coordinates":[[-63.96962,11.08171],[-63.96473,11.08142]]}},{"type":"Feature","id":"way/413468974","properties":{"name":"Avenida Bicentenaria","highway":"primary","ref":"L-1"},"geometry":{"type":"LineString","coordinates":[[-63.96473,11.08142],[-63.95464,11.07829],[-63.94669,11.08066],[-63.94438,11.08048],[-63.93456,11.07651],[-63.93346,11.07417],[-63.93375,11.07007]]}},{"type":"Feature","id":"way/413468975","properties":{"highway":"primary_link"},"geometry":{"type":"LineString","coordinates":[[-63.95621,11.07925],[-63.95673,11.07912]]}},{"type":"Feature","id":"way/413468976","properties":{"highway":"primary_link"},"geometry":{"type":"LineString","coordinates":[[-63.95686,11.07902],[-63.95672,11.0787]]}},{"type":"Feature","id":"way/413468977","properties":{"highway":"primary_link"},"geometry":{"type":"LineString","coordinates":[[-63.95681,11.07849],[-63.95591,11.07858]]}},{"type":"Feature","id":"way/413468978","properties":{"highway":"primary_link","ref":"L-1"},"geometry":{"type":"LineString","coordinates":[[-63.93372,11.07081],[-63.93477,11.07015]]}},{"type":"Feature","id":"way/413468980","properties":{"highway":"primary_link"},"geometry":{"type":"LineString","coordinates":[[-63.95544,11.07859],[-63.956,11.07951]]}},{"type":"Feature","id":"way/413469839","properties":{"name":"Avenida Constituci\u00f3n","highway":"tertiary","ref":"L-1"},"geometry":{"type":"LineString","coordinates":[[-63.85704,11.02071],[-63.86017,11.02053]]}},{"type":"Feature","id":"way/413469840","properties":{"name":"Avenida Constituci\u00f3n","highway":"tertiary","ref":"L-1"},"geometry":{"type":"LineString","coordinates":[[-63.86042,11.02037],[-63.86042,11.02037]]}},{"type":"Feature","id":"way/413469841","properties":{"name":"Avenida Constituci\u00f3n","highway":"tertiary","ref":"L-1"},"geometry":{"type":"LineString","coordinates":[[-63.86033,11.02031],[-63.85702,11.02065]]}},{"type":"Feature","id":"way/413470217","properties":{"name":"Calle Virgen del Carmen","highway":"tertiary","ref":"L-1;L-2"},"geometry":{"type":"LineString","coordinates":[[-63.86255,11.02824],[-63.86242,11.02878]]}},{"type":"Feature","id":"way/413470218","properties":{"name":"Calle Virgen del Carmen","highway":"tertiary","ref":"L-1;L-2"},"geometry":{"type":"LineString","coordinates":[[-63.86441,11.0284],[-63.86276,11.02813]]}},{"type":"Feature","id":"way/477498475","properties":{"name":"Avenida Rafael \"Fucho\" Tovar","highway":"tertiary","ref":"L-1"},"geometry":{"type":"LineString","coordinates":[[-63.86358,10.96459],[-63.86418,10.96528]]}},{"type":"Feature","id":"way/524664204","properties":{"highway":"tertiary","ref":"L-1"},"geometry":{"type":"LineString","coordinates":[[-63.86307,11.02933],[-63.86318,11.02898]]}},{"type":"Feature","id":"way/524664206","properties":{"name":"Avenida T\u00e1chira","highway":"tertiary","ref":"L-1"},"geometry":{"type":"LineString","coordinates":[[-63.86764,11.03091],[-63.86756,11.02914]]}},{"type":"Feature","id":"way/524664208","properties":{"name":"Calle Uni\u00f3n","highway":"tertiary","ref":"L-1"},"geometry":{"type":"LineString","coordinates":[[-63.86764,11.03091],[-63.86516,11.03023]]}},{"type":"Feature","id":"way/524664210","properties":{"name":"Calle Virgen del Carmen","highway":"tertiary","ref":"L-1"},"geometry":{"type":"LineString","coordinates":[[-63.86489,11.02849],[-63.86441,11.0284]]}},{"type":"Feature","id":"way/524664214","properties":{"name":"Avenida T\u00e1chira","highway":"tertiary","ref":"L-1"},"geometry":{"type":"LineString","coordinates":[[-63.8691,11.03904],[-63.86893,11.03856]]}},{"type":"Feature","id":"way/524664216","properties":{"name":"Avenida Girardot","highway":"primary","ref":"L-4;R-15"},"geometry":{"type":"LineString","coordinates":[[-63.85777,11.0411],[-63.85744,11.04133]]}},{"type":"Feature","id":"way/524664217","properties":{"name":"Avenida Girardot","highway":"primary","ref":"L-1;R-15"},"geometry":{"type":"LineString","coordinates":[[-63.85777,11.0411],[-63.85744,11.04088]]}},{"type":"Feature","id":"way/524664219","properties":{"name":"Avenida T\u00e1chira","highway":"tertiary","ref":"L-1;R-15"},"geometry":{"type":"LineString","coordinates":[[-63.86876,11.03894],[-63.86893,11.03856]]}},{"type":"Feature","id":"way/524664221","properties":{"name":"Avenida T\u00e1chira","highway":"tertiary","ref":"L-1"},"geometry":{"type":"LineString","coordinates":[[-63.86893,11.03856],[-63.86756,11.03445],[-63.86764,11.03091]]}},{"type":"Feature","id":"way/524664228","properties":{"name":"Avenida El Sol","highway":"tertiary","ref":"L-1"},"geometry":{"type":"LineString","coordinates":[[-63.93375,11.07007],[-63.94155,11.07034],[-63.94554,11.07251],[-63.95875,11.07439],[-63.96975,11.07844]]}},{"type":"Feature","id":"way/524664232","properties":{"name":"Avenida Simplicio Rodr\u00edguez","highway":"primary","ref":"L-4"},"geometry":{"type":"LineString","coordinates":[[-63.9807,11.07297],[-63.97968,11.0733]]}},{"type":"Feature","id":"way/524667479","properties":{"name":"Carretera Regional Boca del R\u00edo - Punta de Piedras","highway":"primary","ref":"L-5"},"geometry":{"type":"LineString","coordinates":[[-64.06008,10.92896],[-64.06112,10.9299]]}},{"type":"Feature","id":"way/531720097","properties":{"name":"Avenida Juan Bautista Arismendi","highway":"primary","ref":"L-5"},"geometry":{"type":"LineString","coordinates":[[-64.05945,10.92928],[-64.03241,10.95033],[-64.00527,10.95622],[-63.9842,10.95665],[-63.93048,10.94762],[-63.91321,10.9463],[-63.89337,10.94625],[-63.87787,10.94935]]}},{"type":"Feature","id":"way/531724185","properties":{"name":"Avenida 31 de Julio","highway":"primary","ref":"L-4"},"geometry":{"type":"LineString","coordinates":[[-63.84804,11.12372],[-63.84911,11.12768],[-63.86237,11.1394],[-63.88349,11.15163],[-63.88911,11.15603]]}},{"type":"Feature","id":"way/531726703","properties":{"name":"Avenida 31 de Julio","highway":"primary","ref":"L-4"},"geometry":{"type":"LineString","coordinates":[[-63.94916,11.09534],[-63.94423,11.09879],[-63.93717,11.10121],[-63.92531,11.10712]]}},{"type":"Feature","id":"way/531726708","properties":{"name":"Avenida Juan de Castellanos","highway":"tertiary","ref":"R-10"},"geometry":{"type":"LineString","coordinates":[[-63.95757,11.06217],[-63.95876,11.07293]]}},{"type":"Feature","id":"way/547134333","properties":{"name":"Avenida Matasiete","highway":"tertiary","ref":"L-2"},"geometry":{"type":"LineString","coordinates":[[-63.85613,11.02544],[-63.84989,11.02293],[-63.84599,11.02279]]}},{"type":"Feature","id":"way/547134334","properties":{"name":"Avenida 31 de Julio","highway":"primary","ref":"L-1"},"geometry":{"type":"LineString","coordinates":[[-63.85613,11.02544],[-63.85748,11.03197],[-63.85746,11.03731]]}},{"type":"Feature","id":"way/551645812","properties":{"name":"Avenida Gonz\u00e1lez","highway":"tertiary","ref":"R-23"},"geometry":{"type":"LineString","coordinates":[[-63.86721,11.02532],[-63.86608,11.02459],[-63.86489,11.02849]]}},{"type":"Feature","id":"way/554364650","properties":{"highway":"primary_link"},"geometry":{"type":"LineString","coordinates":[[-64.21262,10.94744],[-64.21254,10.94706]]}},{"type":"Feature","id":"way/554364651","properties":{"highway":"primary_link"},"geometry":{"type":"LineString","coordinates":[[-64.21254,10.94706],[-64.21212,10.94731]]}},{"type":"Feature","id":"way/554515065","properties":{"name":"Calle La Marina","highway":"tertiary","ref":"R-25"},"geometry":{"type":"LineString","coordinates":[[-64.17981,10.95991],[-64.17968,10.95761],[-64.18754,10.95041],[-64.19058,10.94968]]}},{"type":"Feature","id":"way/554515066","properties":{"highway":"tertiary","ref":"R-25"},"geometry":{"type":"LineString","coordinates":[[-64.17986,10.96014],[-64.17981,10.95991]]}},{"type":"Feature","id":"way/554515067","properties":{"name":"Calle La Marina","highway":"tertiary","ref":"R-25"},"geometry":{"type":"LineString","coordinates":[[-64.18032,10.96145],[-64.17986,10.96014]]}},{"type":"Feature","id":"way/554515068","properties":{"name":"Calle La Marina","highway":"tertiary","ref":"R-25"},"geometry":{"type":"LineString","coordinates":[[-64.18022,10.96472],[-64.18032,10.96145]]}},{"type":"Feature","id":"way/554515069","properties":{"highway":"tertiary","ref":"R-25"},"geometry":{"type":"LineString","coordinates":[[-64.17878,10.9661],[-64.17687,10.96656],[-64.17675,10.96839]]}},{"type":"Feature","id":"way/554515070","properties":{"name":"Calle La Marina","highway":"tertiary","ref":"R-25"},"geometry":{"type":"LineString","coordinates":[[-64.17675,10.96839],[-64.17671,10.96728],[-64.17878,10.9661]]}},{"type":"Feature","id":"way/554519766","properties":{"highway":"tertiary","ref":"R-25"},"geometry":{"type":"LineString","coordinates":[[-64.18009,10.96413],[-64.1805,10.96418]]}},{"type":"Feature","id":"way/554543911","properties":{"highway":"tertiary","ref":"R-25"},"geometry":{"type":"LineString","coordinates":[[-64.17816,10.97439],[-64.17777,10.974]]}},{"type":"Feature","id":"way/555964230","properties":{"highway":"tertiary","ref":"R-25"},"geometry":{"type":"LineString","coordinates":[[-64.17777,10.974],[-64.17675,10.96839]]}},{"type":"Feature","id":"way/557708582","properties":{"name":"Distribuidor Los Robles","highway":"primary_link","ref":"L-2"},"geometry":{"type":"LineString","coordinates":[[-63.8381,10.98954],[-63.83846,10.98947]]}},{"type":"Feature","id":"way/557708583","properties":{"name":"Distribuidor Los Robles","highway":"primary_link","ref":"L-5"},"geometry":{"type":"LineString","coordinates":[[-63.83852,10.98946],[-63.83849,10.98908]]}},{"type":"Feature","id":"way/557708584","properties":{"name":"Distribuidor Los Robles","highway":"primary_link","ref":"L-3;L-5"},"geometry":{"type":"LineString","coordinates":[[-63.8375,10.98867],[-63.83754,10.98905]]}},{"type":"Feature","id":"way/557708585","properties":{"name":"Distribuidor Los Robles","highway":"primary_link","ref":"L-3"},"geometry":{"type":"LineString","coordinates":[[-63.83802,10.98853],[-63.83754,10.98855]]}},{"type":"Feature","id":"way/557708586","properties":{"highway":"primary_link"},"geometry":{"type":"LineString","coordinates":[[-63.86147,10.96744],[-63.86101,10.96747]]}},{"type":"Feature","id":"way/557710711","properties":{"name":"Calle La Esperanza","highway":"tertiary","ref":"L-3"},"geometry":{"type":"LineString","coordinates":[[-63.80529,10.99505],[-63.8057,10.99498]]}},{"type":"Feature","id":"way/557712960","properties":{"highway":"primary_link"},"geometry":{"type":"LineString","coordinates":[[-63.86742,10.97808],[-63.86703,10.97789]]}},{"type":"Feature","id":"way/557712961","properties":{"name":"Cruce de El Valle","highway":"primary_link"},"geometry":{"type":"LineString","coordinates":[[-63.8658,10.96807],[-63.86603,10.96837]]}},{"type":"Feature","id":"way/558084494","properties":{"highway":"tertiary","ref":"R-23"},"geometry":{"type":"LineString","coordinates":[[-63.88561,10.98219],[-63.88579,10.98259]]}},{"type":"Feature","id":"way/558089278","properties":{"highway":"primary_link"},"geometry":{"type":"LineString","coordinates":[[-63.9754,11.07536],[-63.97508,11.07506]]}},{"type":"Feature","id":"way/558089281","properties":{"name":"Carretera Regional Juan Griego - San Juan Bautista","highway":"secondary","ref":"R-4"},"geometry":{"type":"LineString","coordinates":[[-63.97498,11.0755],[-63.97534,11.07357]]}},{"type":"Feature","id":"way/558089282","properties":{"name":"Carretera Regional Juan Griego - San Juan Bautista","highway":"secondary","ref":"R-4"},"geometry":{"type":"LineString","coordinates":[[-63.97534,11.07357],[-63.97489,11.07555]]}},{"type":"Feature","id":"way/558089291","properties":{"name":"Avenida Simplicio Rodr\u00edguez","highway":"primary","ref":"L-4"},"geometry":{"type":"LineString","coordinates":[[-63.97489,11.07555],[-63.97968,11.0733]]}},{"type":"Feature","id":"way/558090135","properties":{"name":"Avenida Jes\u00fas Rafael Leandro","highway":"primary","ref":"L-4"},"geometry":{"type":"LineString","coordinates":[[-63.96854,11.08507],[-63.97107,11.07805],[-63.97068,11.07714]]}},{"type":"Feature","id":"way/558096160","properties":{"highway":"primary_link","ref":"R-11"},"geometry":{"type":"LineString","coordinates":[[-64.0816,10.91034],[-64.08149,10.91101]]}},{"type":"Feature","id":"way/558096161","properties":{"highway":"primary_link","ref":"R-12"},"geometry":{"type":"LineString","coordinates":[[-64.08228,10.91034],[-64.08162,10.9102]]}},{"type":"Feature","id":"way/558118962","properties":{"name":"Avenida Francisco Esteban G\u00f3mez","highway":"tertiary"},"geometry":{"type":"LineString","coordinates":[[-63.83661,10.97492],[-63.82284,10.9719]]}},{"type":"Feature","id":"way/558118963","properties":{"name":"Avenida Francisco Esteban G\u00f3mez","highway":"tertiary"},"geometry":{"type":"LineString","coordinates":[[-63.82283,10.97198],[-63.82293,10.97201]]}},{"type":"Feature","id":"way/559167339","properties":{"name":"Avenida 4 de Mayo","highway":"tertiary","ref":"L-3"},"geometry":{"type":"LineString","coordinates":[[-63.84748,10.95911],[-63.84047,10.96616]]}},{"type":"Feature","id":"way/559212653","properties":{"highway":"primary_link"},"geometry":{"type":"LineString","coordinates":[[-63.83917,10.98835],[-63.8391,10.9881]]}},{"type":"Feature","id":"way/559212655","properties":{"highway":"primary_link"},"geometry":{"type":"LineString","coordinates":[[-63.83901,10.98828],[-63.83917,10.98835]]}},{"type":"Feature","id":"way/559228902","properties":{"name":"Avenida J\u00f3vito Villalba","highway":"primary","ref":"L-5"},"geometry":{"type":"LineString","coordinates":[[-63.86325,10.96652],[-63.86423,10.96559]]}},{"type":"Feature","id":"way/559228903","properties":{"name":"Avenida J\u00f3vito Villalba","highway":"primary","ref":"L-5"},"geometry":{"type":"LineString","coordinates":[[-63.86297,10.9667],[-63.86325,10.96652]]}},{"type":"Feature","id":"way/559228904","properties":{"name":"Avenida J\u00f3vito Villalba","highway":"primary","ref":"L-5"},"geometry":{"type":"LineString","coordinates":[[-63.86318,10.96644],[-63.86291,10.96662]]}},{"type":"Feature","id":"way/559228905","properties":{"name":"Avenida J\u00f3vito Villalba","highway":"primary","ref":"L-5"},"geometry":{"type":"LineString","coordinates":[[-63.86411,10.96557],[-63.86318,10.96644]]}},{"type":"Feature","id":"way/559255346","properties":{"name":"Avenida Simplicio Rodr\u00edguez","highway":"primary","ref":"L-4"},"geometry":{"type":"LineString","coordinates":[[-63.97489,11.07555],[-63.97478,11.0756]]}},{"type":"Feature","id":"way/559262846","properties":{"name":"Avenida Simplicio Rodr\u00edguez","highway":"primary","ref":"L-4"},"geometry":{"type":"LineString","coordinates":[[-63.97318,11.07697],[-63.97437,11.07656]]}},{"type":"Feature","id":"way/559262847","properties":{"name":"Avenida Simplicio Rodr\u00edguez","highway":"primary","ref":"L-4"},"geometry":{"type":"LineString","coordinates":[[-63.97293,11.07705],[-63.97318,11.07697]]}},{"type":"Feature","id":"way/559262848","properties":{"name":"Avenida Simplicio Rodr\u00edguez","highway":"primary","ref":"L-4"},"geometry":{"type":"LineString","coordinates":[[-63.97285,11.07624],[-63.97057,11.07702]]}},{"type":"Feature","id":"way/559262849","properties":{"name":"Avenida Simplicio Rodr\u00edguez","highway":"primary","ref":"L-4"},"geometry":{"type":"LineString","coordinates":[[-63.97315,11.07614],[-63.97285,11.07624]]}},{"type":"Feature","id":"way/559268057","properties":{"name":"Avenida Simplicio Rodr\u00edguez","highway":"primary","ref":"L-4"},"geometry":{"type":"LineString","coordinates":[[-63.9746,11.07648],[-63.97476,11.07643]]}},{"type":"Feature","id":"way/559268059","properties":{"name":"Avenida Simplicio Rodr\u00edguez","highway":"primary","ref":"L-4"},"geometry":{"type":"LineString","coordinates":[[-63.97437,11.07656],[-63.9746,11.07648]]}},{"type":"Feature","id":"way/569403851","properties":{"name":"Carretera San Pedro - El Guamache","highway":"tertiary","ref":"L-7"},"geometry":{"type":"LineString","coordinates":[[-63.99125,10.77717],[-63.98469,10.78346]]}},{"type":"Feature","id":"way/569403852","properties":{"name":"Avenida El Card\u00f3n","highway":"tertiary","ref":"L-7"},"geometry":{"type":"LineString","coordinates":[[-63.99125,10.77717],[-63.99273,10.7782]]}},{"type":"Feature","id":"way/569403855","properties":{"name":"Avenida El Card\u00f3n","highway":"tertiary","ref":"L-7"},"geometry":{"type":"LineString","coordinates":[[-63.99589,10.78255],[-63.99273,10.7782]]}},{"type":"Feature","id":"way/569403858","properties":{"name":"Avenida Principal de San Pedro","highway":"tertiary","ref":"L-7"},"geometry":{"type":"LineString","coordinates":[[-63.99102,10.78897],[-63.99589,10.78255]]}},{"type":"Feature","id":"way/571042357","properties":{"name":"Calle Buenos Aires","highway":"tertiary","ref":"L-1"},"geometry":{"type":"LineString","coordinates":[[-63.85938,10.95773],[-63.85848,10.9519]]}},{"type":"Feature","id":"way/571042359","properties":{"name":"Calle Buenaventura","highway":"tertiary","ref":"L-1"},"geometry":{"type":"LineString","coordinates":[[-63.85752,10.95198],[-63.85886,10.95805]]}},{"type":"Feature","id":"way/571042372","properties":{"highway":"tertiary","ref":"R-26"},"geometry":{"type":"LineString","coordinates":[[-63.95719,11.06104],[-63.95281,11.062]]}},{"type":"Feature","id":"way/571042373","properties":{"highway":"tertiary","ref":"R-6"},"geometry":{"type":"LineString","coordinates":[[-63.97408,10.99241],[-63.97224,10.99355]]}},{"type":"Feature","id":"way/571042377","properties":{"highway":"tertiary"},"geometry":{"type":"LineString","coordinates":[[-63.97408,10.99241],[-63.97398,10.99208]]}},{"type":"Feature","id":"way/571042378","properties":{"name":"Avenida Principal de Villaroel","highway":"tertiary","ref":"R-5"},"geometry":{"type":"LineString","coordinates":[[-63.97773,10.98781],[-63.97678,10.98831]]}},{"type":"Feature","id":"way/571042424","properties":{"name":"Distribuidor Cerro Colorado","highway":"primary_link"},"geometry":{"type":"LineString","coordinates":[[-63.8732,10.95043],[-63.87534,10.95052]]}},{"type":"Feature","id":"way/571042426","properties":{"name":"Distribuidor Cerro Colorado","highway":"tertiary","ref":"L-3"},"geometry":{"type":"LineString","coordinates":[[-63.87787,10.94935],[-63.87588,10.94979]]}},{"type":"Feature","id":"way/571042428","properties":{"name":"Calle Matasiete","highway":"tertiary","ref":"L-1;L-2"},"geometry":{"type":"LineString","coordinates":[[-63.86318,11.02898],[-63.86242,11.02878]]}},{"type":"Feature","id":"way/571042443","properties":{"name":"Avenida 4 de Mayo","highway":"tertiary","ref":"L-3"},"geometry":{"type":"LineString","coordinates":[[-63.8406,10.96614],[-63.84753,10.95916]]}},{"type":"Feature","id":"way/574655875","properties":{"name":"Cruce de La Restinga","highway":"primary_link"},"geometry":{"type":"LineString","coordinates":[[-64.06027,10.92964],[-64.06112,10.9299]]}},{"type":"Feature","id":"way/574655876","properties":{"name":"Cruce de La Restinga","highway":"primary_link"},"geometry":{"type":"LineString","coordinates":[[-64.06042,10.92932],[-64.06027,10.92964]]}},{"type":"Feature","id":"way/575109988","properties":{"highway":"primary_link"},"geometry":{"type":"LineString","coordinates":[[-64.09119,10.90292],[-64.09068,10.90275]]}},{"type":"Feature","id":"way/575109989","properties":{"highway":"primary_link"},"geometry":{"type":"LineString","coordinates":[[-64.09068,10.90294],[-64.09057,10.90342]]}},{"type":"Feature","id":"way/579657689","properties":{"highway":"primary_link"},"geometry":{"type":"LineString","coordinates":[[-63.9896,10.96659],[-63.98958,10.96617]]}},{"type":"Feature","id":"way/579657690","properties":{"highway":"primary_link"},"geometry":{"type":"LineString","coordinates":[[-63.98958,10.96617],[-63.98915,10.96623]]}},{"type":"Feature","id":"way/580552144","properties":{"name":"V\u00eda Principal de La Guardia","highway":"tertiary","ref":"R-5"},"geometry":{"type":"LineString","coordinates":[[-64.02664,10.99299],[-64.02807,10.99112]]}},{"type":"Feature","id":"way/580552145","properties":{"name":"V\u00eda Principal de La Guardia","highway":"tertiary","ref":"R-5"},"geometry":{"type":"LineString","coordinates":[[-64.02257,10.99732],[-64.0248,10.99562]]}},{"type":"Feature","id":"way/580552146","properties":{"name":"V\u00eda Principal de La Guardia","highway":"tertiary","ref":"R-5"},"geometry":{"type":"LineString","coordinates":[[-64.02807,10.99112],[-64.02664,10.99299]]}},{"type":"Feature","id":"way/580552152","properties":{"name":"V\u00eda Principal de La Guardia","highway":"tertiary","ref":"R-5"},"geometry":{"type":"LineString","coordinates":[[-64.02807,10.99112],[-64.02923,10.98689],[-64.02801,10.98168],[-64.03006,10.96934]]}},{"type":"Feature","id":"way/583292911","properties":{"name":"Avenida Simplicio Rodr\u00edguez","highway":"primary","ref":"L-4"},"geometry":{"type":"LineString","coordinates":[[-64.00865,10.99577],[-64.01321,11.00057],[-64.01541,11.00699],[-64.01111,11.01753],[-64.00986,11.02767],[-64.01356,11.04361],[-64.01175,11.05937],[-64.00584,11.06675],[-63.99436,11.06689],[-63.98135,11.07276]]}},{"type":"Feature","id":"way/583292912","properties":{"name":"Avenida Simplicio Rodr\u00edguez","highway":"primary","ref":"L-4"},"geometry":{"type":"LineString","coordinates":[[-63.98135,11.07276],[-63.9807,11.07297]]}},{"type":"Feature","id":"way/583317891","properties":{"highway":"primary_link"},"geometry":{"type":"LineString","coordinates":[[-63.97488,11.07585],[-63.9752,11.07553]]}},{"type":"Feature","id":"way/583526770","properties":{"name":"Calle Principal Agua de Vaca","highway":"tertiary","ref":"R-8"},"geometry":{"type":"LineString","coordinates":[[-63.96707,11.00664],[-63.96385,11.00768]]}},{"type":"Feature","id":"way/583543665","properties":{"name":"Calle Libertad","highway":"tertiary","ref":"R-6"},"geometry":{"type":"LineString","coordinates":[[-63.95081,11.02167],[-63.94158,11.01778],[-63.93511,11.017],[-63.93397,11.01378]]}},{"type":"Feature","id":"way/583543744","properties":{"name":"V\u00eda a Fuentidue\u00f1o","highway":"tertiary","ref":"R-7"},"geometry":{"type":"LineString","coordinates":[[-63.93397,11.01378],[-63.9279,11.01256]]}},{"type":"Feature","id":"way/584451679","properties":{"name":"Avenida Principal de El Maco","highway":"tertiary","ref":"R-3"},"geometry":{"type":"LineString","coordinates":[[-63.94017,11.05215],[-63.94417,11.04645],[-63.94743,11.04321],[-63.94997,11.04218],[-63.95049,11.03668],[-63.95388,11.03239]]}},{"type":"Feature","id":"way/584451706","properties":{"name":"V\u00eda a La Tagua","highway":"tertiary","ref":"R-3"},"geometry":{"type":"LineString","coordinates":[[-63.92674,11.06077],[-63.92713,11.06028]]}},{"type":"Feature","id":"way/584470490","properties":{"name":"Carretera Regional La Asunci\u00f3n - Juan Griego","highway":"primary","ref":"L-1"},"geometry":{"type":"LineString","coordinates":[[-63.8691,11.03904],[-63.87122,11.04269],[-63.8766,11.04279],[-63.8806,11.04648],[-63.88632,11.04915],[-63.88764,11.04891],[-63.88845,11.04669],[-63.89123,11.04665],[-63.89586,11.05039],[-63.90528,11.05364],[-63.9149,11.06444],[-63.9211,11.06766]]}},{"type":"Feature","id":"way/584734659","properties":{"name":"Carretera Santa Ana - Pedro Gonz\u00e1lez","highway":"secondary","ref":"R-3"},"geometry":{"type":"LineString","coordinates":[[-63.92531,11.10712],[-63.92748,11.09836],[-63.93147,11.09513],[-63.93235,11.09214],[-63.93079,11.09034],[-63.92753,11.07661],[-63.9249,11.07068]]}},{"type":"Feature","id":"way/584744197","properties":{"name":"Calle El Fort\u00edn","highway":"secondary","ref":"R-3"},"geometry":{"type":"LineString","coordinates":[[-63.9249,11.07068],[-63.92483,11.0688]]}},{"type":"Feature","id":"way/584746413","properties":{"highway":"primary_link","ref":"L-1"},"geometry":{"type":"LineString","coordinates":[[-63.93272,11.06997],[-63.93356,11.07078]]}},{"type":"Feature","id":"way/584746418","properties":{"name":"Carretera Regional La Asunci\u00f3n - Juan Griego","highway":"primary","ref":"L-1"},"geometry":{"type":"LineString","coordinates":[[-63.92483,11.0688],[-63.93375,11.07007]]}},{"type":"Feature","id":"way/584746419","properties":{"name":"Carretera Regional La Asunci\u00f3n - Juan Griego","highway":"primary","ref":"L-1;R-3"},"geometry":{"type":"LineString","coordinates":[[-63.92252,11.06781],[-63.92416,11.06861]]}},{"type":"Feature","id":"way/584746420","properties":{"highway":"primary","ref":"L-1;R-3"},"geometry":{"type":"LineString","coordinates":[[-63.92416,11.06861],[-63.92426,11.06822]]}},{"type":"Feature","id":"way/584746422","properties":{"highway":"primary_link"},"geometry":{"type":"LineString","coordinates":[[-63.92276,11.06788],[-63.92272,11.06798]]}},{"type":"Feature","id":"way/584754082","properties":{"name":"Calle Carabobo","highway":"primary","ref":"L-1;R-3"},"geometry":{"type":"LineString","coordinates":[[-63.92426,11.06822],[-63.92252,11.06781]]}},{"type":"Feature","id":"way/585475666","properties":{"name":"Avenida 31 de Julio","highway":"primary","ref":"L-4"},"geometry":{"type":"LineString","coordinates":[[-63.95059,11.09104],[-63.95071,11.09392]]}},{"type":"Feature","id":"way/585480568","properties":{"name":"Avenida Juan de Castellanos","highway":"tertiary","ref":"R-10"},"geometry":{"type":"LineString","coordinates":[[-63.95674,11.09007],[-63.95466,11.08552],[-63.95607,11.07953],[-63.95867,11.07667],[-63.95885,11.07442]]}},{"type":"Feature","id":"way/585480575","properties":{"highway":"primary_link"},"geometry":{"type":"LineString","coordinates":[[-63.95718,11.08982],[-63.95653,11.08975]]}},{"type":"Feature","id":"way/585480576","properties":{"highway":"primary_link"},"geometry":{"type":"LineString","coordinates":[[-63.95646,11.08979],[-63.95623,11.09038]]}},{"type":"Feature","id":"way/585480580","properties":{"name":"Avenida 31 de Julio","highway":"primary","ref":"L-4"},"geometry":{"type":"LineString","coordinates":[[-63.95558,11.09076],[-63.95525,11.0909]]}},{"type":"Feature","id":"way/585731369","properties":{"highway":"primary_link","ref":"L-1"},"geometry":{"type":"LineString","coordinates":[[-63.94367,11.07975],[-63.94246,11.07975]]}},{"type":"Feature","id":"way/585731370","properties":{"highway":"primary_link"},"geometry":{"type":"LineString","coordinates":[[-63.94473,11.08056],[-63.94367,11.07975]]}},{"type":"Feature","id":"way/585731371","properties":{"highway":"primary_link"},"geometry":{"type":"LineString","coordinates":[[-63.94246,11.07991],[-63.94359,11.08087]]}},{"type":"Feature","id":"way/585731372","properties":{"highway":"primary_link","ref":"L-1"},"geometry":{"type":"LineString","coordinates":[[-63.94359,11.08087],[-63.94453,11.08066]]}},{"type":"Feature","id":"way/595931686","properties":{"name":"Avenida 31 de Julio","highway":"primary","ref":"L-4"},"geometry":{"type":"LineString","coordinates":[[-63.92531,11.10712],[-63.91991,11.11415],[-63.91843,11.12052],[-63.91226,11.12865],[-63.91442,11.13266],[-63.90922,11.13428],[-63.90828,11.14021],[-63.9059,11.14188],[-63.90507,11.14483],[-63.90258,11.14598],[-63.90406,11.1487],[-63.90243,11.15057],[-63.90263,11.15334],[-63.89771,11.15533],[-63.89582,11.15453],[-63.89446,11.1559],[-63.89209,11.15498],[-63.88911,11.15603]]}},{"type":"Feature","id":"way/598685602","properties":{"name":"Avenida 31 de Julio","highway":"primary","ref":"L-4"},"geometry":{"type":"LineString","coordinates":[[-63.96848,11.08506],[-63.9639,11.08493],[-63.96002,11.08867],[-63.95558,11.09076]]}},{"type":"Feature","id":"way/670059276","properties":{"highway":"tertiary"},"geometry":{"type":"LineString","coordinates":[[-63.99112,10.78907],[-63.99119,10.7889]]}},{"type":"Feature","id":"way/686672188","properties":{"name":"Avenida Principal de San Pedro","highway":"secondary","ref":"L-7"},"geometry":{"type":"LineString","coordinates":[[-63.98759,10.79229],[-63.99102,10.78897]]}},{"type":"Feature","id":"way/702918129","properties":{"name":"Carretera Regional San Francisco - Boca del R\u00edo","highway":"primary","ref":"L-6"},"geometry":{"type":"LineString","coordinates":[[-64.17816,10.97439],[-64.201,11.01201],[-64.22224,11.03359],[-64.2309,11.03373],[-64.23356,11.0366],[-64.23828,11.03818],[-64.24048,11.04034],[-64.24079,11.04323],[-64.24417,11.04683],[-64.24733,11.04801],[-64.25364,11.05367],[-64.25715,11.0593],[-64.26021,11.05968],[-64.26573,11.0585],[-64.27496,11.05916],[-64.2783,11.05725],[-64.28248,11.05819]]}},{"type":"Feature","id":"way/702918130","properties":{"name":"Carretera Principal de Robledal","highway":"primary","ref":"L-5"},"geometry":{"type":"LineString","coordinates":[[-64.37456,11.01933],[-64.37397,11.02526],[-64.37506,11.02885]]}},{"type":"Feature","id":"way/702918131","properties":{"name":"Carretera Regional Boca de Pozo - Boca del R\u00edo","highway":"primary","ref":"L-5"},"geometry":{"type":"LineString","coordinates":[[-64.17816,10.97439],[-64.18073,10.97312],[-64.18469,10.97417],[-64.1864,10.97327],[-64.1898,10.96375],[-64.19133,10.95364],[-64.19073,10.94869],[-64.19705,10.94413],[-64.19922,10.94395],[-64.21439,10.94779],[-64.2231,10.94469],[-64.24403,10.9416],[-64.26439,10.95117],[-64.29569,10.95036],[-64.31693,10.96048],[-64.32189,10.95856],[-64.32772,10.95966],[-64.33586,10.95945],[-64.3413,10.95783],[-64.3474,10.9612],[-64.34958,10.9636],[-64.34953,10.96652],[-64.35652,10.96982],[-64.36513,10.97837],[-64.3696,10.98581],[-64.37006,10.99181],[-64.37493,11.00279]]}},{"type":"Feature","id":"way/762070437","properties":{"name":"Avenida El Sol","highway":"tertiary","ref":"L-1"},"geometry":{"type":"LineString","coordinates":[[-63.97055,11.07903],[-63.9706,11.07906]]}},{"type":"Feature","id":"way/762072390","properties":{"name":"Avenida Bicentenaria","highway":"primary","ref":"L-1"},"geometry":{"type":"LineString","coordinates":[[-63.96967,11.08174],[-63.96962,11.08171]]}},{"type":"Feature","id":"way/803068631","properties":{"name":"V\u00eda Principal de La Guardia","highway":"tertiary","ref":"R-5"},"geometry":{"type":"LineString","coordinates":[[-64.00662,10.98996],[-64.00847,10.99167]]}},{"type":"Feature","id":"way/803068632","properties":{"name":"V\u00eda Principal de La Guardia","highway":"tertiary","ref":"R-5"},"geometry":{"type":"LineString","coordinates":[[-64.00847,10.99167],[-64.00852,10.99172]]}},{"type":"Feature","id":"way/803068633","properties":{"name":"V\u00eda Principal de La Guardia","highway":"tertiary","ref":"R-5"},"geometry":{"type":"LineString","coordinates":[[-64.00852,10.99172],[-64.01567,10.99535]]}},{"type":"Feature","id":"way/803068634","properties":{"name":"V\u00eda Principal de La Guardia","highway":"tertiary","ref":"R-5"},"geometry":{"type":"LineString","coordinates":[[-64.01567,10.99535],[-64.01571,10.9954]]}},{"type":"Feature","id":"way/803068635","properties":{"name":"V\u00eda Principal de La Guardia","highway":"tertiary","ref":"R-5"},"geometry":{"type":"LineString","coordinates":[[-64.01571,10.9954],[-64.01985,10.998],[-64.0225,10.99737]]}},{"type":"Feature","id":"way/803068636","properties":{"name":"V\u00eda Principal de La Guardia","highway":"tertiary","ref":"R-5"},"geometry":{"type":"LineString","coordinates":[[-64.0225,10.99737],[-64.02257,10.99732]]}},{"type":"Feature","id":"way/803070068","properties":{"name":"V\u00eda Principal de La Guardia","highway":"tertiary","ref":"R-5"},"geometry":{"type":"LineString","coordinates":[[-64.03006,10.96934],[-64.03008,10.96926]]}},{"type":"Feature","id":"way/803070069","properties":{"name":"V\u00eda Principal de La Guardia","highway":"tertiary","ref":"R-5"},"geometry":{"type":"LineString","coordinates":[[-64.03008,10.96926],[-64.03109,10.96458]]}},{"type":"Feature","id":"way/803070070","properties":{"name":"V\u00eda Principal de La Guardia","highway":"tertiary","ref":"R-5"},"geometry":{"type":"LineString","coordinates":[[-64.03109,10.96458],[-64.0311,10.9645]]}},{"type":"Feature","id":"way/803083666","properties":{"name":"Carretera Regional Juan Griego - San Juan Bautista","highway":"secondary","ref":"R-4"},"geometry":{"type":"LineString","coordinates":[[-63.94616,11.0135],[-63.94644,11.01527],[-63.95314,11.02434],[-63.95402,11.03261],[-63.96127,11.03753],[-63.96627,11.04471],[-63.96823,11.05004],[-63.968,11.05887],[-63.97261,11.06326],[-63.97537,11.07061],[-63.97534,11.07357]]}},{"type":"Feature","id":"way/803083667","properties":{"name":"Carretera Regional Juan Griego - San Juan Bautista","highway":"secondary","ref":"R-4"},"geometry":{"type":"LineString","coordinates":[[-63.94615,11.01342],[-63.94616,11.0135]]}},{"type":"Feature","id":"way/803083668","properties":{"name":"Carretera Regional San Juan Bautista - El Espinal","highway":"secondary","ref":"R-4"},"geometry":{"type":"LineString","coordinates":[[-63.97041,10.99415],[-63.95771,11.00184],[-63.95274,11.00864],[-63.94769,11.01094]]}},{"type":"Feature","id":"way/803083669","properties":{"name":"Carretera Regional San Juan Bautista - El Espinal","highway":"secondary","ref":"R-4"},"geometry":{"type":"LineString","coordinates":[[-63.97049,10.9941],[-63.97041,10.99415]]}},{"type":"Feature","id":"way/803099580","properties":{"name":"Calle Principal Agua de Vaca","highway":"tertiary","ref":"R-8"},"geometry":{"type":"LineString","coordinates":[[-63.95605,11.01711],[-63.95626,11.01942],[-63.95331,11.02683]]}},{"type":"Feature","id":"way/803099581","properties":{"name":"Calle Principal Agua de Vaca","highway":"tertiary","ref":"R-8"},"geometry":{"type":"LineString","coordinates":[[-63.95607,11.01703],[-63.95605,11.01711]]}},{"type":"Feature","id":"way/803099582","properties":{"name":"Calle Principal Agua de Vaca","highway":"tertiary","ref":"R-8"},"geometry":{"type":"LineString","coordinates":[[-63.96377,11.0077],[-63.95877,11.00992],[-63.9572,11.01211],[-63.95607,11.01703]]}},{"type":"Feature","id":"way/803099583","properties":{"name":"Calle Principal Agua de Vaca","highway":"tertiary","ref":"R-8"},"geometry":{"type":"LineString","coordinates":[[-63.96385,11.00768],[-63.96377,11.0077]]}},{"type":"Feature","id":"way/803113933","properties":{"highway":"tertiary"},"geometry":{"type":"LineString","coordinates":[[-63.94459,11.07645],[-63.94344,11.08199],[-63.94379,11.08636],[-63.94146,11.08743]]}},{"type":"Feature","id":"way/803113934","properties":{"highway":"tertiary"},"geometry":{"type":"LineString","coordinates":[[-63.94461,11.07637],[-63.94459,11.07645]]}},{"type":"Feature","id":"way/803113935","properties":{"highway":"tertiary","ref":"R-26"},"geometry":{"type":"LineString","coordinates":[[-63.96258,11.06046],[-63.95719,11.06104]]}},{"type":"Feature","id":"way/803113936","properties":{"highway":"tertiary","ref":"R-26"},"geometry":{"type":"LineString","coordinates":[[-63.96266,11.06044],[-63.96258,11.06046]]}},{"type":"Feature","id":"way/803117612","properties":{"highway":"tertiary"},"geometry":{"type":"LineString","coordinates":[[-63.94146,11.08743],[-63.94128,11.09096],[-63.94303,11.09882]]}},{"type":"Feature","id":"way/803460420","properties":{"name":"Carretera Principal de Guarame","highway":"tertiary"},"geometry":{"type":"LineString","coordinates":[[-63.82363,11.07058],[-63.82594,11.07076],[-63.83387,11.07459],[-63.84257,11.07728],[-63.85202,11.07704],[-63.85243,11.07782],[-63.85372,11.07572]]}},{"type":"Feature","id":"way/803460425","properties":{"name":"Carretera Principal de Atamo Norte","highway":"tertiary"},"geometry":{"type":"LineString","coordinates":[[-63.81692,11.03101],[-63.81734,11.03212],[-63.82293,11.03356],[-63.82957,11.03087],[-63.83759,11.0301],[-63.84822,11.03167]]}},{"type":"Feature","id":"way/803817048","properties":{"highway":"primary_link"},"geometry":{"type":"LineString","coordinates":[[-63.86427,11.00405],[-63.8638,11.00446]]}},{"type":"Feature","id":"way/803817051","properties":{"highway":"primary_link","ref":"L-1"},"geometry":{"type":"LineString","coordinates":[[-63.8638,11.00446],[-63.86363,11.00492]]}},{"type":"Feature","id":"way/803845644","properties":{"name":"Avenida Circunvalacion Norte","highway":"primary","ref":"L-5"},"geometry":{"type":"LineString","coordinates":[[-63.85615,10.97074],[-63.86297,10.9667]]}},{"type":"Feature","id":"way/803845645","properties":{"name":"Avenida J\u00f3vito Villalba","highway":"primary","ref":"L-5"},"geometry":{"type":"LineString","coordinates":[[-63.85609,10.9708],[-63.85615,10.97074]]}},{"type":"Feature","id":"way/803845647","properties":{"name":"Avenida J\u00f3vito Villalba","highway":"primary","ref":"L-5"},"geometry":{"type":"LineString","coordinates":[[-63.85607,10.97069],[-63.85601,10.97074]]}},{"type":"Feature","id":"way/803874600","properties":{"name":"Avenida Terranova","highway":"tertiary","ref":"R-19"},"geometry":{"type":"LineString","coordinates":[[-63.85133,10.96823],[-63.84112,10.97157],[-63.839,10.97313],[-63.83766,10.97227]]}},{"type":"Feature","id":"way/804721485","properties":{"name":"Avenida Principal de La Tagua","highway":"tertiary","ref":"R-3"},"geometry":{"type":"LineString","coordinates":[[-63.92716,11.06023],[-63.92831,11.05743],[-63.93661,11.05426]]}},{"type":"Feature","id":"way/804721486","properties":{"name":"Avenida Principal de La Tagua","highway":"tertiary","ref":"R-3"},"geometry":{"type":"LineString","coordinates":[[-63.92713,11.06028],[-63.92716,11.06023]]}},{"type":"Feature","id":"way/859558665","properties":{"name":"Avenida Jos\u00e9 Asunci\u00f3n Rodr\u00edguez","highway":"primary","ref":"L-5"},"geometry":{"type":"LineString","coordinates":[[-63.87082,10.95688],[-63.87255,10.95464]]}},{"type":"Feature","id":"way/859558666","properties":{"name":"Avenida Jos\u00e9 Asunci\u00f3n Rodr\u00edguez","highway":"primary","ref":"L-5"},"geometry":{"type":"LineString","coordinates":[[-63.86449,10.96524],[-63.87082,10.95688]]}},{"type":"Feature","id":"way/883006877","properties":{"highway":"primary_link","ref":"L-4;R-5"},"geometry":{"type":"LineString","coordinates":[[-64.00658,10.98991],[-64.00656,10.98989]]}},{"type":"Feature","id":"way/883006878","properties":{"highway":"primary_link","ref":"L-4;R-5"},"geometry":{"type":"LineString","coordinates":[[-64.00662,10.98996],[-64.00658,10.98991]]}},{"type":"Feature","id":"way/883006879","properties":{"highway":"primary_link","ref":"R-5"},"geometry":{"type":"LineString","coordinates":[[-64.00656,10.98992],[-64.00662,10.98996]]}},{"type":"Feature","id":"way/883006880","properties":{"highway":"primary_link","ref":"R-5"},"geometry":{"type":"LineString","coordinates":[[-64.00654,10.9899],[-64.00656,10.98992]]}},{"type":"Feature","id":"way/911343878","properties":{"name":"Calle La Mira","highway":"tertiary","ref":"R-18"},"geometry":{"type":"LineString","coordinates":[[-63.85962,11.10238],[-63.86116,11.10864],[-63.861,11.11479],[-63.86016,11.11647]]}},{"type":"Feature","id":"way/911343879","properties":{"name":"Calle Principal de Aricagua","highway":"tertiary","ref":"R-18"},"geometry":{"type":"LineString","coordinates":[[-63.86016,11.11647],[-63.86192,11.12359],[-63.86667,11.12882]]}},{"type":"Feature","id":"way/940462015","properties":{"name":"Cruce de El Valle","highway":"primary_link","ref":"R-23"},"geometry":{"type":"LineString","coordinates":[[-63.86603,10.96837],[-63.86636,10.96829]]}},{"type":"Feature","id":"way/940462018","properties":{"name":"Distribuidor Los Robles","highway":"primary_link","ref":"L-2;L-3;L-5"},"geometry":{"type":"LineString","coordinates":[[-63.83775,10.98878],[-63.83769,10.98884]]}},{"type":"Feature","id":"way/940462019","properties":{"name":"Distribuidor Los Robles","highway":"primary_link","ref":"L-2;L-3;L-5"},"geometry":{"type":"LineString","coordinates":[[-63.83911,10.98775],[-63.83802,10.98853]]}},{"type":"Feature","id":"way/940462020","properties":{"name":"Distribuidor Los Robles","highway":"primary_link","ref":"L-3;L-5"},"geometry":{"type":"LineString","coordinates":[[-63.83828,10.98933],[-63.83834,10.98927]]}},{"type":"Feature","id":"way/940462021","properties":{"name":"Distribuidor Los Robles","highway":"primary_link","ref":"L-3;L-5"},"geometry":{"type":"LineString","coordinates":[[-63.83653,10.99087],[-63.8381,10.98954]]}},{"type":"Feature","id":"way/940462022","properties":{"name":"Avenida Jos\u00e9 Asunci\u00f3n Rodr\u00edguez","highway":"primary","ref":"L-5"},"geometry":{"type":"LineString","coordinates":[[-63.8644,10.96518],[-63.86415,10.96551]]}},{"type":"Feature","id":"way/940462023","properties":{"name":"Avenida Jos\u00e9 Asunci\u00f3n Rodr\u00edguez","highway":"primary","ref":"L-5"},"geometry":{"type":"LineString","coordinates":[[-63.86415,10.96551],[-63.86411,10.96557]]}},{"type":"Feature","id":"way/940462024","properties":{"name":"Avenida J\u00f3vito Villalba","highway":"primary","ref":"L-5"},"geometry":{"type":"LineString","coordinates":[[-63.86445,10.96528],[-63.86449,10.96524]]}},{"type":"Feature","id":"way/940462025","properties":{"name":"Distribuidor Cerro Colorado","highway":"tertiary","ref":"L-3"},"geometry":{"type":"LineString","coordinates":[[-63.87539,10.94989],[-63.87429,10.95011]]}},{"type":"Feature","id":"way/940462027","properties":{"name":"Avenida Juan Bautista Arismendi","highway":"primary","ref":"R-11"},"geometry":{"type":"LineString","coordinates":[[-64.09497,10.90032],[-64.09475,10.90005]]}},{"type":"Feature","id":"way/940462028","properties":{"name":"Avenida Juan Bautista Arismendi","highway":"primary","ref":"R-11"},"geometry":{"type":"LineString","coordinates":[[-64.05799,10.93064],[-64.06008,10.92896]]}},{"type":"Feature","id":"way/940462029","properties":{"name":"Carretera Regional Robledal - San Francisco","highway":"primary","ref":"L-6"},"geometry":{"type":"LineString","coordinates":[[-64.28248,11.05819],[-64.30943,11.05939],[-64.33513,11.04369],[-64.34689,11.04268],[-64.35516,11.04361],[-64.3573,11.04307],[-64.37065,11.03036]]}},{"type":"Feature","id":"way/940462030","properties":{"name":"Carretera Principal de Boca de Pozo","highway":"primary","ref":"L-5"},"geometry":{"type":"LineString","coordinates":[[-64.37493,11.00279],[-64.37748,11.00901],[-64.37783,11.01312],[-64.37456,11.01933]]}},{"type":"Feature","id":"way/940462031","properties":{"highway":"primary","ref":"L-6"},"geometry":{"type":"LineString","coordinates":[[-64.37065,11.03036],[-64.37506,11.02885]]}},{"type":"Feature","id":"way/940508581","properties":{"name":"Carretera Regional Juan Griego - San Juan Bautista","highway":"primary","ref":"L-4"},"geometry":{"type":"LineString","coordinates":[[-63.97488,11.07585],[-63.97497,11.07555]]}},{"type":"Feature","id":"way/940508582","properties":{"name":"Carretera Regional Juan Griego - San Juan Bautista","highway":"primary","ref":"L-4"},"geometry":{"type":"LineString","coordinates":[[-63.97489,11.07555],[-63.97488,11.07585]]}},{"type":"Feature","id":"way/940508583","properties":{"name":"Carretera Regional San Juan Bautista - El Espinal","highway":"secondary","ref":"R-4"},"geometry":{"type":"LineString","coordinates":[[-63.97728,10.98732],[-63.97678,10.98831]]}},{"type":"Feature","id":"way/940508584","properties":{"name":"Carretera Regional San Juan Bautista - El Espinal","highway":"secondary","ref":"R-4"},"geometry":{"type":"LineString","coordinates":[[-63.97678,10.98831],[-63.97501,10.99138],[-63.97049,10.9941]]}},{"type":"Feature","id":"way/940508585","properties":{"name":"Carretera Regional Juan Griego - San Juan Bautista","highway":"secondary","ref":"R-4"},"geometry":{"type":"LineString","coordinates":[[-63.94769,11.01094],[-63.94642,11.01184],[-63.94615,11.01342]]}},{"type":"Feature","id":"way/940508586","properties":{"name":"Avenida Girardot","highway":"primary","ref":"L-1;R-15"},"geometry":{"type":"LineString","coordinates":[[-63.8691,11.03904],[-63.86876,11.03894]]}},{"type":"Feature","id":"way/940508587","properties":{"name":"Carretera Regional La Asunci\u00f3n - Juan Griego","highway":"primary","ref":"L-1"},"geometry":{"type":"LineString","coordinates":[[-63.9211,11.06766],[-63.92252,11.06781]]}},{"type":"Feature","id":"way/940508588","properties":{"name":"Avenida 31 de Julio","highway":"primary","ref":"L-4"},"geometry":{"type":"LineString","coordinates":[[-63.95071,11.09392],[-63.94916,11.09534]]}},{"type":"Feature","id":"way/940508589","properties":{"highway":"tertiary","ref":"L-1"},"geometry":{"type":"LineString","coordinates":[[-63.97057,11.07702],[-63.97,11.07723]]}},{"type":"Feature","id":"way/940508590","properties":{"name":"Avenida Jes\u00fas Rafael Leandro","highway":"primary","ref":"L-4"},"geometry":{"type":"LineString","coordinates":[[-63.97057,11.07702],[-63.97068,11.07714]]}},{"type":"Feature","id":"way/941001031","properties":{"name":"V\u00eda a La Isleta","highway":"tertiary"},"geometry":{"type":"LineString","coordinates":[[-63.88574,10.93569],[-63.89089,10.94639]]}},{"type":"Feature","id":"way/941001109","properties":{"name":"V\u00eda Principal de La Guardia","highway":"tertiary","ref":"R-5"},"geometry":{"type":"LineString","coordinates":[[-64.0248,10.99562],[-64.02664,10.99299]]}},{"type":"Feature","id":"way/941637612","properties":{"highway":"tertiary","ref":"R-23"},"geometry":{"type":"LineString","coordinates":[[-63.88562,10.98332],[-63.88543,10.98348]]}},{"type":"Feature","id":"way/941637613","properties":{"highway":"tertiary","ref":"R-23"},"geometry":{"type":"LineString","coordinates":[[-63.88562,10.98332],[-63.88579,10.98259]]}},{"type":"Feature","id":"way/941637615","properties":{"highway":"tertiary","ref":"R-23"},"geometry":{"type":"LineString","coordinates":[[-63.88579,10.98259],[-63.88595,10.98199]]}},{"type":"Feature","id":"way/941637636","properties":{"highway":"tertiary","ref":"R-23"},"geometry":{"type":"LineString","coordinates":[[-63.88407,10.98242],[-63.88363,10.9828]]}},{"type":"Feature","id":"way/941662544","properties":{"name":"Avenida Santiago Mari\u00f1o","highway":"tertiary","ref":"L-3"},"geometry":{"type":"LineString","coordinates":[[-63.84573,10.95398],[-63.84603,10.95393]]}},{"type":"Feature","id":"way/941662545","properties":{"name":"Avenida Santiago Mari\u00f1o","highway":"tertiary","ref":"L-3"},"geometry":{"type":"LineString","coordinates":[[-63.84577,10.95354],[-63.84564,10.95365]]}},{"type":"Feature","id":"way/941662548","properties":{"name":"Avenida Llano Adentro","highway":"tertiary","ref":"R-19"},"geometry":{"type":"LineString","coordinates":[[-63.84828,10.95833],[-63.84826,10.95826]]}},{"type":"Feature","id":"way/942019828","properties":{"name":"Avenida R\u00f3mulo Betancourt","highway":"tertiary","ref":"R-19"},"geometry":{"type":"LineString","coordinates":[[-63.83754,10.97223],[-63.83762,10.97234]]}},{"type":"Feature","id":"way/942019832","properties":{"name":"Avenida R\u00f3mulo Betancourt","highway":"tertiary","ref":"R-19"},"geometry":{"type":"LineString","coordinates":[[-63.83275,10.96101],[-63.83277,10.96111]]}},{"type":"Feature","id":"way/942019833","properties":{"name":"Avenida R\u00f3mulo Betancourt","highway":"tertiary","ref":"R-19"},"geometry":{"type":"LineString","coordinates":[[-63.83285,10.96111],[-63.83283,10.961]]}},{"type":"Feature","id":"way/942019834","properties":{"name":"Avenida R\u00f3mulo Betancourt","highway":"tertiary","ref":"R-19"},"geometry":{"type":"LineString","coordinates":[[-63.83766,10.97227],[-63.83758,10.97214]]}},{"type":"Feature","id":"way/945637942","properties":{"highway":"primary_link","ref":"L-3;L-5"},"geometry":{"type":"LineString","coordinates":[[-63.83421,10.99166],[-63.83353,10.99195]]}},{"type":"Feature","id":"way/945782676","properties":{"name":"Avenida Santiago Mari\u00f1o","highway":"tertiary","ref":"L-3"},"geometry":{"type":"LineString","coordinates":[[-63.84322,10.96175],[-63.84336,10.96334]]}},{"type":"Feature","id":"way/945782677","properties":{"name":"Avenida Santiago Mari\u00f1o","highway":"tertiary","ref":"L-3"},"geometry":{"type":"LineString","coordinates":[[-63.84343,10.96327],[-63.84331,10.96173]]}},{"type":"Feature","id":"way/945883189","properties":{"highway":"primary_link"},"geometry":{"type":"LineString","coordinates":[[-63.86582,10.96942],[-63.86591,10.96974]]}},{"type":"Feature","id":"way/946078420","properties":{"name":"Carretera La Asunci\u00f3n - Los Robles","highway":"tertiary","ref":"L-2"},"geometry":{"type":"LineString","coordinates":[[-63.83502,10.9965],[-63.83482,11.00317],[-63.83743,11.01256]]}},{"type":"Feature","id":"way/946171552","properties":{"name":"Avenida Antonio Jos\u00e9 de Sucre","highway":"primary_link"},"geometry":{"type":"LineString","coordinates":[[-63.81968,10.9936],[-63.81994,10.99393]]}},{"type":"Feature","id":"way/946171553","properties":{"name":"Avenida Antonio Jos\u00e9 de Sucre","highway":"primary_link","ref":"L-3;L-5"},"geometry":{"type":"LineString","coordinates":[[-63.82001,10.99393],[-63.82013,10.99361]]}},{"type":"Feature","id":"way/946171615","properties":{"name":"Avenida Rafael \"Fucho\" Tovar","highway":"primary","ref":"L-1"},"geometry":{"type":"LineString","coordinates":[[-63.85601,11.02205],[-63.85635,11.0193]]}},{"type":"Feature","id":"way/946171616","properties":{"name":"Avenida Rafael \"Fucho\" Tovar","highway":"primary","ref":"L-1"},"geometry":{"type":"LineString","coordinates":[[-63.85635,11.0193],[-63.85728,11.01608]]}},{"type":"Feature","id":"way/946171617","properties":{"name":"Avenida Rafael \"Fucho\" Tovar","highway":"primary","ref":"L-1"},"geometry":{"type":"LineString","coordinates":[[-63.85599,11.02139],[-63.85601,11.02205]]}},{"type":"Feature","id":"way/946171619","properties":{"name":"Avenida Rafael \"Fucho\" Tovar","highway":"primary","ref":"L-1"},"geometry":{"type":"LineString","coordinates":[[-63.85605,11.02085],[-63.85599,11.02139]]}},{"type":"Feature","id":"way/946171620","properties":{"name":"Avenida Rafael \"Fucho\" Tovar","highway":"primary","ref":"L-1"},"geometry":{"type":"LineString","coordinates":[[-63.857,11.01543],[-63.85638,11.01862]]}},{"type":"Feature","id":"way/946171621","properties":{"name":"Avenida Rafael \"Fucho\" Tovar","highway":"primary","ref":"L-1"},"geometry":{"type":"LineString","coordinates":[[-63.85638,11.01862],[-63.85605,11.02085]]}},{"type":"Feature","id":"way/946171622","properties":{"highway":"primary_link"},"geometry":{"type":"LineString","coordinates":[[-63.85638,11.01862],[-63.85645,11.01891]]}},{"type":"Feature","id":"way/946666057","properties":{"highway":"tertiary","ref":"L-3;R-14"},"geometry":{"type":"LineString","coordinates":[[-63.79242,11.00145],[-63.79279,11.00203]]}},{"type":"Feature","id":"way/946963728","properties":{"name":"Calle Jos\u00e9 Mar\u00eda Vargas","highway":"tertiary","ref":"L-3"},"geometry":{"type":"LineString","coordinates":[[-63.79821,10.99808],[-63.79297,11.00082]]}},{"type":"Feature","id":"way/946963729","properties":{"name":"Avenida 3 de Mayo","highway":"tertiary","ref":"R-14"},"geometry":{"type":"LineString","coordinates":[[-63.79279,11.00203],[-63.80122,11.00715]]}},{"type":"Feature","id":"way/947053954","properties":{"name":"Calle Jos\u00e9 Mar\u00eda Vargas","highway":"tertiary","ref":"L-3;R-14"},"geometry":{"type":"LineString","coordinates":[[-63.79297,11.00082],[-63.79242,11.00145]]}},{"type":"Feature","id":"way/947053955","properties":{"name":"Calle La Esperanza","highway":"tertiary","ref":"L-3"},"geometry":{"type":"LineString","coordinates":[[-63.80268,10.99598],[-63.80529,10.99505]]}},{"type":"Feature","id":"way/947053959","properties":{"name":"Avenida Bol\u00edvar","highway":"primary_link","ref":"L-2"},"geometry":{"type":"LineString","coordinates":[[-63.81407,10.99272],[-63.81329,10.99332]]}},{"type":"Feature","id":"way/947053960","properties":{"name":"Avenida Bol\u00edvar","highway":"primary_link","ref":"L-2"},"geometry":{"type":"LineString","coordinates":[[-63.815,10.99316],[-63.81418,10.99274]]}},{"type":"Feature","id":"way/947079293","properties":{"name":"Avenida Juan Bautista Arismendi","highway":"tertiary","ref":"L-3"},"geometry":{"type":"LineString","coordinates":[[-63.85978,10.95316],[-63.86066,10.95303]]}},{"type":"Feature","id":"way/947079294","properties":{"name":"Avenida Juan Bautista Arismendi","highway":"tertiary","ref":"L-3"},"geometry":{"type":"LineString","coordinates":[[-63.86032,10.95294],[-63.85975,10.95304]]}},{"type":"Feature","id":"way/947557353","properties":{"name":"Avenida 3 de Mayo","highway":"tertiary","ref":"R-14"},"geometry":{"type":"LineString","coordinates":[[-63.80122,11.00715],[-63.8055,11.00889]]}},{"type":"Feature","id":"way/947557510","properties":{"name":"Carretera Principal de Apostadero","highway":"tertiary","ref":"R-14"},"geometry":{"type":"LineString","coordinates":[[-63.8055,11.00889],[-63.81032,11.01004],[-63.81842,11.01712]]}},{"type":"Feature","id":"way/947557523","properties":{"name":"Carretera Principal de Apostadero","highway":"tertiary","ref":"R-14"},"geometry":{"type":"LineString","coordinates":[[-63.81842,11.01712],[-63.82113,11.01826],[-63.82466,11.01806]]}},{"type":"Feature","id":"way/947935125","properties":{"name":"Avenida Luisa C\u00e1ceres de Arismendi","highway":"primary_link"},"geometry":{"type":"LineString","coordinates":[[-63.85746,11.03762],[-63.85489,11.03746]]}},{"type":"Feature","id":"way/947935126","properties":{"name":"Avenida Luisa C\u00e1ceres de Arismendi","highway":"primary_link"},"geometry":{"type":"LineString","coordinates":[[-63.8568,11.0382],[-63.85745,11.03933]]}},{"type":"Feature","id":"way/947935127","properties":{"name":"Avenida Luisa C\u00e1ceres de Arismendi","highway":"primary","ref":"L-2"},"geometry":{"type":"LineString","coordinates":[[-63.8557,11.03794],[-63.85745,11.03835]]}},{"type":"Feature","id":"way/947935128","properties":{"name":"Avenida Luisa C\u00e1ceres de Arismendi","highway":"primary","ref":"L-2"},"geometry":{"type":"LineString","coordinates":[[-63.8557,11.03794],[-63.85489,11.03746]]}},{"type":"Feature","id":"way/947935132","properties":{"name":"Calle Principal de San Lorenzo","highway":"primary_link"},"geometry":{"type":"LineString","coordinates":[[-63.81947,11.00606],[-63.81932,11.0065]]}},{"type":"Feature","id":"way/947935133","properties":{"highway":"primary_link"},"geometry":{"type":"LineString","coordinates":[[-63.81932,11.0065],[-63.82049,11.00713]]}},{"type":"Feature","id":"way/947935134","properties":{"name":"Avenida Luisa C\u00e1ceres de Arismendi","highway":"primary_link","ref":"L-2"},"geometry":{"type":"LineString","coordinates":[[-63.81431,10.99381],[-63.81482,10.9933]]}},{"type":"Feature","id":"way/947935135","properties":{"name":"Avenida Luisa C\u00e1ceres de Arismendi","highway":"primary_link","ref":"L-2"},"geometry":{"type":"LineString","coordinates":[[-63.81336,10.99352],[-63.8142,10.99382]]}},{"type":"Feature","id":"way/947935136","properties":{"name":"Retorno de Atamo","highway":"primary_link","ref":"L-2"},"geometry":{"type":"LineString","coordinates":[[-63.84984,11.03326],[-63.8502,11.03313]]}},{"type":"Feature","id":"way/947935137","properties":{"name":"Retorno de Atamo","highway":"primary_link","ref":"L-2"},"geometry":{"type":"LineString","coordinates":[[-63.84718,11.03015],[-63.84692,11.03038]]}},{"type":"Feature","id":"way/947935138","properties":{"highway":"primary_link"},"geometry":{"type":"LineString","coordinates":[[-63.84909,11.03171],[-63.84907,11.03125]]}},{"type":"Feature","id":"way/947935139","properties":{"highway":"primary_link"},"geometry":{"type":"LineString","coordinates":[[-63.84907,11.03125],[-63.84863,11.03123]]}},{"type":"Feature","id":"way/947935140","properties":{"highway":"primary_link"},"geometry":{"type":"LineString","coordinates":[[-63.84822,11.03167],[-63.84873,11.03166]]}},{"type":"Feature","id":"way/947935141","properties":{"highway":"primary_link"},"geometry":{"type":"LineString","coordinates":[[-63.84824,11.03119],[-63.84822,11.03167]]}},{"type":"Feature","id":"way/947935142","properties":{"highway":"primary_link"},"geometry":{"type":"LineString","coordinates":[[-63.83755,11.02715],[-63.83804,11.02692]]}},{"type":"Feature","id":"way/947935143","properties":{"highway":"primary_link"},"geometry":{"type":"LineString","coordinates":[[-63.83729,11.02662],[-63.83755,11.02715]]}},{"type":"Feature","id":"way/947935144","properties":{"highway":"primary_link"},"geometry":{"type":"LineString","coordinates":[[-63.83783,11.02657],[-63.83751,11.02595]]}},{"type":"Feature","id":"way/947935145","properties":{"highway":"primary_link"},"geometry":{"type":"LineString","coordinates":[[-63.83751,11.02595],[-63.83711,11.02628]]}},{"type":"Feature","id":"way/947935146","properties":{"name":"Retorno de Cerrito","highway":"primary_link"},"geometry":{"type":"LineString","coordinates":[[-63.83867,11.02723],[-63.83878,11.02687]]}},{"type":"Feature","id":"way/947935147","properties":{"name":"Retorno de Cerrito","highway":"primary_link"},"geometry":{"type":"LineString","coordinates":[[-63.8369,11.02619],[-63.83581,11.02588],[-63.83651,11.02637]]}},{"type":"Feature","id":"way/947935149","properties":{"highway":"primary_link"},"geometry":{"type":"LineString","coordinates":[[-63.82558,11.01825],[-63.82512,11.01786]]}},{"type":"Feature","id":"way/947935150","properties":{"highway":"primary_link"},"geometry":{"type":"LineString","coordinates":[[-63.82536,11.01867],[-63.82558,11.01825]]}},{"type":"Feature","id":"way/947935151","properties":{"highway":"primary_link"},"geometry":{"type":"LineString","coordinates":[[-63.82466,11.01806],[-63.82506,11.01844]]}},{"type":"Feature","id":"way/947935152","properties":{"highway":"primary_link"},"geometry":{"type":"LineString","coordinates":[[-63.82489,11.01775],[-63.82466,11.01806]]}},{"type":"Feature","id":"way/947935153","properties":{"name":"Retorno de Apostadero","highway":"primary_link"},"geometry":{"type":"LineString","coordinates":[[-63.82531,11.01967],[-63.82566,11.0196]]}},{"type":"Feature","id":"way/947935154","properties":{"name":"Retorno de Apostadero","highway":"primary_link"},"geometry":{"type":"LineString","coordinates":[[-63.82498,11.01658],[-63.82462,11.01657]]}},{"type":"Feature","id":"way/947995502","properties":{"name":"Carretera Principal de Guacuco","highway":"tertiary"},"geometry":{"type":"LineString","coordinates":[[-63.82502,11.03982],[-63.82521,11.04071]]}},{"type":"Feature","id":"way/947995503","properties":{"name":"Carretera Principal de Guacuco","highway":"tertiary"},"geometry":{"type":"LineString","coordinates":[[-63.82293,11.03356],[-63.82502,11.03982]]}},{"type":"Feature","id":"way/947995504","properties":{"name":"Carretera Principal de Playa Guacuco","highway":"tertiary"},"geometry":{"type":"LineString","coordinates":[[-63.82521,11.04071],[-63.81847,11.04514],[-63.81305,11.04744]]}},{"type":"Feature","id":"way/948887025","properties":{"name":"Carretera Principal de Playa Guacuco","highway":"tertiary"},"geometry":{"type":"LineString","coordinates":[[-63.81305,11.04744],[-63.81775,11.05666],[-63.81818,11.06013],[-63.8217,11.06509],[-63.82363,11.07058]]}},{"type":"Feature","id":"way/949358802","properties":{"name":"Avenida 31 de Julio","highway":"primary","ref":"L-1"},"geometry":{"type":"LineString","coordinates":[[-63.85746,11.03762],[-63.85745,11.03835]]}},{"type":"Feature","id":"way/949574627","properties":{"name":"Avenida 31 de Julio","highway":"primary","ref":"L-1"},"geometry":{"type":"LineString","coordinates":[[-63.85746,11.03731],[-63.85746,11.03762]]}},{"type":"Feature","id":"way/949574628","properties":{"name":"Avenida 31 de Julio","highway":"primary","ref":"L-1"},"geometry":{"type":"LineString","coordinates":[[-63.85745,11.03933],[-63.85745,11.03962]]}},{"type":"Feature","id":"way/949878593","properties":{"name":"Carretera Principal de Guarume","highway":"tertiary"},"geometry":{"type":"LineString","coordinates":[[-63.85372,11.07572],[-63.85795,11.07584]]}},{"type":"Feature","id":"way/949878594","properties":{"name":"Avenida 31 de Julio","highway":"primary","ref":"L-4"},"geometry":{"type":"LineString","coordinates":[[-63.85631,11.06411],[-63.85721,11.06741],[-63.86288,11.07477],[-63.86336,11.07686],[-63.86195,11.09893],[-63.85504,11.10721]]}},{"type":"Feature","id":"way/949878595","properties":{"name":"Avenida 31 de Julio","highway":"primary","ref":"L-4"},"geometry":{"type":"LineString","coordinates":[[-63.85744,11.04133],[-63.85728,11.05758],[-63.85631,11.06411]]}},{"type":"Feature","id":"way/949878691","properties":{"highway":"tertiary","ref":"R-18"},"geometry":{"type":"LineString","coordinates":[[-63.85858,11.07354],[-63.85795,11.07584]]}},{"type":"Feature","id":"way/949878692","properties":{"highway":"tertiary","ref":"R-18"},"geometry":{"type":"LineString","coordinates":[[-63.85858,11.07354],[-63.85886,11.07225]]}},{"type":"Feature","id":"way/949878693","properties":{"highway":"tertiary","ref":"R-18"},"geometry":{"type":"LineString","coordinates":[[-63.85886,11.07225],[-63.85858,11.07354]]}},{"type":"Feature","id":"way/949878697","properties":{"highway":"tertiary","ref":"R-18"},"geometry":{"type":"LineString","coordinates":[[-63.85838,11.06899],[-63.85886,11.07225]]}},{"type":"Feature","id":"way/951210852","properties":{"name":"Avenida 31 de Julio","highway":"primary","ref":"L-4"},"geometry":{"type":"LineString","coordinates":[[-63.85504,11.10721],[-63.84804,11.12372]]}},{"type":"Feature","id":"way/955063501","properties":{"name":"Avenida 31 de Julio","highway":"primary","ref":"L-1"},"geometry":{"type":"LineString","coordinates":[[-63.85745,11.03962],[-63.85744,11.04088]]}},{"type":"Feature","id":"way/965665959","properties":{"name":"Distribuidor Cerro Colorado","highway":"primary_link"},"geometry":{"type":"LineString","coordinates":[[-63.87722,10.94986],[-63.87912,10.94924]]}},{"type":"Feature","id":"way/965665960","properties":{"name":"Distribuidor Cerro Colorado","highway":"tertiary","ref":"L-3"},"geometry":{"type":"LineString","coordinates":[[-63.87588,10.94979],[-63.87539,10.94989]]}},{"type":"Feature","id":"way/965672890","properties":{"name":"Avenida 4 de Mayo","highway":"tertiary","ref":"L-2;L-3"},"geometry":{"type":"LineString","coordinates":[[-63.83834,10.98927],[-63.83775,10.98878]]}},{"type":"Feature","id":"way/965672891","properties":{"name":"Calle Principal de Los Robles","highway":"tertiary","ref":"L-2"},"geometry":{"type":"LineString","coordinates":[[-63.83872,10.98969],[-63.83834,10.98927]]}},{"type":"Feature","id":"way/965672892","properties":{"name":"Avenida 4 de Mayo","highway":"tertiary","ref":"L-2;L-3"},"geometry":{"type":"LineString","coordinates":[[-63.83769,10.98884],[-63.83828,10.98933]]}},{"type":"Feature","id":"way/965672893","properties":{"name":"Calle Principal de Los Robles","highway":"tertiary","ref":"L-2"},"geometry":{"type":"LineString","coordinates":[[-63.83828,10.98933],[-63.83872,10.98969]]}},{"type":"Feature","id":"way/965678072","properties":{"name":"Avenida J\u00f3vito Villalba","highway":"primary","ref":"L-5"},"geometry":{"type":"LineString","coordinates":[[-63.83653,10.99087],[-63.83791,10.98925]]}},{"type":"Feature","id":"way/965678073","properties":{"name":"Avenida J\u00f3vito Villalba","highway":"primary","ref":"L-3;L-5"},"geometry":{"type":"LineString","coordinates":[[-63.83786,10.9892],[-63.83637,10.99086]]}},{"type":"Feature","id":"way/965678074","properties":{"name":"Avenida J\u00f3vito Villalba","highway":"primary","ref":"L-5"},"geometry":{"type":"LineString","coordinates":[[-63.83819,10.98893],[-63.83948,10.98754]]}},{"type":"Feature","id":"way/965678075","properties":{"name":"Avenida J\u00f3vito Villalba","highway":"primary","ref":"L-3;L-5"},"geometry":{"type":"LineString","coordinates":[[-63.83911,10.98775],[-63.83814,10.98888]]}},{"type":"Feature","id":"way/965680271","properties":{"name":"Avenida 31 de Julio","highway":"primary","ref":"L-4"},"geometry":{"type":"LineString","coordinates":[[-63.85744,11.04088],[-63.85744,11.04133]]}},{"type":"Feature","id":"way/965683076","properties":{"name":"Avenida Juan Bautista Arismendi","highway":"primary","ref":"L-5"},"geometry":{"type":"LineString","coordinates":[[-64.06081,10.92819],[-64.05945,10.92928]]}},{"type":"Feature","id":"way/966019828","properties":{"name":"Avenida 31 de Julio","highway":"primary","ref":"L-4;R-1"},"geometry":{"type":"LineString","coordinates":[[-63.96854,11.08507],[-63.96848,11.08506]]}},{"type":"Feature","id":"way/966020644","properties":{"name":"Carretera Regional Juan Griego - San Juan Bautista","highway":"primary","ref":"L-4;R-4"},"geometry":{"type":"LineString","coordinates":[[-63.97497,11.07555],[-63.97498,11.0755]]}},{"type":"Feature","id":"way/966020645","properties":{"name":"Carretera Regional La Asunci\u00f3n - Juan Griego","highway":"primary","ref":"L-1;R-3"},"geometry":{"type":"LineString","coordinates":[[-63.92416,11.06861],[-63.92483,11.0688]]}},{"type":"Feature","id":"way/966021583","properties":{"name":"Avenida Simplicio Rodr\u00edguez","highway":"primary","ref":"L-4;R-5"},"geometry":{"type":"LineString","coordinates":[[-64.0056,10.9862],[-64.00609,10.99233]]}},{"type":"Feature","id":"way/966021584","properties":{"name":"Avenida Simplicio Rodr\u00edguez","highway":"primary","ref":"L-4"},"geometry":{"type":"LineString","coordinates":[[-64.00865,10.99577],[-64.00652,10.99229]]}},{"type":"Feature","id":"way/966021585","properties":{"name":"Avenida Simplicio Rodr\u00edguez","highway":"primary","ref":"L-4"},"geometry":{"type":"LineString","coordinates":[[-64.00604,10.98613],[-64.00474,10.98352]]}},{"type":"Feature","id":"way/966021586","properties":{"name":"Avenida Simplicio Rodr\u00edguez","highway":"primary","ref":"L-4"},"geometry":{"type":"LineString","coordinates":[[-64.00474,10.98352],[-64.0056,10.9862]]}},{"type":"Feature","id":"way/966028018","properties":{"name":"Avenida Concepci\u00f3n Mari\u00f1o","highway":"tertiary","ref":"R-13;R-23"},"geometry":{"type":"LineString","coordinates":[[-63.88302,10.98337],[-63.88333,10.98372]]}},{"type":"Feature","id":"way/966028019","properties":{"name":"Avenida Concepci\u00f3n Mari\u00f1o","highway":"tertiary","ref":"R-23"},"geometry":{"type":"LineString","coordinates":[[-63.88333,10.98372],[-63.88609,10.98823]]}},{"type":"Feature","id":"way/966028388","properties":{"name":"Calle Antonio D\u00edaz","highway":"tertiary","ref":"L-3;R-14"},"geometry":{"type":"LineString","coordinates":[[-63.79279,11.00203],[-63.7933,11.00167]]}},{"type":"Feature","id":"way/966028389","properties":{"name":"Avenida Luisa C\u00e1ceres de Arismendi","highway":"primary","ref":"L-2;R-14"},"geometry":{"type":"LineString","coordinates":[[-63.82462,11.01657],[-63.82531,11.01967]]}},{"type":"Feature","id":"way/966028390","properties":{"name":"Avenida Luisa C\u00e1ceres de Arismendi","highway":"primary","ref":"L-2;R-14"},"geometry":{"type":"LineString","coordinates":[[-63.82566,11.0196],[-63.82498,11.01658]]}},{"type":"Feature","id":"way/966028391","properties":{"name":"Avenida Luisa C\u00e1ceres de Arismendi","highway":"primary","ref":"L-2"},"geometry":{"type":"LineString","coordinates":[[-63.82498,11.01658],[-63.82478,11.013],[-63.82243,11.00918],[-63.81509,11.00087],[-63.81431,10.99381]]}},{"type":"Feature","id":"way/966028392","properties":{"name":"Avenida Luisa C\u00e1ceres de Arismendi","highway":"primary","ref":"L-2"},"geometry":{"type":"LineString","coordinates":[[-63.8142,10.99382],[-63.8151,11.00112],[-63.82457,11.01276],[-63.82462,11.01657]]}},{"type":"Feature","id":"way/966030028","properties":{"name":"Avenida Terranova","highway":"tertiary","ref":"R-19"},"geometry":{"type":"LineString","coordinates":[[-63.85144,10.96818],[-63.85133,10.96823]]}},{"type":"Feature","id":"way/966030029","properties":{"name":"Avenida Terranova","highway":"tertiary","ref":"R-19"},"geometry":{"type":"LineString","coordinates":[[-63.85135,10.96832],[-63.85146,10.96827]]}},{"type":"Feature","id":"way/966030032","properties":{"name":"Avenida 4 de Mayo","highway":"tertiary","ref":"L-2;L-3"},"geometry":{"type":"LineString","coordinates":[[-63.84753,10.95916],[-63.84828,10.95833]]}},{"type":"Feature","id":"way/966030033","properties":{"name":"Avenida 4 de Mayo","highway":"tertiary","ref":"L-2;L-3"},"geometry":{"type":"LineString","coordinates":[[-63.84826,10.95826],[-63.84748,10.95911]]}},{"type":"Feature","id":"way/967292240","properties":{"name":"Avenida Llano Adentro","highway":"tertiary","ref":"R-19"},"geometry":{"type":"LineString","coordinates":[[-63.84819,10.95833],[-63.84821,10.95843]]}},{"type":"Feature","id":"way/967292241","properties":{"name":"Avenida J\u00f3vito Villalba","highway":"primary","ref":"L-2;L-3;L-5"},"geometry":{"type":"LineString","coordinates":[[-63.81235,10.994],[-63.81753,10.99356]]}},{"type":"Feature","id":"way/967292242","properties":{"name":"Avenida J\u00f3vito Villalba","highway":"primary","ref":"L-2;L-3;L-5"},"geometry":{"type":"LineString","coordinates":[[-63.8178,10.99322],[-63.81214,10.99364]]}},{"type":"Feature","id":"way/967292243","properties":{"name":"Avenida J\u00f3vito Villalba","highway":"primary","ref":"L-3;L-5"},"geometry":{"type":"LineString","coordinates":[[-63.81214,10.99364],[-63.80928,10.99456],[-63.80574,10.99433]]}},{"type":"Feature","id":"way/967292244","properties":{"name":"Avenida J\u00f3vito Villalba","highway":"primary","ref":"L-3;L-5"},"geometry":{"type":"LineString","coordinates":[[-63.81753,10.99356],[-63.82711,10.99373],[-63.83653,10.99087]]}},{"type":"Feature","id":"way/1047279393","properties":{"name":"Carretera San Pedro - El Guamache","highway":"secondary","ref":"L-7"},"geometry":{"type":"LineString","coordinates":[[-63.98469,10.78346],[-63.97962,10.79029],[-63.98148,10.79289],[-63.98759,10.79229]]}},{"type":"Feature","id":"way/1047279977","properties":{"name":"Carretera San Pedro - El Guamache","highway":"tertiary","ref":"L-7"},"geometry":{"type":"LineString","coordinates":[[-63.95885,10.77064],[-63.94564,10.76516],[-63.92886,10.74442],[-63.92701,10.74075],[-63.91712,10.73713],[-63.90978,10.73914],[-63.9078,10.74134],[-63.90492,10.74233],[-63.90137,10.73977]]}},{"type":"Feature","id":"way/1047318949","properties":{"name":"Avenida Rafael \"Fucho\" Tovar","highway":"tertiary","ref":"L-1"},"geometry":{"type":"LineString","coordinates":[[-63.86414,10.96512],[-63.8635,10.96443]]}},{"type":"Feature","id":"way/1047318950","properties":{"name":"Avenida Rafael \"Fucho\" Tovar","highway":"primary","ref":"L-1"},"geometry":{"type":"LineString","coordinates":[[-63.86418,10.96528],[-63.86577,10.96784],[-63.86624,10.9783],[-63.87153,10.98784],[-63.8721,10.99435],[-63.86396,11.00443],[-63.857,11.01543]]}},{"type":"Feature","id":"way/1056396657","properties":{"highway":"tertiary","ref":"R-20"},"geometry":{"type":"LineString","coordinates":[[-63.95281,11.062],[-63.94859,11.06627],[-63.94155,11.07034]]}},{"type":"Feature","id":"way/1056396658","properties":{"name":"Avenida Juan de Castellanos","highway":"tertiary","ref":"R-9;R-10"},"geometry":{"type":"LineString","coordinates":[[-63.95719,11.06104],[-63.95757,11.06217]]}},{"type":"Feature","id":"way/1056400792","properties":{"name":"V\u00eda a San Francisco de Macanao","highway":"secondary"},"geometry":{"type":"LineString","coordinates":[[-64.29281,11.02151],[-64.29138,11.03171],[-64.28916,11.03518],[-64.28806,11.03993],[-64.28524,11.0428],[-64.28669,11.04956],[-64.28248,11.05819]]}},{"type":"Feature","id":"way/1056877085","properties":{"name":"Calle 4 de Mayo","highway":"tertiary","ref":"L-2"},"geometry":{"type":"LineString","coordinates":[[-63.85941,11.02683],[-63.85613,11.02544]]}},{"type":"Feature","id":"way/1057134275","properties":{"name":"Avenida Principal de El Maco","highway":"tertiary","ref":"R-3"},"geometry":{"type":"LineString","coordinates":[[-63.93661,11.05426],[-63.94017,11.05215]]}},{"type":"Feature","id":"way/1057755378","properties":{"name":"Distribuidor Los Robles","highway":"primary_link","ref":"L-3;L-5"},"geometry":{"type":"LineString","coordinates":[[-63.8381,10.98954],[-63.83828,10.98933]]}},{"type":"Feature","id":"way/1057755379","properties":{"name":"Distribuidor Los Robles","highway":"primary_link","ref":"L-2;L-3;L-5"},"geometry":{"type":"LineString","coordinates":[[-63.83802,10.98853],[-63.83775,10.98878]]}},{"type":"Feature","id":"way/1223654485","properties":{"highway":"primary_link"},"geometry":{"type":"LineString","coordinates":[[-63.85761,10.96995],[-63.85767,10.96974]]}},{"type":"Feature","id":"way/1311153025","properties":{"name":"Avenida Francisco Fajardo","highway":"tertiary","ref":"L-1"},"geometry":{"type":"LineString","coordinates":[[-63.85886,10.95805],[-63.85969,10.95891]]}},{"type":"Feature","id":"way/1442260289","properties":{"highway":"tertiary","ref":"R-23"},"geometry":{"type":"LineString","coordinates":[[-63.88363,10.9828],[-63.88302,10.98337]]}}]}