{"type":"FeatureCollection","features":[{"type":"Feature","id":"way/24631997","properties":{"name":"Carretera Falc\u00f3n - Zulia","highway":"trunk","ref":"T-3"},"geometry":{"type":"LineString","coordinates":[[-69.70525,11.38359],[-69.74748,11.37903],[-69.76978,11.36815],[-69.80664,11.35353],[-69.83247,11.34188],[-69.85602,11.34197],[-69.86767,11.33714],[-69.87558,11.33264]]}},{"type":"Feature","id":"way/30187724","properties":{"name":"Carretera Nacional Mor\u00f3n - Tucacas","highway":"trunk","ref":"T-3"},"geometry":{"type":"LineString","coordinates":[[-68.24241,10.58365],[-68.24215,10.58311]]}},{"type":"Feature","id":"way/30188470","properties":{"name":"Par Vial Mor\u00f3n - Tucacas","highway":"trunk","ref":"T-3"},"geometry":{"type":"LineString","coordinates":[[-68.26294,10.61442],[-68.27452,10.63212]]}},{"type":"Feature","id":"way/30214179","properties":{"name":"Par Vial Mor\u00f3n - Tucacas","highway":"trunk","ref":"T-3"},"geometry":{"type":"LineString","coordinates":[[-68.29747,10.6732],[-68.30016,10.68432]]}},{"type":"Feature","id":"way/32602730","properties":{"name":"Par Vial Coro - Punto Fijo","highway":"trunk","ref":"T-4"},"geometry":{"type":"LineString","coordinates":[[-69.7751,11.70518],[-69.77118,11.70245],[-69.76248,11.6902],[-69.75748,11.6767],[-69.7386,11.63862],[-69.72386,11.60407],[-69.71987,11.59229],[-69.71798,11.5862],[-69.71656,11.57272],[-69.70561,11.55343],[-69.69679,11.54205],[-69.69288,11.53326],[-69.67462,11.50679],[-69.67242,11.50027],[-69.65965,11.48714],[-69.6604,11.4765],[-69.66197,11.47058],[-69.66198,11.45754],[-69.66456,11.45203]]}},{"type":"Feature","id":"way/32602732","properties":{"name":"Carretera Nacional Coro - Tucacas","highway":"trunk","ref":"T-3"},"geometry":{"type":"LineString","coordinates":[[-68.91672,11.2523],[-68.90271,11.23867],[-68.89543,11.23587],[-68.89131,11.23041],[-68.88272,11.22628],[-68.87464,11.22732],[-68.86999,11.22608],[-68.8638,11.22271],[-68.8614,11.21789],[-68.84432,11.21231]]}},{"type":"Feature","id":"way/32602734","properties":{"name":"Carretera Nacional Coro - Tucacas","highway":"trunk","ref":"T-3"},"geometry":{"type":"LineString","coordinates":[[-69.54711,11.45847],[-69.54013,11.46018],[-69.51321,11.47213],[-69.50824,11.47551],[-69.4969,11.48676],[-69.48449,11.49263],[-69.47871,11.49785],[-69.46347,11.4987],[-69.45065,11.49197],[-69.43885,11.48919],[-69.43305,11.4889],[-69.42625,11.49058],[-69.42333,11.49008],[-69.40995,11.48593],[-69.4037,11.48172],[-69.39543,11.47974],[-69.38905,11.47633],[-69.38598,11.47695],[-69.37388,11.47554],[-69.36245,11.4795],[-69.35486,11.48033],[-69.35108,11.48255],[-69.33836,11.4836],[-69.33603,11.49474],[-69.33144,11.49628],[-69.32646,11.50169],[-69.31865,11.50647],[-69.31568,11.51027],[-69.30264,11.51467],[-69.29747,11.51794],[-69.28926,11.51848],[-69.27933,11.51742],[-69.26416,11.50319],[-69.2576,11.50086],[-69.25565,11.49596],[-69.25224,11.49695],[-69.24996,11.49524],[-69.25505,11.48273],[-69.25355,11.47308],[-69.22945,11.45866],[-69.22329,11.45651],[-69.21937,11.452],[-69.21737,11.4467],[-69.21969,11.43469],[-69.21942,11.42864],[-69.21633,11.42368],[-69.21566,11.42043],[-69.20759,11.40877],[-69.19672,11.39794],[-69.18723,11.38661],[-69.18146,11.38443],[-69.17813,11.3858],[-69.17331,11.38523],[-69.16326,11.38126],[-69.15959,11.3764],[-69.14958,11.37352],[-69.1462,11.36457],[-69.14664,11.36002],[-69.14454,11.35447],[-69.13182,11.34888],[-69.12403,11.34236],[-69.12082,11.3436],[-69.11524,11.34278],[-69.10882,11.34523],[-69.10229,11.3456],[-69.09551,11.35318],[-69.07645,11.35524],[-69.04664,11.3422],[-69.0349,11.34203],[-69.02509,11.33801],[-69.00293,11.3366]]}},{"type":"Feature","id":"way/64622297","properties":{"name":"Retorno","highway":"primary_link"},"geometry":{"type":"LineString","coordinates":[[-70.17201,11.74833],[-70.17268,11.74765],[-70.17159,11.74805]]}},{"type":"Feature","id":"way/64622408","properties":{"name":"Carretera Punto Fijo - Moruy","highway":"tertiary","ref":"R-3"},"geometry":{"type":"LineString","coordinates":[[-70.16418,11.75161],[-70.16251,11.75184]]}},{"type":"Feature","id":"way/64622465","properties":{"highway":"tertiary","ref":"R-3"},"geometry":{"type":"LineString","coordinates":[[-69.98097,11.82193],[-69.98309,11.82181]]}},{"type":"Feature","id":"way/64622638","properties":{"name":"Carretera Moruy - Buena Vista","highway":"secondary","ref":"R-1"},"geometry":{"type":"LineString","coordinates":[[-69.98044,11.82231],[-69.97533,11.83225],[-69.9568,11.84635],[-69.95292,11.85104],[-69.94828,11.8647],[-69.9439,11.87208],[-69.94399,11.87504]]}},{"type":"Feature","id":"way/64622688","properties":{"name":"Carretera Pueblo Nuevo - Buena Vista","highway":"secondary","ref":"R-1"},"geometry":{"type":"LineString","coordinates":[[-69.94399,11.87504],[-69.93786,11.89591],[-69.93844,11.91509],[-69.93613,11.92284],[-69.93574,11.9291],[-69.92604,11.9406],[-69.92431,11.94514]]}},{"type":"Feature","id":"way/64624186","properties":{"name":"Carretera Pueblo Nuevo - Ad\u00edcora","highway":"secondary","ref":"L-4"},"geometry":{"type":"LineString","coordinates":[[-69.91095,11.94573],[-69.9046,11.94316],[-69.90224,11.94051],[-69.89843,11.93941],[-69.88498,11.94092],[-69.87895,11.94025],[-69.87171,11.94386],[-69.85968,11.94464],[-69.85216,11.94403],[-69.83701,11.9487],[-69.80861,11.94265]]}},{"type":"Feature","id":"way/64624270","properties":{"name":"Avenida M\u00e9dano II","highway":"secondary","ref":"L-4"},"geometry":{"type":"LineString","coordinates":[[-69.80836,11.94014],[-69.80773,11.93696]]}},{"type":"Feature","id":"way/64624271","properties":{"name":"Carretera Ad\u00edcora - San Rom\u00e1n","highway":"tertiary","ref":"R-66"},"geometry":{"type":"LineString","coordinates":[[-69.8255,11.98959],[-69.83746,11.99984],[-69.84671,12.00948],[-69.85321,12.02428],[-69.8733,12.06415],[-69.87785,12.07657],[-69.88974,12.09651],[-69.89394,12.10595],[-69.89533,12.10603]]}},{"type":"Feature","id":"way/64624615","properties":{"name":"Carretera Pueblo Nuevo - San Rom\u00e1n","highway":"tertiary","ref":"R-1"},"geometry":{"type":"LineString","coordinates":[[-69.94837,12.06537],[-69.93912,12.04656],[-69.93195,12.03968],[-69.92957,12.0282],[-69.93106,12.02264],[-69.93008,12.01633],[-69.93172,12.013],[-69.93087,12.00722],[-69.9321,12.00297],[-69.93043,11.98136],[-69.92442,11.97205],[-69.92245,11.96565],[-69.92361,11.96053],[-69.92146,11.95028]]}},{"type":"Feature","id":"way/64625212","properties":{"name":"Carretera Punto Fijo - Moruy","highway":"tertiary","ref":"R-3"},"geometry":{"type":"LineString","coordinates":[[-70.16251,11.75184],[-70.16351,11.75281]]}},{"type":"Feature","id":"way/64625941","properties":{"name":"Avenida Intercomunal de Punta Card\u00f3n","highway":"secondary","ref":"R-51"},"geometry":{"type":"LineString","coordinates":[[-70.2123,11.62517],[-70.21176,11.62881],[-70.19966,11.65734]]}},{"type":"Feature","id":"way/64884795","properties":{"highway":"trunk_link"},"geometry":{"type":"LineString","coordinates":[[-69.67008,11.4242],[-69.6704,11.42352]]}},{"type":"Feature","id":"way/64884796","properties":{"name":"Variante Norte","highway":"trunk","ref":"T-3"},"geometry":{"type":"LineString","coordinates":[[-69.67,11.42371],[-69.66672,11.42495],[-69.64973,11.42603],[-69.64547,11.42453]]}},{"type":"Feature","id":"way/67136064","properties":{"name":"Avenida Ram\u00f3n Ruiz Polanco","highway":"tertiary","ref":"R-5"},"geometry":{"type":"LineString","coordinates":[[-70.20926,11.68263],[-70.19862,11.68341]]}},{"type":"Feature","id":"way/67136098","properties":{"name":"Avenida Bol\u00edvar","highway":"tertiary","ref":"R-5"},"geometry":{"type":"LineString","coordinates":[[-70.20982,11.68045],[-70.20949,11.67121],[-70.1922,11.66874]]}},{"type":"Feature","id":"way/67138785","properties":{"name":"Calle Comercio de Caja de Agua","highway":"tertiary"},"geometry":{"type":"LineString","coordinates":[[-70.19937,11.71107],[-70.18913,11.71415]]}},{"type":"Feature","id":"way/68486576","properties":{"name":"Avenida Bol\u00edvar","highway":"tertiary","ref":"R-5"},"geometry":{"type":"LineString","coordinates":[[-70.19201,11.66872],[-70.19358,11.66958],[-70.20925,11.6712],[-70.21002,11.67236],[-70.20962,11.68063]]}},{"type":"Feature","id":"way/68488882","properties":{"name":"Par Vial Coro - Punto Fijo","highway":"trunk","ref":"T-4"},"geometry":{"type":"LineString","coordinates":[[-69.66441,11.45193],[-69.6617,11.45731],[-69.66179,11.47058],[-69.66011,11.47721],[-69.65922,11.48531],[-69.65983,11.48811],[-69.67238,11.50079],[-69.67403,11.50691],[-69.68203,11.51719],[-69.69239,11.53328],[-69.69697,11.54262],[-69.7054,11.5536],[-69.71569,11.57187],[-69.71701,11.57541],[-69.71609,11.58224],[-69.72734,11.61405],[-69.73777,11.63733],[-69.74122,11.64821],[-69.74509,11.65629],[-69.75006,11.66333],[-69.75713,11.67622],[-69.75998,11.68737],[-69.77109,11.70268],[-69.77473,11.70565]]}},{"type":"Feature","id":"way/68490178","properties":{"name":"Redoma de Guaranao","highway":"trunk","ref":"T-4;L-4;R-5"},"geometry":{"type":"LineString","coordinates":[[-70.17397,11.67885],[-70.17529,11.67801],[-70.17443,11.67668],[-70.17308,11.67754],[-70.17397,11.67885]]}},{"type":"Feature","id":"way/68490199","properties":{"name":"Avenida Bol\u00edvar","highway":"secondary","ref":"R-5"},"geometry":{"type":"LineString","coordinates":[[-70.1753,11.67755],[-70.17597,11.67616],[-70.18923,11.66848],[-70.19136,11.66833]]}},{"type":"Feature","id":"way/68665745","properties":{"name":"Avenida Bol\u00edvar","highway":"tertiary","ref":"R-5"},"geometry":{"type":"LineString","coordinates":[[-70.20925,11.68888],[-70.20982,11.68045]]}},{"type":"Feature","id":"way/68665827","properties":{"name":"Avenida Bol\u00edvar","highway":"tertiary","ref":"R-5"},"geometry":{"type":"LineString","coordinates":[[-70.20925,11.68888],[-70.20984,11.69569]]}},{"type":"Feature","id":"way/93599989","properties":{"highway":"primary_link"},"geometry":{"type":"LineString","coordinates":[[-70.17586,11.69572],[-70.17648,11.69648]]}},{"type":"Feature","id":"way/93600002","properties":{"highway":"primary_link"},"geometry":{"type":"LineString","coordinates":[[-70.17667,11.69622],[-70.17673,11.69604]]}},{"type":"Feature","id":"way/93600025","properties":{"highway":"primary_link"},"geometry":{"type":"LineString","coordinates":[[-70.17637,11.69516],[-70.17566,11.69562]]}},{"type":"Feature","id":"way/93680581","properties":{"highway":"tertiary"},"geometry":{"type":"LineString","coordinates":[[-70.19937,11.71107],[-70.20851,11.71219],[-70.21089,11.71483]]}},{"type":"Feature","id":"way/96897515","properties":{"highway":"tertiary"},"geometry":{"type":"LineString","coordinates":[[-69.67952,11.38631],[-69.68009,11.3878]]}},{"type":"Feature","id":"way/96897521","properties":{"name":"Avenida Los M\u00e9danos","highway":"secondary","ref":"T-4"},"geometry":{"type":"LineString","coordinates":[[-69.67,11.42371],[-69.66984,11.42289]]}},{"type":"Feature","id":"way/96897538","properties":{"name":"Carretera Nacional Coro - Churuguara","highway":"trunk","ref":"T-4"},"geometry":{"type":"LineString","coordinates":[[-69.66684,11.38852],[-69.66519,11.38525]]}},{"type":"Feature","id":"way/96897542","properties":{"name":"Avenida Independencia","highway":"tertiary","ref":"R-37"},"geometry":{"type":"LineString","coordinates":[[-69.65825,11.41642],[-69.648,11.42241]]}},{"type":"Feature","id":"way/96897579","properties":{"name":"Variante Norte","highway":"trunk","ref":"T-3"},"geometry":{"type":"LineString","coordinates":[[-69.64547,11.42453],[-69.64516,11.4242]]}},{"type":"Feature","id":"way/96897583","properties":{"name":"Calle 33 Zamora","highway":"tertiary","ref":"R-37"},"geometry":{"type":"LineString","coordinates":[[-69.66579,11.41218],[-69.6751,11.40988]]}},{"type":"Feature","id":"way/96897605","properties":{"name":"Carretera Nacional Coro - Tucacas","highway":"trunk","ref":"T-3"},"geometry":{"type":"LineString","coordinates":[[-69.64424,11.42458],[-69.64115,11.42635]]}},{"type":"Feature","id":"way/96897620","properties":{"name":"Avenida Ali Primera","highway":"tertiary","ref":"R-37"},"geometry":{"type":"LineString","coordinates":[[-69.68227,11.40747],[-69.70227,11.40216]]}},{"type":"Feature","id":"way/96897636","properties":{"name":"Avenida Manaure","highway":"tertiary"},"geometry":{"type":"LineString","coordinates":[[-69.6751,11.40988],[-69.67228,11.4017]]}},{"type":"Feature","id":"way/96899798","properties":{"highway":"secondary"},"geometry":{"type":"LineString","coordinates":[[-69.8255,11.98959],[-69.82837,11.99791],[-69.8283,12.003]]}},{"type":"Feature","id":"way/96941279","properties":{"highway":"secondary","ref":"L-4"},"geometry":{"type":"LineString","coordinates":[[-69.80766,11.9427],[-69.80861,11.94265]]}},{"type":"Feature","id":"way/96990144","properties":{"name":"Calle 35 Falc\u00f3n","highway":"tertiary","ref":"R-37"},"geometry":{"type":"LineString","coordinates":[[-69.68225,11.40737],[-69.66576,11.41209]]}},{"type":"Feature","id":"way/97230802","properties":{"name":"Carretera Vieja Coro - Churuguara","highway":"tertiary","ref":"T-4"},"geometry":{"type":"LineString","coordinates":[[-69.65617,11.35635],[-69.65609,11.35528]]}},{"type":"Feature","id":"way/97246540","properties":{"name":"Avenida Chema Saher","highway":"trunk","ref":"T-3"},"geometry":{"type":"LineString","coordinates":[[-69.66689,11.38861],[-69.66911,11.38745],[-69.7027,11.38382]]}},{"type":"Feature","id":"way/97246550","properties":{"name":"Avenida Tirso Salaverr\u00eda","highway":"trunk","ref":"T-3;T-4"},"geometry":{"type":"LineString","coordinates":[[-69.6614,11.39874],[-69.66682,11.38867]]}},{"type":"Feature","id":"way/97247645","properties":{"name":"Carretera Arenales - Zambrano","highway":"tertiary","ref":"R-19"},"geometry":{"type":"LineString","coordinates":[[-69.66897,11.32293],[-69.66403,11.32014],[-69.65867,11.31979],[-69.64665,11.31576],[-69.64189,11.31725],[-69.6388,11.3162],[-69.63649,11.31436],[-69.63479,11.30973],[-69.6294,11.30752],[-69.61619,11.31089],[-69.60497,11.31591],[-69.60067,11.31477],[-69.59077,11.31682],[-69.58955,11.31623],[-69.58907,11.31376],[-69.58786,11.31358],[-69.57867,11.32033],[-69.57055,11.32234],[-69.56654,11.32574],[-69.56463,11.32575],[-69.56275,11.32438],[-69.55725,11.32588]]}},{"type":"Feature","id":"way/97249940","properties":{"name":"Carretera de la Sierra","highway":"tertiary","ref":"R-20"},"geometry":{"type":"LineString","coordinates":[[-69.62418,11.30891],[-69.62008,11.30616],[-69.61474,11.2979],[-69.61294,11.2971],[-69.61334,11.29555],[-69.6107,11.29237],[-69.61047,11.28782],[-69.60732,11.28559],[-69.60572,11.27975],[-69.60475,11.2796],[-69.60546,11.27693],[-69.60447,11.27619],[-69.60226,11.27729],[-69.60183,11.27664],[-69.6037,11.2744],[-69.60441,11.26931],[-69.60642,11.26672],[-69.60308,11.26731],[-69.60126,11.26586],[-69.60415,11.26459],[-69.60556,11.26224],[-69.60498,11.26081],[-69.60738,11.25881],[-69.6079,11.25676],[-69.60698,11.25726],[-69.60641,11.2558],[-69.60899,11.25255],[-69.60789,11.25127],[-69.60924,11.24976],[-69.60873,11.24787],[-69.60958,11.24679],[-69.6109,11.24795],[-69.61765,11.24021],[-69.61185,11.24125],[-69.61075,11.23998],[-69.61034,11.23797],[-69.61255,11.23831],[-69.61576,11.23298],[-69.61901,11.22996],[-69.61618,11.22851],[-69.61776,11.22623],[-69.61616,11.22446],[-69.61709,11.22283],[-69.61388,11.22246],[-69.61577,11.22078],[-69.6132,11.22049],[-69.61406,11.21975],[-69.61412,11.21667],[-69.61285,11.21808],[-69.61105,11.2168],[-69.61435,11.21372],[-69.61652,11.21334],[-69.61674,11.20912],[-69.62309,11.20797],[-69.62446,11.20908],[-69.63023,11.20456],[-69.63405,11.20504],[-69.63507,11.20433],[-69.64095,11.19783],[-69.64013,11.19136],[-69.63915,11.19],[-69.6405,11.18724],[-69.64581,11.1875],[-69.64995,11.18515],[-69.65327,11.18545],[-69.65684,11.17936],[-69.66072,11.17569],[-69.66464,11.17422],[-69.66598,11.17685],[-69.66811,11.17673],[-69.67496,11.1707],[-69.68243,11.16858]]}},{"type":"Feature","id":"way/97252314","properties":{"name":"Avenida M\u00e9dano I","highway":"secondary","ref":"L-4"},"geometry":{"type":"LineString","coordinates":[[-69.80773,11.93696],[-69.80756,11.94135]]}},{"type":"Feature","id":"way/97258983","properties":{"name":"Variante Sur Jos\u00e9 Leonardo Chirino","highway":"tertiary","ref":"R-54"},"geometry":{"type":"LineString","coordinates":[[-69.63141,11.42006],[-69.62266,11.43165],[-69.61375,11.43701]]}},{"type":"Feature","id":"way/97261902","properties":{"name":"Variante Norte","highway":"trunk","ref":"T-3"},"geometry":{"type":"LineString","coordinates":[[-69.70341,11.38376],[-69.70411,11.38483]]}},{"type":"Feature","id":"way/100226511","properties":{"name":"Retorno","highway":"primary_link"},"geometry":{"type":"LineString","coordinates":[[-70.1787,11.74449],[-70.17902,11.74388],[-70.17799,11.74433]]}},{"type":"Feature","id":"way/100226519","properties":{"highway":"tertiary","ref":"R-49"},"geometry":{"type":"LineString","coordinates":[[-70.1902,11.73352],[-70.19071,11.73528],[-70.18899,11.73664],[-70.18306,11.7375]]}},{"type":"Feature","id":"way/100226542","properties":{"name":"Retorno","highway":"primary_link"},"geometry":{"type":"LineString","coordinates":[[-70.18226,11.7333],[-70.1825,11.73488],[-70.18277,11.73392]]}},{"type":"Feature","id":"way/100226550","properties":{"name":"Retorno","highway":"primary_link"},"geometry":{"type":"LineString","coordinates":[[-70.18036,11.74293],[-70.17924,11.74379],[-70.1804,11.74338]]}},{"type":"Feature","id":"way/100226554","properties":{"name":"Retorno","highway":"primary_link"},"geometry":{"type":"LineString","coordinates":[[-70.18281,11.7363],[-70.18248,11.73526],[-70.18239,11.73747]]}},{"type":"Feature","id":"way/102116767","properties":{"name":"Avenida Sucre","highway":"tertiary"},"geometry":{"type":"LineString","coordinates":[[-69.68267,11.39509],[-69.68731,11.3992]]}},{"type":"Feature","id":"way/102804876","properties":{"highway":"secondary","ref":"R-3"},"geometry":{"type":"LineString","coordinates":[[-70.24982,11.82798],[-70.24472,11.82876],[-70.24141,11.82675],[-70.24093,11.8255]]}},{"type":"Feature","id":"way/102804883","properties":{"highway":"secondary","ref":"R-3"},"geometry":{"type":"LineString","coordinates":[[-70.26036,11.82092],[-70.25571,11.82627],[-70.24982,11.82798]]}},{"type":"Feature","id":"way/102804885","properties":{"name":"V\u00eda Principal de Guanadito","highway":"primary_link"},"geometry":{"type":"LineString","coordinates":[[-70.17311,11.77585],[-70.17333,11.77545]]}},{"type":"Feature","id":"way/102804888","properties":{"name":"Avenida Intercomunal Al\u00ed Primera","highway":"primary","ref":"R-3"},"geometry":{"type":"LineString","coordinates":[[-70.20669,11.81229],[-70.2097,11.81581],[-70.22268,11.81963],[-70.23043,11.8256],[-70.23939,11.82596]]}},{"type":"Feature","id":"way/102804891","properties":{"highway":"primary","ref":"R-3"},"geometry":{"type":"LineString","coordinates":[[-70.23963,11.8244],[-70.23913,11.82559],[-70.24051,11.82605],[-70.24086,11.82482],[-70.23963,11.8244]]}},{"type":"Feature","id":"way/102804899","properties":{"name":"Retorno","highway":"primary_link"},"geometry":{"type":"LineString","coordinates":[[-70.17069,11.76948],[-70.16992,11.76774],[-70.17045,11.7698]]}},{"type":"Feature","id":"way/102804904","properties":{"highway":"secondary","ref":"R-3"},"geometry":{"type":"LineString","coordinates":[[-70.23996,11.82619],[-70.24492,11.82888],[-70.2513,11.82773]]}},{"type":"Feature","id":"way/102804905","properties":{"name":"Avenida Intercomunal Al\u00ed Primera","highway":"primary","ref":"L-4;R-3"},"geometry":{"type":"LineString","coordinates":[[-70.16396,11.75335],[-70.17363,11.77848]]}},{"type":"Feature","id":"way/102804910","properties":{"name":"Retorno","highway":"primary_link"},"geometry":{"type":"LineString","coordinates":[[-70.17252,11.77546],[-70.1733,11.77713],[-70.17311,11.77585]]}},{"type":"Feature","id":"way/102804919","properties":{"name":"Avenida Intercomunal Al\u00ed Primera","highway":"primary","ref":"L-4;R-3"},"geometry":{"type":"LineString","coordinates":[[-70.17404,11.77739],[-70.16494,11.75425],[-70.16525,11.75305]]}},{"type":"Feature","id":"way/102811406","properties":{"highway":"secondary","ref":"R-3"},"geometry":{"type":"LineString","coordinates":[[-70.26914,11.82105],[-70.26914,11.82105]]}},{"type":"Feature","id":"way/102811427","properties":{"highway":"secondary","ref":"R-3"},"geometry":{"type":"LineString","coordinates":[[-70.26904,11.82063],[-70.26076,11.82071]]}},{"type":"Feature","id":"way/102819949","properties":{"highway":"primary","ref":"L-4;R-3"},"geometry":{"type":"LineString","coordinates":[[-70.16541,11.75249],[-70.16433,11.75158],[-70.16348,11.75265],[-70.16442,11.75348],[-70.16541,11.75249]]}},{"type":"Feature","id":"way/102994585","properties":{"name":"V\u00eda a Ad\u00edcora","highway":"trunk_link"},"geometry":{"type":"LineString","coordinates":[[-69.77473,11.70565],[-69.77502,11.70648]]}},{"type":"Feature","id":"way/102994619","properties":{"name":"Retorno","highway":"trunk_link","ref":"T-4"},"geometry":{"type":"LineString","coordinates":[[-70.14221,11.6787],[-70.14449,11.67843],[-70.14441,11.67778],[-70.14141,11.67802]]}},{"type":"Feature","id":"way/102994629","properties":{"name":"Retorno de Santa Fe","highway":"trunk_link","ref":"T-4"},"geometry":{"type":"LineString","coordinates":[[-70.0278,11.69024],[-70.02998,11.68957],[-70.02724,11.689]]}},{"type":"Feature","id":"way/102994630","properties":{"name":"Retorno de Ad\u00edcora","highway":"trunk_link"},"geometry":{"type":"LineString","coordinates":[[-69.7751,11.70518],[-69.77473,11.70565]]}},{"type":"Feature","id":"way/102994649","properties":{"name":"Retorno de Cuara","highway":"trunk_link","ref":"T-4"},"geometry":{"type":"LineString","coordinates":[[-69.91821,11.69875],[-69.92084,11.69814],[-69.91797,11.69749]]}},{"type":"Feature","id":"way/102994653","properties":{"name":"Carretera Cayude - Santa Ana","highway":"secondary"},"geometry":{"type":"LineString","coordinates":[[-69.95665,11.69655],[-69.95763,11.69567]]}},{"type":"Feature","id":"way/102994670","properties":{"name":"Carretera Cayude - Santa Ana","highway":"trunk_link"},"geometry":{"type":"LineString","coordinates":[[-69.95465,11.6959],[-69.95665,11.69655]]}},{"type":"Feature","id":"way/102994691","properties":{"name":"Retorno de Bella Vista","highway":"trunk_link","ref":"T-4"},"geometry":{"type":"LineString","coordinates":[[-69.87108,11.7022],[-69.87381,11.7017],[-69.87109,11.70078]]}},{"type":"Feature","id":"way/102994713","properties":{"name":"Retorno de Santa Fe","highway":"trunk_link","ref":"T-4"},"geometry":{"type":"LineString","coordinates":[[-70.01875,11.68977],[-70.01689,11.69084],[-70.02031,11.69079]]}},{"type":"Feature","id":"way/102994722","properties":{"name":"Retorno de Cayude","highway":"trunk_link","ref":"T-4"},"geometry":{"type":"LineString","coordinates":[[-69.9504,11.6952],[-69.94907,11.69609],[-69.95145,11.6961]]}},{"type":"Feature","id":"way/102994726","properties":{"name":"Retorno","highway":"trunk_link","ref":"T-4"},"geometry":{"type":"LineString","coordinates":[[-70.13045,11.67905],[-70.12932,11.67986],[-70.13176,11.67968]]}},{"type":"Feature","id":"way/102994741","properties":{"name":"Retorno","highway":"trunk_link"},"geometry":{"type":"LineString","coordinates":[[-69.74902,11.66065],[-69.74831,11.66013],[-69.74859,11.66119]]}},{"type":"Feature","id":"way/102994761","properties":{"highway":"trunk_link"},"geometry":{"type":"LineString","coordinates":[[-70.0234,11.69135],[-70.02407,11.69055]]}},{"type":"Feature","id":"way/102994762","properties":{"name":"Retorno de Bella Vista","highway":"trunk_link","ref":"T-4"},"geometry":{"type":"LineString","coordinates":[[-69.86642,11.70123],[-69.86444,11.70244],[-69.86705,11.70251]]}},{"type":"Feature","id":"way/102994779","properties":{"name":"Retorno de Cuara","highway":"trunk_link","ref":"T-4"},"geometry":{"type":"LineString","coordinates":[[-69.90782,11.69845],[-69.9066,11.69938],[-69.9099,11.69932]]}},{"type":"Feature","id":"way/102997862","properties":{"highway":"trunk_link"},"geometry":{"type":"LineString","coordinates":[[-69.66933,11.42399],[-69.66998,11.42423]]}},{"type":"Feature","id":"way/103080432","properties":{"name":"Avenida Intercomunal Al\u00ed Primera","highway":"primary","ref":"R-3"},"geometry":{"type":"LineString","coordinates":[[-70.17378,11.77883],[-70.20439,11.80443]]}},{"type":"Feature","id":"way/104626022","properties":{"highway":"tertiary"},"geometry":{"type":"LineString","coordinates":[[-70.06871,11.9429],[-70.05264,11.94213],[-70.04816,11.94397],[-70.04322,11.94428],[-70.0344,11.94215],[-70.02337,11.94215],[-69.99942,11.94466],[-69.99474,11.93989],[-69.99126,11.93875],[-69.98987,11.93595],[-69.98731,11.93464],[-69.98148,11.93797],[-69.97629,11.94463],[-69.97513,11.9495],[-69.97046,11.94676],[-69.96806,11.94367],[-69.96792,11.94166],[-69.96336,11.9397],[-69.95698,11.93435],[-69.95207,11.93445],[-69.94569,11.93731],[-69.94447,11.93448],[-69.94009,11.93425],[-69.93283,11.93852],[-69.92828,11.93806]]}},{"type":"Feature","id":"way/110159592","properties":{"name":"Carretera Principal de la Colonia Yumare","highway":"tertiary","ref":"L-6"},"geometry":{"type":"LineString","coordinates":[[-68.6037,10.64058],[-68.63308,10.63875]]}},{"type":"Feature","id":"way/119779044","properties":{"name":"Retorno","highway":"trunk_link","ref":"T-3"},"geometry":{"type":"LineString","coordinates":[[-69.58128,11.4503],[-69.58128,11.45075]]}},{"type":"Feature","id":"way/119779047","properties":{"name":"Distribuidor La Vela","highway":"trunk_link"},"geometry":{"type":"LineString","coordinates":[[-69.58237,11.45078],[-69.5811,11.45149]]}},{"type":"Feature","id":"way/119779049","properties":{"name":"Carretera Nacional Coro - Tucacas","highway":"trunk","ref":"T-3"},"geometry":{"type":"LineString","coordinates":[[-69.57955,11.45057],[-69.58401,11.45044]]}},{"type":"Feature","id":"way/119779051","properties":{"name":"Carretera Nacional Coro - Tucacas","highway":"trunk","ref":"T-3"},"geometry":{"type":"LineString","coordinates":[[-69.64115,11.42635],[-69.62657,11.43448],[-69.62042,11.4361]]}},{"type":"Feature","id":"way/119779071","properties":{"name":"Retorno","highway":"trunk_link"},"geometry":{"type":"LineString","coordinates":[[-69.61474,11.43734],[-69.61555,11.43683],[-69.61456,11.43701]]}},{"type":"Feature","id":"way/119883666","properties":{"name":"Carretera Nacional Coro - Tucacas","highway":"trunk","ref":"T-3"},"geometry":{"type":"LineString","coordinates":[[-69.57955,11.45057],[-69.56691,11.45256],[-69.55716,11.45856],[-69.54733,11.4584]]}},{"type":"Feature","id":"way/127682710","properties":{"name":"V\u00eda a Pedregal","highway":"secondary","ref":"L-7"},"geometry":{"type":"LineString","coordinates":[[-70.248,11.19607],[-70.246,11.18527],[-70.24783,11.17544],[-70.24666,11.16561],[-70.24457,11.16237],[-70.23114,11.15411],[-70.22349,11.14109],[-70.22378,11.13469],[-70.21563,11.12641],[-70.21834,11.1163],[-70.22492,11.11067],[-70.22372,11.10748],[-70.22389,11.10499],[-70.22441,11.10377],[-70.22652,11.10288],[-70.22768,11.09936],[-70.22886,11.08674],[-70.23614,11.07388],[-70.23551,11.06243],[-70.19014,11.05005],[-70.13907,11.02471],[-70.12339,11.02148]]}},{"type":"Feature","id":"way/127683883","properties":{"name":"V\u00eda a Pedregal","highway":"secondary","ref":"L-7"},"geometry":{"type":"LineString","coordinates":[[-70.12339,11.02148],[-70.12258,11.02155]]}},{"type":"Feature","id":"way/147441217","properties":{"name":"Carretera Nacional Coro - Churuguara","highway":"trunk","ref":"T-4"},"geometry":{"type":"LineString","coordinates":[[-69.66279,11.38065],[-69.66497,11.38509]]}},{"type":"Feature","id":"way/147446061","properties":{"name":"Carretera Nacional Falc\u00f3n - Lara","highway":"trunk","ref":"T-4"},"geometry":{"type":"LineString","coordinates":[[-69.28184,10.69884],[-69.28196,10.70118],[-69.28375,10.70224],[-69.28726,10.70245],[-69.28995,10.7056],[-69.29302,10.70478],[-69.29663,10.71243],[-69.30322,10.71976],[-69.30343,10.72152],[-69.30191,10.72379],[-69.30489,10.72813],[-69.30173,10.73128],[-69.30569,10.7315],[-69.30484,10.73439],[-69.30822,10.73564],[-69.31194,10.73433],[-69.31315,10.73683],[-69.31516,10.73815],[-69.3135,10.73978],[-69.31365,10.74089],[-69.31637,10.74215],[-69.32301,10.74814],[-69.32647,10.7495],[-69.32842,10.75483],[-69.32988,10.7548],[-69.33045,10.75645],[-69.33548,10.7581],[-69.33788,10.76206],[-69.34131,10.76251],[-69.35161,10.76916],[-69.35528,10.77017],[-69.35811,10.77218],[-69.35874,10.77362],[-69.35731,10.77587],[-69.35806,10.77675],[-69.36285,10.77748],[-69.37255,10.78115],[-69.37878,10.78074],[-69.3854,10.78282],[-69.40459,10.78272],[-69.42061,10.7789],[-69.42213,10.78284],[-69.42197,10.78637],[-69.42636,10.78742],[-69.42923,10.79103],[-69.44224,10.79741],[-69.44442,10.79662],[-69.44629,10.79777],[-69.44872,10.79747],[-69.45454,10.80141],[-69.45747,10.8008],[-69.4744,10.80671],[-69.48843,10.80385],[-69.50356,10.80476],[-69.51213,10.79681],[-69.52341,10.79776],[-69.52704,10.79627],[-69.53011,10.79829],[-69.52936,10.80066],[-69.53356,10.80151],[-69.53925,10.80602],[-69.54389,10.80777],[-69.54701,10.8102]]}},{"type":"Feature","id":"way/147670185","properties":{"name":"Carretera Punto Fijo - Pueblo Nuevo","highway":"secondary","ref":"L-4"},"geometry":{"type":"LineString","coordinates":[[-69.92777,11.94901],[-69.93469,11.95164],[-69.94287,11.95865],[-69.96558,11.97243],[-69.97875,11.97868],[-69.98636,11.97744],[-70.00936,11.98042],[-70.02895,11.97206],[-70.04313,11.96943],[-70.05778,11.95963],[-70.09359,11.90478],[-70.09357,11.89725],[-70.10089,11.87225],[-70.10344,11.86039],[-70.11148,11.84534],[-70.1242,11.82663],[-70.16806,11.78606],[-70.1735,11.77933]]}},{"type":"Feature","id":"way/147670186","properties":{"name":"Carretera Moruy - Santa Ana","highway":"secondary","ref":"R-1"},"geometry":{"type":"LineString","coordinates":[[-69.98044,11.82231],[-69.98154,11.81628],[-69.97993,11.80279],[-69.96118,11.78722],[-69.9524,11.78303]]}},{"type":"Feature","id":"way/148282903","properties":{"name":"Carretera Regional Sanare - Chichiriviche","highway":"primary","ref":"L-3"},"geometry":{"type":"LineString","coordinates":[[-68.38844,10.8767],[-68.38636,10.88878],[-68.38735,10.89437],[-68.38078,10.91406],[-68.37856,10.93791],[-68.36674,10.96943]]}},{"type":"Feature","id":"way/148401097","properties":{"name":"Carretera Cabure - San Luis","highway":"secondary","ref":"R-67"},"geometry":{"type":"LineString","coordinates":[[-69.62134,11.14303],[-69.62485,11.14342],[-69.62633,11.1458],[-69.62778,11.14426],[-69.63048,11.14461],[-69.63134,11.14307],[-69.6334,11.14219],[-69.64044,11.14328],[-69.64552,11.14291],[-69.64852,11.13942],[-69.65189,11.1381],[-69.6541,11.13829],[-69.65583,11.13981],[-69.65727,11.13846],[-69.66007,11.13927],[-69.6662,11.13596],[-69.66731,11.13676],[-69.66872,11.13626],[-69.67098,11.13857],[-69.6743,11.1395],[-69.67778,11.13853],[-69.67891,11.13626],[-69.68271,11.13532]]}},{"type":"Feature","id":"way/148403195","properties":{"name":"Carretera San Luis - Curimagua","highway":"secondary","ref":"R-17"},"geometry":{"type":"LineString","coordinates":[[-69.68243,11.16858],[-69.68539,11.16608],[-69.68477,11.16289],[-69.68699,11.15917],[-69.68698,11.15566],[-69.68808,11.15574],[-69.68857,11.15461],[-69.69013,11.15509],[-69.6916,11.15386],[-69.69137,11.15188],[-69.69245,11.15165],[-69.68841,11.1476],[-69.69045,11.143],[-69.68933,11.14376],[-69.68806,11.1432],[-69.68628,11.13948],[-69.68392,11.13826],[-69.68526,11.13568],[-69.68271,11.13532]]}},{"type":"Feature","id":"way/148521773","properties":{"name":"Carretera Vieja Coro - Churuguara","highway":"tertiary","ref":"T-4"},"geometry":{"type":"LineString","coordinates":[[-69.70846,11.06151],[-69.70935,11.0532],[-69.70456,11.04594],[-69.70557,11.04506],[-69.70762,11.03809],[-69.70446,11.03119],[-69.70409,11.02668],[-69.7026,11.02619],[-69.70335,11.02197],[-69.70638,11.01932],[-69.70609,11.01698],[-69.70803,11.0158],[-69.7077,11.01346],[-69.7092,11.01396],[-69.71131,11.01215],[-69.70977,11.00961],[-69.70858,11.01032],[-69.70455,11.00862],[-69.70684,11.00704],[-69.70602,11.00332],[-69.70817,11.00295],[-69.70738,10.99773],[-69.7081,10.99588],[-69.70696,10.99341],[-69.7036,10.99117],[-69.70221,10.98424],[-69.70032,10.98482],[-69.69925,10.98415],[-69.70065,10.98243],[-69.70123,10.97834],[-69.69961,10.97615],[-69.70168,10.97522],[-69.70231,10.97335],[-69.70126,10.97203],[-69.70161,10.97015],[-69.70345,10.9689],[-69.70242,10.96758],[-69.70613,10.96784],[-69.70597,10.96633],[-69.70733,10.96553],[-69.70451,10.96352],[-69.70389,10.95947],[-69.69332,10.9575],[-69.69508,10.95573],[-69.6948,10.9543],[-69.69744,10.95381],[-69.69842,10.95233],[-69.69636,10.94939],[-69.69469,10.94989],[-69.69818,10.94334],[-69.69766,10.93933],[-69.69842,10.93473],[-69.69605,10.93443],[-69.69298,10.93115],[-69.69442,10.92748],[-69.69292,10.92358],[-69.69352,10.9218],[-69.6925,10.91814],[-69.69428,10.9126],[-69.69135,10.9063],[-69.69248,10.9039],[-69.69031,10.90188],[-69.68693,10.9018],[-69.68635,10.89762],[-69.68186,10.8944],[-69.68089,10.89],[-69.68405,10.88355],[-69.67986,10.87941],[-69.67913,10.87573],[-69.6793,10.87465],[-69.68063,10.87434],[-69.68073,10.87255],[-69.68485,10.87007],[-69.68425,10.86847],[-69.68574,10.86738],[-69.6841,10.86709],[-69.68362,10.86482],[-69.68572,10.86098],[-69.68313,10.86043],[-69.68402,10.85823],[-69.67715,10.85251],[-69.67829,10.84843],[-69.67761,10.84631],[-69.67251,10.84617],[-69.66934,10.84365],[-69.66982,10.84191],[-69.67654,10.83487],[-69.67611,10.83315],[-69.6773,10.8324],[-69.6773,10.83101],[-69.67481,10.82726],[-69.67275,10.82626],[-69.67205,10.8236],[-69.66517,10.82193],[-69.66216,10.8226],[-69.65796,10.8212],[-69.65286,10.81728],[-69.65189,10.81493],[-69.64998,10.81533],[-69.64401,10.81237],[-69.63686,10.81165],[-69.63368,10.81347],[-69.62273,10.81526],[-69.62041,10.81371],[-69.61532,10.8141],[-69.61323,10.81132],[-69.60717,10.80724],[-69.59915,10.80401],[-69.59927,10.80158],[-69.59689,10.79922],[-69.59049,10.79975],[-69.58488,10.80187],[-69.57946,10.8025],[-69.57524,10.80533],[-69.56683,10.80887],[-69.55861,10.80879],[-69.55534,10.80987],[-69.55474,10.81125],[-69.55376,10.81058],[-69.55263,10.81295],[-69.54701,10.8102]]}},{"type":"Feature","id":"way/148523136","properties":{"highway":"tertiary","ref":"R-23"},"geometry":{"type":"LineString","coordinates":[[-69.13949,11.3672],[-69.14131,11.36718],[-69.1442,11.3689],[-69.14487,11.37074],[-69.14718,11.37147],[-69.14878,11.37344],[-69.15112,11.3747],[-69.15257,11.37441]]}},{"type":"Feature","id":"way/148523141","properties":{"highway":"tertiary","ref":"R-23"},"geometry":{"type":"LineString","coordinates":[[-69.13535,11.36594],[-69.13904,11.36603]]}},{"type":"Feature","id":"way/156954081","properties":{"name":"Carretera Bucaral - Jacura","highway":"tertiary","ref":"L-5"},"geometry":{"type":"LineString","coordinates":[[-69.2764,10.82534],[-69.27198,10.82646],[-69.25253,10.84328],[-69.24676,10.8455],[-69.24157,10.84455],[-69.23959,10.84252],[-69.23645,10.84168],[-69.23556,10.83976],[-69.22308,10.84132],[-69.21908,10.84273],[-69.21789,10.84438],[-69.21458,10.84463],[-69.21322,10.84628],[-69.21025,10.84678],[-69.20911,10.84965],[-69.206,10.8488],[-69.20008,10.85293],[-69.19779,10.85242],[-69.19445,10.85324],[-69.18627,10.85097],[-69.18381,10.84885],[-69.17966,10.84971],[-69.17666,10.84717],[-69.17385,10.84679],[-69.17224,10.84386]]}},{"type":"Feature","id":"way/156954082","properties":{"name":"Carretera Marcillial - Jacura","highway":"secondary","ref":"L-5"},"geometry":{"type":"LineString","coordinates":[[-68.83514,11.19639],[-68.83967,11.1927],[-68.84091,11.17489],[-68.83817,11.16668],[-68.83796,11.16024],[-68.83572,11.1487],[-68.8394,11.13904],[-68.83752,11.13152],[-68.83924,11.12208],[-68.83947,11.10727],[-68.84037,11.10482],[-68.84398,11.10332],[-68.84818,11.10299],[-68.85362,11.09885],[-68.85441,11.09194],[-68.85067,11.08709],[-68.85183,11.08668],[-68.85196,11.08381],[-68.85413,11.08098],[-68.85528,11.0809],[-68.85479,11.07627],[-68.8562,11.07571]]}},{"type":"Feature","id":"way/163655003","properties":{"name":"V\u00eda a Chichiriviche","highway":"primary","ref":"R-31"},"geometry":{"type":"LineString","coordinates":[[-68.36674,10.96943],[-68.27649,10.93051]]}},{"type":"Feature","id":"way/164076935","properties":{"name":"Avenida Manaure","highway":"tertiary"},"geometry":{"type":"LineString","coordinates":[[-69.67228,11.4017],[-69.67136,11.39735]]}},{"type":"Feature","id":"way/164115430","properties":{"name":"Avenida Los M\u00e9danos","highway":"secondary","ref":"T-4"},"geometry":{"type":"LineString","coordinates":[[-69.66958,11.42235],[-69.6614,11.39874]]}},{"type":"Feature","id":"way/164115432","properties":{"name":"Avenida Los M\u00e9danos","highway":"secondary","ref":"T-4"},"geometry":{"type":"LineString","coordinates":[[-69.66967,11.42295],[-69.6699,11.42374]]}},{"type":"Feature","id":"way/164115435","properties":{"name":"Avenida Independencia","highway":"tertiary","ref":"R-37"},"geometry":{"type":"LineString","coordinates":[[-69.6455,11.4239],[-69.6657,11.41222]]}},{"type":"Feature","id":"way/164115439","properties":{"highway":"secondary","ref":"T-4"},"geometry":{"type":"LineString","coordinates":[[-69.66949,11.42288],[-69.66949,11.42288]]}},{"type":"Feature","id":"way/164115444","properties":{"highway":"trunk_link"},"geometry":{"type":"LineString","coordinates":[[-69.66138,11.39841],[-69.66108,11.39867]]}},{"type":"Feature","id":"way/164115445","properties":{"highway":"trunk_link"},"geometry":{"type":"LineString","coordinates":[[-69.6704,11.42352],[-69.66993,11.42338]]}},{"type":"Feature","id":"way/164115452","properties":{"highway":"trunk_link"},"geometry":{"type":"LineString","coordinates":[[-69.66096,11.3988],[-69.66127,11.3992]]}},{"type":"Feature","id":"way/164115453","properties":{"highway":"trunk_link"},"geometry":{"type":"LineString","coordinates":[[-69.66984,11.42345],[-69.66933,11.42399]]}},{"type":"Feature","id":"way/164115454","properties":{"name":"Avenida Ram\u00f3n Antonio Medina","highway":"trunk","ref":"T-3"},"geometry":{"type":"LineString","coordinates":[[-69.66141,11.39867],[-69.66053,11.39892]]}},{"type":"Feature","id":"way/164256499","properties":{"name":"Carretera Nacional Coro - Churuguara","highway":"trunk","ref":"T-4;L-10"},"geometry":{"type":"LineString","coordinates":[[-69.57123,11.11931],[-69.57591,11.11851],[-69.58394,11.1137],[-69.58728,11.11022],[-69.58807,11.10636],[-69.59457,11.10371],[-69.59827,11.09909],[-69.60118,11.09765],[-69.60202,11.09427],[-69.59952,11.08933],[-69.60169,11.08592],[-69.60088,11.08131],[-69.59889,11.07759],[-69.59906,11.07237],[-69.59593,11.06317],[-69.59753,11.05784],[-69.60124,11.05561],[-69.6033,11.05263],[-69.60049,11.04967],[-69.59392,11.04666],[-69.59431,11.04436],[-69.59628,11.04158],[-69.59534,11.03535],[-69.59376,11.03385],[-69.59194,11.03372],[-69.58657,11.03982],[-69.58471,11.04052],[-69.58251,11.03941],[-69.57771,11.03285],[-69.57816,11.03101],[-69.57642,11.02419],[-69.57657,11.0174],[-69.57785,11.01417],[-69.57336,11.00615],[-69.57257,11.00157],[-69.57427,10.99756],[-69.57638,10.99568],[-69.57495,10.98742],[-69.57582,10.98672],[-69.57779,10.98762],[-69.5818,10.9859],[-69.58227,10.97724],[-69.57963,10.97105],[-69.57804,10.97062],[-69.57532,10.96693],[-69.56795,10.96453],[-69.56176,10.96068],[-69.5585,10.95081],[-69.55454,10.9492],[-69.5553,10.94505],[-69.55279,10.9425],[-69.54696,10.93176],[-69.54627,10.9283],[-69.5416,10.92158],[-69.54499,10.9148],[-69.55271,10.91263],[-69.55568,10.9061],[-69.55558,10.9034],[-69.55399,10.90189],[-69.55726,10.8957],[-69.55689,10.89145],[-69.56027,10.89051],[-69.55677,10.88694],[-69.5585,10.88295],[-69.55711,10.88173],[-69.55805,10.88015],[-69.55748,10.87861],[-69.559,10.87756],[-69.55904,10.87641],[-69.55735,10.87484],[-69.55519,10.87564],[-69.55704,10.8734],[-69.55613,10.87377],[-69.55125,10.87176],[-69.55069,10.86816],[-69.54924,10.86624],[-69.54951,10.86043],[-69.54619,10.85567],[-69.54761,10.85408],[-69.54739,10.85204],[-69.54976,10.85198],[-69.54983,10.85046],[-69.54717,10.8463],[-69.5432,10.84615],[-69.54211,10.84518],[-69.54206,10.84092],[-69.54057,10.83758],[-69.53844,10.8355],[-69.53688,10.82634],[-69.53433,10.82513],[-69.54054,10.8232],[-69.54603,10.818],[-69.54701,10.8102]]}},{"type":"Feature","id":"way/164256501","properties":{"name":"Avenida Ram\u00f3n Antonio Medina","highway":"trunk","ref":"T-3"},"geometry":{"type":"LineString","coordinates":[[-69.66053,11.39892],[-69.64709,11.42164],[-69.64487,11.42396]]}},{"type":"Feature","id":"way/177917059","properties":{"name":"Carretera de la Sierra","highway":"tertiary","ref":"R-20"},"geometry":{"type":"LineString","coordinates":[[-69.68243,11.16858],[-69.68456,11.1672],[-69.68592,11.1678],[-69.68687,11.1689],[-69.687,11.17154],[-69.68928,11.17376],[-69.69256,11.17084],[-69.69193,11.16873],[-69.69457,11.16801],[-69.69562,11.16902],[-69.69899,11.16879],[-69.70015,11.16714],[-69.70145,11.16912],[-69.70475,11.16885],[-69.70748,11.17338],[-69.7125,11.17176],[-69.71462,11.17313],[-69.71417,11.17173],[-69.71587,11.17307],[-69.7166,11.17244],[-69.71705,11.1733],[-69.7199,11.17363],[-69.71764,11.17097],[-69.71703,11.16534],[-69.71976,11.16974],[-69.72698,11.16755],[-69.72829,11.16566],[-69.73071,11.16577],[-69.7327,11.16463],[-69.72811,11.16462],[-69.73061,11.16373],[-69.73075,11.15952],[-69.73178,11.15899]]}},{"type":"Feature","id":"way/177925121","properties":{"name":"Carretera Buena Vista - Baraived","highway":"tertiary"},"geometry":{"type":"LineString","coordinates":[[-69.94392,11.87381],[-69.91912,11.87008],[-69.90897,11.87121],[-69.89817,11.86729],[-69.87491,11.86855],[-69.87236,11.8697],[-69.86362,11.87735],[-69.8587,11.88006],[-69.8551,11.88083],[-69.853,11.88656]]}},{"type":"Feature","id":"way/177930102","properties":{"highway":"primary_link"},"geometry":{"type":"LineString","coordinates":[[-70.18253,11.73797],[-70.18306,11.7375]]}},{"type":"Feature","id":"way/177931440","properties":{"name":"Carretera Bocaina - Miraca","highway":"tertiary"},"geometry":{"type":"LineString","coordinates":[[-69.80933,11.8538],[-69.82914,11.85475],[-69.83407,11.85387],[-69.84155,11.85024],[-69.84842,11.84995],[-69.8544,11.85155],[-69.85582,11.85305],[-69.86175,11.8534],[-69.86401,11.85471],[-69.86407,11.86114],[-69.86567,11.86545],[-69.8663,11.87515]]}},{"type":"Feature","id":"way/188347105","properties":{"name":"Carretera Nacional Coro - Tucacas","highway":"trunk","ref":"T-3"},"geometry":{"type":"LineString","coordinates":[[-68.48643,10.93649],[-68.48721,10.93708]]}},{"type":"Feature","id":"way/188347106","properties":{"name":"Carretera Nacional Coro - Tucacas","highway":"trunk","ref":"T-3"},"geometry":{"type":"LineString","coordinates":[[-68.51236,10.94582],[-68.52626,10.96277],[-68.54963,10.97774],[-68.55329,10.98213],[-68.56322,10.98993],[-68.57302,10.99091],[-68.58734,11.00442],[-68.60654,11.00984],[-68.61191,11.00843],[-68.61842,11.0091],[-68.62734,11.01838],[-68.636,11.02115],[-68.63975,11.02332],[-68.64606,11.02278],[-68.65077,11.02482],[-68.65583,11.02478],[-68.66348,11.02889],[-68.66894,11.04178],[-68.66841,11.04883],[-68.66959,11.05468],[-68.67357,11.0576],[-68.68037,11.06514],[-68.68427,11.07704],[-68.70058,11.08447],[-68.7077,11.10044],[-68.72053,11.11119],[-68.72929,11.12497],[-68.73322,11.12905],[-68.73868,11.13464],[-68.74475,11.13842],[-68.7501,11.15188],[-68.75301,11.15545],[-68.75842,11.16797],[-68.76045,11.16953],[-68.78547,11.17818]]}},{"type":"Feature","id":"way/200953150","properties":{"name":"Avenido Jacinto Lara","highway":"tertiary","ref":"R-5;R-49"},"geometry":{"type":"LineString","coordinates":[[-70.19899,11.69085],[-70.19934,11.69564]]}},{"type":"Feature","id":"way/203371557","properties":{"name":"Carretera Pueblo Nuevo - San Rom\u00e1n","highway":"tertiary","ref":"R-1"},"geometry":{"type":"LineString","coordinates":[[-69.8964,12.105],[-69.9124,12.08965],[-69.92713,12.08197],[-69.94742,12.06888]]}},{"type":"Feature","id":"way/203649056","properties":{"name":"Avenida Intercomunal de Punta Card\u00f3n","highway":"secondary","ref":"R-51"},"geometry":{"type":"LineString","coordinates":[[-70.1918,11.66818],[-70.19663,11.66441],[-70.19838,11.6606]]}},{"type":"Feature","id":"way/205027994","properties":{"name":"Avenida Intercomunal Al\u00ed Primera","highway":"primary","ref":"L-4"},"geometry":{"type":"LineString","coordinates":[[-70.1766,11.69733],[-70.17705,11.70213],[-70.18148,11.71253],[-70.18177,11.71552]]}},{"type":"Feature","id":"way/205029607","properties":{"name":"Carretera P\u00edritu - Sabanas Altas","highway":"tertiary"},"geometry":{"type":"LineString","coordinates":[[-69.1,11.43424],[-69.10101,11.43568],[-69.10098,11.43811],[-69.09912,11.44853],[-69.10178,11.45675],[-69.10171,11.46458],[-69.10336,11.46727],[-69.10254,11.47298],[-69.10357,11.48219],[-69.105,11.48642],[-69.10749,11.48733]]}},{"type":"Feature","id":"way/205029620","properties":{"name":"Carretera P\u00edritu - Sabanas Altas","highway":"tertiary"},"geometry":{"type":"LineString","coordinates":[[-69.1,11.43424],[-69.09997,11.42924],[-69.10244,11.42543],[-69.10089,11.424],[-69.09865,11.41682],[-69.09984,11.41435],[-69.10213,11.41361],[-69.10603,11.40832],[-69.10616,11.40364],[-69.10251,11.39861],[-69.10337,11.39328],[-69.10256,11.38596],[-69.10363,11.38352],[-69.10562,11.38197],[-69.10808,11.38231],[-69.10954,11.37836],[-69.10888,11.3759],[-69.10949,11.37518],[-69.11747,11.37342],[-69.12048,11.36618],[-69.12439,11.36451],[-69.12642,11.36529],[-69.13123,11.36425],[-69.13372,11.36543]]}},{"type":"Feature","id":"way/205093814","properties":{"name":"V\u00eda a Hueque","highway":"tertiary"},"geometry":{"type":"LineString","coordinates":[[-69.06072,11.34872],[-69.06128,11.3534],[-69.05739,11.36022],[-69.05549,11.37142],[-69.05648,11.38817],[-69.05736,11.39104],[-69.05693,11.39672],[-69.05291,11.39986],[-69.0462,11.40293],[-69.04326,11.40845],[-69.04023,11.40925],[-69.03899,11.41058],[-69.03834,11.41425],[-69.02857,11.42089],[-69.02751,11.42242],[-69.0283,11.42701],[-69.02631,11.42811]]}},{"type":"Feature","id":"way/205107117","properties":{"name":"V\u00eda a San Francisco","highway":"tertiary","ref":"R-12"},"geometry":{"type":"LineString","coordinates":[[-69.25649,11.47079],[-69.25499,11.4721],[-69.25235,11.47214]]}},{"type":"Feature","id":"way/207183068","properties":{"name":"Avenida Intercomunal de Punta Card\u00f3n","highway":"secondary"},"geometry":{"type":"LineString","coordinates":[[-70.19983,11.65693],[-70.19812,11.66093]]}},{"type":"Feature","id":"way/207231953","properties":{"name":"Avenida Intercomunal de Punta Card\u00f3n","highway":"secondary","ref":"R-51"},"geometry":{"type":"LineString","coordinates":[[-70.19976,11.65737],[-70.2092,11.63557],[-70.21247,11.62522]]}},{"type":"Feature","id":"way/207231962","properties":{"name":"Avenida Intercomunal de Punta Card\u00f3n","highway":"secondary","ref":"R-51"},"geometry":{"type":"LineString","coordinates":[[-70.19838,11.6606],[-70.19976,11.65737]]}},{"type":"Feature","id":"way/207231969","properties":{"name":"Avenida Intercomunal de Punta Card\u00f3n","highway":"secondary","ref":"R-51"},"geometry":{"type":"LineString","coordinates":[[-70.19966,11.65734],[-70.19828,11.66058]]}},{"type":"Feature","id":"way/207231971","properties":{"highway":"primary_link"},"geometry":{"type":"LineString","coordinates":[[-70.1768,11.69853],[-70.17685,11.6969]]}},{"type":"Feature","id":"way/209210222","properties":{"name":"Carretera Baraived - El Hato","highway":"tertiary"},"geometry":{"type":"LineString","coordinates":[[-69.84479,11.9457],[-69.84426,11.93716],[-69.84571,11.93186],[-69.84699,11.91682],[-69.85102,11.90814],[-69.8504,11.89868],[-69.85157,11.88682]]}},{"type":"Feature","id":"way/209210235","properties":{"highway":"tertiary"},"geometry":{"type":"LineString","coordinates":[[-69.9517,11.85385],[-69.94236,11.8515],[-69.93529,11.85274],[-69.93435,11.85398],[-69.93221,11.85371],[-69.92523,11.84367]]}},{"type":"Feature","id":"way/209225100","properties":{"name":"Carretera Nacional Coro - Tucacas","highway":"trunk","ref":"T-3"},"geometry":{"type":"LineString","coordinates":[[-69.54733,11.4584],[-69.54711,11.45847]]}},{"type":"Feature","id":"way/220392734","properties":{"name":"Avenida Intercomunal Al\u00ed Primera","highway":"primary","ref":"L-4"},"geometry":{"type":"LineString","coordinates":[[-70.17645,11.69374],[-70.17509,11.67844]]}},{"type":"Feature","id":"way/220397324","properties":{"name":"Avenida Rafael Gonz\u00e1lez","highway":"tertiary","ref":"R-6"},"geometry":{"type":"LineString","coordinates":[[-70.19934,11.69564],[-70.18779,11.69562]]}},{"type":"Feature","id":"way/224269817","properties":{"name":"Avenida Bol\u00edvar","highway":"secondary","ref":"R-5"},"geometry":{"type":"LineString","coordinates":[[-70.19136,11.66833],[-70.19172,11.66852]]}},{"type":"Feature","id":"way/224269819","properties":{"name":"Avenida Bol\u00edvar","highway":"secondary","ref":"R-5"},"geometry":{"type":"LineString","coordinates":[[-70.19186,11.66848],[-70.1914,11.66825]]}},{"type":"Feature","id":"way/224269820","properties":{"name":"Avenida Bol\u00edvar","highway":"secondary","ref":"R-5"},"geometry":{"type":"LineString","coordinates":[[-70.1914,11.66825],[-70.18952,11.66821]]}},{"type":"Feature","id":"way/233445240","properties":{"name":"Carretera Dabajuro - Bariro","highway":"tertiary","ref":"R-8"},"geometry":{"type":"LineString","coordinates":[[-70.67859,11.01985],[-70.67855,11.01495],[-70.68212,10.99105],[-70.68458,10.98773],[-70.68343,10.97536],[-70.68573,10.97115],[-70.68899,10.96053],[-70.69554,10.93306],[-70.69511,10.93106],[-70.6897,10.92537],[-70.69051,10.91709],[-70.69232,10.91353],[-70.69071,10.90817],[-70.69172,10.90343],[-70.68996,10.90105],[-70.68779,10.89321],[-70.68948,10.87924],[-70.6941,10.87452],[-70.6965,10.86728],[-70.69624,10.86218],[-70.70485,10.84532],[-70.70633,10.8442],[-70.71028,10.84369],[-70.71628,10.83851],[-70.72139,10.83665],[-70.72828,10.82913],[-70.73231,10.82711],[-70.73472,10.82329],[-70.74034,10.82165],[-70.74472,10.81653],[-70.74681,10.81562]]}},{"type":"Feature","id":"way/233445241","properties":{"highway":"tertiary"},"geometry":{"type":"LineString","coordinates":[[-70.67881,11.02439],[-70.67825,11.02446]]}},{"type":"Feature","id":"way/233445246","properties":{"name":"V\u00eda a Capat\u00e1rida","highway":"tertiary","ref":"R-8"},"geometry":{"type":"LineString","coordinates":[[-70.62189,11.17062],[-70.62359,11.16833],[-70.6267,11.15747],[-70.63622,11.13587],[-70.65321,11.11585],[-70.66174,11.11226],[-70.66597,11.10882],[-70.6735,11.10024],[-70.67416,11.08395],[-70.66636,11.07116],[-70.66605,11.06876],[-70.66898,11.06204],[-70.67254,11.04973],[-70.67291,11.04503],[-70.67535,11.03657]]}},{"type":"Feature","id":"way/255512119","properties":{"name":"Retorno","highway":"trunk_link"},"geometry":{"type":"LineString","coordinates":[[-69.70469,11.55266],[-69.70492,11.55248]]}},{"type":"Feature","id":"way/262878011","properties":{"name":"Avenida Rafael Gonz\u00e1lez","highway":"tertiary","ref":"R-6"},"geometry":{"type":"LineString","coordinates":[[-70.19943,11.69576],[-70.20985,11.69576]]}},{"type":"Feature","id":"way/264756455","properties":{"name":"Avenida Intercomunal de Punta Card\u00f3n","highway":"secondary","ref":"R-51"},"geometry":{"type":"LineString","coordinates":[[-70.19143,11.66903],[-70.1918,11.66818]]}},{"type":"Feature","id":"way/264756459","properties":{"name":"Avenida Rafael Gonz\u00e1lez","highway":"tertiary","ref":"R-6"},"geometry":{"type":"LineString","coordinates":[[-70.20984,11.69569],[-70.19943,11.69565]]}},{"type":"Feature","id":"way/264756460","properties":{"name":"Avenida Intercomunal de Punta Card\u00f3n","highway":"secondary","ref":"R-51"},"geometry":{"type":"LineString","coordinates":[[-70.19828,11.66058],[-70.19686,11.66378],[-70.19299,11.66616]]}},{"type":"Feature","id":"way/264756461","properties":{"name":"Retorno","highway":"trunk_link","ref":"T-4"},"geometry":{"type":"LineString","coordinates":[[-70.14647,11.67763],[-70.14474,11.67811],[-70.14688,11.67843]]}},{"type":"Feature","id":"way/264756462","properties":{"name":"V\u00eda a Ad\u00edcora","highway":"trunk_link"},"geometry":{"type":"LineString","coordinates":[[-69.77502,11.70648],[-69.77647,11.70663]]}},{"type":"Feature","id":"way/264756465","properties":{"name":"Retorno de Ad\u00edcora","highway":"trunk_link"},"geometry":{"type":"LineString","coordinates":[[-69.77702,11.70677],[-69.77778,11.70622]]}},{"type":"Feature","id":"way/264756466","properties":{"highway":"primary_link"},"geometry":{"type":"LineString","coordinates":[[-70.17751,11.69561],[-70.17659,11.69511]]}},{"type":"Feature","id":"way/264756467","properties":{"name":"Retorno de Bella Vista","highway":"trunk_link","ref":"T-4"},"geometry":{"type":"LineString","coordinates":[[-69.86508,11.70283],[-69.87409,11.7021]]}},{"type":"Feature","id":"way/265407292","properties":{"highway":"tertiary"},"geometry":{"type":"LineString","coordinates":[[-70.61781,11.18018],[-70.61741,11.17366]]}},{"type":"Feature","id":"way/289314228","properties":{"highway":"tertiary","ref":"L-5"},"geometry":{"type":"LineString","coordinates":[[-69.27858,10.81875],[-69.28301,10.81774]]}},{"type":"Feature","id":"way/289314234","properties":{"highway":"tertiary","ref":"L-5"},"geometry":{"type":"LineString","coordinates":[[-69.27663,10.82123],[-69.2764,10.82534]]}},{"type":"Feature","id":"way/292733019","properties":{"highway":"tertiary","ref":"R-14"},"geometry":{"type":"LineString","coordinates":[[-71.06085,10.70093],[-71.05331,10.69653],[-71.05091,10.69286],[-71.05155,10.69063],[-71.05073,10.68946],[-71.042,10.68388],[-71.03764,10.68276]]}},{"type":"Feature","id":"way/301416395","properties":{"name":"Par Vial Mor\u00f3n - Tucacas","highway":"trunk","ref":"T-3"},"geometry":{"type":"LineString","coordinates":[[-68.30088,10.68405],[-68.29786,10.669],[-68.29493,10.66083],[-68.27679,10.63144]]}},{"type":"Feature","id":"way/301416404","properties":{"name":"Carretera Yaracal - Santa Luc\u00eda","highway":"secondary","ref":"R-29"},"geometry":{"type":"LineString","coordinates":[[-68.5452,10.97492],[-68.54539,10.97449]]}},{"type":"Feature","id":"way/301416415","properties":{"name":"Carretera Nacional Coro - Tucacas","highway":"trunk","ref":"T-3"},"geometry":{"type":"LineString","coordinates":[[-68.78748,11.17999],[-68.78729,11.17982]]}},{"type":"Feature","id":"way/301416421","properties":{"name":"Carretera Nacional Mor\u00f3n - Tucacas","highway":"trunk","ref":"T-3"},"geometry":{"type":"LineString","coordinates":[[-68.24312,10.58513],[-68.24241,10.58365]]}},{"type":"Feature","id":"way/301416430","properties":{"name":"Carretera Yaracal - Santa Luc\u00eda","highway":"secondary","ref":"R-29"},"geometry":{"type":"LineString","coordinates":[[-68.54539,10.97449],[-68.54446,10.97443]]}},{"type":"Feature","id":"way/301416446","properties":{"name":"Carretera Nacional Coro - Tucacas","highway":"trunk","ref":"T-3"},"geometry":{"type":"LineString","coordinates":[[-68.78918,11.18142],[-68.78748,11.17999]]}},{"type":"Feature","id":"way/301416454","properties":{"name":"Carretera Nacional Coro - Tucacas","highway":"trunk","ref":"T-3"},"geometry":{"type":"LineString","coordinates":[[-68.78729,11.17982],[-68.78547,11.17818]]}},{"type":"Feature","id":"way/301416457","properties":{"name":"Carretera Yaracal - San Lorenzo","highway":"secondary","ref":"R-30"},"geometry":{"type":"LineString","coordinates":[[-68.54504,10.97481],[-68.54129,10.97672],[-68.5339,10.97759],[-68.53008,10.98021],[-68.52622,10.98137],[-68.52333,10.98033],[-68.51591,10.98423],[-68.51351,10.99116],[-68.51369,10.99787],[-68.51241,11.00404],[-68.51045,11.00431],[-68.50932,11.00667],[-68.50756,11.00632],[-68.50496,11.0104],[-68.50243,11.012],[-68.49977,11.01318],[-68.49696,11.01295],[-68.49487,11.01589],[-68.4944,11.01746],[-68.49606,11.0207],[-68.49756,11.02795],[-68.49492,11.02972],[-68.49419,11.03201],[-68.49243,11.03351],[-68.49314,11.03774]]}},{"type":"Feature","id":"way/301416471","properties":{"name":"Carretera Regional San Juan de Los Cayos - Mirimire","highway":"primary","ref":"L-3"},"geometry":{"type":"LineString","coordinates":[[-68.7574,11.16569],[-68.7568,11.16623]]}},{"type":"Feature","id":"way/303043929","properties":{"name":"V\u00eda a Mitare","highway":"tertiary","ref":"R-7"},"geometry":{"type":"LineString","coordinates":[[-70.02165,11.25239],[-70.03211,11.29573],[-70.03386,11.33904],[-70.03593,11.34602]]}},{"type":"Feature","id":"way/303043939","properties":{"name":"V\u00eda a R\u00edo Chico","highway":"secondary","ref":"R-9"},"geometry":{"type":"LineString","coordinates":[[-70.1588,11.23767],[-70.16025,11.23988],[-70.15945,11.2461],[-70.16028,11.24855],[-70.1698,11.25936],[-70.17229,11.27038],[-70.1723,11.28104],[-70.17936,11.29885],[-70.17992,11.30218],[-70.17841,11.31235],[-70.17934,11.31721],[-70.17858,11.31792],[-70.18399,11.32694]]}},{"type":"Feature","id":"way/309462041","properties":{"name":"Carretera Punto Fijo - Moruy","highway":"tertiary","ref":"R-3"},"geometry":{"type":"LineString","coordinates":[[-70.16251,11.75184],[-70.15248,11.74785],[-70.12667,11.74595],[-70.11945,11.75016],[-70.11354,11.77469],[-70.10612,11.78624],[-70.09393,11.78542],[-70.08451,11.78698],[-70.06689,11.79635],[-70.05782,11.80254],[-70.04151,11.80597],[-70.02968,11.80626],[-70.02054,11.80832],[-70.01243,11.81048],[-70.00539,11.8138],[-69.99595,11.81638],[-69.99147,11.81909],[-69.98304,11.82137]]}},{"type":"Feature","id":"way/309462066","properties":{"name":"Avenida Intercomunal Al\u00ed Primera","highway":"primary","ref":"L-4"},"geometry":{"type":"LineString","coordinates":[[-70.16541,11.75249],[-70.16599,11.7514],[-70.17974,11.74401],[-70.18229,11.74157],[-70.18299,11.73509],[-70.18193,11.71649]]}},{"type":"Feature","id":"way/310645316","properties":{"highway":"primary_link"},"geometry":{"type":"LineString","coordinates":[[-70.17363,11.77848],[-70.1735,11.77933]]}},{"type":"Feature","id":"way/310645318","properties":{"name":"Retorno","highway":"primary_link"},"geometry":{"type":"LineString","coordinates":[[-70.17412,11.74657],[-70.17287,11.74763],[-70.1742,11.74684]]}},{"type":"Feature","id":"way/311158710","properties":{"name":"Retorno de Sarinao","highway":"trunk_link","ref":"T-4"},"geometry":{"type":"LineString","coordinates":[[-70.07177,11.68681],[-70.07413,11.68593],[-70.07086,11.68575]]}},{"type":"Feature","id":"way/311158712","properties":{"name":"Retorno de Cayude","highway":"trunk_link","ref":"T-4"},"geometry":{"type":"LineString","coordinates":[[-69.96212,11.6953],[-69.96388,11.69465],[-69.96096,11.69402]]}},{"type":"Feature","id":"way/311158714","properties":{"name":"Retorno de Sarinao","highway":"trunk_link","ref":"T-4"},"geometry":{"type":"LineString","coordinates":[[-70.06207,11.68656],[-70.06096,11.68746],[-70.06418,11.68739]]}},{"type":"Feature","id":"way/315087453","properties":{"name":"Carretera Nacional Coro - Churuguara","highway":"trunk","ref":"T-4"},"geometry":{"type":"LineString","coordinates":[[-69.6651,11.38529],[-69.66679,11.38859]]}},{"type":"Feature","id":"way/315087454","properties":{"name":"Carretera Nacional Coro - Churuguara","highway":"trunk","ref":"T-4"},"geometry":{"type":"LineString","coordinates":[[-69.66508,11.38503],[-69.66279,11.38065]]}},{"type":"Feature","id":"way/315804465","properties":{"name":"Distribuidor Santa Elena","highway":"primary_link"},"geometry":{"type":"LineString","coordinates":[[-70.18175,11.71417],[-70.18,11.71595]]}},{"type":"Feature","id":"way/315804468","properties":{"name":"Distribuidor Santa Elena","highway":"primary_link"},"geometry":{"type":"LineString","coordinates":[[-70.18123,11.7159],[-70.18108,11.71521],[-70.18177,11.71552]]}},{"type":"Feature","id":"way/315809660","properties":{"name":"Distribuidor Santa Elena","highway":"primary_link"},"geometry":{"type":"LineString","coordinates":[[-70.18242,11.71597],[-70.18264,11.71671],[-70.18193,11.71649]]}},{"type":"Feature","id":"way/315809661","properties":{"name":"Distribuidor Santa Elena","highway":"primary_link"},"geometry":{"type":"LineString","coordinates":[[-70.18195,11.71774],[-70.18382,11.71579]]}},{"type":"Feature","id":"way/315809662","properties":{"name":"Avenida Intercomunal Al\u00ed Primera","highway":"primary","ref":"L-4"},"geometry":{"type":"LineString","coordinates":[[-70.18177,11.71651],[-70.18218,11.74144],[-70.16474,11.75163]]}},{"type":"Feature","id":"way/315809664","properties":{"name":"Distribuidor Santa Elena","highway":"primary_link"},"geometry":{"type":"LineString","coordinates":[[-70.18382,11.71569],[-70.18187,11.7138]]}},{"type":"Feature","id":"way/315809665","properties":{"name":"Distribuidor Santa Elena","highway":"primary_link"},"geometry":{"type":"LineString","coordinates":[[-70.18191,11.71553],[-70.18259,11.71522],[-70.18241,11.7159]]}},{"type":"Feature","id":"way/315809666","properties":{"name":"Distribuidor Santa Elena","highway":"primary_link"},"geometry":{"type":"LineString","coordinates":[[-70.18177,11.71651],[-70.18106,11.71676],[-70.18124,11.71605]]}},{"type":"Feature","id":"way/327855736","properties":{"name":"Carretera Regional San Juan de Los Cayos - Mirimire","highway":"primary","ref":"L-3"},"geometry":{"type":"LineString","coordinates":[[-68.41811,11.17081],[-68.45034,11.17337],[-68.47379,11.19389],[-68.47548,11.19431],[-68.49266,11.18446],[-68.49499,11.17978],[-68.49734,11.17778],[-68.52197,11.17041],[-68.52537,11.17187],[-68.53564,11.17208],[-68.5384,11.17464],[-68.5429,11.17257],[-68.54749,11.1736],[-68.55081,11.17223],[-68.55304,11.16791],[-68.55614,11.16637],[-68.56311,11.16003],[-68.56592,11.15988],[-68.56975,11.16214],[-68.57289,11.16136],[-68.57309,11.15781],[-68.57833,11.15635],[-68.58414,11.15627],[-68.58765,11.15217],[-68.59101,11.15381],[-68.61054,11.15869],[-68.61717,11.16369],[-68.62464,11.16434],[-68.63101,11.16869],[-68.65361,11.17147],[-68.65838,11.17393],[-68.66405,11.175],[-68.66689,11.17382],[-68.67496,11.17619],[-68.6865,11.17697],[-68.69317,11.17353],[-68.69633,11.17428],[-68.69895,11.17267],[-68.70156,11.17241],[-68.70288,11.16759],[-68.709,11.1685],[-68.71639,11.16515],[-68.72093,11.16473],[-68.7236,11.16143],[-68.72634,11.16218],[-68.72816,11.16433],[-68.7568,11.16623]]}},{"type":"Feature","id":"way/327855752","properties":{"name":"Carretera Regional Chichiriviche - San Juan Los Cayos","highway":"primary","ref":"L-3"},"geometry":{"type":"LineString","coordinates":[[-68.34857,11.05562],[-68.34853,11.05613]]}},{"type":"Feature","id":"way/359863171","properties":{"name":"V\u00eda Perimetral","highway":"trunk","ref":"T-3"},"geometry":{"type":"LineString","coordinates":[[-68.32742,10.76409],[-68.33282,10.76927],[-68.33867,10.78314]]}},{"type":"Feature","id":"way/359863173","properties":{"name":"Avenida Principal de Tucacas","highway":"tertiary","ref":"T-3"},"geometry":{"type":"LineString","coordinates":[[-68.33839,10.81556],[-68.33855,10.81384],[-68.33371,10.80852],[-68.33208,10.80348]]}},{"type":"Feature","id":"way/359863178","properties":{"name":"Retorno de Las Lapas","highway":"trunk_link","ref":"T-3;L-6"},"geometry":{"type":"LineString","coordinates":[[-68.3389,10.78242],[-68.338,10.78173],[-68.33867,10.78314]]}},{"type":"Feature","id":"way/359863179","properties":{"name":"Retorno de Las Lapas","highway":"trunk_link"},"geometry":{"type":"LineString","coordinates":[[-68.33997,10.78489],[-68.33967,10.78558]]}},{"type":"Feature","id":"way/359863180","properties":{"name":"V\u00eda Perimetral","highway":"trunk","ref":"T-3"},"geometry":{"type":"LineString","coordinates":[[-68.34306,10.79159],[-68.34698,10.80033],[-68.34704,10.80534],[-68.34485,10.80912],[-68.33839,10.81556]]}},{"type":"Feature","id":"way/359863181","properties":{"name":"Retorno de Las Lapas","highway":"trunk_link"},"geometry":{"type":"LineString","coordinates":[[-68.33967,10.78558],[-68.34052,10.78612]]}},{"type":"Feature","id":"way/359864910","properties":{"name":"Distribuidor Tucacas","highway":"trunk_link"},"geometry":{"type":"LineString","coordinates":[[-68.32789,10.76705],[-68.32838,10.76611],[-68.3303,10.76687]]}},{"type":"Feature","id":"way/359864911","properties":{"name":"Distribuidor Tucacas","highway":"trunk_link"},"geometry":{"type":"LineString","coordinates":[[-68.32742,10.76409],[-68.32762,10.76515]]}},{"type":"Feature","id":"way/359864912","properties":{"name":"Distribuidor Tucacas","highway":"trunk_link"},"geometry":{"type":"LineString","coordinates":[[-68.32841,10.76532],[-68.3296,10.76502],[-68.3288,10.76582]]}},{"type":"Feature","id":"way/359868805","properties":{"name":"Avenida Principal de Tucacas","highway":"tertiary","ref":"T-3"},"geometry":{"type":"LineString","coordinates":[[-68.32362,10.79064],[-68.32297,10.78775],[-68.32457,10.78202]]}},{"type":"Feature","id":"way/360578619","properties":{"name":"Avenida Santa Elena","highway":"tertiary","ref":"R-49"},"geometry":{"type":"LineString","coordinates":[[-70.18913,11.71415],[-70.18216,11.7159]]}},{"type":"Feature","id":"way/362101506","properties":{"name":"Carretera Vieja Coro - Churuguara","highway":"tertiary","ref":"T-4"},"geometry":{"type":"LineString","coordinates":[[-69.65609,11.35528],[-69.65524,11.35548]]}},{"type":"Feature","id":"way/364024169","properties":{"name":"Par Vial Mor\u00f3n - Tucacas","highway":"trunk","ref":"T-3"},"geometry":{"type":"LineString","coordinates":[[-68.31806,10.73911],[-68.32742,10.76409]]}},{"type":"Feature","id":"way/364024171","properties":{"name":"V\u00eda Perimetral","highway":"trunk","ref":"T-3;L-6"},"geometry":{"type":"LineString","coordinates":[[-68.34154,10.78824],[-68.3389,10.78242]]}},{"type":"Feature","id":"way/367000258","properties":{"name":"Avenida Intercomunal Al\u00ed Primera","highway":"primary","ref":"R-3"},"geometry":{"type":"LineString","coordinates":[[-70.20418,11.8037],[-70.20208,11.80109],[-70.17639,11.78079],[-70.17404,11.77739]]}},{"type":"Feature","id":"way/367002730","properties":{"highway":"primary_link"},"geometry":{"type":"LineString","coordinates":[[-70.17378,11.77883],[-70.17404,11.77739]]}},{"type":"Feature","id":"way/367002775","properties":{"highway":"primary_link"},"geometry":{"type":"LineString","coordinates":[[-70.17357,11.77924],[-70.17403,11.77918]]}},{"type":"Feature","id":"way/376863200","properties":{"name":"Carretera Dabajuro - Bariro","highway":"tertiary","ref":"L-2"},"geometry":{"type":"LineString","coordinates":[[-70.74427,10.77851],[-70.74404,10.77983],[-70.74742,10.78832],[-70.7447,10.79308],[-70.74707,10.80108],[-70.75153,10.80326],[-70.75363,10.80685],[-70.7536,10.80963],[-70.7512,10.81259],[-70.74681,10.81562]]}},{"type":"Feature","id":"way/376872884","properties":{"name":"Calle Principal Tomas Garc\u00eda","highway":"tertiary","ref":"L-2"},"geometry":{"type":"LineString","coordinates":[[-70.72657,10.76659],[-70.73145,10.76811],[-70.73361,10.77014],[-70.7402,10.77166],[-70.74364,10.77718]]}},{"type":"Feature","id":"way/377984806","properties":{"name":"Carretera Nacional Coro - Tucacas","highway":"trunk","ref":"T-3"},"geometry":{"type":"LineString","coordinates":[[-69.58401,11.45044],[-69.59622,11.44653],[-69.61352,11.43774],[-69.62,11.43626]]}},{"type":"Feature","id":"way/378818313","properties":{"highway":"secondary","ref":"R-3"},"geometry":{"type":"LineString","coordinates":[[-70.26071,11.82103],[-70.26892,11.82094]]}},{"type":"Feature","id":"way/378829886","properties":{"highway":"secondary","ref":"R-3"},"geometry":{"type":"LineString","coordinates":[[-70.2513,11.82773],[-70.25542,11.82659],[-70.25708,11.82497]]}},{"type":"Feature","id":"way/403579131","properties":{"name":"Distribuidor Tucacas","highway":"trunk_link"},"geometry":{"type":"LineString","coordinates":[[-68.32824,10.76552],[-68.32841,10.76532]]}},{"type":"Feature","id":"way/403579132","properties":{"name":"Distribuidor Tucacas","highway":"trunk_link"},"geometry":{"type":"LineString","coordinates":[[-68.32789,10.76705],[-68.32824,10.76552]]}},{"type":"Feature","id":"way/406679291","properties":{"highway":"trunk_link"},"geometry":{"type":"LineString","coordinates":[[-69.70243,11.40124],[-69.70147,11.40229]]}},{"type":"Feature","id":"way/406679292","properties":{"highway":"trunk_link"},"geometry":{"type":"LineString","coordinates":[[-69.70112,11.40246],[-69.70199,11.40332]]}},{"type":"Feature","id":"way/408037280","properties":{"name":"Carretera Regional Sanare - Chichiriviche","highway":"primary","ref":"L-3"},"geometry":{"type":"LineString","coordinates":[[-68.38806,10.87349],[-68.38844,10.8767]]}},{"type":"Feature","id":"way/408037283","properties":{"name":"Carretera Regional Sanare - Chichiriviche","highway":"primary","ref":"L-3"},"geometry":{"type":"LineString","coordinates":[[-68.38844,10.8767],[-68.39122,10.8754]]}},{"type":"Feature","id":"way/408043103","properties":{"name":"Carretera Nacional Coro - Tucacas","highway":"trunk","ref":"T-3"},"geometry":{"type":"LineString","coordinates":[[-69.64468,11.42414],[-69.64424,11.42458]]}},{"type":"Feature","id":"way/408043104","properties":{"name":"Avenida Ram\u00f3n Antonio Medina","highway":"trunk","ref":"T-3"},"geometry":{"type":"LineString","coordinates":[[-69.64528,11.42389],[-69.6614,11.39874]]}},{"type":"Feature","id":"way/408043106","properties":{"name":"Carretera Nacional Coro - Tucacas","highway":"trunk","ref":"T-3"},"geometry":{"type":"LineString","coordinates":[[-69.64424,11.42458],[-69.64486,11.42442]]}},{"type":"Feature","id":"way/408043107","properties":{"highway":"trunk","ref":"T-3"},"geometry":{"type":"LineString","coordinates":[[-69.64522,11.42409],[-69.64528,11.42389]]}},{"type":"Feature","id":"way/408043108","properties":{"highway":"trunk","ref":"T-3"},"geometry":{"type":"LineString","coordinates":[[-69.64468,11.42414],[-69.64468,11.42414]]}},{"type":"Feature","id":"way/408043109","properties":{"name":"Variante Norte","highway":"trunk","ref":"T-3"},"geometry":{"type":"LineString","coordinates":[[-69.64495,11.42442],[-69.64547,11.42453]]}},{"type":"Feature","id":"way/408043110","properties":{"highway":"trunk_link"},"geometry":{"type":"LineString","coordinates":[[-69.64552,11.4238],[-69.64543,11.42365]]}},{"type":"Feature","id":"way/408043111","properties":{"highway":"tertiary","ref":"R-37"},"geometry":{"type":"LineString","coordinates":[[-69.64552,11.4238],[-69.64496,11.42396]]}},{"type":"Feature","id":"way/408043112","properties":{"highway":"tertiary","ref":"R-37"},"geometry":{"type":"LineString","coordinates":[[-69.64522,11.42409],[-69.6455,11.4239]]}},{"type":"Feature","id":"way/408043360","properties":{"highway":"trunk","ref":"T-3"},"geometry":{"type":"LineString","coordinates":[[-69.64516,11.4242],[-69.64522,11.42409]]}},{"type":"Feature","id":"way/408043419","properties":{"highway":"tertiary","ref":"R-37"},"geometry":{"type":"LineString","coordinates":[[-69.68247,11.4084],[-69.68227,11.40747]]}},{"type":"Feature","id":"way/408044269","properties":{"name":"Variante Sur Jos\u00e9 Leonardo Chirino","highway":"trunk_link"},"geometry":{"type":"LineString","coordinates":[[-69.61375,11.43701],[-69.61198,11.43846]]}},{"type":"Feature","id":"way/408044270","properties":{"name":"Variante Sur Jos\u00e9 Leonardo Chirino","highway":"trunk_link"},"geometry":{"type":"LineString","coordinates":[[-69.61381,11.43743],[-69.61375,11.43701]]}},{"type":"Feature","id":"way/408044284","properties":{"name":"Variante Sur Jos\u00e9 Leonardo Chirino","highway":"tertiary","ref":"R-54"},"geometry":{"type":"LineString","coordinates":[[-69.66496,11.38522],[-69.65132,11.39287],[-69.63178,11.41955]]}},{"type":"Feature","id":"way/408044285","properties":{"name":"Variante Sur Jos\u00e9 Leonardo Chirino","highway":"tertiary","ref":"R-54"},"geometry":{"type":"LineString","coordinates":[[-69.63178,11.41955],[-69.63141,11.42006]]}},{"type":"Feature","id":"way/408045721","properties":{"name":"Avenida Chema Saher","highway":"trunk","ref":"T-3"},"geometry":{"type":"LineString","coordinates":[[-69.7027,11.38382],[-69.66909,11.38736],[-69.66684,11.38852]]}},{"type":"Feature","id":"way/408045722","properties":{"name":"Avenida Chema Saher","highway":"trunk","ref":"T-3"},"geometry":{"type":"LineString","coordinates":[[-69.7027,11.38382],[-69.70525,11.38359]]}},{"type":"Feature","id":"way/408045728","properties":{"name":"Retorno","highway":"trunk_link"},"geometry":{"type":"LineString","coordinates":[[-69.6971,11.38419],[-69.69713,11.38468]]}},{"type":"Feature","id":"way/408045729","properties":{"name":"Retorno","highway":"trunk_link"},"geometry":{"type":"LineString","coordinates":[[-69.68757,11.38523],[-69.68783,11.38566]]}},{"type":"Feature","id":"way/408045730","properties":{"name":"Retorno","highway":"trunk_link"},"geometry":{"type":"LineString","coordinates":[[-69.69617,11.38479],[-69.69615,11.38427]]}},{"type":"Feature","id":"way/408046766","properties":{"name":"Variante Sur Jos\u00e9 Leonardo Chirino","highway":"trunk_link"},"geometry":{"type":"LineString","coordinates":[[-69.68026,11.38614],[-69.67883,11.38605],[-69.67628,11.38396]]}},{"type":"Feature","id":"way/408046767","properties":{"name":"Retorno","highway":"trunk_link"},"geometry":{"type":"LineString","coordinates":[[-69.68503,11.38546],[-69.68258,11.38588]]}},{"type":"Feature","id":"way/408046768","properties":{"name":"Variante Sur Jos\u00e9 Leonardo Chirino","highway":"trunk_link"},"geometry":{"type":"LineString","coordinates":[[-69.67667,11.38427],[-69.67797,11.38572],[-69.67656,11.38653]]}},{"type":"Feature","id":"way/408046769","properties":{"name":"Retorno","highway":"trunk_link"},"geometry":{"type":"LineString","coordinates":[[-69.6819,11.38605],[-69.685,11.38594]]}},{"type":"Feature","id":"way/408046770","properties":{"name":"Retorno","highway":"trunk_link","ref":"T-3"},"geometry":{"type":"LineString","coordinates":[[-69.67097,11.38731],[-69.67362,11.38694]]}},{"type":"Feature","id":"way/408046776","properties":{"name":"Retorno","highway":"trunk_link","ref":"T-3"},"geometry":{"type":"LineString","coordinates":[[-69.67094,11.38705],[-69.67097,11.38731]]}},{"type":"Feature","id":"way/408046783","properties":{"name":"Retorno","highway":"trunk_link"},"geometry":{"type":"LineString","coordinates":[[-69.685,11.38594],[-69.68503,11.38546]]}},{"type":"Feature","id":"way/408046785","properties":{"name":"Retorno","highway":"trunk_link","ref":"T-3"},"geometry":{"type":"LineString","coordinates":[[-69.67353,11.38683],[-69.67094,11.38705]]}},{"type":"Feature","id":"way/408056945","properties":{"name":"Carretera Ad\u00edcora - San Rom\u00e1n","highway":"tertiary","ref":"R-66"},"geometry":{"type":"LineString","coordinates":[[-69.89533,12.10603],[-69.89565,12.10588]]}},{"type":"Feature","id":"way/408056947","properties":{"name":"Redoma Las Cumaraguas","highway":"tertiary","ref":"R-1;R-66"},"geometry":{"type":"LineString","coordinates":[[-69.8961,12.10551],[-69.89549,12.1057],[-69.8961,12.10551]]}},{"type":"Feature","id":"way/408056949","properties":{"name":"Carretera Pueblo Nuevo - San Rom\u00e1n","highway":"tertiary","ref":"R-1"},"geometry":{"type":"LineString","coordinates":[[-69.8961,12.10551],[-69.8964,12.105]]}},{"type":"Feature","id":"way/408056951","properties":{"name":"Carretera Pueblo Nuevo - San Rom\u00e1n","highway":"tertiary","ref":"R-1"},"geometry":{"type":"LineString","coordinates":[[-69.8964,12.105],[-69.89583,12.1053]]}},{"type":"Feature","id":"way/408056954","properties":{"name":"Carretera Ad\u00edcora - San Rom\u00e1n","highway":"tertiary","ref":"R-66"},"geometry":{"type":"LineString","coordinates":[[-69.89549,12.1057],[-69.89533,12.10603]]}},{"type":"Feature","id":"way/408057360","properties":{"highway":"secondary","ref":"R-3"},"geometry":{"type":"LineString","coordinates":[[-70.25708,11.82497],[-70.26064,11.82106]]}},{"type":"Feature","id":"way/408057361","properties":{"highway":"secondary","ref":"R-3"},"geometry":{"type":"LineString","coordinates":[[-70.26076,11.82071],[-70.26076,11.82071]]}},{"type":"Feature","id":"way/408060796","properties":{"name":"Avenido Jacinto Lara","highway":"tertiary","ref":"R-5"},"geometry":{"type":"LineString","coordinates":[[-70.19901,11.68991],[-70.19862,11.68341]]}},{"type":"Feature","id":"way/408060797","properties":{"name":"Avenido Jacinto Lara","highway":"tertiary","ref":"R-5"},"geometry":{"type":"LineString","coordinates":[[-70.19847,11.68342],[-70.19891,11.68992]]}},{"type":"Feature","id":"way/408060799","properties":{"name":"Avenido Jacinto Lara","highway":"tertiary","ref":"R-49"},"geometry":{"type":"LineString","coordinates":[[-70.19952,11.71732],[-70.19943,11.69576]]}},{"type":"Feature","id":"way/408060802","properties":{"name":"Avenida Bol\u00edvar","highway":"secondary","ref":"R-5"},"geometry":{"type":"LineString","coordinates":[[-70.18952,11.66821],[-70.17443,11.67668]]}},{"type":"Feature","id":"way/408060803","properties":{"name":"Avenida Bol\u00edvar","highway":"secondary","ref":"R-5"},"geometry":{"type":"LineString","coordinates":[[-70.19172,11.66852],[-70.19201,11.66872]]}},{"type":"Feature","id":"way/408063131","properties":{"highway":"tertiary","ref":"R-3"},"geometry":{"type":"LineString","coordinates":[[-69.98097,11.82193],[-69.98044,11.82231]]}},{"type":"Feature","id":"way/408063133","properties":{"highway":"secondary","ref":"L-4"},"geometry":{"type":"LineString","coordinates":[[-69.9174,11.94775],[-69.91743,11.94717]]}},{"type":"Feature","id":"way/408063137","properties":{"name":"Avenida 4 Bol\u00edvar","highway":"secondary","ref":"L-4"},"geometry":{"type":"LineString","coordinates":[[-69.92422,11.94776],[-69.9174,11.94775]]}},{"type":"Feature","id":"way/408063392","properties":{"highway":"secondary","ref":"L-4"},"geometry":{"type":"LineString","coordinates":[[-69.91743,11.94717],[-69.91402,11.94716],[-69.91095,11.94573]]}},{"type":"Feature","id":"way/408063393","properties":{"highway":"secondary","ref":"L-4"},"geometry":{"type":"LineString","coordinates":[[-69.9174,11.94775],[-69.91738,11.94822]]}},{"type":"Feature","id":"way/408063394","properties":{"highway":"secondary","ref":"L-4"},"geometry":{"type":"LineString","coordinates":[[-69.91738,11.94822],[-69.92424,11.94872]]}},{"type":"Feature","id":"way/408063395","properties":{"name":"Avenida 4 Bol\u00edvar","highway":"secondary","ref":"L-4"},"geometry":{"type":"LineString","coordinates":[[-69.91095,11.94573],[-69.91463,11.94752],[-69.9174,11.94775]]}},{"type":"Feature","id":"way/408064892","properties":{"name":"Avenida Santa Elena","highway":"tertiary","ref":"R-49"},"geometry":{"type":"LineString","coordinates":[[-70.18147,11.71599],[-70.18217,11.71598]]}},{"type":"Feature","id":"way/408064893","properties":{"name":"Avenida Santa Elena","highway":"tertiary","ref":"R-49"},"geometry":{"type":"LineString","coordinates":[[-70.18217,11.71598],[-70.18913,11.71415]]}},{"type":"Feature","id":"way/408064894","properties":{"name":"Avenida Santa Elena","highway":"tertiary","ref":"R-49"},"geometry":{"type":"LineString","coordinates":[[-70.18216,11.7159],[-70.18146,11.7159]]}},{"type":"Feature","id":"way/408064895","properties":{"name":"Avenida Santa Elena","highway":"tertiary","ref":"R-49"},"geometry":{"type":"LineString","coordinates":[[-70.18146,11.7159],[-70.18123,11.7159]]}},{"type":"Feature","id":"way/408064897","properties":{"name":"Distribuidor Santa Elena","highway":"primary_link"},"geometry":{"type":"LineString","coordinates":[[-70.1817,11.71863],[-70.18188,11.71975]]}},{"type":"Feature","id":"way/410307418","properties":{"name":"Retorno","highway":"trunk_link","ref":"T-3"},"geometry":{"type":"LineString","coordinates":[[-69.62867,11.4337],[-69.62904,11.43303],[-69.62823,11.43337]]}},{"type":"Feature","id":"way/410307419","properties":{"name":"Retorno","highway":"trunk_link","ref":"T-3"},"geometry":{"type":"LineString","coordinates":[[-69.62971,11.43251],[-69.62923,11.43318],[-69.63012,11.43285]]}},{"type":"Feature","id":"way/410308062","properties":{"name":"Distribuidor La Vela","highway":"trunk_link"},"geometry":{"type":"LineString","coordinates":[[-69.58535,11.44965],[-69.58256,11.4506]]}},{"type":"Feature","id":"way/410308063","properties":{"name":"Distribuidor La Vela","highway":"trunk_link"},"geometry":{"type":"LineString","coordinates":[[-69.58256,11.4506],[-69.58237,11.45078]]}},{"type":"Feature","id":"way/410308064","properties":{"name":"Retorno","highway":"trunk_link","ref":"T-3"},"geometry":{"type":"LineString","coordinates":[[-69.59633,11.4459],[-69.5959,11.4464],[-69.59655,11.4463]]}},{"type":"Feature","id":"way/410308065","properties":{"name":"Retorno","highway":"trunk_link","ref":"T-3"},"geometry":{"type":"LineString","coordinates":[[-69.59522,11.44681],[-69.59583,11.44641],[-69.59506,11.44639]]}},{"type":"Feature","id":"way/410308562","properties":{"highway":"trunk_link","ref":"T-3"},"geometry":{"type":"LineString","coordinates":[[-69.55834,11.45781],[-69.55845,11.45839]]}},{"type":"Feature","id":"way/410311340","properties":{"name":"Carretera Nacional Coro - Tucacas","highway":"trunk","ref":"T-3"},"geometry":{"type":"LineString","coordinates":[[-69.00293,11.3366],[-69.00255,11.33656]]}},{"type":"Feature","id":"way/410311342","properties":{"name":"Carretera Nacional Coro - Tucacas","highway":"trunk","ref":"T-3"},"geometry":{"type":"LineString","coordinates":[[-68.96154,11.31113],[-68.96135,11.31099]]}},{"type":"Feature","id":"way/410311343","properties":{"name":"Carretera Nacional Coro - Tucacas","highway":"trunk","ref":"T-3"},"geometry":{"type":"LineString","coordinates":[[-68.46025,10.91673],[-68.46043,10.91685]]}},{"type":"Feature","id":"way/410311344","properties":{"name":"Carretera Nacional Coro - Tucacas","highway":"trunk","ref":"T-3"},"geometry":{"type":"LineString","coordinates":[[-68.97277,11.32079],[-68.97251,11.32014]]}},{"type":"Feature","id":"way/410311345","properties":{"name":"Carretera Nacional Coro - Tucacas","highway":"trunk","ref":"T-3"},"geometry":{"type":"LineString","coordinates":[[-68.96968,11.31735],[-68.96943,11.3172]]}},{"type":"Feature","id":"way/410311346","properties":{"name":"Carretera Nacional Coro - Tucacas","highway":"trunk","ref":"T-3"},"geometry":{"type":"LineString","coordinates":[[-68.96943,11.3172],[-68.96154,11.31113]]}},{"type":"Feature","id":"way/410311348","properties":{"name":"Carretera Nacional Coro - Tucacas","highway":"trunk","ref":"T-3"},"geometry":{"type":"LineString","coordinates":[[-68.97251,11.32014],[-68.96968,11.31735]]}},{"type":"Feature","id":"way/410311349","properties":{"name":"Carretera Nacional Coro - Tucacas","highway":"trunk","ref":"T-3"},"geometry":{"type":"LineString","coordinates":[[-69.00255,11.33656],[-68.98809,11.33514],[-68.97715,11.32795],[-68.97277,11.32079]]}},{"type":"Feature","id":"way/410311352","properties":{"name":"Carretera Nacional Coro - Tucacas","highway":"trunk","ref":"T-3"},"geometry":{"type":"LineString","coordinates":[[-68.46043,10.91685],[-68.48643,10.93649]]}},{"type":"Feature","id":"way/410312293","properties":{"name":"Retorno de Las Lapas","highway":"trunk_link","ref":"T-3;L-6"},"geometry":{"type":"LineString","coordinates":[[-68.34095,10.78849],[-68.34169,10.78948],[-68.34154,10.78824]]}},{"type":"Feature","id":"way/410312297","properties":{"name":"Carretera del Morrocoy","highway":"tertiary","ref":"R-32"},"geometry":{"type":"LineString","coordinates":[[-68.33952,10.86014],[-68.34285,10.86095]]}},{"type":"Feature","id":"way/410312301","properties":{"name":"Carretera del Morrocoy","highway":"tertiary","ref":"R-32"},"geometry":{"type":"LineString","coordinates":[[-68.33986,10.85855],[-68.33952,10.86014]]}},{"type":"Feature","id":"way/410314706","properties":{"name":"Par Vial Mor\u00f3n - Tucacas","highway":"trunk","ref":"T-3"},"geometry":{"type":"LineString","coordinates":[[-68.25161,10.59689],[-68.24312,10.58513]]}},{"type":"Feature","id":"way/410314707","properties":{"name":"Par Vial Mor\u00f3n - Tucacas","highway":"trunk","ref":"T-3"},"geometry":{"type":"LineString","coordinates":[[-68.31809,10.73866],[-68.31445,10.72959]]}},{"type":"Feature","id":"way/410314708","properties":{"name":"Par Vial Mor\u00f3n - Tucacas","highway":"trunk","ref":"T-3"},"geometry":{"type":"LineString","coordinates":[[-68.31427,10.72921],[-68.30793,10.71288],[-68.30164,10.68742]]}},{"type":"Feature","id":"way/410314709","properties":{"name":"Par Vial Mor\u00f3n - Tucacas","highway":"trunk","ref":"T-3"},"geometry":{"type":"LineString","coordinates":[[-68.30154,10.68746],[-68.30784,10.7129],[-68.31416,10.72933]]}},{"type":"Feature","id":"way/410314710","properties":{"name":"Par Vial Mor\u00f3n - Tucacas","highway":"trunk","ref":"T-3"},"geometry":{"type":"LineString","coordinates":[[-68.26267,10.61402],[-68.26294,10.61442]]}},{"type":"Feature","id":"way/410314713","properties":{"name":"Par Vial Mor\u00f3n - Tucacas","highway":"trunk","ref":"T-3"},"geometry":{"type":"LineString","coordinates":[[-68.31818,10.7391],[-68.31809,10.73866]]}},{"type":"Feature","id":"way/410314715","properties":{"name":"Par Vial Mor\u00f3n - Tucacas","highway":"trunk","ref":"T-3"},"geometry":{"type":"LineString","coordinates":[[-68.26431,10.61406],[-68.26398,10.61365]]}},{"type":"Feature","id":"way/410314716","properties":{"name":"Par Vial Mor\u00f3n - Tucacas","highway":"trunk","ref":"T-3"},"geometry":{"type":"LineString","coordinates":[[-68.30084,10.68479],[-68.30088,10.68405]]}},{"type":"Feature","id":"way/410314717","properties":{"name":"Par Vial Mor\u00f3n - Tucacas","highway":"trunk","ref":"T-3"},"geometry":{"type":"LineString","coordinates":[[-68.30039,10.68487],[-68.30136,10.68707]]}},{"type":"Feature","id":"way/410314718","properties":{"name":"Par Vial Mor\u00f3n - Tucacas","highway":"trunk","ref":"T-3"},"geometry":{"type":"LineString","coordinates":[[-68.27452,10.63212],[-68.27474,10.63248]]}},{"type":"Feature","id":"way/410314719","properties":{"name":"Par Vial Mor\u00f3n - Tucacas","highway":"trunk","ref":"T-3"},"geometry":{"type":"LineString","coordinates":[[-68.31416,10.72933],[-68.31432,10.72967]]}},{"type":"Feature","id":"way/410314720","properties":{"name":"Par Vial Mor\u00f3n - Tucacas","highway":"trunk","ref":"T-3"},"geometry":{"type":"LineString","coordinates":[[-68.251,10.59778],[-68.25123,10.5981]]}},{"type":"Feature","id":"way/410314721","properties":{"name":"Par Vial Mor\u00f3n - Tucacas","highway":"trunk","ref":"T-3"},"geometry":{"type":"LineString","coordinates":[[-68.31798,10.73872],[-68.31806,10.73911]]}},{"type":"Feature","id":"way/410314722","properties":{"name":"Par Vial Mor\u00f3n - Tucacas","highway":"trunk","ref":"T-3"},"geometry":{"type":"LineString","coordinates":[[-68.25182,10.59719],[-68.25161,10.59689]]}},{"type":"Feature","id":"way/410314723","properties":{"name":"Par Vial Mor\u00f3n - Tucacas","highway":"trunk","ref":"T-3"},"geometry":{"type":"LineString","coordinates":[[-68.30016,10.68432],[-68.30039,10.68487]]}},{"type":"Feature","id":"way/410314724","properties":{"name":"Par Vial Mor\u00f3n - Tucacas","highway":"trunk","ref":"T-3"},"geometry":{"type":"LineString","coordinates":[[-68.30164,10.68742],[-68.30147,10.68701]]}},{"type":"Feature","id":"way/410314726","properties":{"name":"Par Vial Mor\u00f3n - Tucacas","highway":"trunk","ref":"T-3"},"geometry":{"type":"LineString","coordinates":[[-68.27679,10.63144],[-68.27647,10.63094]]}},{"type":"Feature","id":"way/410314727","properties":{"name":"Par Vial Mor\u00f3n - Tucacas","highway":"trunk","ref":"T-3"},"geometry":{"type":"LineString","coordinates":[[-68.30136,10.68707],[-68.30154,10.68746]]}},{"type":"Feature","id":"way/410314730","properties":{"name":"Par Vial Mor\u00f3n - Tucacas","highway":"trunk","ref":"T-3"},"geometry":{"type":"LineString","coordinates":[[-68.31445,10.72959],[-68.31427,10.72921]]}},{"type":"Feature","id":"way/410314732","properties":{"name":"Par Vial Mor\u00f3n - Tucacas","highway":"trunk","ref":"T-3"},"geometry":{"type":"LineString","coordinates":[[-68.30147,10.68701],[-68.30084,10.68479]]}},{"type":"Feature","id":"way/410314747","properties":{"name":"Par Vial Mor\u00f3n - Tucacas","highway":"trunk","ref":"T-3"},"geometry":{"type":"LineString","coordinates":[[-68.24312,10.58513],[-68.24421,10.58827],[-68.251,10.59778]]}},{"type":"Feature","id":"way/410314757","properties":{"name":"Par Vial Mor\u00f3n - Tucacas","highway":"trunk","ref":"T-3"},"geometry":{"type":"LineString","coordinates":[[-68.27647,10.63094],[-68.26431,10.61406]]}},{"type":"Feature","id":"way/410314765","properties":{"name":"Par Vial Mor\u00f3n - Tucacas","highway":"trunk","ref":"T-3"},"geometry":{"type":"LineString","coordinates":[[-68.26398,10.61365],[-68.25182,10.59719]]}},{"type":"Feature","id":"way/410314774","properties":{"name":"Par Vial Mor\u00f3n - Tucacas","highway":"trunk","ref":"T-3"},"geometry":{"type":"LineString","coordinates":[[-68.25123,10.5981],[-68.26267,10.61402]]}},{"type":"Feature","id":"way/410314783","properties":{"name":"Par Vial Mor\u00f3n - Tucacas","highway":"trunk","ref":"T-3"},"geometry":{"type":"LineString","coordinates":[[-68.31432,10.72967],[-68.31798,10.73872]]}},{"type":"Feature","id":"way/410314792","properties":{"name":"Retorno","highway":"trunk_link","ref":"T-3"},"geometry":{"type":"LineString","coordinates":[[-68.24457,10.58674],[-68.24378,10.58643],[-68.24376,10.58729]]}},{"type":"Feature","id":"way/410314794","properties":{"name":"Retorno","highway":"trunk_link","ref":"T-3"},"geometry":{"type":"LineString","coordinates":[[-68.31591,10.73328],[-68.31644,10.73345]]}},{"type":"Feature","id":"way/410314797","properties":{"name":"Retorno","highway":"trunk_link","ref":"T-3"},"geometry":{"type":"LineString","coordinates":[[-68.3171,10.73553],[-68.31672,10.73442],[-68.31677,10.73541]]}},{"type":"Feature","id":"way/410314799","properties":{"name":"Retorno","highway":"trunk_link","ref":"T-3"},"geometry":{"type":"LineString","coordinates":[[-68.25715,10.60451],[-68.25598,10.60323],[-68.25549,10.60398]]}},{"type":"Feature","id":"way/410314802","properties":{"name":"Retorno","highway":"trunk_link","ref":"T-3"},"geometry":{"type":"LineString","coordinates":[[-68.26648,10.61928],[-68.26832,10.62091],[-68.26884,10.62027],[-68.26804,10.61888]]}},{"type":"Feature","id":"way/410314804","properties":{"name":"Retorno","highway":"trunk_link","ref":"T-3"},"geometry":{"type":"LineString","coordinates":[[-68.27098,10.62264],[-68.26912,10.62087],[-68.26842,10.62159],[-68.26895,10.62269]]}},{"type":"Feature","id":"way/410314806","properties":{"name":"Retorno","highway":"trunk_link","ref":"T-3"},"geometry":{"type":"LineString","coordinates":[[-68.2535,10.59955],[-68.25368,10.60095]]}},{"type":"Feature","id":"way/410321295","properties":{"name":"Carretera Nacional Falc\u00f3n - Lara","highway":"trunk","ref":"T-4"},"geometry":{"type":"LineString","coordinates":[[-69.28206,10.69812],[-69.28184,10.69884]]}},{"type":"Feature","id":"way/410328989","properties":{"name":"Par Vial Coro - Punto Fijo","highway":"trunk","ref":"T-4"},"geometry":{"type":"LineString","coordinates":[[-70.17362,11.6768],[-70.16896,11.67611],[-70.15893,11.67766],[-70.14532,11.67757],[-70.09601,11.68141],[-70.07782,11.68534],[-70.06482,11.68601],[-70.05676,11.68751],[-70.03239,11.68937],[-70.02133,11.68931],[-70.01384,11.69083],[-69.96639,11.6945],[-69.95878,11.69395],[-69.94611,11.69601],[-69.92345,11.69775],[-69.91376,11.69759],[-69.90427,11.69923],[-69.87709,11.70138],[-69.86886,11.70071],[-69.85052,11.70407]]}},{"type":"Feature","id":"way/410328990","properties":{"name":"Par Vial Coro - Punto Fijo","highway":"trunk","ref":"T-4"},"geometry":{"type":"LineString","coordinates":[[-69.85011,11.70438],[-69.85048,11.70425]]}},{"type":"Feature","id":"way/410328991","properties":{"name":"Par Vial Coro - Punto Fijo","highway":"trunk","ref":"T-4"},"geometry":{"type":"LineString","coordinates":[[-69.85052,11.70407],[-69.85006,11.70421]]}},{"type":"Feature","id":"way/410328992","properties":{"name":"Par Vial Coro - Punto Fijo","highway":"trunk","ref":"T-4"},"geometry":{"type":"LineString","coordinates":[[-69.85048,11.70425],[-70.07177,11.68681],[-70.10093,11.68164],[-70.12962,11.68017],[-70.16943,11.67619],[-70.17224,11.67685],[-70.17308,11.678]]}},{"type":"Feature","id":"way/410330209","properties":{"highway":"trunk_link"},"geometry":{"type":"LineString","coordinates":[[-69.98252,11.6943],[-69.98442,11.69359]]}},{"type":"Feature","id":"way/410330210","properties":{"highway":"trunk_link"},"geometry":{"type":"LineString","coordinates":[[-69.98049,11.69389],[-69.98252,11.6943]]}},{"type":"Feature","id":"way/410331003","properties":{"highway":"trunk_link"},"geometry":{"type":"LineString","coordinates":[[-70.02225,11.69067],[-70.0234,11.69135]]}},{"type":"Feature","id":"way/410331004","properties":{"highway":"trunk_link"},"geometry":{"type":"LineString","coordinates":[[-70.0664,11.68723],[-70.06799,11.68784]]}},{"type":"Feature","id":"way/410331005","properties":{"highway":"trunk_link"},"geometry":{"type":"LineString","coordinates":[[-70.06799,11.68784],[-70.06896,11.68703]]}},{"type":"Feature","id":"way/410332130","properties":{"highway":"trunk_link"},"geometry":{"type":"LineString","coordinates":[[-70.16034,11.67758],[-70.16094,11.67767]]}},{"type":"Feature","id":"way/410332134","properties":{"highway":"trunk_link"},"geometry":{"type":"LineString","coordinates":[[-70.1621,11.67718],[-70.16093,11.67749]]}},{"type":"Feature","id":"way/410332136","properties":{"highway":"trunk_link"},"geometry":{"type":"LineString","coordinates":[[-70.16673,11.67658],[-70.16709,11.6768]]}},{"type":"Feature","id":"way/410339565","properties":{"highway":"primary_link"},"geometry":{"type":"LineString","coordinates":[[-70.17559,11.68255],[-70.17525,11.68291]]}},{"type":"Feature","id":"way/410339566","properties":{"highway":"primary_link"},"geometry":{"type":"LineString","coordinates":[[-70.17525,11.68291],[-70.17563,11.68337]]}},{"type":"Feature","id":"way/410341585","properties":{"name":"Avenida Bol\u00edvar","highway":"tertiary","ref":"R-5"},"geometry":{"type":"LineString","coordinates":[[-70.20962,11.68063],[-70.20925,11.68888]]}},{"type":"Feature","id":"way/410343709","properties":{"name":"Avenida Intercomunal Al\u00ed Primera","highway":"primary","ref":"L-4"},"geometry":{"type":"LineString","coordinates":[[-70.17667,11.69707],[-70.17646,11.69431]]}},{"type":"Feature","id":"way/410343710","properties":{"name":"Avenida Intercomunal Al\u00ed Primera","highway":"primary","ref":"L-4"},"geometry":{"type":"LineString","coordinates":[[-70.17636,11.69433],[-70.17658,11.69707]]}},{"type":"Feature","id":"way/410343711","properties":{"name":"Avenida Intercomunal Al\u00ed Primera","highway":"primary","ref":"L-4"},"geometry":{"type":"LineString","coordinates":[[-70.17397,11.67885],[-70.1755,11.68139],[-70.17636,11.69433]]}},{"type":"Feature","id":"way/410343973","properties":{"highway":"primary_link"},"geometry":{"type":"LineString","coordinates":[[-70.17665,11.69805],[-70.1766,11.69859]]}},{"type":"Feature","id":"way/410344509","properties":{"name":"Avenida Intercomunal Al\u00ed Primera","highway":"primary","ref":"L-4"},"geometry":{"type":"LineString","coordinates":[[-70.18177,11.71552],[-70.18177,11.71651]]}},{"type":"Feature","id":"way/410344512","properties":{"name":"Avenida Intercomunal Al\u00ed Primera","highway":"primary","ref":"L-4"},"geometry":{"type":"LineString","coordinates":[[-70.18193,11.71649],[-70.18191,11.71553]]}},{"type":"Feature","id":"way/410344514","properties":{"name":"Avenida Intercomunal Al\u00ed Primera","highway":"primary","ref":"L-4"},"geometry":{"type":"LineString","coordinates":[[-70.18191,11.71553],[-70.18158,11.71247],[-70.17725,11.70238],[-70.17669,11.69732]]}},{"type":"Feature","id":"way/410344940","properties":{"highway":"primary_link"},"geometry":{"type":"LineString","coordinates":[[-70.18306,11.7375],[-70.18262,11.73715]]}},{"type":"Feature","id":"way/410346881","properties":{"highway":"primary_link"},"geometry":{"type":"LineString","coordinates":[[-70.18191,11.7421],[-70.1829,11.74188]]}},{"type":"Feature","id":"way/410346882","properties":{"highway":"primary_link"},"geometry":{"type":"LineString","coordinates":[[-70.18278,11.74165],[-70.18258,11.74046]]}},{"type":"Feature","id":"way/410346886","properties":{"name":"Retorno","highway":"primary_link"},"geometry":{"type":"LineString","coordinates":[[-70.18061,11.7848],[-70.18113,11.78453]]}},{"type":"Feature","id":"way/441775207","properties":{"name":"Carretera del Morrocoy","highway":"tertiary","ref":"R-32"},"geometry":{"type":"LineString","coordinates":[[-68.33952,10.86014],[-68.33429,10.86111],[-68.32029,10.85943],[-68.31085,10.86135],[-68.30268,10.86165],[-68.30049,10.86272],[-68.29788,10.86213],[-68.29667,10.86545],[-68.2957,10.86592],[-68.29217,10.86473],[-68.29087,10.86149],[-68.28314,10.85968],[-68.27936,10.85981],[-68.27749,10.85902],[-68.2769,10.85761],[-68.26725,10.85873],[-68.26686,10.85658],[-68.26301,10.85522],[-68.25789,10.85497],[-68.25664,10.85631],[-68.25563,10.85531],[-68.25389,10.85546],[-68.25197,10.85666],[-68.24874,10.85605]]}},{"type":"Feature","id":"way/441915357","properties":{"highway":"tertiary","ref":"R-4"},"geometry":{"type":"LineString","coordinates":[[-68.55098,10.59944],[-68.5511,10.59911]]}},{"type":"Feature","id":"way/441915358","properties":{"name":"Eje 26","highway":"tertiary","ref":"R-4"},"geometry":{"type":"LineString","coordinates":[[-68.56267,10.61343],[-68.56266,10.61326]]}},{"type":"Feature","id":"way/441915359","properties":{"name":"Eje 26","highway":"tertiary","ref":"R-4"},"geometry":{"type":"LineString","coordinates":[[-68.56266,10.61326],[-68.56229,10.60782]]}},{"type":"Feature","id":"way/441919417","properties":{"name":"Carretera Falc\u00f3n - Zulia","highway":"trunk","ref":"T-3"},"geometry":{"type":"LineString","coordinates":[[-71.09461,10.68594],[-71.09476,10.68591]]}},{"type":"Feature","id":"way/441919424","properties":{"name":"Carretera Nacional Coro - Tucacas","highway":"trunk","ref":"T-3"},"geometry":{"type":"LineString","coordinates":[[-68.48721,10.93708],[-68.48977,10.93861],[-68.51084,10.9444],[-68.51221,10.94564]]}},{"type":"Feature","id":"way/441919425","properties":{"name":"Carretera Nacional Coro - Tucacas","highway":"trunk","ref":"T-3"},"geometry":{"type":"LineString","coordinates":[[-68.51221,10.94564],[-68.51236,10.94582]]}},{"type":"Feature","id":"way/442873723","properties":{"name":"V\u00eda Principal de Guanadito","highway":"primary_link"},"geometry":{"type":"LineString","coordinates":[[-70.17333,11.77545],[-70.1728,11.77537]]}},{"type":"Feature","id":"way/442873725","properties":{"highway":"primary_link"},"geometry":{"type":"LineString","coordinates":[[-70.1735,11.77933],[-70.17378,11.77883]]}},{"type":"Feature","id":"way/445722564","properties":{"highway":"tertiary"},"geometry":{"type":"LineString","coordinates":[[-70.62189,11.17062],[-70.6215,11.17097]]}},{"type":"Feature","id":"way/445722565","properties":{"highway":"tertiary"},"geometry":{"type":"LineString","coordinates":[[-70.6218,11.17071],[-70.6215,11.17097]]}},{"type":"Feature","id":"way/445722566","properties":{"highway":"tertiary"},"geometry":{"type":"LineString","coordinates":[[-70.6218,11.17119],[-70.62146,11.17259]]}},{"type":"Feature","id":"way/445725044","properties":{"name":"V\u00eda a Zaz\u00e1rida","highway":"secondary"},"geometry":{"type":"LineString","coordinates":[[-70.46204,11.14356],[-70.46392,11.14574],[-70.46534,11.1522],[-70.46804,11.15449],[-70.47217,11.16386],[-70.4832,11.1679],[-70.48895,11.18113],[-70.49201,11.19571],[-70.49648,11.20521],[-70.49744,11.21203],[-70.49533,11.22867],[-70.48465,11.23955]]}},{"type":"Feature","id":"way/445774738","properties":{"name":"V\u00eda a Puerto Zaz\u00e1rida","highway":"tertiary"},"geometry":{"type":"LineString","coordinates":[[-70.49512,11.22901],[-70.49544,11.22907]]}},{"type":"Feature","id":"way/445774739","properties":{"name":"V\u00eda a Puerto Zaz\u00e1rida","highway":"tertiary"},"geometry":{"type":"LineString","coordinates":[[-70.49533,11.22867],[-70.49755,11.23342],[-70.50103,11.23513],[-70.50298,11.23844],[-70.50736,11.23751],[-70.50945,11.23896]]}},{"type":"Feature","id":"way/446161185","properties":{"highway":"tertiary"},"geometry":{"type":"LineString","coordinates":[[-69.68009,11.3878],[-69.68197,11.39534]]}},{"type":"Feature","id":"way/447128663","properties":{"highway":"primary_link"},"geometry":{"type":"LineString","coordinates":[[-68.27698,10.93072],[-68.27666,10.93004]]}},{"type":"Feature","id":"way/453328362","properties":{"highway":"tertiary","ref":"R-49"},"geometry":{"type":"LineString","coordinates":[[-70.19952,11.7172],[-70.18438,11.71823]]}},{"type":"Feature","id":"way/453333125","properties":{"highway":"tertiary","ref":"R-49"},"geometry":{"type":"LineString","coordinates":[[-70.18438,11.71823],[-70.19952,11.71732]]}},{"type":"Feature","id":"way/453333158","properties":{"name":"Avenida Principal Antiguo Aeropuerto","highway":"tertiary","ref":"R-49"},"geometry":{"type":"LineString","coordinates":[[-70.1902,11.73352],[-70.18438,11.71823]]}},{"type":"Feature","id":"way/459673098","properties":{"name":"Avenida Los M\u00e9danos","highway":"secondary","ref":"T-4"},"geometry":{"type":"LineString","coordinates":[[-69.66132,11.39874],[-69.66949,11.42238]]}},{"type":"Feature","id":"way/484273955","properties":{"name":"Avenida Rafael Gonz\u00e1lez","highway":"tertiary","ref":"R-6"},"geometry":{"type":"LineString","coordinates":[[-70.19933,11.69573],[-70.19943,11.69576]]}},{"type":"Feature","id":"way/484273956","properties":{"name":"Avenido Jacinto Lara","highway":"tertiary","ref":"R-49"},"geometry":{"type":"LineString","coordinates":[[-70.19933,11.69573],[-70.19943,11.71732]]}},{"type":"Feature","id":"way/484631681","properties":{"name":"Avenida Ram\u00f3n Ruiz Polanco","highway":"tertiary","ref":"R-5"},"geometry":{"type":"LineString","coordinates":[[-70.19862,11.68341],[-70.19847,11.68342]]}},{"type":"Feature","id":"way/486762641","properties":{"name":"Avenida Rafael Gonz\u00e1lez","highway":"tertiary","ref":"R-6"},"geometry":{"type":"LineString","coordinates":[[-70.18779,11.69562],[-70.17641,11.69563]]}},{"type":"Feature","id":"way/489674089","properties":{"name":"Retorno de Neruda","highway":"trunk_link"},"geometry":{"type":"LineString","coordinates":[[-69.83342,11.70854],[-69.83342,11.70839]]}},{"type":"Feature","id":"way/489674090","properties":{"name":"Retorno de Neruda","highway":"trunk_link"},"geometry":{"type":"LineString","coordinates":[[-69.83149,11.70838],[-69.83149,11.70854]]}},{"type":"Feature","id":"way/497720413","properties":{"highway":"trunk_link"},"geometry":{"type":"LineString","coordinates":[[-69.64617,11.42272],[-69.64592,11.4226]]}},{"type":"Feature","id":"way/497720425","properties":{"highway":"trunk_link"},"geometry":{"type":"LineString","coordinates":[[-69.64954,11.41768],[-69.64972,11.41767]]}},{"type":"Feature","id":"way/497720426","properties":{"highway":"trunk_link","ref":"T-3"},"geometry":{"type":"LineString","coordinates":[[-69.64972,11.41767],[-69.64965,11.41749]]}},{"type":"Feature","id":"way/497720430","properties":{"highway":"trunk_link"},"geometry":{"type":"LineString","coordinates":[[-69.65311,11.41164],[-69.65336,11.41161]]}},{"type":"Feature","id":"way/497720431","properties":{"highway":"trunk_link","ref":"T-3"},"geometry":{"type":"LineString","coordinates":[[-69.65341,11.41153],[-69.6534,11.41115]]}},{"type":"Feature","id":"way/497720433","properties":{"highway":"trunk_link","ref":"T-3"},"geometry":{"type":"LineString","coordinates":[[-69.65472,11.40819],[-69.65491,11.40845]]}},{"type":"Feature","id":"way/512305491","properties":{"name":"Avenida Tirso Salaverr\u00eda","highway":"trunk","ref":"T-3;T-4"},"geometry":{"type":"LineString","coordinates":[[-69.66679,11.38859],[-69.66132,11.39874]]}},{"type":"Feature","id":"way/512305492","properties":{"highway":"trunk_link"},"geometry":{"type":"LineString","coordinates":[[-69.66701,11.38836],[-69.66675,11.38835]]}},{"type":"Feature","id":"way/512305493","properties":{"highway":"trunk_link"},"geometry":{"type":"LineString","coordinates":[[-69.66671,11.38842],[-69.66668,11.38873]]}},{"type":"Feature","id":"way/512305495","properties":{"name":"Avenida Manaure","highway":"tertiary"},"geometry":{"type":"LineString","coordinates":[[-69.67136,11.39735],[-69.66985,11.39424]]}},{"type":"Feature","id":"way/512305496","properties":{"name":"avenida Manaure","highway":"tertiary"},"geometry":{"type":"LineString","coordinates":[[-69.66985,11.39424],[-69.66689,11.38861]]}},{"type":"Feature","id":"way/512305497","properties":{"highway":"trunk_link"},"geometry":{"type":"LineString","coordinates":[[-69.66703,11.38887],[-69.66709,11.38842]]}},{"type":"Feature","id":"way/512305498","properties":{"highway":"trunk_link"},"geometry":{"type":"LineString","coordinates":[[-69.66662,11.38897],[-69.66695,11.38893]]}},{"type":"Feature","id":"way/530024460","properties":{"name":"Carretera Nacional Coro - Tucacas","highway":"trunk","ref":"T-3"},"geometry":{"type":"LineString","coordinates":[[-68.33839,10.81556],[-68.33565,10.81885],[-68.33673,10.82554],[-68.33293,10.83301],[-68.33178,10.84439],[-68.33415,10.84938],[-68.33835,10.85433],[-68.34089,10.86044],[-68.34719,10.86243],[-68.34995,10.86589],[-68.3564,10.86531],[-68.37797,10.87204],[-68.38636,10.87217],[-68.43541,10.90024],[-68.46025,10.91673]]}},{"type":"Feature","id":"way/548723901","properties":{"name":"V\u00eda a San F\u00e9lix","highway":"tertiary","ref":"R-15"},"geometry":{"type":"LineString","coordinates":[[-71.18654,10.92171],[-71.18374,10.91863],[-71.18336,10.91366],[-71.17327,10.90749],[-71.16874,10.90096],[-71.14294,10.88621],[-71.13914,10.8832],[-71.12745,10.88133],[-71.12626,10.88026]]}},{"type":"Feature","id":"way/549973505","properties":{"name":"V\u00eda a Casigua","highway":"tertiary","ref":"R-11"},"geometry":{"type":"LineString","coordinates":[[-70.96223,10.78869],[-70.98614,10.81118],[-70.9956,10.82257],[-71.00227,10.82582],[-71.00905,10.83055],[-71.01459,10.83228],[-71.02869,10.85272],[-71.02976,10.8601],[-71.04083,10.87847],[-71.04274,10.90009],[-71.03907,10.90576],[-71.02478,10.98674],[-71.0215,10.99306],[-71.02182,11.00328],[-71.01989,11.01438],[-71.01737,11.01824]]}},{"type":"Feature","id":"way/550239644","properties":{"name":"Carretera Quebrada Arriba - Bariro","highway":"tertiary","ref":"L-2"},"geometry":{"type":"LineString","coordinates":[[-70.52679,10.24563],[-70.51879,10.26794],[-70.51141,10.26695],[-70.50792,10.26898],[-70.50262,10.2691],[-70.49827,10.27229],[-70.49195,10.28089],[-70.4918,10.28236],[-70.49381,10.28641],[-70.49224,10.29099],[-70.49472,10.29377],[-70.49453,10.29984],[-70.49157,10.30273],[-70.48646,10.31317],[-70.48313,10.32532],[-70.48332,10.33078],[-70.48525,10.33707],[-70.48879,10.34103],[-70.4908,10.35559],[-70.4956,10.36193],[-70.49388,10.36545],[-70.49257,10.37567],[-70.4909,10.38007],[-70.4921,10.38912],[-70.4949,10.39535],[-70.51036,10.40259],[-70.51964,10.40376],[-70.52777,10.4033],[-70.52806,10.4054],[-70.52903,10.40358],[-70.52955,10.40542],[-70.53108,10.4039],[-70.53367,10.40319],[-70.53614,10.40397],[-70.53624,10.40508],[-70.53751,10.40441],[-70.53749,10.40529],[-70.53999,10.40612],[-70.54145,10.40826],[-70.54504,10.40777],[-70.54689,10.4091]]}},{"type":"Feature","id":"way/550240368","properties":{"name":"V\u00eda a Boroj\u00f3","highway":"tertiary","ref":"R-10"},"geometry":{"type":"LineString","coordinates":[[-70.79294,10.94739],[-70.8135,11.05106],[-70.81249,11.05595]]}},{"type":"Feature","id":"way/550242109","properties":{"name":"Avenida Bol\u00edvar","highway":"tertiary","ref":"R-8"},"geometry":{"type":"LineString","coordinates":[[-70.67535,11.03657],[-70.67835,11.02528]]}},{"type":"Feature","id":"way/550247550","properties":{"highway":"tertiary","ref":"R-9"},"geometry":{"type":"LineString","coordinates":[[-70.20244,11.35409],[-70.20287,11.35495]]}},{"type":"Feature","id":"way/550250847","properties":{"name":"Carretera Falc\u00f3n - Zulia","highway":"trunk","ref":"T-3"},"geometry":{"type":"LineString","coordinates":[[-69.96598,11.30446],[-69.96946,11.30367],[-69.9715,11.30096],[-69.97135,11.27796],[-69.97227,11.2749],[-69.99467,11.25222],[-69.99768,11.25079],[-70.00196,11.25154]]}},{"type":"Feature","id":"way/550250848","properties":{"name":"Carretera Falc\u00f3n - Zulia","highway":"trunk","ref":"T-3"},"geometry":{"type":"LineString","coordinates":[[-69.96511,11.30456],[-69.96598,11.30446]]}},{"type":"Feature","id":"way/550250849","properties":{"name":"Carretera Sabaneta - Pecaya","highway":"tertiary","ref":"L-1"},"geometry":{"type":"LineString","coordinates":[[-69.99305,11.25387],[-69.98735,11.24831],[-69.98781,11.23644],[-69.97929,11.22518],[-69.98036,11.22274],[-69.9783,11.21651],[-69.98253,11.21059],[-69.98343,11.20637],[-69.98047,11.19866],[-69.98053,11.1951],[-69.97542,11.1934],[-69.9733,11.19096],[-69.97199,11.18708],[-69.97231,11.18407],[-69.96965,11.17805],[-69.96883,11.15177],[-69.96759,11.14969],[-69.96215,11.14684],[-69.96282,11.14457],[-69.96025,11.14177],[-69.95986,11.13898],[-69.96085,11.13651],[-69.95977,11.1318],[-69.96152,11.12638],[-69.95902,11.12459],[-69.9571,11.12162],[-69.95714,11.11845],[-69.95552,11.11578],[-69.946,11.10577],[-69.94678,11.10282],[-69.94536,11.10046],[-69.93458,11.09962],[-69.93199,11.09725],[-69.9299,11.09674],[-69.92966,11.09017],[-69.92621,11.08719],[-69.92872,11.079],[-69.92665,11.07658],[-69.92185,11.07377]]}},{"type":"Feature","id":"way/550250852","properties":{"name":"Carretera Falc\u00f3n - Zulia","highway":"trunk","ref":"T-3"},"geometry":{"type":"LineString","coordinates":[[-70.2506,11.20659],[-70.25832,11.2057],[-70.28229,11.18798],[-70.3151,11.1764],[-70.36729,11.16129],[-70.3816,11.15161],[-70.41653,11.14148],[-70.43515,11.1474]]}},{"type":"Feature","id":"way/550250853","properties":{"name":"Carretera Falc\u00f3n - Zulia","highway":"trunk","ref":"T-3"},"geometry":{"type":"LineString","coordinates":[[-70.00196,11.25154],[-70.00269,11.25168]]}},{"type":"Feature","id":"way/550250857","properties":{"name":"Carretera Falc\u00f3n - Zulia","highway":"trunk","ref":"T-3"},"geometry":{"type":"LineString","coordinates":[[-69.89077,11.32411],[-69.90923,11.31419],[-69.92137,11.30973],[-69.96511,11.30456]]}},{"type":"Feature","id":"way/550250859","properties":{"name":"Carretera Falc\u00f3n - Zulia","highway":"trunk","ref":"T-3"},"geometry":{"type":"LineString","coordinates":[[-69.89049,11.32426],[-69.89077,11.32411]]}},{"type":"Feature","id":"way/550250862","properties":{"name":"Carretera Falc\u00f3n - Zulia","highway":"trunk","ref":"T-3"},"geometry":{"type":"LineString","coordinates":[[-69.87597,11.33242],[-69.89049,11.32426]]}},{"type":"Feature","id":"way/550250863","properties":{"name":"Carretera Falc\u00f3n - Zulia","highway":"trunk","ref":"T-3"},"geometry":{"type":"LineString","coordinates":[[-69.87558,11.33264],[-69.87597,11.33242]]}},{"type":"Feature","id":"way/550250866","properties":{"highway":"trunk_link"},"geometry":{"type":"LineString","coordinates":[[-69.66172,11.39691],[-69.66053,11.39892]]}},{"type":"Feature","id":"way/550422448","properties":{"name":"Avenida Rafael Gonz\u00e1lez","highway":"tertiary","ref":"R-6"},"geometry":{"type":"LineString","coordinates":[[-70.17642,11.6957],[-70.19933,11.69573]]}},{"type":"Feature","id":"way/550423164","properties":{"name":"V\u00eda a Ad\u00edcora","highway":"primary","ref":"L-4"},"geometry":{"type":"LineString","coordinates":[[-69.80773,11.93696],[-69.81155,11.92956],[-69.81503,11.91613],[-69.81641,11.8983],[-69.81507,11.88389],[-69.80361,11.82505],[-69.7972,11.80595],[-69.78756,11.7716],[-69.76639,11.71179],[-69.76582,11.70903],[-69.76674,11.70747],[-69.77502,11.70648]]}},{"type":"Feature","id":"way/550424942","properties":{"highway":"tertiary","ref":"R-1"},"geometry":{"type":"LineString","coordinates":[[-69.92146,11.95028],[-69.9276,11.9502],[-69.92777,11.94901]]}},{"type":"Feature","id":"way/550424952","properties":{"name":"Carretera Buena Vista - Baraived","highway":"tertiary"},"geometry":{"type":"LineString","coordinates":[[-69.853,11.88656],[-69.853,11.88676]]}},{"type":"Feature","id":"way/550424953","properties":{"highway":"tertiary"},"geometry":{"type":"LineString","coordinates":[[-69.853,11.88656],[-69.85159,11.88654]]}},{"type":"Feature","id":"way/550424954","properties":{"highway":"tertiary"},"geometry":{"type":"LineString","coordinates":[[-69.85159,11.88654],[-69.85157,11.88682]]}},{"type":"Feature","id":"way/550424956","properties":{"highway":"tertiary"},"geometry":{"type":"LineString","coordinates":[[-69.85157,11.88682],[-69.853,11.88676]]}},{"type":"Feature","id":"way/551666682","properties":{"name":"Carretera Vieja Coro - Churuguara","highway":"tertiary","ref":"T-4"},"geometry":{"type":"LineString","coordinates":[[-69.73178,11.15899],[-69.73427,11.15687],[-69.73691,11.1569],[-69.7383,11.15561],[-69.73701,11.15288],[-69.73728,11.15106],[-69.74189,11.14813],[-69.74404,11.14201],[-69.74776,11.13907],[-69.74877,11.13703],[-69.75089,11.13622],[-69.75082,11.13481],[-69.75342,11.13378],[-69.75477,11.12975],[-69.75681,11.13006],[-69.7596,11.12785],[-69.76024,11.12172],[-69.76445,11.11858],[-69.76923,11.11688],[-69.77108,11.1132],[-69.77056,11.11207],[-69.7676,11.11216],[-69.76635,11.11091],[-69.76442,11.11255],[-69.76043,11.11339],[-69.75361,11.11036],[-69.74918,11.11118],[-69.74866,11.11017],[-69.74971,11.10843],[-69.74839,11.10488],[-69.74706,11.10527],[-69.74659,11.10278],[-69.74449,11.10328],[-69.74501,11.10176],[-69.74423,11.10068],[-69.74079,11.10024],[-69.73997,11.09929],[-69.73592,11.10094],[-69.73499,11.10031],[-69.73498,11.09834],[-69.73331,11.09777],[-69.73164,11.09836],[-69.72787,11.09769],[-69.72142,11.0996],[-69.7209,11.0986],[-69.71957,11.09861]]}},{"type":"Feature","id":"way/551666685","properties":{"name":"Carretera Vieja Coro - Churuguara","highway":"tertiary","ref":"T-4"},"geometry":{"type":"LineString","coordinates":[[-69.65609,11.35528],[-69.65961,11.35255],[-69.66003,11.34417],[-69.6696,11.33356],[-69.67081,11.33043]]}},{"type":"Feature","id":"way/551666686","properties":{"highway":"tertiary","ref":"R-39"},"geometry":{"type":"LineString","coordinates":[[-69.55725,11.32588],[-69.55691,11.3269],[-69.5612,11.33259]]}},{"type":"Feature","id":"way/551666688","properties":{"highway":"tertiary","ref":"R-39"},"geometry":{"type":"LineString","coordinates":[[-69.5612,11.33259],[-69.56403,11.33169]]}},{"type":"Feature","id":"way/551666699","properties":{"name":"Carretera Pecaya - Taratara","highway":"tertiary","ref":"L-1"},"geometry":{"type":"LineString","coordinates":[[-69.72181,11.06232],[-69.72245,11.06312],[-69.73134,11.05863],[-69.73687,11.05817],[-69.73897,11.05564],[-69.74305,11.05371],[-69.747,11.05448],[-69.76704,11.05036],[-69.7771,11.04431],[-69.78903,11.04804],[-69.80691,11.04684],[-69.80906,11.04903],[-69.81298,11.05813],[-69.81429,11.05929],[-69.82603,11.05828],[-69.8336,11.06303],[-69.83918,11.06503],[-69.84173,11.06569],[-69.85188,11.06516],[-69.86568,11.07121]]}},{"type":"Feature","id":"way/551673345","properties":{"highway":"tertiary","ref":"L-5"},"geometry":{"type":"LineString","coordinates":[[-69.27663,10.82123],[-69.27891,10.82128]]}},{"type":"Feature","id":"way/551673348","properties":{"highway":"tertiary","ref":"L-5"},"geometry":{"type":"LineString","coordinates":[[-69.27858,10.81875],[-69.27891,10.82128]]}},{"type":"Feature","id":"way/551673354","properties":{"name":"Carretera Bucaral - Jacura","highway":"tertiary","ref":"L-5"},"geometry":{"type":"LineString","coordinates":[[-68.8562,11.07571],[-68.85759,11.07338],[-68.86123,11.07448],[-68.86368,11.07248],[-68.86519,11.07264],[-68.86928,11.06657],[-68.87157,11.06533],[-68.87436,11.05217],[-68.88178,11.04223],[-68.88552,11.03866],[-68.8884,11.03785],[-68.89163,11.03823],[-68.89392,11.03479],[-68.89606,11.03463],[-68.90166,11.02961],[-68.90314,11.02951],[-68.90527,11.02738],[-68.9072,11.02729],[-68.91158,11.02389],[-68.91345,11.02472],[-68.91875,11.02394],[-68.92233,11.02485],[-68.92374,11.02186],[-68.92841,11.02032],[-68.93175,11.01754],[-68.93251,11.01299],[-68.93507,11.01117],[-68.9355,11.0098],[-68.94237,11.0051],[-68.94378,11.00507],[-68.9464,11.00738],[-68.95059,11.00843],[-68.95309,11.0002],[-68.95646,10.99866],[-68.96032,10.99385],[-68.96066,10.98836],[-68.95993,10.98644],[-68.97413,10.98619],[-68.97448,10.98448],[-68.97815,10.97984],[-68.9787,10.97777],[-68.97806,10.97665],[-68.9794,10.97622],[-68.97626,10.97216],[-68.97573,10.97006],[-68.97912,10.96552],[-68.97998,10.9614],[-68.97879,10.96034],[-68.97855,10.9583],[-68.98251,10.95293],[-68.98528,10.95297],[-68.98843,10.9506],[-68.99316,10.95198],[-68.99688,10.95542],[-68.99609,10.95576],[-68.99819,10.95611],[-68.9999,10.95431],[-69.00485,10.95601],[-69.00885,10.95479],[-69.02363,10.95458],[-69.02874,10.95337],[-69.03444,10.95414],[-69.04279,10.94859],[-69.04536,10.94575],[-69.04715,10.94543],[-69.05729,10.93876],[-69.05989,10.93409],[-69.06739,10.9316],[-69.0751,10.92233],[-69.0724,10.91385],[-69.07069,10.91199],[-69.07166,10.91162],[-69.07172,10.90841],[-69.07297,10.90726],[-69.07223,10.90631],[-69.07247,10.89973],[-69.07304,10.89691],[-69.07416,10.89596],[-69.07157,10.89514],[-69.07321,10.89374],[-69.07501,10.89444],[-69.07925,10.89116],[-69.08531,10.89103],[-69.08794,10.88392],[-69.08762,10.88127],[-69.08491,10.8823],[-69.08631,10.87771],[-69.08398,10.87492],[-69.08459,10.87275],[-69.08667,10.87332],[-69.09133,10.87078],[-69.09369,10.87228],[-69.09637,10.87223],[-69.09865,10.8695],[-69.10065,10.87111],[-69.10347,10.87126],[-69.10674,10.8729],[-69.1104,10.87053],[-69.11199,10.87115],[-69.11948,10.87032],[-69.12131,10.87133],[-69.1305,10.87021],[-69.13532,10.86659],[-69.1382,10.8657],[-69.14017,10.86719],[-69.14577,10.8663],[-69.14853,10.86375],[-69.15021,10.85957],[-69.15202,10.85947],[-69.15259,10.85807],[-69.15785,10.85567],[-69.15821,10.85441],[-69.1639,10.85016],[-69.16394,10.84868],[-69.16647,10.84736],[-69.1664,10.84621],[-69.16891,10.84687],[-69.169,10.84592],[-69.17224,10.84386]]}},{"type":"Feature","id":"way/551673356","properties":{"name":"V\u00eda Principal de Marcillial","highway":"secondary","ref":"L-5"},"geometry":{"type":"LineString","coordinates":[[-68.82289,11.19283],[-68.83514,11.19639]]}},{"type":"Feature","id":"way/551673357","properties":{"name":"V\u00eda Principal de Marcillial","highway":"secondary","ref":"L-5"},"geometry":{"type":"LineString","coordinates":[[-68.83514,11.19639],[-68.84001,11.20061],[-68.8414,11.21112]]}},{"type":"Feature","id":"way/551675864","properties":{"name":"V\u00eda a San Jos\u00e9 de La Costa","highway":"tertiary","ref":"R-65"},"geometry":{"type":"LineString","coordinates":[[-68.93211,11.27249],[-68.87331,11.31263],[-68.87076,11.31534],[-68.86675,11.32872],[-68.86183,11.33367]]}},{"type":"Feature","id":"way/551675865","properties":{"name":"V\u00eda a El Isidro","highway":"tertiary"},"geometry":{"type":"LineString","coordinates":[[-68.86183,11.33367],[-68.85398,11.33546],[-68.85046,11.33823],[-68.84169,11.33842],[-68.83649,11.33453],[-68.83317,11.33373],[-68.81004,11.3383],[-68.80332,11.34335],[-68.80062,11.34865],[-68.7978,11.35184],[-68.79759,11.35607]]}},{"type":"Feature","id":"way/551675867","properties":{"highway":"tertiary"},"geometry":{"type":"LineString","coordinates":[[-68.77725,11.35957],[-68.77278,11.36126]]}},{"type":"Feature","id":"way/551894952","properties":{"name":"Carretera P\u00edritu - Sabanas Altas","highway":"tertiary","ref":"R-23"},"geometry":{"type":"LineString","coordinates":[[-69.13372,11.36543],[-69.13535,11.36594]]}},{"type":"Feature","id":"way/552116493","properties":{"name":"Carretera Cumarebo - Churuguara","highway":"secondary","ref":"R-21"},"geometry":{"type":"LineString","coordinates":[[-69.43141,11.35468],[-69.42436,11.36628],[-69.42162,11.36798],[-69.42112,11.37188],[-69.4183,11.37768],[-69.4125,11.38133],[-69.40774,11.38934],[-69.4036,11.39376],[-69.4018,11.40478],[-69.4018,11.40702],[-69.40302,11.40756],[-69.40241,11.41362],[-69.39641,11.42138],[-69.39601,11.42394],[-69.39425,11.42653],[-69.39555,11.42812],[-69.39565,11.43076],[-69.39436,11.43182],[-69.39374,11.43597],[-69.39232,11.4383],[-69.38902,11.43987],[-69.38887,11.44349],[-69.38627,11.44815],[-69.38523,11.45596],[-69.38578,11.45902],[-69.38473,11.46182],[-69.38508,11.46924],[-69.38328,11.47144],[-69.37388,11.47554]]}},{"type":"Feature","id":"way/552122787","properties":{"name":"Carretera Regional San Juan de Los Cayos - Mirimire","highway":"primary","ref":"L-3"},"geometry":{"type":"LineString","coordinates":[[-68.7568,11.16623],[-68.75784,11.16671]]}},{"type":"Feature","id":"way/552122788","properties":{"name":"V\u00eda a Ag\u00fcide","highway":"tertiary","ref":"R-26"},"geometry":{"type":"LineString","coordinates":[[-68.71689,11.16505],[-68.71606,11.16883],[-68.71951,11.17599],[-68.7196,11.18095],[-68.71825,11.18553],[-68.719,11.19122],[-68.71646,11.19371],[-68.71467,11.1973],[-68.71397,11.20142],[-68.715,11.20365],[-68.70858,11.21089],[-68.70714,11.21862],[-68.70335,11.22274],[-68.70127,11.22289],[-68.70076,11.22485],[-68.70324,11.22463],[-68.70437,11.22607],[-68.7036,11.22993],[-68.6999,11.23006],[-68.70165,11.23389],[-68.69949,11.23737],[-68.69917,11.24044],[-68.701,11.24271],[-68.69722,11.24877],[-68.69592,11.25526],[-68.69223,11.25708],[-68.69151,11.2601],[-68.68591,11.26155],[-68.68523,11.26765],[-68.68117,11.27272],[-68.67713,11.27558],[-68.67821,11.27795],[-68.67831,11.28197],[-68.67534,11.28772],[-68.67469,11.29117],[-68.67727,11.30319],[-68.67457,11.30711],[-68.67521,11.3098],[-68.6729,11.31528],[-68.67707,11.32323],[-68.6793,11.32501],[-68.68018,11.32797],[-68.68474,11.33032],[-68.68617,11.33278],[-68.69242,11.33858],[-68.68864,11.34581],[-68.68653,11.34751]]}},{"type":"Feature","id":"way/552131980","properties":{"name":"Carretera Yaracal - Santa Luc\u00eda","highway":"secondary","ref":"R-29"},"geometry":{"type":"LineString","coordinates":[[-68.54539,10.97449],[-68.5585,10.96818],[-68.58035,10.96332],[-68.58464,10.96058],[-68.58609,10.95693],[-68.60559,10.95621],[-68.61065,10.95128],[-68.61631,10.94903],[-68.62917,10.95023],[-68.63309,10.94949],[-68.63702,10.94996],[-68.66748,10.94498]]}},{"type":"Feature","id":"way/552131994","properties":{"name":"Par Vial Mor\u00f3n - Tucacas","highway":"trunk","ref":"T-3"},"geometry":{"type":"LineString","coordinates":[[-68.3288,10.76582],[-68.31818,10.7391]]}},{"type":"Feature","id":"way/552132000","properties":{"name":"Retorno de Las Lapas","highway":"trunk_link"},"geometry":{"type":"LineString","coordinates":[[-68.34075,10.78525],[-68.3401,10.78497]]}},{"type":"Feature","id":"way/552132001","properties":{"name":"V\u00eda a Las Lapas","highway":"tertiary","ref":"L-6"},"geometry":{"type":"LineString","coordinates":[[-68.33116,10.78849],[-68.32746,10.79195],[-68.32448,10.79266]]}},{"type":"Feature","id":"way/552132002","properties":{"name":"Retorno de Las Lapas","highway":"trunk_link"},"geometry":{"type":"LineString","coordinates":[[-68.3405,10.78584],[-68.34075,10.78525]]}},{"type":"Feature","id":"way/552132004","properties":{"name":"Eje Rural de Las Lapas","highway":"tertiary","ref":"L-6"},"geometry":{"type":"LineString","coordinates":[[-68.40159,10.77769],[-68.39651,10.78169],[-68.38786,10.78161],[-68.38256,10.78289],[-68.37713,10.77944],[-68.3752,10.77497],[-68.37344,10.77429],[-68.34075,10.78525]]}},{"type":"Feature","id":"way/552132006","properties":{"name":"Eje Agr\u00edcola de Agua Linda","highway":"tertiary","ref":"L-6"},"geometry":{"type":"LineString","coordinates":[[-68.43071,10.75572],[-68.42913,10.75304]]}},{"type":"Feature","id":"way/552138418","properties":{"name":"Eje Agr\u00edcola de Yumare","highway":"tertiary","ref":"L-6"},"geometry":{"type":"LineString","coordinates":[[-68.48306,10.68715],[-68.46621,10.67893],[-68.46113,10.67889],[-68.45594,10.67722]]}},{"type":"Feature","id":"way/552138422","properties":{"name":"Eje Agr\u00edcola de Yumare","highway":"tertiary","ref":"L-6"},"geometry":{"type":"LineString","coordinates":[[-68.48306,10.68715],[-68.49147,10.67043]]}},{"type":"Feature","id":"way/552138424","properties":{"name":"Eje 38","highway":"tertiary","ref":"L-6"},"geometry":{"type":"LineString","coordinates":[[-68.49997,10.67444],[-68.50203,10.67284],[-68.50664,10.66341],[-68.50516,10.63749]]}},{"type":"Feature","id":"way/552138427","properties":{"name":"Carretera Principal de la Colonia Yumare","highway":"tertiary","ref":"L-6"},"geometry":{"type":"LineString","coordinates":[[-68.50516,10.63749],[-68.60312,10.63157]]}},{"type":"Feature","id":"way/552138431","properties":{"highway":"tertiary","ref":"R-4"},"geometry":{"type":"LineString","coordinates":[[-68.55309,10.60474],[-68.55076,10.60226],[-68.55098,10.59944]]}},{"type":"Feature","id":"way/552138432","properties":{"name":"Carretera La L\u00ednea","highway":"tertiary","ref":"R-4"},"geometry":{"type":"LineString","coordinates":[[-68.56229,10.60782],[-68.55309,10.60474]]}},{"type":"Feature","id":"way/552138438","properties":{"name":"Eje Rural del Aroa","highway":"tertiary","ref":"R-34"},"geometry":{"type":"LineString","coordinates":[[-68.55251,10.5952],[-68.54958,10.59282],[-68.53628,10.5916],[-68.52901,10.58896],[-68.52306,10.59278],[-68.51984,10.59824],[-68.51453,10.60131],[-68.49855,10.6202],[-68.49534,10.621],[-68.49193,10.62541],[-68.48856,10.62614],[-68.48349,10.63091],[-68.47308,10.6329],[-68.4698,10.63576]]}},{"type":"Feature","id":"way/552370076","properties":{"name":"V\u00eda a Las Vegas","highway":"secondary","ref":"R-29"},"geometry":{"type":"LineString","coordinates":[[-69.16391,10.70499],[-69.19442,10.71637],[-69.19721,10.71536],[-69.20344,10.71526],[-69.20708,10.71372],[-69.20764,10.71484],[-69.21477,10.71665],[-69.21823,10.7195],[-69.22161,10.7174],[-69.22668,10.70773],[-69.2277,10.70258],[-69.22969,10.703],[-69.22938,10.69984],[-69.23017,10.69887],[-69.23955,10.69938],[-69.24733,10.70326],[-69.24849,10.70163],[-69.2503,10.7006],[-69.25137,10.70104],[-69.25233,10.69986],[-69.2534,10.70129],[-69.25658,10.70186],[-69.2575,10.70383],[-69.26497,10.70574],[-69.26874,10.70292],[-69.28196,10.70118]]}},{"type":"Feature","id":"way/556375688","properties":{"name":"Carretera Principal de la Colonia Yumare","highway":"tertiary","ref":"L-6"},"geometry":{"type":"LineString","coordinates":[[-68.6037,10.64058],[-68.60312,10.63157]]}},{"type":"Feature","id":"way/556540094","properties":{"name":"Eje Agr\u00edcola de Agua Linda","highway":"tertiary","ref":"L-6"},"geometry":{"type":"LineString","coordinates":[[-68.44885,10.69779],[-68.44363,10.71173],[-68.43201,10.74975],[-68.42913,10.75304]]}},{"type":"Feature","id":"way/558097593","properties":{"name":"Avenida Principal de Tucacas","highway":"tertiary","ref":"T-3"},"geometry":{"type":"LineString","coordinates":[[-68.32469,10.7816],[-68.32789,10.76705]]}},{"type":"Feature","id":"way/558097594","properties":{"name":"Avenida Principal de Tucacas","highway":"tertiary","ref":"T-3"},"geometry":{"type":"LineString","coordinates":[[-68.32457,10.78202],[-68.32464,10.78179]]}},{"type":"Feature","id":"way/559561386","properties":{"name":"Par Vial Mor\u00f3n - Tucacas","highway":"trunk","ref":"T-3"},"geometry":{"type":"LineString","coordinates":[[-68.29731,10.67244],[-68.29732,10.67251]]}},{"type":"Feature","id":"way/559561391","properties":{"name":"Par Vial Mor\u00f3n - Tucacas","highway":"trunk","ref":"T-3"},"geometry":{"type":"LineString","coordinates":[[-68.27474,10.63248],[-68.29731,10.67244]]}},{"type":"Feature","id":"way/559561395","properties":{"name":"Par Vial Mor\u00f3n - Tucacas","highway":"trunk","ref":"T-3"},"geometry":{"type":"LineString","coordinates":[[-68.29744,10.67304],[-68.29747,10.6732]]}},{"type":"Feature","id":"way/559561399","properties":{"name":"Par Vial Mor\u00f3n - Tucacas","highway":"trunk","ref":"T-3"},"geometry":{"type":"LineString","coordinates":[[-68.29732,10.67251],[-68.29744,10.67304]]}},{"type":"Feature","id":"way/573113030","properties":{"highway":"tertiary","ref":"L-6"},"geometry":{"type":"LineString","coordinates":[[-68.49147,10.67043],[-68.49997,10.67444]]}},{"type":"Feature","id":"way/573233958","properties":{"highway":"tertiary","ref":"R-3"},"geometry":{"type":"LineString","coordinates":[[-69.98304,11.82137],[-69.98097,11.82193]]}},{"type":"Feature","id":"way/583582166","properties":{"name":"Avenida Intercomunal de Punta Card\u00f3n","highway":"secondary","ref":"R-51"},"geometry":{"type":"LineString","coordinates":[[-70.21247,11.62522],[-70.21276,11.62407]]}},{"type":"Feature","id":"way/583582167","properties":{"name":"Avenida Intercomunal de Punta Card\u00f3n","highway":"secondary","ref":"R-51"},"geometry":{"type":"LineString","coordinates":[[-70.21276,11.62407],[-70.2123,11.62517]]}},{"type":"Feature","id":"way/583587933","properties":{"name":"Calle Progreso","highway":"tertiary"},"geometry":{"type":"LineString","coordinates":[[-69.68267,11.39509],[-69.68197,11.39534]]}},{"type":"Feature","id":"way/583587961","properties":{"name":"Calle 33 Zamora","highway":"tertiary","ref":"R-37"},"geometry":{"type":"LineString","coordinates":[[-69.6751,11.40988],[-69.68247,11.4084]]}},{"type":"Feature","id":"way/589975771","properties":{"name":"Retorno de Jayama","highway":"primary_link"},"geometry":{"type":"LineString","coordinates":[[-70.19699,11.79707],[-70.19644,11.79733]]}},{"type":"Feature","id":"way/589975772","properties":{"name":"Retorno de Jayama","highway":"primary_link"},"geometry":{"type":"LineString","coordinates":[[-70.2023,11.80199],[-70.20267,11.80158]]}},{"type":"Feature","id":"way/612983212","properties":{"name":"Eje Rural de Las Lapas","highway":"tertiary","ref":"L-6"},"geometry":{"type":"LineString","coordinates":[[-68.43071,10.75572],[-68.42638,10.75933],[-68.41538,10.76179],[-68.41236,10.76489],[-68.40705,10.77367],[-68.40159,10.77769]]}},{"type":"Feature","id":"way/612983216","properties":{"name":"V\u00eda a Las Lapas","highway":"tertiary","ref":"L-6"},"geometry":{"type":"LineString","coordinates":[[-68.33967,10.78558],[-68.33116,10.78849]]}},{"type":"Feature","id":"way/621198159","properties":{"name":"V\u00eda a Marsillalito","highway":"tertiary","ref":"R-28"},"geometry":{"type":"LineString","coordinates":[[-68.85782,11.0642],[-68.85364,11.06107],[-68.85124,11.06043],[-68.84983,11.06097],[-68.84328,11.05942],[-68.83409,11.05993],[-68.83247,11.05873],[-68.83062,11.0565],[-68.82854,11.0464],[-68.82903,11.03852],[-68.82636,11.03603],[-68.8178,11.03317],[-68.81589,11.02907],[-68.81304,11.02727],[-68.80704,11.01435]]}},{"type":"Feature","id":"way/621592821","properties":{"name":"Eje 26","highway":"tertiary","ref":"R-4"},"geometry":{"type":"LineString","coordinates":[[-68.56389,10.63387],[-68.56267,10.61343]]}},{"type":"Feature","id":"way/621731115","properties":{"name":"V\u00eda a Los Tablones","highway":"tertiary"},"geometry":{"type":"LineString","coordinates":[[-69.41237,11.30187],[-69.40904,11.30234],[-69.40742,11.30365],[-69.39904,11.30455],[-69.39312,11.30365],[-69.38802,11.30051],[-69.38255,11.30027],[-69.37839,11.2961],[-69.37421,11.29436]]}},{"type":"Feature","id":"way/622321859","properties":{"highway":"tertiary"},"geometry":{"type":"LineString","coordinates":[[-69.36826,11.47745],[-69.36631,11.47669],[-69.36676,11.47412],[-69.36518,11.46635],[-69.363,11.46129],[-69.36365,11.46036]]}},{"type":"Feature","id":"way/622321900","properties":{"name":"V\u00eda a San Francisco","highway":"tertiary","ref":"R-12"},"geometry":{"type":"LineString","coordinates":[[-69.25649,11.47079],[-69.25937,11.4669],[-69.26199,11.46632],[-69.26438,11.464],[-69.26539,11.462],[-69.26544,11.45806],[-69.27052,11.45714],[-69.27013,11.45182],[-69.27365,11.4483]]}},{"type":"Feature","id":"way/622321907","properties":{"name":"V\u00eda a Los Tablones","highway":"tertiary"},"geometry":{"type":"LineString","coordinates":[[-69.37421,11.29436],[-69.36985,11.2951],[-69.36639,11.29839],[-69.36345,11.29682],[-69.36213,11.29396]]}},{"type":"Feature","id":"way/622321916","properties":{"name":"Carretera Nacional Coro - Churuguara","highway":"trunk","ref":"T-4"},"geometry":{"type":"LineString","coordinates":[[-69.66279,11.38065],[-69.6607,11.37594],[-69.66084,11.37172],[-69.65919,11.36889],[-69.65926,11.36058],[-69.65497,11.3553]]}},{"type":"Feature","id":"way/622321917","properties":{"name":"Carretera Cumarebo - Churuguara","highway":"secondary","ref":"L-1;R-21"},"geometry":{"type":"LineString","coordinates":[[-69.43141,11.35468],[-69.43007,11.35184],[-69.43022,11.34996]]}},{"type":"Feature","id":"way/622321918","properties":{"name":"V\u00eda a Guaibacoa","highway":"tertiary","ref":"L-1"},"geometry":{"type":"LineString","coordinates":[[-69.47492,11.41714],[-69.47214,11.42019],[-69.46877,11.41742],[-69.467,11.41871],[-69.46554,11.41687],[-69.46469,11.41903],[-69.46251,11.41728],[-69.46153,11.41908],[-69.46198,11.41663],[-69.46324,11.41657],[-69.462,11.41578],[-69.46054,11.41676],[-69.46051,11.41367],[-69.45582,11.4139],[-69.45306,11.41263],[-69.45426,11.41267],[-69.45454,11.41058],[-69.45369,11.41128],[-69.45247,11.40952],[-69.45367,11.40971],[-69.45495,11.40478],[-69.45622,11.4049],[-69.45542,11.40342],[-69.45357,11.40405],[-69.45457,11.40262],[-69.45341,11.39931],[-69.45526,11.39668],[-69.44989,11.39256],[-69.43141,11.35468]]}},{"type":"Feature","id":"way/622321919","properties":{"name":"Carretera Cumarebo - Churuguara","highway":"secondary","ref":"L-1;R-21"},"geometry":{"type":"LineString","coordinates":[[-69.43028,11.34937],[-69.43022,11.34996]]}},{"type":"Feature","id":"way/622321920","properties":{"name":"Carretera Cumarebo - Churuguara","highway":"secondary","ref":"L-1;R-21"},"geometry":{"type":"LineString","coordinates":[[-69.43072,11.34977],[-69.43022,11.34996]]}},{"type":"Feature","id":"way/622368359","properties":{"name":"V\u00eda a Santa Cruz de Bucaral","highway":"secondary","ref":"L-5"},"geometry":{"type":"LineString","coordinates":[[-69.37043,10.78048],[-69.35882,10.77899],[-69.3567,10.77936],[-69.35497,10.78127],[-69.35193,10.78249],[-69.35229,10.78614],[-69.34958,10.78846],[-69.34961,10.79092],[-69.35199,10.79231],[-69.35131,10.79552],[-69.34414,10.80071],[-69.3431,10.80036],[-69.34394,10.79893],[-69.33782,10.80096],[-69.3355,10.80378],[-69.33592,10.80861],[-69.3326,10.81271],[-69.33112,10.81258],[-69.33037,10.8111],[-69.32861,10.81225],[-69.32596,10.81186],[-69.32333,10.80912],[-69.32185,10.81038],[-69.32052,10.80889],[-69.31788,10.81042],[-69.31621,10.81315],[-69.31586,10.81817],[-69.30604,10.82149],[-69.30243,10.82072],[-69.30031,10.82225],[-69.29127,10.81672],[-69.28301,10.81774]]}},{"type":"Feature","id":"way/630361978","properties":{"highway":"trunk_link"},"geometry":{"type":"LineString","coordinates":[[-69.84271,11.70694],[-69.84299,11.70661]]}},{"type":"Feature","id":"way/674122344","properties":{"highway":"tertiary","ref":"R-10;R-18"},"geometry":{"type":"LineString","coordinates":[[-70.80776,11.06289],[-70.80758,11.06304]]}},{"type":"Feature","id":"way/674523829","properties":{"name":"Carretera Nacional Coro - Tucacas","highway":"trunk","ref":"T-3"},"geometry":{"type":"LineString","coordinates":[[-69.62,11.43618],[-69.61504,11.43681],[-69.60422,11.44287],[-69.59364,11.44692],[-69.58631,11.44945],[-69.57955,11.45057]]}},{"type":"Feature","id":"way/674523830","properties":{"name":"Carretera Nacional Coro - Tucacas","highway":"trunk","ref":"T-3"},"geometry":{"type":"LineString","coordinates":[[-69.62042,11.4361],[-69.62,11.43618]]}},{"type":"Feature","id":"way/674523831","properties":{"name":"Carretera Nacional Coro - Tucacas","highway":"trunk","ref":"T-3"},"geometry":{"type":"LineString","coordinates":[[-69.62044,11.43617],[-69.62867,11.4337],[-69.64115,11.42635]]}},{"type":"Feature","id":"way/674523832","properties":{"name":"Carretera Nacional Coro - Tucacas","highway":"trunk","ref":"T-3"},"geometry":{"type":"LineString","coordinates":[[-69.62,11.43626],[-69.62044,11.43617]]}},{"type":"Feature","id":"way/674527567","properties":{"name":"Carretera Nacional Coro - Churuguara","highway":"trunk","ref":"T-4"},"geometry":{"type":"LineString","coordinates":[[-69.65497,11.3553],[-69.65445,11.35496]]}},{"type":"Feature","id":"way/674527568","properties":{"name":"Carretera Vieja Coro - Churuguara","highway":"tertiary","ref":"T-4"},"geometry":{"type":"LineString","coordinates":[[-69.67081,11.33043],[-69.67036,11.33018]]}},{"type":"Feature","id":"way/674527569","properties":{"name":"Carretera Vieja Coro - Churuguara","highway":"tertiary","ref":"T-4"},"geometry":{"type":"LineString","coordinates":[[-69.67036,11.33018],[-69.669,11.32778],[-69.66891,11.32325],[-69.67402,11.30937],[-69.69054,11.29082],[-69.6981,11.28503],[-69.70006,11.28493],[-69.70625,11.27792],[-69.72291,11.26401],[-69.72858,11.25725],[-69.73283,11.2471],[-69.74009,11.24296],[-69.73967,11.23774],[-69.74138,11.23598],[-69.7435,11.23651],[-69.74837,11.23101],[-69.74924,11.22774],[-69.75121,11.22547],[-69.75049,11.21906],[-69.74578,11.21945],[-69.74417,11.22225],[-69.74242,11.218],[-69.74082,11.21724],[-69.74165,11.21558],[-69.74049,11.21375],[-69.74164,11.21292],[-69.74081,11.21146],[-69.74193,11.20913],[-69.74142,11.20825],[-69.74384,11.20737],[-69.74241,11.20548],[-69.74268,11.20272],[-69.74071,11.20065],[-69.74565,11.19961],[-69.7439,11.19656],[-69.73347,11.19761],[-69.73256,11.19633],[-69.7316,11.19715],[-69.72886,11.19499],[-69.72545,11.19677],[-69.72196,11.19677],[-69.72219,11.19515],[-69.7246,11.1935],[-69.72516,11.19123],[-69.72413,11.18913],[-69.72826,11.18794],[-69.72845,11.18577],[-69.73143,11.18083],[-69.73335,11.18221],[-69.7349,11.18181],[-69.7361,11.1835],[-69.73814,11.18266],[-69.73825,11.18041],[-69.73732,11.17919],[-69.73515,11.1788],[-69.73458,11.17733],[-69.73612,11.17168],[-69.73534,11.1665],[-69.73668,11.15999],[-69.73571,11.15843],[-69.73178,11.15899]]}},{"type":"Feature","id":"way/674574443","properties":{"name":"V\u00eda a Pedregal","highway":"secondary","ref":"L-7"},"geometry":{"type":"LineString","coordinates":[[-70.24809,11.19647],[-70.248,11.19607]]}},{"type":"Feature","id":"way/674574444","properties":{"name":"V\u00eda a Pedregal","highway":"secondary","ref":"L-7"},"geometry":{"type":"LineString","coordinates":[[-70.24681,11.20678],[-70.24842,11.19926],[-70.24809,11.19647]]}},{"type":"Feature","id":"way/674574445","properties":{"name":"Carretera Falc\u00f3n - Zulia","highway":"trunk","ref":"T-3"},"geometry":{"type":"LineString","coordinates":[[-70.25015,11.20661],[-70.2506,11.20659]]}},{"type":"Feature","id":"way/674574446","properties":{"name":"Carretera Falc\u00f3n - Zulia","highway":"trunk","ref":"T-3"},"geometry":{"type":"LineString","coordinates":[[-70.00269,11.25168],[-70.01349,11.25357],[-70.03615,11.24995],[-70.05194,11.24868],[-70.08279,11.23727],[-70.16861,11.23751],[-70.19597,11.23002],[-70.20764,11.21669],[-70.22789,11.20799],[-70.25015,11.20661]]}},{"type":"Feature","id":"way/676311700","properties":{"name":"Avenida Independencia","highway":"tertiary","ref":"R-37"},"geometry":{"type":"LineString","coordinates":[[-69.66567,11.41213],[-69.65825,11.41642]]}},{"type":"Feature","id":"way/685253685","properties":{"name":"V\u00eda a Amuay","highway":"tertiary","ref":"R-2"},"geometry":{"type":"LineString","coordinates":[[-70.24009,11.77941],[-70.23649,11.7903],[-70.21798,11.81771]]}},{"type":"Feature","id":"way/685253707","properties":{"name":"Avenida Santa Elena","highway":"tertiary","ref":"R-49"},"geometry":{"type":"LineString","coordinates":[[-70.18124,11.71605],[-70.18147,11.71599]]}},{"type":"Feature","id":"way/685254716","properties":{"name":"Avenida Bol\u00edvar","highway":"tertiary","ref":"R-8"},"geometry":{"type":"LineString","coordinates":[[-70.67835,11.02528],[-70.6772,11.02011]]}},{"type":"Feature","id":"way/693801644","properties":{"highway":"tertiary"},"geometry":{"type":"LineString","coordinates":[[-69.68205,11.39531],[-69.67994,11.38627]]}},{"type":"Feature","id":"way/693801707","properties":{"name":"Avenida Sucre","highway":"tertiary"},"geometry":{"type":"LineString","coordinates":[[-69.68731,11.3992],[-69.69283,11.40463]]}},{"type":"Feature","id":"way/693801708","properties":{"name":"Avenida Sucre","highway":"tertiary"},"geometry":{"type":"LineString","coordinates":[[-69.69295,11.40459],[-69.68731,11.3992]]}},{"type":"Feature","id":"way/694323865","properties":{"name":"Avenida Ali Primera","highway":"tertiary","ref":"R-37"},"geometry":{"type":"LineString","coordinates":[[-69.70229,11.40207],[-69.68225,11.40737]]}},{"type":"Feature","id":"way/701711406","properties":{"name":"Retorno","highway":"primary_link"},"geometry":{"type":"LineString","coordinates":[[-70.17564,11.78006],[-70.17464,11.77942],[-70.17511,11.78042]]}},{"type":"Feature","id":"way/722982262","properties":{"name":"Variante Norte","highway":"trunk","ref":"T-3"},"geometry":{"type":"LineString","coordinates":[[-69.67,11.42371],[-69.69526,11.4159],[-69.70008,11.40967],[-69.70114,11.40657],[-69.70411,11.38483]]}},{"type":"Feature","id":"way/741632983","properties":{"name":"Par Vial Coro - Punto Fijo","highway":"trunk","ref":"T-4"},"geometry":{"type":"LineString","coordinates":[[-69.85006,11.70421],[-69.83664,11.70836],[-69.80822,11.70839],[-69.80114,11.70695],[-69.79443,11.70897],[-69.7751,11.70518]]}},{"type":"Feature","id":"way/741632984","properties":{"name":"Par Vial Coro - Punto Fijo","highway":"trunk","ref":"T-4"},"geometry":{"type":"LineString","coordinates":[[-69.77473,11.70565],[-69.77733,11.70682],[-69.7835,11.70682],[-69.79329,11.70959],[-69.80114,11.70709],[-69.80673,11.70852],[-69.83663,11.70853],[-69.85011,11.70438]]}},{"type":"Feature","id":"way/756076851","properties":{"name":"Aenida Bol\u00edvar","highway":"tertiary","ref":"R-5"},"geometry":{"type":"LineString","coordinates":[[-70.20984,11.69569],[-70.20985,11.69576]]}},{"type":"Feature","id":"way/756076853","properties":{"name":"Calle Bolivia","highway":"tertiary"},"geometry":{"type":"LineString","coordinates":[[-70.20728,11.69576],[-70.20727,11.6957]]}},{"type":"Feature","id":"way/756336341","properties":{"name":"Avenida Ram\u00f3n Antonio Medina","highway":"trunk","ref":"T-3;T-4"},"geometry":{"type":"LineString","coordinates":[[-69.66682,11.38867],[-69.66689,11.38861]]}},{"type":"Feature","id":"way/756336342","properties":{"name":"Avenida Chema Saher","highway":"trunk","ref":"T-3;T-4"},"geometry":{"type":"LineString","coordinates":[[-69.66684,11.38852],[-69.66679,11.38859]]}},{"type":"Feature","id":"way/756336343","properties":{"name":"Carretera Nacional Coro - Churuguara","highway":"trunk","ref":"T-4"},"geometry":{"type":"LineString","coordinates":[[-69.66679,11.38859],[-69.66682,11.38867]]}},{"type":"Feature","id":"way/756336344","properties":{"name":"Carretera Nacional Coro - Churuguara","highway":"trunk","ref":"T-4"},"geometry":{"type":"LineString","coordinates":[[-69.66689,11.38861],[-69.66684,11.38852]]}},{"type":"Feature","id":"way/771969431","properties":{"highway":"tertiary","ref":"R-8"},"geometry":{"type":"LineString","coordinates":[[-70.67859,11.01985],[-70.6772,11.02011]]}},{"type":"Feature","id":"way/772202396","properties":{"name":"Avenida Manaure","highway":"tertiary"},"geometry":{"type":"LineString","coordinates":[[-69.66682,11.38867],[-69.6712,11.39721],[-69.67221,11.40172]]}},{"type":"Feature","id":"way/772202397","properties":{"name":"Avenida Manaure","highway":"tertiary"},"geometry":{"type":"LineString","coordinates":[[-69.67221,11.40172],[-69.67505,11.4099]]}},{"type":"Feature","id":"way/778942164","properties":{"name":"Carretera del Juan Negro","highway":"tertiary","ref":"L-7"},"geometry":{"type":"LineString","coordinates":[[-69.71425,10.88474],[-69.71677,10.88795],[-69.72091,10.89059],[-69.72297,10.89085],[-69.72713,10.88912]]}},{"type":"Feature","id":"way/786541291","properties":{"name":"Carretera Falc\u00f3n - Zulia","highway":"trunk","ref":"T-3"},"geometry":{"type":"LineString","coordinates":[[-70.77183,10.95859],[-70.83199,10.92642],[-70.84661,10.90974],[-70.92774,10.83367],[-70.97909,10.76672],[-71.01544,10.74206],[-71.07391,10.69146],[-71.07779,10.68927],[-71.09461,10.68594]]}},{"type":"Feature","id":"way/786541292","properties":{"name":"Carretera Falc\u00f3n - Zulia","highway":"trunk","ref":"T-3"},"geometry":{"type":"LineString","coordinates":[[-70.59108,11.06467],[-70.59124,11.06457]]}},{"type":"Feature","id":"way/786939576","properties":{"highway":"secondary","ref":"R-67"},"geometry":{"type":"LineString","coordinates":[[-69.71932,11.0988],[-69.71574,11.0998],[-69.71554,11.1033],[-69.71347,11.10417],[-69.71293,11.10623],[-69.7142,11.10856],[-69.71286,11.10979],[-69.71227,11.11271],[-69.71017,11.11188],[-69.70883,11.11236],[-69.70613,11.11526],[-69.70634,11.11773],[-69.70789,11.11974],[-69.70708,11.12306],[-69.70487,11.12377],[-69.69569,11.11983],[-69.69188,11.12224],[-69.68945,11.12068]]}},{"type":"Feature","id":"way/810215325","properties":{"name":"Carretera Quebrada Arriba - Bariro","highway":"tertiary","ref":"L-2"},"geometry":{"type":"LineString","coordinates":[[-70.69785,10.57257],[-70.6994,10.57575],[-70.7015,10.58604],[-70.6985,10.58892],[-70.69876,10.59055],[-70.7029,10.59279],[-70.71249,10.60236],[-70.71483,10.60626],[-70.71458,10.61173],[-70.71802,10.63473],[-70.71452,10.63817],[-70.71386,10.64611],[-70.71072,10.64941],[-70.70589,10.65218],[-70.70219,10.66038],[-70.68405,10.67494],[-70.68563,10.68379],[-70.68477,10.68474],[-70.68295,10.6946],[-70.684,10.6975],[-70.68676,10.70036],[-70.68827,10.71348],[-70.69035,10.72025],[-70.69342,10.72301],[-70.69359,10.7291],[-70.69943,10.7336],[-70.70334,10.74061],[-70.70413,10.74557],[-70.70707,10.74695],[-70.71168,10.75116],[-70.71542,10.75712],[-70.72223,10.76147],[-70.72331,10.76377],[-70.72657,10.76659]]}},{"type":"Feature","id":"way/810215326","properties":{"name":"Carretera Quebrada Arriba - Bariro","highway":"tertiary","ref":"L-2"},"geometry":{"type":"LineString","coordinates":[[-70.69769,10.57225],[-70.69785,10.57257]]}},{"type":"Feature","id":"way/810215346","properties":{"name":"Carretera Quebrada Arriba - Bariro","highway":"tertiary","ref":"L-2"},"geometry":{"type":"LineString","coordinates":[[-70.68937,10.5589],[-70.69206,10.55894],[-70.6933,10.55991],[-70.69769,10.57225]]}},{"type":"Feature","id":"way/810215347","properties":{"name":"Carretera Quebrada Arriba - Bariro","highway":"tertiary","ref":"L-2"},"geometry":{"type":"LineString","coordinates":[[-70.68885,10.55901],[-70.68937,10.5589]]}},{"type":"Feature","id":"way/810215355","properties":{"name":"Carretera Quebrada Arriba - Bariro","highway":"tertiary","ref":"L-2"},"geometry":{"type":"LineString","coordinates":[[-70.67113,10.53707],[-70.67481,10.54417],[-70.67599,10.55875],[-70.68228,10.56023],[-70.68885,10.55901]]}},{"type":"Feature","id":"way/810215356","properties":{"name":"Carretera Quebrada Arriba - Bariro","highway":"tertiary","ref":"L-2"},"geometry":{"type":"LineString","coordinates":[[-70.67075,10.53702],[-70.67113,10.53707]]}},{"type":"Feature","id":"way/810215363","properties":{"name":"Carretera Quebrada Arriba - Bariro","highway":"tertiary","ref":"L-2"},"geometry":{"type":"LineString","coordinates":[[-70.59595,10.45401],[-70.60593,10.46239],[-70.61161,10.46517]]}},{"type":"Feature","id":"way/810215364","properties":{"name":"Carretera Quebrada Arriba - Bariro","highway":"tertiary","ref":"L-2"},"geometry":{"type":"LineString","coordinates":[[-70.59551,10.45365],[-70.59595,10.45401]]}},{"type":"Feature","id":"way/810215369","properties":{"name":"Carretera Quebrada Arriba - Bariro","highway":"tertiary","ref":"L-2"},"geometry":{"type":"LineString","coordinates":[[-70.61184,10.4652],[-70.61304,10.46661],[-70.61171,10.47625],[-70.61297,10.4813],[-70.61879,10.48779],[-70.61842,10.49421],[-70.6246,10.49786],[-70.62944,10.50262],[-70.63464,10.50117],[-70.642,10.50106],[-70.646,10.50475],[-70.64721,10.50768],[-70.64987,10.50843],[-70.65776,10.51441],[-70.66255,10.51634],[-70.66237,10.51876],[-70.66396,10.52085],[-70.66414,10.52318],[-70.66729,10.52663],[-70.66638,10.52872],[-70.66675,10.53041],[-70.66819,10.53194],[-70.66935,10.53619],[-70.67075,10.53702]]}},{"type":"Feature","id":"way/810215370","properties":{"name":"Carretera Quebrada Arriba - Bariro","highway":"tertiary","ref":"L-2"},"geometry":{"type":"LineString","coordinates":[[-70.61161,10.46517],[-70.61184,10.4652]]}},{"type":"Feature","id":"way/824228617","properties":{"highway":"tertiary"},"geometry":{"type":"LineString","coordinates":[[-69.60805,10.7747],[-69.61264,10.77231],[-69.61758,10.77109],[-69.62392,10.76678],[-69.6292,10.76098],[-69.63188,10.76099]]}},{"type":"Feature","id":"way/824228633","properties":{"highway":"tertiary"},"geometry":{"type":"LineString","coordinates":[[-69.60805,10.7747],[-69.60601,10.77657],[-69.59248,10.77951],[-69.58874,10.77899],[-69.58206,10.78095],[-69.57626,10.77997],[-69.57359,10.78155],[-69.5643,10.78087]]}},{"type":"Feature","id":"way/824228635","properties":{"name":"Carretera Churuguara - Biragua","highway":"tertiary","ref":"R-64"},"geometry":{"type":"LineString","coordinates":[[-69.5643,10.78087],[-69.55368,10.78762],[-69.55655,10.78973],[-69.55851,10.79377],[-69.55718,10.79492],[-69.5555,10.79962],[-69.55372,10.80182],[-69.54943,10.80386],[-69.54485,10.80786],[-69.54359,10.80764]]}},{"type":"Feature","id":"way/845861529","properties":{"name":"Avenida Principal de Tucacas","highway":"tertiary","ref":"T-3"},"geometry":{"type":"LineString","coordinates":[[-68.32448,10.79266],[-68.32362,10.79064]]}},{"type":"Feature","id":"way/852711563","properties":{"highway":"primary_link"},"geometry":{"type":"LineString","coordinates":[[-70.21868,11.81791],[-70.21832,11.81718]]}},{"type":"Feature","id":"way/852711566","properties":{"name":"Retorno de Coduto","highway":"primary_link"},"geometry":{"type":"LineString","coordinates":[[-70.22086,11.81905],[-70.22097,11.81855]]}},{"type":"Feature","id":"way/852711567","properties":{"name":"Avenida Intercomunal Al\u00ed Primera","highway":"primary","ref":"R-3"},"geometry":{"type":"LineString","coordinates":[[-70.20439,11.80443],[-70.20669,11.81229]]}},{"type":"Feature","id":"way/852712155","properties":{"name":"Avenida Intercomunal Al\u00ed Primera","highway":"primary","ref":"R-3"},"geometry":{"type":"LineString","coordinates":[[-70.23923,11.82473],[-70.23684,11.82581],[-70.2323,11.82571],[-70.22298,11.81916],[-70.20892,11.81505],[-70.20681,11.81233],[-70.20418,11.8037]]}},{"type":"Feature","id":"way/852712157","properties":{"name":"Retorno de Coduto","highway":"primary_link"},"geometry":{"type":"LineString","coordinates":[[-70.21224,11.81612],[-70.21214,11.81663]]}},{"type":"Feature","id":"way/853701372","properties":{"name":"Carretera Baraived - El Hato","highway":"tertiary"},"geometry":{"type":"LineString","coordinates":[[-69.84549,11.94626],[-69.84479,11.9457]]}},{"type":"Feature","id":"way/854307066","properties":{"name":"Carretera Sabaneta - Pecaya","highway":"tertiary","ref":"L-1"},"geometry":{"type":"LineString","coordinates":[[-69.92175,11.07372],[-69.91637,11.07054]]}},{"type":"Feature","id":"way/854307067","properties":{"name":"Carretera Sabaneta - Pecaya","highway":"tertiary","ref":"L-1"},"geometry":{"type":"LineString","coordinates":[[-69.92185,11.07377],[-69.92175,11.07372]]}},{"type":"Feature","id":"way/854307068","properties":{"name":"Carretera Sabaneta - Pecaya","highway":"tertiary","ref":"L-1"},"geometry":{"type":"LineString","coordinates":[[-69.91619,11.07043],[-69.9143,11.06999],[-69.91139,11.07175]]}},{"type":"Feature","id":"way/854307069","properties":{"name":"Carretera Sabaneta - Pecaya","highway":"tertiary","ref":"L-1"},"geometry":{"type":"LineString","coordinates":[[-69.91637,11.07054],[-69.91619,11.07043]]}},{"type":"Feature","id":"way/854307070","properties":{"name":"Carretera Sabaneta - Pecaya","highway":"tertiary","ref":"L-1"},"geometry":{"type":"LineString","coordinates":[[-69.91121,11.07178],[-69.90909,11.07175]]}},{"type":"Feature","id":"way/854307071","properties":{"name":"Carretera Sabaneta - Pecaya","highway":"tertiary","ref":"L-1"},"geometry":{"type":"LineString","coordinates":[[-69.91139,11.07175],[-69.91121,11.07178]]}},{"type":"Feature","id":"way/854307072","properties":{"name":"Carretera Sabaneta - Pecaya","highway":"tertiary","ref":"L-1"},"geometry":{"type":"LineString","coordinates":[[-69.9089,11.07179],[-69.90196,11.07362],[-69.89986,11.07273],[-69.89386,11.07272]]}},{"type":"Feature","id":"way/854307073","properties":{"name":"Carretera Sabaneta - Pecaya","highway":"tertiary","ref":"L-1"},"geometry":{"type":"LineString","coordinates":[[-69.90909,11.07175],[-69.9089,11.07179]]}},{"type":"Feature","id":"way/854307074","properties":{"name":"Carretera Sabaneta - Pecaya","highway":"tertiary","ref":"L-1"},"geometry":{"type":"LineString","coordinates":[[-69.89362,11.07271],[-69.88976,11.07082],[-69.88372,11.07043]]}},{"type":"Feature","id":"way/854307075","properties":{"name":"Carretera Sabaneta - Pecaya","highway":"tertiary","ref":"L-1"},"geometry":{"type":"LineString","coordinates":[[-69.89386,11.07272],[-69.89362,11.07271]]}},{"type":"Feature","id":"way/854307076","properties":{"name":"Carretera Sabaneta - Pecaya","highway":"tertiary","ref":"L-1"},"geometry":{"type":"LineString","coordinates":[[-69.88354,11.07043],[-69.88013,11.07065]]}},{"type":"Feature","id":"way/854307077","properties":{"name":"Carretera Sabaneta - Pecaya","highway":"tertiary","ref":"L-1"},"geometry":{"type":"LineString","coordinates":[[-69.88372,11.07043],[-69.88354,11.07043]]}},{"type":"Feature","id":"way/854307079","properties":{"name":"Carretera Sabaneta - Pecaya","highway":"tertiary","ref":"L-1"},"geometry":{"type":"LineString","coordinates":[[-69.87999,11.07063],[-69.87505,11.07172],[-69.8708,11.07432]]}},{"type":"Feature","id":"way/854307080","properties":{"name":"Carretera Sabaneta - Pecaya","highway":"tertiary","ref":"L-1"},"geometry":{"type":"LineString","coordinates":[[-69.88013,11.07065],[-69.87999,11.07063]]}},{"type":"Feature","id":"way/854307081","properties":{"highway":"tertiary","ref":"L-1"},"geometry":{"type":"LineString","coordinates":[[-69.87051,11.0743],[-69.86521,11.07468]]}},{"type":"Feature","id":"way/854307082","properties":{"name":"Carretera Sabaneta - Pecaya","highway":"tertiary","ref":"L-1"},"geometry":{"type":"LineString","coordinates":[[-69.8708,11.07432],[-69.87051,11.0743]]}},{"type":"Feature","id":"way/865167787","properties":{"highway":"trunk_link"},"geometry":{"type":"LineString","coordinates":[[-69.64557,11.42459],[-69.6455,11.4239]]}},{"type":"Feature","id":"way/865168160","properties":{"highway":"trunk_link"},"geometry":{"type":"LineString","coordinates":[[-69.64386,11.4248],[-69.64324,11.42486]]}},{"type":"Feature","id":"way/865168611","properties":{"name":"Avenida Independencia","highway":"tertiary","ref":"R-37"},"geometry":{"type":"LineString","coordinates":[[-69.648,11.42241],[-69.64552,11.4238]]}},{"type":"Feature","id":"way/964653124","properties":{"highway":"secondary","ref":"T-4;R-67"},"geometry":{"type":"LineString","coordinates":[[-69.71932,11.0988],[-69.71932,11.09849]]}},{"type":"Feature","id":"way/964653125","properties":{"highway":"tertiary","ref":"T-4;R-67"},"geometry":{"type":"LineString","coordinates":[[-69.71932,11.0988],[-69.71957,11.09861]]}},{"type":"Feature","id":"way/981265272","properties":{"highway":"tertiary","ref":"R-55;R-14"},"geometry":{"type":"LineString","coordinates":[[-71.06179,10.702],[-71.06085,10.70093]]}},{"type":"Feature","id":"way/982191912","properties":{"name":"Carretera Willians","highway":"tertiary","ref":"R-55"},"geometry":{"type":"LineString","coordinates":[[-71.06085,10.70093],[-71.08272,10.68278],[-71.09107,10.67419],[-71.16503,10.60876],[-71.2042,10.56642],[-71.22292,10.5427]]}},{"type":"Feature","id":"way/982710223","properties":{"name":"Carretera del Juan Negro","highway":"tertiary","ref":"L-7"},"geometry":{"type":"LineString","coordinates":[[-69.68334,10.88492],[-69.6864,10.88672],[-69.69366,10.88464],[-69.69649,10.88475]]}},{"type":"Feature","id":"way/982710224","properties":{"name":"Carretera del Juan Negro","highway":"tertiary","ref":"L-7"},"geometry":{"type":"LineString","coordinates":[[-69.69649,10.88475],[-69.69787,10.88587],[-69.70287,10.88631],[-69.70522,10.8847],[-69.70784,10.88532],[-69.71179,10.88386],[-69.71425,10.88474]]}},{"type":"Feature","id":"way/982710226","properties":{"highway":"tertiary","ref":"L-1"},"geometry":{"type":"LineString","coordinates":[[-69.86568,11.07121],[-69.86521,11.07468]]}},{"type":"Feature","id":"way/982710236","properties":{"highway":"tertiary","ref":"R-9"},"geometry":{"type":"LineString","coordinates":[[-70.21076,11.34951],[-70.21905,11.34329],[-70.227,11.34006],[-70.23458,11.34045]]}},{"type":"Feature","id":"way/982710237","properties":{"highway":"tertiary","ref":"R-9"},"geometry":{"type":"LineString","coordinates":[[-70.20287,11.35495],[-70.20761,11.35346],[-70.21076,11.34951]]}},{"type":"Feature","id":"way/982710240","properties":{"name":"Carretera Capat\u00e1rida - Miramar","highway":"tertiary"},"geometry":{"type":"LineString","coordinates":[[-70.60664,11.21956],[-70.61467,11.19016],[-70.61846,11.18244],[-70.61781,11.18018]]}},{"type":"Feature","id":"way/982710243","properties":{"highway":"tertiary","ref":"R-8"},"geometry":{"type":"LineString","coordinates":[[-70.67881,11.02439],[-70.67859,11.01985]]}},{"type":"Feature","id":"way/982710245","properties":{"highway":"tertiary"},"geometry":{"type":"LineString","coordinates":[[-70.80701,11.01938],[-70.82582,11.01785]]}},{"type":"Feature","id":"way/982710246","properties":{"highway":"tertiary","ref":"R-10;R-18"},"geometry":{"type":"LineString","coordinates":[[-70.80758,11.06304],[-70.80582,11.06441]]}},{"type":"Feature","id":"way/982773769","properties":{"name":"Carretera Falc\u00f3n - Zulia","highway":"trunk","ref":"T-3"},"geometry":{"type":"LineString","coordinates":[[-70.43515,11.1474],[-70.43527,11.14745]]}},{"type":"Feature","id":"way/982773770","properties":{"name":"Carretera Falc\u00f3n - Zulia","highway":"trunk","ref":"T-3"},"geometry":{"type":"LineString","coordinates":[[-70.43527,11.14745],[-70.44906,11.15209],[-70.45376,11.15169],[-70.47605,11.12967],[-70.48637,11.12549],[-70.49749,11.11815],[-70.51217,11.11162],[-70.54,11.09577],[-70.55081,11.08587],[-70.59108,11.06467]]}},{"type":"Feature","id":"way/982786505","properties":{"name":"V\u00eda a Hueque","highway":"tertiary"},"geometry":{"type":"LineString","coordinates":[[-69.02631,11.42811],[-69.0229,11.42956]]}},{"type":"Feature","id":"way/982786506","properties":{"highway":"tertiary","ref":"R-23"},"geometry":{"type":"LineString","coordinates":[[-69.13904,11.36603],[-69.13949,11.3672]]}},{"type":"Feature","id":"way/982786520","properties":{"name":"Carretera Vieja Coro - Churuguara","highway":"tertiary","ref":"T-4"},"geometry":{"type":"LineString","coordinates":[[-69.71957,11.09861],[-69.71932,11.09849]]}},{"type":"Feature","id":"way/982786525","properties":{"highway":"secondary","ref":"R-17;R-67"},"geometry":{"type":"LineString","coordinates":[[-69.68533,11.12234],[-69.68945,11.12068]]}},{"type":"Feature","id":"way/982786527","properties":{"highway":"secondary","ref":"L-1"},"geometry":{"type":"LineString","coordinates":[[-69.60549,11.14209],[-69.60989,11.14419],[-69.61187,11.14321],[-69.61657,11.14302],[-69.61831,11.14385]]}},{"type":"Feature","id":"way/982786528","properties":{"highway":"secondary","ref":"L-1"},"geometry":{"type":"LineString","coordinates":[[-69.61831,11.14385],[-69.62134,11.14303]]}},{"type":"Feature","id":"way/982786529","properties":{"name":"V\u00eda a Cabure","highway":"secondary","ref":"L-1"},"geometry":{"type":"LineString","coordinates":[[-69.57123,11.11931],[-69.57311,11.1207],[-69.58234,11.11946],[-69.5864,11.12442],[-69.58563,11.12813],[-69.58818,11.13121],[-69.5887,11.13358],[-69.59063,11.13379],[-69.59039,11.13524],[-69.59253,11.13897],[-69.6021,11.13846],[-69.60549,11.14209]]}},{"type":"Feature","id":"way/982786530","properties":{"highway":"tertiary","ref":"L-1"},"geometry":{"type":"LineString","coordinates":[[-69.70808,11.06418],[-69.72112,11.06178]]}},{"type":"Feature","id":"way/982792958","properties":{"highway":"primary","ref":"L-3"},"geometry":{"type":"LineString","coordinates":[[-68.41037,11.16497],[-68.41431,11.16998],[-68.41811,11.17081]]}},{"type":"Feature","id":"way/982792959","properties":{"name":"Carretera Regional Chichiriviche - San Juan Los Cayos","highway":"primary","ref":"L-3"},"geometry":{"type":"LineString","coordinates":[[-68.34853,11.05613],[-68.34809,11.06312],[-68.4003,11.14708],[-68.40114,11.14972]]}},{"type":"Feature","id":"way/982792960","properties":{"name":"Carretera Regional Chichiriviche - San Juan Los Cayos","highway":"primary","ref":"L-3"},"geometry":{"type":"LineString","coordinates":[[-68.36674,10.96943],[-68.3538,11.00349],[-68.34857,11.05562]]}},{"type":"Feature","id":"way/982792962","properties":{"name":"Carretera Yaracal - Santa Luc\u00eda","highway":"tertiary","ref":"R-28"},"geometry":{"type":"LineString","coordinates":[[-68.74752,10.92513],[-68.7556,10.92552],[-68.75922,10.92756],[-68.7616,10.9275],[-68.7639,10.926],[-68.77028,10.92568],[-68.77164,10.92643]]}},{"type":"Feature","id":"way/982797757","properties":{"name":"Carretera Yaracal - San Lorenzo","highway":"secondary","ref":"R-30"},"geometry":{"type":"LineString","coordinates":[[-68.49314,11.03774],[-68.49348,11.04062],[-68.49179,11.04229]]}},{"type":"Feature","id":"way/982797759","properties":{"highway":"tertiary","ref":"R-44"},"geometry":{"type":"LineString","coordinates":[[-68.35162,11.02434],[-68.36752,11.03258]]}},{"type":"Feature","id":"way/982797764","properties":{"name":"V\u00eda a San Jos\u00e9 de La Costa","highway":"tertiary","ref":"R-65"},"geometry":{"type":"LineString","coordinates":[[-68.86183,11.33367],[-68.85499,11.34467],[-68.84437,11.35206],[-68.84212,11.35843],[-68.82969,11.37772],[-68.82795,11.38336],[-68.82862,11.39263],[-68.83184,11.40153],[-68.8304,11.4042],[-68.83385,11.4257],[-68.83559,11.42833],[-68.83584,11.43051]]}},{"type":"Feature","id":"way/982797765","properties":{"highway":"tertiary"},"geometry":{"type":"LineString","coordinates":[[-68.79759,11.35607],[-68.78663,11.35368],[-68.77725,11.35957]]}},{"type":"Feature","id":"way/982814525","properties":{"name":"Variante Norte","highway":"trunk","ref":"T-3"},"geometry":{"type":"LineString","coordinates":[[-69.70411,11.38483],[-69.70525,11.38359]]}},{"type":"Feature","id":"way/982842343","properties":{"name":"Retorno de Alcabala","highway":"trunk_link","ref":"T-4"},"geometry":{"type":"LineString","coordinates":[[-69.82278,11.70856],[-69.82283,11.70834]]}},{"type":"Feature","id":"way/982842344","properties":{"name":"Retorno de Alcabala","highway":"trunk_link","ref":"T-4"},"geometry":{"type":"LineString","coordinates":[[-69.82165,11.70835],[-69.82166,11.70857]]}},{"type":"Feature","id":"way/982878024","properties":{"highway":"primary","ref":"R-6"},"geometry":{"type":"LineString","coordinates":[[-70.17632,11.69376],[-70.17641,11.69563]]}},{"type":"Feature","id":"way/982878026","properties":{"highway":"primary","ref":"L-4"},"geometry":{"type":"LineString","coordinates":[[-70.17663,11.69563],[-70.17645,11.69374]]}},{"type":"Feature","id":"way/982878029","properties":{"name":"Avenida Intercomunal Al\u00ed Primera","highway":"primary","ref":"L-4"},"geometry":{"type":"LineString","coordinates":[[-70.17646,11.69431],[-70.17645,11.69374]]}},{"type":"Feature","id":"way/982878030","properties":{"name":"Avenida Intercomunal Al\u00ed Primera","highway":"primary","ref":"L-4"},"geometry":{"type":"LineString","coordinates":[[-70.17669,11.69732],[-70.17667,11.69707]]}},{"type":"Feature","id":"way/982878031","properties":{"name":"Avenida Intercomunal Al\u00ed Primera","highway":"primary","ref":"L-4"},"geometry":{"type":"LineString","coordinates":[[-70.17658,11.69707],[-70.1766,11.69733]]}},{"type":"Feature","id":"way/982878032","properties":{"name":"Avenida Intercomunal Al\u00ed Primera","highway":"primary","ref":"R-3"},"geometry":{"type":"LineString","coordinates":[[-70.17363,11.77848],[-70.17378,11.77883]]}},{"type":"Feature","id":"way/982881703","properties":{"name":"Carretera Ad\u00edcora - San Rom\u00e1n","highway":"secondary","ref":"R-66"},"geometry":{"type":"LineString","coordinates":[[-69.81637,11.94385],[-69.82324,11.96854],[-69.8255,11.98959]]}},{"type":"Feature","id":"way/982881709","properties":{"name":"Carretera Pueblo Nuevo - San Rom\u00e1n","highway":"tertiary","ref":"R-1"},"geometry":{"type":"LineString","coordinates":[[-69.94742,12.06888],[-69.94837,12.06537]]}},{"type":"Feature","id":"way/982881710","properties":{"highway":"secondary","ref":"R-1"},"geometry":{"type":"LineString","coordinates":[[-69.9524,11.78303],[-69.94899,11.78095],[-69.94955,11.77812]]}},{"type":"Feature","id":"way/982881711","properties":{"name":"Carretera Cayude - Santa Ana","highway":"secondary","ref":"R-1"},"geometry":{"type":"LineString","coordinates":[[-69.94955,11.77812],[-69.95441,11.76784],[-69.95665,11.69655]]}},{"type":"Feature","id":"way/982884827","properties":{"name":"Carretera Baraived - El Hato","highway":"tertiary"},"geometry":{"type":"LineString","coordinates":[[-69.84456,11.94659],[-69.84479,11.9457]]}},{"type":"Feature","id":"way/982889634","properties":{"name":"Avenida Bol\u00edvar","highway":"secondary","ref":"R-5"},"geometry":{"type":"LineString","coordinates":[[-70.1922,11.66874],[-70.19186,11.66848]]}},{"type":"Feature","id":"way/982889636","properties":{"name":"Avenida Intercomunal de Punta Card\u00f3n","highway":"secondary","ref":"R-51"},"geometry":{"type":"LineString","coordinates":[[-70.19823,11.66095],[-70.19985,11.65714]]}},{"type":"Feature","id":"way/983014863","properties":{"highway":"tertiary"},"geometry":{"type":"LineString","coordinates":[[-70.21089,11.71483],[-70.21421,11.71896],[-70.21863,11.71892]]}},{"type":"Feature","id":"way/983033378","properties":{"highway":"tertiary","ref":"L-1"},"geometry":{"type":"LineString","coordinates":[[-69.72122,11.06254],[-69.72181,11.06232]]}},{"type":"Feature","id":"way/983033379","properties":{"highway":"tertiary","ref":"L-1"},"geometry":{"type":"LineString","coordinates":[[-69.72112,11.06178],[-69.72122,11.06254]]}},{"type":"Feature","id":"way/983033380","properties":{"name":"Carretera Vieja Coro - Churuguara","highway":"tertiary","ref":"T-4;L-1"},"geometry":{"type":"LineString","coordinates":[[-69.70808,11.06418],[-69.70846,11.06151]]}},{"type":"Feature","id":"way/983033381","properties":{"name":"Carretera Vieja Coro - Churuguara","highway":"secondary","ref":"T-4"},"geometry":{"type":"LineString","coordinates":[[-69.71932,11.09849],[-69.71904,11.09611],[-69.7144,11.09818],[-69.71153,11.0965],[-69.70998,11.09713],[-69.70914,11.09638],[-69.70585,11.09866],[-69.70596,11.09959],[-69.70419,11.09996],[-69.70242,11.09809],[-69.70369,11.09421],[-69.70508,11.09326],[-69.70734,11.08893],[-69.70708,11.08702],[-69.70374,11.08359],[-69.70808,11.06418]]}},{"type":"Feature","id":"way/983033382","properties":{"name":"Carretera Nacional Coro - Churuguara","highway":"trunk","ref":"T-4"},"geometry":{"type":"LineString","coordinates":[[-69.65445,11.35496],[-69.64934,11.35385],[-69.64065,11.35612],[-69.63329,11.35515],[-69.61868,11.35953],[-69.58309,11.36517],[-69.5631,11.35886],[-69.53824,11.35549],[-69.51229,11.35342],[-69.50776,11.35465],[-69.50333,11.35382],[-69.49761,11.35505],[-69.48422,11.35315],[-69.47329,11.35699],[-69.46665,11.35743],[-69.44271,11.35482],[-69.43576,11.35108],[-69.43028,11.34937]]}},{"type":"Feature","id":"way/983033383","properties":{"name":"Carretera Nacional Coro - Churuguara","highway":"trunk","ref":"T-4;L-1"},"geometry":{"type":"LineString","coordinates":[[-69.43028,11.34937],[-69.42949,11.34705],[-69.42643,11.34551],[-69.42489,11.34112],[-69.42227,11.33897],[-69.42069,11.33038],[-69.41398,11.32438],[-69.40836,11.31733],[-69.4078,11.31263],[-69.413,11.30452],[-69.41103,11.29684],[-69.41216,11.28416],[-69.40875,11.28051],[-69.40904,11.27619],[-69.40798,11.27448],[-69.40888,11.2691],[-69.4111,11.26671],[-69.41768,11.26608],[-69.42535,11.26007],[-69.43223,11.25733],[-69.43449,11.2543],[-69.43754,11.25428],[-69.44202,11.25082],[-69.44968,11.2505],[-69.45173,11.24645],[-69.45849,11.24633],[-69.45987,11.24377],[-69.46247,11.24413],[-69.46313,11.23948],[-69.46641,11.23636],[-69.46636,11.23478],[-69.46902,11.2331],[-69.47411,11.23217],[-69.47685,11.22919],[-69.47585,11.22693],[-69.47708,11.22529],[-69.47313,11.22347],[-69.47308,11.22154],[-69.47049,11.22031],[-69.4698,11.21854],[-69.47188,11.21821],[-69.47342,11.2166],[-69.47614,11.21873],[-69.47971,11.21608],[-69.48155,11.21592],[-69.48644,11.20854],[-69.49322,11.20595],[-69.49554,11.204],[-69.49549,11.19983],[-69.49745,11.19754],[-69.50431,11.19511],[-69.50768,11.19838],[-69.51888,11.19213],[-69.53178,11.19115],[-69.53917,11.18879],[-69.54226,11.18886],[-69.54465,11.18471],[-69.54826,11.18251],[-69.5518,11.17798],[-69.5531,11.17233],[-69.55142,11.16518],[-69.55386,11.16426],[-69.55702,11.16077],[-69.55217,11.15483],[-69.55461,11.15316],[-69.55417,11.14887],[-69.55548,11.14557],[-69.55857,11.14206],[-69.55639,11.13992],[-69.55393,11.13978],[-69.55243,11.13696],[-69.55697,11.13375],[-69.55926,11.12979],[-69.56257,11.12774],[-69.56289,11.1248],[-69.56668,11.12027],[-69.5683,11.11925],[-69.57123,11.11931]]}},{"type":"Feature","id":"way/983033908","properties":{"name":"Carretera Quebrada Arriba - Bariro","highway":"tertiary","ref":"L-2"},"geometry":{"type":"LineString","coordinates":[[-70.54689,10.4091],[-70.54811,10.40982],[-70.54905,10.4125],[-70.54626,10.41887],[-70.54572,10.4233],[-70.54622,10.42765],[-70.5487,10.43314],[-70.54795,10.43762],[-70.55487,10.44725],[-70.55561,10.4464],[-70.55758,10.44894],[-70.56725,10.45482],[-70.57116,10.4539],[-70.57631,10.4545],[-70.58091,10.4513],[-70.58428,10.45068],[-70.5867,10.45161],[-70.59,10.45087],[-70.59551,10.45365]]}},{"type":"Feature","id":"way/983073258","properties":{"name":"V\u00eda Perimetral","highway":"trunk","ref":"T-3"},"geometry":{"type":"LineString","coordinates":[[-68.3389,10.78242],[-68.3329,10.76923],[-68.3288,10.76582]]}},{"type":"Feature","id":"way/983073259","properties":{"name":"V\u00eda Perimetral","highway":"trunk","ref":"T-3;L-6"},"geometry":{"type":"LineString","coordinates":[[-68.33867,10.78314],[-68.34095,10.78849]]}},{"type":"Feature","id":"way/983073260","properties":{"name":"V\u00eda Perimetral","highway":"trunk","ref":"T-3"},"geometry":{"type":"LineString","coordinates":[[-68.34095,10.78849],[-68.34306,10.79159]]}},{"type":"Feature","id":"way/983073261","properties":{"name":"V\u00eda Perimetral","highway":"trunk","ref":"T-3"},"geometry":{"type":"LineString","coordinates":[[-68.34306,10.79159],[-68.34154,10.78824]]}},{"type":"Feature","id":"way/983083970","properties":{"highway":"primary","ref":"R-6"},"geometry":{"type":"LineString","coordinates":[[-70.17663,11.69569],[-70.17663,11.69563]]}},{"type":"Feature","id":"way/983083971","properties":{"highway":"primary","ref":"R-6"},"geometry":{"type":"LineString","coordinates":[[-70.17669,11.69732],[-70.17663,11.69569]]}},{"type":"Feature","id":"way/983083972","properties":{"highway":"primary","ref":"L-4"},"geometry":{"type":"LineString","coordinates":[[-70.17642,11.6957],[-70.1766,11.69733]]}},{"type":"Feature","id":"way/983083973","properties":{"highway":"primary","ref":"R-6"},"geometry":{"type":"LineString","coordinates":[[-70.17641,11.69563],[-70.17642,11.6957]]}},{"type":"Feature","id":"way/983083974","properties":{"name":"Avenida Rafael Gonz\u00e1lez","highway":"tertiary","ref":"R-6"},"geometry":{"type":"LineString","coordinates":[[-70.19943,11.69565],[-70.19934,11.69564]]}},{"type":"Feature","id":"way/983083975","properties":{"name":"Avenido Jacinto Lara","highway":"tertiary","ref":"R-5;R-49"},"geometry":{"type":"LineString","coordinates":[[-70.19934,11.69564],[-70.19933,11.69573]]}},{"type":"Feature","id":"way/983083976","properties":{"name":"Avenido Jacinto Lara","highway":"tertiary","ref":"R-5;R-49"},"geometry":{"type":"LineString","coordinates":[[-70.19943,11.69565],[-70.19907,11.69091]]}},{"type":"Feature","id":"way/983083977","properties":{"name":"Avenido Jacinto Lara","highway":"tertiary","ref":"R-5;R-49"},"geometry":{"type":"LineString","coordinates":[[-70.19943,11.69576],[-70.19943,11.69565]]}},{"type":"Feature","id":"way/983083979","properties":{"highway":"tertiary","ref":"R-3"},"geometry":{"type":"LineString","coordinates":[[-69.98309,11.82181],[-69.98304,11.82137]]}},{"type":"Feature","id":"way/983083985","properties":{"name":"Avenida 4 Bol\u00edvar","highway":"secondary","ref":"L-4;R-1"},"geometry":{"type":"LineString","coordinates":[[-69.92781,11.94768],[-69.92422,11.94776]]}},{"type":"Feature","id":"way/983083986","properties":{"highway":"secondary","ref":"L-4;R-1"},"geometry":{"type":"LineString","coordinates":[[-69.92777,11.94901],[-69.92781,11.94768]]}},{"type":"Feature","id":"way/983083987","properties":{"highway":"secondary","ref":"L-4;R-1"},"geometry":{"type":"LineString","coordinates":[[-69.92424,11.94872],[-69.92777,11.94901]]}},{"type":"Feature","id":"way/983190397","properties":{"highway":"tertiary"},"geometry":{"type":"LineString","coordinates":[[-70.62146,11.17259],[-70.61741,11.17366]]}},{"type":"Feature","id":"way/983194273","properties":{"name":"V\u00eda a Boroj\u00f3","highway":"tertiary","ref":"R-10;R-18"},"geometry":{"type":"LineString","coordinates":[[-70.81249,11.05595],[-70.80931,11.0589],[-70.80776,11.06289]]}},{"type":"Feature","id":"way/983201857","properties":{"highway":"tertiary","ref":"R-28"},"geometry":{"type":"LineString","coordinates":[[-68.8562,11.07571],[-68.85524,11.07354]]}},{"type":"Feature","id":"way/983238816","properties":{"name":"Avenido Jacinto Lara","highway":"tertiary","ref":"R-5;R-49"},"geometry":{"type":"LineString","coordinates":[[-70.19907,11.69091],[-70.19901,11.68991]]}},{"type":"Feature","id":"way/983238817","properties":{"name":"Avenido Jacinto Lara","highway":"tertiary","ref":"R-5;R-49"},"geometry":{"type":"LineString","coordinates":[[-70.19891,11.68992],[-70.19899,11.69085]]}},{"type":"Feature","id":"way/983270711","properties":{"name":"Carretera Cabure - San Luis","highway":"secondary","ref":"R-17;R-67"},"geometry":{"type":"LineString","coordinates":[[-69.68271,11.13532],[-69.68452,11.13397],[-69.67963,11.13349],[-69.67838,11.13054],[-69.67927,11.1293],[-69.68121,11.12891],[-69.67778,11.12753],[-69.68085,11.12561],[-69.68086,11.12311],[-69.68533,11.12234]]}},{"type":"Feature","id":"way/983275684","properties":{"highway":"tertiary","ref":"R-37"},"geometry":{"type":"LineString","coordinates":[[-69.6657,11.41222],[-69.66579,11.41218]]}},{"type":"Feature","id":"way/983275685","properties":{"highway":"tertiary","ref":"R-37"},"geometry":{"type":"LineString","coordinates":[[-69.66576,11.41209],[-69.66567,11.41213]]}},{"type":"Feature","id":"way/1052217369","properties":{"name":"V\u00eda a San F\u00e9lix","highway":"tertiary","ref":"R-15"},"geometry":{"type":"LineString","coordinates":[[-71.12626,10.88026],[-71.11886,10.86852],[-71.10855,10.85557],[-71.10226,10.84975],[-71.09901,10.84489],[-71.08649,10.81229],[-71.07966,10.80454],[-71.06131,10.79854],[-71.05451,10.7886],[-71.04835,10.78712],[-71.03221,10.778],[-71.03168,10.76866],[-71.03352,10.75863],[-71.03194,10.75102],[-71.0347,10.72539]]}},{"type":"Feature","id":"way/1052225847","properties":{"name":"Calle Principal Tomas Garc\u00eda","highway":"tertiary","ref":"L-2"},"geometry":{"type":"LineString","coordinates":[[-70.74364,10.77718],[-70.74427,10.77851]]}},{"type":"Feature","id":"way/1052225849","properties":{"name":"V\u00eda a Bariro","highway":"tertiary","ref":"L-2"},"geometry":{"type":"LineString","coordinates":[[-70.74681,10.81562],[-70.74588,10.81879],[-70.74559,10.83084],[-70.74705,10.83912],[-70.74889,10.84166],[-70.75297,10.84354],[-70.75817,10.84332],[-70.76776,10.84595],[-70.7745,10.84566],[-70.7827,10.85442],[-70.78575,10.86753],[-70.78497,10.87786],[-70.77888,10.88616],[-70.77961,10.89084],[-70.77828,10.894],[-70.77879,10.89686],[-70.77974,10.89749],[-70.77944,10.90226],[-70.77725,10.90757],[-70.77987,10.91245],[-70.78141,10.92257],[-70.79319,10.94726]]}},{"type":"Feature","id":"way/1052235675","properties":{"highway":"tertiary"},"geometry":{"type":"LineString","coordinates":[[-69.97602,11.87702],[-69.97343,11.87693],[-69.96628,11.87253],[-69.95873,11.87258],[-69.95595,11.8748],[-69.9525,11.87559],[-69.94399,11.87504]]}},{"type":"Feature","id":"way/1052320492","properties":{"highway":"tertiary","ref":"R-62"},"geometry":{"type":"LineString","coordinates":[[-69.33536,11.4301],[-69.33835,11.43162],[-69.33891,11.43471],[-69.34144,11.43866],[-69.34153,11.4421],[-69.34479,11.44396],[-69.34595,11.44594],[-69.34618,11.44902],[-69.34865,11.45517],[-69.35112,11.45786],[-69.35045,11.46111],[-69.35612,11.46404],[-69.35968,11.46768],[-69.36191,11.47166],[-69.36191,11.47591],[-69.36036,11.47937],[-69.36135,11.47975]]}},{"type":"Feature","id":"way/1052326351","properties":{"name":"Carretera Yaracal - Santa Luc\u00eda","highway":"tertiary","ref":"R-29"},"geometry":{"type":"LineString","coordinates":[[-68.66748,10.94498],[-68.69071,10.94233],[-68.70648,10.92996],[-68.70948,10.92897],[-68.72311,10.92847],[-68.72867,10.92697],[-68.74309,10.92882],[-68.74752,10.92513]]}},{"type":"Feature","id":"way/1055541145","properties":{"name":"V\u00eda a Marsillalito","highway":"tertiary","ref":"R-28"},"geometry":{"type":"LineString","coordinates":[[-68.85524,11.07354],[-68.85677,11.07058],[-68.85786,11.07035],[-68.85782,11.0642]]}},{"type":"Feature","id":"way/1055541790","properties":{"name":"V\u00eda a Zambrano","highway":"tertiary","ref":"R-39"},"geometry":{"type":"LineString","coordinates":[[-69.56403,11.33169],[-69.5684,11.33147],[-69.57258,11.33793],[-69.58294,11.34352],[-69.58885,11.35038],[-69.58905,11.35805],[-69.58748,11.36201],[-69.58834,11.36463]]}},{"type":"Feature","id":"way/1059869105","properties":{"name":"Distribuidor Tucacas","highway":"tertiary","ref":"T-3"},"geometry":{"type":"LineString","coordinates":[[-68.32762,10.76515],[-68.32789,10.76705]]}},{"type":"Feature","id":"way/1059870161","properties":{"name":"Distribuidor La Vela","highway":"trunk_link"},"geometry":{"type":"LineString","coordinates":[[-69.58116,11.45158],[-69.58401,11.45044]]}},{"type":"Feature","id":"way/1059874912","properties":{"highway":"primary_link"},"geometry":{"type":"LineString","coordinates":[[-70.17673,11.69604],[-70.17742,11.69567]]}},{"type":"Feature","id":"way/1059874913","properties":{"highway":"primary_link"},"geometry":{"type":"LineString","coordinates":[[-70.17685,11.6969],[-70.17673,11.69604]]}},{"type":"Feature","id":"way/1070091052","properties":{"name":"Variante Sur Jos\u00e9 Leonardo Chirino","highway":"tertiary","ref":"R-54"},"geometry":{"type":"LineString","coordinates":[[-69.67628,11.38396],[-69.67317,11.38222],[-69.67061,11.38234]]}},{"type":"Feature","id":"way/1070091055","properties":{"highway":"tertiary"},"geometry":{"type":"LineString","coordinates":[[-69.67061,11.38234],[-69.67331,11.38233],[-69.67667,11.38427]]}},{"type":"Feature","id":"way/1070092127","properties":{"name":"V\u00eda a Guaibacoa","highway":"tertiary","ref":"L-1"},"geometry":{"type":"LineString","coordinates":[[-69.47892,11.41567],[-69.47736,11.41502],[-69.47625,11.41677]]}},{"type":"Feature","id":"way/1070092128","properties":{"name":"V\u00eda a Guaibacoa","highway":"tertiary","ref":"L-1"},"geometry":{"type":"LineString","coordinates":[[-69.48103,11.41583],[-69.47892,11.41567]]}},{"type":"Feature","id":"way/1070092129","properties":{"name":"V\u00eda a Guaibacoa","highway":"tertiary","ref":"L-1"},"geometry":{"type":"LineString","coordinates":[[-69.47625,11.41677],[-69.47492,11.41714]]}},{"type":"Feature","id":"way/1070092130","properties":{"name":"V\u00eda a Guaibacoa","highway":"tertiary","ref":"L-1"},"geometry":{"type":"LineString","coordinates":[[-69.53905,11.46065],[-69.53844,11.45829],[-69.53094,11.44996],[-69.52555,11.44733],[-69.51968,11.442],[-69.51518,11.4408],[-69.50724,11.4353],[-69.50582,11.43257],[-69.49488,11.42414],[-69.48103,11.41583]]}},{"type":"Feature","id":"way/1156164929","properties":{"name":"Avenida Principal de Tucacas","highway":"tertiary","ref":"T-3"},"geometry":{"type":"LineString","coordinates":[[-68.33198,10.80339],[-68.32757,10.79976],[-68.32448,10.79266]]}},{"type":"Feature","id":"way/1156164930","properties":{"name":"Avenida Principal de Tucacas","highway":"tertiary","ref":"T-3"},"geometry":{"type":"LineString","coordinates":[[-68.33208,10.80348],[-68.33198,10.80339]]}},{"type":"Feature","id":"way/1156164973","properties":{"highway":"tertiary"},"geometry":{"type":"LineString","coordinates":[[-68.3398,10.85986],[-68.33993,10.8601]]}},{"type":"Feature","id":"way/1164163821","properties":{"name":"Eje 32","highway":"tertiary"},"geometry":{"type":"LineString","coordinates":[[-68.53601,10.64879],[-68.5352,10.63566]]}},{"type":"Feature","id":"way/1202557455","properties":{"name":"Carretera Falc\u00f3n - Zulia","highway":"trunk","ref":"T-3"},"geometry":{"type":"LineString","coordinates":[[-70.59124,11.06457],[-70.65523,11.03112],[-70.66031,11.03156],[-70.68224,11.03872],[-70.6874,11.03708],[-70.72211,11.00753],[-70.7358,10.9896],[-70.74689,10.98114],[-70.75957,10.96553],[-70.77143,10.9588]]}},{"type":"Feature","id":"way/1202557456","properties":{"name":"Carretera Falc\u00f3n - Zulia","highway":"trunk","ref":"T-3"},"geometry":{"type":"LineString","coordinates":[[-70.77143,10.9588],[-70.77183,10.95859]]}},{"type":"Feature","id":"way/1238925929","properties":{"highway":"trunk_link"},"geometry":{"type":"LineString","coordinates":[[-69.09641,11.3533],[-69.09635,11.3527]]}},{"type":"Feature","id":"way/1238957519","properties":{"name":"Carretera Regional Chichiriviche - San Juan Los Cayos","highway":"primary","ref":"L-3"},"geometry":{"type":"LineString","coordinates":[[-68.40141,11.15072],[-68.40251,11.15386],[-68.41037,11.16497]]}},{"type":"Feature","id":"way/1238957520","properties":{"name":"Carretera Regional Chichiriviche - San Juan Los Cayos","highway":"primary","ref":"L-3"},"geometry":{"type":"LineString","coordinates":[[-68.40114,11.14972],[-68.40141,11.15072]]}},{"type":"Feature","id":"way/1240697981","properties":{"name":"Eje Agr\u00edcola de Agua Linda","highway":"tertiary","ref":"L-6"},"geometry":{"type":"LineString","coordinates":[[-68.45594,10.67722],[-68.44901,10.69737]]}},{"type":"Feature","id":"way/1240697982","properties":{"name":"Eje Agr\u00edcola de Agua Linda","highway":"tertiary","ref":"L-6"},"geometry":{"type":"LineString","coordinates":[[-68.44901,10.69737],[-68.44885,10.69779]]}},{"type":"Feature","id":"way/1305341438","properties":{"name":"Avenida Principal de Tucacas","highway":"tertiary","ref":"T-3"},"geometry":{"type":"LineString","coordinates":[[-68.32464,10.78179],[-68.32469,10.7816]]}},{"type":"Feature","id":"way/1321772600","properties":{"name":"Retorno","highway":"trunk_link","ref":"T-3"},"geometry":{"type":"LineString","coordinates":[[-68.25368,10.60095],[-68.25267,10.60014]]}},{"type":"Feature","id":"way/1321772601","properties":{"highway":"trunk_link"},"geometry":{"type":"LineString","coordinates":[[-68.25368,10.60095],[-68.25354,10.60135]]}},{"type":"Feature","id":"way/1409481402","properties":{"name":"Avenida Ram\u00f3n Ruiz Polanco","highway":"tertiary","ref":"R-5"},"geometry":{"type":"LineString","coordinates":[[-70.20933,11.68262],[-70.20926,11.68263]]}},{"type":"Feature","id":"way/1430784027","properties":{"highway":"trunk"},"geometry":{"type":"LineString","coordinates":[[-69.66497,11.38509],[-69.66496,11.38522]]}},{"type":"Feature","id":"way/1430784028","properties":{"highway":"trunk"},"geometry":{"type":"LineString","coordinates":[[-69.66521,11.3851],[-69.66508,11.38503]]}},{"type":"Feature","id":"way/1430784029","properties":{"highway":"trunk"},"geometry":{"type":"LineString","coordinates":[[-69.6651,11.38529],[-69.66519,11.38525]]}},{"type":"Feature","id":"way/1430784030","properties":{"highway":"trunk"},"geometry":{"type":"LineString","coordinates":[[-69.66508,11.38503],[-69.66497,11.38509]]}},{"type":"Feature","id":"way/1430784031","properties":{"highway":"trunk"},"geometry":{"type":"LineString","coordinates":[[-69.66519,11.38525],[-69.66521,11.3851]]}},{"type":"Feature","id":"way/1430784032","properties":{"highway":"trunk"},"geometry":{"type":"LineString","coordinates":[[-69.66496,11.38522],[-69.6651,11.38529]]}},{"type":"Feature","id":"way/1430784033","properties":{"name":"Variante Sur Jos\u00e9 Leonardo Chirino","highway":"tertiary","ref":"R-54"},"geometry":{"type":"LineString","coordinates":[[-69.67061,11.38234],[-69.66521,11.3851]]}},{"type":"Feature","id":"way/1446700738","properties":{"name":"V\u00eda a R\u00edo Chico","highway":"secondary","ref":"R-9"},"geometry":{"type":"LineString","coordinates":[[-70.18408,11.32724],[-70.18457,11.33219],[-70.20024,11.35115],[-70.20084,11.35365],[-70.20244,11.35409]]}},{"type":"Feature","id":"way/1446700739","properties":{"name":"V\u00eda a R\u00edo Chico","highway":"secondary","ref":"R-9"},"geometry":{"type":"LineString","coordinates":[[-70.18399,11.32694],[-70.18408,11.32724]]}},{"type":"Feature","id":"way/1486132864","properties":{"name":"Avenida M\u00e9dano I","highway":"secondary","ref":"L-4"},"geometry":{"type":"LineString","coordinates":[[-69.80756,11.94135],[-69.80766,11.9427]]}},{"type":"Feature","id":"way/1489639707","properties":{"name":"Carretera Nacional Coro - Tucacas","highway":"trunk","ref":"T-3"},"geometry":{"type":"LineString","coordinates":[[-68.84432,11.21231],[-68.83799,11.20944],[-68.82566,11.19375],[-68.78918,11.18142]]}},{"type":"Feature","id":"way/1489639708","properties":{"name":"Carretera Nacional Coro - Tucacas","highway":"trunk","ref":"T-3"},"geometry":{"type":"LineString","coordinates":[[-68.96135,11.31099],[-68.95827,11.30838],[-68.93648,11.27787],[-68.9189,11.25631],[-68.91672,11.2523]]}},{"type":"Feature","id":"way/1496206805","properties":{"name":"Avenida M\u00e9dano II","highway":"secondary","ref":"L-4"},"geometry":{"type":"LineString","coordinates":[[-69.80861,11.94265],[-69.80836,11.94014]]}},{"type":"Feature","id":"way/1497225576","properties":{"name":"Calle 9 El Amparo","highway":"secondary","ref":"R-1"},"geometry":{"type":"LineString","coordinates":[[-69.92431,11.94514],[-69.92424,11.94872]]}},{"type":"Feature","id":"way/1526656799","properties":{"name":"Par Vial Coro - Punto Fijo","highway":"trunk","ref":"T-4"},"geometry":{"type":"LineString","coordinates":[[-69.6699,11.42374],[-69.66912,11.43431],[-69.66994,11.43799],[-69.66441,11.45193]]}},{"type":"Feature","id":"way/1526656800","properties":{"name":"Par Vial Coro - Punto Fijo","highway":"trunk","ref":"T-4"},"geometry":{"type":"LineString","coordinates":[[-69.66456,11.45203],[-69.66789,11.44619],[-69.67007,11.43801],[-69.66926,11.43433],[-69.67,11.42371]]}}]}