{"type": "FeatureCollection", "features": [{"type": "Feature", "id": "relation/2442704", "properties": {"name": "La Guaira", "admin_level": "4", "type": "administrative"}, "geometry": {"type": "Polygon", "coordinates": [[[-67.3622257, 10.4409549], [-67.3622283, 10.4408125], [-67.3622552, 10.4406595], [-67.36229, 10.4405435], [-67.3623276, 10.4404195], [-67.3623544, 10.4403008], [-67.3623598, 10.4401451], [-67.3623624, 10.4399842], [-67.3623785, 10.4399051], [-67.3624054, 10.4398444], [-67.3624536, 10.4397838], [-67.3625261, 10.4397416], [-67.3626199, 10.4397073], [-67.3627728, 10.4396651], [-67.362923, 10.4396202], [-67.3629954, 10.4395833], [-67.3630625, 10.4395437], [-67.3630974, 10.4395015], [-67.3631161, 10.4394408], [-67.3631054, 10.4393828], [-67.3630706, 10.4393459], [-67.3630169, 10.439309], [-67.3628533, 10.4392351], [-67.3625797, 10.4391428], [-67.3622713, 10.4390768], [-67.3620969, 10.4390478], [-67.3619226, 10.4390241], [-67.3617724, 10.4390214], [-67.3616356, 10.4390425], [-67.3615122, 10.4390452], [-67.3614156, 10.4390373], [-67.361303, 10.439003], [-67.3611769, 10.4389212], [-67.3611072, 10.4388553], [-67.3610696, 10.4387867], [-67.3610535, 10.4386838], [-67.3610669, 10.4385862], [-67.3611152, 10.4384517], [-67.3611769, 10.4383356], [-67.3612574, 10.4382354], [-67.3613513, 10.438151], [-67.3614532, 10.4380771], [-67.3616034, 10.4379848], [-67.361775, 10.4378529], [-67.3620594, 10.4376682], [-67.3621506, 10.4375865], [-67.3622042, 10.4374941], [-67.3621988, 10.4373913], [-67.3621881, 10.4373095], [-67.3621881, 10.4372409], [-67.3622096, 10.437175], [-67.3622498, 10.4371407], [-67.3623142, 10.4371143], [-67.3624188, 10.43708], [-67.3625556, 10.4370457], [-67.362687, 10.4370114], [-67.3629311, 10.4368558], [-67.3631054, 10.4367424], [-67.3632744, 10.4366289], [-67.3634246, 10.4365129], [-67.3635373, 10.4364153], [-67.3636124, 10.4363045], [-67.3636499, 10.436228], [-67.3636767, 10.4361357], [-67.3636875, 10.4360209], [-67.3636875, 10.4359405], [-67.3636633, 10.4358006], [-67.3636043, 10.4356054], [-67.3635507, 10.4354947], [-67.3634863, 10.4353918], [-67.3632717, 10.4352098], [-67.3632208, 10.435128], [-67.3631993, 10.4350436], [-67.3632073, 10.4347613], [-67.3632422, 10.4346558], [-67.3632824, 10.4345477], [-67.3632824, 10.4344923], [-67.363269, 10.4344369], [-67.3632449, 10.4343868], [-67.3631993, 10.4343472], [-67.3631483, 10.4343208], [-67.363092, 10.4343024], [-67.3630276, 10.4342892], [-67.3629713, 10.4342839], [-67.3629123, 10.4342733], [-67.3628533, 10.4342628], [-67.3627889, 10.4342575], [-67.3627299, 10.4342364], [-67.3626897, 10.4341916], [-67.3626468, 10.4341573], [-67.3626038, 10.4341098], [-67.362577, 10.4340544], [-67.362577, 10.4339964], [-67.3625609, 10.4339436], [-67.3625314, 10.4338935], [-67.3624939, 10.4338381], [-67.3624483, 10.4337932], [-67.3623946, 10.4337563], [-67.3623383, 10.4337247], [-67.3622203, 10.433693], [-67.3621532, 10.4336772], [-67.3620969, 10.4336719], [-67.3620406, 10.4336719], [-67.3619789, 10.4336772], [-67.3618394, 10.4337115], [-67.3615444, 10.433759], [-67.36148, 10.4337669], [-67.361421, 10.4337669], [-67.3613647, 10.4337616], [-67.3613083, 10.4337247], [-67.3612735, 10.4336798], [-67.3612466, 10.4336271], [-67.3612279, 10.4335769], [-67.3612145, 10.4335242], [-67.3612118, 10.4334714], [-67.3612306, 10.4333659], [-67.3612547, 10.4333158], [-67.3613191, 10.4332182], [-67.361421, 10.433023], [-67.3614961, 10.4329333], [-67.3615873, 10.4328753], [-67.3616785, 10.432812], [-67.3617429, 10.4327276], [-67.3618555, 10.432353], [-67.361877, 10.4322422], [-67.3618609, 10.4321367], [-67.361818, 10.4320364], [-67.3617643, 10.4319309], [-67.3617429, 10.4318254], [-67.361775, 10.4317199], [-67.3618019, 10.4316091], [-67.3618233, 10.4315352], [-67.3618662, 10.431435], [-67.3619467, 10.4313559], [-67.3621076, 10.4312081], [-67.362172, 10.4311184], [-67.3622257, 10.4310182], [-67.3622686, 10.430918], [-67.3623008, 10.4306911], [-67.362349, 10.4305487], [-67.3623437, 10.4304379], [-67.3623115, 10.4303324], [-67.3622418, 10.4302427], [-67.3621506, 10.4301688], [-67.3620808, 10.4300791], [-67.3620594, 10.4299683], [-67.3620755, 10.4298575], [-67.3621291, 10.4297626], [-67.3621935, 10.4296623], [-67.3623276, 10.4294882], [-67.362392, 10.4293933], [-67.3624456, 10.4292772], [-67.3624992, 10.4291875], [-67.3625529, 10.4291084], [-67.3625797, 10.4290029], [-67.362569, 10.4288921], [-67.3625153, 10.4287918], [-67.3624295, 10.4287127], [-67.3623276, 10.4286599], [-67.3622364, 10.4285913], [-67.3621666, 10.4285017], [-67.3621237, 10.4283909], [-67.3621237, 10.4282801], [-67.3621452, 10.4281746], [-67.3621881, 10.428069], [-67.3622686, 10.4280005], [-67.3623759, 10.4279846], [-67.3624778, 10.428011], [-67.3625904, 10.4280321], [-67.3627031, 10.4280321], [-67.362805, 10.4279899], [-67.3628908, 10.427916], [-67.3629499, 10.4278264], [-67.3630035, 10.4277367], [-67.3631135, 10.4276654], [-67.3632154, 10.4275177], [-67.3632422, 10.427465], [-67.3632395, 10.4274096], [-67.3632261, 10.4273489], [-67.3632047, 10.4272988], [-67.3631403, 10.4272091], [-67.3631081, 10.4271642], [-67.3630759, 10.4271168], [-67.3630518, 10.4270614], [-67.3630276, 10.4269506], [-67.3630518, 10.4269031], [-67.3630947, 10.4268609], [-67.3631912, 10.4268055], [-67.3632422, 10.4267844], [-67.3632905, 10.4267527], [-67.3633307, 10.4267079], [-67.3633575, 10.4266551], [-67.363379, 10.4266024], [-67.3634005, 10.4265443], [-67.3634273, 10.4264863], [-67.3634461, 10.4264309], [-67.3634595, 10.4263755], [-67.3634729, 10.4263227], [-67.3634809, 10.4262225], [-67.3634782, 10.4261645], [-67.3634702, 10.4261038], [-67.3634702, 10.4260431], [-67.3634568, 10.4259851], [-67.3634434, 10.4259323], [-67.3634139, 10.4258875], [-67.3633897, 10.4258347], [-67.3632905, 10.4256659], [-67.3632503, 10.4256263], [-67.3631403, 10.4255604], [-67.3630142, 10.4255023], [-67.3629606, 10.4254865], [-67.3629069, 10.4254681], [-67.3628023, 10.4254127], [-67.362738, 10.425323], [-67.3626012, 10.4252676], [-67.3625502, 10.4252386], [-67.3624375, 10.4252016], [-67.3623893, 10.4251726], [-67.3623624, 10.4251251], [-67.3623624, 10.4250697], [-67.3623839, 10.4249642], [-67.3623785, 10.4249062], [-67.3623544, 10.4248561], [-67.3623061, 10.4248191], [-67.3622552, 10.4247927], [-67.3621988, 10.4247796], [-67.3621425, 10.4247743], [-67.3620808, 10.4247716], [-67.3620245, 10.4247716], [-67.3619655, 10.4247743], [-67.3619118, 10.4247585], [-67.3618743, 10.4247189], [-67.3618555, 10.4246688], [-67.3618528, 10.424616], [-67.3618287, 10.4245685], [-67.3617911, 10.4245263], [-67.3617402, 10.4245026], [-67.3616838, 10.4244999], [-67.3615658, 10.4244999], [-67.3615095, 10.4244841], [-67.3614585, 10.4244472], [-67.3614237, 10.424405], [-67.3613969, 10.4243548], [-67.3613834, 10.4243021], [-67.3613593, 10.4241517], [-67.3613432, 10.4240963], [-67.3613137, 10.4240488], [-67.3612842, 10.4239987], [-67.3612842, 10.4239433], [-67.3612922, 10.4238906], [-67.3613191, 10.4238404], [-67.3613459, 10.423793], [-67.3613808, 10.4237455], [-67.3614237, 10.4237033], [-67.3614451, 10.42364], [-67.3614612, 10.4235898], [-67.3614612, 10.4235344], [-67.3614424, 10.423479], [-67.3614103, 10.4234342], [-67.36137, 10.4233894], [-67.3612654, 10.4233129], [-67.3612171, 10.4232865], [-67.3611045, 10.4232153], [-67.3610562, 10.423181], [-67.3610213, 10.4231335], [-67.3609918, 10.423086], [-67.3609677, 10.4230332], [-67.3609382, 10.4229831], [-67.3608631, 10.4229172], [-67.3608148, 10.4228934], [-67.3607612, 10.4228776], [-67.3606968, 10.422875], [-67.3606324, 10.422875], [-67.3605734, 10.4228776], [-67.3605144, 10.4228855], [-67.3604527, 10.4228908], [-67.3603803, 10.4229013], [-67.3603213, 10.4229198], [-67.3602596, 10.4229356], [-67.360206, 10.4229541], [-67.3600906, 10.4230069], [-67.3600343, 10.42302], [-67.3599726, 10.42302], [-67.3599136, 10.4230148], [-67.359868, 10.4229805], [-67.3598224, 10.4229356], [-67.3597929, 10.4228908], [-67.3597795, 10.422838], [-67.3597741, 10.42278], [-67.3597741, 10.4227246], [-67.3597902, 10.4226639], [-67.3598197, 10.4226191], [-67.3598653, 10.4225795], [-67.3599699, 10.4224977], [-67.3600101, 10.4224423], [-67.3600397, 10.4223843], [-67.3600745, 10.4222682], [-67.3601389, 10.4221759], [-67.3602676, 10.4219121], [-67.3602998, 10.4217591], [-67.360332, 10.4216378], [-67.3603857, 10.421527], [-67.3604286, 10.4214214], [-67.3604393, 10.4213159], [-67.3604447, 10.4211999], [-67.3604983, 10.420973], [-67.360493, 10.4208569], [-67.3604661, 10.4207514], [-67.3603964, 10.4205615], [-67.3603588, 10.420456], [-67.3603481, 10.4203452], [-67.3603535, 10.4202344], [-67.3603749, 10.4201288], [-67.3604018, 10.4200233], [-67.3604071, 10.4199178], [-67.360391, 10.4198123], [-67.3603374, 10.4197173], [-67.3602945, 10.4196065], [-67.3602891, 10.419501], [-67.3603052, 10.4193955], [-67.3603803, 10.4192741], [-67.3604178, 10.4191739], [-67.3604178, 10.4189576], [-67.3604339, 10.4188521], [-67.3604393, 10.4187465], [-67.3603535, 10.4185197], [-67.3602998, 10.4184247], [-67.3603106, 10.4183192], [-67.3603535, 10.4182242], [-67.360493, 10.4180607], [-67.3605895, 10.4180079], [-67.3606914, 10.4179657], [-67.3607934, 10.4179499], [-67.3608846, 10.4179024], [-67.3609704, 10.4178127], [-67.3610133, 10.4177072], [-67.3610401, 10.4176017], [-67.3610723, 10.4173801], [-67.3610938, 10.417169], [-67.3610938, 10.4170582], [-67.3611045, 10.4168419], [-67.3611367, 10.4167258], [-67.3611742, 10.4166256], [-67.3612225, 10.4163671], [-67.3612493, 10.4162615], [-67.3612547, 10.416156], [-67.361244, 10.4160347], [-67.3612118, 10.4159292], [-67.3611152, 10.4157023], [-67.3611045, 10.4155809], [-67.361126, 10.415449], [-67.3611206, 10.415391], [-67.3611099, 10.4152855], [-67.3611099, 10.4151747], [-67.361126, 10.4150692], [-67.3611528, 10.4149531], [-67.3611313, 10.4148476], [-67.3610884, 10.4147315], [-67.3610348, 10.4146365], [-67.3609865, 10.4145257], [-67.3609757, 10.4144097], [-67.3610026, 10.4142989], [-67.3610991, 10.4140984], [-67.361142, 10.4139981], [-67.3611903, 10.4138293], [-67.3612493, 10.4137291], [-67.3612332, 10.4136235], [-67.3611957, 10.4135233], [-67.3610669, 10.4133281], [-67.3609865, 10.4132437], [-67.3609275, 10.4131434], [-67.3608577, 10.4130432], [-67.3607236, 10.4127952], [-67.3606432, 10.412716], [-67.3605412, 10.4126527], [-67.3604447, 10.4125841], [-67.3603749, 10.4124892], [-67.3603481, 10.4123837], [-67.360332, 10.4122781], [-67.3603159, 10.4121726], [-67.3602676, 10.4120724], [-67.3601925, 10.4119774], [-67.3599994, 10.4118508], [-67.3599082, 10.4117716], [-67.3597956, 10.4115764], [-67.3597634, 10.4114656], [-67.3597634, 10.4113601], [-67.3597258, 10.4111385], [-67.3596668, 10.4110383], [-67.3595756, 10.4109644], [-67.3594952, 10.4108852], [-67.3594308, 10.410785], [-67.359404, 10.4106795], [-67.3593772, 10.4105687], [-67.3593342, 10.4103154], [-67.3593396, 10.4102046], [-67.3593128, 10.4100991], [-67.3592323, 10.4100147], [-67.3590177, 10.4099461], [-67.3589051, 10.4099303], [-67.3586798, 10.4098722], [-67.3585832, 10.4098089], [-67.358433, 10.4096295], [-67.3583365, 10.4095609], [-67.3582345, 10.4095135], [-67.3581058, 10.4094765], [-67.3579931, 10.409466], [-67.3578751, 10.409466], [-67.3577678, 10.4094607], [-67.3576444, 10.409429], [-67.3575211, 10.4093868], [-67.3573655, 10.4093816], [-67.3572475, 10.4093552], [-67.3571241, 10.4093077], [-67.356931, 10.4091758], [-67.3568291, 10.4091177], [-67.3567164, 10.4091125], [-67.3566037, 10.409123], [-67.3564804, 10.4091177], [-67.3563677, 10.4090966], [-67.3562658, 10.4090439], [-67.3561209, 10.408875], [-67.3560619, 10.4087748], [-67.3559761, 10.4086957], [-67.3558688, 10.408664], [-67.3556435, 10.4086112], [-67.3555362, 10.408569], [-67.3554289, 10.408511], [-67.3553324, 10.4084477], [-67.3551393, 10.4083158], [-67.3550266, 10.4082577], [-67.3549193, 10.4081944], [-67.354812, 10.4081575], [-67.3546994, 10.4081522], [-67.3545867, 10.4081575], [-67.3544741, 10.4081733], [-67.3543668, 10.408168], [-67.3542649, 10.4081311], [-67.3541737, 10.4080572], [-67.3540986, 10.4079728], [-67.3540181, 10.4078937], [-67.3538733, 10.4077143], [-67.3537821, 10.4076563], [-67.3536909, 10.4075877], [-67.3535782, 10.4075507], [-67.3532671, 10.4074399], [-67.3530525, 10.4073239], [-67.352913, 10.4072394], [-67.3528218, 10.4071656], [-67.352736, 10.4070759], [-67.3526824, 10.4069809], [-67.3526394, 10.4068701], [-67.3526233, 10.4067593], [-67.3526019, 10.4066538], [-67.3525429, 10.4065324], [-67.3524571, 10.4064427], [-67.352221, 10.4063003], [-67.3521459, 10.4062159], [-67.3521352, 10.4061051], [-67.3521406, 10.4059943], [-67.3521245, 10.4058835], [-67.352103, 10.4057779], [-67.3520386, 10.405683], [-67.3518938, 10.4055088], [-67.3518348, 10.4054192], [-67.3518455, 10.4053295], [-67.3518831, 10.4052292], [-67.3519421, 10.4051237], [-67.351926, 10.4050182], [-67.3518509, 10.4049232], [-67.3517329, 10.4048757], [-67.3514968, 10.4048704], [-67.3513949, 10.4048335], [-67.3513091, 10.4047438], [-67.3512447, 10.4046488], [-67.3512179, 10.4044378], [-67.3511857, 10.404327], [-67.3511213, 10.4041792], [-67.3510355, 10.4041054], [-67.3509336, 10.4040526], [-67.3508316, 10.403984], [-67.3507673, 10.4038943], [-67.3507297, 10.4037941], [-67.3506975, 10.4036833], [-67.3506063, 10.4036252], [-67.3505151, 10.4035566], [-67.3503971, 10.4035039], [-67.3502791, 10.4034986], [-67.3501718, 10.4034775], [-67.3500699, 10.40343], [-67.3499948, 10.4033456], [-67.3499465, 10.4032454], [-67.3499358, 10.4031979], [-67.3498768, 10.4031029], [-67.3498339, 10.4030026], [-67.3498178, 10.4028918], [-67.3497963, 10.4027863], [-67.3498178, 10.4026755], [-67.3498768, 10.4025858], [-67.349866, 10.4024803], [-67.3498124, 10.4023853], [-67.3497266, 10.4023115], [-67.3496193, 10.4023062], [-67.3495066, 10.4023115], [-67.3493993, 10.4023009], [-67.349292, 10.4022745], [-67.3491901, 10.402227], [-67.3490989, 10.402169], [-67.34882, 10.4018946], [-67.3487341, 10.4018155], [-67.3486537, 10.4017311], [-67.3486054, 10.4016308], [-67.3485732, 10.40152], [-67.3485625, 10.4014092], [-67.3486, 10.4013037], [-67.3486859, 10.4011823], [-67.3487663, 10.4011085], [-67.3488575, 10.4010452], [-67.3489273, 10.4009607], [-67.3489648, 10.4008552], [-67.3489434, 10.4007444], [-67.348879, 10.4006547], [-67.3487878, 10.4005914], [-67.348659, 10.4005281], [-67.3485464, 10.4005123], [-67.3484284, 10.4005123], [-67.3482031, 10.4004648], [-67.3480421, 10.4003645], [-67.3478973, 10.4003223], [-67.3477149, 10.4003223], [-67.347554, 10.4003276], [-67.3473287, 10.4002695], [-67.3471838, 10.4001904], [-67.3470926, 10.4001324], [-67.3470175, 10.4000321], [-67.3468995, 10.3998896], [-67.3468298, 10.3998052], [-67.3467654, 10.399705], [-67.3467171, 10.3995942], [-67.3466688, 10.3993831], [-67.3466152, 10.3992882], [-67.3465562, 10.3992143], [-67.3465133, 10.399114], [-67.3464328, 10.3990138], [-67.3463363, 10.3989663], [-67.3460573, 10.3989083], [-67.34595, 10.3988608], [-67.3458695, 10.3987764], [-67.3457998, 10.3986761], [-67.3457569, 10.39856], [-67.3457247, 10.3983595], [-67.345714, 10.3982223], [-67.3457301, 10.3980166], [-67.3457569, 10.397911], [-67.3458052, 10.3978055], [-67.3458481, 10.3977053], [-67.3459071, 10.397605], [-67.3461056, 10.3973254], [-67.3461646, 10.3972146], [-67.3462129, 10.3970985], [-67.3462236, 10.396993], [-67.3462075, 10.3968821], [-67.3462021, 10.396745], [-67.3463202, 10.3964389], [-67.3464006, 10.3963651], [-67.3464918, 10.396307], [-67.346583, 10.3962384], [-67.3466635, 10.3961593], [-67.3467279, 10.3961118], [-67.3467976, 10.3960274], [-67.3468834, 10.3959588], [-67.3469317, 10.3958638], [-67.3469049, 10.3957583], [-67.3468351, 10.3956686], [-67.3467439, 10.3956], [-67.3466635, 10.3955209], [-67.3466152, 10.3954206], [-67.3465884, 10.3953098], [-67.3465723, 10.395141], [-67.3465294, 10.394893], [-67.346524, 10.3947716], [-67.3465401, 10.3946555], [-67.3465669, 10.39455], [-67.3466098, 10.3944445], [-67.3466635, 10.3943495], [-67.3467332, 10.3942651], [-67.346819, 10.394207], [-67.346921, 10.3941595], [-67.3470336, 10.3941226], [-67.3471302, 10.3940276], [-67.3472053, 10.3939485], [-67.3472697, 10.3938588], [-67.3473126, 10.3937585], [-67.3473287, 10.3936477], [-67.3473609, 10.3935475], [-67.3474413, 10.3934736], [-67.347554, 10.393442], [-67.3476666, 10.3934261], [-67.3477686, 10.3933997], [-67.3478437, 10.3933206], [-67.3478919, 10.3932256], [-67.3478919, 10.3931148], [-67.347849, 10.3928985], [-67.3477954, 10.392793], [-67.3477417, 10.3926927], [-67.3476988, 10.3925819], [-67.3477042, 10.3924764], [-67.3477364, 10.3923656], [-67.3477578, 10.392202], [-67.3478007, 10.3920912], [-67.3478597, 10.3920015], [-67.3479348, 10.3918327], [-67.3479831, 10.3916321], [-67.3480046, 10.3915213], [-67.3479939, 10.3914158], [-67.3478973, 10.3910887], [-67.3478973, 10.3908618], [-67.3479831, 10.3905346], [-67.348026, 10.3904344], [-67.3480529, 10.3903183], [-67.3480958, 10.3902128], [-67.3481065, 10.3900967], [-67.3481119, 10.3899912], [-67.3481441, 10.3898804], [-67.3481441, 10.3897643], [-67.348187, 10.3895479], [-67.3481923, 10.3893263], [-67.3482245, 10.3891153], [-67.3482138, 10.3889939], [-67.3481923, 10.3888778], [-67.3481602, 10.388767], [-67.3481172, 10.3886668], [-67.3480851, 10.3885507], [-67.3480636, 10.3884346], [-67.3480555, 10.3882658], [-67.3479939, 10.3880442], [-67.3476854, 10.3881497], [-67.3470551, 10.3883634], [-67.3469639, 10.3883924], [-67.3468968, 10.3884372], [-67.3468298, 10.3885269], [-67.346752, 10.3887354], [-67.3466393, 10.3889623], [-67.346532, 10.3890942], [-67.3463309, 10.3892366], [-67.3459983, 10.3894239], [-67.3457569, 10.3895585], [-67.3455611, 10.3896271], [-67.3453438, 10.3896983], [-67.3451668, 10.3897353], [-67.3449898, 10.3897405], [-67.3447618, 10.3897405], [-67.344574, 10.3897801], [-67.3444453, 10.3898197], [-67.3442522, 10.3899252], [-67.3439303, 10.3901231], [-67.3436889, 10.3902919], [-67.3435199, 10.390408], [-67.3433214, 10.390561], [-67.3432061, 10.3906745], [-67.3431391, 10.3907668], [-67.3430747, 10.3909172], [-67.3430184, 10.3910992], [-67.3429513, 10.3914343], [-67.3429084, 10.3919355], [-67.3428816, 10.3927006], [-67.3406634, 10.393376], [-67.3406258, 10.3937823], [-67.3405936, 10.394178], [-67.34054, 10.3943785], [-67.3404542, 10.3945553], [-67.340371, 10.3946872], [-67.3402235, 10.3948296], [-67.3400867, 10.3949141], [-67.339958, 10.394951], [-67.3398292, 10.3949536], [-67.3396093, 10.3949114], [-67.3393974, 10.3948376], [-67.3390648, 10.3947004], [-67.3388502, 10.3945896], [-67.3385605, 10.3945025], [-67.3384298, 10.3944774], [-67.3380804, 10.3950038], [-67.3378873, 10.3952254], [-67.3377371, 10.3954575], [-67.3375654, 10.3958374], [-67.3374581, 10.3962279], [-67.3373294, 10.3965339], [-67.3371577, 10.396861], [-67.3369432, 10.3971987], [-67.3367179, 10.3974309], [-67.3364496, 10.3976842], [-67.3361278, 10.3979163], [-67.3357415, 10.3981696], [-67.3354626, 10.3983595], [-67.3351622, 10.3986339], [-67.334894, 10.398961], [-67.3347437, 10.3992354], [-67.3345614, 10.3996364], [-67.3344755, 10.4003118], [-67.3344541, 10.4006283], [-67.3343897, 10.4009027], [-67.3342502, 10.4011454], [-67.3341, 10.4014092], [-67.3340142, 10.401557], [-67.3337674, 10.401958], [-67.3337031, 10.4022534], [-67.3336709, 10.40257], [-67.3336279, 10.4029815], [-67.3336387, 10.4033403], [-67.3335314, 10.4036569], [-67.3333597, 10.4039524], [-67.332893, 10.4044958], [-67.3325604, 10.4048282], [-67.3322117, 10.4051237], [-67.3318738, 10.4054033], [-67.3315197, 10.4056302], [-67.3310798, 10.4058043], [-67.3305327, 10.4059732], [-67.3300982, 10.4060787], [-67.3297495, 10.4061103], [-67.3292828, 10.4061367], [-67.3287839, 10.4062264], [-67.3283225, 10.4063425], [-67.3280382, 10.4064322], [-67.3276949, 10.4066274], [-67.3275071, 10.4067593], [-67.3271209, 10.4070706], [-67.3268312, 10.4073291], [-67.3265737, 10.407498], [-67.3263055, 10.4076299], [-67.3259997, 10.4077037], [-67.3254579, 10.4077934], [-67.3251092, 10.4078198], [-67.324723, 10.4078356], [-67.3243314, 10.4077829], [-67.3241383, 10.4077301], [-67.3235107, 10.4075507], [-67.3231298, 10.407709], [-67.3228777, 10.4078356], [-67.3226416, 10.4079781], [-67.3223519, 10.4081206], [-67.3220462, 10.4081944], [-67.3216492, 10.4082525], [-67.3214078, 10.4083316], [-67.3211718, 10.408416], [-67.3209035, 10.4085479], [-67.3204422, 10.4087906], [-67.3200721, 10.4090228], [-67.319954, 10.4091177], [-67.3196805, 10.4093868], [-67.3194605, 10.4096031], [-67.3192245, 10.4097825], [-67.3189563, 10.4099303], [-67.3187417, 10.4099883], [-67.318511, 10.4100041], [-67.318275, 10.4099936], [-67.317996, 10.4099778], [-67.3176956, 10.4099883], [-67.3174542, 10.4100305], [-67.3171699, 10.4101044], [-67.3168373, 10.4101782], [-67.3164403, 10.4102363], [-67.3161721, 10.4102574], [-67.3159254, 10.4102679], [-67.3156571, 10.4102943], [-67.3153728, 10.4104051], [-67.3150992, 10.4105529], [-67.3148793, 10.4107006], [-67.3141873, 10.4113232], [-67.3136294, 10.4111174], [-67.3132646, 10.4109855], [-67.3130071, 10.4108905], [-67.3126423, 10.410843], [-67.3121488, 10.4109063], [-67.3117796, 10.4109918], [-67.3115534, 10.411397], [-67.3114675, 10.4116503], [-67.3113442, 10.4118772], [-67.3111403, 10.4121673], [-67.3108882, 10.4123678], [-67.3106897, 10.4124417], [-67.3104161, 10.4124945], [-67.3102123, 10.4125208], [-67.3099762, 10.4125578], [-67.3097026, 10.4126], [-67.3094076, 10.4126949], [-67.3089355, 10.4129957], [-67.3086834, 10.4131118], [-67.308442, 10.4132067], [-67.3082221, 10.4132806], [-67.308045, 10.4133333], [-67.3077714, 10.4133967], [-67.3071331, 10.4135602], [-67.3069185, 10.4138451], [-67.3068112, 10.414072], [-67.3066825, 10.4142672], [-67.3065269, 10.4144677], [-67.3063016, 10.4147632], [-67.3061782, 10.4149478], [-67.3061031, 10.4151114], [-67.3060548, 10.4152802], [-67.3059797, 10.415544], [-67.3059207, 10.4161402], [-67.3053145, 10.4163565], [-67.3049122, 10.4165042], [-67.3038662, 10.4167891], [-67.302981, 10.4170424], [-67.3023909, 10.4171796], [-67.3017043, 10.4173167], [-67.3011464, 10.4174434], [-67.3007012, 10.4175647], [-67.3001433, 10.4178813], [-67.2995854, 10.4183034], [-67.2991133, 10.4187149], [-67.2985232, 10.4191475], [-67.2980726, 10.4193902], [-67.2976971, 10.4196224], [-67.2973967, 10.4198334], [-67.2970533, 10.4201711], [-67.2965706, 10.4207409], [-67.2959375, 10.4214478], [-67.2953153, 10.4216272], [-67.2947037, 10.4217855], [-67.2943926, 10.4219543], [-67.2940385, 10.4221865], [-67.2937381, 10.4223869], [-67.293427, 10.4226085], [-67.2931481, 10.4229567], [-67.2929335, 10.4233366], [-67.2926331, 10.4237376], [-67.292338, 10.4239908], [-67.2918338, 10.4241755], [-67.2913402, 10.4243337], [-67.2910345, 10.4244182], [-67.2908038, 10.4244762], [-67.2905356, 10.4245131], [-67.2903371, 10.4245078], [-67.2902244, 10.4244604], [-67.2901118, 10.4243971], [-67.2900313, 10.4243337], [-67.2899187, 10.4242493], [-67.2893983, 10.4240752], [-67.288996, 10.4240014], [-67.2884971, 10.4239381], [-67.2876012, 10.42388], [-67.2868395, 10.4239064], [-67.2865015, 10.4239433], [-67.2859383, 10.424128], [-67.2854126, 10.4236426], [-67.2850531, 10.4233419], [-67.2848278, 10.4231256], [-67.2845596, 10.4228512], [-67.2843075, 10.4225294], [-67.2841895, 10.4222445], [-67.2840715, 10.4217433], [-67.2817648, 10.421068], [-67.2814965, 10.4211102], [-67.2811747, 10.4211946], [-67.2809494, 10.4212896], [-67.2806919, 10.4215956], [-67.2802091, 10.4219227], [-67.2796297, 10.4222498], [-67.279104, 10.4225241], [-67.2787178, 10.4226507], [-67.2783959, 10.4227141], [-67.278074, 10.4227246], [-67.2777307, 10.4227246], [-67.2773123, 10.4227352], [-67.2768831, 10.422809], [-67.2764325, 10.4229145], [-67.2759605, 10.4230939], [-67.2754884, 10.4232416], [-67.2750056, 10.4233577], [-67.2745121, 10.4233894], [-67.2727847, 10.4235371], [-67.2713256, 10.4233208], [-67.2696804, 10.4230325], [-67.267946, 10.4232522], [-67.2670124, 10.4232958], [-67.2659183, 10.423305], [-67.2652745, 10.4232838], [-67.2647488, 10.4232416], [-67.2641265, 10.4233472], [-67.2635794, 10.423516], [-67.262882, 10.4236954], [-67.2622597, 10.4238009], [-67.2617447, 10.4238009], [-67.2611761, 10.4238009], [-67.2606933, 10.4237481], [-67.2601569, 10.423727], [-67.2595453, 10.4237059], [-67.2590733, 10.4237798], [-67.2585261, 10.4238853], [-67.257421, 10.4241069], [-67.2563589, 10.4243707], [-67.2555006, 10.4245395], [-67.2548783, 10.4246978], [-67.2542346, 10.4248877], [-67.2535694, 10.425141], [-67.2529256, 10.4255314], [-67.2522068, 10.4259429], [-67.2514558, 10.4263966], [-67.2507584, 10.4268081], [-67.2503185, 10.4269875], [-67.248838, 10.4273885], [-67.2454155, 10.4268925], [-67.2426903, 10.4254575], [-67.2415746, 10.4250565], [-67.2419876, 10.4238536], [-67.2413594, 10.4218306], [-67.2360277, 10.4195274], [-67.2327983, 10.4184669], [-67.23183, 10.4187505], [-67.230733, 10.4181477], [-67.2307732, 10.4166585], [-67.2312654, 10.4151964], [-67.2307233, 10.4142505], [-67.2299237, 10.4133046], [-67.2296333, 10.4118982], [-67.2279838, 10.4112486], [-67.2266011, 10.4113881], [-67.2256737, 10.4112046], [-67.2244674, 10.4106465], [-67.22377, 10.4104117], [-67.2235206, 10.4099626], [-67.2221728, 10.409643], [-67.2210161, 10.4100003], [-67.2199567, 10.410171], [-67.2181104, 10.4108703], [-67.2178476, 10.4119013], [-67.2177484, 10.41286], [-67.2177418, 10.4134871], [-67.2181696, 10.4147579], [-67.2177525, 10.4154662], [-67.2174776, 10.4157603], [-67.2171396, 10.416193], [-67.2163296, 10.4170266], [-67.2157931, 10.4170213], [-67.214787, 10.41715], [-67.2135455, 10.4169633], [-67.21176, 10.417377], [-67.2095011, 10.4176265], [-67.2086936, 10.4183633], [-67.2097508, 10.4197103], [-67.20989, 10.420272], [-67.2104586, 10.4210454], [-67.209733, 10.42173], [-67.2081029, 10.4213744], [-67.2064296, 10.4208379], [-67.2058046, 10.420915], [-67.2050685, 10.421043], [-67.204268, 10.421382], [-67.202782, 10.423143], [-67.2015509, 10.4238116], [-67.2011722, 10.4249186], [-67.1990075, 10.4250815], [-67.1975533, 10.4242675], [-67.1952997, 10.4242552], [-67.1941209, 10.4246028], [-67.1930856, 10.4248719], [-67.1922648, 10.4254522], [-67.1922004, 10.4255907], [-67.1919724, 10.4257279], [-67.1917015, 10.4258756], [-67.1914443, 10.4260636], [-67.1912517, 10.4262043], [-67.1909057, 10.4264478], [-67.1899034, 10.4269692], [-67.1893144, 10.427093], [-67.1889282, 10.4271194], [-67.188161, 10.427151], [-67.1876997, 10.4271035], [-67.1873886, 10.4272302], [-67.1871257, 10.4274571], [-67.1868414, 10.4276153], [-67.1864712, 10.4277842], [-67.1862405, 10.4279741], [-67.1860314, 10.4281587], [-67.185924, 10.4282379], [-67.1854896, 10.4285069], [-67.1851194, 10.4286072], [-67.1848672, 10.428776], [-67.184599, 10.4290503], [-67.1844542, 10.4291769], [-67.1842718, 10.4293933], [-67.1839124, 10.4296518], [-67.1835745, 10.42981], [-67.1827161, 10.429578], [-67.1818579, 10.4295727], [-67.1814877, 10.4297943], [-67.1806455, 10.4299473], [-67.1800875, 10.4300686], [-67.1790523, 10.4301582], [-67.1786338, 10.4302902], [-67.177876, 10.4303565], [-67.1776509, 10.4304519], [-67.1775448, 10.4306489], [-67.1773196, 10.4308494], [-67.1767939, 10.4312398], [-67.1764774, 10.4314139], [-67.1759194, 10.4315563], [-67.175324, 10.4316724], [-67.1747554, 10.4317779], [-67.1742458, 10.4318676], [-67.1738755, 10.4319415], [-67.1735215, 10.4319521], [-67.1731513, 10.4318571], [-67.1729315, 10.4315616], [-67.1725344, 10.4315564], [-67.1723413, 10.4317094], [-67.1720999, 10.4316935], [-67.1707159, 10.4314983], [-67.1705711, 10.4316038], [-67.1704102, 10.4317357], [-67.1703029, 10.4318623], [-67.1701151, 10.4320681], [-67.169922, 10.432353], [-67.1698093, 10.4325165], [-67.1696806, 10.4326695], [-67.1695089, 10.4328278], [-67.1692997, 10.4329597], [-67.1686317, 10.4337416], [-67.168308, 10.43386], [-67.1680138, 10.4338778], [-67.167662, 10.433899], [-67.1673757, 10.4339891], [-67.1670668, 10.4340908], [-67.1668288, 10.4341691], [-67.1663912, 10.4343131], [-67.1658458, 10.4344857], [-67.1654263, 10.4345979], [-67.164667, 10.434801], [-67.1641123, 10.4346796], [-67.1638119, 10.434785], [-67.1636456, 10.4348853], [-67.1633184, 10.4352652], [-67.1631253, 10.4354287], [-67.1628678, 10.4355659], [-67.1626264, 10.4355922], [-67.162444, 10.4356661], [-67.1622617, 10.4356872], [-67.1619988, 10.4358877], [-67.1617734, 10.4359827], [-67.1615964, 10.436621], [-67.1609312, 10.4369111], [-67.1603196, 10.4369323], [-67.1596277, 10.4374018], [-67.1598959, 10.4376867], [-67.1598101, 10.4380349], [-67.1597618, 10.4381668], [-67.1596813, 10.4382723], [-67.1595848, 10.4383567], [-67.1595043, 10.4384411], [-67.1594292, 10.4385414], [-67.1593756, 10.4386732], [-67.1593541, 10.4387471], [-67.1593541, 10.4389001], [-67.1593541, 10.4389898], [-67.1593648, 10.4393063], [-67.1593648, 10.4395068], [-67.1593487, 10.4399711], [-67.1590269, 10.4399869], [-67.1588337, 10.4400133], [-67.1586192, 10.4400555], [-67.1584421, 10.4401135], [-67.1582222, 10.4402085], [-67.1580559, 10.4403298], [-67.157895, 10.4404459], [-67.1576428, 10.44062], [-67.1572888, 10.4408151], [-67.1569884, 10.4406938], [-67.1567792, 10.4406094], [-67.1565378, 10.4405303], [-67.1563286, 10.44043], [-67.1561784, 10.4403245], [-67.1560898, 10.4402348], [-67.1559209, 10.4401662], [-67.1557921, 10.4401293], [-67.1555292, 10.4400554], [-67.1552235, 10.4400396], [-67.1549928, 10.4400713], [-67.1547246, 10.4400185], [-67.1544671, 10.4401188], [-67.1542043, 10.4402137], [-67.1534747, 10.4404459], [-67.1525788, 10.44062], [-67.1521711, 10.4406727], [-67.1517742, 10.4407677], [-67.1514952, 10.4408732], [-67.1510339, 10.4410737], [-67.1507442, 10.4412003], [-67.1495748, 10.441666], [-67.1490726, 10.4425351], [-67.1488999, 10.4429111], [-67.1486248, 10.4435079], [-67.1484801, 10.4437392], [-67.1480115, 10.4441994], [-67.1474765, 10.4445753], [-67.1462917, 10.4451886], [-67.14605, 10.445285], [-67.145458, 10.44543], [-67.1453704, 10.4454675], [-67.1452792, 10.4455308], [-67.1451961, 10.4455941], [-67.145129, 10.4456944], [-67.1450244, 10.4458394], [-67.1443125, 10.4470642], [-67.1442431, 10.4472321], [-67.1440762, 10.4481913], [-67.1438685, 10.4487979], [-67.1438005, 10.4488938], [-67.143726, 10.448999], [-67.143648, 10.449085], [-67.143569, 10.449172], [-67.143487, 10.449241], [-67.143379, 10.449297], [-67.143267, 10.449355], [-67.1419366, 10.4499262], [-67.1416171, 10.4498761], [-67.1412292, 10.4498284], [-67.1409692, 10.4498574], [-67.1407452, 10.4499504], [-67.1406312, 10.4500054], [-67.1402117, 10.4502099], [-67.1393521, 10.4506289], [-67.138921, 10.450839], [-67.1383524, 10.451018], [-67.1379985, 10.4510561], [-67.1374224, 10.4511312], [-67.136548, 10.451256], [-67.1356235, 10.4513873], [-67.135083, 10.451464], [-67.1346292, 10.451582], [-67.1341656, 10.4517025], [-67.1336873, 10.4518269], [-67.1330939, 10.4519811], [-67.1326555, 10.4520935], [-67.1320814, 10.4522366], [-67.1313214, 10.4523599], [-67.1307634, 10.4525389], [-67.130249, 10.453284], [-67.129755, 10.453543], [-67.129036, 10.454081], [-67.1285637, 10.4546933], [-67.127834, 10.455359], [-67.127138, 10.455464], [-67.1250441, 10.4564597], [-67.1222265, 10.4574759], [-67.1212314, 10.457989], [-67.1181643, 10.4585557], [-67.1174191, 10.4584213], [-67.1164, 10.45796], [-67.114886, 10.457093], [-67.1147875, 10.4574118], [-67.1145149, 10.4580079], [-67.1138838, 10.4586514], [-67.1128218, 10.4588017], [-67.1116778, 10.4591789], [-67.1109778, 10.4593003], [-67.1089768, 10.458968], [-67.1076601, 10.4587998], [-67.1061717, 10.4588005], [-67.1046112, 10.459456], [-67.1011877, 10.4614684], [-67.0981698, 10.4595406], [-67.0947335, 10.4604385], [-67.0940898, 10.4604347], [-67.092012, 10.461729], [-67.0910232, 10.4612272], [-67.0899589, 10.4610331], [-67.0890061, 10.4606448], [-67.0883624, 10.4608221], [-67.0873026, 10.4614406], [-67.0867831, 10.461607], [-67.0851094, 10.4614636], [-67.0847404, 10.461548], [-67.0844297, 10.4618683], [-67.0839762, 10.4622463], [-67.0833928, 10.4625608], [-67.082523, 10.46298], [-67.081126, 10.462741], [-67.0804899, 10.4623307], [-67.0800693, 10.4617588], [-67.0792656, 10.4615408], [-67.0786302, 10.4614338], [-67.077869, 10.461644], [-67.076922, 10.4620626], [-67.0763841, 10.4618077], [-67.0753212, 10.462672], [-67.0746825, 10.4624711], [-67.0743794, 10.4618636], [-67.071104, 10.462207], [-67.0701733, 10.4634334], [-67.0680738, 10.4638666], [-67.0668953, 10.4633658], [-67.0657374, 10.4631154], [-67.0637642, 10.4641732], [-67.0634242, 10.4645642], [-67.0608831, 10.4656882], [-67.0605053, 10.465621], [-67.0595482, 10.4648364], [-67.0599011, 10.4666597], [-67.0595674, 10.4673329], [-67.0582992, 10.4673397], [-67.0584279, 10.4736883], [-67.0582972, 10.4738608], [-67.058039, 10.4740391], [-67.0580537, 10.4745475], [-67.0584474, 10.4753713], [-67.0582794, 10.4759257], [-67.0581847, 10.4762926], [-67.0583519, 10.476898], [-67.0585589, 10.477322], [-67.0583298, 10.4778822], [-67.058344, 10.4781517], [-67.0585285, 10.4785228], [-67.0587793, 10.4790345], [-67.05879, 10.4798152], [-67.0587605, 10.47986], [-67.0585138, 10.479773], [-67.0584601, 10.4797835], [-67.0584065, 10.4798838], [-67.0586157, 10.4802847], [-67.0586036, 10.4804086], [-67.0584615, 10.480493], [-67.0581857, 10.4805303], [-67.0581718, 10.4806064], [-67.0587675, 10.4808324], [-67.0588866, 10.480973], [-67.0587203, 10.481068], [-67.0582605, 10.4809935], [-67.0580953, 10.4809097], [-67.0579275, 10.4810206], [-67.0578089, 10.4812604], [-67.0580943, 10.4815605], [-67.0585481, 10.4818687], [-67.0589681, 10.4822919], [-67.0592782, 10.4825318], [-67.0594069, 10.4828588], [-67.059423, 10.4831226], [-67.0596752, 10.4834681], [-67.0599166, 10.4836711], [-67.0598871, 10.4839692], [-67.0599836, 10.4841828], [-67.0598924, 10.4844281], [-67.0598535, 10.4846233], [-67.05982, 10.484796], [-67.0597181, 10.4851244], [-67.0597798, 10.4856571], [-67.0598455, 10.4857995], [-67.0598523, 10.4862141], [-67.0597731, 10.4865103], [-67.0593691, 10.4871415], [-67.0590918, 10.4877328], [-67.0588995, 10.4884922], [-67.0589805, 10.4887877], [-67.0589684, 10.4890699], [-67.0589536, 10.4894181], [-67.0591179, 10.4897822], [-67.0590684, 10.4901997], [-67.0590408, 10.4905416], [-67.058723, 10.4911973], [-67.0585151, 10.4915121], [-67.0581852, 10.4916902], [-67.0580217, 10.4919168], [-67.0579447, 10.4922417], [-67.0579867, 10.4925869], [-67.0579706, 10.492811], [-67.057815, 10.4931011], [-67.0574166, 10.4933645], [-67.0573524, 10.4937394], [-67.0573376, 10.4940414], [-67.0573718, 10.4942128], [-67.0573983, 10.4944402], [-67.0570682, 10.4950076], [-67.056592, 10.4956499], [-67.0567616, 10.496372], [-67.0568035, 10.4972077], [-67.0566474, 10.4979368], [-67.056505, 10.4986495], [-67.0563909, 10.4989636], [-67.0557116, 10.4995848], [-67.0556347, 10.5004915], [-67.0551672, 10.5011769], [-67.0549227, 10.5017095], [-67.0549614, 10.5020496], [-67.0549464, 10.5023581], [-67.054415, 10.5027092], [-67.0546131, 10.5032991], [-67.0550094, 10.5043944], [-67.0556518, 10.5050658], [-67.0559175, 10.505266], [-67.0568186, 10.5059447], [-67.0577359, 10.5066052], [-67.0587122, 10.5081795], [-67.059356, 10.5097773], [-67.0599354, 10.5110108], [-67.0601394, 10.5120748], [-67.0604829, 10.5129371], [-67.0610817, 10.5134116], [-67.0619165, 10.5138649], [-67.0623201, 10.5146239], [-67.0622046, 10.5148129], [-67.0615444, 10.5150536], [-67.0606962, 10.5153873], [-67.0600726, 10.5157595], [-67.0596408, 10.5162085], [-67.0586914, 10.5164101], [-67.0579299, 10.5163283], [-67.0574802, 10.5170979], [-67.0569026, 10.5176033], [-67.0563911, 10.5180445], [-67.055733, 10.5185472], [-67.0552965, 10.5188776], [-67.0553032, 10.5193905], [-67.05522, 10.519401], [-67.0551422, 10.5194221], [-67.0550591, 10.5194485], [-67.0549464, 10.5194775], [-67.0548445, 10.5194986], [-67.0547372, 10.5195092], [-67.0546407, 10.5195012], [-67.0543992, 10.5196252], [-67.0539111, 10.5196173], [-67.0534953, 10.5195566], [-67.0525513, 10.5195276], [-67.0520228, 10.5199311], [-67.0518833, 10.5200498], [-67.0518029, 10.5201289], [-67.0518029, 10.5202476], [-67.0518163, 10.5203267], [-67.0518512, 10.520448], [-67.0519128, 10.5206062], [-67.0519692, 10.5207301], [-67.0520014, 10.5208304], [-67.0520094, 10.5209068], [-67.0520094, 10.5209649], [-67.0519987, 10.5211705], [-67.0519879, 10.5213525], [-67.0519638, 10.521545], [-67.0519584, 10.5216663], [-67.0519289, 10.5217771], [-67.051886, 10.5218799], [-67.0515106, 10.5221041], [-67.0511967, 10.5222228], [-67.0507112, 10.5232513], [-67.0498502, 10.523362], [-67.0485574, 10.5227924], [-67.04775, 10.5228346], [-67.0471371, 10.5239148], [-67.046889, 10.5250373], [-67.0461566, 10.5256155], [-67.0460868, 10.5264134], [-67.0463117, 10.526659], [-67.0464594, 10.5268473], [-67.0463706, 10.5272793], [-67.0464321, 10.5273844], [-67.046989, 10.5273509], [-67.0468582, 10.5280223], [-67.0466396, 10.5279729], [-67.0465994, 10.5280322], [-67.0464277, 10.5280902], [-67.0461085, 10.5280454], [-67.0455024, 10.5285412], [-67.0451322, 10.5289288], [-67.0448238, 10.5291583], [-67.0449674, 10.5295652], [-67.0410794, 10.5306798], [-67.0390356, 10.5326075], [-67.0382838, 10.5326771], [-67.0373926, 10.5322984], [-67.0348163, 10.5335663], [-67.0333758, 10.5340134], [-67.032147, 10.534064], [-67.0311915, 10.5338908], [-67.0301817, 10.5335021], [-67.0296857, 10.5332734], [-67.0288009, 10.5330059], [-67.0280935, 10.5332513], [-67.0274511, 10.5335944], [-67.0264345, 10.5340275], [-67.0266545, 10.5354634], [-67.0266116, 10.5358247], [-67.0263031, 10.5365656], [-67.0259089, 10.5371827], [-67.0257613, 10.5380159], [-67.0255923, 10.5385882], [-67.0247957, 10.5384247], [-67.0241707, 10.5379026], [-67.0237738, 10.5378604], [-67.0230567, 10.5378476], [-67.0230477, 10.5379825], [-67.0233944, 10.5383578], [-67.0235461, 10.5388921], [-67.0239676, 10.5393173], [-67.0237161, 10.5396193], [-67.0233634, 10.5394848], [-67.0231945, 10.5391314], [-67.023047, 10.5391182], [-67.0227492, 10.5393002], [-67.0221967, 10.5394769], [-67.0218104, 10.5398434], [-67.0209843, 10.5398065], [-67.0200751, 10.5399752], [-67.019603, 10.5404499], [-67.018691, 10.5412937], [-67.0182297, 10.541676], [-67.0183879, 10.5428152], [-67.0185649, 10.5434323], [-67.0187527, 10.5437566], [-67.0187527, 10.5441364], [-67.0186347, 10.5444765], [-67.0184577, 10.5446215], [-67.0182109, 10.5447217], [-67.0179749, 10.5447692], [-67.0176315, 10.5448114], [-67.0175296, 10.5449274], [-67.0174545, 10.5451963], [-67.0174599, 10.5454073], [-67.0174223, 10.545708], [-67.0174652, 10.5459031], [-67.0176208, 10.5460929], [-67.018565, 10.5459927], [-67.0189511, 10.5460982], [-67.0196432, 10.5462248], [-67.0198363, 10.5463882], [-67.0199651, 10.5468523], [-67.0202601, 10.5473059], [-67.0205498, 10.5474061], [-67.0210487, 10.5475327], [-67.0213973, 10.5477172], [-67.0218104, 10.5478649], [-67.0221859, 10.5480337], [-67.0224273, 10.5481866], [-67.0226079, 10.5485158], [-67.0226472, 10.5485874], [-67.0229208, 10.548946], [-67.0233446, 10.5491042], [-67.0239723, 10.5491043], [-67.024439, 10.5492413], [-67.0246428, 10.5496632], [-67.0248225, 10.5498979], [-67.0248976, 10.550035], [-67.0249942, 10.5501405], [-67.0251364, 10.5502223], [-67.0252302, 10.5502539], [-67.0254234, 10.5503409], [-67.0255789, 10.5504306], [-67.0256835, 10.5505387], [-67.0257533, 10.5506231], [-67.0258337, 10.5507628], [-67.0259008, 10.5508551], [-67.0260054, 10.5509711], [-67.0261368, 10.5510687], [-67.0263031, 10.5511636], [-67.02623, 10.5513301], [-67.0261422, 10.5515301], [-67.0257881, 10.5516778], [-67.0255575, 10.5518017], [-67.0253697, 10.551931], [-67.0252383, 10.5520681], [-67.025131, 10.5522025], [-67.0250237, 10.5523766], [-67.0249137, 10.5525875], [-67.024844, 10.5527774], [-67.0248011, 10.5528829], [-67.0247126, 10.553194], [-67.024667, 10.553455], [-67.0246643, 10.5536238], [-67.0246643, 10.5537978], [-67.0246536, 10.5540061], [-67.024616, 10.5541802], [-67.0245275, 10.5544465], [-67.0244336, 10.5547049], [-67.0243531, 10.5548605], [-67.024262, 10.5550108], [-67.0241788, 10.5551215], [-67.0240501, 10.5553694], [-67.0240206, 10.5554907], [-67.0240152, 10.5556252], [-67.0240152, 10.5557755], [-67.0240635, 10.5560787], [-67.0240822, 10.5562738], [-67.0240903, 10.556403], [-67.0240796, 10.5565217], [-67.0240474, 10.5565902], [-67.0239937, 10.5566562], [-67.0239213, 10.5567142], [-67.0237845, 10.5567854], [-67.0236692, 10.5568275], [-67.0235941, 10.5568513], [-67.0234895, 10.5568987], [-67.0233983, 10.5569805], [-67.0232937, 10.5571018], [-67.0231971, 10.5572547], [-67.0231301, 10.5573839], [-67.0230469, 10.5576318], [-67.023012, 10.5577742], [-67.023012, 10.5579245], [-67.0230201, 10.5580958], [-67.0230442, 10.5582356], [-67.0230764, 10.5583674], [-67.0230898, 10.5584676], [-67.0230898, 10.5585336], [-67.0230442, 10.5586654], [-67.0229262, 10.5589818], [-67.0228833, 10.5592033], [-67.0228779, 10.5593879], [-67.0228887, 10.5595725], [-67.0229369, 10.5600102], [-67.0229584, 10.5603846], [-67.0229584, 10.5606641], [-67.022953, 10.5609278], [-67.0229155, 10.5611545], [-67.0228028, 10.5617715], [-67.0227277, 10.5620774], [-67.0226151, 10.5624624], [-67.0225078, 10.5626838], [-67.0223576, 10.5629159], [-67.0222503, 10.5630899], [-67.022143, 10.5632692], [-67.0220465, 10.5634643], [-67.0219606, 10.5637069], [-67.0219016, 10.5638757], [-67.0217836, 10.5642712], [-67.0216924, 10.5645401], [-67.0215905, 10.5647405], [-67.0214886, 10.5648776], [-67.0213223, 10.5650042], [-67.0211774, 10.5650727], [-67.0209307, 10.5651518], [-67.0204532, 10.5653153], [-67.0201099, 10.565463], [-67.0198792, 10.5656054], [-67.0196807, 10.5657583], [-67.0194876, 10.5659323], [-67.0192891, 10.5660694], [-67.0191658, 10.566196], [-67.0190585, 10.5663753], [-67.0189941, 10.5665388], [-67.0189458, 10.5667233], [-67.0189083, 10.5669132], [-67.0188278, 10.5671347], [-67.0185757, 10.5672085], [-67.0183504, 10.567277], [-67.0180768, 10.5673878], [-67.0178729, 10.5675143], [-67.0176637, 10.5676356], [-67.0174599, 10.5677411], [-67.017256, 10.5674985], [-67.017138, 10.5673298], [-67.0170254, 10.5672243], [-67.0168537, 10.5671188], [-67.0166123, 10.5670292], [-67.0163333, 10.5669712], [-67.0160329, 10.5669237], [-67.0158559, 10.5668921], [-67.0156252, 10.5667813], [-67.0153946, 10.5665968], [-67.0152015, 10.56637], [-67.0149815, 10.5662382], [-67.0146757, 10.56608], [-67.0143431, 10.565927], [-67.0140749, 10.5657847], [-67.0137745, 10.565637], [-67.0135492, 10.5655157], [-67.0133776, 10.5654102], [-67.0132381, 10.5652573], [-67.0131308, 10.5650938], [-67.0129752, 10.5649673], [-67.012766, 10.5648249], [-67.012369, 10.5646245], [-67.0122939, 10.5645085], [-67.012192, 10.5643397], [-67.0120794, 10.5641393], [-67.0119613, 10.5639442], [-67.0118487, 10.5637807], [-67.0117736, 10.5635909], [-67.0117253, 10.563401], [-67.0116717, 10.5632534], [-67.0115805, 10.5630899], [-67.0114625, 10.5629844], [-67.0111352, 10.5626575], [-67.0107973, 10.5623463], [-67.0104432, 10.5620036], [-67.0101562, 10.5617372], [-67.0100677, 10.5616344], [-67.0099872, 10.5614999], [-67.0099336, 10.5613945], [-67.009888, 10.5612732], [-67.009837, 10.5611519], [-67.0097619, 10.5610385], [-67.0096627, 10.5609568], [-67.0095634, 10.5608671], [-67.0094401, 10.56073], [-67.0093355, 10.5605955], [-67.0092791, 10.5605217], [-67.0092255, 10.560432], [-67.0091584, 10.5602712], [-67.0090672, 10.5600603], [-67.0089546, 10.5596937], [-67.0088752, 10.559677], [-67.0088044, 10.5596621], [-67.0086059, 10.5597544], [-67.0084906, 10.559902], [-67.0083994, 10.5600075], [-67.0081338, 10.5603055], [-67.0080373, 10.5604373], [-67.0077664, 10.5607168], [-67.0076054, 10.5608539], [-67.0073587, 10.5610069], [-67.0070905, 10.5611809], [-67.006774, 10.5613918], [-67.0064735, 10.5616028], [-67.0062214, 10.5617504], [-67.0060229, 10.5618454], [-67.0056608, 10.5620009], [-67.0053336, 10.5620932], [-67.0052075, 10.5622092], [-67.0051324, 10.5622989], [-67.0050359, 10.5623964], [-67.0049393, 10.562465], [-67.0048186, 10.5625283], [-67.0046818, 10.5625836], [-67.0045021, 10.5626285], [-67.0042983, 10.5626733], [-67.0041347, 10.5627339], [-67.0039818, 10.5627919], [-67.0037404, 10.5628869], [-67.0034587, 10.5629844], [-67.0033032, 10.5629897], [-67.0031959, 10.5629897], [-67.003102, 10.5629897], [-67.0029974, 10.5630029], [-67.0029143, 10.5630345], [-67.0028579, 10.5630688], [-67.0027855, 10.5631215], [-67.0025817, 10.5632982], [-67.0025066, 10.5633351], [-67.0024127, 10.563343], [-67.0022759, 10.5633509], [-67.0021257, 10.5633668], [-67.0020103, 10.5633668], [-67.0018977, 10.5633668], [-67.0017985, 10.5633562], [-67.0017019, 10.5633404], [-67.0016, 10.5633404], [-67.0014337, 10.5633509], [-67.0011225, 10.5633984], [-67.000908, 10.5634353], [-67.0007604, 10.5634643], [-67.0006532, 10.5634828], [-67.0004922, 10.5635144], [-67.000283, 10.5635803], [-67.0001274, 10.5636383], [-67.0000175, 10.5636779], [-66.9999021, 10.5637385], [-66.9998512, 10.5637807], [-66.99976, 10.5638598], [-66.9996393, 10.5639653], [-66.9994998, 10.5640708], [-66.9994006, 10.5641341], [-66.9993147, 10.5641024], [-66.999186, 10.5640418], [-66.999025, 10.5639811], [-66.9989097, 10.5639416], [-66.9988078, 10.5639178], [-66.9986898, 10.5639152], [-66.9986013, 10.5639152], [-66.9985154, 10.5639047], [-66.9984108, 10.5638704], [-66.9982713, 10.5638071], [-66.9981077, 10.5637148], [-66.9979978, 10.5636779], [-66.9978851, 10.5636726], [-66.9977805, 10.5636726], [-66.9976303, 10.5637201], [-66.9974881, 10.5637438], [-66.9972628, 10.5637596], [-66.9970268, 10.5637333], [-66.9968015, 10.5636911], [-66.9966728, 10.5636542], [-66.996485, 10.5635487], [-66.9962865, 10.563438], [-66.9961041, 10.5632798], [-66.9959915, 10.5631743], [-66.9959003, 10.5630424], [-66.9958198, 10.5628842], [-66.9957554, 10.562726], [-66.9956642, 10.5625836], [-66.9955355, 10.5624834], [-66.9954121, 10.5623991], [-66.9952458, 10.5623042], [-66.9951117, 10.5622409], [-66.9949052, 10.5621697], [-66.9946906, 10.5621038], [-66.9945323, 10.5620563], [-66.9944304, 10.5620141], [-66.9943339, 10.5619719], [-66.9942185, 10.5619403], [-66.99402, 10.5618796], [-66.993902, 10.5618454], [-66.9938189, 10.5618137], [-66.9937223, 10.5617636], [-66.9935855, 10.5616871], [-66.9934917, 10.5616291], [-66.9933844, 10.5615843], [-66.9932878, 10.5615342], [-66.9932154, 10.5614841], [-66.9931349, 10.5614076], [-66.9930625, 10.5613391], [-66.9929606, 10.5612494], [-66.9928533, 10.5611888], [-66.9926682, 10.5611202], [-66.9925395, 10.5611044], [-66.9924295, 10.5611044], [-66.99229, 10.5611071], [-66.9921666, 10.5611123], [-66.9920567, 10.561115], [-66.9919306, 10.5610991], [-66.9918072, 10.5610781], [-66.9916758, 10.5610622], [-66.9915149, 10.5610596], [-66.9915122, 10.5609831], [-66.9915095, 10.5607986], [-66.9915041, 10.5606984], [-66.9914773, 10.5605771], [-66.9914371, 10.5604769], [-66.9914183, 10.5604136], [-66.9914129, 10.5603714], [-66.9914129, 10.5603002], [-66.9913915, 10.5601631], [-66.991362, 10.5600761], [-66.9913298, 10.5599706], [-66.9913003, 10.5598229], [-66.9912601, 10.5596937], [-66.9912168, 10.5595717], [-66.9911206, 10.5595065], [-66.9909221, 10.5594327], [-66.9907182, 10.5593905], [-66.9904983, 10.5593325], [-66.9903186, 10.5592613], [-66.9901872, 10.5592033], [-66.9900557, 10.5591268], [-66.9899404, 10.5590293], [-66.9897875, 10.5589001], [-66.9897312, 10.5588394], [-66.9896534, 10.558784], [-66.9895622, 10.5587392], [-66.9894657, 10.5586944], [-66.9893879, 10.5586469], [-66.9893155, 10.5585784], [-66.9892377, 10.5584676], [-66.9890955, 10.5583674], [-66.9889212, 10.558262], [-66.9887066, 10.5581354], [-66.9885886, 10.5580589], [-66.9884223, 10.5579561], [-66.9882721, 10.5578638], [-66.9881058, 10.5577742], [-66.9879743, 10.5577109], [-66.9878885, 10.557637], [-66.9878295, 10.5575606], [-66.9877812, 10.5574472], [-66.9877598, 10.5573391], [-66.987749, 10.5571993], [-66.9877008, 10.5569251], [-66.9876739, 10.5568486], [-66.9876257, 10.55673], [-66.9875559, 10.5566456], [-66.9874594, 10.556585], [-66.9873628, 10.556519], [-66.9872823, 10.5564531], [-66.9872046, 10.5563635], [-66.9871697, 10.5563186], [-66.9871053, 10.5562316], [-66.9870678, 10.5561446], [-66.9870436, 10.556055], [-66.9870222, 10.55596], [-66.9869712, 10.5558466], [-66.98688, 10.5558677], [-66.9867888, 10.555902], [-66.9866869, 10.5559416], [-66.9865394, 10.5560075], [-66.9864026, 10.5560444], [-66.9863114, 10.5560629], [-66.9861397, 10.556084], [-66.9859949, 10.5561024], [-66.9858474, 10.5561288], [-66.9855496, 10.5561842], [-66.985437, 10.5562053], [-66.9853351, 10.5562264], [-66.9852197, 10.5562685], [-66.985099, 10.5563055], [-66.9849864, 10.5563292], [-66.9848657, 10.5563556], [-66.9847262, 10.5563951], [-66.9845304, 10.5564584], [-66.9842514, 10.5565639], [-66.9839376, 10.5567194], [-66.9838303, 10.556672], [-66.9836104, 10.556556], [-66.9834173, 10.5564136], [-66.9831544, 10.5562606], [-66.9828057, 10.5561341], [-66.9826233, 10.5561077], [-66.9824356, 10.5560761], [-66.9823068, 10.556055], [-66.9821513, 10.5560022], [-66.9819742, 10.5559548], [-66.9817597, 10.5558862], [-66.9815612, 10.5558335], [-66.9814056, 10.5557913], [-66.9812125, 10.5557385], [-66.9811052, 10.5556911], [-66.9810087, 10.555612], [-66.980896, 10.5554907], [-66.9807565, 10.5553958], [-66.9805902, 10.5553114], [-66.9804347, 10.5552797], [-66.9801933, 10.555285], [-66.9781333, 10.5560602], [-66.9773287, 10.5544518], [-66.9772241, 10.5543199], [-66.9771409, 10.554225], [-66.9770497, 10.554167], [-66.9769236, 10.5540984], [-66.9767627, 10.5540299], [-66.9765079, 10.5539613], [-66.9762129, 10.5538506], [-66.9760037, 10.5538295], [-66.9758105, 10.55384], [-66.9755906, 10.5538769], [-66.9754082, 10.5538875], [-66.975081, 10.5538769], [-66.9749147, 10.5538084], [-66.9747591, 10.5537398], [-66.9745821, 10.5536607], [-66.9743836, 10.5535816], [-66.9741583, 10.5534867], [-66.9738686, 10.553397], [-66.9736004, 10.5533285], [-66.9734046, 10.5534313], [-66.973241, 10.5535025], [-66.9730774, 10.5534735], [-66.9729298, 10.5534471], [-66.972836, 10.5533997], [-66.9727609, 10.5533285], [-66.9726589, 10.5532415], [-66.9725624, 10.5531413], [-66.9724712, 10.5530411], [-66.972388, 10.5529514], [-66.972329, 10.5528723], [-66.9722432, 10.5527431], [-66.9721574, 10.552664], [-66.9720688, 10.552664], [-66.9719455, 10.5526851], [-66.9718301, 10.5527273], [-66.9717148, 10.5527721], [-66.9715512, 10.5528354], [-66.9714385, 10.5527616], [-66.9713312, 10.5527088], [-66.9712293, 10.5526666], [-66.9710898, 10.5526429], [-66.9709557, 10.5525849], [-66.9708779, 10.5525295], [-66.9708002, 10.5524504], [-66.9707197, 10.552337], [-66.9706419, 10.5522105], [-66.9705534, 10.552047], [-66.9704622, 10.5519125], [-66.9703388, 10.5517543], [-66.9701993, 10.5516303], [-66.9701108, 10.5515512], [-66.9700223, 10.5514669], [-66.9699526, 10.5513904], [-66.9698426, 10.5512137], [-66.9697675, 10.5510924], [-66.9696468, 10.55095], [-66.9695824, 10.5508788], [-66.9694805, 10.5508076], [-66.9694269, 10.5507523], [-66.9693652, 10.5506916], [-66.969282, 10.5506442], [-66.9692177, 10.5506178], [-66.9691265, 10.550602], [-66.9690219, 10.550602], [-66.9689575, 10.5505914], [-66.9688582, 10.5505703], [-66.9686544, 10.550544], [-66.9684827, 10.550544], [-66.9682708, 10.550544], [-66.9681153, 10.5505413], [-66.9677049, 10.5505387], [-66.9672355, 10.5505308], [-66.966852, 10.5505361], [-66.9666642, 10.5505413], [-66.9664899, 10.5505466], [-66.9664684, 10.5503594], [-66.9664496, 10.5502882], [-66.9664255, 10.5502144], [-66.9663772, 10.5501432], [-66.9662699, 10.5500799], [-66.9661251, 10.5499955], [-66.9660285, 10.5499375], [-66.9659266, 10.5498927], [-66.9658515, 10.5497107], [-66.9658166, 10.5495762], [-66.9657657, 10.5493864], [-66.9656986, 10.5493257], [-66.9656235, 10.5492756], [-66.9654974, 10.5492097], [-66.9653848, 10.5491253], [-66.965299, 10.5490436], [-66.9652265, 10.5489566], [-66.9651407, 10.5488537], [-66.96502, 10.5487641], [-66.964851, 10.5487641], [-66.9647598, 10.5487825], [-66.9646499, 10.5488063], [-66.9645372, 10.5488564], [-66.9644004, 10.5489065], [-66.9642583, 10.5489539], [-66.9641241, 10.5490462], [-66.9640276, 10.5491332], [-66.9639418, 10.549215], [-66.9638532, 10.5493495], [-66.9635904, 10.5493389], [-66.9634214, 10.5493389], [-66.9632766, 10.5493679], [-66.9631451, 10.5493969], [-66.9631076, 10.5494075], [-66.9629869, 10.5493706], [-66.9628501, 10.5493416], [-66.9627214, 10.5493363], [-66.962606, 10.549331], [-66.9625282, 10.5493099], [-66.962488, 10.5492835], [-66.9623914, 10.5492229], [-66.9623137, 10.5492044], [-66.9621608, 10.5491886], [-66.9620186, 10.5491886], [-66.9618496, 10.5492176], [-66.961686, 10.5492334], [-66.9615814, 10.5492282], [-66.961458, 10.5492018], [-66.9613642, 10.5491543], [-66.9612998, 10.5490937], [-66.9612435, 10.5490146], [-66.9611442, 10.5489487], [-66.9610101, 10.5489065], [-66.9607848, 10.5488432], [-66.9606802, 10.5487904], [-66.9606131, 10.548743], [-66.9605407, 10.5486955], [-66.9604737, 10.5486744], [-66.9603959, 10.5486744], [-66.9603395, 10.5486876], [-66.9602644, 10.548714], [-66.9601733, 10.5487535], [-66.9599426, 10.5488142], [-66.9597387, 10.5488405], [-66.9596046, 10.5488643], [-66.9594464, 10.5488959], [-66.959323, 10.5489328], [-66.9591996, 10.5489592], [-66.959036, 10.5489724], [-66.9588161, 10.5489724], [-66.9586068, 10.5489724], [-66.9583789, 10.5489328], [-66.9582528, 10.5489012], [-66.958108, 10.5491412], [-66.954428, 10.5483395], [-66.9530708, 10.5471424], [-66.9531459, 10.5461667], [-66.9531941, 10.545729], [-66.9531941, 10.5455655], [-66.9531941, 10.5454337], [-66.9531566, 10.5453071], [-66.9531083, 10.5452227], [-66.9530171, 10.5451331], [-66.9529045, 10.5450698], [-66.9527328, 10.544996], [-66.9525558, 10.5448905], [-66.9523627, 10.5447534], [-66.9520301, 10.5445741], [-66.9518048, 10.544458], [-66.9515634, 10.5443736], [-66.9513542, 10.5443209], [-66.9510269, 10.5443209], [-66.9506997, 10.5443209], [-66.9504422, 10.5443684], [-66.9502276, 10.5444369], [-66.949997, 10.5445266], [-66.9498467, 10.5445899], [-66.949718, 10.5446584], [-66.9495571, 10.5447534], [-66.9494069, 10.5448272], [-66.9492298, 10.5449063], [-66.9489992, 10.5449749], [-66.9484359, 10.5451858], [-66.9433183, 10.5453388], [-66.9416928, 10.5467891], [-66.9396973, 10.5458081], [-66.9380289, 10.5458978], [-66.9377232, 10.5465148], [-66.9372913, 10.5463487], [-66.9372001, 10.5465043], [-66.9371009, 10.5466572], [-66.9370097, 10.5467943], [-66.9369131, 10.5469314], [-66.9368058, 10.5470396], [-66.9366449, 10.5471767], [-66.9362158, 10.5474957], [-66.93591, 10.547327], [-66.93569, 10.5474773], [-66.9355854, 10.5475617], [-66.9354782, 10.5476381], [-66.9353896, 10.5477067], [-66.9353145, 10.5477726], [-66.9352421, 10.5478675], [-66.9351107, 10.5481128], [-66.9350383, 10.5482578], [-66.9349739, 10.5484028], [-66.9349498, 10.5485162], [-66.9349498, 10.5486507], [-66.9349498, 10.5487562], [-66.9349444, 10.5488564], [-66.9349229, 10.5489328], [-66.9348747, 10.5491227], [-66.9348264, 10.5493125], [-66.9344214, 10.5494312], [-66.9342014, 10.5494839], [-66.933775, 10.5495973], [-66.9335496, 10.549629], [-66.9332868, 10.5496633], [-66.9328147, 10.549716], [-66.9324902, 10.5497635], [-66.9322407, 10.5497925], [-66.9320154, 10.5498004], [-66.9317445, 10.5498162], [-66.9314253, 10.5498294], [-66.931259, 10.5498426], [-66.9310606, 10.5498768], [-66.9308755, 10.5499138], [-66.9306824, 10.549977], [-66.9305912, 10.5500034], [-66.9305161, 10.5500113], [-66.93039, 10.5500008], [-66.93028, 10.5499639], [-66.9301567, 10.549919], [-66.9300172, 10.5498768], [-66.9298723, 10.5498531], [-66.9297007, 10.5498241], [-66.9295558, 10.5497977], [-66.9294137, 10.5497661], [-66.929301, 10.5497476], [-66.9291213, 10.5497292], [-66.9288853, 10.5497292], [-66.928491, 10.549745], [-66.9283327, 10.5497661], [-66.9282013, 10.5497925], [-66.9280109, 10.5498452], [-66.9278339, 10.5499296], [-66.9276971, 10.5500166], [-66.9275925, 10.5500799], [-66.9274744, 10.55013], [-66.9273779, 10.550159], [-66.9272706, 10.5501854], [-66.9271445, 10.5502196], [-66.9269434, 10.5502882], [-66.9267368, 10.5503647], [-66.9264954, 10.5504332], [-66.9263265, 10.5504675], [-66.9261548, 10.5505255], [-66.9260636, 10.5505651], [-66.9259563, 10.550631], [-66.9258356, 10.5507127], [-66.9257525, 10.5507945], [-66.9256532, 10.5508762], [-66.925503, 10.55095], [-66.9253421, 10.550987], [-66.925047, 10.5510081], [-66.9247842, 10.5510028], [-66.9244516, 10.5510028], [-66.9240975, 10.5509922], [-66.9237274, 10.5509922], [-66.9234699, 10.5509922], [-66.92303, 10.5512876], [-66.9227779, 10.5514616], [-66.9224936, 10.5516093], [-66.9222468, 10.5516989], [-66.9220001, 10.5517727], [-66.9215816, 10.5518993], [-66.9212169, 10.5520259], [-66.9209057, 10.5521472], [-66.9206375, 10.5522579], [-66.9204176, 10.5523265], [-66.9201976, 10.5524109], [-66.9198275, 10.5525691], [-66.9196343, 10.5526587], [-66.9195163, 10.5526798], [-66.9193447, 10.5526851], [-66.9191945, 10.5526534], [-66.9190121, 10.5526165], [-66.9188619, 10.552606], [-66.9186473, 10.5526324], [-66.9184971, 10.552664], [-66.9182074, 10.5527484], [-66.9176871, 10.5529013], [-66.917392, 10.5529699], [-66.9171131, 10.5529962], [-66.9168985, 10.5530015], [-66.9166571, 10.5530542], [-66.9163674, 10.5531703], [-66.916126, 10.5532705], [-66.9159061, 10.5533601], [-66.9156271, 10.5531597], [-66.915493, 10.553049], [-66.9153643, 10.5528749], [-66.9152355, 10.5526904], [-66.9150692, 10.5525216], [-66.9148117, 10.5524109], [-66.9146133, 10.5524478], [-66.914404, 10.5524952], [-66.9141197, 10.5525796], [-66.9139159, 10.5526534], [-66.9135779, 10.5527167], [-66.9134384, 10.5525585], [-66.9133151, 10.5524478], [-66.9131595, 10.5523528], [-66.91302, 10.5522948], [-66.9128537, 10.5522685], [-66.9126767, 10.5522685], [-66.9125104, 10.5522685], [-66.9123817, 10.5522474], [-66.9123066, 10.5521894], [-66.9122475, 10.5520892], [-66.9122154, 10.5520048], [-66.9121778, 10.5518835], [-66.9121188, 10.5517675], [-66.9120383, 10.5516778], [-66.9118935, 10.5514774], [-66.9115824, 10.5511293], [-66.9114429, 10.5509606], [-66.9112444, 10.5510081], [-66.9109976, 10.5510555], [-66.910665, 10.5510766], [-66.9104236, 10.5510766], [-66.9101661, 10.5510924], [-66.9100857, 10.5511346], [-66.9099301, 10.5512243], [-66.9096941, 10.5513508], [-66.9095546, 10.5514036], [-66.9092703, 10.551488], [-66.9089484, 10.5515565], [-66.9086963, 10.5515987], [-66.9084281, 10.5516462], [-66.9079292, 10.5516778], [-66.9076234, 10.5517147], [-66.9073284, 10.5517253], [-66.9072402, 10.5517364], [-66.9068241, 10.5517886], [-66.9066256, 10.5517991], [-66.9064379, 10.5517516], [-66.906234, 10.551662], [-66.9060248, 10.5515512], [-66.9058746, 10.55143], [-66.905703, 10.5512612], [-66.9055528, 10.5511241], [-66.9053596, 10.5510344], [-66.9051719, 10.5509711], [-66.904968, 10.5509395], [-66.9047535, 10.5509289], [-66.9042546, 10.5508446], [-66.9038898, 10.5507496], [-66.9036055, 10.5506653], [-66.9034016, 10.5505598], [-66.9032192, 10.5504279], [-66.9030154, 10.5502117], [-66.902774, 10.5499955], [-66.9024736, 10.5497318], [-66.9022697, 10.5494998], [-66.9020766, 10.5493732], [-66.9016578, 10.5493998], [-66.9010359, 10.5493152], [-66.9007999, 10.5492361], [-66.9000542, 10.5490884], [-66.8997163, 10.5489671], [-66.8995017, 10.5488986], [-66.8992603, 10.5488616], [-66.8989974, 10.5488616], [-66.8988043, 10.5488616], [-66.8986058, 10.5488616], [-66.8983859, 10.5488458], [-66.8982142, 10.5488036], [-66.898005, 10.5486929], [-66.8978655, 10.5486085], [-66.8975061, 10.5484292], [-66.8971682, 10.5482657], [-66.8969053, 10.548155], [-66.8966585, 10.5480969], [-66.8964011, 10.5480284], [-66.8961221, 10.5479124], [-66.8958968, 10.5477858], [-66.8955642, 10.5475986], [-66.895363, 10.5474773], [-66.895186, 10.5473876], [-66.8950734, 10.5473428], [-66.8949553, 10.5473032], [-66.8947381, 10.547232], [-66.8944055, 10.547232], [-66.894089, 10.5472637], [-66.8937081, 10.5473323], [-66.8933863, 10.5473533], [-66.8929625, 10.5473903], [-66.8926138, 10.5473744], [-66.8923616, 10.5473217], [-66.8921095, 10.5472373], [-66.8918788, 10.5471108], [-66.8915677, 10.5468893], [-66.8912351, 10.5466836], [-66.8909347, 10.5464621], [-66.8906182, 10.5462195], [-66.8903607, 10.5459769], [-66.890173, 10.5457607], [-66.8899798, 10.5454917], [-66.8898499, 10.5452855], [-66.8897438, 10.5451173], [-66.8896151, 10.544901], [-66.8894863, 10.544669], [-66.8892986, 10.5443895], [-66.8891966, 10.5442576], [-66.8890142, 10.5441363], [-66.8888801, 10.5440519], [-66.8887299, 10.5439992], [-66.8886066, 10.5439887], [-66.8884456, 10.5439887], [-66.8883222, 10.5439834], [-66.8881667, 10.5439465], [-66.8879199, 10.5438199], [-66.8874639, 10.5435615], [-66.8871903, 10.5434138], [-66.8868792, 10.5432134], [-66.8864501, 10.5429233], [-66.8861389, 10.5427177], [-66.8858975, 10.5425542], [-66.8856078, 10.5423907], [-66.8853343, 10.5422641], [-66.8850929, 10.5421639], [-66.8848085, 10.5420268], [-66.8842614, 10.5417895], [-66.8839449, 10.5416629], [-66.8836284, 10.541531], [-66.8831992, 10.5414361], [-66.8826199, 10.5412726], [-66.8822765, 10.5411619], [-66.882019, 10.541088], [-66.8817937, 10.5410036], [-66.8815631, 10.5408929], [-66.8813431, 10.5407663], [-66.8811393, 10.5406397], [-66.8809193, 10.5405448], [-66.8805546, 10.5405079], [-66.8802005, 10.5404974], [-66.8798196, 10.5405132], [-66.8794817, 10.5405712], [-66.8776108, 10.5416172], [-66.8770954, 10.5417947], [-66.8766604, 10.5419349], [-66.8758392, 10.5419266], [-66.8743372, 10.5424593], [-66.8739939, 10.5429392], [-66.8733073, 10.5436247], [-66.8730283, 10.5441732], [-66.8727613, 10.5445391], [-66.871317, 10.5456709], [-66.8709869, 10.5457277], [-66.8708289, 10.5458661], [-66.870684, 10.5460454], [-66.8705821, 10.5462353], [-66.8705285, 10.5463461], [-66.8704319, 10.5464779], [-66.8702495, 10.5466361], [-66.8699974, 10.5467943], [-66.8697399, 10.5469473], [-66.8695253, 10.5470686], [-66.8692893, 10.5472004], [-66.8690747, 10.547327], [-66.8687046, 10.5476276], [-66.8685973, 10.5477805], [-66.8684739, 10.5479546], [-66.8683291, 10.5481971], [-66.8681788, 10.5483659], [-66.8680447, 10.5484556], [-66.8678623, 10.5485083], [-66.8676424, 10.5485083], [-66.8669721, 10.5488178], [-66.8661716, 10.5493889], [-66.8656643, 10.5495023], [-66.8651493, 10.549719], [-66.864751, 10.5496996], [-66.8643258, 10.5498185], [-66.8635429, 10.5498088], [-66.8626857, 10.5499639], [-66.862058, 10.5496263], [-66.8618274, 10.5495156], [-66.8616718, 10.5494418], [-66.8615216, 10.549389], [-66.861425, 10.5493679], [-66.8613124, 10.5493574], [-66.861071, 10.5493521], [-66.8608511, 10.5493996], [-66.860615, 10.5494945], [-66.8603844, 10.5496], [-66.8601912, 10.5496633], [-66.8599418, 10.5497344], [-66.8598264, 10.5497529], [-66.859746, 10.5497529], [-66.8596736, 10.5497318], [-66.8596199, 10.5496975], [-66.8595743, 10.5496211], [-66.8595314, 10.5495209], [-66.85951, 10.5494101], [-66.8594939, 10.5492994], [-66.8594885, 10.5491095], [-66.8594885, 10.5489249], [-66.8594885, 10.5487825], [-66.8594885, 10.5485821], [-66.8594617, 10.5484028], [-66.8594134, 10.5482235], [-66.8593437, 10.5480442], [-66.8592471, 10.5478702], [-66.8589789, 10.5474799], [-66.8588662, 10.5472531], [-66.8587643, 10.5470633], [-66.8585283, 10.5466203], [-66.8584263, 10.5464304], [-66.858303, 10.5462669], [-66.858142, 10.5461087], [-66.857965, 10.5459611], [-66.8577343, 10.5458081], [-66.8574929, 10.5456816], [-66.8572784, 10.5455972], [-66.8569779, 10.5455339], [-66.8567044, 10.5454495], [-66.8565488, 10.5453757], [-66.8564308, 10.5452755], [-66.8563181, 10.5451383], [-66.8561357, 10.5447639], [-66.8560284, 10.5444897], [-66.8560016, 10.5442945], [-66.8559802, 10.5438726], [-66.8559533, 10.5436775], [-66.8559212, 10.5435509], [-66.8558568, 10.5433822], [-66.8557817, 10.5432609], [-66.8556851, 10.5431132], [-66.8555135, 10.5429761], [-66.8553579, 10.5428548], [-66.8551594, 10.5427493], [-66.854977, 10.5426702], [-66.8547517, 10.5425858], [-66.8544406, 10.5425014], [-66.8540061, 10.5424487], [-66.8538076, 10.5424118], [-66.8536037, 10.5423485], [-66.8534106, 10.5422588], [-66.8532175, 10.5421375], [-66.8530029, 10.5419582], [-66.8528581, 10.5418422], [-66.8527025, 10.5416945], [-66.852563, 10.5414888], [-66.8523967, 10.5412041], [-66.8523055, 10.5410986], [-66.8522143, 10.5410406], [-66.8520373, 10.5409404], [-66.851812, 10.5408613], [-66.8515438, 10.5407769], [-66.8513453, 10.5406661], [-66.8512112, 10.5405554], [-66.8510556, 10.5403339], [-66.8508625, 10.5400807], [-66.850664, 10.5398328], [-66.8505138, 10.5396746], [-66.8502456, 10.5393898], [-66.8498594, 10.5390312], [-66.8491459, 10.5384933], [-66.8487757, 10.5382137], [-66.8484968, 10.5380503], [-66.8482339, 10.5379395], [-66.8479872, 10.5378551], [-66.847719, 10.5378182], [-66.8474186, 10.5378393], [-66.8471557, 10.5378868], [-66.8469089, 10.5379711], [-66.846689, 10.5380872], [-66.8465173, 10.5382085], [-66.8463403, 10.538335], [-66.846174, 10.5384247], [-66.8460506, 10.5384669], [-66.8458897, 10.5384722], [-66.8456429, 10.5384405], [-66.8453854, 10.5384089], [-66.8451494, 10.5383614], [-66.8449295, 10.538314], [-66.8446881, 10.5382612], [-66.8443447, 10.5382296], [-66.8438727, 10.5383034], [-66.8435293, 10.538372], [-66.8433094, 10.5384405], [-66.8430895, 10.5385144], [-66.8428803, 10.5386304], [-66.8427408, 10.5387411], [-66.8426335, 10.5388783], [-66.8423975, 10.5391736], [-66.842258, 10.5394848], [-66.8421722, 10.5396904], [-66.8420702, 10.5398698], [-66.8419683, 10.5400333], [-66.8418288, 10.5402337], [-66.8417108, 10.5403602], [-66.8416035, 10.5404393], [-66.8414426, 10.5405132], [-66.8412709, 10.5405554], [-66.840992, 10.5405765], [-66.8407399, 10.5405765], [-66.8404985, 10.5405817], [-66.8402195, 10.5405712], [-66.8400103, 10.5405765], [-66.8392003, 10.5405765], [-66.8391413, 10.5406819], [-66.8390554, 10.5407874], [-66.8389374, 10.5408876], [-66.8387926, 10.5409878], [-66.8386155, 10.5411566], [-66.8384117, 10.541415], [-66.8383205, 10.5415258], [-66.838181, 10.5417103], [-66.8380684, 10.5418686], [-66.8379343, 10.5420742], [-66.8377894, 10.542359], [-66.8376499, 10.5426069], [-66.837489, 10.5427757], [-66.8373174, 10.5429233], [-66.8371457, 10.5430235], [-66.8368936, 10.5431079], [-66.8366092, 10.5431659], [-66.8363303, 10.5432187], [-66.8360084, 10.5432978], [-66.8357456, 10.5433822], [-66.8353486, 10.5435773], [-66.8349785, 10.5437882], [-66.8346888, 10.5439887], [-66.8344581, 10.5441205], [-66.8342274, 10.544226], [-66.8339163, 10.5443156], [-66.8334281, 10.5444317], [-66.8329883, 10.5445266], [-66.8316847, 10.5447481], [-66.8311858, 10.5448536], [-66.830923, 10.5449432], [-66.8305689, 10.5450856], [-66.8300539, 10.5453177], [-66.8296033, 10.5455444], [-66.829142, 10.5458609], [-66.8282676, 10.5463777], [-66.8275327, 10.5468365], [-66.8270713, 10.5471899], [-66.8263793, 10.5476434], [-66.8256337, 10.5481339], [-66.825285, 10.5483184], [-66.8250543, 10.5484186], [-66.8248022, 10.548503], [-66.8243837, 10.5485769], [-66.8239868, 10.5486296], [-66.823681, 10.5486296], [-66.823386, 10.5486243], [-66.8230802, 10.5486191], [-66.8228066, 10.5486191], [-66.822533, 10.5486771], [-66.8223292, 10.5487614], [-66.8220985, 10.5488722], [-66.8218356, 10.5489513], [-66.8216586, 10.5489618], [-66.8214494, 10.5489566], [-66.8212777, 10.5488933], [-66.8211329, 10.54883], [-66.8208754, 10.5486876], [-66.8205643, 10.5485188], [-66.8203014, 10.5484186], [-66.8199796, 10.5483448], [-66.8196201, 10.5483079], [-66.819191, 10.5483079], [-66.8187565, 10.5483554], [-66.8184239, 10.5484028], [-66.8180215, 10.5484767], [-66.8175066, 10.5485399], [-66.8171632, 10.5485558], [-66.8168789, 10.548561], [-66.8165356, 10.548561], [-66.8161064, 10.5484978], [-66.8156666, 10.5484397], [-66.8153179, 10.5484397], [-66.8150926, 10.5484608], [-66.8148351, 10.5485136], [-66.8146688, 10.5485505], [-66.8145186, 10.5485769], [-66.8143362, 10.5485558], [-66.8141431, 10.5484978], [-66.814009, 10.5484397], [-66.8138588, 10.5483659], [-66.8137407, 10.5482815], [-66.8135583, 10.5481075], [-66.8133813, 10.5479704], [-66.8131131, 10.5478122], [-66.8128556, 10.547675], [-66.8126625, 10.5475274], [-66.8124855, 10.5473586], [-66.8121207, 10.5470369], [-66.8118793, 10.5468101], [-66.8115628, 10.5464937], [-66.8112624, 10.54623], [-66.8109191, 10.5459505], [-66.8106133, 10.5457554], [-66.8103719, 10.5456077], [-66.8101305, 10.545497], [-66.809814, 10.5453704], [-66.809417, 10.545228], [-66.8090737, 10.5451436], [-66.808725, 10.5450329], [-66.8084139, 10.5449432], [-66.8080169, 10.5448114], [-66.8076414, 10.5446637], [-66.8073195, 10.5445213], [-66.8069977, 10.5443736], [-66.8066222, 10.5441732], [-66.8062466, 10.5439887], [-66.8058658, 10.5438252], [-66.8056458, 10.5437461], [-66.8053937, 10.543667], [-66.8051362, 10.5436459], [-66.8048734, 10.5436459], [-66.8046051, 10.5436986], [-66.8043315, 10.5437513], [-66.8040848, 10.5437935], [-66.8037897, 10.5438146], [-66.8035591, 10.5437935], [-66.8033338, 10.5437566], [-66.8030763, 10.543667], [-66.8028671, 10.5435773], [-66.8026096, 10.5434244], [-66.8023735, 10.5432767], [-66.8021214, 10.5431132], [-66.8019122, 10.5429814], [-66.8016762, 10.542839], [-66.8013811, 10.5426596], [-66.8009949, 10.5423274], [-66.8001902, 10.5416893], [-66.7999274, 10.5415363], [-66.7996699, 10.5414256], [-66.7993856, 10.5413465], [-66.7990208, 10.5412884], [-66.7986721, 10.5412884], [-66.7983234, 10.5412884], [-66.7980927, 10.5413043], [-66.797685, 10.5413728], [-66.7973256, 10.5414519], [-66.7970628, 10.5414678], [-66.7968375, 10.5414467], [-66.7965907, 10.5414097], [-66.7964298, 10.5413781], [-66.7961991, 10.5413939], [-66.7960221, 10.5414361], [-66.7958236, 10.5414994], [-66.7956358, 10.5416049], [-66.7954749, 10.5417209], [-66.7952979, 10.5418158], [-66.7950457, 10.5418949], [-66.7948633, 10.5419477], [-66.7947131, 10.5419582], [-66.7945468, 10.5419424], [-66.7943698, 10.5419002], [-66.7941874, 10.5418633], [-66.7939246, 10.5418527], [-66.793769, 10.5418527], [-66.7935544, 10.5418316], [-66.7934096, 10.5417578], [-66.7932648, 10.5416682], [-66.7931575, 10.5416101], [-66.7930394, 10.5415732], [-66.7928731, 10.5415627], [-66.7927176, 10.5415943], [-66.7925245, 10.5416893], [-66.7922831, 10.5418053], [-66.7920739, 10.5419951], [-66.791929, 10.5421955], [-66.7917788, 10.5423801], [-66.791693, 10.5425014], [-66.7915642, 10.5425858], [-66.7913818, 10.5426491], [-66.7912155, 10.5426649], [-66.7910492, 10.5426649], [-66.7908722, 10.5426438], [-66.7907113, 10.5426438], [-66.7905664, 10.5426755], [-66.7904216, 10.5427335], [-66.7902714, 10.5428231], [-66.7900944, 10.5429075], [-66.7899227, 10.5429603], [-66.7897564, 10.5429603], [-66.7896867, 10.5429497], [-66.7895311, 10.5429128], [-66.7893755, 10.5428442], [-66.7892468, 10.5427388], [-66.7891502, 10.5426016], [-66.7890376, 10.5425014], [-66.7888874, 10.5424329], [-66.7886889, 10.542396], [-66.7885119, 10.5424118], [-66.7883188, 10.5424962], [-66.7881954, 10.5425964], [-66.788131, 10.5427018], [-66.7880988, 10.5428231], [-66.7880988, 10.5429286], [-66.7880666, 10.5430763], [-66.7879915, 10.543187], [-66.7878681, 10.5433136], [-66.7875087, 10.5435826], [-66.7871547, 10.5437935], [-66.7867792, 10.5440045], [-66.7863715, 10.5442365], [-66.7859531, 10.5444053], [-66.785245, 10.5446057], [-66.7848319, 10.5446953], [-66.7844296, 10.5447639], [-66.7841077, 10.5448483], [-66.7832708, 10.5450118], [-66.7829222, 10.545054], [-66.7826539, 10.545054], [-66.782375, 10.5450012], [-66.7821389, 10.5449379], [-66.7819512, 10.5449274], [-66.7817634, 10.5449485], [-66.7815918, 10.5450329], [-66.7814845, 10.545112], [-66.7813772, 10.5452438], [-66.7812592, 10.5453809], [-66.7812109, 10.5454759], [-66.7812109, 10.5457554], [-66.7810634, 10.5458767], [-66.7809668, 10.545911], [-66.7808703, 10.5459136], [-66.7805618, 10.5457396], [-66.7804062, 10.5456446], [-66.7802078, 10.545526], [-66.7799503, 10.545373], [-66.7798269, 10.5453097], [-66.7795908, 10.5454732], [-66.7794299, 10.5456394], [-66.779387, 10.5457211], [-66.7793199, 10.545845], [-66.7792529, 10.545969], [-66.7792046, 10.5460507], [-66.7791483, 10.5461087], [-66.7790732, 10.5461694], [-66.7790008, 10.5462089], [-66.7788908, 10.5462933], [-66.7789069, 10.5463355], [-66.778931, 10.5464093], [-66.7789418, 10.5464647], [-66.7789418, 10.5465069], [-66.7789257, 10.5465544], [-66.7788935, 10.5466071], [-66.7788693, 10.5466572], [-66.7788559, 10.5467231], [-66.7789069, 10.5467732], [-66.7790008, 10.5468391], [-66.7789418, 10.546942], [-66.7789042, 10.5470105], [-66.7788827, 10.5470949], [-66.7788452, 10.5472162], [-66.7788076, 10.5472953], [-66.7787138, 10.5472162], [-66.7786333, 10.5471714], [-66.7785233, 10.5471134], [-66.7784053, 10.5470686], [-66.7783678, 10.5471028], [-66.7783034, 10.5471556], [-66.7782444, 10.5472136], [-66.7781612, 10.5473032], [-66.7780271, 10.54724], [-66.7779359, 10.5472004], [-66.7778313, 10.5471714], [-66.7776892, 10.5471635], [-66.7775229, 10.5471688], [-66.777429, 10.5471688], [-66.7773592, 10.5471582], [-66.7772895, 10.5471371], [-66.7772278, 10.5471134], [-66.7771661, 10.5470923], [-66.7771018, 10.547087], [-66.7770293, 10.5470949], [-66.7769301, 10.5471134], [-66.7768577, 10.5471107], [-66.7767665, 10.5470949], [-66.7766619, 10.547087], [-66.7765841, 10.5471002], [-66.776517, 10.5471266], [-66.7764312, 10.5471793], [-66.7763561, 10.5472663], [-66.7763051, 10.5473665], [-66.7762595, 10.5474667], [-66.7761335, 10.5474588], [-66.7759913, 10.5474456], [-66.7758679, 10.5474245], [-66.7756748, 10.5474034], [-66.7755514, 10.5474061], [-66.77542, 10.5475327], [-66.7753395, 10.5474588], [-66.7752376, 10.5474008], [-66.7751706, 10.5473744], [-66.7751196, 10.5473692], [-66.7750633, 10.5473692], [-66.7750096, 10.5473823], [-66.7749104, 10.5474351], [-66.7748594, 10.5474615], [-66.7747387, 10.5474272], [-66.7746234, 10.5473823], [-66.7745537, 10.5473613], [-66.7745617, 10.5472716], [-66.7745778, 10.5471819], [-66.7744437, 10.5471028], [-66.7742935, 10.5470396], [-66.774095, 10.5469763], [-66.773926, 10.546942], [-66.7737705, 10.5469183], [-66.7736498, 10.5469235], [-66.7734244, 10.5469604], [-66.7732689, 10.5469921], [-66.7731482, 10.5470026], [-66.7730597, 10.5470026], [-66.7729417, 10.5469895], [-66.7728156, 10.5469578], [-66.7727003, 10.546913], [-66.772542, 10.546884], [-66.772424, 10.546884], [-66.7722282, 10.546884], [-66.7716783, 10.5469103], [-66.7714316, 10.546942], [-66.7712492, 10.5469763], [-66.771099, 10.5469921], [-66.7709273, 10.5469842], [-66.7706859, 10.5469684], [-66.770466, 10.5469262], [-66.7699832, 10.5468312], [-66.7698544, 10.5465095], [-66.7697257, 10.5464515], [-66.7696184, 10.5464146], [-66.7695057, 10.5463988], [-66.7693716, 10.546383], [-66.7691946, 10.5463302], [-66.7690283, 10.5462406], [-66.7688835, 10.5461509], [-66.7687333, 10.5460718], [-66.7684168, 10.5459769], [-66.7682076, 10.5461562], [-66.7680681, 10.5462617], [-66.767934, 10.5463566], [-66.7677838, 10.5464357], [-66.7676067, 10.5464937], [-66.7674351, 10.5465254], [-66.7672366, 10.5465623], [-66.7670006, 10.5466467], [-66.7668128, 10.5466203], [-66.7665124, 10.546557], [-66.7662334, 10.5465148], [-66.7660832, 10.5465728], [-66.7658955, 10.5466519], [-66.7657131, 10.5467416], [-66.7655468, 10.5468471], [-66.7653322, 10.5470105], [-66.7651177, 10.5471951], [-66.7649514, 10.547385], [-66.76471, 10.5472848], [-66.7645276, 10.547211], [-66.7643613, 10.5471002], [-66.7642057, 10.5469736], [-66.7640609, 10.546884], [-66.7638838, 10.5467785], [-66.7636746, 10.5467099], [-66.7634171, 10.5466678], [-66.7632026, 10.546615], [-66.7628217, 10.5465359], [-66.762194, 10.5464252], [-66.7618829, 10.5463513], [-66.7616952, 10.5462669], [-66.7614752, 10.5461193], [-66.7613196, 10.5460402], [-66.7611963, 10.5459927], [-66.760971, 10.54594], [-66.7607725, 10.5459031], [-66.760574, 10.5459031], [-66.7603648, 10.5459083], [-66.7601609, 10.5459136], [-66.7599464, 10.5458978], [-66.7596835, 10.545845], [-66.7594045, 10.5458029], [-66.7590827, 10.5457659], [-66.7589164, 10.5457765], [-66.7586643, 10.5458187], [-66.7583746, 10.5458767], [-66.7582029, 10.5458872], [-66.7580044, 10.5458609], [-66.757865, 10.5458134], [-66.7576289, 10.5457132], [-66.7572373, 10.5455128], [-66.7569798, 10.5453915], [-66.7567009, 10.5453018], [-66.7564112, 10.5452386], [-66.7561966, 10.54517], [-66.7560035, 10.5450803], [-66.7557889, 10.5449168], [-66.7556012, 10.5446743], [-66.7554617, 10.544458], [-66.7551988, 10.5441732], [-66.7550701, 10.544015], [-66.7549682, 10.5438621], [-66.754877, 10.5437619], [-66.7547911, 10.5436722], [-66.754657, 10.5435773], [-66.7544961, 10.5434876], [-66.7542708, 10.5434085], [-66.7537558, 10.5432398], [-66.7534125, 10.543071], [-66.7530853, 10.5429339], [-66.7527795, 10.542802], [-66.7524576, 10.542686], [-66.7520392, 10.5425753], [-66.7516798, 10.5424856], [-66.7514598, 10.5423854], [-66.7512238, 10.5422377], [-66.7510092, 10.5420584], [-66.7506015, 10.5417842], [-66.7503226, 10.541626], [-66.7501563, 10.5415152], [-66.74999, 10.5413939], [-66.7497218, 10.5412673], [-66.7495018, 10.5412199], [-66.7492873, 10.5412093], [-66.7490566, 10.5411671], [-66.7487991, 10.5411039], [-66.7485094, 10.5410406], [-66.7483431, 10.541146], [-66.7480964, 10.5412621], [-66.7477745, 10.541357], [-66.7475116, 10.5414519], [-66.7472595, 10.5415785], [-66.747002, 10.5416945], [-66.7467874, 10.5418949], [-66.7465353, 10.5421006], [-66.7463422, 10.5422114], [-66.7461169, 10.5423274], [-66.7459184, 10.5424223], [-66.7457736, 10.542512], [-66.745618, 10.5426544], [-66.7453337, 10.5429814], [-66.7452318, 10.5430921], [-66.7451245, 10.5431765], [-66.744985, 10.5432609], [-66.7448026, 10.5433505], [-66.7446417, 10.5434033], [-66.7444754, 10.5434454], [-66.7443413, 10.543514], [-66.7442125, 10.5435773], [-66.7439014, 10.5437935], [-66.7437512, 10.5439517], [-66.7436868, 10.5440308], [-66.7435098, 10.5442418], [-66.7432255, 10.544553], [-66.7430323, 10.5447956], [-66.742909, 10.5449907], [-66.7428178, 10.5451331], [-66.7427319, 10.5452333], [-66.7426246, 10.5453229], [-66.7425603, 10.5454284], [-66.7424369, 10.5456235], [-66.7423618, 10.5457343], [-66.7422438, 10.5458767], [-66.7421258, 10.5459769], [-66.7419541, 10.5460876], [-66.7417663, 10.5461773], [-66.7415142, 10.5460402], [-66.7413425, 10.5459927], [-66.741187, 10.5459822], [-66.7409939, 10.5460085], [-66.7408383, 10.5460665], [-66.7406505, 10.5461298], [-66.7405003, 10.5461246], [-66.7403394, 10.5460824], [-66.7401731, 10.5460191], [-66.7399854, 10.5459294], [-66.7397708, 10.5458345], [-66.7394435, 10.545787], [-66.7390144, 10.5457976], [-66.7387623, 10.545787], [-66.7384994, 10.5457343], [-66.7382687, 10.5456552], [-66.7380703, 10.5455339], [-66.7379093, 10.5454231], [-66.737743, 10.5453757], [-66.7375338, 10.5453862], [-66.7374104, 10.5454284], [-66.7372549, 10.5454864], [-66.737051, 10.5455075], [-66.7368686, 10.5454811], [-66.7366594, 10.545439], [-66.7362464, 10.5454284], [-66.7358548, 10.5454759], [-66.7355865, 10.545497], [-66.7352057, 10.5455181], [-66.7348141, 10.5455181], [-66.7345619, 10.5455339], [-66.7344064, 10.545555], [-66.7341113, 10.5456446], [-66.7335266, 10.5458714], [-66.7329741, 10.546114], [-66.7323679, 10.5463988], [-66.7319495, 10.5465886], [-66.7315793, 10.5467838], [-66.7312199, 10.5469789], [-66.7308766, 10.5471424], [-66.7305654, 10.5473112], [-66.7303079, 10.5474746], [-66.730147, 10.5475959], [-66.7300183, 10.5477172], [-66.7296052, 10.5477542], [-66.7292404, 10.5477383], [-66.7290098, 10.5476961], [-66.7288274, 10.5476487], [-66.7285377, 10.5476118], [-66.7283338, 10.5475748], [-66.7281085, 10.5475379], [-66.7278618, 10.5475168], [-66.7275024, 10.5475168], [-66.7271805, 10.5475168], [-66.7264563, 10.5475485], [-66.7261827, 10.5474061], [-66.7258608, 10.5472215], [-66.7255175, 10.5470422], [-66.7252386, 10.5469051], [-66.7248845, 10.5468101], [-66.7245948, 10.5467891], [-66.724332, 10.5467891], [-66.7239779, 10.5468418], [-66.7236507, 10.5469103], [-66.7231625, 10.5470422], [-66.7228246, 10.546942], [-66.7223793, 10.5468312], [-66.7215854, 10.5466941], [-66.7211831, 10.5466467], [-66.7207646, 10.5466467], [-66.7204964, 10.5466467], [-66.7203248, 10.5466203], [-66.7201263, 10.5465517], [-66.7199707, 10.5464463], [-66.7198259, 10.5463197], [-66.7196703, 10.5461193], [-66.7195094, 10.5459083], [-66.7193055, 10.5457185], [-66.7191607, 10.5455181], [-66.7190266, 10.545402], [-66.7187959, 10.5452438], [-66.7185545, 10.5451067], [-66.7183185, 10.5449749], [-66.7181361, 10.5448799], [-66.7178947, 10.5447375], [-66.7176747, 10.5445951], [-66.7174602, 10.5444791], [-66.717267, 10.5443789], [-66.7170847, 10.5442945], [-66.7168862, 10.5441943], [-66.716693, 10.544131], [-66.7164785, 10.543957], [-66.7161942, 10.5437513], [-66.7160064, 10.5435878], [-66.7158508, 10.5433874], [-66.7156845, 10.5431818], [-66.7155558, 10.5430288], [-66.7153251, 10.5428179], [-66.7150569, 10.5426175], [-66.714896, 10.5424276], [-66.7148316, 10.5421744], [-66.7147028, 10.5418738], [-66.7145687, 10.5416312], [-66.7144668, 10.5414625], [-66.714322, 10.541241], [-66.7141664, 10.5410511], [-66.7140269, 10.5408718], [-66.7138821, 10.5406503], [-66.7136568, 10.5403497], [-66.7134315, 10.540355], [-66.7131311, 10.5403761], [-66.7129701, 10.5402811], [-66.7128307, 10.5401967], [-66.7126697, 10.5401018], [-66.7124766, 10.5399647], [-66.7122352, 10.539817], [-66.7121762, 10.5397748], [-66.7120636, 10.5397063], [-66.7119563, 10.5396588], [-66.711511, 10.5396113], [-66.7113072, 10.5396272], [-66.7110819, 10.5396535], [-66.7108136, 10.5396588], [-66.7106152, 10.5396324], [-66.7104167, 10.5395797], [-66.7101592, 10.5394795], [-66.7095101, 10.5392791], [-66.7091829, 10.5394109], [-66.7089093, 10.5395533], [-66.7086572, 10.5396588], [-66.7083246, 10.5398698], [-66.7080724, 10.5400227], [-66.7075735, 10.540202], [-66.7071176, 10.5403286], [-66.7060554, 10.5405606], [-66.7055994, 10.5406661], [-66.7050201, 10.540856], [-66.7047572, 10.5409615], [-66.7045265, 10.5410617], [-66.7043281, 10.541183], [-66.7041296, 10.5413306], [-66.7039311, 10.5415047], [-66.7037541, 10.5416365], [-66.703561, 10.5417262], [-66.7033249, 10.5418158], [-66.7031103, 10.541858], [-66.7029065, 10.5418949], [-66.7027026, 10.5419371], [-66.7024237, 10.5420321], [-66.7022118, 10.5421375], [-66.7019919, 10.5422483], [-66.7018122, 10.5423406], [-66.7017424, 10.5423696], [-66.70156, 10.5424619], [-66.7013937, 10.5425278], [-66.701155, 10.542599], [-66.7009458, 10.5426544], [-66.7007902, 10.542686], [-66.7006803, 10.5427018], [-66.7005676, 10.5427018], [-66.700294, 10.5427229], [-66.7000955, 10.5427071], [-66.6996074, 10.5425911], [-66.6993713, 10.5425331], [-66.6991246, 10.5425067], [-66.6989261, 10.5425067], [-66.6987062, 10.5425278], [-66.6985345, 10.5425594], [-66.6982287, 10.5426227], [-66.6980356, 10.5426596], [-66.6978854, 10.5426913], [-66.6976976, 10.5427388], [-66.6974616, 10.5427493], [-66.6971558, 10.5427546], [-66.6969037, 10.5426966], [-66.6967374, 10.5426544], [-66.6965282, 10.5426069], [-66.6963297, 10.5425278], [-66.6961044, 10.542454], [-66.6959488, 10.5423801], [-66.6957879, 10.542301], [-66.6956484, 10.5422114], [-66.6954768, 10.5421112], [-66.6953749, 10.5420742], [-66.6950637, 10.5420637], [-66.6948062, 10.5420742], [-66.6946024, 10.5421112], [-66.6943878, 10.5421586], [-66.6940928, 10.5422694], [-66.6938192, 10.5424223], [-66.6935885, 10.5425436], [-66.6933847, 10.5426544], [-66.6931111, 10.5427704], [-66.6928321, 10.5428811], [-66.6925424, 10.5429972], [-66.6922313, 10.543129], [-66.6921079, 10.543187], [-66.6920543, 10.5434296], [-66.6919202, 10.5437039], [-66.6917324, 10.5438357], [-66.6915071, 10.5439201], [-66.6913515, 10.5439781], [-66.6911799, 10.544015], [-66.6909599, 10.5440045], [-66.690799, 10.543957], [-66.6906112, 10.5438726], [-66.690445, 10.5438041], [-66.6901928, 10.5437566], [-66.6900212, 10.5437566], [-66.689828, 10.5437935], [-66.6896188, 10.5438463], [-66.6894043, 10.5438937], [-66.6892165, 10.5439306], [-66.6890127, 10.5438252], [-66.6888303, 10.5437302], [-66.6886318, 10.5436406], [-66.6884869, 10.5436248], [-66.6883153, 10.5436406], [-66.6881597, 10.543667], [-66.6880471, 10.5436564], [-66.687929, 10.5436195], [-66.6877842, 10.5435615], [-66.6876018, 10.5436986], [-66.6874194, 10.5437988], [-66.6872853, 10.5438674], [-66.6870922, 10.5439517], [-66.6869044, 10.5440467], [-66.6866148, 10.5441732], [-66.6863519, 10.5442207], [-66.6861212, 10.5442682], [-66.6857994, 10.5443578], [-66.6851932, 10.5445055], [-66.6849196, 10.5443895], [-66.6846675, 10.544284], [-66.6844797, 10.5441627], [-66.6842705, 10.5440361], [-66.6840774, 10.543957], [-66.6839325, 10.5440308], [-66.6837984, 10.5440994], [-66.6836482, 10.5441574], [-66.6834551, 10.5442102], [-66.683203, 10.5442207], [-66.6830099, 10.5442102], [-66.6828489, 10.5443209], [-66.6826075, 10.5444686], [-66.6824305, 10.5446057], [-66.682114, 10.5444897], [-66.6819477, 10.5444528], [-66.6817921, 10.5444528], [-66.681658, 10.5444528], [-66.681481, 10.5444844], [-66.6812718, 10.5445266], [-66.6810519, 10.5445371], [-66.680848, 10.5445319], [-66.6806549, 10.5444949], [-66.6805047, 10.5444528], [-66.6803008, 10.5444053], [-66.6799575, 10.5445319], [-66.6796839, 10.5446426], [-66.6795069, 10.5447217], [-66.6792655, 10.5448377], [-66.6789061, 10.5450065], [-66.6787183, 10.5450909], [-66.6784662, 10.5451225], [-66.6781765, 10.5451225], [-66.677978, 10.545112], [-66.677742, 10.545112], [-66.6775435, 10.5451383], [-66.6773504, 10.5452227], [-66.6771841, 10.5453388], [-66.676991, 10.5454442], [-66.6768462, 10.5455312], [-66.6767067, 10.5454864], [-66.6763955, 10.5453598], [-66.6760844, 10.5452227], [-66.6758698, 10.5450909], [-66.6757196, 10.5449854], [-66.6756284, 10.5448588], [-66.6754407, 10.5446479], [-66.6752744, 10.544458], [-66.6751349, 10.5443209], [-66.6749418, 10.5441416], [-66.6747701, 10.543957], [-66.674636, 10.5437566], [-66.674518, 10.5435615], [-66.6743517, 10.5433558], [-66.6740727, 10.5430763], [-66.6738796, 10.5427757], [-66.6737562, 10.5426122], [-66.6736221, 10.5424803], [-66.6733486, 10.5426544], [-66.6731823, 10.5427704], [-66.6730321, 10.5428706], [-66.6728604, 10.5429339], [-66.6726565, 10.5429392], [-66.6724902, 10.5429392], [-66.6722435, 10.5429497], [-66.6720557, 10.5429708], [-66.6715998, 10.5429919], [-66.671176, 10.5429972], [-66.6708863, 10.5429972], [-66.6705483, 10.5429972], [-66.6701514, 10.5429339], [-66.6697919, 10.5428548], [-66.6695827, 10.5428073], [-66.6689605, 10.5426544], [-66.668601, 10.5425858], [-66.6682416, 10.5425489], [-66.667968, 10.5425542], [-66.6677105, 10.5426227], [-66.6674638, 10.5427388], [-66.6672868, 10.5428231], [-66.6668898, 10.5430024], [-66.6661227, 10.5430077], [-66.6656506, 10.5430024], [-66.6652966, 10.5430183], [-66.6649962, 10.5430341], [-66.6646528, 10.543013], [-66.6643846, 10.542955], [-66.6641915, 10.5429128], [-66.6639447, 10.5428864], [-66.6636658, 10.5429022], [-66.66336, 10.5429444], [-66.6627699, 10.5430605], [-66.6622496, 10.5431396], [-66.6618043, 10.5431818], [-66.6615254, 10.5431659], [-66.6607314, 10.5428284], [-66.6602701, 10.5425911], [-66.6597605, 10.5423907], [-66.659444, 10.5422852], [-66.6591382, 10.5422272], [-66.6586769, 10.542127], [-66.658355, 10.5420848], [-66.6580385, 10.5421217], [-66.6578078, 10.5421955], [-66.6575879, 10.5423063], [-66.6572714, 10.5424381], [-66.6570461, 10.5425805], [-66.6568905, 10.5427124], [-66.656751, 10.5428495], [-66.6565901, 10.5429972], [-66.6558498, 10.5429233], [-66.6553509, 10.542897], [-66.6549701, 10.5428917], [-66.6544497, 10.5428811], [-66.6541386, 10.5428073], [-66.6538918, 10.5427493], [-66.6536504, 10.5426544], [-66.653409, 10.5425594], [-66.6528189, 10.5423749], [-66.6524541, 10.5422852], [-66.6521108, 10.5421692], [-66.6519338, 10.542069], [-66.6517192, 10.5419371], [-66.651451, 10.5417367], [-66.6512579, 10.5415996], [-66.6510272, 10.5414783], [-66.6507483, 10.5413465], [-66.6502386, 10.5411144], [-66.6497988, 10.5409615], [-66.649375, 10.5408138], [-66.6489297, 10.5407083], [-66.6485918, 10.5406239], [-66.648345, 10.5405237], [-66.6481572, 10.5404552], [-66.6479051, 10.5403233], [-66.6477281, 10.5402337], [-66.6476101, 10.5401176], [-66.6474652, 10.53997], [-66.6472936, 10.5398381], [-66.6471058, 10.5397221], [-66.6469234, 10.5396377], [-66.6466981, 10.5396272], [-66.6464138, 10.5396377], [-66.6461349, 10.5396377], [-66.6454911, 10.5397274], [-66.645062, 10.5398223], [-66.6446757, 10.5398803], [-66.6443217, 10.5399172], [-66.6439998, 10.539933], [-66.6432005, 10.5399858], [-66.643002, 10.5398539], [-66.6428143, 10.5397379], [-66.6425943, 10.5396113], [-66.642412, 10.5395006], [-66.6422349, 10.5394215], [-66.6420257, 10.539374], [-66.6418219, 10.5393424], [-66.6414571, 10.5392474], [-66.6411567, 10.5394004], [-66.6410172, 10.5395111], [-66.6407383, 10.5396799], [-66.640529, 10.5398223], [-66.640234, 10.5400174], [-66.639955, 10.5401756], [-66.63966, 10.540318], [-66.6393757, 10.5404552], [-66.6390967, 10.5406134], [-66.6388178, 10.5407663], [-66.63863, 10.540856], [-66.638099, 10.5411513], [-66.6373909, 10.5415205], [-66.6371495, 10.5416893], [-66.6369349, 10.5418158], [-66.6365755, 10.5419266], [-66.6363716, 10.5419529], [-66.6361892, 10.5419424], [-66.63598, 10.5418897], [-66.635744, 10.5418422], [-66.6355187, 10.5418158], [-66.6353148, 10.5418211], [-66.6350359, 10.5418527], [-66.6347998, 10.5418316], [-66.6345745, 10.5417473], [-66.6343117, 10.5416893], [-66.6340327, 10.5416682], [-66.6337645, 10.5416682], [-66.6334534, 10.5417209], [-66.6332388, 10.5418], [-66.6330457, 10.5418475], [-66.6328687, 10.5418422], [-66.6326916, 10.5418422], [-66.6324556, 10.5418633], [-66.6321874, 10.5418897], [-66.6320479, 10.5417842], [-66.6319192, 10.5417103], [-66.6317743, 10.5416154], [-66.6316134, 10.541531], [-66.6313988, 10.5415047], [-66.631211, 10.5415258], [-66.6309428, 10.5415785], [-66.6306853, 10.5416312], [-66.6300201, 10.5417473], [-66.6298753, 10.541684], [-66.6296929, 10.5415838], [-66.6294944, 10.5414941], [-66.6293496, 10.541415], [-66.6292208, 10.5413359], [-66.6290706, 10.5412832], [-66.6289043, 10.5412779], [-66.6287381, 10.541299], [-66.6285449, 10.5413148], [-66.6284967, 10.5412252], [-66.6284216, 10.5410933], [-66.6283464, 10.5408876], [-66.628148, 10.5408454], [-66.6279602, 10.5408402], [-66.6277349, 10.5408402], [-66.6275311, 10.5408718], [-66.6273379, 10.5409509], [-66.627059, 10.54103], [-66.6268122, 10.5408454], [-66.6265762, 10.5406714], [-66.626308, 10.5405343], [-66.6260558, 10.5404341], [-66.6258466, 10.5403339], [-66.6256374, 10.5402178], [-66.6253209, 10.5403022], [-66.6251278, 10.5403708], [-66.6249508, 10.5404499], [-66.6243982, 10.5406714], [-66.6241461, 10.5405712], [-66.6239584, 10.5405132], [-66.6237438, 10.540471], [-66.6234165, 10.5404077], [-66.6229928, 10.5405817], [-66.6226816, 10.5406978], [-66.6224992, 10.5407663], [-66.621936, 10.5409456], [-66.6215444, 10.5409193], [-66.6212225, 10.5408929], [-66.6209221, 10.5409087], [-66.6205144, 10.5409245], [-66.6193181, 10.5409931], [-66.6188783, 10.5410089], [-66.6184062, 10.5410722], [-66.6179127, 10.5411355], [-66.6176069, 10.5412093], [-66.6173816, 10.5412937], [-66.6171831, 10.541415], [-66.6170758, 10.5415152], [-66.6169417, 10.5416576], [-66.6164321, 10.5416945], [-66.6160834, 10.541626], [-66.6157937, 10.5415732], [-66.6155738, 10.5414888], [-66.6152948, 10.5413623], [-66.6150534, 10.5412779], [-66.6147101, 10.5412093], [-66.6144258, 10.5411513], [-66.6141361, 10.5410564], [-66.6139484, 10.5410142], [-66.6135836, 10.5409404], [-66.6132242, 10.5408665], [-66.6129881, 10.5408349], [-66.6127789, 10.5408454], [-66.6125482, 10.5408771], [-66.6122103, 10.5409298], [-66.6116846, 10.5407821], [-66.6114539, 10.5407663], [-66.6112661, 10.5407769], [-66.6109496, 10.5408296], [-66.6106707, 10.5408454], [-66.6101611, 10.5405817], [-66.6098499, 10.5403602], [-66.6096568, 10.540202], [-66.6095495, 10.5401124], [-66.6092706, 10.5398961], [-66.6090185, 10.5396957], [-66.6088146, 10.5395586], [-66.6085571, 10.5394268], [-66.608364, 10.5393476], [-66.6081816, 10.5392791], [-66.6079187, 10.5391947], [-66.6074842, 10.5390048], [-66.6072267, 10.538873], [-66.6070604, 10.5387728], [-66.6068727, 10.5386779], [-66.6066313, 10.5385882], [-66.6064328, 10.5384985], [-66.6062182, 10.53843], [-66.605832, 10.5384616], [-66.6050448, 10.5383759], [-66.6039357, 10.5386067], [-66.6033912, 10.5388888], [-66.603182, 10.5390207], [-66.6026616, 10.5394109], [-66.6024685, 10.5395797], [-66.6022217, 10.5397748], [-66.6020554, 10.5399278], [-66.6018838, 10.5401493], [-66.6015512, 10.5405184], [-66.6012991, 10.5408665], [-66.6013688, 10.5410986], [-66.6014063, 10.5412726], [-66.6014224, 10.5414203], [-66.601401, 10.541626], [-66.6013205, 10.5418738], [-66.6011971, 10.5423168], [-66.6012561, 10.5425383], [-66.6013205, 10.5428495], [-66.6013527, 10.543013], [-66.6013527, 10.5433083], [-66.6013098, 10.5437302], [-66.6012776, 10.5440045], [-66.6012025, 10.5442365], [-66.6011167, 10.5444264], [-66.6009718, 10.5446057], [-66.6006661, 10.5449274], [-66.6003925, 10.5451753], [-66.6001028, 10.5454126], [-66.5998453, 10.5456288], [-66.5996146, 10.5459189], [-66.5994108, 10.5461931], [-66.5990353, 10.5463671], [-66.5986812, 10.5465517], [-66.5983754, 10.5467099], [-66.5981072, 10.5468734], [-66.5977264, 10.5471055], [-66.5973187, 10.5473692], [-66.5970236, 10.5476223], [-66.5968251, 10.547828], [-66.5966535, 10.5480548], [-66.5961063, 10.5483606], [-66.5957952, 10.5485136], [-66.5955108, 10.5487034], [-66.5952265, 10.5489038], [-66.5950227, 10.5490304], [-66.5948296, 10.5491675], [-66.5946633, 10.5493046], [-66.5945721, 10.5494312], [-66.5944755, 10.5495736], [-66.5940517, 10.5500324], [-66.5938103, 10.5502434], [-66.5935099, 10.5504649], [-66.5932578, 10.5506705], [-66.5930861, 10.5508077], [-66.5929037, 10.5510239], [-66.5926945, 10.5512981], [-66.5925336, 10.5515776], [-66.592437, 10.5517833], [-66.5923888, 10.551952], [-66.592378, 10.5522157], [-66.5924048, 10.5524794], [-66.5923834, 10.552664], [-66.592319, 10.5528908], [-66.5922171, 10.553107], [-66.592142, 10.553281], [-66.5920132, 10.5535447], [-66.591906, 10.5536924], [-66.5917558, 10.5538137], [-66.5916002, 10.5538822], [-66.59123, 10.5539666], [-66.5909672, 10.55384], [-66.5907365, 10.5537346], [-66.590479, 10.5536133], [-66.5902054, 10.5535394], [-66.589964, 10.5535131], [-66.5897441, 10.5534656], [-66.5895724, 10.5534287], [-66.5894115, 10.5533759], [-66.5892398, 10.5532731], [-66.5890789, 10.5531914], [-66.5889663, 10.5532863], [-66.5887463, 10.5535658], [-66.5886229, 10.553724], [-66.5884566, 10.5538664], [-66.5882367, 10.5540246], [-66.5879256, 10.5541986], [-66.5877003, 10.5542672], [-66.5873945, 10.554399], [-66.5871906, 10.5544992], [-66.586901, 10.5546311], [-66.5866542, 10.5547524], [-66.5862626, 10.5549], [-66.585812, 10.5550266], [-66.5855223, 10.5551057], [-66.5852863, 10.5551479], [-66.5850234, 10.5551848], [-66.5846372, 10.5552006], [-66.5843153, 10.5552112], [-66.5840685, 10.5552059], [-66.5838915, 10.5552059], [-66.5836984, 10.555285], [-66.5835428, 10.5553799], [-66.583339, 10.5554801], [-66.5831244, 10.5555487], [-66.5827972, 10.5556489], [-66.5825772, 10.55567], [-66.5823841, 10.5554749], [-66.5821964, 10.5553167], [-66.5820837, 10.5552165], [-66.5820569, 10.5549475], [-66.5820569, 10.5547471], [-66.5820462, 10.554399], [-66.5819925, 10.5542145], [-66.5819174, 10.5540141], [-66.581499, 10.5541354], [-66.5812469, 10.5541934], [-66.580984, 10.5542356], [-66.5806836, 10.5542408], [-66.5802437, 10.5542408], [-66.5800935, 10.5541828], [-66.5799218, 10.5540562], [-66.5797502, 10.5539508], [-66.5794981, 10.5538031], [-66.5792888, 10.5536765], [-66.579144, 10.5535342], [-66.579026, 10.5533601], [-66.5788329, 10.5531492], [-66.5785968, 10.5530701], [-66.5782964, 10.5530121], [-66.5779585, 10.552954], [-66.5776205, 10.5528802], [-66.5773094, 10.5528222], [-66.5769875, 10.5527642], [-66.5767139, 10.552722], [-66.5764833, 10.5527273], [-66.5764028, 10.5526007], [-66.5762633, 10.5523845], [-66.5760434, 10.552047], [-66.5758771, 10.5519837], [-66.5757376, 10.5519468], [-66.5755445, 10.5519204], [-66.5753889, 10.5519204], [-66.5752494, 10.5518835], [-66.5750992, 10.5517991], [-66.574949, 10.5516673], [-66.5746915, 10.5515038], [-66.5738761, 10.5511188], [-66.5737313, 10.5510397], [-66.5734631, 10.5509553], [-66.5732002, 10.5509079], [-66.5728194, 10.5508551], [-66.5725672, 10.5506547], [-66.5723312, 10.5504807], [-66.572004, 10.5502803], [-66.5717143, 10.5501221], [-66.5714461, 10.5499902], [-66.5712476, 10.5498531], [-66.5709364, 10.5496474], [-66.5707433, 10.5496158], [-66.5705395, 10.5496052], [-66.5702015, 10.5496263], [-66.5697509, 10.5495947], [-66.5694827, 10.5494365], [-66.5691125, 10.5492203], [-66.5688229, 10.5490568], [-66.5685439, 10.5489302], [-66.568265, 10.5488564], [-66.5679807, 10.5487984], [-66.5677071, 10.5487773], [-66.5674496, 10.5487773], [-66.5671653, 10.548772], [-66.5669882, 10.5487509], [-66.5668005, 10.5487034], [-66.5665859, 10.5486085], [-66.5664464, 10.5485136], [-66.5662158, 10.548387], [-66.5659851, 10.5484028], [-66.5656364, 10.5484081], [-66.5654379, 10.5484028], [-66.5652019, 10.5483659], [-66.5649766, 10.5482921], [-66.5646601, 10.5481708], [-66.5644455, 10.5481497], [-66.5642417, 10.5481655], [-66.5640003, 10.5482077], [-66.5634477, 10.5482657], [-66.5632063, 10.5482815], [-66.5626699, 10.5483184], [-66.5622407, 10.548329], [-66.5618706, 10.5483817], [-66.5615541, 10.5484081], [-66.5612, 10.5484081], [-66.5609211, 10.5484081], [-66.5606582, 10.5483659], [-66.5601969, 10.548213], [-66.559757, 10.5480917], [-66.5594298, 10.5479967], [-66.5591133, 10.5478754], [-66.5586573, 10.547712], [-66.5581852, 10.5477014], [-66.5578044, 10.5477067], [-66.5575898, 10.5477067], [-66.5573323, 10.5476592], [-66.5570533, 10.5475801], [-66.5567851, 10.5475221], [-66.5565544, 10.5474535], [-66.5563238, 10.5473903], [-66.5558302, 10.5474114], [-66.5554494, 10.5474061], [-66.5550846, 10.5473797], [-66.5547681, 10.5473112], [-66.5543282, 10.5471688], [-66.5539527, 10.5470211], [-66.5537113, 10.5469631], [-66.5535075, 10.5469578], [-66.5532875, 10.5469578], [-66.5530998, 10.5469473], [-66.5528905, 10.5468945], [-66.5526813, 10.5468049], [-66.5524882, 10.5467099], [-66.5523219, 10.5466203], [-66.5519035, 10.5464357], [-66.5515441, 10.5462248], [-66.551308, 10.5460824], [-66.551131, 10.5459822], [-66.5504873, 10.5460718], [-66.5499777, 10.5461615], [-66.549468, 10.5462353], [-66.5488672, 10.5463302], [-66.5484488, 10.5464146], [-66.5480572, 10.5465412], [-66.5478212, 10.5466519], [-66.5475637, 10.5467469], [-66.547215, 10.5468471], [-66.5467268, 10.5469367], [-66.5462923, 10.5467152], [-66.5459865, 10.5465676], [-66.5456861, 10.5464357], [-66.5453053, 10.5465148], [-66.5449834, 10.5465728], [-66.544624, 10.5466467], [-66.5443021, 10.5466783], [-66.5441197, 10.5466783], [-66.5438622, 10.5466783], [-66.5435779, 10.5466625], [-66.5432346, 10.5466519], [-66.5429932, 10.5466519], [-66.5427625, 10.5466519], [-66.5421617, 10.5467047], [-66.5417218, 10.5467099], [-66.5415072, 10.5467099], [-66.5412068, 10.5466941], [-66.5408957, 10.546673], [-66.5404934, 10.5466572], [-66.5401983, 10.5466836], [-66.5400589, 10.5469314], [-66.5399247, 10.5471266], [-66.5397531, 10.5472795], [-66.5395868, 10.547385], [-66.5393078, 10.547501], [-66.5387714, 10.5477542], [-66.5387017, 10.5480706], [-66.538648, 10.5482604], [-66.5385729, 10.5484397], [-66.5384871, 10.5486191], [-66.5384013, 10.5488616], [-66.5383047, 10.5491306], [-66.5382618, 10.549331], [-66.538192, 10.5495525], [-66.5380526, 10.5498004], [-66.5378165, 10.5500588], [-66.5376234, 10.5502539], [-66.5374786, 10.5504121], [-66.5373659, 10.5506442], [-66.5373391, 10.5508129], [-66.5372855, 10.5510819], [-66.5372211, 10.5513087], [-66.5370441, 10.5516198], [-66.5368295, 10.5518413], [-66.5364915, 10.5520839], [-66.5362769, 10.5522263], [-66.5361053, 10.5524003], [-66.5359336, 10.5525743], [-66.5357888, 10.5526956], [-66.5355903, 10.5528328], [-66.5354133, 10.5527167], [-66.5352416, 10.5525954], [-66.5351182, 10.5525111], [-66.5350109, 10.5524794], [-66.5348661, 10.5524847], [-66.5346569, 10.5525269], [-66.534512, 10.5525532], [-66.5343404, 10.5525532], [-66.5341044, 10.5525216], [-66.5338844, 10.5524741], [-66.5336216, 10.5524583], [-66.5333319, 10.5524583], [-66.5330368, 10.5524952], [-66.5328276, 10.5525638], [-66.5325379, 10.5526851], [-66.5322805, 10.5528011], [-66.532023, 10.5528697], [-66.5317494, 10.552896], [-66.531449, 10.552896], [-66.53117, 10.552838], [-66.5309233, 10.5527958], [-66.5305585, 10.5527326], [-66.530242, 10.552722], [-66.5299523, 10.5527378], [-66.5296197, 10.5527378], [-66.5296036, 10.5526218], [-66.5295875, 10.552432], [-66.5295607, 10.552163], [-66.5290403, 10.5520153], [-66.5287131, 10.551952], [-66.5284234, 10.551894], [-66.5281284, 10.5518518], [-66.5276456, 10.5518202], [-66.5272808, 10.5517569], [-66.5270448, 10.5516831], [-66.5268087, 10.5515618], [-66.5265781, 10.5514247], [-66.5263206, 10.5512876], [-66.5260845, 10.5512401], [-66.5257627, 10.5511715], [-66.5255266, 10.5511346], [-66.5253228, 10.5510977], [-66.525076, 10.5510186], [-66.5249151, 10.5509342], [-66.5247649, 10.5508182], [-66.5245289, 10.5507022], [-66.5243357, 10.5506547], [-66.524148, 10.5506231], [-66.5239495, 10.5505703], [-66.523751, 10.5504438], [-66.5236062, 10.5503172], [-66.5233862, 10.5501695], [-66.5230429, 10.5500271], [-66.5226781, 10.5499428], [-66.5223938, 10.54989], [-66.5221202, 10.5498847], [-66.5219325, 10.5499111], [-66.5217286, 10.549948], [-66.5214926, 10.5500219], [-66.5211922, 10.5500693], [-66.5207952, 10.5500904], [-66.5204787, 10.5500904], [-66.5202588, 10.550101], [-66.520012, 10.5501432], [-66.5198028, 10.550217], [-66.5196097, 10.5503172], [-66.519438, 10.5504174], [-66.5192074, 10.5505492], [-66.518805, 10.5507971], [-66.5184403, 10.5510502], [-66.5182042, 10.5509606], [-66.5180165, 10.5508709], [-66.5178555, 10.5507655], [-66.5177536, 10.5506547], [-66.5176624, 10.5505018], [-66.5174907, 10.5503963], [-66.5172225, 10.5502961], [-66.5168685, 10.5502064], [-66.5166432, 10.5501643], [-66.5164232, 10.5501854], [-66.5162247, 10.5502486], [-66.5159404, 10.5503752], [-66.5157098, 10.550486], [-66.5155703, 10.5503752], [-66.5154094, 10.5502645], [-66.5152109, 10.5501221], [-66.5149963, 10.5499533], [-66.5148193, 10.5498215], [-66.5146422, 10.5497107], [-66.5144706, 10.5495841], [-66.5143418, 10.549447], [-66.5141434, 10.5492572], [-66.5138644, 10.5491095], [-66.5137142, 10.549041], [-66.5135962, 10.5490093], [-66.5134352, 10.5489777], [-66.5132743, 10.5489302], [-66.5131134, 10.5488458], [-66.51299, 10.5487562], [-66.5128398, 10.5486612], [-66.5126091, 10.5485558], [-66.5123302, 10.5484872], [-66.5120244, 10.5484345], [-66.5115631, 10.5483554], [-66.5112251, 10.5482341], [-66.5109891, 10.5481391], [-66.5108228, 10.5480706], [-66.510635, 10.5479967], [-66.5103078, 10.5479018], [-66.5099967, 10.5478649], [-66.5097821, 10.5478649], [-66.5095943, 10.5478649], [-66.5093851, 10.5478438], [-66.5091759, 10.5477858], [-66.5089077, 10.5476909], [-66.5087038, 10.5475801], [-66.5084517, 10.5474905], [-66.5081352, 10.5474061], [-66.5078992, 10.547385], [-66.5076739, 10.5473586], [-66.507411, 10.5472848], [-66.5071642, 10.5471688], [-66.5067887, 10.547], [-66.5066278, 10.5470897], [-66.5064347, 10.5472637], [-66.5062577, 10.5474746], [-66.5060914, 10.547675], [-66.5058231, 10.5480759], [-66.5055335, 10.5479704], [-66.5052974, 10.5478965], [-66.5050453, 10.5478438], [-66.50482, 10.5478174], [-66.5046537, 10.5477911], [-66.5044445, 10.5477225], [-66.5042782, 10.5476065], [-66.5039885, 10.5474008], [-66.503849, 10.5472742], [-66.5037042, 10.5471635], [-66.5035754, 10.5470897], [-66.5033555, 10.5470158], [-66.5031785, 10.5469789], [-66.5030283, 10.5469473], [-66.5028995, 10.5469051], [-66.5027922, 10.5468365], [-66.5026957, 10.5467627], [-66.5025562, 10.5466678], [-66.5023255, 10.5465623], [-66.5020788, 10.5465043], [-66.5018374, 10.5464041], [-66.5014887, 10.546288], [-66.5012258, 10.5461773], [-66.5010434, 10.5460718], [-66.5008718, 10.5459611], [-66.5006518, 10.5458661], [-66.5004265, 10.5457818], [-66.500212, 10.5457237], [-66.5000027, 10.5456763], [-66.4997935, 10.5455866], [-66.4996916, 10.5455128], [-66.499579, 10.5453968], [-66.4994717, 10.545286], [-66.4992946, 10.5451911], [-66.4990157, 10.545112], [-66.4988065, 10.5450803], [-66.4984739, 10.544996], [-66.4983666, 10.5446479], [-66.4982861, 10.5443895], [-66.498093, 10.5439992], [-66.4980072, 10.5438146], [-66.4978516, 10.5435615], [-66.497696, 10.5432714], [-66.4975619, 10.5430077], [-66.4974332, 10.5427282], [-66.4973635, 10.5425594], [-66.4972884, 10.5423854], [-66.4971542, 10.5421428], [-66.4969987, 10.5419319], [-66.496886, 10.5417578], [-66.4967734, 10.5415416], [-66.4967197, 10.5413306], [-66.4966768, 10.5410511], [-66.4966768, 10.5408823], [-66.4966768, 10.5406714], [-66.4967144, 10.540471], [-66.4967197, 10.5402548], [-66.4965373, 10.5400807], [-66.4963388, 10.539912], [-66.4962101, 10.5397643], [-66.496076, 10.5396008], [-66.4959741, 10.5394531], [-66.4959043, 10.5392791], [-66.4958131, 10.5389521], [-66.4955771, 10.5389785], [-66.4951426, 10.5390418], [-66.4947671, 10.5391103], [-66.4944452, 10.5391472], [-66.4943647, 10.5390365], [-66.4942199, 10.5388572], [-66.4940107, 10.5386515], [-66.493544, 10.5383087], [-66.4933133, 10.5382612], [-66.4929324, 10.5381927], [-66.4925677, 10.5381821], [-66.4919829, 10.5381294], [-66.4916343, 10.5379659], [-66.4910924, 10.5377022], [-66.4908564, 10.5376125], [-66.4907062, 10.537507], [-66.4905453, 10.5373699], [-66.4904326, 10.5372117], [-66.4902341, 10.5370588], [-66.490041, 10.5369638], [-66.4898157, 10.5368742], [-66.4894992, 10.5369533], [-66.4891988, 10.5370588], [-66.4886731, 10.537217], [-66.4882976, 10.5373225], [-66.4877558, 10.5374596], [-66.4872408, 10.5376442], [-66.4868116, 10.5375598], [-66.4865166, 10.5375281], [-66.4862108, 10.537544], [-66.4860177, 10.5375703], [-66.4858407, 10.5376072], [-66.4856207, 10.537449], [-66.4853847, 10.5373383], [-66.4852345, 10.5373119], [-66.4849556, 10.537391], [-66.4846551, 10.5374965], [-66.48458, 10.5375229], [-66.4843011, 10.5373277], [-66.4841348, 10.5372433], [-66.4839739, 10.5371431], [-66.483652, 10.5371537], [-66.4832819, 10.5371748], [-66.4829171, 10.5371748], [-66.482563, 10.5371801], [-66.4823843, 10.5371624], [-66.4823377, 10.536774], [-66.4820051, 10.5367054], [-66.4816082, 10.5366843], [-66.4812487, 10.5366843], [-66.4809805, 10.5366843], [-66.4808196, 10.5366368], [-66.4806855, 10.5365366], [-66.4805406, 10.5363995], [-66.4803636, 10.536236], [-66.4801061, 10.53612], [-66.4799237, 10.5360725], [-66.4796233, 10.5359829], [-66.4793015, 10.5358352], [-66.4790762, 10.5357297], [-66.4787811, 10.5356559], [-66.47847, 10.5355873], [-66.4782286, 10.5355715], [-66.4778638, 10.5354449], [-66.4774776, 10.5353553], [-66.4769572, 10.535234], [-66.4765549, 10.5351179], [-66.4761633, 10.5349439], [-66.4759541, 10.5348331], [-66.4757127, 10.5347329], [-66.4753586, 10.5346116], [-66.4750475, 10.5345061], [-66.4747042, 10.5344007], [-66.4745969, 10.5343637], [-66.4744306, 10.5343374], [-66.4742696, 10.5343321], [-66.4741784, 10.5343268], [-66.4740551, 10.5342846], [-66.4738566, 10.5341686], [-66.4736205, 10.5340579], [-66.4733201, 10.533926], [-66.4727891, 10.5336096], [-66.4724028, 10.5333353], [-66.472258, 10.5332298], [-66.472081, 10.5330716], [-66.4718986, 10.5328185], [-66.4717054, 10.5325495], [-66.4715284, 10.53227], [-66.4711422, 10.5318902], [-66.4708686, 10.532001], [-66.4704394, 10.5321592], [-66.4701176, 10.53227], [-66.4696884, 10.532386], [-66.4692324, 10.5325284], [-66.4690608, 10.5325759], [-66.4688355, 10.532655], [-66.468637, 10.5327657], [-66.4683956, 10.5329503], [-66.4681381, 10.533214], [-66.4680523, 10.533541], [-66.4680094, 10.5337731], [-66.4679235, 10.5340526], [-66.4678109, 10.5343057], [-66.4676714, 10.5345905], [-66.467548, 10.5348384], [-66.467371, 10.5351707], [-66.4670116, 10.5354344], [-66.4667112, 10.5356242], [-66.4664054, 10.5357983], [-66.4660835, 10.5360092], [-66.4658368, 10.5361991], [-66.4653003, 10.5361358], [-66.4648873, 10.5361305], [-66.4645439, 10.5361411], [-66.4642704, 10.536178], [-66.4640987, 10.5361885], [-66.4638895, 10.5361464], [-66.463691, 10.5360672], [-66.4635301, 10.5359829], [-66.4632779, 10.5359038], [-66.4630687, 10.5358827], [-66.4628542, 10.535909], [-66.4626664, 10.5359565], [-66.4624625, 10.5360462], [-66.4623445, 10.5361147], [-66.4619368, 10.5358721], [-66.4616954, 10.5357403], [-66.4614272, 10.5356453], [-66.4611965, 10.535582], [-66.460982, 10.5355768], [-66.4607674, 10.5355768], [-66.4604348, 10.5357614], [-66.4601129, 10.5359459], [-66.4598125, 10.5361253], [-66.4595819, 10.5362677], [-66.4594692, 10.536563], [-66.4594102, 10.5368794], [-66.4593458, 10.5371801], [-66.4592707, 10.5374227], [-66.459142, 10.5376389], [-66.4590132, 10.5378077], [-66.4584982, 10.5378973], [-66.4582461, 10.5379448], [-66.4581388, 10.5379711], [-66.4579833, 10.5383403], [-66.457817, 10.538662], [-66.4575541, 10.5390839], [-66.4573824, 10.5393424], [-66.4573127, 10.539585], [-66.4572698, 10.5398223], [-66.4572001, 10.5400754], [-66.4570981, 10.5403022], [-66.4569801, 10.5405395], [-66.4567977, 10.5408402], [-66.45639, 10.5408349], [-66.4559984, 10.5408191], [-66.4557409, 10.5407663], [-66.4554566, 10.5407452], [-66.4552528, 10.5407452], [-66.4549148, 10.5407452], [-66.4543891, 10.5404657], [-66.4540833, 10.54026], [-66.4537615, 10.5400702], [-66.4534718, 10.5399436], [-66.4531446, 10.5398012], [-66.4526671, 10.5396324], [-66.4523399, 10.5394848], [-66.4520663, 10.5393107], [-66.4519322, 10.5391683], [-66.4518356, 10.538989], [-66.4517283, 10.5388308], [-66.4515567, 10.5386884], [-66.4513421, 10.5385407], [-66.4512026, 10.538372], [-66.4510954, 10.5381821], [-66.4508486, 10.5379501], [-66.4504087, 10.5376864], [-66.4500117, 10.5374438], [-66.4495933, 10.5370957], [-66.4489174, 10.536505], [-66.4485526, 10.5361991], [-66.4480913, 10.535851], [-66.4477801, 10.5356401], [-66.4477801, 10.5353764], [-66.4477158, 10.5350705], [-66.4475978, 10.5347118], [-66.4474797, 10.5343216], [-66.4474797, 10.5336359], [-66.4468145, 10.533657], [-66.4463639, 10.5337203], [-66.4459241, 10.5337836], [-66.4456236, 10.533425], [-66.4454091, 10.5331613], [-66.4450657, 10.5328765], [-66.4447439, 10.5326866], [-66.4444113, 10.5325917], [-66.4438641, 10.5325073], [-66.4434135, 10.5324862], [-66.4427698, 10.5324651], [-66.4420402, 10.5323702], [-66.4415467, 10.5322858], [-66.4409995, 10.5322331], [-66.4404953, 10.5322331], [-66.4400232, 10.5323491], [-66.4394438, 10.53256], [-66.4389181, 10.5327288], [-66.4381993, 10.5329398], [-66.4376521, 10.5330031], [-66.4371586, 10.5330347], [-66.4367509, 10.5331296], [-66.4360535, 10.5333195], [-66.4356083, 10.5333775], [-66.4352542, 10.5334039], [-66.4350182, 10.5334461], [-66.4347231, 10.5334988], [-66.4343101, 10.5335937], [-66.4339453, 10.5336623], [-66.4336181, 10.5337309], [-66.4333874, 10.5338047], [-66.4331192, 10.5338838], [-66.4327812, 10.5340684], [-66.4325076, 10.5342583], [-66.4319497, 10.5341633], [-66.4315528, 10.5341633], [-66.4312577, 10.5342055], [-66.4309412, 10.5342583], [-66.4306837, 10.5342794], [-66.4304853, 10.5342952], [-66.430276, 10.5343796], [-66.4301419, 10.5344692], [-66.4299434, 10.5346222], [-66.4296752, 10.5347751], [-66.429348, 10.5349544], [-66.4291495, 10.535139], [-66.4289242, 10.5354133], [-66.4287365, 10.5356981], [-66.4284736, 10.5359407], [-66.4282697, 10.5361042], [-66.4278942, 10.5363204], [-66.4277172, 10.5364259], [-66.4274865, 10.5365946], [-66.4273095, 10.5368531], [-66.4272344, 10.5370429], [-66.42717, 10.5372539], [-66.4270735, 10.5376442], [-66.4270145, 10.5379553], [-66.4269716, 10.5381505], [-66.4268482, 10.53843], [-66.4266872, 10.5387253], [-66.4266014, 10.5388519], [-66.4264351, 10.5390839], [-66.4262796, 10.539258], [-66.4261079, 10.5394373], [-66.4259309, 10.5396746], [-66.4257968, 10.5398803], [-66.4256787, 10.5400965], [-66.4255607, 10.5403075], [-66.425271, 10.5407136], [-66.4250457, 10.5410089], [-66.4246488, 10.5410406], [-66.4240694, 10.541146], [-66.4235973, 10.5412937], [-66.4232111, 10.5415258], [-66.4227498, 10.5418211], [-66.4225781, 10.5419371], [-66.4223206, 10.5421428], [-66.4222133, 10.5423063], [-66.4217359, 10.5423643], [-66.4213228, 10.5424276], [-66.4209634, 10.5425489], [-66.4206845, 10.542628], [-66.4202929, 10.5427018], [-66.4199227, 10.5427757], [-66.419574, 10.5428126], [-66.4190215, 10.5427757], [-66.4186353, 10.5427018], [-66.4182758, 10.5427018], [-66.4179111, 10.5427018], [-66.4172459, 10.5426913], [-66.4167845, 10.5427071], [-66.4162803, 10.5427071], [-66.4156258, 10.5427599], [-66.4151537, 10.5428073], [-66.4149821, 10.5427177], [-66.4146763, 10.5425383], [-66.4142364, 10.5423538], [-66.4138341, 10.5422166], [-66.4134425, 10.5421112], [-66.4130509, 10.5420057], [-66.4125574, 10.5418897], [-66.4123803, 10.5415205], [-66.412214, 10.5412568], [-66.4120424, 10.540972], [-66.4118815, 10.5406978], [-66.4116883, 10.5404815], [-66.4114577, 10.5402653], [-66.4109749, 10.5399963], [-66.4107227, 10.5398539], [-66.410417, 10.5396588], [-66.4101809, 10.5394742], [-66.4099342, 10.5391631], [-66.4097089, 10.5388572], [-66.4095318, 10.53872], [-66.4093441, 10.5386146], [-66.409108, 10.5385302], [-66.4087647, 10.5384616], [-66.4084536, 10.53843], [-66.4081639, 10.5384089], [-66.4078903, 10.5383614], [-66.4072412, 10.5382137], [-66.4067799, 10.5380819], [-66.4063507, 10.5379184], [-66.4059162, 10.5377391], [-66.4053798, 10.5374438], [-66.4048648, 10.537122], [-66.4044464, 10.5368953], [-66.4040333, 10.5367423], [-66.4036632, 10.5366157], [-66.4033252, 10.5365419], [-66.4030677, 10.5364839], [-66.4027298, 10.5365894], [-66.4024562, 10.5366843], [-66.4021879, 10.5367318], [-66.4019358, 10.5367318], [-66.4016032, 10.5367318], [-66.4012975, 10.5367687], [-66.4010721, 10.5368109], [-66.4007503, 10.53689], [-66.4003319, 10.5370588], [-66.3998759, 10.5365577], [-66.3994467, 10.5362097], [-66.3991571, 10.5359881], [-66.3988137, 10.5358299], [-66.3984811, 10.535735], [-66.3980734, 10.5356717], [-66.3975906, 10.5356612], [-66.397183, 10.5355979], [-66.3966894, 10.5352603], [-66.3961959, 10.5349544], [-66.3958633, 10.534754], [-66.3954127, 10.5345114], [-66.3950157, 10.5343532], [-66.3944471, 10.5342266], [-66.3936693, 10.534079], [-66.3931274, 10.5343532], [-66.3927198, 10.5346064], [-66.3923818, 10.5347909], [-66.3921136, 10.5349017], [-66.3919526, 10.5349544], [-66.3914752, 10.535139], [-66.3909495, 10.5353711], [-66.390574, 10.5353289], [-66.3901985, 10.5352709], [-66.3898927, 10.5352656], [-66.389544, 10.5353025], [-66.3893241, 10.5353078], [-66.3889915, 10.5353869], [-66.3886803, 10.5355399], [-66.3883156, 10.5357825], [-66.387983, 10.5360198], [-66.387763, 10.5361675], [-66.3873714, 10.5363942], [-66.3870871, 10.5365155], [-66.3867277, 10.536621], [-66.3864702, 10.5366579], [-66.3858694, 10.5366527], [-66.3854295, 10.5366052], [-66.3850915, 10.5365366], [-66.3847214, 10.5364312], [-66.3844103, 10.5363468], [-66.3840669, 10.536294], [-66.3837344, 10.5362624], [-66.3834232, 10.5364153], [-66.3831389, 10.5365788], [-66.383093, 10.5366126], [-66.3828814, 10.5367687], [-66.3826186, 10.5369533], [-66.3824415, 10.537006], [-66.3820982, 10.5370798], [-66.3818407, 10.537122], [-66.3814437, 10.5371379], [-66.3811702, 10.5371326], [-66.3808537, 10.5371062], [-66.3805693, 10.5371062], [-66.3803494, 10.5371431], [-66.380131, 10.5372087], [-66.3800329, 10.5372381], [-66.3797432, 10.5373594], [-66.3795126, 10.5374648], [-66.3792658, 10.5375967], [-66.3789278, 10.5377391], [-66.378606, 10.5378868], [-66.378445, 10.5379342], [-66.3782144, 10.5380186], [-66.3779891, 10.5381083], [-66.3776082, 10.5382243], [-66.3773292, 10.5382612], [-66.3770557, 10.5382243], [-66.3768303, 10.5381663], [-66.3765836, 10.5381399], [-66.3763315, 10.5381399], [-66.3760686, 10.5381716], [-66.3758272, 10.5382085], [-66.3752693, 10.5382929], [-66.3748133, 10.5383931], [-66.3744164, 10.5384353], [-66.3736385, 10.538488], [-66.3730002, 10.5385724], [-66.3726461, 10.5384722], [-66.3723028, 10.5383983], [-66.3721923, 10.5383778], [-66.3719326, 10.5383298], [-66.3716537, 10.5383192], [-66.3714069, 10.5382929], [-66.371187, 10.5382296], [-66.3709885, 10.5381557], [-66.3707042, 10.5380028], [-66.3705003, 10.5379237], [-66.3702107, 10.5377971], [-66.3699371, 10.5376442], [-66.3696957, 10.5374701], [-66.369465, 10.5375598], [-66.3691807, 10.5376653], [-66.3688105, 10.5378129], [-66.3685101, 10.5379026], [-66.3681078, 10.5380555], [-66.367861, 10.5381716], [-66.3675714, 10.5382718], [-66.3672441, 10.5383667], [-66.3669705, 10.5383772], [-66.366697, 10.5383403], [-66.3663697, 10.5382718], [-66.3660961, 10.5382243], [-66.3657528, 10.5382401], [-66.3653827, 10.5383192], [-66.3651896, 10.5383931], [-66.3649374, 10.5385355], [-66.3647014, 10.5387148], [-66.3644439, 10.5389785], [-66.364228, 10.5391498], [-66.3641381, 10.5392211], [-66.3638699, 10.5393476], [-66.3636926, 10.539392], [-66.3635534, 10.5394268], [-66.3632691, 10.539432], [-66.362958, 10.5394373], [-66.3624913, 10.5394742], [-66.3617885, 10.5394848], [-66.361118, 10.5394795], [-66.3606674, 10.5394689], [-66.3603733, 10.5394765], [-66.3602597, 10.5394795], [-66.3599727, 10.5395257], [-66.3596696, 10.5395744], [-66.3595672, 10.5395953], [-66.3592565, 10.5396588], [-66.3587952, 10.5397959], [-66.3586235, 10.5396113], [-66.3584948, 10.5394848], [-66.358366, 10.539374], [-66.3582212, 10.5392633], [-66.3580334, 10.5391947], [-66.3577384, 10.539105], [-66.3575077, 10.5390312], [-66.3572502, 10.5388941], [-66.357041, 10.5387411], [-66.356644, 10.538546], [-66.3563812, 10.5384353], [-66.3560754, 10.538335], [-66.3558447, 10.5382665], [-66.3556677, 10.5382454], [-66.3552761, 10.5384458], [-66.3550401, 10.5385776], [-66.3548309, 10.5386409], [-66.3546163, 10.538662], [-66.3545197, 10.538662], [-66.3542408, 10.5385355], [-66.3539243, 10.5384353], [-66.3538692, 10.5384214], [-66.3535273, 10.538335], [-66.3532108, 10.5382665], [-66.3527012, 10.5379922], [-66.3523257, 10.5377707], [-66.3518322, 10.5374649], [-66.3517785, 10.5371801], [-66.3517356, 10.536737], [-66.3516498, 10.5362624], [-66.3513816, 10.536178], [-66.3510811, 10.5361147], [-66.3507915, 10.5360514], [-66.3503945, 10.5359776], [-66.3498473, 10.5358194], [-66.3498366, 10.5353764], [-66.3498259, 10.5349861], [-66.349783, 10.5344587], [-66.3494018, 10.5341747], [-66.348908, 10.5334291], [-66.3492036, 10.5329503], [-66.3489783, 10.5325495], [-66.3487315, 10.5322331], [-66.348474, 10.5318744], [-66.3483775, 10.5316107], [-66.3483775, 10.531231], [-66.3483775, 10.5308512], [-66.348356, 10.5306456], [-66.3483131, 10.5303871], [-66.3482595, 10.5300232], [-66.3482541, 10.5297701], [-66.3480771, 10.5295275], [-66.3480073, 10.529327], [-66.3479698, 10.5290633], [-66.3479644, 10.5288365], [-66.3479322, 10.528615], [-66.3478625, 10.5283882], [-66.3477659, 10.5282247], [-66.3475943, 10.5279716], [-66.3474119, 10.5277554], [-66.3472241, 10.5275971], [-66.3469774, 10.5274231], [-66.3467199, 10.5271594], [-66.3466448, 10.527017], [-66.346575, 10.5268693], [-66.3465375, 10.5267005], [-66.3464999, 10.5265054], [-66.3464677, 10.5261257], [-66.3464087, 10.5258408], [-66.3460386, 10.5258198], [-66.3458133, 10.5257881], [-66.3455558, 10.5256932], [-66.3452768, 10.5256088], [-66.3449013, 10.5255244], [-66.3446009, 10.5255244], [-66.3442576, 10.5255244], [-66.3439787, 10.5255139], [-66.3436675, 10.5254084], [-66.3433671, 10.5252607], [-66.3427341, 10.5251447], [-66.3424981, 10.5252923], [-66.3420582, 10.5255244], [-66.3417471, 10.5256826], [-66.3409209, 10.5259569], [-66.3401377, 10.5261151], [-66.3396442, 10.5262206], [-66.3392043, 10.5263894], [-66.338684, 10.5265265], [-66.3381314, 10.5266425], [-66.3374931, 10.5266953], [-66.3368225, 10.5267269], [-66.3362861, 10.5266953], [-66.3358247, 10.5266531], [-66.3353098, 10.5265476], [-66.3347948, 10.5263366], [-66.3342476, 10.5261362], [-66.3336361, 10.5258936], [-66.3332498, 10.5257354], [-66.3327241, 10.5254928], [-66.3322413, 10.5251869], [-66.3316941, 10.5248177], [-66.3313937, 10.5245118], [-66.3312543, 10.5243219], [-66.330986, 10.5239105], [-66.3306749, 10.5236151], [-66.3303101, 10.5233831], [-66.3300419, 10.5232671], [-66.3297093, 10.5231299], [-66.329484, 10.5229717], [-66.3292694, 10.5226236], [-66.3291299, 10.5221173], [-66.3290656, 10.5217481], [-66.3290119, 10.5214211], [-66.3278854, 10.521843], [-66.3274241, 10.5220223], [-66.3269842, 10.5221911], [-66.3266087, 10.522381], [-66.3261902, 10.522592], [-66.3255787, 10.5225392], [-66.3251066, 10.5224127], [-66.3247096, 10.5223177], [-66.3244521, 10.5221595], [-66.3241947, 10.5219802], [-66.3238728, 10.5218747], [-66.323508, 10.5212734], [-66.3230896, 10.520862], [-66.3228214, 10.5206299], [-66.3225317, 10.5203768], [-66.32236, 10.5200814], [-66.3218773, 10.5194063], [-66.3215983, 10.519343], [-66.320461, 10.5193325], [-66.3201914, 10.5192696], [-66.3196711, 10.5197771], [-66.3188128, 10.5197771], [-66.317933, 10.5201779], [-66.3175253, 10.5202834], [-66.3171713, 10.5204522], [-66.3168011, 10.5212961], [-66.3178928, 10.5232475], [-66.3167528, 10.5256631], [-66.3162615, 10.5262985], [-66.3157466, 10.5272057], [-66.3160899, 10.5280706], [-66.316562, 10.5287246], [-66.3163688, 10.5295052], [-66.3158753, 10.5303279], [-66.3149741, 10.5304967], [-66.3136008, 10.5310241], [-66.3132789, 10.5319312], [-66.3129571, 10.5327329], [-66.3129571, 10.5338088], [-66.3131716, 10.5344417], [-66.3137725, 10.534737], [-66.3142231, 10.5352855], [-66.3144806, 10.5355809], [-66.3143089, 10.5359817], [-66.3137725, 10.5364458], [-66.3136652, 10.5369732], [-66.3138154, 10.5375217], [-66.3140345, 10.5379817], [-66.3141793, 10.5381505], [-66.3142759, 10.5383087], [-66.3143563, 10.5384458], [-66.31441, 10.5385302], [-66.3144904, 10.5387306], [-66.3145548, 10.538931], [-66.3146192, 10.5391578], [-66.3147372, 10.5394109], [-66.3148499, 10.5396219], [-66.3149679, 10.5398012], [-66.3150859, 10.5399541], [-66.3151395, 10.5400464], [-66.3151583, 10.5401176], [-66.3151583, 10.5401941], [-66.3151395, 10.5402495], [-66.3150939, 10.5403022], [-66.3150376, 10.540355], [-66.3149276, 10.5404472], [-66.3148767, 10.5405184], [-66.3148418, 10.5406134], [-66.3148204, 10.5406951], [-66.3148123, 10.5407663], [-66.3148123, 10.5408454], [-66.3148391, 10.5409193], [-66.3148767, 10.5409641], [-66.3149464, 10.5409878], [-66.3150215, 10.5409878], [-66.3151127, 10.5409562], [-66.3152066, 10.5408982], [-66.315279, 10.5408322], [-66.3154104, 10.5407452], [-66.3155419, 10.5406819], [-66.3156545, 10.5406477], [-66.315743, 10.5406371], [-66.315802, 10.5406503], [-66.3158423, 10.5406767], [-66.3158557, 10.5407083], [-66.3158745, 10.5407901], [-66.3158771, 10.5408982], [-66.3158771, 10.5410036], [-66.3158771, 10.5411012], [-66.3158745, 10.5412225], [-66.3158771, 10.5413886], [-66.3158771, 10.5415047], [-66.3158637, 10.5416233], [-66.3158289, 10.5418185], [-66.3158289, 10.5418976], [-66.3158396, 10.541974], [-66.3158691, 10.5420769], [-66.315912, 10.5421692], [-66.315963, 10.5422509], [-66.3160139, 10.5423274], [-66.3160971, 10.542454], [-66.3161588, 10.5425647], [-66.3162097, 10.5426939], [-66.3162687, 10.5428627], [-66.3163975, 10.5431818], [-66.3164538, 10.5433215], [-66.3165155, 10.5434534], [-66.3165638, 10.5435219], [-66.3166147, 10.5435667], [-66.3166738, 10.5435905], [-66.3167381, 10.5435984], [-66.3168186, 10.5435905], [-66.3168883, 10.5435562], [-66.3169849, 10.5434903], [-66.3171887, 10.5433057], [-66.3173336, 10.5431475], [-66.317414, 10.5430657], [-66.3174623, 10.543042], [-66.3175187, 10.5430314], [-66.3175777, 10.5430314], [-66.317634, 10.5430552], [-66.3177118, 10.5431026], [-66.3177654, 10.5431659], [-66.3177976, 10.5432503], [-66.3178057, 10.5433294], [-66.3178003, 10.5433795], [-66.3177976, 10.543485], [-66.317811, 10.5435852], [-66.3178512, 10.543659], [-66.3179022, 10.543725], [-66.3179746, 10.5437777], [-66.3180819, 10.5438357], [-66.3181838, 10.5438884], [-66.3183072, 10.5439517], [-66.318385, 10.5440071], [-66.3184869, 10.5441205], [-66.3185728, 10.5442418], [-66.3186425, 10.5443473], [-66.3187256, 10.5444765], [-66.31879, 10.5445951], [-66.3188303, 10.5447613], [-66.3188437, 10.544872], [-66.3188437, 10.5449617], [-66.3188276, 10.5450408], [-66.3187525, 10.5451568], [-66.3186747, 10.5452649], [-66.3185915, 10.5453493], [-66.318495, 10.5453941], [-66.3183716, 10.5454258], [-66.318149, 10.5454548], [-66.3180095, 10.5454785], [-66.3179317, 10.5455102], [-66.3179022, 10.5455286], [-66.3178727, 10.5455919], [-66.3178727, 10.5456657], [-66.3179103, 10.5457554], [-66.3179773, 10.5458213], [-66.3180605, 10.5458688], [-66.3181704, 10.5459004], [-66.3183099, 10.545911], [-66.3184842, 10.5458846], [-66.3187149, 10.5458371], [-66.3190234, 10.5457527], [-66.3191199, 10.5457158], [-66.3191924, 10.5456974], [-66.3192728, 10.5456868], [-66.3193372, 10.5457132], [-66.3193935, 10.5457633], [-66.3194177, 10.5458319], [-66.319415, 10.5459083], [-66.3193828, 10.5460428], [-66.3193694, 10.5461008], [-66.3193721, 10.5461536], [-66.3193908, 10.5462089], [-66.3194391, 10.5462617], [-66.3195142, 10.5462775], [-66.319702, 10.5462959], [-66.3197985, 10.546317], [-66.3198683, 10.5463513], [-66.3199139, 10.5463935], [-66.3199434, 10.5464594], [-66.3199568, 10.5465544], [-66.3199568, 10.5466335], [-66.3199192, 10.5467838], [-66.3198629, 10.5469341], [-66.3197905, 10.5470475], [-66.31971, 10.5471608], [-66.3196591, 10.5472716], [-66.3196456, 10.5473586], [-66.3196564, 10.5474324], [-66.3196912, 10.5475116], [-66.3197342, 10.5475643], [-66.3198146, 10.5476012], [-66.3198844, 10.547617], [-66.3199675, 10.5476118], [-66.3200748, 10.5475801], [-66.3201928, 10.5475353], [-66.3203055, 10.5474852], [-66.3204503, 10.5474272], [-66.320689, 10.547356], [-66.3210377, 10.5472795], [-66.3213462, 10.5472373], [-66.32155, 10.5472479], [-66.3216305, 10.5472848], [-66.321727, 10.5473744], [-66.3217914, 10.5474852], [-66.3218129, 10.5476012], [-66.3218129, 10.5477225], [-66.3217861, 10.5478596], [-66.3217378, 10.5480495], [-66.3216949, 10.5482077], [-66.3216734, 10.5483817], [-66.3216466, 10.5485347], [-66.3215768, 10.5486929], [-66.3214481, 10.5488511], [-66.321314, 10.5489566], [-66.321137, 10.5490937], [-66.3210726, 10.5491939], [-66.3210404, 10.5493205], [-66.3210404, 10.5494523], [-66.3210511, 10.5495894], [-66.3211101, 10.5498056], [-66.3211906, 10.5499533], [-66.3212496, 10.5500271], [-66.3213515, 10.5500852], [-66.3214803, 10.5501537], [-66.3216358, 10.5502486], [-66.3217163, 10.5503541], [-66.3217539, 10.5504438], [-66.3217807, 10.5505229], [-66.3218343, 10.5507707], [-66.3218826, 10.5509342], [-66.3219041, 10.5510924], [-66.3219041, 10.5511742], [-66.3218799, 10.5512454], [-66.3218531, 10.5512876], [-66.3217887, 10.5513456], [-66.3217083, 10.5513798], [-66.3216358, 10.5513878], [-66.3215312, 10.5513588], [-66.3214535, 10.5513113], [-66.3213435, 10.5512612], [-66.3212523, 10.5512533], [-66.3211665, 10.5512533], [-66.3210645, 10.5512928], [-66.3209009, 10.5513825], [-66.3208473, 10.55143], [-66.3207454, 10.5515249], [-66.3206863, 10.5516356], [-66.3206488, 10.5517569], [-66.3206273, 10.5519837], [-66.3205952, 10.5521999], [-66.3205415, 10.5524003], [-66.3204664, 10.5526113], [-66.3203162, 10.5528697], [-66.3201714, 10.5530384], [-66.3200426, 10.5531861], [-66.3199246, 10.5533865], [-66.3198683, 10.5535078], [-66.3198575, 10.5535843], [-66.3198549, 10.5536475], [-66.319871, 10.5537187], [-66.3199005, 10.5537662], [-66.3199568, 10.5538268], [-66.3200748, 10.5539139], [-66.3202465, 10.5540299], [-66.320343, 10.5541564], [-66.3204074, 10.554283], [-66.3204449, 10.5544518], [-66.3204449, 10.5545731], [-66.3204718, 10.5549159], [-66.3204718, 10.5551743], [-66.3204718, 10.5554221], [-66.3204718, 10.5556067], [-66.3204879, 10.5557807], [-66.3205361, 10.5559126], [-66.3206273, 10.5560919], [-66.3207936, 10.5563397], [-66.3209117, 10.5565085], [-66.3210136, 10.5566298], [-66.3211316, 10.5568038], [-66.3212872, 10.5570411], [-66.3213515, 10.5571888], [-66.3213623, 10.5573101], [-66.3213623, 10.5574261], [-66.3213247, 10.5575316], [-66.3212282, 10.5575949], [-66.3210672, 10.5576476], [-66.3208956, 10.5576634], [-66.3207239, 10.5576054], [-66.3205469, 10.5574999], [-66.3203752, 10.5574314], [-66.3202035, 10.5574156], [-66.3200265, 10.5574736], [-66.31993, 10.5575896], [-66.3198602, 10.5577478], [-66.319769, 10.5579482], [-66.3196242, 10.5581117], [-66.3193989, 10.5583226], [-66.3191092, 10.5585599], [-66.3183904, 10.5592086], [-66.3180471, 10.5595144], [-66.3179022, 10.5596937], [-66.3177896, 10.5598889], [-66.3177198, 10.560084], [-66.317693, 10.5602686], [-66.317693, 10.5603635], [-66.3177198, 10.5605322], [-66.3178003, 10.5607168], [-66.3179666, 10.5609278], [-66.3182187, 10.5612389], [-66.3183957, 10.5614973], [-66.3185352, 10.5616766], [-66.3187015, 10.5617979], [-66.3188678, 10.5619034], [-66.3190234, 10.5620088], [-66.3191682, 10.5621407], [-66.3192755, 10.5622936], [-66.3193506, 10.562436], [-66.3193828, 10.5626047], [-66.3193935, 10.5627999], [-66.3193935, 10.5629528], [-66.3193774, 10.5630635], [-66.3193077, 10.5631796], [-66.319238, 10.563227], [-66.3191253, 10.5632534], [-66.3189536, 10.5632692], [-66.3187605, 10.5632798], [-66.3186103, 10.5633325], [-66.3184708, 10.5634169], [-66.3183689, 10.5635118], [-66.3182938, 10.5636173], [-66.3182509, 10.5637544], [-66.3182402, 10.5638862], [-66.3181382, 10.564229], [-66.3181061, 10.564345], [-66.3181061, 10.5644821], [-66.3180926, 10.5646034], [-66.3180631, 10.5646957], [-66.3180095, 10.5647537], [-66.3179237, 10.5647959], [-66.31787, 10.5648038], [-66.3177493, 10.5648196], [-66.3175643, 10.5648776], [-66.3174301, 10.564962], [-66.3173389, 10.5650675], [-66.3173121, 10.5651624], [-66.3173121, 10.5652731], [-66.3173604, 10.5654208], [-66.3174409, 10.565637], [-66.3174999, 10.5658321], [-66.317516, 10.5659956], [-66.3175052, 10.566138], [-66.3174623, 10.566254], [-66.3173711, 10.5663753], [-66.3172746, 10.5664649], [-66.317119, 10.566544], [-66.3169742, 10.5665915], [-66.3168508, 10.5666073], [-66.3167328, 10.5666073], [-66.3165665, 10.5665757], [-66.3164699, 10.5665546], [-66.3162446, 10.5665546], [-66.3160515, 10.5665809], [-66.3158423, 10.5666548], [-66.3156492, 10.5667339], [-66.3154614, 10.566813], [-66.3152146, 10.566929], [-66.3150322, 10.5669976], [-66.3148311, 10.5670687], [-66.3146085, 10.5671558], [-66.3145226, 10.5672032], [-66.314469, 10.567277], [-66.3144368, 10.5673509], [-66.3144261, 10.5674194], [-66.3144422, 10.5675565], [-66.3144743, 10.5676884], [-66.3145226, 10.5677727], [-66.3146031, 10.5678782], [-66.3146782, 10.567989], [-66.3147157, 10.5680892], [-66.3147157, 10.5681893], [-66.3146675, 10.5683159], [-66.3145548, 10.5684688], [-66.3144314, 10.5685849], [-66.3143671, 10.5687009], [-66.3143563, 10.5688011], [-66.314359, 10.5689171], [-66.3143885, 10.5690225], [-66.31441, 10.569128], [-66.3143832, 10.5692388], [-66.3142973, 10.5693231], [-66.3141847, 10.56936], [-66.3140827, 10.5694022], [-66.3139916, 10.5694655], [-66.3139218, 10.5695446], [-66.3138843, 10.5696448], [-66.3138789, 10.5697503], [-66.3138843, 10.5698557], [-66.3139057, 10.5699665], [-66.3139701, 10.5701089], [-66.3141203, 10.5702829], [-66.3141793, 10.5703778], [-66.3142276, 10.5704833], [-66.3142598, 10.570594], [-66.3142598, 10.57071], [-66.3142383, 10.5708208], [-66.3141525, 10.5709104], [-66.3140559, 10.5709473], [-66.313954, 10.5709632], [-66.3138413, 10.5709895], [-66.3137394, 10.5710053], [-66.313616, 10.5710317], [-66.3135141, 10.5710528], [-66.3133317, 10.5711319], [-66.3132405, 10.5711794], [-66.3131547, 10.5712532], [-66.3131011, 10.5713428], [-66.3129723, 10.5715274], [-66.3128865, 10.5716012], [-66.3127792, 10.5716487], [-66.3126773, 10.5716698], [-66.3125646, 10.5716698], [-66.3124627, 10.5716803], [-66.3123608, 10.571712], [-66.3122588, 10.5717753], [-66.3121945, 10.5718649], [-66.3121516, 10.5719704], [-66.3121462, 10.5720811], [-66.3121462, 10.5724239], [-66.3121355, 10.5725293], [-66.312114, 10.5726401], [-66.3120818, 10.5727508], [-66.3120282, 10.5728457], [-66.3119745, 10.5729407], [-66.3116902, 10.573352], [-66.3116151, 10.5734311], [-66.3115668, 10.573526], [-66.3115615, 10.5736367], [-66.3115722, 10.5737422], [-66.3116258, 10.5738424], [-66.311717, 10.573911], [-66.3119155, 10.5740059], [-66.3120121, 10.5740903], [-66.3120818, 10.5741799], [-66.3121408, 10.5742748], [-66.3122374, 10.5744805], [-66.3122696, 10.5745912], [-66.3122696, 10.5751607], [-66.3122857, 10.5752662], [-66.3123769, 10.5754244], [-66.3124359, 10.5755246], [-66.3124681, 10.5756353], [-66.3124734, 10.5757619], [-66.3124627, 10.5758726], [-66.3124305, 10.5759728], [-66.3123769, 10.5760677], [-66.3123179, 10.5761627], [-66.3122106, 10.576363], [-66.3121676, 10.5764685], [-66.312114, 10.5765898], [-66.3120711, 10.5767849], [-66.3120282, 10.5768851], [-66.3120014, 10.5769906], [-66.3119799, 10.5771013], [-66.3119745, 10.577212], [-66.3119799, 10.5773333], [-66.3120228, 10.5775495], [-66.3120604, 10.5776497], [-66.3121033, 10.5777552], [-66.3121408, 10.5778659], [-66.3121462, 10.5779819], [-66.3121462, 10.5782087], [-66.3121301, 10.5783194], [-66.3120604, 10.5786358], [-66.3120121, 10.578736], [-66.3119584, 10.5788309], [-66.3119209, 10.5789311], [-66.311878, 10.579026], [-66.3118404, 10.5791421], [-66.311819, 10.5792475], [-66.3118136, 10.5793635], [-66.3117921, 10.5794795], [-66.3117707, 10.5795903], [-66.3117439, 10.5797116], [-66.3116956, 10.579817], [-66.3116419, 10.5799383], [-66.3115668, 10.5801018], [-66.3113093, 10.5805447], [-66.3110304, 10.580956], [-66.310494, 10.5816468], [-66.3103008, 10.5818314], [-66.3100165, 10.5820581], [-66.3098449, 10.5822163], [-66.3095069, 10.5825274], [-66.309185, 10.5829177], [-66.3086888, 10.5834239], [-66.308485, 10.5836612], [-66.3083723, 10.5837851], [-66.3082731, 10.5839459], [-66.3082087, 10.5840804], [-66.3081738, 10.584199], [-66.3081658, 10.5843098], [-66.3081712, 10.5843994], [-66.3082114, 10.5845128], [-66.3082624, 10.584584], [-66.3083589, 10.5846499], [-66.308493, 10.5847053], [-66.3087881, 10.5847606], [-66.3089061, 10.5847844], [-66.3092145, 10.5848107], [-66.3096142, 10.5848186], [-66.3099495, 10.5848186], [-66.3101345, 10.584845], [-66.3102633, 10.584874], [-66.3103813, 10.5849294], [-66.3104752, 10.5850058], [-66.3105476, 10.5851113], [-66.31062, 10.5852853], [-66.3106602, 10.5854435], [-66.3107649, 10.5859365], [-66.3107756, 10.5860315], [-66.3107649, 10.586158], [-66.3107327, 10.5862977], [-66.3106817, 10.5864533], [-66.3106066, 10.5865878], [-66.3104725, 10.5867881], [-66.3102606, 10.5870281], [-66.3100863, 10.5871863], [-66.3099682, 10.5872785], [-66.3098449, 10.5873497], [-66.3097349, 10.5873946], [-66.3096598, 10.5874077], [-66.3096061, 10.5874051], [-66.3095605, 10.5873761], [-66.3095498, 10.5873445], [-66.3095444, 10.5873023], [-66.3095659, 10.587239], [-66.3096115, 10.5871757], [-66.3096705, 10.5870861], [-66.3096812, 10.5870386], [-66.3096732, 10.5869885], [-66.3096222, 10.5869279], [-66.3095632, 10.5868989], [-66.3094693, 10.586891], [-66.3093567, 10.5869121], [-66.3092816, 10.5869463], [-66.3092333, 10.5869885], [-66.3091984, 10.5870571], [-66.309185, 10.5871309], [-66.3091582, 10.5873445], [-66.3090804, 10.5875976], [-66.3090241, 10.5877188], [-66.308957, 10.58779], [-66.3088712, 10.5878533], [-66.3086888, 10.5880036], [-66.3086405, 10.5880484], [-66.308611, 10.5881064], [-66.3086084, 10.5881486], [-66.308611, 10.5882172], [-66.3086486, 10.5882962], [-66.308721, 10.5883674], [-66.3088015, 10.5884149], [-66.3089114, 10.5884834], [-66.3089517, 10.5885309], [-66.3089705, 10.5885704], [-66.3089705, 10.5886126], [-66.3089597, 10.5886601], [-66.3089141, 10.5888631], [-66.308898, 10.5889791], [-66.308898, 10.5890635], [-66.3089249, 10.5891663], [-66.3089919, 10.5892849], [-66.3090965, 10.5894326], [-66.3092092, 10.5895934], [-66.3093674, 10.5897833], [-66.3094559, 10.5898887], [-66.3095981, 10.5900047], [-66.309759, 10.5900891], [-66.3100889, 10.5902183], [-66.3104671, 10.5903422], [-66.3106334, 10.5903686], [-66.3107863, 10.5903976], [-66.3109633, 10.5904318], [-66.3110921, 10.5904714], [-66.3112316, 10.5905294], [-66.3113844, 10.59059], [-66.3118404, 10.5908168], [-66.3121891, 10.5910119], [-66.3123527, 10.5911279], [-66.3124815, 10.5912175], [-66.3125592, 10.591294], [-66.3125941, 10.5913625], [-66.3126022, 10.5914416], [-66.3125914, 10.5915339], [-66.3125432, 10.5916209], [-66.3124681, 10.5917237], [-66.3123795, 10.591816], [-66.3121381, 10.5920876], [-66.3120416, 10.5921983], [-66.3119611, 10.5922537], [-66.3118887, 10.5923038], [-66.3117895, 10.592396], [-66.3117278, 10.5924857], [-66.3116634, 10.5925832], [-66.3115588, 10.5928627], [-66.31154, 10.5930288], [-66.3115186, 10.5931764], [-66.3115025, 10.5932793], [-66.3114837, 10.5934401], [-66.3114515, 10.5935587], [-66.3114113, 10.5937248], [-66.3113737, 10.5939094], [-66.3113469, 10.5940544], [-66.3113362, 10.5942152], [-66.3113228, 10.5943444], [-66.3112959, 10.5944525], [-66.3112476, 10.5945606], [-66.311186, 10.5946423], [-66.3110814, 10.5947952], [-66.311017, 10.5948559], [-66.3109472, 10.5949007], [-66.31084, 10.5949455], [-66.3107058, 10.5949824], [-66.3104403, 10.5950536], [-66.3103196, 10.5951169], [-66.310266, 10.5951644], [-66.310223, 10.5952461], [-66.3101909, 10.5953278], [-66.3101587, 10.5953911], [-66.3100997, 10.5954702], [-66.3100567, 10.595544], [-66.3100433, 10.5956046], [-66.3100433, 10.5956626], [-66.3100541, 10.5957286], [-66.3100809, 10.5957707], [-66.3101211, 10.5958261], [-66.3101855, 10.5958894], [-66.3102257, 10.5959237], [-66.3102391, 10.5959685], [-66.3102391, 10.5960238], [-66.3101909, 10.5961082], [-66.3101319, 10.5961952], [-66.3100863, 10.5962822], [-66.3100702, 10.596356], [-66.3100702, 10.5964378], [-66.3100836, 10.59653], [-66.3101319, 10.5966223], [-66.3102096, 10.5967383], [-66.3103277, 10.5968491], [-66.3103867, 10.5969413], [-66.3104081, 10.5969967], [-66.3104296, 10.5970969], [-66.3104296, 10.5972023], [-66.3104296, 10.5973289], [-66.3103974, 10.5976163], [-66.310384, 10.5977613], [-66.310384, 10.5978984], [-66.310392, 10.5980407], [-66.3104457, 10.598162], [-66.31051, 10.598249], [-66.3105851, 10.5983044], [-66.3107353, 10.5984151], [-66.3108346, 10.5984942], [-66.3109043, 10.5985838], [-66.3109982, 10.5986946], [-66.3110706, 10.5987684], [-66.3111457, 10.5988238], [-66.3112235, 10.5988607], [-66.3113174, 10.5988844], [-66.3114032, 10.5988844], [-66.3114998, 10.5988765], [-66.3116124, 10.5988554], [-66.3117063, 10.5988211], [-66.311776, 10.5988132], [-66.3118404, 10.5988317], [-66.3118887, 10.5988818], [-66.311945, 10.5989635], [-66.311996, 10.5990505], [-66.3120416, 10.5991401], [-66.3120496, 10.5992008], [-66.3120496, 10.5992509], [-66.3120228, 10.599301], [-66.3119611, 10.5993563], [-66.3119102, 10.5994011], [-66.3117975, 10.599562], [-66.3117144, 10.5996938], [-66.3116688, 10.5997993], [-66.3116607, 10.5998889], [-66.3116607, 10.5999443], [-66.3116822, 10.6000233], [-66.3117224, 10.6000945], [-66.311768, 10.6001657], [-66.3119316, 10.6004267], [-66.3119826, 10.6005375], [-66.3119933, 10.6006113], [-66.3119853, 10.6006877], [-66.3119423, 10.6007985], [-66.3118887, 10.6008828], [-66.3118163, 10.6009408], [-66.3117304, 10.6009804], [-66.3116285, 10.6010015], [-66.3115346, 10.6010383], [-66.3113871, 10.6010727], [-66.3111699, 10.6011438], [-66.3110653, 10.6011833], [-66.3110009, 10.6012519], [-66.3109339, 10.6012967], [-66.3109446, 10.6013943], [-66.310899, 10.6014707], [-66.3107541, 10.601505], [-66.3106173, 10.6015524], [-66.3105342, 10.6015603], [-66.310451, 10.601534], [-66.3103464, 10.601592], [-66.3103116, 10.6016474], [-66.3103089, 10.6017028], [-66.3103196, 10.6017713], [-66.3103652, 10.6018478], [-66.3104108, 10.6019031], [-66.3105771, 10.6020903], [-66.3107917, 10.6023671], [-66.3108748, 10.6024884], [-66.3109097, 10.6025807], [-66.3109231, 10.602673], [-66.3109204, 10.602789], [-66.3109097, 10.6029234], [-66.3109097, 10.6030552], [-66.3109204, 10.603166], [-66.3109553, 10.6032793], [-66.3110384, 10.6034744], [-66.3111538, 10.6036774], [-66.3112369, 10.6037908], [-66.3112825, 10.6039015], [-66.3112825, 10.6039595], [-66.3112772, 10.6040149], [-66.3112396, 10.6040755], [-66.3111886, 10.6041151], [-66.3111189, 10.6041309], [-66.3110545, 10.6041283], [-66.3109875, 10.6040993], [-66.3109124, 10.6040623], [-66.31084, 10.6040386], [-66.3107622, 10.6040307], [-66.3107139, 10.604036], [-66.3106254, 10.6040597], [-66.3105047, 10.6041045], [-66.3101962, 10.6042311], [-66.3100863, 10.6042864], [-66.3099977, 10.6043444], [-66.3099548, 10.6043919], [-66.3099468, 10.604442], [-66.3099468, 10.6044815], [-66.3099709, 10.604529], [-66.3100433, 10.6045844], [-66.3101131, 10.6046529], [-66.3101453, 10.6047188], [-66.3101721, 10.6048005], [-66.3102016, 10.6049297], [-66.310215, 10.605022], [-66.3102123, 10.6051011], [-66.3101882, 10.6051591], [-66.3101319, 10.605225], [-66.3100621, 10.6052856], [-66.3098797, 10.6054702], [-66.3098288, 10.6055045], [-66.3097268, 10.605573], [-66.3096651, 10.605631], [-66.3096276, 10.6056916], [-66.3096222, 10.6057575], [-66.3096544, 10.6058472], [-66.3096866, 10.6059579], [-66.3096839, 10.6060449], [-66.3096571, 10.6061319], [-66.309582, 10.6062268], [-66.3095096, 10.6062927], [-66.3094157, 10.6063718], [-66.3093755, 10.6064298], [-66.3093379, 10.606501], [-66.3093111, 10.6065933], [-66.3092977, 10.6067567], [-66.3093057, 10.6068859], [-66.3093111, 10.6070309], [-66.3093111, 10.6071917], [-66.3093379, 10.6072787], [-66.3093728, 10.607371], [-66.3094237, 10.6074369], [-66.3094801, 10.6074765], [-66.3095766, 10.6075582], [-66.3096222, 10.6076294], [-66.3096517, 10.6077085], [-66.3096571, 10.6078087], [-66.3096571, 10.6079141], [-66.3096678, 10.6079853], [-66.3096973, 10.6080459], [-66.3097402, 10.6081066], [-66.3098046, 10.6081962], [-66.3098422, 10.6082727], [-66.3098663, 10.6083412], [-66.3098797, 10.6084546], [-66.3098797, 10.6086391], [-66.3098422, 10.6088527], [-66.3097912, 10.6089607], [-66.3097268, 10.6090557], [-66.3096088, 10.6092086], [-66.3093808, 10.6095223], [-66.3093299, 10.6096066], [-66.3092896, 10.6096752], [-66.3092735, 10.6097358], [-66.3092735, 10.6097938], [-66.3092923, 10.6098703], [-66.309346, 10.6099441], [-66.309413, 10.6100126], [-66.3094774, 10.6100944], [-66.309531, 10.6101946], [-66.3095847, 10.6103316], [-66.3096678, 10.6105373], [-66.3097107, 10.6106401], [-66.3097483, 10.6107034], [-66.3098073, 10.6107456], [-66.309877, 10.6107851], [-66.3099548, 10.6108167], [-66.3100031, 10.6108378], [-66.3100567, 10.6108747], [-66.3100836, 10.6109064], [-66.310105, 10.6109433], [-66.310105, 10.6109802], [-66.3100943, 10.6110224], [-66.3100567, 10.6110725], [-66.3099924, 10.6111173], [-66.3099065, 10.6111621], [-66.3098046, 10.6111964], [-66.3097081, 10.6112175], [-66.3094774, 10.6112992], [-66.3092896, 10.6114231], [-66.3089812, 10.6116103], [-66.3087532, 10.6117289], [-66.3084367, 10.6118555], [-66.3081872, 10.6119372], [-66.3080102, 10.6119741], [-66.3078895, 10.6119741], [-66.3077661, 10.6119477], [-66.3076749, 10.6119187], [-66.3074657, 10.6118159], [-66.3073182, 10.6117368], [-66.307227, 10.6116973], [-66.3071358, 10.6116867], [-66.3070554, 10.6116946], [-66.3069749, 10.611721], [-66.3069052, 10.6117579], [-66.3067335, 10.6118976], [-66.306594, 10.612069], [-66.3065109, 10.6122324], [-66.3064653, 10.6123906], [-66.3064599, 10.6125383], [-66.3064626, 10.6126727], [-66.3064975, 10.6127993], [-66.3065511, 10.6129047], [-66.3066182, 10.6130102], [-66.3067737, 10.6132685], [-66.3068569, 10.6133977], [-66.3069212, 10.6134689], [-66.3069803, 10.6134979], [-66.307058, 10.6135216], [-66.3071546, 10.6135216], [-66.307337, 10.6135216], [-66.3075221, 10.6135216], [-66.3077366, 10.6135348], [-66.3078707, 10.6135743], [-66.3079941, 10.6136376], [-66.3081524, 10.6137615], [-66.308316, 10.6139355], [-66.3085037, 10.6142044], [-66.3085493, 10.6142809], [-66.3085815, 10.6143705], [-66.3085842, 10.614447], [-66.3085628, 10.6145419], [-66.3085359, 10.6146315], [-66.308493, 10.6148793], [-66.3084903, 10.6150401], [-66.3084903, 10.6151509], [-66.3085064, 10.6153064], [-66.308544, 10.6154277], [-66.308603, 10.6155489], [-66.308662, 10.6156412], [-66.3087237, 10.6156992], [-66.3088015, 10.6157414], [-66.309158, 10.6159254], [-66.3095923, 10.61619], [-66.309987, 10.6164506], [-66.3101426, 10.6165402], [-66.3103238, 10.6166245], [-66.3104489, 10.6166586], [-66.3109175, 10.6168097], [-66.3111516, 10.6170031], [-66.3112852, 10.6171096], [-66.3113818, 10.617194], [-66.3114515, 10.6173047], [-66.3115105, 10.617426], [-66.3115856, 10.6177054], [-66.3116258, 10.6178821], [-66.3116714, 10.6179717], [-66.3117197, 10.6180376], [-66.3118109, 10.6180877], [-66.3118887, 10.6181061], [-66.3121194, 10.6181272], [-66.3123527, 10.6181351], [-66.3125673, 10.618151], [-66.312798, 10.6182037], [-66.3129991, 10.6182617], [-66.3131869, 10.6183434], [-66.3134229, 10.6184383], [-66.3136804, 10.6185701], [-66.3137836, 10.6185755], [-66.3152361, 10.6186519], [-66.3220358, 10.6237145], [-66.3516303, 10.6706734], [-66.352547, 10.671235], [-66.353735, 10.671927], [-66.354939, 10.672592], [-66.356158, 10.673229], [-66.357392, 10.673837], [-66.35864, 10.674417], [-66.359901, 10.674968], [-66.361175, 10.67549], [-66.362461, 10.675982], [-66.363758, 10.676445], [-66.365065, 10.676878], [-66.366383, 10.67728], [-66.367709, 10.677652], [-66.369044, 10.677993], [-66.370386, 10.678304], [-66.371736, 10.678584], [-66.373091, 10.678832], [-66.374453, 10.679049], [-66.375818, 10.679235], [-66.3764, 10.679301], [-66.376457, 10.679322], [-66.377381, 10.679643], [-66.380291, 10.681205], [-66.380919, 10.681537], [-66.382146, 10.682159], [-66.383387, 10.682753], [-66.384642, 10.683318], [-66.38591, 10.683854], [-66.38719, 10.68436], [-66.388482, 10.684837], [-66.389784, 10.685284], [-66.391097, 10.685701], [-66.392419, 10.686088], [-66.39375, 10.686444], [-66.395089, 10.686769], [-66.396435, 10.687063], [-66.397788, 10.687327], [-66.397789, 10.687327], [-66.40362, 10.688392], [-66.404305, 10.688513], [-66.405666, 10.688729], [-66.407032, 10.688914], [-66.408402, 10.689068], [-66.409776, 10.68919], [-66.411151, 10.68928], [-66.412529, 10.689338], [-66.413907, 10.689365], [-66.415286, 10.68936], [-66.416664, 10.689323], [-66.418042, 10.689255], [-66.419417, 10.689155], [-66.420789, 10.689023], [-66.422158, 10.68886], [-66.423522, 10.688665], [-66.423523, 10.688665], [-66.425119, 10.688418], [-66.425514, 10.688356], [-66.426872, 10.688121], [-66.428224, 10.687854], [-66.42957, 10.687557], [-66.430908, 10.687228], [-66.432099, 10.686907], [-66.43314, 10.686934], [-66.434519, 10.686939], [-66.435897, 10.686912], [-66.436965, 10.686866], [-66.437555, 10.687013], [-66.4389, 10.687314], [-66.440251, 10.687583], [-66.441609, 10.687822], [-66.442971, 10.688029], [-66.444339, 10.688205], [-66.44571, 10.688349], [-66.447084, 10.688462], [-66.44846, 10.688543], [-66.449838, 10.688592], [-66.451217, 10.68861], [-66.452595, 10.688596], [-66.453973, 10.68855], [-66.45535, 10.688473], [-66.456724, 10.688363], [-66.456725, 10.688363], [-66.457162, 10.688323], [-66.457386, 10.688375], [-66.458735, 10.688653], [-66.460091, 10.6889], [-66.461453, 10.689116], [-66.462819, 10.689301], [-66.464189, 10.689454], [-66.465562, 10.689575], [-66.466938, 10.689665], [-66.468315, 10.689723], [-66.469694, 10.68975], [-66.471073, 10.689744], [-66.472451, 10.689707], [-66.473828, 10.689639], [-66.475203, 10.689538], [-66.476575, 10.689406], [-66.477944, 10.689242], [-66.47873, 10.68913], [-66.479638, 10.689215], [-66.481014, 10.689312], [-66.482391, 10.689377], [-66.483769, 10.689411], [-66.484206, 10.689411], [-66.484622, 10.689489], [-66.485983, 10.68971], [-66.487348, 10.6899], [-66.488717, 10.690059], [-66.49009, 10.690186], [-66.491465, 10.690281], [-66.492843, 10.690345], [-66.494221, 10.690377], [-66.4956, 10.690378], [-66.496978, 10.690346], [-66.498356, 10.690283], [-66.499315, 10.690217], [-66.499615, 10.690245], [-66.50099, 10.690341], [-66.502367, 10.690406], [-66.503746, 10.690439], [-66.505124, 10.690441], [-66.506503, 10.69041], [-66.50788, 10.690348], [-66.509256, 10.690255], [-66.510629, 10.690129], [-66.511998, 10.689972], [-66.513364, 10.689784], [-66.514725, 10.689564], [-66.515185, 10.689479], [-66.515396, 10.689497], [-66.516772, 10.68958], [-66.51815, 10.689631], [-66.519528, 10.689651], [-66.520907, 10.689639], [-66.522285, 10.689595], [-66.523662, 10.68952], [-66.525036, 10.689413], [-66.526408, 10.689274], [-66.527776, 10.689104], [-66.52914, 10.688902], [-66.530498, 10.688669], [-66.531851, 10.688405], [-66.533197, 10.688109], [-66.533232, 10.688101], [-66.533485, 10.688123], [-66.534861, 10.688211], [-66.536239, 10.688268], [-66.537617, 10.688293], [-66.538996, 10.688286], [-66.540374, 10.688248], [-66.541751, 10.688177], [-66.543126, 10.688075], [-66.544498, 10.687942], [-66.545867, 10.687777], [-66.547231, 10.68758], [-66.547233, 10.68758], [-66.55028, 10.687105], [-66.55125, 10.687086], [-66.552627, 10.687028], [-66.554003, 10.686938], [-66.555376, 10.686816], [-66.556094, 10.686735], [-66.556424, 10.686811], [-66.557774, 10.687089], [-66.55913, 10.687336], [-66.560491, 10.687552], [-66.561857, 10.687736], [-66.563227, 10.687889], [-66.564601, 10.68801], [-66.565976, 10.6881], [-66.567354, 10.688157], [-66.568732, 10.688183], [-66.570111, 10.688178], [-66.571489, 10.68814], [-66.572866, 10.688071], [-66.574241, 10.687971], [-66.575614, 10.687838], [-66.576983, 10.687674], [-66.578347, 10.687479], [-66.579707, 10.687252], [-66.581061, 10.686994], [-66.581643, 10.686869], [-66.581971, 10.686831], [-66.582745, 10.686722], [-66.583831, 10.686853], [-66.585203, 10.686987], [-66.586578, 10.687089], [-66.587955, 10.687159], [-66.589333, 10.687198], [-66.590712, 10.687205], [-66.59209, 10.68718], [-66.593468, 10.687123], [-66.594844, 10.687035], [-66.596217, 10.686915], [-66.597588, 10.686764], [-66.598954, 10.686581], [-66.600316, 10.686367], [-66.601672, 10.686121], [-66.602082, 10.686037], [-66.602156, 10.686033], [-66.603531, 10.685931], [-66.604903, 10.685797], [-66.606272, 10.685632], [-66.606273, 10.685632], [-66.610021, 10.685136], [-66.610155, 10.685151], [-66.610156, 10.685151], [-66.611037, 10.68524], [-66.611593, 10.685293], [-66.612967, 10.685403], [-66.614343, 10.685482], [-66.615721, 10.685528], [-66.6171, 10.685543], [-66.618479, 10.685526], [-66.619856, 10.685478], [-66.621233, 10.685397], [-66.622607, 10.685285], [-66.622828, 10.685262], [-66.623294, 10.685277], [-66.624672, 10.685291], [-66.626051, 10.685273], [-66.627429, 10.685223], [-66.628805, 10.685141], [-66.630179, 10.685028], [-66.63155, 10.684883], [-66.632917, 10.684707], [-66.63428, 10.684499], [-66.635637, 10.68426], [-66.636989, 10.683989], [-66.63786, 10.683794], [-66.639097, 10.68371], [-66.64047, 10.683585], [-66.64184, 10.683428], [-66.641861, 10.683425], [-66.642246, 10.683405], [-66.643621, 10.683304], [-66.644319, 10.683237], [-66.644965, 10.683236], [-66.645027, 10.683235], [-66.645754, 10.68331], [-66.647128, 10.683421], [-66.648505, 10.6835], [-66.649883, 10.683547], [-66.651261, 10.683562], [-66.65264, 10.683546], [-66.654018, 10.683498], [-66.655394, 10.683418], [-66.656768, 10.683307], [-66.65814, 10.683164], [-66.659507, 10.682989], [-66.66087, 10.682783], [-66.662228, 10.682546], [-66.663579, 10.682277], [-66.664807, 10.682004], [-66.66488, 10.682016], [-66.666243, 10.682216], [-66.667612, 10.682384], [-66.668983, 10.682521], [-66.670358, 10.682626], [-66.671735, 10.6827], [-66.673113, 10.682742], [-66.674492, 10.682752], [-66.67587, 10.68273], [-66.677248, 10.682677], [-66.678624, 10.682591], [-66.679998, 10.682475], [-66.681368, 10.682326], [-66.681636, 10.682291], [-66.682295, 10.682286], [-66.683673, 10.682244], [-66.68505, 10.68217], [-66.686425, 10.682064], [-66.687796, 10.681927], [-66.689165, 10.681758], [-66.689212, 10.681751], [-66.689769, 10.681786], [-66.691147, 10.681839], [-66.692525, 10.681862], [-66.693904, 10.681852], [-66.69506, 10.681817], [-66.695145, 10.681851], [-66.696439, 10.682323], [-66.697743, 10.682767], [-66.699057, 10.683179], [-66.70038, 10.683562], [-66.701712, 10.683914], [-66.703052, 10.684235], [-66.704399, 10.684525], [-66.705753, 10.684785], [-66.707112, 10.685013], [-66.708477, 10.685209], [-66.709845, 10.685374], [-66.711217, 10.685508], [-66.712592, 10.68561], [-66.713969, 10.68568], [-66.715347, 10.685719], [-66.716726, 10.685726], [-66.718105, 10.685701], [-66.719482, 10.685644], [-66.720858, 10.685556], [-66.722232, 10.685436], [-66.723602, 10.685285], [-66.724968, 10.685102], [-66.72633, 10.684887], [-66.727686, 10.684641], [-66.729036, 10.684365], [-66.730302, 10.684074], [-66.731607, 10.68427], [-66.732975, 10.684443], [-66.734346, 10.684584], [-66.73572, 10.684694], [-66.737097, 10.684772], [-66.738475, 10.684818], [-66.739853, 10.684832], [-66.741232, 10.684815], [-66.74261, 10.684766], [-66.743986, 10.684686], [-66.74536, 10.684573], [-66.746731, 10.68443], [-66.748099, 10.684254], [-66.749462, 10.684047], [-66.750819, 10.683809], [-66.751991, 10.683576], [-66.752656, 10.683488], [-66.754018, 10.683276], [-66.755375, 10.683033], [-66.756725, 10.682759], [-66.758069, 10.682454], [-66.759405, 10.682118], [-66.760733, 10.681751], [-66.762052, 10.681353], [-66.763361, 10.680926], [-66.76466, 10.680468], [-66.765948, 10.679981], [-66.767224, 10.679464], [-66.768487, 10.678918], [-66.769737, 10.678343], [-66.770974, 10.67774], [-66.772195, 10.677108], [-66.773402, 10.676448], [-66.774593, 10.675761], [-66.775767, 10.675046], [-66.776924, 10.674304], [-66.77703, 10.674233], [-66.777967, 10.674046], [-66.778537, 10.673919], [-66.778552, 10.673916], [-66.779898, 10.673619], [-66.781236, 10.673291], [-66.782566, 10.672932], [-66.783302, 10.672715], [-66.783624, 10.67271], [-66.785002, 10.672657], [-66.786378, 10.672573], [-66.787752, 10.672457], [-66.789122, 10.67231], [-66.790489, 10.672131], [-66.791851, 10.67192], [-66.791852, 10.67192], [-66.792748, 10.671771], [-66.793556, 10.671631], [-66.794909, 10.671371], [-66.796256, 10.67108], [-66.797596, 10.670757], [-66.798928, 10.670404], [-66.800251, 10.670021], [-66.800614, 10.669906], [-66.800815, 10.669957], [-66.802158, 10.670264], [-66.802161, 10.670265], [-66.802273, 10.670313], [-66.80355, 10.670826], [-66.804839, 10.67131], [-66.806139, 10.671764], [-66.807449, 10.672188], [-66.808769, 10.672582], [-66.810098, 10.672946], [-66.811435, 10.673278], [-66.81278, 10.67358], [-66.814131, 10.673851], [-66.814273, 10.673876], [-66.815147, 10.674316], [-66.81639, 10.674906], [-66.817647, 10.675467], [-66.818916, 10.676], [-66.81991, 10.67639], [-66.820079, 10.676463], [-66.821354, 10.676984], [-66.82264, 10.677474], [-66.823938, 10.677935], [-66.824412, 10.678092], [-66.824593, 10.678154], [-66.824894, 10.67825], [-66.825246, 10.678366], [-66.825459, 10.678431], [-66.825905, 10.678574], [-66.827226, 10.678963], [-66.828556, 10.679322], [-66.829895, 10.67965], [-66.830088, 10.679693], [-66.830119, 10.6797], [-66.830912, 10.679875], [-66.83125, 10.679952], [-66.831631, 10.680038], [-66.83298, 10.68032], [-66.832981, 10.680321], [-66.833712, 10.680465], [-66.834472, 10.68061], [-66.834473, 10.68061], [-66.83593, 10.680878], [-66.836571, 10.680993], [-66.837932, 10.681212], [-66.839297, 10.6814], [-66.840667, 10.681556], [-66.84204, 10.68168], [-66.843416, 10.681773], [-66.844793, 10.681835], [-66.846171, 10.681864], [-66.84755, 10.681862], [-66.848928, 10.681828], [-66.850306, 10.681763], [-66.851681, 10.681666], [-66.853053, 10.681537], [-66.854423, 10.681376], [-66.855788, 10.681184], [-66.857148, 10.680961], [-66.858502, 10.680707], [-66.85985, 10.680421], [-66.861191, 10.680104], [-66.862525, 10.679757], [-66.863849, 10.679379], [-66.865165, 10.678971], [-66.86647, 10.678532], [-66.867765, 10.678063], [-66.869049, 10.677565], [-66.869997, 10.677172], [-66.870853, 10.676946], [-66.870862, 10.676944], [-66.872197, 10.676603], [-66.873523, 10.676231], [-66.87484, 10.675828], [-66.876148, 10.675396], [-66.876703, 10.675198], [-66.876753, 10.675182], [-66.878062, 10.674753], [-66.87936, 10.674294], [-66.879729, 10.674154], [-66.879782, 10.674135], [-66.879907, 10.674087], [-66.880648, 10.673805], [-66.880958, 10.673679], [-66.881066, 10.673637], [-66.881318, 10.673533], [-66.881923, 10.673287], [-66.882176, 10.673177], [-66.882337, 10.67311], [-66.883093, 10.67278], [-66.883186, 10.67274], [-66.883186, 10.672739], [-66.883224, 10.672722], [-66.883596, 10.672554], [-66.884097, 10.672319], [-66.884435, 10.672163], [-66.884576, 10.672094], [-66.884842, 10.671969], [-66.885462, 10.67166], [-66.885489, 10.671647], [-66.885525, 10.67163], [-66.886889, 10.671594], [-66.888266, 10.671526], [-66.889641, 10.671426], [-66.891013, 10.671295], [-66.892382, 10.671132], [-66.893746, 10.670937], [-66.895106, 10.670712], [-66.89646, 10.670455], [-66.897808, 10.670167], [-66.899148, 10.669847], [-66.900481, 10.669498], [-66.901804, 10.669117], [-66.903119, 10.668706], [-66.90396, 10.668422], [-66.904861, 10.668156], [-66.906172, 10.667735], [-66.906507, 10.667619], [-66.906596, 10.667595], [-66.907917, 10.667205], [-66.909229, 10.666786], [-66.910531, 10.666336], [-66.911822, 10.665857], [-66.913101, 10.665348], [-66.914156, 10.6649], [-66.914796, 10.664907], [-66.916175, 10.664892], [-66.917552, 10.664845], [-66.918337, 10.6648], [-66.919155, 10.664777], [-66.919376, 10.664765], [-66.920085, 10.664762], [-66.921463, 10.664722], [-66.92284, 10.664651], [-66.924214, 10.664549], [-66.925586, 10.664414], [-66.926955, 10.664249], [-66.928319, 10.664051], [-66.929678, 10.663823], [-66.930403, 10.663684], [-66.930793, 10.663803], [-66.931969, 10.66415], [-66.933299, 10.66451], [-66.934637, 10.66484], [-66.935982, 10.665139], [-66.937333, 10.665407], [-66.938691, 10.665644], [-66.940054, 10.66585], [-66.941421, 10.666024], [-66.942793, 10.666166], [-66.944167, 10.666277], [-66.945543, 10.666357], [-66.946921, 10.666404], [-66.948299, 10.66642], [-66.949678, 10.666404], [-66.949679, 10.666404], [-66.951761, 10.666356], [-66.952238, 10.666343], [-66.953616, 10.666285], [-66.954992, 10.666194], [-66.956365, 10.666072], [-66.956366, 10.666072], [-66.957033, 10.666005], [-66.958339, 10.66586], [-66.95928, 10.665733], [-66.959772, 10.666005], [-66.960992, 10.666642], [-66.962225, 10.66725], [-66.963473, 10.66783], [-66.964734, 10.668381], [-66.966008, 10.668903], [-66.967294, 10.669395], [-66.968591, 10.669858], [-66.969898, 10.670291], [-66.971216, 10.670693], [-66.972542, 10.671065], [-66.973877, 10.671407], [-66.975219, 10.671717], [-66.976569, 10.671997], [-66.977924, 10.672245], [-66.979285, 10.672462], [-66.980651, 10.672648], [-66.982021, 10.672802], [-66.983394, 10.672925], [-66.98477, 10.673016], [-66.986147, 10.673075], [-66.987526, 10.673103], [-66.988904, 10.673099], [-66.990283, 10.673063], [-66.99166, 10.672996], [-66.993035, 10.672896], [-66.994407, 10.672765], [-66.995776, 10.672603], [-66.997141, 10.672409], [-66.9985, 10.672184], [-66.99959, 10.671978], [-67.000435, 10.672195], [-67.000436, 10.672195], [-67.002691, 10.672748], [-67.003172, 10.672864], [-67.004517, 10.673166], [-67.005868, 10.673437], [-67.007225, 10.673676], [-67.008588, 10.673884], [-67.009955, 10.674061], [-67.011326, 10.674206], [-67.0127, 10.67432], [-67.014076, 10.674401], [-67.015454, 10.674452], [-67.016832, 10.67447], [-67.018211, 10.674457], [-67.019589, 10.674412], [-67.020966, 10.674335], [-67.02234, 10.674227], [-67.023711, 10.674087], [-67.025079, 10.673915], [-67.026443, 10.673712], [-67.027801, 10.673478], [-67.029153, 10.673213], [-67.030499, 10.672916], [-67.031837, 10.672589], [-67.033168, 10.672231], [-67.033899, 10.672016], [-67.034371, 10.671993], [-67.035746, 10.671897], [-67.037119, 10.671768], [-67.038488, 10.671608], [-67.039853, 10.671417], [-67.041213, 10.671194], [-67.042568, 10.67094], [-67.043916, 10.670655], [-67.045257, 10.670339], [-67.046591, 10.669992], [-67.047916, 10.669615], [-67.049231, 10.669207], [-67.050537, 10.668769], [-67.051832, 10.668301], [-67.053115, 10.667803], [-67.054387, 10.667276], [-67.055646, 10.66672], [-67.056891, 10.666135], [-67.058122, 10.665521], [-67.059339, 10.664879], [-67.06054, 10.66421], [-67.061725, 10.663513], [-67.062893, 10.662789], [-67.064044, 10.662038], [-67.065177, 10.661261], [-67.066291, 10.660458], [-67.067386, 10.65963], [-67.068462, 10.658776], [-67.069517, 10.657898], [-67.070551, 10.656996], [-67.071563, 10.656071], [-67.072554, 10.655122], [-67.073521, 10.654151], [-67.074395, 10.653233], [-67.075367, 10.652324], [-67.076347, 10.651365], [-67.077148, 10.650543], [-67.077718, 10.650084], [-67.078767, 10.649199], [-67.079085, 10.648919], [-67.080046, 10.648912], [-67.081424, 10.64887], [-67.082801, 10.648797], [-67.084176, 10.648692], [-67.085547, 10.648556], [-67.086915, 10.648388], [-67.088279, 10.648188], [-67.089638, 10.647957], [-67.090991, 10.647695], [-67.092337, 10.647402], [-67.093676, 10.647078], [-67.095007, 10.646723], [-67.09633, 10.646338], [-67.097643, 10.645922], [-67.098946, 10.645477], [-67.100238, 10.645001], [-67.101518, 10.644496], [-67.102786, 10.643961], [-67.103397, 10.643687], [-67.103585, 10.643621], [-67.104873, 10.643135], [-67.10615, 10.64262], [-67.107414, 10.642076], [-67.108628, 10.641519], [-67.109557, 10.641415], [-67.110923, 10.641229], [-67.112284, 10.641012], [-67.113639, 10.640763], [-67.114988, 10.640484], [-67.116331, 10.640173], [-67.117665, 10.639832], [-67.118992, 10.639459], [-67.120309, 10.639057], [-67.121616, 10.638624], [-67.122913, 10.638162], [-67.124198, 10.637669], [-67.125472, 10.637147], [-67.126733, 10.636596], [-67.127981, 10.636016], [-67.129214, 10.635408], [-67.130433, 10.634771], [-67.131637, 10.634106], [-67.132825, 10.633414], [-67.133996, 10.632695], [-67.13515, 10.631949], [-67.135798, 10.631508], [-67.135911, 10.631433], [-67.135988, 10.631379], [-67.136286, 10.631176], [-67.136708, 10.630875], [-67.137036, 10.630645], [-67.137261, 10.63048], [-67.137403, 10.630378], [-67.137606, 10.630226], [-67.138143, 10.629831], [-67.139054, 10.629128], [-67.139567, 10.629023], [-67.14091, 10.628716], [-67.142245, 10.628378], [-67.142819, 10.628218], [-67.143172, 10.62819], [-67.144543, 10.628048], [-67.14591, 10.627875], [-67.147273, 10.62767], [-67.148631, 10.627433], [-67.148966, 10.627367], [-67.150266, 10.627145], [-67.151618, 10.626881], [-67.152964, 10.626587], [-67.154303, 10.626261], [-67.155634, 10.625905], [-67.156955, 10.625519], [-67.158268, 10.625102], [-67.15957, 10.624655], [-67.16079, 10.624204], [-67.162076, 10.623872], [-67.163401, 10.623497], [-67.164718, 10.623092], [-67.166024, 10.622657], [-67.16732, 10.622191], [-67.168604, 10.621696], [-67.169114, 10.621486], [-67.169251, 10.621452], [-67.169459, 10.621396], [-67.169489, 10.621389], [-67.169733, 10.621334], [-67.169846, 10.621305], [-67.170133, 10.621239], [-67.170742, 10.621081], [-67.17107, 10.621], [-67.171222, 10.620958], [-67.171467, 10.620895], [-67.171988, 10.620748], [-67.172398, 10.620635], [-67.172779, 10.620524], [-67.172792, 10.62052], [-67.172793, 10.62052], [-67.17282, 10.620512], [-67.173717, 10.62024], [-67.173945, 10.620166], [-67.174108, 10.620116], [-67.174389, 10.620022], [-67.174409, 10.620016], [-67.174478, 10.619993], [-67.175027, 10.619815], [-67.175292, 10.619722], [-67.175415, 10.619681], [-67.17556, 10.619629], [-67.175714, 10.619577], [-67.17591, 10.619506], [-67.176537, 10.619459], [-67.177908, 10.619324], [-67.179276, 10.619158], [-67.18064, 10.61896], [-67.181999, 10.618731], [-67.183352, 10.618471], [-67.184699, 10.61818], [-67.184782, 10.61816], [-67.185305, 10.618057], [-67.18665, 10.617761], [-67.187988, 10.617434], [-67.189319, 10.617077], [-67.190316, 10.616784], [-67.190412, 10.616756], [-67.19046, 10.616741], [-67.19064, 10.616689], [-67.190994, 10.616576], [-67.191727, 10.616348], [-67.193032, 10.61591], [-67.194327, 10.615441], [-67.194612, 10.61533], [-67.194724, 10.6153], [-67.195209, 10.615373], [-67.196576, 10.615548], [-67.197947, 10.615691], [-67.199321, 10.615803], [-67.200697, 10.615883], [-67.202075, 10.615932], [-67.202134, 10.615932], [-67.202863, 10.615979], [-67.20424, 10.616034], [-67.205619, 10.616058], [-67.206997, 10.61605], [-67.208375, 10.616011], [-67.209752, 10.615939], [-67.211126, 10.615836], [-67.212498, 10.615702], [-67.212689, 10.615678], [-67.213534, 10.615589], [-67.2149, 10.615411], [-67.216263, 10.615203], [-67.21762, 10.614963], [-67.218971, 10.614691], [-67.220315, 10.614389], [-67.221651, 10.614056], [-67.22298, 10.613692], [-67.224299, 10.613298], [-67.22449, 10.613236], [-67.225311, 10.613406], [-67.226667, 10.613654], [-67.228027, 10.613872], [-67.229393, 10.614057], [-67.230763, 10.614211], [-67.232135, 10.614334], [-67.233511, 10.614425], [-67.234888, 10.614484], [-67.236266, 10.614512], [-67.237645, 10.614508], [-67.239023, 10.614472], [-67.240399, 10.614404], [-67.241774, 10.614305], [-67.243146, 10.614174], [-67.244515, 10.614011], [-67.245879, 10.613817], [-67.247239, 10.613592], [-67.248593, 10.613335], [-67.248594, 10.613335], [-67.249457, 10.613161], [-67.249843, 10.613082], [-67.251189, 10.612785], [-67.252527, 10.612458], [-67.253857, 10.6121], [-67.255178, 10.611711], [-67.25649, 10.611292], [-67.257791, 10.610843], [-67.259082, 10.610364], [-67.260361, 10.609856], [-67.261628, 10.609318], [-67.262881, 10.608751], [-67.263774, 10.608322], [-67.264767, 10.608118], [-67.26611, 10.60781], [-67.267445, 10.607471], [-67.268772, 10.607102], [-67.27009, 10.606702], [-67.2713, 10.606304], [-67.27222, 10.606388], [-67.273595, 10.606482], [-67.274972, 10.606545], [-67.27635, 10.606576], [-67.277728, 10.606575], [-67.279106, 10.606543], [-67.280483, 10.606479], [-67.281858, 10.606383], [-67.28323, 10.606255], [-67.284599, 10.606096], [-67.285964, 10.605906], [-67.287324, 10.605684], [-67.288679, 10.60543], [-67.288876, 10.605389], [-67.289439, 10.605373], [-67.290816, 10.605303], [-67.29219, 10.605201], [-67.293562, 10.605068], [-67.29493, 10.604903], [-67.296294, 10.604707], [-67.297653, 10.604479], [-67.299007, 10.60422], [-67.300354, 10.60393], [-67.301693, 10.603609], [-67.302316, 10.603445], [-67.303272, 10.60327], [-67.304621, 10.602991], [-67.305964, 10.602681], [-67.307298, 10.60234], [-67.308624, 10.601968], [-67.309942, 10.601566], [-67.311249, 10.601134], [-67.311597, 10.60101], [-67.311836, 10.601023], [-67.313214, 10.601067], [-67.314592, 10.601079], [-67.31597, 10.601059], [-67.316638, 10.601034], [-67.317187, 10.601151], [-67.318542, 10.601405], [-67.319901, 10.601628], [-67.320714, 10.601742], [-67.321249, 10.601847], [-67.322607, 10.602081], [-67.32397, 10.602285], [-67.325338, 10.602456], [-67.326709, 10.602596], [-67.328083, 10.602705], [-67.329459, 10.602782], [-67.330837, 10.602827], [-67.332215, 10.60284], [-67.333593, 10.602822], [-67.334971, 10.602772], [-67.33503, 10.602769], [-67.335174, 10.602777], [-67.336552, 10.602823], [-67.33793, 10.602838], [-67.338622, 10.602829], [-67.339865, 10.60289], [-67.341243, 10.602926], [-67.342622, 10.602931], [-67.344, 10.602903], [-67.345377, 10.602844], [-67.346489, 10.602771], [-67.347164, 10.602791], [-67.348542, 10.6028], [-67.34992, 10.602778], [-67.351298, 10.602724], [-67.352673, 10.602639], [-67.354047, 10.602522], [-67.355417, 10.602373], [-67.356783, 10.602193], [-67.358145, 10.601981], [-67.359501, 10.601738], [-67.360851, 10.601464], [-67.362195, 10.601158], [-67.363531, 10.600822], [-67.364858, 10.600456], [-67.366177, 10.600059], [-67.367486, 10.599631], [-67.368784, 10.599174], [-67.370072, 10.598686], [-67.370216, 10.598628], [-67.371392, 10.598204], [-67.372676, 10.597708], [-67.373948, 10.597183], [-67.375207, 10.596628], [-67.376435, 10.596053], [-67.376786, 10.595993], [-67.378138, 10.595731], [-67.378368, 10.595681], [-67.379332, 10.59557], [-67.380697, 10.59538], [-67.382057, 10.59516], [-67.383412, 10.594908], [-67.38476, 10.594625], [-67.386102, 10.594311], [-67.387435, 10.593967], [-67.38876, 10.593591], [-67.390076, 10.593186], [-67.391382, 10.59275], [-67.392093, 10.592494], [-67.392152, 10.592492], [-67.392922, 10.592444], [-67.3933, 10.592434], [-67.3946877, 10.592598], [-67.3958367, 10.5927562], [-67.397089, 10.5929523], [-67.3998678, 10.5930631], [-67.3984368, 10.5427355], [-67.3984336, 10.5351311], [-67.399613, 10.530366], [-67.3998302, 10.5302131], [-67.3998497, 10.5299705], [-67.3998946, 10.5299298], [-67.3998118, 10.529745], [-67.3998141, 10.5295742], [-67.3998198, 10.5293626], [-67.3998566, 10.5291175], [-67.3999967, 10.5286661], [-67.4002474, 10.5283564], [-67.4005463, 10.5283474], [-67.4008291, 10.528398], [-67.4010302, 10.5284696], [-67.401143, 10.52852], [-67.4012994, 10.52859], [-67.4016367, 10.5286589], [-67.4018081, 10.5286634], [-67.4019772, 10.5286145], [-67.4024812, 10.528383], [-67.4027602, 10.52823], [-67.4029265, 10.5280982], [-67.4030391, 10.528114], [-67.4030713, 10.5277923], [-67.4029005, 10.5272326], [-67.4028008, 10.527067], [-67.4027458, 10.5269906], [-67.4026942, 10.5269191], [-67.4024598, 10.5267744], [-67.4023529, 10.5267189], [-67.4022585, 10.526591], [-67.4022552, 10.5263863], [-67.4022745, 10.5262734], [-67.4023119, 10.5261605], [-67.4023703, 10.526056], [-67.4024537, 10.525967], [-67.4026475, 10.5259094], [-67.4030284, 10.5258039], [-67.4034415, 10.5259199], [-67.4038921, 10.5261467], [-67.4043963, 10.5264157], [-67.4046753, 10.5264685], [-67.4051366, 10.526421], [-67.4054102, 10.5262522], [-67.405834, 10.5256193], [-67.4058608, 10.5251921], [-67.4058608, 10.5250022], [-67.4059145, 10.5246963], [-67.4061934, 10.5246067], [-67.4065731, 10.5243588], [-67.4066082, 10.5242091], [-67.4066046, 10.5240696], [-67.406414, 10.5235381], [-67.4062058, 10.5232459], [-67.4061066, 10.5231009], [-67.4060342, 10.5229664], [-67.4060047, 10.522882], [-67.406002, 10.522824], [-67.4060208, 10.5227554], [-67.4060664, 10.5226842], [-67.4062032, 10.5225234], [-67.406348, 10.5223124], [-67.4066001, 10.5219696], [-67.4067101, 10.5218061], [-67.4067584, 10.5216716], [-67.4067584, 10.5215846], [-67.406745, 10.5214949], [-67.4065465, 10.5208435], [-67.4064052, 10.5204291], [-67.4063802, 10.5203557], [-67.4062863, 10.5201236], [-67.4062112, 10.5198678], [-67.4061254, 10.5195065], [-67.4060878, 10.5193588], [-67.4060047, 10.519227], [-67.4059242, 10.5191373], [-67.4058062, 10.5190529], [-67.4056157, 10.5189765], [-67.4054843, 10.5189422], [-67.4052537, 10.5189316], [-67.4050498, 10.5189264], [-67.4049452, 10.5189184], [-67.4048942, 10.5188894], [-67.404854, 10.5188288], [-67.404846, 10.5187338], [-67.404854, 10.51866], [-67.4048889, 10.5185651], [-67.4049425, 10.5184543], [-67.4050042, 10.5183515], [-67.4051222, 10.518246], [-67.4053073, 10.5181273], [-67.405546, 10.5179823], [-67.4057418, 10.51789], [-67.4058813, 10.5178451], [-67.4060932, 10.5177977], [-67.4063265, 10.5177607], [-67.4064311, 10.5177423], [-67.4065116, 10.5176895], [-67.4067745, 10.5174838], [-67.4068415, 10.5174496], [-67.4069461, 10.5174258], [-67.4070668, 10.5174258], [-67.4073163, 10.5174733], [-67.407504, 10.5175234], [-67.4076623, 10.5175313], [-67.4077857, 10.5175155], [-67.4078956, 10.5174812], [-67.4080083, 10.5174126], [-67.4080834, 10.5173414], [-67.4081504, 10.5172623], [-67.4082443, 10.517199], [-67.4083677, 10.5171621], [-67.4085233, 10.5171516], [-67.4086762, 10.5171516], [-67.4088264, 10.5171305], [-67.4089363, 10.5170935], [-67.4090114, 10.5170461], [-67.4090731, 10.5169722], [-67.4091831, 10.5167454], [-67.409218, 10.5166716], [-67.4092153, 10.5166083], [-67.4092019, 10.5165503], [-67.4091643, 10.5164659], [-67.4091107, 10.5163525], [-67.4090141, 10.5161152], [-67.4089551, 10.5160097], [-67.408888, 10.5159121], [-67.4087325, 10.5157671], [-67.4083623, 10.5154743], [-67.4077937, 10.5149495], [-67.4076408, 10.5147992], [-67.4075925, 10.5147148], [-67.4075818, 10.5146252], [-67.4076006, 10.5145566], [-67.4076515, 10.5144933], [-67.4077347, 10.5144326], [-67.4079144, 10.5143588], [-67.4086386, 10.5141689], [-67.4090892, 10.5141056], [-67.4093708, 10.5141004], [-67.4099261, 10.5141373], [-67.410138, 10.5141426], [-67.4103954, 10.5141215], [-67.4105912, 10.5140898], [-67.4109373, 10.5139896], [-67.4111599, 10.5139158], [-67.4113637, 10.5138657], [-67.4115944, 10.5138235], [-67.4118277, 10.513805], [-67.4120048, 10.5138076], [-67.4121523, 10.5137892], [-67.4122059, 10.5137575], [-67.4122381, 10.5137127], [-67.4122489, 10.5136494], [-67.4122462, 10.5135228], [-67.4122167, 10.5132406], [-67.4122006, 10.5129268], [-67.4121898, 10.5126895], [-67.4121469, 10.512497], [-67.4121228, 10.5123862], [-67.4120665, 10.5122675], [-67.4119887, 10.5121647], [-67.4118492, 10.5120513], [-67.4116936, 10.5119616], [-67.4115461, 10.5119115], [-67.4113342, 10.5118535], [-67.4111196, 10.5118113], [-67.4109909, 10.5117691], [-67.4109185, 10.5117216], [-67.4108729, 10.5116768], [-67.4108514, 10.5116029], [-67.4108487, 10.5115212], [-67.4108648, 10.5114289], [-67.4108809, 10.5112522], [-67.4108809, 10.5111915], [-67.4108568, 10.5110702], [-67.4108058, 10.5109595], [-67.4107119, 10.5108276], [-67.4105859, 10.5106773], [-67.4104786, 10.5105797], [-67.4104062, 10.510527], [-67.4103418, 10.5105059], [-67.4102426, 10.5104821], [-67.4101058, 10.5104848], [-67.4099663, 10.510527], [-67.4098375, 10.510585], [-67.4097356, 10.5106615], [-67.4096847, 10.5107459], [-67.4096605, 10.5108461], [-67.4096444, 10.5109674], [-67.4096417, 10.5110781], [-67.4096203, 10.5111678], [-67.4095613, 10.5112443], [-67.4095023, 10.5112707], [-67.4094003, 10.5112786], [-67.4093065, 10.5112548], [-67.4091992, 10.5111995], [-67.4091375, 10.5111335], [-67.4090463, 10.5109938], [-67.4089792, 10.5108804], [-67.4088585, 10.51073], [-67.4087459, 10.5106298], [-67.4083972, 10.5103371], [-67.4080136, 10.5100391], [-67.4078581, 10.5098756], [-67.4077079, 10.5097253], [-67.4075845, 10.5096409], [-67.4075174, 10.5095855], [-67.4074611, 10.5095116], [-67.4074343, 10.509422], [-67.4074504, 10.5093402], [-67.4075201, 10.5092506], [-67.4075899, 10.5092136], [-67.4077293, 10.5092057], [-67.4078903, 10.5092558], [-67.4080753, 10.5093587], [-67.4084455, 10.5095538], [-67.4086922, 10.5096356], [-67.4088961, 10.5097147], [-67.4090436, 10.5097305], [-67.4091697, 10.50972], [-67.409277, 10.5096804], [-67.4093547, 10.5096066], [-67.4093816, 10.5095486], [-67.4093816, 10.5094642], [-67.4093601, 10.5093824], [-67.4092609, 10.5092374], [-67.4090087, 10.5089156], [-67.4089444, 10.5088576], [-67.4088693, 10.5087917], [-67.4087727, 10.50876], [-67.4086574, 10.5087416], [-67.4085903, 10.5087126], [-67.4085313, 10.5086677], [-67.408239, 10.5083724], [-67.408196, 10.5083064], [-67.4081665, 10.5082326], [-67.4081719, 10.5081667], [-67.4081987, 10.5080902], [-67.4082497, 10.5080216], [-67.4083409, 10.5079214], [-67.4084508, 10.5077579], [-67.4085742, 10.5075443], [-67.4086842, 10.5073913], [-67.4088022, 10.5072779], [-67.4089605, 10.507154], [-67.4090222, 10.5070669], [-67.4090436, 10.5069984], [-67.4090517, 10.5069113], [-67.4090543, 10.5068243], [-67.409057, 10.5067294], [-67.4090704, 10.5065606], [-67.4090758, 10.5064445], [-67.4090597, 10.5063602], [-67.408998, 10.5062652], [-67.4089068, 10.5061755], [-67.4087861, 10.5061228], [-67.4086118, 10.5061043], [-67.408357, 10.5061254], [-67.408196, 10.5061676], [-67.4080351, 10.5062151], [-67.4078769, 10.5062705], [-67.4077562, 10.5063127], [-67.407665, 10.506318], [-67.4075148, 10.5062995], [-67.4074155, 10.5063074], [-67.4073324, 10.5063338], [-67.407158, 10.5064419], [-67.4070963, 10.5065263], [-67.4070722, 10.5066001], [-67.4070454, 10.5067162], [-67.4070132, 10.5068586], [-67.4069703, 10.5069535], [-67.4068952, 10.5070195], [-67.406804, 10.507059], [-67.4067155, 10.507059], [-67.406635, 10.5070142], [-67.406584, 10.5069219], [-67.4065679, 10.5068401], [-67.4064446, 10.5064604], [-67.4063265, 10.5061571], [-67.406289, 10.5060912], [-67.4062434, 10.5060411], [-67.4061924, 10.5060173], [-67.4060905, 10.5060015], [-67.4059778, 10.5060015], [-67.405774, 10.5060147], [-67.4056426, 10.5060147], [-67.4050525, 10.5059725], [-67.4047682, 10.5059356], [-67.4046743, 10.5059092], [-67.4046046, 10.5058512], [-67.404567, 10.5057879], [-67.4045348, 10.5057035], [-67.4045348, 10.5056402], [-67.4045402, 10.5055347], [-67.4045885, 10.5053817], [-67.4046636, 10.5051628], [-67.4047065, 10.5049782], [-67.4047038, 10.504878], [-67.4046716, 10.504762], [-67.404618, 10.5046407], [-67.4045187, 10.5044772], [-67.4043739, 10.5042688], [-67.4041835, 10.5040473], [-67.4037972, 10.5035884], [-67.4034297, 10.5031269], [-67.4031669, 10.5027128], [-67.4030811, 10.5026047], [-67.4029791, 10.5025098], [-67.402845, 10.5024359], [-67.4026439, 10.5023673], [-67.4024561, 10.5023172], [-67.4023569, 10.5022698], [-67.4022442, 10.502188], [-67.4021906, 10.5021168], [-67.4021503, 10.5020166], [-67.4021101, 10.5019322], [-67.4020726, 10.5018214], [-67.4020243, 10.5016025], [-67.4019974, 10.5015102], [-67.4019572, 10.5014153], [-67.4018875, 10.5013203], [-67.4017856, 10.5011832], [-67.4016354, 10.5010461], [-67.4015039, 10.500959], [-67.4013966, 10.5009327], [-67.4013215, 10.5009485], [-67.4012518, 10.5009986], [-67.4012062, 10.5010962], [-67.4012035, 10.5011832], [-67.4012223, 10.5012861], [-67.401225, 10.5013652], [-67.4012089, 10.5014575], [-67.4011794, 10.5015445], [-67.4010882, 10.5016843], [-67.4009702, 10.5018715], [-67.400879, 10.5019507], [-67.4007878, 10.5019902], [-67.4006912, 10.5019929], [-67.4005812, 10.5019638], [-67.40049, 10.5019085], [-67.4003103, 10.5017845], [-67.4002191, 10.5016737], [-67.4001387, 10.501534], [-67.4000958, 10.5013968], [-67.4000743, 10.5012465], [-67.4000716, 10.5010962], [-67.400085, 10.5009775], [-67.400128, 10.500872], [-67.4002379, 10.5007138], [-67.4004123, 10.5004791], [-67.4005866, 10.5002602], [-67.4006805, 10.5000887], [-67.40071, 10.4999068], [-67.4007073, 10.4996931], [-67.4006858, 10.4995929], [-67.4006134, 10.4994795], [-67.4005303, 10.4994057], [-67.4003291, 10.4993239], [-67.4000448, 10.4992633], [-67.3999134, 10.4992553], [-67.3997498, 10.499287], [-67.3995808, 10.499345], [-67.3994011, 10.4994479], [-67.3989907, 10.499767], [-67.3988915, 10.499825], [-67.3987654, 10.4998751], [-67.3986608, 10.4998936], [-67.3985723, 10.4998804], [-67.3983631, 10.499825], [-67.3983014, 10.4997934], [-67.398245, 10.4997485], [-67.3982129, 10.4996879], [-67.3982182, 10.4996378], [-67.3982611, 10.4995507], [-67.3983362, 10.4994927], [-67.3984355, 10.4994373], [-67.3986581, 10.4993266], [-67.3987734, 10.4992448], [-67.3988754, 10.4991077], [-67.3989156, 10.4989837], [-67.3989505, 10.4988017], [-67.3989612, 10.4985881], [-67.398937, 10.4984009], [-67.3988915, 10.4981582], [-67.3987493, 10.4976782], [-67.3986635, 10.4974514], [-67.3985186, 10.497164], [-67.3984435, 10.4970453], [-67.3983309, 10.4969187], [-67.3981619, 10.4967525], [-67.39806, 10.496647], [-67.3978722, 10.4964835], [-67.397427, 10.4961354], [-67.3972982, 10.496051], [-67.397148, 10.4959719], [-67.3970085, 10.4959666], [-67.3967511, 10.4959877], [-67.3962951, 10.4960721], [-67.3959518, 10.4960827], [-67.3956245, 10.4960563], [-67.3953509, 10.4960352], [-67.3950076, 10.4960405], [-67.3947877, 10.4960827], [-67.3946482, 10.4961565], [-67.394557, 10.4962673], [-67.3944765, 10.4964361], [-67.3943961, 10.4966576], [-67.394321, 10.4969055], [-67.3942378, 10.4970822], [-67.394152, 10.4971903], [-67.3940608, 10.49728], [-67.3939589, 10.4973196], [-67.3938194, 10.4973275], [-67.3936987, 10.4972879], [-67.393586, 10.497222], [-67.3934814, 10.497135], [-67.3933634, 10.4970136], [-67.39324, 10.4968317], [-67.3931542, 10.496684], [-67.3931006, 10.4965442], [-67.3930416, 10.4963622], [-67.3930094, 10.4962435], [-67.3929557, 10.4959798], [-67.3929262, 10.4958585], [-67.392886, 10.495724], [-67.3928645, 10.4956238], [-67.3928565, 10.4955262], [-67.3928511, 10.4954286], [-67.3928082, 10.4953363], [-67.3927304, 10.4952888], [-67.3926607, 10.4952835], [-67.3925856, 10.4953046], [-67.3925185, 10.4953548], [-67.3924676, 10.4954497], [-67.3923066, 10.4956686], [-67.3921779, 10.4958137], [-67.3920867, 10.495898], [-67.3919633, 10.4959719], [-67.3917782, 10.49608], [-67.3915905, 10.4961539], [-67.3914725, 10.4961855], [-67.3913759, 10.4961855], [-67.3912954, 10.4961618], [-67.3912096, 10.4961011], [-67.3911211, 10.4960167], [-67.3910272, 10.4958928], [-67.3908904, 10.4957504], [-67.3906946, 10.4955948], [-67.390472, 10.4953864], [-67.3902467, 10.4951596], [-67.3900107, 10.4949064], [-67.3897076, 10.4946005], [-67.3895708, 10.4944528], [-67.3894823, 10.4943658], [-67.389442, 10.4943077], [-67.3894072, 10.4942444], [-67.3893911, 10.494189], [-67.3893937, 10.4941337], [-67.3894152, 10.4940862], [-67.3894528, 10.4940519], [-67.3895413, 10.4940044], [-67.3897639, 10.4939306], [-67.3899651, 10.4938647], [-67.3901475, 10.4938356], [-67.3904184, 10.4937882], [-67.3907617, 10.4937671], [-67.3908931, 10.4937539], [-67.3909977, 10.4937328], [-67.3910674, 10.4936959], [-67.3911318, 10.4936273], [-67.3911855, 10.4935324], [-67.3911935, 10.4934796], [-67.3911721, 10.4934321], [-67.3911211, 10.4933636], [-67.391054, 10.4932871], [-67.3910004, 10.4931789], [-67.3909843, 10.4930814], [-67.3909843, 10.492931], [-67.3909897, 10.4928493], [-67.3909736, 10.4927649], [-67.3909521, 10.4927121], [-67.3909012, 10.4926066], [-67.3907483, 10.4923244], [-67.390649, 10.4921741], [-67.3905793, 10.4920211], [-67.3905578, 10.4919077], [-67.3905659, 10.4918128], [-67.3906007, 10.4917442], [-67.3906571, 10.4916651], [-67.3907402, 10.4915622], [-67.3908019, 10.4914778], [-67.3908636, 10.4913697], [-67.390877, 10.4912721], [-67.3908824, 10.4911165], [-67.3909172, 10.4908818], [-67.3909172, 10.490808], [-67.3909065, 10.4907051], [-67.3908502, 10.4905864], [-67.3907965, 10.4904176], [-67.3907724, 10.4903332], [-67.390767, 10.4902225], [-67.3907965, 10.4900695], [-67.3908368, 10.4898928], [-67.3908797, 10.4897899], [-67.3909575, 10.4896185], [-67.3911613, 10.4892387], [-67.3912257, 10.4890594], [-67.3912498, 10.4889249], [-67.3912418, 10.4888167], [-67.3911828, 10.488582], [-67.3911265, 10.4883315], [-67.3910835, 10.4881706], [-67.3910299, 10.4879886], [-67.3909816, 10.4878172], [-67.3909736, 10.4877407], [-67.3909763, 10.4876536], [-67.3910138, 10.4875692], [-67.3910809, 10.4875086], [-67.3912525, 10.4873978], [-67.3914483, 10.487287], [-67.3916495, 10.4871631], [-67.3919284, 10.487018], [-67.3921296, 10.4869073], [-67.3923549, 10.4867437], [-67.3924917, 10.4866409], [-67.3926258, 10.4865248], [-67.3927707, 10.4864088], [-67.3929182, 10.486269], [-67.3929825, 10.486182], [-67.3930335, 10.4860976], [-67.393055, 10.4859973], [-67.3930416, 10.4858945], [-67.3929986, 10.485818], [-67.3929289, 10.4857257], [-67.3928779, 10.485694], [-67.3927867, 10.4856703], [-67.3926795, 10.4856756], [-67.3925293, 10.4857257], [-67.3923388, 10.4858154], [-67.3921618, 10.4858813], [-67.392033, 10.4859182], [-67.3918855, 10.4859472], [-67.3917353, 10.4859631], [-67.391569, 10.4859631], [-67.3914108, 10.485942], [-67.3912364, 10.485942], [-67.3910245, 10.4859736], [-67.3908529, 10.4860132], [-67.3907724, 10.4860316], [-67.3906571, 10.486029], [-67.39059, 10.4859947], [-67.390531, 10.4859472], [-67.3904774, 10.4858602], [-67.3904344, 10.48576], [-67.3904157, 10.4856598], [-67.3904264, 10.4855859], [-67.3904452, 10.4855015], [-67.3904827, 10.4854382], [-67.390531, 10.4853723], [-67.3906678, 10.4852088], [-67.3907992, 10.4850505], [-67.3908582, 10.4849266], [-67.390877, 10.4848184], [-67.390869, 10.4846971], [-67.3908314, 10.4845573], [-67.3907429, 10.4842988], [-67.3906651, 10.4840536], [-67.3906034, 10.483832], [-67.3905686, 10.4836632], [-67.3905283, 10.4835234], [-67.3904532, 10.483381], [-67.3903513, 10.483294], [-67.390185, 10.4832149], [-67.3899168, 10.4831331], [-67.3897076, 10.4831041], [-67.3893964, 10.4830672], [-67.3890451, 10.483054], [-67.3886427, 10.4830724], [-67.3883799, 10.4830935], [-67.3881573, 10.4831463], [-67.3879668, 10.4832149], [-67.3878247, 10.4833098], [-67.3876879, 10.4834311], [-67.3875967, 10.4835498], [-67.3875028, 10.4837424], [-67.3874384, 10.4839375], [-67.387358, 10.484101], [-67.3872989, 10.4841854], [-67.3872185, 10.4842672], [-67.3870951, 10.4843437], [-67.386969, 10.4843806], [-67.3867947, 10.4844017], [-67.3866391, 10.4843991], [-67.3865292, 10.4843674], [-67.386446, 10.4843094], [-67.386387, 10.4841881], [-67.3863092, 10.4839797], [-67.3861966, 10.4837133], [-67.3861429, 10.4835788], [-67.3861, 10.4835076], [-67.3860464, 10.4834549], [-67.3860034, 10.4834364], [-67.3859391, 10.48341], [-67.3858452, 10.4833652], [-67.3857674, 10.483294], [-67.3857057, 10.4832254], [-67.3856118, 10.4831516], [-67.3853141, 10.4829854], [-67.385172, 10.4829036], [-67.385011, 10.4828166], [-67.3848206, 10.4826768], [-67.3846489, 10.4825555], [-67.3845685, 10.4825054], [-67.3844665, 10.4824711], [-67.3843673, 10.4824764], [-67.3842627, 10.4825028], [-67.3841447, 10.4825476], [-67.3840266, 10.4825977], [-67.3839489, 10.4826241], [-67.3838738, 10.4826373], [-67.383796, 10.482632], [-67.3836914, 10.4826109], [-67.3836002, 10.4826083], [-67.3834822, 10.4826294], [-67.3833829, 10.4826531], [-67.3831818, 10.4827085], [-67.3830798, 10.4827401], [-67.3829618, 10.482748], [-67.3828384, 10.4827533], [-67.3827231, 10.4827401], [-67.3826265, 10.4827006], [-67.3825541, 10.4826425], [-67.3824871, 10.4825634], [-67.3824415, 10.48245], [-67.3823771, 10.4823049], [-67.3823395, 10.4822153], [-67.38231, 10.4821177], [-67.3823047, 10.482028], [-67.3823181, 10.4819014], [-67.3823449, 10.4817142], [-67.3823717, 10.4816087], [-67.38242, 10.4815032], [-67.3825085, 10.4813634], [-67.3825917, 10.4812289], [-67.3826292, 10.4811339], [-67.3826346, 10.4810073], [-67.3826319, 10.4808781], [-67.3826534, 10.4807462], [-67.3826882, 10.4806038], [-67.3827633, 10.4803822], [-67.3829001, 10.4800605], [-67.3829645, 10.479889], [-67.3830342, 10.4797519], [-67.3831308, 10.4796095], [-67.3831871, 10.4795514], [-67.383281, 10.4794802], [-67.3833749, 10.4794301], [-67.3834741, 10.4794064], [-67.3836029, 10.4793879], [-67.3837101, 10.4793879], [-67.3838174, 10.4793589], [-67.3838764, 10.4793167], [-67.3839247, 10.4792376], [-67.3839569, 10.4791268], [-67.3839757, 10.4790319], [-67.3839623, 10.4789158], [-67.3839059, 10.4787734], [-67.3838335, 10.4786336], [-67.3837423, 10.4784516], [-67.3836941, 10.4783883], [-67.3836431, 10.4783672], [-67.383568, 10.4783778], [-67.3834741, 10.4784226], [-67.3833641, 10.4784622], [-67.3832971, 10.4784648], [-67.3831576, 10.478449], [-67.3830611, 10.4784121], [-67.3829779, 10.4783751], [-67.3829135, 10.4783303], [-67.3828599, 10.4782538], [-67.3828116, 10.4781562], [-67.3828143, 10.4780534], [-67.3828465, 10.477932], [-67.3829109, 10.4776815], [-67.3829323, 10.4775971], [-67.382943, 10.4774731], [-67.3829323, 10.4773491], [-67.3829296, 10.4772542], [-67.382943, 10.4771803], [-67.3829833, 10.4771012], [-67.3830718, 10.4770274], [-67.3831496, 10.4769984], [-67.3832756, 10.4769667], [-67.3834178, 10.4769562], [-67.3835921, 10.4769588], [-67.3836914, 10.4769456], [-67.3837531, 10.4769245], [-67.3837933, 10.4768955], [-67.3838335, 10.4768322], [-67.3838443, 10.4767478], [-67.3838282, 10.4766687], [-67.3837933, 10.4766027], [-67.3837236, 10.4764735], [-67.383619, 10.4762678], [-67.3834285, 10.4759513], [-67.3833293, 10.4757666], [-67.3832917, 10.4756743], [-67.3832729, 10.4755715], [-67.3832837, 10.4754792], [-67.3833239, 10.4753842], [-67.3834044, 10.4752576], [-67.3834527, 10.4751811], [-67.3834714, 10.4750783], [-67.3834607, 10.474978], [-67.3834285, 10.4748382], [-67.383391, 10.4746985], [-67.3833481, 10.4746325], [-67.3832676, 10.4745666], [-67.3831657, 10.474498], [-67.3830315, 10.4743951], [-67.3829001, 10.4742501], [-67.3827875, 10.4740866], [-67.382656, 10.4738624], [-67.3825863, 10.4737068], [-67.3825353, 10.4735353], [-67.3825032, 10.4733639], [-67.3824817, 10.4731951], [-67.3824763, 10.47305], [-67.3824763, 10.4729129], [-67.3825032, 10.4727572], [-67.38253, 10.4725542], [-67.38253, 10.4724381], [-67.3825058, 10.4722904], [-67.3824281, 10.471908], [-67.3823878, 10.4717893], [-67.3823503, 10.4716943], [-67.3823047, 10.4716126], [-67.3822188, 10.4715255], [-67.3821008, 10.4714886], [-67.3819721, 10.4714569], [-67.3818004, 10.471391], [-67.3816583, 10.4713013], [-67.3815778, 10.4712011], [-67.3815134, 10.4711061], [-67.3814812, 10.4710165], [-67.3814786, 10.4709321], [-67.3814946, 10.4708503], [-67.3815322, 10.4707817], [-67.3816046, 10.4707369], [-67.3817897, 10.4706683], [-67.3821089, 10.4704995], [-67.3822135, 10.470423], [-67.3823127, 10.470307], [-67.3823959, 10.470183], [-67.3825407, 10.4699641], [-67.3826614, 10.4697504], [-67.3826882, 10.4696871], [-67.3826936, 10.4696212], [-67.3826855, 10.4694999], [-67.3826534, 10.4693944], [-67.3826158, 10.46931], [-67.3825783, 10.4692546], [-67.3825112, 10.4692177], [-67.3824307, 10.4691992], [-67.382302, 10.4692098], [-67.3821571, 10.4692203], [-67.381779, 10.46931], [-67.3815858, 10.4693443], [-67.3813766, 10.4693706], [-67.3811594, 10.4693601], [-67.380859, 10.4693284], [-67.38069, 10.4692836], [-67.3805773, 10.4692282], [-67.3805022, 10.4691623], [-67.3804218, 10.4690409], [-67.3803869, 10.4688537], [-67.3803842, 10.4686559], [-67.3803788, 10.4685424], [-67.3803628, 10.468458], [-67.3803145, 10.468371], [-67.3802358, 10.4682302], [-67.3800302, 10.4679675], [-67.3799658, 10.46792], [-67.3799256, 10.4678646], [-67.379888, 10.4677723], [-67.3798746, 10.4676747], [-67.3798773, 10.4675771], [-67.3799899, 10.4673846], [-67.380116, 10.4672395], [-67.3802394, 10.4670812], [-67.3803091, 10.4669494], [-67.3803306, 10.4668412], [-67.3803198, 10.466741], [-67.3802206, 10.4665801], [-67.3801616, 10.4663876], [-67.3801616, 10.4662187], [-67.3802395, 10.4660465], [-67.3804218, 10.4657994], [-67.3804888, 10.4656965], [-67.3805398, 10.4656016], [-67.3806042, 10.4654327], [-67.3806658, 10.4652428], [-67.3807383, 10.4650055], [-67.3807973, 10.4648314], [-67.3808295, 10.4646942], [-67.3808134, 10.4645834], [-67.3807785, 10.4644885], [-67.3807141, 10.464412], [-67.3806095, 10.4643329], [-67.3804915, 10.4642643], [-67.3803225, 10.4642221], [-67.3801026, 10.4641746], [-67.3799738, 10.4641377], [-67.3798773, 10.4640876], [-67.3797485, 10.4640243], [-67.3796466, 10.4639979], [-67.3795232, 10.4639847], [-67.3793194, 10.4639979], [-67.3790887, 10.464019], [-67.3789465, 10.464019], [-67.3788527, 10.4639953], [-67.3787749, 10.4639451], [-67.3787078, 10.4638317], [-67.3786488, 10.4636998], [-67.3786247, 10.463531], [-67.3786086, 10.4633965], [-67.3786059, 10.4632726], [-67.3786059, 10.4631776], [-67.3786327, 10.4630958], [-67.3786676, 10.4629956], [-67.3787722, 10.4628558], [-67.3789519, 10.4626554], [-67.3792014, 10.4624074], [-67.3793596, 10.4622492], [-67.3794615, 10.4621384], [-67.3795795, 10.4619959], [-67.3796761, 10.4618456], [-67.3797244, 10.4617506], [-67.3797593, 10.4616531], [-67.3797727, 10.4615687], [-67.37977, 10.4614948], [-67.3797298, 10.4614183], [-67.3796546, 10.4613181], [-67.3795849, 10.4612258], [-67.3795447, 10.4611651], [-67.3795232, 10.4610675], [-67.3794991, 10.4609013], [-67.3794696, 10.4606112], [-67.3794401, 10.4605031], [-67.3794106, 10.4604477], [-67.3793569, 10.4603791], [-67.3793247, 10.4603369], [-67.3792979, 10.4602736], [-67.3792979, 10.4601997], [-67.379306, 10.4601285], [-67.3793274, 10.4600547], [-67.3793489, 10.459965], [-67.3793542, 10.4598595], [-67.3793274, 10.4597777], [-67.3792791, 10.459688], [-67.3792228, 10.459601], [-67.3790646, 10.4594401], [-67.3789975, 10.4593319], [-67.378968, 10.4592528], [-67.3789492, 10.4591737], [-67.3789385, 10.4590735], [-67.3789251, 10.4589046], [-67.3789036, 10.458778], [-67.3788661, 10.4586488], [-67.3787829, 10.4584747], [-67.3786944, 10.4583191], [-67.378614, 10.4581819], [-67.3785174, 10.4580105], [-67.3784423, 10.4578971], [-67.3784155, 10.4578496], [-67.3784074, 10.4577916], [-67.3784101, 10.4577335], [-67.3784369, 10.4576729], [-67.3784557, 10.4576438], [-67.3785442, 10.4575331], [-67.3787132, 10.4573405], [-67.3787722, 10.4572429], [-67.3787856, 10.4571849], [-67.3787856, 10.4571031], [-67.3787507, 10.4570055], [-67.3786703, 10.4567998], [-67.3786247, 10.4567365], [-67.3785415, 10.4566943], [-67.3784262, 10.4566547], [-67.3781204, 10.4565888], [-67.3780453, 10.4565703], [-67.3779944, 10.4565519], [-67.3779219, 10.4565096], [-67.3778307, 10.4564516], [-67.3777919, 10.4564121], [-67.3777449, 10.4563435], [-67.3777141, 10.4562749], [-67.3776752, 10.4561562], [-67.377647, 10.4560124], [-67.3776215, 10.4558357], [-67.3776041, 10.4557487], [-67.3775867, 10.4556986], [-67.3775491, 10.4556379], [-67.3774754, 10.4555324], [-67.377407, 10.4554493], [-67.3773614, 10.4553834], [-67.3773292, 10.455328], [-67.3773131, 10.4552647], [-67.3772903, 10.455175], [-67.3772876, 10.4551064], [-67.3772863, 10.455055], [-67.3772863, 10.4550049], [-67.3772728, 10.4549587], [-67.377246, 10.4549178], [-67.3772071, 10.454873], [-67.3771924, 10.4548334], [-67.377183, 10.4547859], [-67.3771843, 10.4547371], [-67.377187, 10.4546936], [-67.377179, 10.4546488], [-67.3771548, 10.4546132], [-67.3771092, 10.454567], [-67.3770516, 10.4545182], [-67.3769993, 10.4544404], [-67.3769563, 10.4543243], [-67.3769389, 10.454236], [-67.3769322, 10.4541582], [-67.3769376, 10.4540922], [-67.376951, 10.4539907], [-67.3769818, 10.4538746], [-67.377069, 10.4536583], [-67.3770837, 10.4535897], [-67.3770824, 10.4535423], [-67.3770677, 10.4534935], [-67.3770435, 10.4534407], [-67.3769845, 10.4533141], [-67.3769724, 10.4532732], [-67.3769724, 10.4532389], [-67.3769791, 10.4532007], [-67.3769993, 10.45314], [-67.3770247, 10.4530279], [-67.377061, 10.4527694], [-67.3770703, 10.4526164], [-67.377065, 10.4524885], [-67.3770569, 10.4524331], [-67.3770449, 10.4523962], [-67.3770167, 10.4523658], [-67.3769899, 10.452354], [-67.3769349, 10.4523487], [-67.3768665, 10.45235], [-67.376774, 10.4523606], [-67.3765996, 10.4523817], [-67.3765272, 10.4523817], [-67.3764306, 10.4523711], [-67.3762831, 10.4523078], [-67.3761141, 10.4522551], [-67.3757789, 10.4521232], [-67.3754382, 10.4519887], [-67.3752987, 10.4519412], [-67.3751566, 10.4519201], [-67.3750144, 10.4519201], [-67.3748508, 10.4519544], [-67.3746577, 10.4520098], [-67.3745316, 10.4520309], [-67.3744646, 10.4520309], [-67.3743868, 10.4520018], [-67.3743197, 10.4519544], [-67.374242, 10.4519254], [-67.3741776, 10.4519148], [-67.3740864, 10.4519333], [-67.3740301, 10.4519596], [-67.3739442, 10.4520124], [-67.3738745, 10.4520599], [-67.3738182, 10.4520942], [-67.3737699, 10.4521074], [-67.3736975, 10.4521074], [-67.3736009, 10.4520863], [-67.3734936, 10.4520467], [-67.3733649, 10.4520018], [-67.3732522, 10.4519438], [-67.3731744, 10.4518911], [-67.3730591, 10.4517882], [-67.3729518, 10.4516748], [-67.3728552, 10.4516167], [-67.3727882, 10.451593], [-67.3727372, 10.4515614], [-67.3727077, 10.4515323], [-67.3726943, 10.4514849], [-67.3726809, 10.4513873], [-67.3726997, 10.4513266], [-67.3727158, 10.4512396], [-67.3727238, 10.4511683], [-67.3727131, 10.4510945], [-67.3726782, 10.4510312], [-67.3725253, 10.4509257], [-67.3724636, 10.4508755], [-67.3724288, 10.4508096], [-67.3724073, 10.4507146], [-67.3723537, 10.4505669], [-67.3723242, 10.4504878], [-67.3722759, 10.4504535], [-67.372233, 10.4504403], [-67.3721579, 10.4503981], [-67.3721015, 10.4503375], [-67.3720694, 10.4502557], [-67.3720104, 10.450108], [-67.3719111, 10.4499655], [-67.3718762, 10.4499128], [-67.3718253, 10.4498627], [-67.3717636, 10.4497967], [-67.3716912, 10.4497545], [-67.3715866, 10.4497281], [-67.3714042, 10.4496807], [-67.3713505, 10.4496411], [-67.3713076, 10.449562], [-67.3712915, 10.4495066], [-67.3712754, 10.4494142], [-67.371262, 10.4493114], [-67.3712754, 10.4492507], [-67.3713103, 10.4491742], [-67.371372, 10.4491004], [-67.3714283, 10.449016], [-67.3714498, 10.4489447], [-67.3714498, 10.448892], [-67.3714337, 10.4488392], [-67.3713908, 10.4487997], [-67.3713344, 10.4487759], [-67.371262, 10.4487575], [-67.3712325, 10.4487126], [-67.3712245, 10.4486467], [-67.3712298, 10.4485781], [-67.371262, 10.4484752], [-67.3712942, 10.4484198], [-67.3713049, 10.4483644], [-67.3712915, 10.4483143], [-67.3712245, 10.4482431], [-67.3711386, 10.4481429], [-67.3710313, 10.4480558], [-67.370857, 10.447945], [-67.3706532, 10.4478158], [-67.3704118, 10.4476681], [-67.3702106, 10.4475784], [-67.3700684, 10.4475151], [-67.3699933, 10.4474623], [-67.3699451, 10.4473964], [-67.3699236, 10.4473225], [-67.3699155, 10.4472592], [-67.3699102, 10.4471036], [-67.369878, 10.4470007], [-67.3698083, 10.446853], [-67.3697466, 10.4467712], [-67.3696956, 10.4467132], [-67.3695937, 10.4466473], [-67.369473, 10.4465971], [-67.3693228, 10.4465655], [-67.3691297, 10.4465338], [-67.3690438, 10.4465127], [-67.3689714, 10.4464758], [-67.3689365, 10.4464204], [-67.3689392, 10.4463096], [-67.3689634, 10.4462437], [-67.3690116, 10.4461936], [-67.3690572, 10.4461725], [-67.3691377, 10.4461698], [-67.3692316, 10.4461936], [-67.3693121, 10.4462252], [-67.3693925, 10.4462437], [-67.3694462, 10.446241], [-67.3694783, 10.4462173], [-67.3695132, 10.4461672], [-67.3695347, 10.4460881], [-67.3695347, 10.446001], [-67.3695159, 10.4459219], [-67.3694676, 10.4458427], [-67.3693925, 10.4457082], [-67.3692906, 10.4454313], [-67.3692557, 10.4452994], [-67.3692155, 10.4451517], [-67.3691297, 10.4449063], [-67.3691162, 10.4448404], [-67.3691136, 10.4447586], [-67.3691404, 10.4446821], [-67.3691699, 10.444603], [-67.3691887, 10.4445423], [-67.3691914, 10.4444896], [-67.3691699, 10.4444447], [-67.3691377, 10.4444131], [-67.3690841, 10.444392], [-67.3689821, 10.4443735], [-67.3688507, 10.4443551], [-67.3687086, 10.4443471], [-67.3685986, 10.4443287], [-67.3685101, 10.4442838], [-67.3684242, 10.4442443], [-67.3683679, 10.4442152], [-67.3683223, 10.4441994], [-67.3682445, 10.4441941], [-67.3681641, 10.44421], [-67.3680943, 10.4442311], [-67.3680595, 10.4442575], [-67.3680165, 10.4443313], [-67.3678878, 10.4445634], [-67.3677805, 10.4447164], [-67.3676491, 10.4448668], [-67.3675311, 10.4449485], [-67.3674104, 10.4449776], [-67.367295, 10.4449881], [-67.3671582, 10.444967], [-67.3669598, 10.4449433], [-67.36678, 10.444938], [-67.3664877, 10.4449512], [-67.3661524, 10.4449855], [-67.3659566, 10.4450119], [-67.3656777, 10.4450883], [-67.3654845, 10.4451279], [-67.3653477, 10.4451332], [-67.3652458, 10.4451279], [-67.3651627, 10.4451015], [-67.36505, 10.4450356], [-67.3648703, 10.4449327], [-67.3647174, 10.4448668], [-67.364535, 10.4447956], [-67.3644519, 10.4447613], [-67.3643929, 10.444727], [-67.3643151, 10.4446637], [-67.3642588, 10.4446056], [-67.3641998, 10.4445555], [-67.3641327, 10.444508], [-67.364071, 10.444479], [-67.3639503, 10.4444342], [-67.363835, 10.4444184], [-67.3637679, 10.4444236], [-67.3636124, 10.4444342], [-67.3634997, 10.4444342], [-67.3634058, 10.4444184], [-67.3633334, 10.4443841], [-67.363269, 10.4443313], [-67.3632234, 10.4442575], [-67.3631805, 10.4441941], [-67.3631457, 10.4441256], [-67.363041, 10.4440043], [-67.3629579, 10.4439409], [-67.362923, 10.4438196], [-67.362848, 10.4435532], [-67.362805, 10.443416], [-67.3627379, 10.4431892], [-67.3626468, 10.442986], [-67.3626253, 10.442899], [-67.362577, 10.4427697], [-67.3625958, 10.4426906], [-67.3626199, 10.4425983], [-67.3626789, 10.4424717], [-67.3628023, 10.4422844], [-67.3628587, 10.4422079], [-67.3628908, 10.442134], [-67.3629043, 10.4420681], [-67.3629043, 10.4419969], [-67.3628747, 10.4419362], [-67.3628318, 10.4418993], [-67.3627862, 10.4418887], [-67.3626521, 10.4418729], [-67.3625636, 10.4418571], [-67.3624697, 10.4418175], [-67.3624027, 10.4417489], [-67.3623785, 10.4416909], [-67.3623303, 10.4415168], [-67.36229, 10.4413348], [-67.3622257, 10.4409549]]]}}]}