{"type":"FeatureCollection","features":[{"type":"Feature","id":"way/24631981","properties":{"name":"Puente General Rafael Urdaneta","highway":"trunk","ref":"T-3"},"geometry":{"type":"LineString","coordinates":[[-71.61203,10.5738],[-71.53621,10.57551]]}},{"type":"Feature","id":"way/24632221","properties":{"name":"Avenida Circunvalaci\u00f3n 1","highway":"trunk","ref":"T-3"},"geometry":{"type":"LineString","coordinates":[[-71.62668,10.57692],[-71.62936,10.57996],[-71.6284,10.58606],[-71.62845,10.59621]]}},{"type":"Feature","id":"way/24632976","properties":{"name":"Avenida 5","highway":"secondary","ref":"R-16"},"geometry":{"type":"LineString","coordinates":[[-71.62626,10.53732],[-71.6213,10.54593],[-71.62045,10.55463]]}},{"type":"Feature","id":"way/24633052","properties":{"name":"Distribuidor San Francisco","highway":"trunk_link"},"geometry":{"type":"LineString","coordinates":[[-71.62112,10.57436],[-71.61698,10.57137]]}},{"type":"Feature","id":"way/24633059","properties":{"name":"Distribuidor San Francisco","highway":"trunk_link"},"geometry":{"type":"LineString","coordinates":[[-71.61357,10.57383],[-71.61512,10.57423],[-71.61634,10.576]]}},{"type":"Feature","id":"way/24633067","properties":{"name":"Distribuidor San Francisco","highway":"trunk_link"},"geometry":{"type":"LineString","coordinates":[[-71.61654,10.57441],[-71.61562,10.57459],[-71.61611,10.5738]]}},{"type":"Feature","id":"way/24633071","properties":{"name":"Distribuidor San Francisco","highway":"trunk_link"},"geometry":{"type":"LineString","coordinates":[[-71.6173,10.57379],[-71.61774,10.57514],[-71.6167,10.57426]]}},{"type":"Feature","id":"way/24633124","properties":{"name":"Distribuidor San Francisco","highway":"trunk_link"},"geometry":{"type":"LineString","coordinates":[[-71.6161,10.57213],[-71.61542,10.57325]]}},{"type":"Feature","id":"way/24634040","properties":{"highway":"trunk_link"},"geometry":{"type":"LineString","coordinates":[[-71.62744,10.58691],[-71.62839,10.58759]]}},{"type":"Feature","id":"way/24634051","properties":{"highway":"trunk_link"},"geometry":{"type":"LineString","coordinates":[[-71.6284,10.58606],[-71.62744,10.58691]]}},{"type":"Feature","id":"way/24638370","properties":{"name":"Avenida Circunvalaci\u00f3n 2","highway":"trunk","ref":"T-6"},"geometry":{"type":"LineString","coordinates":[[-71.64629,10.69177],[-71.64775,10.69048],[-71.64678,10.68279],[-71.64808,10.67785]]}},{"type":"Feature","id":"way/24638414","properties":{"name":"Avenida Circunvalaci\u00f3n 2","highway":"trunk","ref":"T-6"},"geometry":{"type":"LineString","coordinates":[[-71.64303,10.59591],[-71.62914,10.59584]]}},{"type":"Feature","id":"way/24638418","properties":{"highway":"trunk_link"},"geometry":{"type":"LineString","coordinates":[[-71.64353,10.5961],[-71.64344,10.59582]]}},{"type":"Feature","id":"way/24768192","properties":{"name":"Avenida Circunvalaci\u00f3n 2","highway":"primary","ref":"T-6"},"geometry":{"type":"LineString","coordinates":[[-71.61896,10.59629],[-71.62798,10.59591]]}},{"type":"Feature","id":"way/24768193","properties":{"name":"Avenida Circunvalaci\u00f3n 2","highway":"trunk","ref":"T-6"},"geometry":{"type":"LineString","coordinates":[[-71.64353,10.5961],[-71.64303,10.59591]]}},{"type":"Feature","id":"way/24954790","properties":{"name":"Gran Autopista de Occidente","highway":"trunk","ref":"T-17"},"geometry":{"type":"LineString","coordinates":[[-71.34029,10.38563],[-71.37357,10.41247],[-71.3936,10.43571]]}},{"type":"Feature","id":"way/24996571","properties":{"highway":"primary_link"},"geometry":{"type":"LineString","coordinates":[[-71.62589,10.70068],[-71.62573,10.70038]]}},{"type":"Feature","id":"way/25180875","properties":{"name":"Avenida Las Delicias","highway":"primary","ref":"R-16"},"geometry":{"type":"LineString","coordinates":[[-71.61592,10.60159],[-71.60838,10.61143],[-71.61209,10.61853],[-71.61414,10.62679],[-71.61819,10.63224],[-71.61868,10.63622]]}},{"type":"Feature","id":"way/25180975","properties":{"name":"Avenida 48 V\u00eda a La Ca\u00f1ada","highway":"trunk","ref":"T-6;L-4"},"geometry":{"type":"LineString","coordinates":[[-71.65111,10.58079],[-71.64998,10.58329]]}},{"type":"Feature","id":"way/25181593","properties":{"name":"Puente General Rafael Urdaneta","highway":"trunk","ref":"T-3"},"geometry":{"type":"LineString","coordinates":[[-71.61201,10.57387],[-71.61356,10.57382]]}},{"type":"Feature","id":"way/25207615","properties":{"name":"Distribuidor Punta Iguana","highway":"trunk_link","ref":"L-3"},"geometry":{"type":"LineString","coordinates":[[-71.52558,10.57583],[-71.529,10.57711]]}},{"type":"Feature","id":"way/25214567","properties":{"name":"Avenida 5","highway":"primary","ref":"R-16"},"geometry":{"type":"LineString","coordinates":[[-71.61806,10.59435],[-71.61733,10.59202],[-71.61798,10.58807],[-71.6169,10.58507]]}},{"type":"Feature","id":"way/25263875","properties":{"name":"Avenida Intercomunal","highway":"primary","ref":"L-3"},"geometry":{"type":"LineString","coordinates":[[-71.45333,10.44579],[-71.45773,10.43857],[-71.46361,10.43281],[-71.46387,10.43113],[-71.43581,10.38311],[-71.43424,10.36695],[-71.42963,10.36007],[-71.41943,10.34846],[-71.40633,10.32856],[-71.40531,10.31217],[-71.4044,10.3093],[-71.37672,10.27057],[-71.34997,10.22771]]}},{"type":"Feature","id":"way/25264345","properties":{"name":"Distribuidor Punta Iguana","highway":"trunk_link"},"geometry":{"type":"LineString","coordinates":[[-71.52893,10.57701],[-71.52691,10.57644],[-71.52724,10.57586]]}},{"type":"Feature","id":"way/25264366","properties":{"name":"Retorno del Puente","highway":"trunk_link"},"geometry":{"type":"LineString","coordinates":[[-71.52724,10.57586],[-71.52838,10.57565]]}},{"type":"Feature","id":"way/25264387","properties":{"name":"Retorno del Puente","highway":"trunk_link"},"geometry":{"type":"LineString","coordinates":[[-71.5295,10.57564],[-71.52939,10.5759]]}},{"type":"Feature","id":"way/25264418","properties":{"name":"Distribuidor Punta Iguana","highway":"trunk_link"},"geometry":{"type":"LineString","coordinates":[[-71.53307,10.57553],[-71.53112,10.57382]]}},{"type":"Feature","id":"way/25264463","properties":{"name":"Puente General Rafael Urdaneta","highway":"trunk","ref":"T-3"},"geometry":{"type":"LineString","coordinates":[[-71.53621,10.57551],[-71.53129,10.57559]]}},{"type":"Feature","id":"way/25264509","properties":{"name":"Puente General Rafael Urdaneta","highway":"trunk","ref":"T-3"},"geometry":{"type":"LineString","coordinates":[[-71.53621,10.57557],[-71.61201,10.57387]]}},{"type":"Feature","id":"way/25264750","properties":{"name":"Avenida Pa\u00fal Ren\u00e9 Moreno Camacho","highway":"primary","ref":"R-16"},"geometry":{"type":"LineString","coordinates":[[-71.62535,10.69329],[-71.62558,10.70072]]}},{"type":"Feature","id":"way/25307910","properties":{"highway":"trunk_link"},"geometry":{"type":"LineString","coordinates":[[-71.62853,10.58675],[-71.62951,10.58607]]}},{"type":"Feature","id":"way/25307922","properties":{"highway":"trunk_link"},"geometry":{"type":"LineString","coordinates":[[-71.62951,10.58607],[-71.62859,10.58521]]}},{"type":"Feature","id":"way/25395491","properties":{"name":"Distribuidor El Pesebre","highway":"trunk_link"},"geometry":{"type":"LineString","coordinates":[[-71.62842,10.59261],[-71.6277,10.59424]]}},{"type":"Feature","id":"way/25395595","properties":{"name":"Calle 18","highway":"tertiary","ref":"L-1"},"geometry":{"type":"LineString","coordinates":[[-71.63405,10.58053],[-71.64994,10.58338]]}},{"type":"Feature","id":"way/25395662","properties":{"name":"Calle 18","highway":"tertiary","ref":"L-1"},"geometry":{"type":"LineString","coordinates":[[-71.64998,10.58329],[-71.63405,10.58053]]}},{"type":"Feature","id":"way/25396054","properties":{"highway":"tertiary","ref":"T-3;L-1"},"geometry":{"type":"LineString","coordinates":[[-71.62947,10.58079],[-71.62934,10.57887],[-71.62688,10.57689]]}},{"type":"Feature","id":"way/26810648","properties":{"highway":"trunk_link"},"geometry":{"type":"LineString","coordinates":[[-71.39882,10.43613],[-71.39589,10.43728],[-71.39376,10.43538]]}},{"type":"Feature","id":"way/30263797","properties":{"name":"Carretera Altagracia - Quisiro","highway":"tertiary","ref":"R-10"},"geometry":{"type":"LineString","coordinates":[[-71.34853,10.8004],[-71.35182,10.79708],[-71.3809,10.78052],[-71.40353,10.77324],[-71.42511,10.77332],[-71.43267,10.77065]]}},{"type":"Feature","id":"way/30263807","properties":{"name":"Carretera Altagracia - Sabaneta","highway":"secondary","ref":"R-9"},"geometry":{"type":"LineString","coordinates":[[-71.51792,10.75968],[-71.5168,10.75708]]}},{"type":"Feature","id":"way/30264730","properties":{"name":"Corredor Vial Ana Mar\u00eda Campos","highway":"primary","ref":"R-9"},"geometry":{"type":"LineString","coordinates":[[-71.47352,10.58108],[-71.44646,10.6047],[-71.44638,10.61781],[-71.46638,10.63393],[-71.52122,10.64184],[-71.52403,10.64331],[-71.52005,10.6508],[-71.51818,10.65729],[-71.5196,10.68927]]}},{"type":"Feature","id":"way/30264751","properties":{"name":"Avenida Valmore Rodr\u00edguez","highway":"tertiary","ref":"R-9"},"geometry":{"type":"LineString","coordinates":[[-71.52551,10.7086],[-71.51957,10.70365],[-71.51944,10.69438]]}},{"type":"Feature","id":"way/30264787","properties":{"name":"Avenida Valmore Rodr\u00edguez","highway":"tertiary","ref":"R-9"},"geometry":{"type":"LineString","coordinates":[[-71.51937,10.69438],[-71.51941,10.70364],[-71.52451,10.70801]]}},{"type":"Feature","id":"way/30264839","properties":{"name":"Carretera Altagracia - Sabaneta","highway":"secondary","ref":"R-9"},"geometry":{"type":"LineString","coordinates":[[-71.5159,10.75502],[-71.50905,10.74148]]}},{"type":"Feature","id":"way/30264861","properties":{"highway":"secondary","ref":"R-11"},"geometry":{"type":"LineString","coordinates":[[-71.54521,10.79416],[-71.55404,10.79375],[-71.55917,10.79462],[-71.5649,10.79384],[-71.56854,10.7914],[-71.57275,10.7921],[-71.57393,10.78252]]}},{"type":"Feature","id":"way/30264904","properties":{"name":"Carretera Altagracia - Sabaneta","highway":"secondary","ref":"R-9"},"geometry":{"type":"LineString","coordinates":[[-71.5168,10.75708],[-71.51792,10.75968]]}},{"type":"Feature","id":"way/30264942","properties":{"highway":"tertiary","ref":"R-11"},"geometry":{"type":"LineString","coordinates":[[-71.43164,10.77113],[-71.44441,10.78457],[-71.44761,10.78629]]}},{"type":"Feature","id":"way/30265034","properties":{"name":"Avenida Alterna","highway":"secondary","ref":"R-9"},"geometry":{"type":"LineString","coordinates":[[-71.50505,10.73044],[-71.5021,10.72401],[-71.50187,10.72135],[-71.50875,10.70774],[-71.50902,10.69599],[-71.51104,10.69436],[-71.51944,10.69438]]}},{"type":"Feature","id":"way/30265295","properties":{"name":"Distribuidor San Benito","highway":"trunk_link"},"geometry":{"type":"LineString","coordinates":[[-71.3936,10.43571],[-71.39432,10.43834],[-71.39564,10.43841]]}},{"type":"Feature","id":"way/30265301","properties":{"name":"Distribuidor San Benito","highway":"trunk_link"},"geometry":{"type":"LineString","coordinates":[[-71.39829,10.4407],[-71.39685,10.43817],[-71.39882,10.43613]]}},{"type":"Feature","id":"way/30265427","properties":{"name":"Avenida Intercomunal","highway":"primary","ref":"L-3"},"geometry":{"type":"LineString","coordinates":[[-71.30024,10.1806],[-71.30377,10.18463],[-71.33465,10.20352],[-71.34973,10.22749]]}},{"type":"Feature","id":"way/30265523","properties":{"name":"V\u00eda a La Ca\u00f1ada","highway":"primary","ref":"L-4"},"geometry":{"type":"LineString","coordinates":[[-71.66572,10.4348],[-71.65271,10.51711]]}},{"type":"Feature","id":"way/30265545","properties":{"name":"Avenida 1 Gral. Rafael Urdaneta","highway":"tertiary","ref":"R-16"},"geometry":{"type":"LineString","coordinates":[[-71.66463,10.43074],[-71.64785,10.43888]]}},{"type":"Feature","id":"way/30265551","properties":{"highway":"tertiary","ref":"R-16"},"geometry":{"type":"LineString","coordinates":[[-71.66622,10.42882],[-71.66463,10.43074]]}},{"type":"Feature","id":"way/30265628","properties":{"highway":"tertiary","ref":"R-16"},"geometry":{"type":"LineString","coordinates":[[-71.66463,10.43074],[-71.66627,10.4304]]}},{"type":"Feature","id":"way/30265659","properties":{"highway":"primary","ref":"L-4"},"geometry":{"type":"LineString","coordinates":[[-71.67195,10.42385],[-71.6663,10.42819],[-71.66572,10.4348]]}},{"type":"Feature","id":"way/30265682","properties":{"highway":"secondary","ref":"L-4"},"geometry":{"type":"LineString","coordinates":[[-71.69191,10.40594],[-71.68275,10.41515]]}},{"type":"Feature","id":"way/30265708","properties":{"highway":"primary","ref":"L-4"},"geometry":{"type":"LineString","coordinates":[[-71.67235,10.42484],[-71.68161,10.41612]]}},{"type":"Feature","id":"way/31112350","properties":{"name":"Retorno","highway":"trunk_link","ref":"T-3"},"geometry":{"type":"LineString","coordinates":[[-71.61448,10.57355],[-71.61443,10.57382]]}},{"type":"Feature","id":"way/31112395","properties":{"name":"Retorno","highway":"trunk_link","ref":"T-3"},"geometry":{"type":"LineString","coordinates":[[-71.61356,10.57382],[-71.61355,10.57357]]}},{"type":"Feature","id":"way/31113259","properties":{"name":"Avenida Don Manuel Belloso","highway":"primary","ref":"R-72"},"geometry":{"type":"LineString","coordinates":[[-71.67263,10.61054],[-71.67218,10.61103]]}},{"type":"Feature","id":"way/31113260","properties":{"name":"Avenida Don Manuel Belloso","highway":"primary","ref":"R-72"},"geometry":{"type":"LineString","coordinates":[[-71.67218,10.61103],[-71.66403,10.62108]]}},{"type":"Feature","id":"way/31113289","properties":{"name":"Avenida Don Manuel Belloso","highway":"primary","ref":"R-72"},"geometry":{"type":"LineString","coordinates":[[-71.66403,10.62108],[-71.66353,10.62149]]}},{"type":"Feature","id":"way/31113290","properties":{"name":"Avenida Don Manuel Belloso","highway":"primary","ref":"R-72"},"geometry":{"type":"LineString","coordinates":[[-71.65813,10.62397],[-71.651,10.62564],[-71.6414,10.62962]]}},{"type":"Feature","id":"way/31113327","properties":{"name":"Distribuidor Sabaneta","highway":"trunk_link"},"geometry":{"type":"LineString","coordinates":[[-71.66353,10.62149],[-71.66271,10.62125],[-71.66361,10.6207]]}},{"type":"Feature","id":"way/31113333","properties":{"name":"Distribuidor Sabaneta","highway":"trunk_link"},"geometry":{"type":"LineString","coordinates":[[-71.66375,10.62067],[-71.66435,10.61993],[-71.66424,10.62092]]}},{"type":"Feature","id":"way/31113340","properties":{"name":"Distribuidor Sabaneta","highway":"trunk_link"},"geometry":{"type":"LineString","coordinates":[[-71.66558,10.61952],[-71.663,10.61892]]}},{"type":"Feature","id":"way/31113357","properties":{"name":"Distribuidor Sabaneta","highway":"trunk_link"},"geometry":{"type":"LineString","coordinates":[[-71.6628,10.61879],[-71.6617,10.62271]]}},{"type":"Feature","id":"way/31140247","properties":{"name":"Avenida Don Manuel Belloso","highway":"primary","ref":"R-72"},"geometry":{"type":"LineString","coordinates":[[-71.67218,10.61124],[-71.67264,10.61074]]}},{"type":"Feature","id":"way/31140321","properties":{"name":"Avenida Don Manuel Belloso","highway":"primary","ref":"R-72"},"geometry":{"type":"LineString","coordinates":[[-71.67264,10.61074],[-71.67525,10.60876],[-71.69963,10.59727],[-71.7027,10.59437],[-71.70475,10.59028]]}},{"type":"Feature","id":"way/31140382","properties":{"name":"Avenida Don Manuel Belloso","highway":"primary","ref":"R-72"},"geometry":{"type":"LineString","coordinates":[[-71.66359,10.62169],[-71.66406,10.62132]]}},{"type":"Feature","id":"way/31140386","properties":{"name":"Avenida Don Manuel Belloso","highway":"primary","ref":"R-72"},"geometry":{"type":"LineString","coordinates":[[-71.66406,10.62132],[-71.67218,10.61124]]}},{"type":"Feature","id":"way/31140401","properties":{"name":"Distribuidor Sabaneta","highway":"trunk_link"},"geometry":{"type":"LineString","coordinates":[[-71.6642,10.62431],[-71.66629,10.61892]]}},{"type":"Feature","id":"way/31356991","properties":{"name":"Carretera Regional San Francisco - La Concepci\u00f3n","highway":"primary","ref":"L-1"},"geometry":{"type":"LineString","coordinates":[[-71.70944,10.59097],[-71.70422,10.5899]]}},{"type":"Feature","id":"way/31357119","properties":{"name":"Calle 148 Via a La Concepci\u00f3n","highway":"primary","ref":"L-1"},"geometry":{"type":"LineString","coordinates":[[-71.68557,10.58645],[-71.67382,10.58423],[-71.66178,10.58697],[-71.65555,10.58511]]}},{"type":"Feature","id":"way/31357129","properties":{"highway":"trunk_link"},"geometry":{"type":"LineString","coordinates":[[-71.65032,10.58343],[-71.65021,10.583]]}},{"type":"Feature","id":"way/31357183","properties":{"name":"Calle 148 Via a La Concepci\u00f3n","highway":"trunk","ref":"T-6;L-1"},"geometry":{"type":"LineString","coordinates":[[-71.64994,10.58338],[-71.65244,10.58422]]}},{"type":"Feature","id":"way/31357734","properties":{"name":"Calle 115","highway":"tertiary"},"geometry":{"type":"LineString","coordinates":[[-71.65161,10.5861],[-71.65244,10.58422]]}},{"type":"Feature","id":"way/31357746","properties":{"name":"Carretera Nacional V\u00eda a Perij\u00e1","highway":"trunk","ref":"T-6"},"geometry":{"type":"LineString","coordinates":[[-71.65111,10.58087],[-71.65253,10.58145]]}},{"type":"Feature","id":"way/31357788","properties":{"highway":"trunk_link"},"geometry":{"type":"LineString","coordinates":[[-71.65233,10.58373],[-71.65208,10.584]]}},{"type":"Feature","id":"way/31357794","properties":{"highway":"trunk_link"},"geometry":{"type":"LineString","coordinates":[[-71.65273,10.58422],[-71.65241,10.58374]]}},{"type":"Feature","id":"way/31357795","properties":{"highway":"trunk_link"},"geometry":{"type":"LineString","coordinates":[[-71.65212,10.58411],[-71.65228,10.58445]]}},{"type":"Feature","id":"way/31357797","properties":{"highway":"primary_link"},"geometry":{"type":"LineString","coordinates":[[-71.65235,10.58445],[-71.65267,10.58429]]}},{"type":"Feature","id":"way/31357800","properties":{"name":"Via A La Concepci\u00f3n","highway":"trunk_link"},"geometry":{"type":"LineString","coordinates":[[-71.64987,10.5837],[-71.65034,10.58355]]}},{"type":"Feature","id":"way/31357806","properties":{"highway":"trunk_link"},"geometry":{"type":"LineString","coordinates":[[-71.64966,10.58325],[-71.64981,10.58363]]}},{"type":"Feature","id":"way/31357811","properties":{"highway":"trunk_link"},"geometry":{"type":"LineString","coordinates":[[-71.65008,10.58309],[-71.64976,10.58319]]}},{"type":"Feature","id":"way/31357817","properties":{"name":"Calle 115","highway":"tertiary"},"geometry":{"type":"LineString","coordinates":[[-71.65161,10.5861],[-71.6482,10.5976]]}},{"type":"Feature","id":"way/31357855","properties":{"name":"Avenida 48","highway":"trunk","ref":"T-6;L-4"},"geometry":{"type":"LineString","coordinates":[[-71.64241,10.59618],[-71.6443,10.59491],[-71.64987,10.5837]]}},{"type":"Feature","id":"way/31357864","properties":{"name":"Avenida Circunvalaci\u00f3n 2","highway":"trunk","ref":"T-6"},"geometry":{"type":"LineString","coordinates":[[-71.64303,10.59591],[-71.6433,10.5962]]}},{"type":"Feature","id":"way/31357935","properties":{"name":"Avenida Circunvalaci\u00f3n 2","highway":"primary","ref":"T-6"},"geometry":{"type":"LineString","coordinates":[[-71.62798,10.59582],[-71.61899,10.5958]]}},{"type":"Feature","id":"way/31357945","properties":{"name":"Avenida Circunvalaci\u00f3n 2","highway":"trunk","ref":"T-6"},"geometry":{"type":"LineString","coordinates":[[-71.62914,10.59584],[-71.62883,10.59583]]}},{"type":"Feature","id":"way/31357946","properties":{"name":"Avenida Circunvalaci\u00f3n 2","highway":"trunk","ref":"T-6"},"geometry":{"type":"LineString","coordinates":[[-71.6282,10.59591],[-71.62882,10.59592]]}},{"type":"Feature","id":"way/31357967","properties":{"name":"Distribuidor El Pesebre","highway":"trunk_link"},"geometry":{"type":"LineString","coordinates":[[-71.63142,10.59589],[-71.62856,10.59288]]}},{"type":"Feature","id":"way/31357984","properties":{"name":"Distribuidor El Pesebre","highway":"primary_link"},"geometry":{"type":"LineString","coordinates":[[-71.62588,10.59588],[-71.6285,10.59942]]}},{"type":"Feature","id":"way/31357995","properties":{"name":"Distribuidor El Pesebre","highway":"trunk_link"},"geometry":{"type":"LineString","coordinates":[[-71.62863,10.59942],[-71.62907,10.59776],[-71.6315,10.596]]}},{"type":"Feature","id":"way/31358057","properties":{"name":"Distribuidor El Pesebre","highway":"trunk_link"},"geometry":{"type":"LineString","coordinates":[[-71.62915,10.59592],[-71.62954,10.59689],[-71.6286,10.59621]]}},{"type":"Feature","id":"way/31358081","properties":{"name":"Distribuidor El Pesebre","highway":"trunk_link"},"geometry":{"type":"LineString","coordinates":[[-71.62845,10.59621],[-71.62756,10.59693],[-71.62798,10.59591]]}},{"type":"Feature","id":"way/31358095","properties":{"name":"Distribuidor El Pesebre","highway":"trunk_link"},"geometry":{"type":"LineString","coordinates":[[-71.62859,10.5955],[-71.62951,10.59482],[-71.62914,10.59584]]}},{"type":"Feature","id":"way/31358103","properties":{"name":"Distribuidor El Pesebre","highway":"trunk_link"},"geometry":{"type":"LineString","coordinates":[[-71.62798,10.59582],[-71.62751,10.59484],[-71.62845,10.59548]]}},{"type":"Feature","id":"way/31358163","properties":{"name":"Avenida Circunvalaci\u00f3n 2","highway":"primary_link","ref":"T-6"},"geometry":{"type":"LineString","coordinates":[[-71.61834,10.59633],[-71.61881,10.5964]]}},{"type":"Feature","id":"way/31358164","properties":{"highway":"primary_link"},"geometry":{"type":"LineString","coordinates":[[-71.61896,10.59629],[-71.61899,10.5958]]}},{"type":"Feature","id":"way/31358166","properties":{"name":"Avenida Circunvalaci\u00f3n 2","highway":"primary"},"geometry":{"type":"LineString","coordinates":[[-71.61874,10.59566],[-71.61835,10.59512]]}},{"type":"Feature","id":"way/31358482","properties":{"name":"Avenida Circunvalaci\u00f3n 1","highway":"primary","ref":"T-3"},"geometry":{"type":"LineString","coordinates":[[-71.64289,10.62901],[-71.64292,10.62934]]}},{"type":"Feature","id":"way/31358487","properties":{"name":"Avenida Circunvalaci\u00f3n 1","highway":"primary","ref":"T-3"},"geometry":{"type":"LineString","coordinates":[[-71.64305,10.62895],[-71.64128,10.62416],[-71.63009,10.60789],[-71.62863,10.59978]]}},{"type":"Feature","id":"way/31358491","properties":{"name":"Avenida Circunvalaci\u00f3n 1","highway":"primary","ref":"T-3"},"geometry":{"type":"LineString","coordinates":[[-71.64309,10.62929],[-71.64305,10.62895]]}},{"type":"Feature","id":"way/31358496","properties":{"name":"Avenida Circunvalaci\u00f3n 1","highway":"primary","ref":"T-3"},"geometry":{"type":"LineString","coordinates":[[-71.64292,10.62934],[-71.64297,10.63055]]}},{"type":"Feature","id":"way/31358542","properties":{"name":"Distribuidor Sabaneta","highway":"primary_link"},"geometry":{"type":"LineString","coordinates":[[-71.64295,10.62983],[-71.64228,10.63005],[-71.64258,10.62941]]}},{"type":"Feature","id":"way/31358567","properties":{"name":"Distribuidor Sabaneta","highway":"primary_link"},"geometry":{"type":"LineString","coordinates":[[-71.64241,10.62927],[-71.64173,10.62827],[-71.64286,10.62881]]}},{"type":"Feature","id":"way/31358573","properties":{"name":"Distribuidor Sabaneta","highway":"primary_link"},"geometry":{"type":"LineString","coordinates":[[-71.64127,10.62852],[-71.64195,10.62815]]}},{"type":"Feature","id":"way/31358586","properties":{"name":"Distribuidor Sabaneta","highway":"primary_link"},"geometry":{"type":"LineString","coordinates":[[-71.64459,10.62847],[-71.64279,10.62746]]}},{"type":"Feature","id":"way/31358590","properties":{"name":"Avenida Circunvalaci\u00f3n 1","highway":"primary","ref":"T-3"},"geometry":{"type":"LineString","coordinates":[[-71.64315,10.6307],[-71.64316,10.63048]]}},{"type":"Feature","id":"way/31358591","properties":{"name":"Avenida Circunvalaci\u00f3n 1","highway":"primary","ref":"T-3"},"geometry":{"type":"LineString","coordinates":[[-71.64316,10.63048],[-71.64309,10.62929]]}},{"type":"Feature","id":"way/31358614","properties":{"name":"Avenida Circunvalaci\u00f3n 1","highway":"primary","ref":"T-3"},"geometry":{"type":"LineString","coordinates":[[-71.64297,10.63055],[-71.64297,10.63073]]}},{"type":"Feature","id":"way/31358633","properties":{"name":"Distribuidor Sabaneta","highway":"primary_link"},"geometry":{"type":"LineString","coordinates":[[-71.64316,10.63048],[-71.64438,10.62875]]}},{"type":"Feature","id":"way/31358658","properties":{"name":"Distribuidor Sabaneta","highway":"trunk_link"},"geometry":{"type":"LineString","coordinates":[[-71.6639,10.62196],[-71.66348,10.62278],[-71.66328,10.62191]]}},{"type":"Feature","id":"way/31358704","properties":{"name":"Distribuidor Sabaneta","highway":"trunk_link"},"geometry":{"type":"LineString","coordinates":[[-71.66184,10.62279],[-71.66355,10.62295],[-71.66409,10.6241]]}},{"type":"Feature","id":"way/31358714","properties":{"name":"Distribuidor Sabaneta","highway":"trunk_link"},"geometry":{"type":"LineString","coordinates":[[-71.66426,10.62114],[-71.66502,10.62114],[-71.66469,10.62213],[-71.66394,10.62151]]}},{"type":"Feature","id":"way/31358847","properties":{"name":"Avenida Las Delicias","highway":"primary","ref":"R-16"},"geometry":{"type":"LineString","coordinates":[[-71.61891,10.63938],[-71.61894,10.63998]]}},{"type":"Feature","id":"way/31358858","properties":{"name":"Avenida Las Delicias","highway":"primary","ref":"R-16"},"geometry":{"type":"LineString","coordinates":[[-71.61868,10.63622],[-71.61875,10.63681]]}},{"type":"Feature","id":"way/31358861","properties":{"name":"Avenida Las Delicias","highway":"primary","ref":"R-16"},"geometry":{"type":"LineString","coordinates":[[-71.61875,10.63681],[-71.61882,10.63789]]}},{"type":"Feature","id":"way/31359017","properties":{"name":"Avenida 18 Padilla","highway":"tertiary"},"geometry":{"type":"LineString","coordinates":[[-71.60425,10.64265],[-71.61721,10.64547]]}},{"type":"Feature","id":"way/31359126","properties":{"name":"Avenida Las Delicias","highway":"primary","ref":"R-16"},"geometry":{"type":"LineString","coordinates":[[-71.61909,10.63997],[-71.61906,10.63937]]}},{"type":"Feature","id":"way/31359131","properties":{"name":"Avenida Las Delicias","highway":"primary","ref":"R-16"},"geometry":{"type":"LineString","coordinates":[[-71.61906,10.63937],[-71.61891,10.63748]]}},{"type":"Feature","id":"way/31359132","properties":{"name":"Avenida Las Delicias","highway":"primary","ref":"R-16"},"geometry":{"type":"LineString","coordinates":[[-71.61886,10.63682],[-71.61878,10.63619]]}},{"type":"Feature","id":"way/31359162","properties":{"name":"Avenida Las Delicias","highway":"primary","ref":"R-16"},"geometry":{"type":"LineString","coordinates":[[-71.61878,10.63619],[-71.61827,10.6322],[-71.61419,10.62674],[-71.61082,10.61604]]}},{"type":"Feature","id":"way/31359314","properties":{"name":"Avenida 18 Padilla","highway":"tertiary"},"geometry":{"type":"LineString","coordinates":[[-71.61982,10.64581],[-71.61912,10.64568]]}},{"type":"Feature","id":"way/31359330","properties":{"name":"Avenida 18 Padilla","highway":"tertiary"},"geometry":{"type":"LineString","coordinates":[[-71.61806,10.64551],[-71.60433,10.64256]]}},{"type":"Feature","id":"way/31359459","properties":{"name":"Distribuidor Juan Pablo II","highway":"primary_link"},"geometry":{"type":"LineString","coordinates":[[-71.63055,10.64888],[-71.63058,10.64724]]}},{"type":"Feature","id":"way/31359461","properties":{"name":"Avenida Circunvalaci\u00f3n 1","highway":"primary","ref":"T-3"},"geometry":{"type":"LineString","coordinates":[[-71.63079,10.64701],[-71.63178,10.64607]]}},{"type":"Feature","id":"way/31359462","properties":{"name":"Avenida Circunvalaci\u00f3n 1","highway":"primary","ref":"T-3"},"geometry":{"type":"LineString","coordinates":[[-71.63058,10.64724],[-71.63079,10.64701]]}},{"type":"Feature","id":"way/31359469","properties":{"name":"Avenida Circunvalaci\u00f3n 1","highway":"primary","ref":"T-3"},"geometry":{"type":"LineString","coordinates":[[-71.62978,10.648],[-71.63058,10.64724]]}},{"type":"Feature","id":"way/31359472","properties":{"name":"Avenida Circunvalaci\u00f3n 1","highway":"primary","ref":"T-3"},"geometry":{"type":"LineString","coordinates":[[-71.62939,10.64833],[-71.62978,10.648]]}},{"type":"Feature","id":"way/31359504","properties":{"name":"Distribuidor Juan Pablo II","highway":"primary_link"},"geometry":{"type":"LineString","coordinates":[[-71.62981,10.64845],[-71.62927,10.6498],[-71.62939,10.64833]]}},{"type":"Feature","id":"way/31359523","properties":{"name":"Distribuidor Juan Pablo II","highway":"primary_link"},"geometry":{"type":"LineString","coordinates":[[-71.62897,10.64849],[-71.62761,10.64793],[-71.62896,10.64764]]}},{"type":"Feature","id":"way/31359530","properties":{"name":"Distribuidor Juan Pablo II","highway":"primary_link"},"geometry":{"type":"LineString","coordinates":[[-71.63073,10.64691],[-71.63037,10.6471]]}},{"type":"Feature","id":"way/31359543","properties":{"name":"Retorno","highway":"primary_link"},"geometry":{"type":"LineString","coordinates":[[-71.62817,10.64684],[-71.6276,10.64713]]}},{"type":"Feature","id":"way/31359547","properties":{"highway":"primary_link"},"geometry":{"type":"LineString","coordinates":[[-71.62762,10.64677],[-71.62795,10.64662]]}},{"type":"Feature","id":"way/31359581","properties":{"name":"Avenida 1 de Mayo","highway":"tertiary"},"geometry":{"type":"LineString","coordinates":[[-71.62764,10.64621],[-71.62697,10.64976]]}},{"type":"Feature","id":"way/31359585","properties":{"name":"Avenida Circunvalaci\u00f3n 1","highway":"primary","ref":"T-3"},"geometry":{"type":"LineString","coordinates":[[-71.62697,10.64999],[-71.62939,10.64833]]}},{"type":"Feature","id":"way/31359586","properties":{"name":"Avenida Circunvalaci\u00f3n 1","highway":"primary","ref":"T-3"},"geometry":{"type":"LineString","coordinates":[[-71.62667,10.65019],[-71.62697,10.64999]]}},{"type":"Feature","id":"way/31360498","properties":{"name":"Distribuidor Las Delicias","highway":"primary_link"},"geometry":{"type":"LineString","coordinates":[[-71.61967,10.64943],[-71.62086,10.64987]]}},{"type":"Feature","id":"way/31360500","properties":{"name":"Distribuidor Las Delicias","highway":"primary_link"},"geometry":{"type":"LineString","coordinates":[[-71.62086,10.64987],[-71.62424,10.65046]]}},{"type":"Feature","id":"way/31360515","properties":{"name":"Distribuidor Las Delicias","highway":"primary_link"},"geometry":{"type":"LineString","coordinates":[[-71.62314,10.65015],[-71.61973,10.65017]]}},{"type":"Feature","id":"way/31360562","properties":{"name":"Avenida Circunvalaci\u00f3n 1","highway":"primary","ref":"T-3"},"geometry":{"type":"LineString","coordinates":[[-71.62705,10.64981],[-71.62675,10.65002]]}},{"type":"Feature","id":"way/31360564","properties":{"name":"Avenida Circunvalaci\u00f3n 1","highway":"primary","ref":"T-3"},"geometry":{"type":"LineString","coordinates":[[-71.62968,10.64789],[-71.62932,10.6482]]}},{"type":"Feature","id":"way/31360568","properties":{"name":"Avenida Circunvalaci\u00f3n 1","highway":"primary","ref":"T-3"},"geometry":{"type":"LineString","coordinates":[[-71.62932,10.6482],[-71.62705,10.64981]]}},{"type":"Feature","id":"way/31360575","properties":{"highway":"primary_link"},"geometry":{"type":"LineString","coordinates":[[-71.62799,10.64916],[-71.62708,10.64934]]}},{"type":"Feature","id":"way/31360577","properties":{"highway":"primary_link"},"geometry":{"type":"LineString","coordinates":[[-71.62726,10.64923],[-71.62713,10.64915]]}},{"type":"Feature","id":"way/31360597","properties":{"name":"Avenida Circunvalaci\u00f3n 1","highway":"primary","ref":"T-3"},"geometry":{"type":"LineString","coordinates":[[-71.63193,10.64575],[-71.6317,10.64596]]}},{"type":"Feature","id":"way/31360600","properties":{"name":"Avenida Circunvalaci\u00f3n 1","highway":"primary","ref":"T-3"},"geometry":{"type":"LineString","coordinates":[[-71.6317,10.64596],[-71.63073,10.64691]]}},{"type":"Feature","id":"way/41068875","properties":{"name":"Avenida Pa\u00fal Ren\u00e9 Moreno Camacho","highway":"primary","ref":"R-16"},"geometry":{"type":"LineString","coordinates":[[-71.62558,10.70072],[-71.62438,10.70488],[-71.62435,10.70945],[-71.62248,10.71474],[-71.62264,10.71878]]}},{"type":"Feature","id":"way/41068926","properties":{"name":"Avenida Pa\u00fal Ren\u00e9 Moreno Camacho","highway":"primary","ref":"R-16"},"geometry":{"type":"LineString","coordinates":[[-71.62277,10.7188],[-71.62269,10.71411],[-71.62444,10.70968],[-71.6245,10.70487],[-71.62573,10.70038]]}},{"type":"Feature","id":"way/41072337","properties":{"name":"Avenida Circunvalaci\u00f3n 2","highway":"secondary"},"geometry":{"type":"LineString","coordinates":[[-71.59913,10.68816],[-71.60188,10.68867]]}},{"type":"Feature","id":"way/42507435","properties":{"name":"Distribuidor San Francisco","highway":"trunk_link","ref":"T-3;R-16"},"geometry":{"type":"LineString","coordinates":[[-71.61688,10.57245],[-71.6161,10.57213]]}},{"type":"Feature","id":"way/42507436","properties":{"name":"Avenida Circunvalaci\u00f3n 1","highway":"trunk","ref":"T-3"},"geometry":{"type":"LineString","coordinates":[[-71.61683,10.57366],[-71.6165,10.57366]]}},{"type":"Feature","id":"way/42507438","properties":{"name":"Avenida Circunvalaci\u00f3n 1","highway":"trunk","ref":"T-3"},"geometry":{"type":"LineString","coordinates":[[-71.61647,10.57379],[-71.61683,10.57379]]}},{"type":"Feature","id":"way/42507439","properties":{"name":"Avenida Circunvalaci\u00f3n 1","highway":"trunk","ref":"T-3"},"geometry":{"type":"LineString","coordinates":[[-71.61683,10.57379],[-71.6173,10.57379]]}},{"type":"Feature","id":"way/42507440","properties":{"name":"Puente General Rafael Urdaneta","highway":"trunk","ref":"T-3"},"geometry":{"type":"LineString","coordinates":[[-71.53091,10.5757],[-71.53128,10.57569]]}},{"type":"Feature","id":"way/42507441","properties":{"name":"Puente General Rafael Urdaneta","highway":"trunk","ref":"T-3"},"geometry":{"type":"LineString","coordinates":[[-71.53128,10.57569],[-71.53621,10.57557]]}},{"type":"Feature","id":"way/42507442","properties":{"name":"Puente General Rafael Urdaneta","highway":"trunk","ref":"T-3"},"geometry":{"type":"LineString","coordinates":[[-71.53129,10.57559],[-71.5309,10.5756]]}},{"type":"Feature","id":"way/42507443","properties":{"name":"Gran Autopista de Occidente","highway":"trunk","ref":"T-3"},"geometry":{"type":"LineString","coordinates":[[-71.5295,10.57564],[-71.51017,10.57557]]}},{"type":"Feature","id":"way/42508006","properties":{"name":"Avenida Sabaneta","highway":"primary","ref":"R-72"},"geometry":{"type":"LineString","coordinates":[[-71.62443,10.63871],[-71.62796,10.63784],[-71.63173,10.63421],[-71.63661,10.6313],[-71.64162,10.62972]]}},{"type":"Feature","id":"way/42508010","properties":{"name":"Distribuidor Sabaneta","highway":"primary_link"},"geometry":{"type":"LineString","coordinates":[[-71.64244,10.62695],[-71.64171,10.62787]]}},{"type":"Feature","id":"way/42508012","properties":{"name":"Avenida Circunvalaci\u00f3n 1","highway":"primary","ref":"T-3"},"geometry":{"type":"LineString","coordinates":[[-71.64297,10.63073],[-71.64066,10.63722],[-71.63193,10.64575]]}},{"type":"Feature","id":"way/42508014","properties":{"name":"Distribuidor Santa Clara II","highway":"primary_link"},"geometry":{"type":"LineString","coordinates":[[-71.62851,10.6003],[-71.62812,10.60172]]}},{"type":"Feature","id":"way/42508015","properties":{"name":"Distribuidor Santa Clara II","highway":"primary_link"},"geometry":{"type":"LineString","coordinates":[[-71.62924,10.60188],[-71.62908,10.60173]]}},{"type":"Feature","id":"way/42508016","properties":{"name":"Avenida Sabaneta","highway":"primary","ref":"R-72"},"geometry":{"type":"LineString","coordinates":[[-71.62381,10.63879],[-71.62443,10.63871]]}},{"type":"Feature","id":"way/45825890","properties":{"name":"Avenida 40","highway":"tertiary"},"geometry":{"type":"LineString","coordinates":[[-71.63507,10.56474],[-71.636,10.57042]]}},{"type":"Feature","id":"way/45825894","properties":{"name":"Avenida 40","highway":"tertiary"},"geometry":{"type":"LineString","coordinates":[[-71.63606,10.57041],[-71.63513,10.56475]]}},{"type":"Feature","id":"way/45825901","properties":{"name":"Av 10","highway":"tertiary"},"geometry":{"type":"LineString","coordinates":[[-71.636,10.57042],[-71.64054,10.57511],[-71.64077,10.57707]]}},{"type":"Feature","id":"way/45825907","properties":{"highway":"tertiary"},"geometry":{"type":"LineString","coordinates":[[-71.64077,10.57707],[-71.64059,10.57509],[-71.63606,10.57041]]}},{"type":"Feature","id":"way/45826199","properties":{"name":"Avenida 40","highway":"tertiary"},"geometry":{"type":"LineString","coordinates":[[-71.6352,10.56092],[-71.63526,10.55787]]}},{"type":"Feature","id":"way/45826455","properties":{"highway":"tertiary"},"geometry":{"type":"LineString","coordinates":[[-71.68042,10.688],[-71.6779,10.68799]]}},{"type":"Feature","id":"way/46155767","properties":{"highway":"tertiary"},"geometry":{"type":"LineString","coordinates":[[-71.66508,10.53182],[-71.66484,10.53514]]}},{"type":"Feature","id":"way/48083444","properties":{"name":"Carretera Regional San Francisco - La Concepci\u00f3n","highway":"primary","ref":"L-1"},"geometry":{"type":"LineString","coordinates":[[-71.73358,10.59551],[-71.70944,10.59097]]}},{"type":"Feature","id":"way/48083445","properties":{"name":"Variante de Los Dulces","highway":"secondary","ref":"R-75"},"geometry":{"type":"LineString","coordinates":[[-71.75312,10.53672],[-71.73358,10.59551]]}},{"type":"Feature","id":"way/48136212","properties":{"name":"Carretera Regional San Francisco - La Concepci\u00f3n","highway":"primary","ref":"L-1"},"geometry":{"type":"LineString","coordinates":[[-71.73358,10.59551],[-71.77335,10.60282],[-71.77794,10.60155],[-71.78186,10.60441],[-71.82246,10.61221],[-71.82461,10.61862],[-71.82335,10.62256],[-71.82375,10.62387]]}},{"type":"Feature","id":"way/50717965","properties":{"highway":"tertiary"},"geometry":{"type":"LineString","coordinates":[[-71.65562,10.56215],[-71.65473,10.56572]]}},{"type":"Feature","id":"way/50717967","properties":{"name":"Avenida 49","highway":"tertiary"},"geometry":{"type":"LineString","coordinates":[[-71.66174,10.5466],[-71.6613,10.54783]]}},{"type":"Feature","id":"way/52012031","properties":{"highway":"secondary","ref":"R-16"},"geometry":{"type":"LineString","coordinates":[[-71.63463,10.51661],[-71.634,10.52162],[-71.62626,10.53732]]}},{"type":"Feature","id":"way/52012035","properties":{"highway":"tertiary"},"geometry":{"type":"LineString","coordinates":[[-71.65008,10.53386],[-71.62858,10.53233]]}},{"type":"Feature","id":"way/64378151","properties":{"name":"Avenida 16","highway":"tertiary"},"geometry":{"type":"LineString","coordinates":[[-71.63312,10.68515],[-71.63208,10.6832]]}},{"type":"Feature","id":"way/64972642","properties":{"name":"Distribuidor Ca\u00f1a Honda","highway":"primary_link"},"geometry":{"type":"LineString","coordinates":[[-71.63914,10.63886],[-71.63681,10.64041]]}},{"type":"Feature","id":"way/65607325","properties":{"name":"Avenida Intercomunal","highway":"primary","ref":"L-3"},"geometry":{"type":"LineString","coordinates":[[-70.87484,9.82952],[-70.889,9.83394],[-70.89868,9.85349],[-70.9039,9.85814],[-70.91095,9.8596],[-70.91456,9.85803]]}},{"type":"Feature","id":"way/65607534","properties":{"name":"Carretera San Juan - El Tigre","highway":"tertiary","ref":"R-45"},"geometry":{"type":"LineString","coordinates":[[-70.78407,9.74561],[-70.79522,9.7347],[-70.79889,9.72605],[-70.82484,9.67787],[-70.83257,9.67202],[-70.83829,9.66898]]}},{"type":"Feature","id":"way/65607684","properties":{"name":"V\u00eda Principal de El Siete","highway":"primary","ref":"R-44"},"geometry":{"type":"LineString","coordinates":[[-70.92335,9.68455],[-70.92076,9.69138],[-70.91339,9.69688],[-70.91075,9.70199],[-70.90742,9.70443]]}},{"type":"Feature","id":"way/65607697","properties":{"name":"Carretera Mene Grande - San Pedro","highway":"secondary","ref":"R-13"},"geometry":{"type":"LineString","coordinates":[[-70.92976,9.80821],[-70.92996,9.81204]]}},{"type":"Feature","id":"way/65608013","properties":{"highway":"primary","ref":"R-44"},"geometry":{"type":"LineString","coordinates":[[-70.90742,9.70443],[-70.90567,9.70564]]}},{"type":"Feature","id":"way/65608205","properties":{"name":"Carretera Mene Grande - San Pedro","highway":"secondary","ref":"R-13"},"geometry":{"type":"LineString","coordinates":[[-70.92976,9.80821],[-70.90128,9.80722],[-70.89881,9.80124],[-70.89871,9.79008]]}},{"type":"Feature","id":"way/65608206","properties":{"name":"Avenida Independencia","highway":"primary","ref":"R-13;R-48"},"geometry":{"type":"LineString","coordinates":[[-70.92999,9.81405],[-70.92996,9.81204]]}},{"type":"Feature","id":"way/65608347","properties":{"name":"Avenida Principal de San Pedro","highway":"secondary","ref":"R-13"},"geometry":{"type":"LineString","coordinates":[[-70.89871,9.79008],[-70.89091,9.77695]]}},{"type":"Feature","id":"way/65608371","properties":{"name":"Avenida Hollywood","highway":"primary","ref":"R-44"},"geometry":{"type":"LineString","coordinates":[[-70.92999,9.81405],[-70.92013,9.81364]]}},{"type":"Feature","id":"way/65608622","properties":{"name":"Carretera Tomporo - El Toro","highway":"tertiary"},"geometry":{"type":"LineString","coordinates":[[-71.02793,9.63259],[-71.02645,9.63585],[-71.0265,9.64006],[-71.02286,9.64687],[-71.02265,9.65005],[-71.02405,9.65278],[-71.02304,9.65967]]}},{"type":"Feature","id":"way/65608679","properties":{"name":"Carretera El Tigre - Santa Isabel","highway":"primary","ref":"R-47"},"geometry":{"type":"LineString","coordinates":[[-70.80733,9.63796],[-70.83741,9.6427]]}},{"type":"Feature","id":"way/65608802","properties":{"name":"Avenida San Lorenzo","highway":"primary","ref":"R-48"},"geometry":{"type":"LineString","coordinates":[[-70.94263,9.81216],[-70.92996,9.81204]]}},{"type":"Feature","id":"way/65609012","properties":{"highway":"trunk_link"},"geometry":{"type":"LineString","coordinates":[[-70.87597,9.82989],[-70.87476,9.82872]]}},{"type":"Feature","id":"way/65609092","properties":{"highway":"tertiary","ref":"R-13;R-48"},"geometry":{"type":"LineString","coordinates":[[-70.93424,9.84976],[-70.9297,9.84571]]}},{"type":"Feature","id":"way/65609232","properties":{"highway":"secondary","ref":"R-13"},"geometry":{"type":"LineString","coordinates":[[-70.92962,9.84573],[-70.9266,9.84656]]}},{"type":"Feature","id":"way/66794144","properties":{"name":"Calle 72","highway":"tertiary"},"geometry":{"type":"LineString","coordinates":[[-71.59674,10.67951],[-71.59431,10.67919]]}},{"type":"Feature","id":"way/68498094","properties":{"name":"Avenida Universidad","highway":"tertiary"},"geometry":{"type":"LineString","coordinates":[[-71.63111,10.67689],[-71.64197,10.6637]]}},{"type":"Feature","id":"way/70399037","properties":{"name":"Avenida Bol\u00edvar","highway":"tertiary","ref":"R-12"},"geometry":{"type":"LineString","coordinates":[[-71.12545,9.96752],[-71.12781,9.96702]]}},{"type":"Feature","id":"way/70399043","properties":{"name":"Avenida Bol\u00edvar","highway":"tertiary","ref":"R-12"},"geometry":{"type":"LineString","coordinates":[[-71.12778,9.96697],[-71.12545,9.96752]]}},{"type":"Feature","id":"way/70399044","properties":{"name":"Avenida Bol\u00edvar","highway":"tertiary","ref":"R-12"},"geometry":{"type":"LineString","coordinates":[[-71.12545,9.96752],[-71.11619,9.97276]]}},{"type":"Feature","id":"way/70399045","properties":{"name":"Avenida Bol\u00edvar","highway":"tertiary","ref":"R-12"},"geometry":{"type":"LineString","coordinates":[[-71.12787,9.96699],[-71.12831,9.96669]]}},{"type":"Feature","id":"way/70399046","properties":{"name":"Avenida Bol\u00edvar","highway":"tertiary","ref":"R-12"},"geometry":{"type":"LineString","coordinates":[[-71.12831,9.96669],[-71.12784,9.96694]]}},{"type":"Feature","id":"way/70399097","properties":{"name":"Avenida Intercomunal","highway":"primary","ref":"L-3"},"geometry":{"type":"LineString","coordinates":[[-70.9298,9.85295],[-70.93369,9.85354]]}},{"type":"Feature","id":"way/70399102","properties":{"name":"Avenida Valmore Rodr\u00edguez","highway":"tertiary","ref":"R-12"},"geometry":{"type":"LineString","coordinates":[[-71.11988,9.95335],[-71.13359,9.97702]]}},{"type":"Feature","id":"way/70399104","properties":{"name":"Carretera OO","highway":"tertiary","ref":"R-12"},"geometry":{"type":"LineString","coordinates":[[-71.14775,9.95322],[-71.14334,9.95808],[-71.13177,9.96472]]}},{"type":"Feature","id":"way/70399114","properties":{"name":"Carretera Bachaquero - Machango","highway":"secondary","ref":"R-50"},"geometry":{"type":"LineString","coordinates":[[-71.11619,9.97276],[-71.01908,10.02796]]}},{"type":"Feature","id":"way/70399190","properties":{"highway":"tertiary"},"geometry":{"type":"LineString","coordinates":[[-71.1346,9.96963],[-71.13056,9.97187]]}},{"type":"Feature","id":"way/70399192","properties":{"name":"Calle 4 de la Victoria","highway":"tertiary"},"geometry":{"type":"LineString","coordinates":[[-71.11654,9.94755],[-71.10526,9.95396]]}},{"type":"Feature","id":"way/70399256","properties":{"name":"Avenida Intercomunal Lagunillas - Bachaquero","highway":"primary","ref":"L-3"},"geometry":{"type":"LineString","coordinates":[[-71.19241,10.03657],[-71.18951,10.03276],[-71.18698,10.03112],[-71.16827,10.02497],[-71.16132,10.02521],[-71.15551,10.02033],[-71.14079,10.01438],[-71.11619,9.97276]]}},{"type":"Feature","id":"way/70513926","properties":{"name":"Eje Agr\u00edcola de El Castillo","highway":"tertiary"},"geometry":{"type":"LineString","coordinates":[[-71.74142,8.7608],[-71.74516,8.75954],[-71.74876,8.74927],[-71.75492,8.74567]]}},{"type":"Feature","id":"way/70514057","properties":{"highway":"secondary","ref":"R-32"},"geometry":{"type":"LineString","coordinates":[[-71.77364,8.91037],[-71.77025,8.90898]]}},{"type":"Feature","id":"way/70514141","properties":{"name":"Carretera Santa B\u00e1rbara - Janeiro","highway":"secondary","ref":"R-32"},"geometry":{"type":"LineString","coordinates":[[-71.87561,8.91481],[-71.87703,8.91297]]}},{"type":"Feature","id":"way/70514518","properties":{"name":"Carretera Regional La Blanca - Pueblo Nuevo","highway":"primary","ref":"R-35"},"geometry":{"type":"LineString","coordinates":[[-71.60704,8.96093],[-71.61372,8.9568],[-71.63496,8.93289],[-71.63835,8.88942],[-71.64106,8.88008],[-71.64202,8.86904],[-71.63899,8.85565],[-71.66461,8.84095],[-71.66762,8.83307],[-71.66761,8.80574],[-71.66036,8.80282],[-71.65416,8.79447],[-71.65976,8.78677],[-71.66159,8.77889],[-71.65998,8.77411],[-71.65982,8.76177],[-71.65602,8.75623],[-71.6555,8.7324]]}},{"type":"Feature","id":"way/70533121","properties":{"name":"V\u00eda a Bosc\u00e1n","highway":"tertiary","ref":"R-42"},"geometry":{"type":"LineString","coordinates":[[-70.96962,9.21616],[-70.97207,9.21922],[-71.0642,9.28652],[-71.07067,9.29751],[-71.07299,9.29841],[-71.0839,9.29776],[-71.08636,9.30001]]}},{"type":"Feature","id":"way/70533188","properties":{"name":"V\u00eda a El Batey","highway":"tertiary"},"geometry":{"type":"LineString","coordinates":[[-71.10031,9.1775],[-71.1055,9.17281]]}},{"type":"Feature","id":"way/70533189","properties":{"highway":"tertiary"},"geometry":{"type":"LineString","coordinates":[[-71.11638,9.16098],[-71.11643,9.1607]]}},{"type":"Feature","id":"way/70533211","properties":{"name":"Eje Agr\u00edcola de Agua Colorada","highway":"tertiary","ref":"R-40"},"geometry":{"type":"LineString","coordinates":[[-71.23997,9.00994],[-71.24303,9.01399],[-71.24531,9.02223],[-71.24232,9.03428],[-71.23572,9.04663],[-71.23735,9.06295],[-71.25204,9.07668],[-71.25596,9.08743],[-71.26203,9.09468],[-71.26646,9.09787],[-71.26597,9.107],[-71.27418,9.12387]]}},{"type":"Feature","id":"way/70533345","properties":{"name":"Carretera Arapuey - La Dificultad","highway":"tertiary","ref":"R-43"},"geometry":{"type":"LineString","coordinates":[[-71.04063,9.32548],[-71.03432,9.32473],[-71.02692,9.3283],[-71.02433,9.32888],[-71.02182,9.32822],[-71.0157,9.32107],[-71.00705,9.31643],[-71.00616,9.31243],[-71.00334,9.30967],[-71,9.30834],[-70.9967,9.30512],[-70.98896,9.30079],[-70.98417,9.29559],[-70.96923,9.28809],[-70.96592,9.28735],[-70.96292,9.28226],[-70.95926,9.28068]]}},{"type":"Feature","id":"way/70533364","properties":{"name":"V\u00eda a Gibraltar","highway":"tertiary"},"geometry":{"type":"LineString","coordinates":[[-71.12694,9.26557],[-71.1252,9.26317],[-71.12552,9.26051],[-71.12902,9.2593],[-71.1379,9.25049],[-71.13769,9.24834],[-71.13182,9.23976],[-71.13182,9.23852],[-71.1399,9.23007],[-71.14678,9.22564]]}},{"type":"Feature","id":"way/70533623","properties":{"name":"Eje Agr\u00edcola de Gavilanes","highway":"tertiary","ref":"R-38"},"geometry":{"type":"LineString","coordinates":[[-71.45192,8.82208],[-71.4613,8.84124],[-71.47315,8.85096],[-71.47438,8.88791]]}},{"type":"Feature","id":"way/70533687","properties":{"name":"Carretera El Pinar - San Francisco","highway":"tertiary","ref":"R-39"},"geometry":{"type":"LineString","coordinates":[[-71.30549,8.92522],[-71.31768,8.93493],[-71.31817,8.93701],[-71.31634,8.94322],[-71.31791,8.94635],[-71.32168,8.94687],[-71.32492,8.95094],[-71.33808,8.95526],[-71.33916,8.95906],[-71.35016,8.96878],[-71.35239,8.97277],[-71.36595,8.98118],[-71.3785,8.99376],[-71.38146,8.99556],[-71.38276,9.00183],[-71.3916,9.00891],[-71.3984,9.0123],[-71.40541,9.02248],[-71.406,9.02524],[-71.40858,9.02818],[-71.40934,9.03091],[-71.41435,9.03233],[-71.4275,9.03169]]}},{"type":"Feature","id":"way/70533743","properties":{"name":"Eje Agr\u00edcola de El Guamo","highway":"tertiary","ref":"R-37"},"geometry":{"type":"LineString","coordinates":[[-71.47157,8.83412],[-71.47766,8.83828],[-71.483,8.84043],[-71.49149,8.85191],[-71.49516,8.85425],[-71.49644,8.85876],[-71.49622,8.86356],[-71.49855,8.86784],[-71.49846,8.87097],[-71.50683,8.87446],[-71.51031,8.88129],[-71.51397,8.88531],[-71.51309,8.89575],[-71.51521,8.90576],[-71.51839,8.9131],[-71.51768,8.92311],[-71.5162,8.9262]]}},{"type":"Feature","id":"way/70533788","properties":{"highway":"primary","ref":"R-41"},"geometry":{"type":"LineString","coordinates":[[-71.17346,9.24032],[-71.17049,9.23837],[-71.16138,9.2361]]}},{"type":"Feature","id":"way/70533830","properties":{"name":"V\u00eda a Bobures","highway":"primary","ref":"R-41"},"geometry":{"type":"LineString","coordinates":[[-71.0816,9.15652],[-71.10653,9.18455],[-71.12421,9.20641],[-71.15561,9.23314],[-71.16043,9.23579]]}},{"type":"Feature","id":"way/70533902","properties":{"name":"V\u00eda a Bosc\u00e1n","highway":"tertiary","ref":"R-42"},"geometry":{"type":"LineString","coordinates":[[-71.01905,9.17648],[-71.025,9.18521],[-71.0298,9.19019],[-71.03292,9.19961],[-71.03408,9.21566],[-71.04005,9.23073],[-71.04636,9.23804],[-71.06044,9.24682],[-71.07003,9.2563],[-71.08351,9.28579],[-71.08605,9.29406],[-71.08535,9.29873]]}},{"type":"Feature","id":"way/70533921","properties":{"highway":"tertiary"},"geometry":{"type":"LineString","coordinates":[[-71.11638,9.16098],[-71.11521,9.16437]]}},{"type":"Feature","id":"way/74100016","properties":{"name":"Avenida Santo Domingo","highway":"tertiary"},"geometry":{"type":"LineString","coordinates":[[-71.62012,10.62008],[-71.61803,10.62079],[-71.61673,10.62451]]}},{"type":"Feature","id":"way/74175603","properties":{"name":"Avenida 5","highway":"tertiary"},"geometry":{"type":"LineString","coordinates":[[-71.91966,8.99568],[-71.90556,8.99805]]}},{"type":"Feature","id":"way/74175622","properties":{"highway":"tertiary"},"geometry":{"type":"LineString","coordinates":[[-71.94103,8.98683],[-71.94509,8.98703],[-71.94913,8.99084],[-71.9526,8.99209],[-71.95364,8.99341],[-71.95405,8.99753],[-71.95665,8.99931]]}},{"type":"Feature","id":"way/74175668","properties":{"name":"Eje Agr\u00edcola de Santa In\u00e9s","highway":"tertiary"},"geometry":{"type":"LineString","coordinates":[[-71.74788,9.02187],[-71.74069,9.01911],[-71.73672,9.01482],[-71.73733,9.01103],[-71.73369,9.0003]]}},{"type":"Feature","id":"way/74175677","properties":{"name":"Carretera Concha - Janeiro","highway":"secondary","ref":"R-33"},"geometry":{"type":"LineString","coordinates":[[-71.77152,8.91243],[-71.76016,9.00059],[-71.75572,9.01252],[-71.74788,9.02187]]}},{"type":"Feature","id":"way/74175686","properties":{"name":"Carretera El Abanico - Ca\u00f1o Blanco","highway":"secondary","ref":"R-34"},"geometry":{"type":"LineString","coordinates":[[-71.7038,8.87315],[-71.69717,8.8594],[-71.69541,8.85365],[-71.69689,8.84178],[-71.69503,8.83558],[-71.69535,8.83387],[-71.70501,8.8212],[-71.70542,8.81831]]}},{"type":"Feature","id":"way/74175703","properties":{"name":"Carretera Santa B\u00e1rbara - Janeiro","highway":"secondary","ref":"R-32"},"geometry":{"type":"LineString","coordinates":[[-71.87836,8.91679],[-71.87561,8.91481]]}},{"type":"Feature","id":"way/74175751","properties":{"name":"V\u00eda a El Gu\u00e1imaro","highway":"tertiary"},"geometry":{"type":"LineString","coordinates":[[-71.81353,8.83903],[-71.81871,8.83314],[-71.83439,8.82364],[-71.83756,8.82504],[-71.84143,8.8232],[-71.84471,8.82484],[-71.84785,8.82288],[-71.85025,8.81628],[-71.8476,8.81156],[-71.84758,8.80904],[-71.84865,8.80495],[-71.85222,8.79827],[-71.86172,8.7882],[-71.86885,8.77566],[-71.87391,8.77264],[-71.875,8.77006],[-71.88155,8.76662],[-71.88475,8.76774]]}},{"type":"Feature","id":"way/74175754","properties":{"highway":"secondary","ref":"R-33"},"geometry":{"type":"LineString","coordinates":[[-71.77152,8.91243],[-71.77025,8.90898]]}},{"type":"Feature","id":"way/74175757","properties":{"name":"Eje Agr\u00edcola Ca\u00f1o Negro","highway":"tertiary"},"geometry":{"type":"LineString","coordinates":[[-71.76671,8.90549],[-71.76839,8.89744],[-71.76763,8.89519],[-71.76816,8.88667],[-71.76627,8.87809]]}},{"type":"Feature","id":"way/79815516","properties":{"highway":"tertiary"},"geometry":{"type":"LineString","coordinates":[[-71.66722,10.5352],[-71.66484,10.53514]]}},{"type":"Feature","id":"way/79815816","properties":{"name":"Avenida 49","highway":"tertiary"},"geometry":{"type":"LineString","coordinates":[[-71.66167,10.54347],[-71.66174,10.5466]]}},{"type":"Feature","id":"way/79815838","properties":{"highway":"tertiary"},"geometry":{"type":"LineString","coordinates":[[-71.66167,10.54347],[-71.64866,10.54299]]}},{"type":"Feature","id":"way/79815841","properties":{"highway":"tertiary"},"geometry":{"type":"LineString","coordinates":[[-71.66378,10.54344],[-71.66167,10.54347]]}},{"type":"Feature","id":"way/82352054","properties":{"name":"Avenida 19","highway":"tertiary"},"geometry":{"type":"LineString","coordinates":[[-71.62973,10.64037],[-71.62945,10.63815]]}},{"type":"Feature","id":"way/82748241","properties":{"name":"Calle 117","highway":"tertiary"},"geometry":{"type":"LineString","coordinates":[[-71.61821,10.61742],[-71.61608,10.6168]]}},{"type":"Feature","id":"way/82748948","properties":{"name":"Calle 115","highway":"tertiary"},"geometry":{"type":"LineString","coordinates":[[-71.61997,10.61732],[-71.61821,10.61742]]}},{"type":"Feature","id":"way/82751501","properties":{"name":"Calle 102","highway":"secondary"},"geometry":{"type":"LineString","coordinates":[[-71.6224,10.63782],[-71.6236,10.63727],[-71.62543,10.63394]]}},{"type":"Feature","id":"way/82751508","properties":{"name":"Calle 102","highway":"secondary"},"geometry":{"type":"LineString","coordinates":[[-71.62754,10.6326],[-71.63072,10.62861],[-71.63253,10.62054]]}},{"type":"Feature","id":"way/83552750","properties":{"name":"Principal Soles","highway":"tertiary","ref":"200"},"geometry":{"type":"LineString","coordinates":[[-71.68973,10.53496],[-71.69827,10.53816]]}},{"type":"Feature","id":"way/83552752","properties":{"name":"Principal Soles","highway":"tertiary"},"geometry":{"type":"LineString","coordinates":[[-71.69836,10.53808],[-71.68973,10.53496]]}},{"type":"Feature","id":"way/83568462","properties":{"highway":"tertiary"},"geometry":{"type":"LineString","coordinates":[[-71.66765,10.5348],[-71.66722,10.5352]]}},{"type":"Feature","id":"way/83568487","properties":{"highway":"tertiary"},"geometry":{"type":"LineString","coordinates":[[-71.68973,10.53496],[-71.66765,10.5348]]}},{"type":"Feature","id":"way/83571158","properties":{"highway":"trunk_link"},"geometry":{"type":"LineString","coordinates":[[-71.66477,10.56935],[-71.6649,10.56963]]}},{"type":"Feature","id":"way/84135908","properties":{"name":"V\u00eda a Tomporo","highway":"tertiary"},"geometry":{"type":"LineString","coordinates":[[-70.9751,9.60451],[-70.98324,9.60776],[-71.00093,9.60894],[-71.00599,9.61142],[-71.01479,9.62006],[-71.02639,9.62341]]}},{"type":"Feature","id":"way/84136197","properties":{"name":"V\u00eda a Tomporo","highway":"tertiary"},"geometry":{"type":"LineString","coordinates":[[-71.02639,9.62341],[-71.02843,9.62417]]}},{"type":"Feature","id":"way/85312634","properties":{"name":"Calle 160","highway":"tertiary"},"geometry":{"type":"LineString","coordinates":[[-71.64859,10.56538],[-71.64848,10.56535]]}},{"type":"Feature","id":"way/85312657","properties":{"highway":"tertiary"},"geometry":{"type":"LineString","coordinates":[[-71.65473,10.56572],[-71.64859,10.56538]]}},{"type":"Feature","id":"way/85682929","properties":{"name":"Redoma de Tierra","highway":"tertiary"},"geometry":{"type":"LineString","coordinates":[[-71.63531,10.56157],[-71.63531,10.56157]]}},{"type":"Feature","id":"way/85682936","properties":{"highway":"tertiary"},"geometry":{"type":"LineString","coordinates":[[-71.63518,10.56189],[-71.63512,10.56401]]}},{"type":"Feature","id":"way/86977523","properties":{"highway":"tertiary"},"geometry":{"type":"LineString","coordinates":[[-71.66364,10.58658],[-71.66312,10.58998],[-71.65329,10.6019]]}},{"type":"Feature","id":"way/86977524","properties":{"highway":"tertiary"},"geometry":{"type":"LineString","coordinates":[[-71.65333,10.60194],[-71.6632,10.59005],[-71.66374,10.58655]]}},{"type":"Feature","id":"way/86977528","properties":{"name":"Avenida Circunvalaci\u00f3n 3","highway":"secondary","ref":"R-79"},"geometry":{"type":"LineString","coordinates":[[-71.67098,10.58487],[-71.67025,10.59216]]}},{"type":"Feature","id":"way/94320540","properties":{"highway":"tertiary"},"geometry":{"type":"LineString","coordinates":[[-71.74339,10.71616],[-71.73321,10.71199],[-71.72505,10.70652],[-71.72172,10.70276],[-71.7147,10.69855],[-71.69645,10.69172]]}},{"type":"Feature","id":"way/94322437","properties":{"name":"Carretera Nacional Maracaibo - El Moj\u00e1n","highway":"trunk","ref":"T-6"},"geometry":{"type":"LineString","coordinates":[[-71.75621,10.81044],[-71.69091,10.79249]]}},{"type":"Feature","id":"way/94322440","properties":{"name":"Avenida 16","highway":"trunk","ref":"T-6"},"geometry":{"type":"LineString","coordinates":[[-71.62962,10.73523],[-71.62813,10.73343],[-71.62791,10.73066]]}},{"type":"Feature","id":"way/94322442","properties":{"name":"V\u00eda a Tul\u00e9","highway":"secondary","ref":"R-1"},"geometry":{"type":"LineString","coordinates":[[-71.76214,10.71336],[-71.63689,10.73215],[-71.63039,10.73576]]}},{"type":"Feature","id":"way/94323195","properties":{"name":"Avenida Libertador","highway":"tertiary","ref":"T-6"},"geometry":{"type":"LineString","coordinates":[[-71.73549,10.95797],[-71.73775,10.9496]]}},{"type":"Feature","id":"way/94323196","properties":{"name":"Carretera Regional Cuatro Bocas - La Paz","highway":"primary","ref":"L-1"},"geometry":{"type":"LineString","coordinates":[[-72.00117,10.68051],[-72.00389,10.6826],[-72.00601,10.68602],[-72.00063,10.69151],[-71.99649,10.69801],[-71.90766,10.78597],[-71.89786,10.801],[-71.89494,10.80298],[-71.89223,10.80231],[-71.88015,10.80814],[-71.86881,10.81539],[-71.86288,10.81739],[-71.85909,10.81975]]}},{"type":"Feature","id":"way/94326123","properties":{"highway":"trunk_link"},"geometry":{"type":"LineString","coordinates":[[-71.62679,10.73062],[-71.62776,10.73156]]}},{"type":"Feature","id":"way/94326125","properties":{"name":"Avenida 16","highway":"trunk","ref":"T-6"},"geometry":{"type":"LineString","coordinates":[[-71.6278,10.73067],[-71.62807,10.73359],[-71.62954,10.73531]]}},{"type":"Feature","id":"way/94326146","properties":{"name":"Avenida Milagro Norte","highway":"secondary","ref":"R-72"},"geometry":{"type":"LineString","coordinates":[[-71.62061,10.72525],[-71.61588,10.71937],[-71.61492,10.7145],[-71.61064,10.70777],[-71.60153,10.70535],[-71.59978,10.70392],[-71.5975,10.69776],[-71.59913,10.68816]]}},{"type":"Feature","id":"way/94328031","properties":{"name":"Avenida Universidad","highway":"tertiary"},"geometry":{"type":"LineString","coordinates":[[-71.63098,10.67678],[-71.62823,10.67877],[-71.61444,10.68389],[-71.59909,10.68106],[-71.59684,10.67955]]}},{"type":"Feature","id":"way/94328033","properties":{"name":"Avenida 4 Bella Vista","highway":"tertiary"},"geometry":{"type":"LineString","coordinates":[[-71.59946,10.68715],[-71.60564,10.68333],[-71.6078,10.67692]]}},{"type":"Feature","id":"way/94328038","properties":{"name":"Avenida Universidad","highway":"tertiary"},"geometry":{"type":"LineString","coordinates":[[-71.59679,10.67962],[-71.59904,10.68113],[-71.61283,10.68376]]}},{"type":"Feature","id":"way/94328292","properties":{"name":"Avenida Universidad","highway":"tertiary"},"geometry":{"type":"LineString","coordinates":[[-71.6419,10.66365],[-71.63098,10.67678]]}},{"type":"Feature","id":"way/94329368","properties":{"name":"Distribuidor La Chinita","highway":"primary_link"},"geometry":{"type":"LineString","coordinates":[[-71.70693,10.59042],[-71.70646,10.58922]]}},{"type":"Feature","id":"way/94329369","properties":{"name":"Distribuidor La Chinita","highway":"primary_link"},"geometry":{"type":"LineString","coordinates":[[-71.70664,10.5854],[-71.70343,10.5891]]}},{"type":"Feature","id":"way/94329370","properties":{"name":"Distribuidor La Chinita","highway":"primary_link"},"geometry":{"type":"LineString","coordinates":[[-71.70633,10.59031],[-71.70646,10.58922]]}},{"type":"Feature","id":"way/94329372","properties":{"name":"Distribuidor La Chinita","highway":"primary_link"},"geometry":{"type":"LineString","coordinates":[[-71.70393,10.58995],[-71.70272,10.59409]]}},{"type":"Feature","id":"way/94329373","properties":{"name":"Distribuidor La Chinita","highway":"primary_link"},"geometry":{"type":"LineString","coordinates":[[-71.70518,10.58925],[-71.70621,10.58944],[-71.70554,10.59016]]}},{"type":"Feature","id":"way/94329374","properties":{"name":"Distribuidor La Chinita","highway":"primary_link"},"geometry":{"type":"LineString","coordinates":[[-71.70422,10.5899],[-71.70406,10.58883],[-71.70495,10.58942]]}},{"type":"Feature","id":"way/94329375","properties":{"name":"Distribuidor La Chinita","highway":"primary_link"},"geometry":{"type":"LineString","coordinates":[[-71.70343,10.5891],[-71.70322,10.58981]]}},{"type":"Feature","id":"way/94329376","properties":{"name":"Distribuidor La Chinita","highway":"primary_link"},"geometry":{"type":"LineString","coordinates":[[-71.70311,10.59378],[-71.70543,10.59024]]}},{"type":"Feature","id":"way/94330446","properties":{"highway":"tertiary","ref":"R-75"},"geometry":{"type":"LineString","coordinates":[[-71.75312,10.53672],[-71.7808,10.45306],[-71.75985,10.41749]]}},{"type":"Feature","id":"way/94330459","properties":{"highway":"tertiary","ref":"R-78"},"geometry":{"type":"LineString","coordinates":[[-71.72517,10.43764],[-71.71594,10.43387],[-71.71462,10.43226],[-71.71166,10.43202],[-71.70782,10.42897],[-71.69831,10.41955],[-71.69863,10.41539]]}},{"type":"Feature","id":"way/94331013","properties":{"name":"Av 10","highway":"tertiary"},"geometry":{"type":"LineString","coordinates":[[-71.64077,10.57707],[-71.64047,10.58159]]}},{"type":"Feature","id":"way/94332015","properties":{"highway":"tertiary"},"geometry":{"type":"LineString","coordinates":[[-71.63549,10.55742],[-71.63604,10.55728]]}},{"type":"Feature","id":"way/94332018","properties":{"name":"Calle 171","highway":"tertiary"},"geometry":{"type":"LineString","coordinates":[[-71.62899,10.55929],[-71.6201,10.55831]]}},{"type":"Feature","id":"way/94332027","properties":{"name":"Calle 171","highway":"tertiary"},"geometry":{"type":"LineString","coordinates":[[-71.63604,10.55728],[-71.64713,10.55747]]}},{"type":"Feature","id":"way/94334171","properties":{"name":"Avenida 48 V\u00eda a La Ca\u00f1ada","highway":"primary","ref":"L-4"},"geometry":{"type":"LineString","coordinates":[[-71.64702,10.55662],[-71.65111,10.58079]]}},{"type":"Feature","id":"way/94338082","properties":{"name":"Calle 18","highway":"tertiary","ref":"L-1"},"geometry":{"type":"LineString","coordinates":[[-71.62987,10.57983],[-71.63405,10.58053]]}},{"type":"Feature","id":"way/94338084","properties":{"highway":"tertiary","ref":"L-1"},"geometry":{"type":"LineString","coordinates":[[-71.62963,10.58002],[-71.62987,10.57983]]}},{"type":"Feature","id":"way/94338090","properties":{"highway":"tertiary","ref":"L-1"},"geometry":{"type":"LineString","coordinates":[[-71.62987,10.57983],[-71.62952,10.57953]]}},{"type":"Feature","id":"way/94338606","properties":{"name":"Distribuidor Santa Clara II","highway":"primary_link"},"geometry":{"type":"LineString","coordinates":[[-71.62819,10.60195],[-71.62816,10.60209]]}},{"type":"Feature","id":"way/94338614","properties":{"name":"Distribuidor Santa Clara II","highway":"primary_link"},"geometry":{"type":"LineString","coordinates":[[-71.62908,10.60206],[-71.62924,10.60188]]}},{"type":"Feature","id":"way/94398035","properties":{"highway":"secondary"},"geometry":{"type":"LineString","coordinates":[[-71.6352,10.6162],[-71.63566,10.61589]]}},{"type":"Feature","id":"way/94398046","properties":{"name":"Calle 102","highway":"secondary"},"geometry":{"type":"LineString","coordinates":[[-71.63384,10.61709],[-71.6352,10.6162]]}},{"type":"Feature","id":"way/94402065","properties":{"name":"Bella Vista. Avenida 4","highway":"tertiary"},"geometry":{"type":"LineString","coordinates":[[-71.6065,10.64583],[-71.60768,10.64386]]}},{"type":"Feature","id":"way/94402066","properties":{"name":"Bella Vista. Avenida 4","highway":"tertiary"},"geometry":{"type":"LineString","coordinates":[[-71.60637,10.64594],[-71.6065,10.64583]]}},{"type":"Feature","id":"way/101895422","properties":{"name":"Carretera Mene Grande - San Timoteo","highway":"primary","ref":"R-48"},"geometry":{"type":"LineString","coordinates":[[-71.05967,9.78883],[-71.06122,9.78872],[-71.06727,9.79207]]}},{"type":"Feature","id":"way/101916514","properties":{"name":"Carretera Tucan\u00ed - Santa Mar\u00eda","highway":"primary","ref":"R-40"},"geometry":{"type":"LineString","coordinates":[[-71.30862,9.09831],[-71.31203,9.09545],[-71.31038,9.0908],[-71.31228,9.08745],[-71.31449,9.08606],[-71.31589,9.08094],[-71.31815,9.07751],[-71.31558,9.07183],[-71.31627,9.0674],[-71.31849,9.06329],[-71.31892,9.05618],[-71.3163,9.05118],[-71.31554,9.04751],[-71.30678,9.03729],[-71.30612,9.0273],[-71.30375,9.0192],[-71.30217,9.00897],[-71.29614,9.0055],[-71.27838,8.97491],[-71.27188,8.96867]]}},{"type":"Feature","id":"way/103753756","properties":{"name":"Carretera Nacional Machiques - La Fr\u00eda","highway":"trunk","ref":"T-6"},"geometry":{"type":"LineString","coordinates":[[-72.61068,8.71092],[-72.59452,8.6977],[-72.57912,8.65564],[-72.55279,8.61169],[-72.55036,8.60929],[-72.54668,8.60774],[-72.51337,8.60569],[-72.50805,8.60466],[-72.46973,8.58303],[-72.41791,8.56637],[-72.37284,8.53848],[-72.34639,8.52998]]}},{"type":"Feature","id":"way/103753757","properties":{"name":"Carretera Nacional Villa del Rosario - Machiques","highway":"trunk","ref":"T-6"},"geometry":{"type":"LineString","coordinates":[[-72.33876,10.31158],[-72.40548,10.22398],[-72.40613,10.22022],[-72.40221,10.20727],[-72.40183,10.20305],[-72.40805,10.1816],[-72.43316,10.16126],[-72.44578,10.15508],[-72.44772,10.14921],[-72.45452,10.14755],[-72.45685,10.14581],[-72.47024,10.1283],[-72.47084,10.12281],[-72.47377,10.11946],[-72.47505,10.11466],[-72.48381,10.10864],[-72.49254,10.09468],[-72.49376,10.09111],[-72.49225,10.07937]]}},{"type":"Feature","id":"way/103753776","properties":{"name":"Carretera Nacional Machiques - La Fr\u00eda","highway":"trunk","ref":"T-6"},"geometry":{"type":"LineString","coordinates":[[-72.6706,9.11454],[-72.66768,9.10729],[-72.6658,9.08492],[-72.66715,9.08137],[-72.67842,9.06535],[-72.6816,9.04299],[-72.67942,9.01823],[-72.67422,8.99544],[-72.6736,8.9868]]}},{"type":"Feature","id":"way/106475822","properties":{"name":"Carretera Regional Encontrados - El Guayabo","highway":"primary","ref":"L-2"},"geometry":{"type":"LineString","coordinates":[[-72.34191,8.82328],[-72.34441,8.83542],[-72.34108,8.85594],[-72.33865,8.85803],[-72.32148,8.86201],[-72.31272,8.87425],[-72.30584,8.9219],[-72.28535,8.94933],[-72.27407,8.96199],[-72.26985,8.97419],[-72.27048,8.98358],[-72.26783,8.99719],[-72.2611,9.01299],[-72.25995,9.02338],[-72.24861,9.03474],[-72.24207,9.03978],[-72.23837,9.04976]]}},{"type":"Feature","id":"way/107911454","properties":{"name":"Avenida 16","highway":"trunk","ref":"T-6"},"geometry":{"type":"LineString","coordinates":[[-71.63499,10.69278],[-71.64043,10.71134],[-71.64014,10.71367],[-71.63821,10.716]]}},{"type":"Feature","id":"way/108045165","properties":{"name":"Carretera Nacional V\u00eda a Perij\u00e1","highway":"trunk","ref":"T-6"},"geometry":{"type":"LineString","coordinates":[[-71.69957,10.53687],[-71.65252,10.58134]]}},{"type":"Feature","id":"way/108045166","properties":{"name":"Carretera Nacional V\u00eda a Perij\u00e1","highway":"trunk","ref":"T-6"},"geometry":{"type":"LineString","coordinates":[[-71.75312,10.53672],[-71.70899,10.53144],[-71.70468,10.53255],[-71.69957,10.53687]]}},{"type":"Feature","id":"way/108321463","properties":{"name":"Avenida 1 Gral. Rafael Urdaneta","highway":"tertiary","ref":"R-16"},"geometry":{"type":"LineString","coordinates":[[-71.64765,10.43896],[-71.64618,10.43947]]}},{"type":"Feature","id":"way/108321551","properties":{"name":"Avenida 1 Gral. Rafael Urdaneta","highway":"tertiary","ref":"R-16"},"geometry":{"type":"LineString","coordinates":[[-71.64785,10.43888],[-71.64765,10.43896]]}},{"type":"Feature","id":"way/108704132","properties":{"highway":"tertiary"},"geometry":{"type":"LineString","coordinates":[[-71.62438,10.63016],[-71.62543,10.63394]]}},{"type":"Feature","id":"way/108705056","properties":{"name":"Distribuidor Fern\u00e1ndez Mor\u00e1n","highway":"trunk_link"},"geometry":{"type":"LineString","coordinates":[[-71.65013,10.67001],[-71.65004,10.66906],[-71.65073,10.66974]]}},{"type":"Feature","id":"way/108705057","properties":{"name":"Distribuidor Fern\u00e1ndez Mor\u00e1n","highway":"trunk_link"},"geometry":{"type":"LineString","coordinates":[[-71.64998,10.67074],[-71.64913,10.67021],[-71.65017,10.67016]]}},{"type":"Feature","id":"way/108705060","properties":{"name":"Distribuidor Fern\u00e1ndez Mor\u00e1n","highway":"trunk_link"},"geometry":{"type":"LineString","coordinates":[[-71.65068,10.67053],[-71.65063,10.6715],[-71.65022,10.6706]]}},{"type":"Feature","id":"way/108705063","properties":{"name":"Distribuidor Fern\u00e1ndez Mor\u00e1n","highway":"trunk_link"},"geometry":{"type":"LineString","coordinates":[[-71.64991,10.67221],[-71.64976,10.67271]]}},{"type":"Feature","id":"way/108705064","properties":{"name":"Retorno","highway":"trunk_link","ref":"T-6"},"geometry":{"type":"LineString","coordinates":[[-71.64698,10.68484],[-71.64651,10.6847]]}},{"type":"Feature","id":"way/109675704","properties":{"name":"Avenida 20A","highway":"tertiary"},"geometry":{"type":"LineString","coordinates":[[-71.64999,10.6197],[-71.65027,10.62393]]}},{"type":"Feature","id":"way/109675823","properties":{"name":"Avenida 44","highway":"tertiary"},"geometry":{"type":"LineString","coordinates":[[-71.64799,10.61382],[-71.6498,10.61638],[-71.64999,10.6197]]}},{"type":"Feature","id":"way/109675845","properties":{"highway":"tertiary"},"geometry":{"type":"LineString","coordinates":[[-71.61385,10.61096],[-71.61003,10.60888]]}},{"type":"Feature","id":"way/109675917","properties":{"highway":"tertiary"},"geometry":{"type":"LineString","coordinates":[[-71.62563,10.61855],[-71.63031,10.61872],[-71.63315,10.61748]]}},{"type":"Feature","id":"way/109675998","properties":{"highway":"primary_link"},"geometry":{"type":"LineString","coordinates":[[-71.643,10.63222],[-71.6435,10.63175]]}},{"type":"Feature","id":"way/109676173","properties":{"highway":"tertiary"},"geometry":{"type":"LineString","coordinates":[[-71.64563,10.61158],[-71.64777,10.61377]]}},{"type":"Feature","id":"way/109676176","properties":{"highway":"tertiary"},"geometry":{"type":"LineString","coordinates":[[-71.62025,10.62714],[-71.6202,10.62902]]}},{"type":"Feature","id":"way/109676209","properties":{"name":"Distribuidor Sabaneta","highway":"primary_link"},"geometry":{"type":"LineString","coordinates":[[-71.64302,10.62877],[-71.64342,10.62894]]}},{"type":"Feature","id":"way/109676413","properties":{"highway":"tertiary"},"geometry":{"type":"LineString","coordinates":[[-71.64468,10.61235],[-71.6428,10.61169],[-71.63875,10.61234]]}},{"type":"Feature","id":"way/109676670","properties":{"name":"Avenida 44","highway":"tertiary"},"geometry":{"type":"LineString","coordinates":[[-71.64999,10.6197],[-71.64991,10.61633],[-71.64799,10.61382]]}},{"type":"Feature","id":"way/109676737","properties":{"highway":"primary_link"},"geometry":{"type":"LineString","coordinates":[[-71.6435,10.63175],[-71.64313,10.63123]]}},{"type":"Feature","id":"way/109818761","properties":{"name":"Avenida Circunvalaci\u00f3n 3","highway":"secondary","ref":"R-79"},"geometry":{"type":"LineString","coordinates":[[-71.67613,10.64743],[-71.67424,10.64342],[-71.67274,10.62662]]}},{"type":"Feature","id":"way/109818790","properties":{"name":"Avenida 21","highway":"tertiary"},"geometry":{"type":"LineString","coordinates":[[-71.6533,10.62525],[-71.65307,10.62771]]}},{"type":"Feature","id":"way/110064641","properties":{"name":"Carretera Regional La Concepci\u00f3n - La Paz","highway":"primary","ref":"L-1"},"geometry":{"type":"LineString","coordinates":[[-71.85066,10.61811],[-71.85199,10.62029],[-71.85426,10.62086],[-71.85994,10.6257],[-71.86637,10.62651],[-71.87332,10.62975],[-71.87997,10.63045],[-71.88313,10.63272],[-71.88608,10.63286],[-71.89213,10.6404],[-71.89639,10.64146],[-71.90304,10.63791],[-71.97167,10.66415],[-71.97585,10.66259],[-71.97924,10.66585],[-71.9908,10.67361]]}},{"type":"Feature","id":"way/110245947","properties":{"name":"Avenida Las Delicias","highway":"primary","ref":"R-16"},"geometry":{"type":"LineString","coordinates":[[-71.61908,10.64751],[-71.61909,10.63997]]}},{"type":"Feature","id":"way/110245948","properties":{"name":"Avenida Circunvalaci\u00f3n 1","highway":"primary","ref":"T-3"},"geometry":{"type":"LineString","coordinates":[[-71.63073,10.64691],[-71.63047,10.64717]]}},{"type":"Feature","id":"way/110245953","properties":{"name":"Avenida 19","highway":"tertiary"},"geometry":{"type":"LineString","coordinates":[[-71.62994,10.64564],[-71.62952,10.64231]]}},{"type":"Feature","id":"way/110245956","properties":{"name":"Elevado de Las Delicias","highway":"primary","ref":"R-16"},"geometry":{"type":"LineString","coordinates":[[-71.61923,10.6483],[-71.61908,10.64751]]}},{"type":"Feature","id":"way/110245957","properties":{"name":"Distribuidor Juan Pablo II","highway":"primary_link"},"geometry":{"type":"LineString","coordinates":[[-71.63037,10.6471],[-71.62841,10.64693]]}},{"type":"Feature","id":"way/110245958","properties":{"name":"Elevado de Las Delicias","highway":"primary","ref":"R-16"},"geometry":{"type":"LineString","coordinates":[[-71.61965,10.65271],[-71.61923,10.6483]]}},{"type":"Feature","id":"way/110245960","properties":{"name":"Avenida Circunvalaci\u00f3n 1","highway":"primary","ref":"T-3"},"geometry":{"type":"LineString","coordinates":[[-71.63047,10.64717],[-71.62968,10.64789]]}},{"type":"Feature","id":"way/110245962","properties":{"name":"Avenida Las Delicias","highway":"primary","ref":"R-16"},"geometry":{"type":"LineString","coordinates":[[-71.61902,10.64233],[-71.61901,10.64743]]}},{"type":"Feature","id":"way/110260458","properties":{"name":"Avenida La Limpia","highway":"primary","ref":"R-4"},"geometry":{"type":"LineString","coordinates":[[-71.62139,10.64609],[-71.62678,10.64595],[-71.62896,10.64764]]}},{"type":"Feature","id":"way/110301116","properties":{"highway":"primary_link"},"geometry":{"type":"LineString","coordinates":[[-71.62487,10.65018],[-71.62466,10.65038]]}},{"type":"Feature","id":"way/110301121","properties":{"highway":"primary_link"},"geometry":{"type":"LineString","coordinates":[[-71.62503,10.65043],[-71.62487,10.65018]]}},{"type":"Feature","id":"way/110344781","properties":{"highway":"tertiary"},"geometry":{"type":"LineString","coordinates":[[-71.60522,10.64624],[-71.60607,10.64645]]}},{"type":"Feature","id":"way/111354595","properties":{"name":"Distribuidor Pomona","highway":"primary_link"},"geometry":{"type":"LineString","coordinates":[[-71.636,10.61593],[-71.6362,10.61553]]}},{"type":"Feature","id":"way/111354597","properties":{"name":"Distribuidor Pomona","highway":"primary_link"},"geometry":{"type":"LineString","coordinates":[[-71.63374,10.61386],[-71.63478,10.61609]]}},{"type":"Feature","id":"way/111354599","properties":{"name":"Retorno","highway":"primary_link"},"geometry":{"type":"LineString","coordinates":[[-71.62,10.64972],[-71.62001,10.64999]]}},{"type":"Feature","id":"way/111354603","properties":{"name":"Avenida Circunvalaci\u00f3n 1","highway":"primary","ref":"T-3"},"geometry":{"type":"LineString","coordinates":[[-71.62861,10.59744],[-71.6286,10.59621]]}},{"type":"Feature","id":"way/111354605","properties":{"name":"Distribuidor Pomona","highway":"primary_link"},"geometry":{"type":"LineString","coordinates":[[-71.63712,10.61833],[-71.636,10.61593]]}},{"type":"Feature","id":"way/111354606","properties":{"name":"Distribuidor Pomona","highway":"primary_link"},"geometry":{"type":"LineString","coordinates":[[-71.63605,10.61553],[-71.6357,10.61551]]}},{"type":"Feature","id":"way/111354609","properties":{"name":"Distribuidor Pomona","highway":"primary_link"},"geometry":{"type":"LineString","coordinates":[[-71.63478,10.61609],[-71.63467,10.61648]]}},{"type":"Feature","id":"way/111354611","properties":{"name":"Distribuidor Pomona","highway":"primary_link"},"geometry":{"type":"LineString","coordinates":[[-71.63511,10.61618],[-71.6351,10.61657]]}},{"type":"Feature","id":"way/111354614","properties":{"name":"Distribuidor Pomona","highway":"primary_link"},"geometry":{"type":"LineString","coordinates":[[-71.63468,10.61656],[-71.6351,10.61657]]}},{"type":"Feature","id":"way/111354616","properties":{"name":"Distribuidor Pomona","highway":"primary_link"},"geometry":{"type":"LineString","coordinates":[[-71.6357,10.61586],[-71.6357,10.61551]]}},{"type":"Feature","id":"way/111354619","properties":{"name":"Avenida Circunvalaci\u00f3n 1","highway":"primary","ref":"T-3"},"geometry":{"type":"LineString","coordinates":[[-71.6285,10.59983],[-71.63004,10.6082],[-71.64117,10.62425],[-71.64289,10.62901]]}},{"type":"Feature","id":"way/112271711","properties":{"highway":"tertiary"},"geometry":{"type":"LineString","coordinates":[[-71.65592,10.56101],[-71.66227,10.56156]]}},{"type":"Feature","id":"way/123326040","properties":{"name":"Retorno","highway":"trunk_link","ref":"T-6"},"geometry":{"type":"LineString","coordinates":[[-71.63933,10.6923],[-71.63917,10.69181]]}},{"type":"Feature","id":"way/123326041","properties":{"name":"Retorno","highway":"trunk_link","ref":"T-6"},"geometry":{"type":"LineString","coordinates":[[-71.6379,10.69203],[-71.63798,10.69249]]}},{"type":"Feature","id":"way/123326042","properties":{"name":"Retorno","highway":"trunk_link","ref":"T-6"},"geometry":{"type":"LineString","coordinates":[[-71.6451,10.6911],[-71.64495,10.69156]]}},{"type":"Feature","id":"way/123326045","properties":{"name":"Retorno","highway":"trunk_link","ref":"T-6"},"geometry":{"type":"LineString","coordinates":[[-71.64449,10.69152],[-71.64458,10.69116]]}},{"type":"Feature","id":"way/123327983","properties":{"name":"Avenida Circunvalaci\u00f3n 2","highway":"trunk","ref":"T-6"},"geometry":{"type":"LineString","coordinates":[[-71.65027,10.67053],[-71.65064,10.67003]]}},{"type":"Feature","id":"way/123327985","properties":{"name":"Avenida Circunvalaci\u00f3n 2","highway":"trunk","ref":"T-6"},"geometry":{"type":"LineString","coordinates":[[-71.65054,10.66999],[-71.65018,10.67047]]}},{"type":"Feature","id":"way/123327987","properties":{"name":"Avenida Circunvalaci\u00f3n 2","highway":"trunk","ref":"T-6"},"geometry":{"type":"LineString","coordinates":[[-71.65018,10.67047],[-71.64958,10.6718]]}},{"type":"Feature","id":"way/123327997","properties":{"name":"Distribuidor Fern\u00e1ndez Mor\u00e1n","highway":"trunk_link"},"geometry":{"type":"LineString","coordinates":[[-71.65072,10.66993],[-71.6517,10.67011],[-71.65075,10.67046]]}},{"type":"Feature","id":"way/126573677","properties":{"name":"Avenida 5 de Julio","highway":"secondary"},"geometry":{"type":"LineString","coordinates":[[-71.61871,10.66384],[-71.62445,10.66282],[-71.62793,10.66369],[-71.63515,10.67072],[-71.64835,10.67777]]}},{"type":"Feature","id":"way/126574079","properties":{"name":"Avenida Circunvalaci\u00f3n 2","highway":"secondary"},"geometry":{"type":"LineString","coordinates":[[-71.63496,10.69267],[-71.62709,10.6936],[-71.62118,10.69124],[-71.61584,10.69189],[-71.60719,10.68977]]}},{"type":"Feature","id":"way/126578201","properties":{"highway":"tertiary"},"geometry":{"type":"LineString","coordinates":[[-71.63963,10.71524],[-71.64087,10.71405]]}},{"type":"Feature","id":"way/126579237","properties":{"name":"Avenida 40","highway":"tertiary"},"geometry":{"type":"LineString","coordinates":[[-71.64302,10.66466],[-71.64486,10.66122]]}},{"type":"Feature","id":"way/126732831","properties":{"highway":"tertiary"},"geometry":{"type":"LineString","coordinates":[[-71.66648,10.70411],[-71.67927,10.70494],[-71.68785,10.70665]]}},{"type":"Feature","id":"way/126732832","properties":{"name":"Calle 65","highway":"tertiary"},"geometry":{"type":"LineString","coordinates":[[-71.64681,10.68246],[-71.6544,10.69081]]}},{"type":"Feature","id":"way/127125825","properties":{"name":"Avenida 16","highway":"tertiary"},"geometry":{"type":"LineString","coordinates":[[-71.63363,10.68787],[-71.63496,10.69267]]}},{"type":"Feature","id":"way/127125828","properties":{"name":"Avenida Circunvalaci\u00f3n 2","highway":"trunk","ref":"T-6"},"geometry":{"type":"LineString","coordinates":[[-71.64541,10.69104],[-71.63506,10.69266]]}},{"type":"Feature","id":"way/127127835","properties":{"name":"Distribuidor Las Delicias","highway":"primary","ref":"R-16"},"geometry":{"type":"LineString","coordinates":[[-71.62,10.64972],[-71.61908,10.64751]]}},{"type":"Feature","id":"way/127127836","properties":{"name":"Avenida Las Delicias","highway":"primary","ref":"R-16"},"geometry":{"type":"LineString","coordinates":[[-71.61871,10.66384],[-71.62313,10.68221]]}},{"type":"Feature","id":"way/127127838","properties":{"name":"Distribuidor Las Delicias","highway":"primary","ref":"T-3"},"geometry":{"type":"LineString","coordinates":[[-71.61959,10.65346],[-71.61993,10.65002],[-71.62424,10.65046]]}},{"type":"Feature","id":"way/127127844","properties":{"name":"Avenida 15 - Las Delicias","highway":"primary","ref":"R-16"},"geometry":{"type":"LineString","coordinates":[[-71.6232,10.68219],[-71.61876,10.66377],[-71.61959,10.65346]]}},{"type":"Feature","id":"way/127128470","properties":{"highway":"tertiary"},"geometry":{"type":"LineString","coordinates":[[-71.63208,10.6832],[-71.63012,10.68053]]}},{"type":"Feature","id":"way/127588303","properties":{"highway":"tertiary"},"geometry":{"type":"LineString","coordinates":[[-71.59674,10.67951],[-71.59679,10.67962]]}},{"type":"Feature","id":"way/127588873","properties":{"name":"Avenida 4 Bella Vista","highway":"tertiary"},"geometry":{"type":"LineString","coordinates":[[-71.60901,10.67369],[-71.6056,10.68328],[-71.59935,10.68708]]}},{"type":"Feature","id":"way/127588880","properties":{"name":"Avenida 4 Bella Vista","highway":"tertiary"},"geometry":{"type":"LineString","coordinates":[[-71.6078,10.67692],[-71.60935,10.67258],[-71.60635,10.65955],[-71.60644,10.64822]]}},{"type":"Feature","id":"way/127589191","properties":{"name":"Avenida 4 Bella Vista","highway":"tertiary"},"geometry":{"type":"LineString","coordinates":[[-71.60607,10.64645],[-71.6062,10.65637]]}},{"type":"Feature","id":"way/127589208","properties":{"highway":"tertiary"},"geometry":{"type":"LineString","coordinates":[[-71.60768,10.64386],[-71.6077,10.64381]]}},{"type":"Feature","id":"way/127589230","properties":{"name":"Distribuidor Lossada","highway":"primary_link"},"geometry":{"type":"LineString","coordinates":[[-71.61928,10.64068],[-71.62039,10.63965]]}},{"type":"Feature","id":"way/127589231","properties":{"name":"Distribuidor Lossada","highway":"primary"},"geometry":{"type":"LineString","coordinates":[[-71.61882,10.63789],[-71.61855,10.63966]]}},{"type":"Feature","id":"way/127589236","properties":{"name":"Distribuidor Lossada","highway":"primary_link"},"geometry":{"type":"LineString","coordinates":[[-71.61732,10.63988],[-71.61874,10.64039]]}},{"type":"Feature","id":"way/127589246","properties":{"name":"Distribuidor Lossada","highway":"primary"},"geometry":{"type":"LineString","coordinates":[[-71.61948,10.63956],[-71.61891,10.63748]]}},{"type":"Feature","id":"way/127591981","properties":{"highway":"primary_link"},"geometry":{"type":"LineString","coordinates":[[-71.62292,10.65028],[-71.62309,10.65049]]}},{"type":"Feature","id":"way/128888251","properties":{"highway":"tertiary"},"geometry":{"type":"LineString","coordinates":[[-71.77322,10.86082],[-71.78785,10.8658],[-71.82249,10.86594],[-71.82717,10.86829]]}},{"type":"Feature","id":"way/128891172","properties":{"highway":"tertiary"},"geometry":{"type":"LineString","coordinates":[[-71.86256,10.84334],[-71.86111,10.84426],[-71.85505,10.84395],[-71.83474,10.8546],[-71.83103,10.86011],[-71.8268,10.86432],[-71.82717,10.86829]]}},{"type":"Feature","id":"way/128893698","properties":{"name":"Avenida Circunvalaci\u00f3n 4","highway":"secondary","ref":"R-75"},"geometry":{"type":"LineString","coordinates":[[-71.73358,10.59551],[-71.72444,10.62278],[-71.72195,10.62601],[-71.71699,10.62751],[-71.71662,10.6312]]}},{"type":"Feature","id":"way/128893716","properties":{"name":"Avenida 66G","highway":"tertiary"},"geometry":{"type":"LineString","coordinates":[[-71.66448,10.65815],[-71.66948,10.65431]]}},{"type":"Feature","id":"way/128909210","properties":{"name":"Calle 98","highway":"tertiary"},"geometry":{"type":"LineString","coordinates":[[-71.66385,10.6377],[-71.65944,10.63693],[-71.6526,10.63336]]}},{"type":"Feature","id":"way/128909269","properties":{"name":"Calle Principal","highway":"tertiary"},"geometry":{"type":"LineString","coordinates":[[-71.65861,10.64383],[-71.64832,10.64377]]}},{"type":"Feature","id":"way/128913787","properties":{"highway":"primary","ref":"L-1;R-4"},"geometry":{"type":"LineString","coordinates":[[-71.83821,10.61776],[-71.8402,10.61751]]}},{"type":"Feature","id":"way/128913811","properties":{"highway":"primary","ref":"L-1;R-4"},"geometry":{"type":"LineString","coordinates":[[-71.85066,10.61811],[-71.84714,10.61761]]}},{"type":"Feature","id":"way/128913822","properties":{"highway":"primary","ref":"L-1;R-4"},"geometry":{"type":"LineString","coordinates":[[-71.8401,10.61683],[-71.83807,10.61744]]}},{"type":"Feature","id":"way/128953799","properties":{"highway":"tertiary","ref":"R-59"},"geometry":{"type":"LineString","coordinates":[[-71.46602,10.42389],[-71.46569,10.42423]]}},{"type":"Feature","id":"way/128953875","properties":{"name":"Carretera J","highway":"tertiary"},"geometry":{"type":"LineString","coordinates":[[-71.44934,10.3897],[-71.44911,10.38986]]}},{"type":"Feature","id":"way/128953877","properties":{"name":"Avenida Andr\u00e9s Bello","highway":"tertiary"},"geometry":{"type":"LineString","coordinates":[[-71.47406,10.40008],[-71.47305,10.40257]]}},{"type":"Feature","id":"way/128953887","properties":{"name":"Avenida Andr\u00e9s Bello","highway":"tertiary"},"geometry":{"type":"LineString","coordinates":[[-71.47305,10.40257],[-71.47406,10.40008]]}},{"type":"Feature","id":"way/128953891","properties":{"highway":"tertiary"},"geometry":{"type":"LineString","coordinates":[[-71.46569,10.42423],[-71.46605,10.42439]]}},{"type":"Feature","id":"way/128953959","properties":{"name":"Carretera F","highway":"tertiary","ref":"R-59"},"geometry":{"type":"LineString","coordinates":[[-71.46569,10.42423],[-71.43138,10.44408],[-71.42574,10.46408],[-71.42258,10.46847]]}},{"type":"Feature","id":"way/128953963","properties":{"name":"Avenida Universidad","highway":"tertiary"},"geometry":{"type":"LineString","coordinates":[[-71.46706,10.3935],[-71.47448,10.39825]]}},{"type":"Feature","id":"way/128997856","properties":{"highway":"tertiary","ref":"R-57"},"geometry":{"type":"LineString","coordinates":[[-71.43036,10.3617],[-71.42513,10.35972]]}},{"type":"Feature","id":"way/128997974","properties":{"name":"Avenida 32","highway":"tertiary"},"geometry":{"type":"LineString","coordinates":[[-71.44895,10.41923],[-71.42761,10.38263]]}},{"type":"Feature","id":"way/128997999","properties":{"highway":"tertiary"},"geometry":{"type":"LineString","coordinates":[[-71.43451,10.36906],[-71.42339,10.37533]]}},{"type":"Feature","id":"way/129014054","properties":{"highway":"tertiary"},"geometry":{"type":"LineString","coordinates":[[-71.42339,10.37533],[-71.41701,10.36438]]}},{"type":"Feature","id":"way/129216533","properties":{"highway":"tertiary"},"geometry":{"type":"LineString","coordinates":[[-71.43106,10.41484],[-71.42519,10.40353]]}},{"type":"Feature","id":"way/129417156","properties":{"name":"Carretera Principal de Los Mayales","highway":"tertiary","ref":"R-86"},"geometry":{"type":"LineString","coordinates":[[-71.79231,10.92828],[-71.78822,10.92403],[-71.78488,10.92533],[-71.78156,10.92452],[-71.77721,10.92911],[-71.77528,10.92903],[-71.77292,10.92593],[-71.77428,10.92085],[-71.77249,10.91259],[-71.77107,10.91029],[-71.76788,10.90872],[-71.76302,10.91192],[-71.74736,10.91717]]}},{"type":"Feature","id":"way/129480893","properties":{"highway":"tertiary"},"geometry":{"type":"LineString","coordinates":[[-71.77322,10.86082],[-71.76276,10.86423]]}},{"type":"Feature","id":"way/129485382","properties":{"highway":"primary","ref":"L-1;R-4"},"geometry":{"type":"LineString","coordinates":[[-71.8402,10.61751],[-71.84187,10.61748]]}},{"type":"Feature","id":"way/134394009","properties":{"name":"Avenida Circunvalaci\u00f3n 1","highway":"primary","ref":"T-3"},"geometry":{"type":"LineString","coordinates":[[-71.632,10.64585],[-71.64093,10.63709],[-71.64315,10.6307]]}},{"type":"Feature","id":"way/134394010","properties":{"name":"Avenida Circunvalaci\u00f3n 1","highway":"primary","ref":"T-3"},"geometry":{"type":"LineString","coordinates":[[-71.63178,10.64607],[-71.632,10.64585]]}},{"type":"Feature","id":"way/134402209","properties":{"name":"Avenida Circunvalaci\u00f3n 2","highway":"trunk","ref":"T-6"},"geometry":{"type":"LineString","coordinates":[[-71.64822,10.6775],[-71.64972,10.67223]]}},{"type":"Feature","id":"way/134402212","properties":{"name":"Avenida Circunvalaci\u00f3n 2","highway":"trunk","ref":"T-6"},"geometry":{"type":"LineString","coordinates":[[-71.64797,10.67779],[-71.64627,10.68321],[-71.64739,10.68945],[-71.64547,10.69103]]}},{"type":"Feature","id":"way/134402214","properties":{"name":"Avenida Circunvalaci\u00f3n 2","highway":"trunk","ref":"T-6"},"geometry":{"type":"LineString","coordinates":[[-71.64959,10.67224],[-71.64811,10.67745]]}},{"type":"Feature","id":"way/134402219","properties":{"name":"Avenida Circunvalaci\u00f3n 2","highway":"trunk","ref":"T-6"},"geometry":{"type":"LineString","coordinates":[[-71.64811,10.67745],[-71.64797,10.67779]]}},{"type":"Feature","id":"way/134402220","properties":{"name":"Avenida Circunvalaci\u00f3n 2","highway":"trunk","ref":"T-6"},"geometry":{"type":"LineString","coordinates":[[-71.64808,10.67785],[-71.64822,10.6775]]}},{"type":"Feature","id":"way/134402224","properties":{"name":"Avenida Circunvalaci\u00f3n 2","highway":"trunk","ref":"T-6"},"geometry":{"type":"LineString","coordinates":[[-71.64972,10.67223],[-71.64969,10.67183]]}},{"type":"Feature","id":"way/134402225","properties":{"name":"Avenida Circunvalaci\u00f3n 2","highway":"trunk","ref":"T-6"},"geometry":{"type":"LineString","coordinates":[[-71.64958,10.6718],[-71.64959,10.67224]]}},{"type":"Feature","id":"way/134402227","properties":{"name":"Avenida Circunvalaci\u00f3n 2","highway":"trunk","ref":"T-6"},"geometry":{"type":"LineString","coordinates":[[-71.64969,10.67183],[-71.65027,10.67053]]}},{"type":"Feature","id":"way/134402232","properties":{"name":"Avenida 18 Padilla","highway":"tertiary","ref":"R-4"},"geometry":{"type":"LineString","coordinates":[[-71.61804,10.64558],[-71.61887,10.64572]]}},{"type":"Feature","id":"way/134402246","properties":{"name":"Avenida 16","highway":"tertiary"},"geometry":{"type":"LineString","coordinates":[[-71.63004,10.68057],[-71.63269,10.68436],[-71.63363,10.68787]]}},{"type":"Feature","id":"way/134402249","properties":{"name":"Elevado de Las Delicias","highway":"primary","ref":"R-16"},"geometry":{"type":"LineString","coordinates":[[-71.61901,10.64743],[-71.61975,10.65142]]}},{"type":"Feature","id":"way/134402258","properties":{"name":"Avenida Libertador","highway":"secondary","ref":"R-72"},"geometry":{"type":"LineString","coordinates":[[-71.60672,10.63881],[-71.61855,10.63979]]}},{"type":"Feature","id":"way/134402300","properties":{"name":"Distribuidor Fern\u00e1ndez Mor\u00e1n","highway":"trunk_link"},"geometry":{"type":"LineString","coordinates":[[-71.64862,10.67146],[-71.64948,10.67293],[-71.64868,10.67552]]}},{"type":"Feature","id":"way/134846755","properties":{"name":"Carretera La Plata","highway":"secondary","ref":"R-58"},"geometry":{"type":"LineString","coordinates":[[-71.40555,10.32086],[-71.37495,10.32111]]}},{"type":"Feature","id":"way/135284652","properties":{"name":"Avenida 34","highway":"tertiary"},"geometry":{"type":"LineString","coordinates":[[-71.29985,10.19431],[-71.29441,10.185]]}},{"type":"Feature","id":"way/135486805","properties":{"name":"Distribuidor Falc\u00f3n - Zulia","highway":"trunk_link"},"geometry":{"type":"LineString","coordinates":[[-71.5067,10.57281],[-71.50875,10.57306],[-71.5082,10.57409],[-71.50688,10.57336]]}},{"type":"Feature","id":"way/135486806","properties":{"name":"Distribuidor Falc\u00f3n - Zulia","highway":"trunk_link"},"geometry":{"type":"LineString","coordinates":[[-71.50664,10.57276],[-71.50629,10.57306]]}},{"type":"Feature","id":"way/135486807","properties":{"name":"Distribuidor Falc\u00f3n - Zulia","highway":"trunk_link"},"geometry":{"type":"LineString","coordinates":[[-71.50633,10.5731],[-71.5067,10.57281]]}},{"type":"Feature","id":"way/135486808","properties":{"name":"Distribuidor Falc\u00f3n - Zulia","highway":"trunk_link"},"geometry":{"type":"LineString","coordinates":[[-71.50589,10.57338],[-71.50505,10.57249],[-71.50625,10.57275]]}},{"type":"Feature","id":"way/135486809","properties":{"name":"Distribuidor Falc\u00f3n - Zulia","highway":"trunk_link"},"geometry":{"type":"LineString","coordinates":[[-71.50422,10.57027],[-71.50472,10.57281],[-71.50278,10.57423]]}},{"type":"Feature","id":"way/135486810","properties":{"name":"Distribuidor Falc\u00f3n - Zulia","highway":"trunk_link"},"geometry":{"type":"LineString","coordinates":[[-71.50629,10.57306],[-71.50278,10.57423]]}},{"type":"Feature","id":"way/155536916","properties":{"name":"Distribuidor Punta Iguana","highway":"trunk_link"},"geometry":{"type":"LineString","coordinates":[[-71.5267,10.57568],[-71.52645,10.57529]]}},{"type":"Feature","id":"way/155536917","properties":{"name":"Distribuidor Punta Iguana","highway":"trunk_link"},"geometry":{"type":"LineString","coordinates":[[-71.52645,10.57529],[-71.52602,10.57569]]}},{"type":"Feature","id":"way/155536922","properties":{"highway":"tertiary","ref":"L-3"},"geometry":{"type":"LineString","coordinates":[[-71.53112,10.57323],[-71.52699,10.57336],[-71.52645,10.57529]]}},{"type":"Feature","id":"way/155537191","properties":{"name":"Avenida Intercomunal","highway":"primary","ref":"L-3"},"geometry":{"type":"LineString","coordinates":[[-71.4531,10.44605],[-71.45092,10.45355],[-71.45102,10.45967],[-71.45474,10.47118],[-71.45636,10.48059],[-71.46097,10.49425],[-71.46336,10.497],[-71.47467,10.50405],[-71.48724,10.50837],[-71.49653,10.51292],[-71.51434,10.52896],[-71.5238,10.54228],[-71.53277,10.55179],[-71.53281,10.55455],[-71.53022,10.56008],[-71.53105,10.57769]]}},{"type":"Feature","id":"way/155815509","properties":{"name":"Avenida 91","highway":"tertiary"},"geometry":{"type":"LineString","coordinates":[[-71.66432,10.70175],[-71.67071,10.69579]]}},{"type":"Feature","id":"way/157253359","properties":{"name":"Avenida 74","highway":"tertiary"},"geometry":{"type":"LineString","coordinates":[[-71.668,10.66993],[-71.66627,10.67407],[-71.66247,10.67934]]}},{"type":"Feature","id":"way/157254368","properties":{"highway":"tertiary","ref":"R-4"},"geometry":{"type":"LineString","coordinates":[[-71.94383,10.51481],[-71.94607,10.50551],[-71.94918,10.50306],[-71.94784,10.49764]]}},{"type":"Feature","id":"way/157254369","properties":{"highway":"tertiary","ref":"R-4"},"geometry":{"type":"LineString","coordinates":[[-71.85066,10.61811],[-71.85502,10.61318],[-71.94828,10.54002]]}},{"type":"Feature","id":"way/157254372","properties":{"highway":"tertiary","ref":"R-4"},"geometry":{"type":"LineString","coordinates":[[-71.94828,10.54002],[-71.94774,10.5149]]}},{"type":"Feature","id":"way/157255302","properties":{"name":"Calle 82C","highway":"tertiary"},"geometry":{"type":"LineString","coordinates":[[-71.66489,10.66736],[-71.6698,10.67138],[-71.67431,10.67079]]}},{"type":"Feature","id":"way/159354321","properties":{"name":"Distribuidor Ricardo Aguirre","highway":"trunk_link"},"geometry":{"type":"LineString","coordinates":[[-71.64838,10.6777],[-71.64915,10.67563]]}},{"type":"Feature","id":"way/159388726","properties":{"name":"Avenida Libertador","highway":"secondary","ref":"R-72"},"geometry":{"type":"LineString","coordinates":[[-71.61855,10.63966],[-71.6066,10.63877]]}},{"type":"Feature","id":"way/159388727","properties":{"name":"Avenida Sabaneta","highway":"primary","ref":"R-72"},"geometry":{"type":"LineString","coordinates":[[-71.61945,10.63974],[-71.62039,10.63965]]}},{"type":"Feature","id":"way/159447162","properties":{"name":"Avenida Milagro Norte","highway":"secondary","ref":"R-72"},"geometry":{"type":"LineString","coordinates":[[-71.59904,10.68809],[-71.59735,10.69712],[-71.59943,10.70349],[-71.60113,10.70532],[-71.61054,10.70781],[-71.61483,10.71447],[-71.61579,10.71941],[-71.62052,10.72533]]}},{"type":"Feature","id":"way/159447173","properties":{"highway":"trunk_link"},"geometry":{"type":"LineString","coordinates":[[-71.64057,10.7123],[-71.64074,10.71231]]}},{"type":"Feature","id":"way/159447175","properties":{"name":"Avenida 16","highway":"trunk","ref":"T-6"},"geometry":{"type":"LineString","coordinates":[[-71.62791,10.73066],[-71.62843,10.72366],[-71.63247,10.71971]]}},{"type":"Feature","id":"way/159447177","properties":{"highway":"trunk_link","ref":"T-6"},"geometry":{"type":"LineString","coordinates":[[-71.64079,10.71226],[-71.64057,10.71145]]}},{"type":"Feature","id":"way/159447178","properties":{"highway":"tertiary"},"geometry":{"type":"LineString","coordinates":[[-71.65075,10.71529],[-71.64568,10.71406],[-71.64305,10.71502],[-71.64148,10.71419]]}},{"type":"Feature","id":"way/159447181","properties":{"highway":"tertiary"},"geometry":{"type":"LineString","coordinates":[[-71.64089,10.71268],[-71.64046,10.71207]]}},{"type":"Feature","id":"way/159447186","properties":{"name":"Avenida 16","highway":"trunk","ref":"T-6"},"geometry":{"type":"LineString","coordinates":[[-71.63821,10.716],[-71.63265,10.71944]]}},{"type":"Feature","id":"way/159451514","properties":{"name":"Distribuidor Sabaneta","highway":"primary_link"},"geometry":{"type":"LineString","coordinates":[[-71.64162,10.62972],[-71.64297,10.63055]]}},{"type":"Feature","id":"way/159451520","properties":{"highway":"primary_link"},"geometry":{"type":"LineString","coordinates":[[-71.64253,10.62603],[-71.64213,10.62579]]}},{"type":"Feature","id":"way/159451523","properties":{"highway":"primary_link"},"geometry":{"type":"LineString","coordinates":[[-71.6424,10.62642],[-71.64253,10.62603]]}},{"type":"Feature","id":"way/159741678","properties":{"name":"Avenida Pa\u00fal Ren\u00e9 Moreno Camacho","highway":"primary","ref":"R-16"},"geometry":{"type":"LineString","coordinates":[[-71.62573,10.70038],[-71.62544,10.69331]]}},{"type":"Feature","id":"way/163761828","properties":{"name":"Carretera Nacional Paraguaipoa - El Moj\u00e1n","highway":"trunk","ref":"T-6"},"geometry":{"type":"LineString","coordinates":[[-71.76068,10.97195],[-71.77312,10.97627],[-71.77798,10.98122],[-71.77981,10.98561],[-71.792,10.99628]]}},{"type":"Feature","id":"way/163761829","properties":{"name":"Carretera Nacional Paraguaipoa - El Moj\u00e1n","highway":"trunk","ref":"T-6"},"geometry":{"type":"LineString","coordinates":[[-71.85628,11.09335],[-71.85637,11.09609],[-71.87229,11.1192],[-71.88641,11.15147],[-71.90364,11.18233],[-71.91974,11.21429],[-71.94688,11.28404],[-71.9654,11.3473]]}},{"type":"Feature","id":"way/163761830","properties":{"name":"Carretera Nacional Paraguaipoa - El Moj\u00e1n","highway":"trunk","ref":"T-6"},"geometry":{"type":"LineString","coordinates":[[-71.79607,11.00276],[-71.79593,11.00901]]}},{"type":"Feature","id":"way/163761832","properties":{"name":"Carretera El Cero - Las Guardias","highway":"secondary","ref":"R-69"},"geometry":{"type":"LineString","coordinates":[[-71.90948,11.19329],[-71.91573,11.18898],[-71.92621,11.1837]]}},{"type":"Feature","id":"way/163761834","properties":{"name":"Carretera Nacional Paraguaipoa - El Moj\u00e1n","highway":"trunk","ref":"T-6"},"geometry":{"type":"LineString","coordinates":[[-71.76068,10.97195],[-71.75653,10.94625],[-71.75479,10.94395],[-71.74176,10.93597]]}},{"type":"Feature","id":"way/164079009","properties":{"name":"Distribuidor Falc\u00f3n - Zulia","highway":"trunk_link"},"geometry":{"type":"LineString","coordinates":[[-71.50418,10.5743],[-71.50678,10.57412],[-71.5104,10.57578]]}},{"type":"Feature","id":"way/164079010","properties":{"name":"Gran Autopista de Occidente","highway":"trunk","ref":"T-3"},"geometry":{"type":"LineString","coordinates":[[-71.5104,10.57578],[-71.52724,10.57586]]}},{"type":"Feature","id":"way/164079011","properties":{"name":"Distribuidor Falc\u00f3n - Zulia","highway":"trunk_link"},"geometry":{"type":"LineString","coordinates":[[-71.51017,10.57557],[-71.50845,10.57258],[-71.50664,10.57276]]}},{"type":"Feature","id":"way/166544663","properties":{"name":"Carretera Nacional Machiques - La Fr\u00eda","highway":"trunk","ref":"T-6"},"geometry":{"type":"LineString","coordinates":[[-72.67258,9.1181],[-72.67082,9.11492]]}},{"type":"Feature","id":"way/166639966","properties":{"highway":"tertiary","ref":"R-9"},"geometry":{"type":"LineString","coordinates":[[-71.52451,10.70801],[-71.52115,10.71322]]}},{"type":"Feature","id":"way/166640011","properties":{"name":"Avenida 5","highway":"tertiary","ref":"R-9"},"geometry":{"type":"LineString","coordinates":[[-71.5226,10.7142],[-71.52551,10.7086]]}},{"type":"Feature","id":"way/172282548","properties":{"highway":"tertiary"},"geometry":{"type":"LineString","coordinates":[[-71.64486,10.66122],[-71.6455,10.65767]]}},{"type":"Feature","id":"way/182350666","properties":{"name":"Eje Rural de Castilletes","highway":"tertiary","ref":"T-6"},"geometry":{"type":"LineString","coordinates":[[-71.84863,11.63789],[-71.85342,11.63629],[-71.86933,11.63515],[-71.87783,11.63332],[-71.89546,11.62108],[-71.91166,11.61141],[-71.92836,11.61057]]}},{"type":"Feature","id":"way/182354257","properties":{"name":"Eje Rural de Castilletes","highway":"tertiary","ref":"T-6"},"geometry":{"type":"LineString","coordinates":[[-71.93096,11.61053],[-71.94588,11.60923]]}},{"type":"Feature","id":"way/182354260","properties":{"name":"Eje Rural de Castilletes","highway":"tertiary","ref":"T-6"},"geometry":{"type":"LineString","coordinates":[[-71.97416,11.5502],[-71.97378,11.54662],[-71.9785,11.51801],[-71.97886,11.49606],[-71.98365,11.47119],[-71.99091,11.45694],[-71.99066,11.44447]]}},{"type":"Feature","id":"way/182354261","properties":{"name":"Eje Rural de Castilletes","highway":"tertiary","ref":"T-6"},"geometry":{"type":"LineString","coordinates":[[-71.95284,11.60858],[-71.95312,11.60843]]}},{"type":"Feature","id":"way/182354262","properties":{"name":"Eje Rural de Castilletes","highway":"tertiary","ref":"T-6"},"geometry":{"type":"LineString","coordinates":[[-71.92836,11.61057],[-71.92898,11.61056]]}},{"type":"Feature","id":"way/182354266","properties":{"name":"Eje Rural de Castilletes","highway":"tertiary","ref":"T-6"},"geometry":{"type":"LineString","coordinates":[[-71.97437,11.55171],[-71.97416,11.5502]]}},{"type":"Feature","id":"way/182354269","properties":{"name":"Eje Rural de Castilletes","highway":"tertiary","ref":"T-6"},"geometry":{"type":"LineString","coordinates":[[-71.93057,11.61053],[-71.93096,11.61053]]}},{"type":"Feature","id":"way/182354272","properties":{"name":"Eje Rural de Castilletes","highway":"tertiary","ref":"T-6"},"geometry":{"type":"LineString","coordinates":[[-71.94588,11.60923],[-71.94624,11.60926]]}},{"type":"Feature","id":"way/182354276","properties":{"name":"Eje Rural de Castilletes","highway":"tertiary","ref":"T-6"},"geometry":{"type":"LineString","coordinates":[[-71.95312,11.60843],[-71.95579,11.6061],[-71.96206,11.59487],[-71.96774,11.58412],[-71.97191,11.5737],[-71.97479,11.55476],[-71.97437,11.55171]]}},{"type":"Feature","id":"way/182354279","properties":{"name":"Eje Rural de Castilletes","highway":"tertiary","ref":"T-6"},"geometry":{"type":"LineString","coordinates":[[-71.92898,11.61056],[-71.93057,11.61053]]}},{"type":"Feature","id":"way/182354282","properties":{"name":"Eje Rural de Castilletes","highway":"tertiary","ref":"T-6"},"geometry":{"type":"LineString","coordinates":[[-71.94624,11.60926],[-71.95284,11.60858]]}},{"type":"Feature","id":"way/182358454","properties":{"name":"Eje Rural de Castilletes","highway":"tertiary","ref":"T-6"},"geometry":{"type":"LineString","coordinates":[[-71.98998,11.42586],[-71.98947,11.4118]]}},{"type":"Feature","id":"way/182358458","properties":{"name":"Eje Rural de Castilletes","highway":"tertiary","ref":"T-6"},"geometry":{"type":"LineString","coordinates":[[-71.99066,11.44447],[-71.99062,11.44325]]}},{"type":"Feature","id":"way/182358459","properties":{"name":"Eje Rural de Castilletes","highway":"tertiary","ref":"T-6"},"geometry":{"type":"LineString","coordinates":[[-71.98999,11.42644],[-71.98998,11.42586]]}},{"type":"Feature","id":"way/182358461","properties":{"name":"Eje Rural de Castilletes","highway":"tertiary","ref":"T-6"},"geometry":{"type":"LineString","coordinates":[[-71.98947,11.4118],[-71.98946,11.41151]]}},{"type":"Feature","id":"way/182358463","properties":{"name":"Eje Rural de Castilletes","highway":"tertiary","ref":"T-6"},"geometry":{"type":"LineString","coordinates":[[-71.98946,11.41151],[-71.98771,11.35635]]}},{"type":"Feature","id":"way/182358466","properties":{"name":"Eje Rural de Castilletes","highway":"tertiary","ref":"T-6"},"geometry":{"type":"LineString","coordinates":[[-71.99062,11.44325],[-71.98999,11.42644]]}},{"type":"Feature","id":"way/182384255","properties":{"name":"Eje Rural Fronterizo","highway":"secondary","ref":"L-1"},"geometry":{"type":"LineString","coordinates":[[-72.00867,11.03609],[-72.00791,11.03601]]}},{"type":"Feature","id":"way/182384256","properties":{"name":"Carretera El Cero - Las Guardias","highway":"secondary","ref":"R-69"},"geometry":{"type":"LineString","coordinates":[[-71.92621,11.1837],[-71.92668,11.1835]]}},{"type":"Feature","id":"way/182384257","properties":{"name":"Carretera El Cero - Las Guardias","highway":"secondary","ref":"R-69"},"geometry":{"type":"LineString","coordinates":[[-71.92668,11.1835],[-71.93026,11.18248],[-71.93827,11.18368],[-71.94528,11.18166],[-71.96953,11.16662],[-71.98173,11.15538],[-71.99636,11.15503],[-72.01917,11.14902],[-72.02685,11.14489],[-72.02826,11.14261],[-72.02813,11.13468],[-72.02993,11.12477],[-72.03053,11.1034],[-72.03517,11.09048],[-72.03705,11.08722],[-72.05679,11.06961],[-72.06002,11.06357]]}},{"type":"Feature","id":"way/182384258","properties":{"name":"Carretera Regional Cuatro Bocas - Carrasquero","highway":"secondary","ref":"L-1"},"geometry":{"type":"LineString","coordinates":[[-71.99821,11.00943],[-71.98407,10.99982],[-71.97248,10.99605],[-71.96676,10.98799],[-71.95613,10.98218],[-71.95242,10.97358],[-71.94312,10.9568],[-71.93835,10.93219],[-71.91801,10.91074],[-71.90828,10.90487],[-71.89947,10.89247],[-71.89115,10.88667],[-71.88599,10.87897],[-71.87849,10.87328],[-71.87431,10.86693],[-71.86612,10.85746],[-71.86146,10.83978],[-71.85978,10.83746],[-71.85114,10.82937],[-71.83975,10.82526],[-71.83735,10.82184]]}},{"type":"Feature","id":"way/187936897","properties":{"name":"Calle 90A","highway":"tertiary"},"geometry":{"type":"LineString","coordinates":[[-71.68368,10.6668],[-71.67511,10.67052]]}},{"type":"Feature","id":"way/187936898","properties":{"name":"Calle 90A","highway":"tertiary"},"geometry":{"type":"LineString","coordinates":[[-71.67511,10.67062],[-71.68372,10.66686]]}},{"type":"Feature","id":"way/187949046","properties":{"highway":"tertiary"},"geometry":{"type":"LineString","coordinates":[[-71.64548,10.64906],[-71.64581,10.65252],[-71.64499,10.65477]]}},{"type":"Feature","id":"way/187949047","properties":{"name":"Calle 95 Garcia","highway":"tertiary"},"geometry":{"type":"LineString","coordinates":[[-71.64254,10.643],[-71.64409,10.64371]]}},{"type":"Feature","id":"way/187949081","properties":{"highway":"tertiary"},"geometry":{"type":"LineString","coordinates":[[-71.63683,10.64075],[-71.6372,10.64113]]}},{"type":"Feature","id":"way/187949216","properties":{"name":"Calle 95 Garcia","highway":"tertiary"},"geometry":{"type":"LineString","coordinates":[[-71.6372,10.64113],[-71.64093,10.64271]]}},{"type":"Feature","id":"way/188058456","properties":{"highway":"secondary","ref":"L-4"},"geometry":{"type":"LineString","coordinates":[[-71.68275,10.41515],[-71.69258,10.40591]]}},{"type":"Feature","id":"way/188162712","properties":{"name":"Avenida 3","highway":"tertiary","ref":"T-6"},"geometry":{"type":"LineString","coordinates":[[-71.73121,10.96233],[-71.73522,10.96589],[-71.7374,10.96657],[-71.74102,10.96551],[-71.74589,10.96826]]}},{"type":"Feature","id":"way/188162713","properties":{"name":"Avenida Libertador","highway":"tertiary","ref":"T-6"},"geometry":{"type":"LineString","coordinates":[[-71.73775,10.9496],[-71.73492,10.95748]]}},{"type":"Feature","id":"way/188162714","properties":{"name":"Plaza General Rafael Urdaneta","highway":"tertiary","ref":"T-6"},"geometry":{"type":"LineString","coordinates":[[-71.73288,10.95882],[-71.73279,10.95888]]}},{"type":"Feature","id":"way/188162742","properties":{"highway":"tertiary"},"geometry":{"type":"LineString","coordinates":[[-71.62884,10.95596],[-71.63493,10.95269],[-71.6438,10.95699]]}},{"type":"Feature","id":"way/188162746","properties":{"highway":"tertiary"},"geometry":{"type":"LineString","coordinates":[[-71.64939,10.95326],[-71.64953,10.95344]]}},{"type":"Feature","id":"way/188162747","properties":{"name":"Calle 24","highway":"tertiary","ref":"T-6"},"geometry":{"type":"LineString","coordinates":[[-71.73305,10.95864],[-71.73288,10.95882]]}},{"type":"Feature","id":"way/188162750","properties":{"name":"Calle 24","highway":"tertiary","ref":"T-6"},"geometry":{"type":"LineString","coordinates":[[-71.73272,10.95878],[-71.73253,10.95897]]}},{"type":"Feature","id":"way/188162773","properties":{"highway":"tertiary"},"geometry":{"type":"LineString","coordinates":[[-71.68181,10.96002],[-71.68072,10.96116],[-71.67528,10.95952],[-71.66841,10.95972],[-71.66455,10.96166],[-71.66013,10.96027],[-71.65021,10.95983],[-71.64759,10.9607]]}},{"type":"Feature","id":"way/188162780","properties":{"highway":"tertiary"},"geometry":{"type":"LineString","coordinates":[[-71.64932,10.95321],[-71.64781,10.95451]]}},{"type":"Feature","id":"way/188162791","properties":{"name":"Calle 24","highway":"tertiary","ref":"T-6"},"geometry":{"type":"LineString","coordinates":[[-71.73253,10.95897],[-71.73119,10.95983]]}},{"type":"Feature","id":"way/188187690","properties":{"highway":"tertiary"},"geometry":{"type":"LineString","coordinates":[[-71.52641,10.67663],[-71.52583,10.68256],[-71.52132,10.69004],[-71.51926,10.69918]]}},{"type":"Feature","id":"way/188187695","properties":{"name":"Avenida 5 de Julio","highway":"tertiary","ref":"R-9"},"geometry":{"type":"LineString","coordinates":[[-71.51005,10.7386],[-71.50837,10.73913]]}},{"type":"Feature","id":"way/188187703","properties":{"highway":"tertiary"},"geometry":{"type":"LineString","coordinates":[[-71.52616,10.67453],[-71.5319,10.66973],[-71.53095,10.66821],[-71.52653,10.66339],[-71.52296,10.66208],[-71.51854,10.6656]]}},{"type":"Feature","id":"way/188187726","properties":{"name":"Avenida 5 de Julio","highway":"tertiary","ref":"R-9"},"geometry":{"type":"LineString","coordinates":[[-71.50905,10.74148],[-71.51005,10.7386]]}},{"type":"Feature","id":"way/188345106","properties":{"highway":"tertiary","ref":"R-60"},"geometry":{"type":"LineString","coordinates":[[-71.4912,10.55193],[-71.51216,10.54073]]}},{"type":"Feature","id":"way/188345107","properties":{"name":"Distribuidor San Benito","highway":"trunk_link"},"geometry":{"type":"LineString","coordinates":[[-71.39564,10.43841],[-71.39643,10.43774]]}},{"type":"Feature","id":"way/188345112","properties":{"name":"Distribuidor San Benito","highway":"trunk_link"},"geometry":{"type":"LineString","coordinates":[[-71.39643,10.43774],[-71.39882,10.43613]]}},{"type":"Feature","id":"way/188345113","properties":{"name":"Carretera Willians","highway":"tertiary","ref":"R-55"},"geometry":{"type":"LineString","coordinates":[[-71.22292,10.5427],[-71.23352,10.52863]]}},{"type":"Feature","id":"way/188345116","properties":{"name":"Retorno de Tolosa","highway":"trunk_link","ref":"T-17"},"geometry":{"type":"LineString","coordinates":[[-71.4277,10.47902],[-71.42852,10.47839]]}},{"type":"Feature","id":"way/188345117","properties":{"name":"Retorno","highway":"trunk_link","ref":"T-17"},"geometry":{"type":"LineString","coordinates":[[-71.49239,10.55684],[-71.49268,10.55614]]}},{"type":"Feature","id":"way/188345118","properties":{"name":"Retorno de Hip\u00f3dromo","highway":"trunk_link","ref":"T-3"},"geometry":{"type":"LineString","coordinates":[[-71.49114,10.5763],[-71.4913,10.57692]]}},{"type":"Feature","id":"way/188345121","properties":{"name":"Retorno de Hip\u00f3dromo","highway":"trunk_link","ref":"T-3"},"geometry":{"type":"LineString","coordinates":[[-71.49484,10.57596],[-71.49464,10.57534]]}},{"type":"Feature","id":"way/188345123","properties":{"highway":"trunk_link"},"geometry":{"type":"LineString","coordinates":[[-71.4912,10.55193],[-71.48925,10.55197]]}},{"type":"Feature","id":"way/188345124","properties":{"name":"Retorno de Tolosa","highway":"trunk_link","ref":"T-17"},"geometry":{"type":"LineString","coordinates":[[-71.41716,10.46413],[-71.41649,10.46482]]}},{"type":"Feature","id":"way/188345125","properties":{"highway":"trunk_link"},"geometry":{"type":"LineString","coordinates":[[-71.42251,10.47065],[-71.42258,10.46847]]}},{"type":"Feature","id":"way/188345126","properties":{"name":"Gran Autopista de Occidente","highway":"trunk","ref":"T-17"},"geometry":{"type":"LineString","coordinates":[[-71.47153,10.53092],[-71.39611,10.43797]]}},{"type":"Feature","id":"way/188476096","properties":{"name":"Carretera Trujillo - Zulia","highway":"trunk","ref":"R-70"},"geometry":{"type":"LineString","coordinates":[[-70.90616,10.05406],[-70.90548,10.05246]]}},{"type":"Feature","id":"way/188752193","properties":{"name":"Avenida Circunvalaci\u00f3n 3","highway":"secondary","ref":"R-79"},"geometry":{"type":"LineString","coordinates":[[-71.67613,10.64767],[-71.67815,10.65183]]}},{"type":"Feature","id":"way/188842959","properties":{"name":"Distribuidor Ricardo Aguirre","highway":"trunk_link"},"geometry":{"type":"LineString","coordinates":[[-71.64862,10.67783],[-71.64848,10.67745]]}},{"type":"Feature","id":"way/188843139","properties":{"name":"Distribuidor Ricardo Aguirre","highway":"trunk_link"},"geometry":{"type":"LineString","coordinates":[[-71.64829,10.67791],[-71.6485,10.67784]]}},{"type":"Feature","id":"way/188843140","properties":{"name":"Distribuidor Ricardo Aguirre","highway":"trunk_link"},"geometry":{"type":"LineString","coordinates":[[-71.64792,10.67737],[-71.64765,10.67749]]}},{"type":"Feature","id":"way/188843141","properties":{"name":"Distribuidor Ricardo Aguirre","highway":"trunk_link"},"geometry":{"type":"LineString","coordinates":[[-71.64738,10.67751],[-71.64771,10.67793]]}},{"type":"Feature","id":"way/188986191","properties":{"name":"Calle 93","highway":"tertiary"},"geometry":{"type":"LineString","coordinates":[[-71.65803,10.65388],[-71.66258,10.65728]]}},{"type":"Feature","id":"way/188986504","properties":{"highway":"tertiary"},"geometry":{"type":"LineString","coordinates":[[-71.66181,10.66494],[-71.66518,10.66285],[-71.66671,10.65993]]}},{"type":"Feature","id":"way/188986525","properties":{"name":"Calle 94","highway":"tertiary"},"geometry":{"type":"LineString","coordinates":[[-71.68276,10.66372],[-71.67643,10.66374],[-71.6672,10.66026],[-71.66317,10.65716]]}},{"type":"Feature","id":"way/189041698","properties":{"name":"Calle 96A","highway":"tertiary"},"geometry":{"type":"LineString","coordinates":[[-71.66397,10.64442],[-71.67379,10.64622],[-71.67473,10.64536]]}},{"type":"Feature","id":"way/189205845","properties":{"highway":"secondary","ref":"R-79"},"geometry":{"type":"LineString","coordinates":[[-71.6867,10.67575],[-71.68795,10.68088],[-71.69481,10.68954]]}},{"type":"Feature","id":"way/189205878","properties":{"name":"Avenida 91","highway":"tertiary"},"geometry":{"type":"LineString","coordinates":[[-71.67541,10.69227],[-71.67785,10.68808]]}},{"type":"Feature","id":"way/189852712","properties":{"name":"Avenida Don Manuel Belloso","highway":"primary","ref":"R-72"},"geometry":{"type":"LineString","coordinates":[[-71.7048,10.58978],[-71.70461,10.59024]]}},{"type":"Feature","id":"way/189852715","properties":{"name":"Avenida Don Manuel Belloso","highway":"primary","ref":"R-72"},"geometry":{"type":"LineString","coordinates":[[-71.70475,10.59028],[-71.70497,10.5898]]}},{"type":"Feature","id":"way/189852719","properties":{"name":"Avenida Don Manuel Belloso","highway":"primary","ref":"R-72"},"geometry":{"type":"LineString","coordinates":[[-71.70461,10.59024],[-71.70222,10.59479],[-71.69955,10.59721],[-71.67263,10.61054]]}},{"type":"Feature","id":"way/189852735","properties":{"name":"Calle 148 Via a La Concepci\u00f3n","highway":"primary","ref":"L-1"},"geometry":{"type":"LineString","coordinates":[[-71.70068,10.58929],[-71.68557,10.58645]]}},{"type":"Feature","id":"way/190753389","properties":{"name":"Calle Vargas","highway":"tertiary"},"geometry":{"type":"LineString","coordinates":[[-71.3108,10.2006],[-71.31721,10.19695]]}},{"type":"Feature","id":"way/190764056","properties":{"name":"Avenida 51","highway":"tertiary"},"geometry":{"type":"LineString","coordinates":[[-71.28798,10.20114],[-71.29823,10.21864]]}},{"type":"Feature","id":"way/190765274","properties":{"highway":"tertiary"},"geometry":{"type":"LineString","coordinates":[[-71.29823,10.21864],[-71.29826,10.21887]]}},{"type":"Feature","id":"way/190769059","properties":{"name":"Carretera L","highway":"tertiary"},"geometry":{"type":"LineString","coordinates":[[-71.30056,10.21899],[-71.3311,10.20099]]}},{"type":"Feature","id":"way/190769130","properties":{"highway":"primary_link"},"geometry":{"type":"LineString","coordinates":[[-71.3307,10.20131],[-71.3312,10.20121]]}},{"type":"Feature","id":"way/190769141","properties":{"highway":"primary_link"},"geometry":{"type":"LineString","coordinates":[[-71.33048,10.2008],[-71.33024,10.20159]]}},{"type":"Feature","id":"way/190793492","properties":{"name":"Carretera N","highway":"primary","ref":"R-52"},"geometry":{"type":"LineString","coordinates":[[-71.30986,10.18841],[-71.22368,10.23783]]}},{"type":"Feature","id":"way/190793558","properties":{"name":"Distribuidor Pompeyo Davalillo","highway":"trunk_link"},"geometry":{"type":"LineString","coordinates":[[-71.22158,10.24037],[-71.22368,10.23783]]}},{"type":"Feature","id":"way/190795299","properties":{"name":"Avenida 34","highway":"tertiary"},"geometry":{"type":"LineString","coordinates":[[-71.29985,10.19431],[-71.3108,10.21316]]}},{"type":"Feature","id":"way/190809125","properties":{"name":"Avenida Principal Tamare","highway":"tertiary"},"geometry":{"type":"LineString","coordinates":[[-71.33921,10.22698],[-71.34516,10.22017]]}},{"type":"Feature","id":"way/190809190","properties":{"highway":"primary_link"},"geometry":{"type":"LineString","coordinates":[[-71.34457,10.22054],[-71.34543,10.22062]]}},{"type":"Feature","id":"way/190809422","properties":{"highway":"primary_link"},"geometry":{"type":"LineString","coordinates":[[-71.34482,10.21967],[-71.34473,10.22029]]}},{"type":"Feature","id":"way/190811372","properties":{"highway":"primary_link"},"geometry":{"type":"LineString","coordinates":[[-71.30953,10.18819],[-71.30965,10.18866]]}},{"type":"Feature","id":"way/190811585","properties":{"highway":"primary_link"},"geometry":{"type":"LineString","coordinates":[[-71.30965,10.18866],[-71.31017,10.18858]]}},{"type":"Feature","id":"way/191104742","properties":{"name":"Avenida Crist\u00f3bal Col\u00f3n","highway":"tertiary"},"geometry":{"type":"LineString","coordinates":[[-71.33925,10.22693],[-71.32337,10.20742]]}},{"type":"Feature","id":"way/193255811","properties":{"highway":"tertiary"},"geometry":{"type":"LineString","coordinates":[[-71.44966,10.38998],[-71.44934,10.3897]]}},{"type":"Feature","id":"way/201243057","properties":{"highway":"tertiary"},"geometry":{"type":"LineString","coordinates":[[-71.29846,10.2187],[-71.29796,10.21948],[-71.29888,10.22061],[-71.30005,10.21908],[-71.29846,10.2187]]}},{"type":"Feature","id":"way/201243058","properties":{"highway":"tertiary"},"geometry":{"type":"LineString","coordinates":[[-71.29846,10.2187],[-71.29823,10.21864]]}},{"type":"Feature","id":"way/201608462","properties":{"name":"Avenida 3","highway":"tertiary"},"geometry":{"type":"LineString","coordinates":[[-71.60588,10.64342],[-71.60554,10.64496]]}},{"type":"Feature","id":"way/232547479","properties":{"highway":"primary_link"},"geometry":{"type":"LineString","coordinates":[[-71.52016,10.53775],[-71.52033,10.53763]]}},{"type":"Feature","id":"way/232547551","properties":{"highway":"primary_link"},"geometry":{"type":"LineString","coordinates":[[-71.51954,10.53698],[-71.51976,10.53683]]}},{"type":"Feature","id":"way/240566845","properties":{"highway":"trunk_link"},"geometry":{"type":"LineString","coordinates":[[-72.49171,10.07357],[-72.49265,10.07231]]}},{"type":"Feature","id":"way/240567610","properties":{"highway":"trunk_link","ref":"T-6"},"geometry":{"type":"LineString","coordinates":[[-72.49288,10.07228],[-72.49146,10.07149]]}},{"type":"Feature","id":"way/240567954","properties":{"name":"Corredor Vial Virgen del Carmen","highway":"primary"},"geometry":{"type":"LineString","coordinates":[[-72.49157,10.07246],[-72.49288,10.07228]]}},{"type":"Feature","id":"way/240567955","properties":{"name":"Corredor Vial Virgen del Carmen","highway":"primary"},"geometry":{"type":"LineString","coordinates":[[-72.49288,10.07228],[-72.50334,10.07034],[-72.51022,10.07097]]}},{"type":"Feature","id":"way/240568728","properties":{"name":"Corredor Vial Virgen del Carmen","highway":"primary"},"geometry":{"type":"LineString","coordinates":[[-72.51022,10.07097],[-72.5148,10.07208],[-72.53454,10.06166]]}},{"type":"Feature","id":"way/240569451","properties":{"name":"Corredor Vial Virgen del Carmen","highway":"primary"},"geometry":{"type":"LineString","coordinates":[[-72.53454,10.06166],[-72.51464,10.072],[-72.51022,10.07097]]}},{"type":"Feature","id":"way/240569453","properties":{"name":"Avenida Santa Teresa","highway":"tertiary"},"geometry":{"type":"LineString","coordinates":[[-72.53458,10.06164],[-72.54075,10.05925]]}},{"type":"Feature","id":"way/240570156","properties":{"name":"Avenida Santa Teresa","highway":"tertiary"},"geometry":{"type":"LineString","coordinates":[[-72.54075,10.05925],[-72.55781,10.05987]]}},{"type":"Feature","id":"way/241189345","properties":{"name":"Avenida 5","highway":"tertiary","ref":"R-9"},"geometry":{"type":"LineString","coordinates":[[-71.51643,10.72614],[-71.51503,10.7289]]}},{"type":"Feature","id":"way/241189346","properties":{"name":"Avenida 5","highway":"tertiary","ref":"R-9"},"geometry":{"type":"LineString","coordinates":[[-71.51643,10.72614],[-71.5226,10.7142]]}},{"type":"Feature","id":"way/255831911","properties":{"name":"Avenida El Milagro","highway":"secondary","ref":"R-72"},"geometry":{"type":"LineString","coordinates":[[-71.59505,10.66083],[-71.59158,10.66831],[-71.59123,10.67385],[-71.59314,10.68063],[-71.59836,10.68741]]}},{"type":"Feature","id":"way/257074127","properties":{"name":"Eje Rural Fronterizo","highway":"tertiary","ref":"L-1"},"geometry":{"type":"LineString","coordinates":[[-72.06927,11.35597],[-72.07336,11.35142],[-72.08406,11.34787],[-72.09088,11.34062],[-72.10623,11.33181],[-72.10989,11.32394],[-72.11907,11.30993],[-72.1234,11.30026],[-72.12529,11.2893],[-72.12526,11.25579],[-72.12609,11.24577],[-72.13196,11.24167],[-72.14128,11.23164],[-72.14582,11.22827],[-72.15937,11.22476],[-72.17211,11.2256],[-72.19265,11.20333],[-72.19883,11.19367],[-72.19867,11.18817]]}},{"type":"Feature","id":"way/257078761","properties":{"name":"Eje Rural Fronterizo","highway":"secondary","ref":"L-1"},"geometry":{"type":"LineString","coordinates":[[-72.06002,11.06357],[-72.057,11.06091],[-72.04377,11.05419],[-72.03401,11.05335],[-72.01901,11.04753],[-72.01159,11.03725],[-72.00867,11.03609]]}},{"type":"Feature","id":"way/257078773","properties":{"name":"Eje Rural Fronterizo","highway":"tertiary","ref":"L-1"},"geometry":{"type":"LineString","coordinates":[[-72.06002,11.06357],[-72.06486,11.06975],[-72.06793,11.08045],[-72.06886,11.08904],[-72.07081,11.09235],[-72.07261,11.09359],[-72.0798,11.09542],[-72.08235,11.09504],[-72.08819,11.08959],[-72.09789,11.08692],[-72.10735,11.07817],[-72.11046,11.07851],[-72.123,11.08774],[-72.12456,11.09342],[-72.1298,11.10031],[-72.1301,11.11138],[-72.13151,11.11454],[-72.14321,11.12536],[-72.14817,11.13322],[-72.16014,11.13659],[-72.18323,11.14844],[-72.1946,11.15082],[-72.20833,11.15706],[-72.21926,11.15705],[-72.22561,11.16596],[-72.22664,11.1706],[-72.22409,11.1758],[-72.20606,11.18568],[-72.19867,11.18817]]}},{"type":"Feature","id":"way/260549711","properties":{"highway":"tertiary"},"geometry":{"type":"LineString","coordinates":[[-71.32917,10.21523],[-71.32483,10.21763]]}},{"type":"Feature","id":"way/260668408","properties":{"highway":"tertiary"},"geometry":{"type":"LineString","coordinates":[[-71.32483,10.21763],[-71.31627,10.22255]]}},{"type":"Feature","id":"way/263889273","properties":{"name":"Carretera Santa Mar\u00eda - San Antonio","highway":"tertiary","ref":"R-40"},"geometry":{"type":"LineString","coordinates":[[-71.30862,9.09831],[-71.30646,9.09679],[-71.2992,9.09536],[-71.29155,9.09506],[-71.28918,9.0953],[-71.28343,9.09919],[-71.28006,9.10535],[-71.28266,9.11475],[-71.27945,9.12235],[-71.27418,9.12387]]}},{"type":"Feature","id":"way/264185486","properties":{"highway":"tertiary"},"geometry":{"type":"LineString","coordinates":[[-71.30056,10.21899],[-71.30001,10.21896]]}},{"type":"Feature","id":"way/264235002","properties":{"name":"Avenida Intercomunal","highway":"primary","ref":"L-3"},"geometry":{"type":"LineString","coordinates":[[-71.34979,10.22741],[-71.33475,10.20345],[-71.3042,10.1848],[-71.30034,10.18055]]}},{"type":"Feature","id":"way/264235003","properties":{"name":"Avenida Intercomunal","highway":"primary","ref":"L-3"},"geometry":{"type":"LineString","coordinates":[[-71.3499,10.22778],[-71.37675,10.27079],[-71.4044,10.30948],[-71.40623,10.3286],[-71.41958,10.34882],[-71.42979,10.36043],[-71.43414,10.36699],[-71.43561,10.38297],[-71.46337,10.42969],[-71.46277,10.43321],[-71.45744,10.43879],[-71.45326,10.44577]]}},{"type":"Feature","id":"way/264235004","properties":{"name":"Avenida Intercomunal","highway":"primary","ref":"L-3"},"geometry":{"type":"LineString","coordinates":[[-71.34973,10.22749],[-71.3499,10.22778]]}},{"type":"Feature","id":"way/264235005","properties":{"name":"Avenida Intercomunal","highway":"primary","ref":"L-3"},"geometry":{"type":"LineString","coordinates":[[-71.34997,10.22771],[-71.34979,10.22741]]}},{"type":"Feature","id":"way/264235909","properties":{"name":"Gran Autopista de Occidente","highway":"trunk","ref":"T-17"},"geometry":{"type":"LineString","coordinates":[[-71.39611,10.43797],[-71.37437,10.41229],[-71.34085,10.38518]]}},{"type":"Feature","id":"way/264235911","properties":{"name":"Carretera H","highway":"primary"},"geometry":{"type":"LineString","coordinates":[[-71.39882,10.43613],[-71.40971,10.42979],[-71.41116,10.42619],[-71.44892,10.40462]]}},{"type":"Feature","id":"way/264235918","properties":{"name":"Distribuidor San Benito","highway":"trunk_link"},"geometry":{"type":"LineString","coordinates":[[-71.39564,10.43841],[-71.39431,10.43819],[-71.3954,10.43754]]}},{"type":"Feature","id":"way/264236967","properties":{"name":"Distribuidor San Francisco","highway":"trunk_link"},"geometry":{"type":"LineString","coordinates":[[-71.61685,10.57276],[-71.618,10.57274],[-71.61747,10.57366]]}},{"type":"Feature","id":"way/264237572","properties":{"name":"Elevado de Las Delicias","highway":"primary","ref":"R-16"},"geometry":{"type":"LineString","coordinates":[[-71.61975,10.65142],[-71.61956,10.65266]]}},{"type":"Feature","id":"way/264519401","properties":{"name":"Distribuidor Pompeyo Davalillo","highway":"trunk_link"},"geometry":{"type":"LineString","coordinates":[[-71.22325,10.23804],[-71.22048,10.23856]]}},{"type":"Feature","id":"way/265516840","properties":{"highway":"trunk_link"},"geometry":{"type":"LineString","coordinates":[[-70.99331,10.07198],[-70.99118,10.07277]]}},{"type":"Feature","id":"way/297808986","properties":{"highway":"primary_link"},"geometry":{"type":"LineString","coordinates":[[-71.62849,10.64935],[-71.62856,10.64891]]}},{"type":"Feature","id":"way/297808987","properties":{"highway":"primary_link"},"geometry":{"type":"LineString","coordinates":[[-71.62813,10.64919],[-71.62849,10.64935]]}},{"type":"Feature","id":"way/300714298","properties":{"name":"Avenida Artes","highway":"tertiary"},"geometry":{"type":"LineString","coordinates":[[-72.55541,10.05875],[-72.53875,10.05814]]}},{"type":"Feature","id":"way/300719204","properties":{"name":"Calle La Granja","highway":"tertiary"},"geometry":{"type":"LineString","coordinates":[[-72.56237,10.06424],[-72.56246,10.0603]]}},{"type":"Feature","id":"way/300722545","properties":{"name":"Carretera Negra Larga","highway":"tertiary"},"geometry":{"type":"LineString","coordinates":[[-72.55899,10.04859],[-72.55028,10.04356],[-72.54768,10.0455]]}},{"type":"Feature","id":"way/300722546","properties":{"name":"Carrera 5","highway":"tertiary"},"geometry":{"type":"LineString","coordinates":[[-72.55899,10.04859],[-72.56788,10.04932]]}},{"type":"Feature","id":"way/300879612","properties":{"name":"Calle 21A","highway":"tertiary","ref":"R-25"},"geometry":{"type":"LineString","coordinates":[[-72.56245,10.05451],[-72.56279,10.05429]]}},{"type":"Feature","id":"way/300987926","properties":{"name":"V\u00eda a Tucuco","highway":"tertiary","ref":"R-25"},"geometry":{"type":"LineString","coordinates":[[-72.56279,10.05429],[-72.56788,10.04932]]}},{"type":"Feature","id":"way/301077532","properties":{"name":"V\u00eda a La Pastora","highway":"tertiary"},"geometry":{"type":"LineString","coordinates":[[-72.53458,10.06164],[-72.534,10.0606],[-72.52798,10.05828],[-72.52042,10.05908],[-72.51444,10.0559],[-72.50808,10.05528]]}},{"type":"Feature","id":"way/301080613","properties":{"highway":"tertiary"},"geometry":{"type":"LineString","coordinates":[[-72.50808,10.05528],[-72.50882,10.05239]]}},{"type":"Feature","id":"way/301080629","properties":{"name":"Via a La Pastora","highway":"tertiary"},"geometry":{"type":"LineString","coordinates":[[-72.50275,10.05121],[-72.49399,10.05017],[-72.48888,10.05098]]}},{"type":"Feature","id":"way/301085271","properties":{"highway":"trunk_link"},"geometry":{"type":"LineString","coordinates":[[-72.48727,10.05436],[-72.48941,10.05523]]}},{"type":"Feature","id":"way/301085272","properties":{"highway":"trunk_link"},"geometry":{"type":"LineString","coordinates":[[-72.48912,10.05293],[-72.48727,10.05436]]}},{"type":"Feature","id":"way/301085273","properties":{"name":"Via a San Jos\u00e9 de Perij\u00e1","highway":"secondary","ref":"R-26"},"geometry":{"type":"LineString","coordinates":[[-72.48927,10.05409],[-72.48603,10.05439],[-72.47698,10.04995],[-72.46416,10.05028],[-72.45836,10.04656],[-72.44175,10.03928],[-72.43903,10.04066],[-72.42976,10.04972],[-72.4188,10.04912],[-72.41731,10.04645],[-72.41704,10.03585],[-72.40692,10.01835]]}},{"type":"Feature","id":"way/301925806","properties":{"highway":"primary_link"},"geometry":{"type":"LineString","coordinates":[[-71.64169,10.66357],[-71.64176,10.66387]]}},{"type":"Feature","id":"way/301925807","properties":{"highway":"primary_link"},"geometry":{"type":"LineString","coordinates":[[-71.64183,10.66392],[-71.64214,10.66387]]}},{"type":"Feature","id":"way/307218036","properties":{"name":"Carretera Regional La Ca\u00f1ada - Barranquitas","highway":"secondary","ref":"L-4"},"geometry":{"type":"LineString","coordinates":[[-72.04112,10.17213],[-72.04173,10.17404],[-72.04106,10.17511],[-71.99729,10.2047],[-71.99125,10.23038],[-71.98112,10.26675],[-71.97794,10.27462]]}},{"type":"Feature","id":"way/307218557","properties":{"name":"Carretera Regional La Ca\u00f1ada - Barranquitas","highway":"secondary","ref":"L-4"},"geometry":{"type":"LineString","coordinates":[[-71.97794,10.27462],[-71.97767,10.27474]]}},{"type":"Feature","id":"way/307218788","properties":{"name":"Carretera Regional La Ca\u00f1ada - Barranquitas","highway":"secondary","ref":"L-4"},"geometry":{"type":"LineString","coordinates":[[-71.97767,10.27474],[-71.97159,10.28164],[-71.96585,10.28326],[-71.95791,10.28259],[-71.95285,10.28644],[-71.93774,10.27704],[-71.92431,10.27425],[-71.91737,10.27489],[-71.89968,10.2692],[-71.88751,10.26689],[-71.86436,10.2594],[-71.86176,10.25726],[-71.85742,10.25061],[-71.84265,10.24706],[-71.82553,10.26102],[-71.82377,10.26347],[-71.80582,10.30622],[-71.80222,10.30852],[-71.79687,10.32445],[-71.78632,10.33653],[-71.78413,10.34518],[-71.75331,10.37409]]}},{"type":"Feature","id":"way/310645728","properties":{"name":"Distribuidor San Francisco","highway":"trunk_link"},"geometry":{"type":"LineString","coordinates":[[-71.61541,10.57351],[-71.61542,10.57325]]}},{"type":"Feature","id":"way/315397554","properties":{"name":"Avenida Miraflores","highway":"tertiary"},"geometry":{"type":"LineString","coordinates":[[-71.46706,10.3935],[-71.46477,10.39181],[-71.44991,10.39001]]}},{"type":"Feature","id":"way/315397555","properties":{"highway":"tertiary"},"geometry":{"type":"LineString","coordinates":[[-71.44934,10.3897],[-71.44966,10.38998]]}},{"type":"Feature","id":"way/315400085","properties":{"name":"Avenida Las Cabillas","highway":"tertiary"},"geometry":{"type":"LineString","coordinates":[[-71.44693,10.38951],[-71.44142,10.38849],[-71.43972,10.38709]]}},{"type":"Feature","id":"way/315400086","properties":{"name":"Avenida Miraflores","highway":"tertiary"},"geometry":{"type":"LineString","coordinates":[[-71.44961,10.39012],[-71.44991,10.39001]]}},{"type":"Feature","id":"way/315400087","properties":{"name":"Carretera J","highway":"tertiary"},"geometry":{"type":"LineString","coordinates":[[-71.44879,10.39007],[-71.44919,10.39023]]}},{"type":"Feature","id":"way/315400088","properties":{"name":"Avenida Miraflores","highway":"tertiary"},"geometry":{"type":"LineString","coordinates":[[-71.44991,10.39001],[-71.44977,10.38972]]}},{"type":"Feature","id":"way/315400089","properties":{"name":"Carretera J","highway":"tertiary"},"geometry":{"type":"LineString","coordinates":[[-71.44879,10.39007],[-71.42519,10.40353]]}},{"type":"Feature","id":"way/316952374","properties":{"name":"Carretera Nacional Machiques - La Fr\u00eda","highway":"trunk","ref":"T-6"},"geometry":{"type":"LineString","coordinates":[[-72.34639,8.52998],[-72.34417,8.52933]]}},{"type":"Feature","id":"way/316952375","properties":{"name":"Carretera Nacional Machiques - La Fr\u00eda","highway":"trunk","ref":"T-6"},"geometry":{"type":"LineString","coordinates":[[-72.34149,8.52852],[-72.33877,8.52738],[-72.33769,8.52507],[-72.34352,8.50527]]}},{"type":"Feature","id":"way/323559058","properties":{"name":"Avenida Andr\u00e9s Bello","highway":"tertiary"},"geometry":{"type":"LineString","coordinates":[[-71.47406,10.40008],[-71.47448,10.39825]]}},{"type":"Feature","id":"way/323559059","properties":{"name":"Avenida Andr\u00e9s Bello","highway":"tertiary"},"geometry":{"type":"LineString","coordinates":[[-71.47305,10.40257],[-71.46656,10.41708],[-71.46619,10.42767],[-71.46417,10.43213]]}},{"type":"Feature","id":"way/323568455","properties":{"highway":"primary_link"},"geometry":{"type":"LineString","coordinates":[[-71.43538,10.38312],[-71.43576,10.38324]]}},{"type":"Feature","id":"way/323568456","properties":{"highway":"primary_link"},"geometry":{"type":"LineString","coordinates":[[-71.43589,10.38322],[-71.43596,10.38278]]}},{"type":"Feature","id":"way/323568458","properties":{"highway":"tertiary"},"geometry":{"type":"LineString","coordinates":[[-71.43889,10.38767],[-71.43972,10.38709]]}},{"type":"Feature","id":"way/323568460","properties":{"name":"Avenida Las Cabillas","highway":"tertiary"},"geometry":{"type":"LineString","coordinates":[[-71.43972,10.38709],[-71.4373,10.38475]]}},{"type":"Feature","id":"way/323570325","properties":{"name":"Avenida 32","highway":"tertiary"},"geometry":{"type":"LineString","coordinates":[[-71.42761,10.38263],[-71.42339,10.37533]]}},{"type":"Feature","id":"way/332320391","properties":{"name":"Avenida Circunvalaci\u00f3n 3","highway":"secondary","ref":"R-79"},"geometry":{"type":"LineString","coordinates":[[-71.6865,10.67469],[-71.6853,10.66934],[-71.68311,10.66575],[-71.67838,10.65216]]}},{"type":"Feature","id":"way/332320401","properties":{"name":"Avenida Circunvalaci\u00f3n 3","highway":"secondary","ref":"R-79"},"geometry":{"type":"LineString","coordinates":[[-71.67825,10.6518],[-71.67624,10.64763]]}},{"type":"Feature","id":"way/332474630","properties":{"highway":"tertiary"},"geometry":{"type":"LineString","coordinates":[[-71.65541,10.72942],[-71.65539,10.72148],[-71.65075,10.71529]]}},{"type":"Feature","id":"way/332489445","properties":{"highway":"secondary","ref":"R-79"},"geometry":{"type":"LineString","coordinates":[[-71.69645,10.69172],[-71.69626,10.69379],[-71.69059,10.70117],[-71.68954,10.705],[-71.68682,10.70813],[-71.69129,10.72401]]}},{"type":"Feature","id":"way/333326588","properties":{"highway":"tertiary"},"geometry":{"type":"LineString","coordinates":[[-71.70909,10.696],[-71.71382,10.68956],[-71.71386,10.6859],[-71.70955,10.68385],[-71.70631,10.67822]]}},{"type":"Feature","id":"way/334066339","properties":{"highway":"tertiary"},"geometry":{"type":"LineString","coordinates":[[-71.6201,10.55831],[-71.62001,10.55829]]}},{"type":"Feature","id":"way/348020198","properties":{"highway":"primary_link"},"geometry":{"type":"LineString","coordinates":[[-71.68161,10.41612],[-71.68157,10.41587]]}},{"type":"Feature","id":"way/348061207","properties":{"highway":"tertiary","ref":"R-17"},"geometry":{"type":"LineString","coordinates":[[-72.31081,10.32253],[-72.3107,10.33667]]}},{"type":"Feature","id":"way/348071692","properties":{"highway":"tertiary","ref":"T-6"},"geometry":{"type":"LineString","coordinates":[[-72.33869,10.31179],[-72.33876,10.31158]]}},{"type":"Feature","id":"way/348678203","properties":{"name":"Carretera Nacional Paraguaipoa - Paraguach\u00f3n","highway":"trunk","ref":"T-6;L-5"},"geometry":{"type":"LineString","coordinates":[[-72.06927,11.35597],[-72.05429,11.36158],[-72.04171,11.36325],[-72.03363,11.36594],[-72.02191,11.36665],[-71.98771,11.35635]]}},{"type":"Feature","id":"way/351957397","properties":{"highway":"tertiary","ref":"R-11"},"geometry":{"type":"LineString","coordinates":[[-71.44761,10.78629],[-71.45162,10.78942],[-71.46668,10.79057],[-71.4701,10.79324],[-71.47362,10.79402],[-71.5066,10.79496],[-71.51244,10.79609],[-71.52521,10.79549]]}},{"type":"Feature","id":"way/353371026","properties":{"highway":"secondary","ref":"L-1"},"geometry":{"type":"LineString","coordinates":[[-72.00492,11.0313],[-72.00629,11.03469]]}},{"type":"Feature","id":"way/353536350","properties":{"highway":"primary_link"},"geometry":{"type":"LineString","coordinates":[[-71.69265,10.66891],[-71.69277,10.66861]]}},{"type":"Feature","id":"way/353714794","properties":{"name":"Carretera Regional Santa B\u00e1rbara - El Vig\u00eda","highway":"primary","ref":"L-2"},"geometry":{"type":"LineString","coordinates":[[-71.74231,8.76296],[-71.75321,8.78754],[-71.78596,8.81181],[-71.8231,8.84839],[-71.84588,8.85881],[-71.86801,8.88039],[-71.87136,8.89674],[-71.89474,8.96356]]}},{"type":"Feature","id":"way/353732275","properties":{"name":"Carretera Caracol\u00ed - El Abanico","highway":"secondary","ref":"R-34"},"geometry":{"type":"LineString","coordinates":[[-71.73482,8.77172],[-71.74231,8.76296]]}},{"type":"Feature","id":"way/353732277","properties":{"name":"Carretera Caracol\u00ed - El Abanico","highway":"secondary","ref":"R-34"},"geometry":{"type":"LineString","coordinates":[[-71.73468,8.77193],[-71.73482,8.77172]]}},{"type":"Feature","id":"way/353732278","properties":{"name":"Eje Agr\u00edcola de El Castillo","highway":"tertiary"},"geometry":{"type":"LineString","coordinates":[[-71.75492,8.74567],[-71.75502,8.7456]]}},{"type":"Feature","id":"way/353732288","properties":{"name":"Eje Agr\u00edcola de El Castillo","highway":"tertiary"},"geometry":{"type":"LineString","coordinates":[[-71.75502,8.7456],[-71.75787,8.7401]]}},{"type":"Feature","id":"way/355555106","properties":{"name":"Avenida Circunvalaci\u00f3n 2","highway":"trunk","ref":"T-6"},"geometry":{"type":"LineString","coordinates":[[-71.62915,10.59592],[-71.64241,10.59618]]}},{"type":"Feature","id":"way/356684238","properties":{"name":"Avenida Sabaneta","highway":"primary","ref":"R-72"},"geometry":{"type":"LineString","coordinates":[[-71.62379,10.63866],[-71.61948,10.63956]]}},{"type":"Feature","id":"way/356684243","properties":{"name":"Avenida Don Manuel Belloso","highway":"primary","ref":"R-72"},"geometry":{"type":"LineString","coordinates":[[-71.64162,10.62972],[-71.65095,10.62581],[-71.65814,10.62413]]}},{"type":"Feature","id":"way/356684246","properties":{"name":"Avenida Sabaneta","highway":"primary","ref":"R-72"},"geometry":{"type":"LineString","coordinates":[[-71.6414,10.62962],[-71.63616,10.63135],[-71.6279,10.63768],[-71.62439,10.63857]]}},{"type":"Feature","id":"way/356684252","properties":{"name":"Avenida Sabaneta","highway":"primary","ref":"R-72"},"geometry":{"type":"LineString","coordinates":[[-71.62039,10.63965],[-71.62225,10.63907]]}},{"type":"Feature","id":"way/359375043","properties":{"name":"Avenida Circunvalaci\u00f3n 2","highway":"trunk","ref":"T-6"},"geometry":{"type":"LineString","coordinates":[[-71.65653,10.60657],[-71.6545,10.60306],[-71.64903,10.59821],[-71.64353,10.5961]]}},{"type":"Feature","id":"way/359376698","properties":{"name":"Calle 98","highway":"tertiary"},"geometry":{"type":"LineString","coordinates":[[-71.6526,10.63336],[-71.6435,10.63175]]}},{"type":"Feature","id":"way/360134702","properties":{"name":"Avenida 21","highway":"tertiary"},"geometry":{"type":"LineString","coordinates":[[-71.65298,10.6289],[-71.6526,10.63336]]}},{"type":"Feature","id":"way/360134703","properties":{"name":"Avenida 21","highway":"tertiary"},"geometry":{"type":"LineString","coordinates":[[-71.65299,10.62877],[-71.65298,10.6289]]}},{"type":"Feature","id":"way/361580085","properties":{"name":"Calle 83","highway":"tertiary"},"geometry":{"type":"LineString","coordinates":[[-71.65384,10.6624],[-71.662,10.66501],[-71.66489,10.66736]]}},{"type":"Feature","id":"way/361585115","properties":{"name":"Calle 115","highway":"secondary"},"geometry":{"type":"LineString","coordinates":[[-71.64747,10.59945],[-71.64402,10.60552]]}},{"type":"Feature","id":"way/361616146","properties":{"highway":"tertiary"},"geometry":{"type":"LineString","coordinates":[[-71.65224,10.62763],[-71.65174,10.62586]]}},{"type":"Feature","id":"way/361616149","properties":{"name":"Avenida 20B","highway":"tertiary"},"geometry":{"type":"LineString","coordinates":[[-71.65201,10.62318],[-71.65027,10.62393]]}},{"type":"Feature","id":"way/361618010","properties":{"name":"Avenida Circunvalaci\u00f3n 2","highway":"trunk","ref":"T-6"},"geometry":{"type":"LineString","coordinates":[[-71.66062,10.61466],[-71.66407,10.62309],[-71.66359,10.64526],[-71.66241,10.64812],[-71.65581,10.65652],[-71.65054,10.66999]]}},{"type":"Feature","id":"way/362847592","properties":{"name":"Calle 32","highway":"tertiary"},"geometry":{"type":"LineString","coordinates":[[-71.65079,10.71427],[-71.65366,10.71228]]}},{"type":"Feature","id":"way/363963243","properties":{"name":"Avenida 5","highway":"tertiary"},"geometry":{"type":"LineString","coordinates":[[-71.61031,10.69691],[-71.6092,10.70109]]}},{"type":"Feature","id":"way/370585641","properties":{"name":"Carretera Nacional Machiques - La Fr\u00eda","highway":"trunk","ref":"T-6"},"geometry":{"type":"LineString","coordinates":[[-72.61262,8.71245],[-72.61068,8.71092]]}},{"type":"Feature","id":"way/370759837","properties":{"name":"Avenida 5 de Julio","highway":"secondary"},"geometry":{"type":"LineString","coordinates":[[-71.64838,10.6777],[-71.63542,10.67077],[-71.62989,10.66472],[-71.62497,10.6628],[-71.59737,10.66807],[-71.59293,10.66641]]}},{"type":"Feature","id":"way/370759838","properties":{"name":"Avenida 108A","highway":"primary","ref":"R-4"},"geometry":{"type":"LineString","coordinates":[[-71.67785,10.68808],[-71.68366,10.67749],[-71.68642,10.67475]]}},{"type":"Feature","id":"way/370759839","properties":{"name":"Avenida 91","highway":"tertiary"},"geometry":{"type":"LineString","coordinates":[[-71.67774,10.68803],[-71.67533,10.69218]]}},{"type":"Feature","id":"way/370759840","properties":{"name":"Avenida Circunvalaci\u00f3n 4","highway":"secondary","ref":"R-75"},"geometry":{"type":"LineString","coordinates":[[-71.7324,10.65677],[-71.73661,10.66302],[-71.74608,10.68381],[-71.7604,10.70979]]}},{"type":"Feature","id":"way/370759842","properties":{"name":"Distribuidor Ricardo Aguirre","highway":"trunk_link"},"geometry":{"type":"LineString","coordinates":[[-71.64783,10.6776],[-71.6469,10.68036]]}},{"type":"Feature","id":"way/370759850","properties":{"highway":"tertiary"},"geometry":{"type":"LineString","coordinates":[[-71.67785,10.68808],[-71.67898,10.68879]]}},{"type":"Feature","id":"way/370759851","properties":{"highway":"secondary","ref":"R-79"},"geometry":{"type":"LineString","coordinates":[[-71.68642,10.67475],[-71.6867,10.67575]]}},{"type":"Feature","id":"way/370759855","properties":{"highway":"primary_link"},"geometry":{"type":"LineString","coordinates":[[-71.62411,10.70808],[-71.62439,10.70829]]}},{"type":"Feature","id":"way/370759859","properties":{"highway":"primary_link"},"geometry":{"type":"LineString","coordinates":[[-71.68619,10.67404],[-71.68616,10.67483]]}},{"type":"Feature","id":"way/370759860","properties":{"highway":"primary_link"},"geometry":{"type":"LineString","coordinates":[[-71.68665,10.67437],[-71.68637,10.67431]]}},{"type":"Feature","id":"way/370770611","properties":{"name":"Calle 72","highway":"tertiary"},"geometry":{"type":"LineString","coordinates":[[-71.59281,10.67975],[-71.59431,10.67919]]}},{"type":"Feature","id":"way/370770615","properties":{"name":"Calle 72","highway":"tertiary"},"geometry":{"type":"LineString","coordinates":[[-71.59431,10.67919],[-71.59279,10.67968]]}},{"type":"Feature","id":"way/370784061","properties":{"name":"Avenida Circunvalaci\u00f3n 2","highway":"trunk","ref":"T-6"},"geometry":{"type":"LineString","coordinates":[[-71.6433,10.5962],[-71.64817,10.59771],[-71.65412,10.60281],[-71.66058,10.61459]]}},{"type":"Feature","id":"way/370784098","properties":{"highway":"tertiary"},"geometry":{"type":"LineString","coordinates":[[-71.70638,10.6778],[-71.70976,10.67274],[-71.71034,10.6684]]}},{"type":"Feature","id":"way/370784147","properties":{"highway":"tertiary"},"geometry":{"type":"LineString","coordinates":[[-71.66443,10.54343],[-71.66378,10.54344]]}},{"type":"Feature","id":"way/370784152","properties":{"name":"Calle 169","highway":"tertiary"},"geometry":{"type":"LineString","coordinates":[[-71.66904,10.56584],[-71.66645,10.56317],[-71.66228,10.56151]]}},{"type":"Feature","id":"way/370784162","properties":{"name":"Avenida 49","highway":"tertiary"},"geometry":{"type":"LineString","coordinates":[[-71.6613,10.54783],[-71.65818,10.55505]]}},{"type":"Feature","id":"way/370784191","properties":{"name":"Calle 114B","highway":"tertiary"},"geometry":{"type":"LineString","coordinates":[[-71.62041,10.61744],[-71.62313,10.61815]]}},{"type":"Feature","id":"way/370784247","properties":{"highway":"tertiary"},"geometry":{"type":"LineString","coordinates":[[-71.61597,10.61617],[-71.61447,10.61171]]}},{"type":"Feature","id":"way/370784257","properties":{"name":"Carretera Nacional V\u00eda a Perij\u00e1","highway":"trunk","ref":"T-6"},"geometry":{"type":"LineString","coordinates":[[-71.65244,10.58422],[-71.65253,10.58145]]}},{"type":"Feature","id":"way/370784331","properties":{"highway":"tertiary"},"geometry":{"type":"LineString","coordinates":[[-71.70631,10.67822],[-71.70638,10.6778]]}},{"type":"Feature","id":"way/370784360","properties":{"name":"Calle 115","highway":"tertiary"},"geometry":{"type":"LineString","coordinates":[[-71.65237,10.58419],[-71.65161,10.5861]]}},{"type":"Feature","id":"way/370784419","properties":{"highway":"tertiary"},"geometry":{"type":"LineString","coordinates":[[-71.66228,10.56151],[-71.65594,10.56094]]}},{"type":"Feature","id":"way/370784423","properties":{"name":"Calle 94G v\u00eda a la Rinconada","highway":"tertiary"},"geometry":{"type":"LineString","coordinates":[[-71.74417,10.68003],[-71.72827,10.67206],[-71.72348,10.67184],[-71.72089,10.66894],[-71.71691,10.66872]]}},{"type":"Feature","id":"way/370785879","properties":{"highway":"tertiary"},"geometry":{"type":"LineString","coordinates":[[-71.66508,10.53182],[-71.6505,10.53114]]}},{"type":"Feature","id":"way/374041006","properties":{"name":"V\u00eda a El Batey","highway":"tertiary"},"geometry":{"type":"LineString","coordinates":[[-71.08323,9.14423],[-71.08439,9.14848],[-71.08749,9.14994]]}},{"type":"Feature","id":"way/374647377","properties":{"name":"Carretera La Culebra","highway":"tertiary","ref":"R-17"},"geometry":{"type":"LineString","coordinates":[[-72.3052,10.34231],[-72.30399,10.33768],[-72.29772,10.33346]]}},{"type":"Feature","id":"way/374648061","properties":{"highway":"tertiary","ref":"R-17"},"geometry":{"type":"LineString","coordinates":[[-72.3107,10.33667],[-72.3052,10.34231]]}},{"type":"Feature","id":"way/374650057","properties":{"highway":"tertiary","ref":"T-6"},"geometry":{"type":"LineString","coordinates":[[-72.33845,10.31208],[-72.33117,10.32103],[-72.32272,10.32203]]}},{"type":"Feature","id":"way/376613187","properties":{"highway":"tertiary","ref":"T-6;R-17"},"geometry":{"type":"LineString","coordinates":[[-72.31081,10.32253],[-72.30707,10.32429]]}},{"type":"Feature","id":"way/377980703","properties":{"name":"Gran Autopista de Occidente","highway":"trunk","ref":"T-17"},"geometry":{"type":"LineString","coordinates":[[-71.3936,10.43571],[-71.42302,10.47392],[-71.50422,10.57027]]}},{"type":"Feature","id":"way/377981408","properties":{"name":"Distribuidor San Francisco","highway":"trunk_link"},"geometry":{"type":"LineString","coordinates":[[-71.61542,10.57325],[-71.61502,10.57341]]}},{"type":"Feature","id":"way/377983543","properties":{"name":"Carretera Falc\u00f3n - Zulia","highway":"trunk","ref":"T-3"},"geometry":{"type":"LineString","coordinates":[[-71.50278,10.57423],[-71.49809,10.57442],[-71.48831,10.57707]]}},{"type":"Feature","id":"way/377983544","properties":{"name":"Distribuidor Falc\u00f3n - Zulia","highway":"trunk_link"},"geometry":{"type":"LineString","coordinates":[[-71.50418,10.5743],[-71.50633,10.5731]]}},{"type":"Feature","id":"way/377983545","properties":{"name":"Carretera Falc\u00f3n - Zulia","highway":"trunk","ref":"T-3"},"geometry":{"type":"LineString","coordinates":[[-71.48831,10.57707],[-71.4913,10.57692],[-71.4981,10.57446],[-71.50418,10.5743]]}},{"type":"Feature","id":"way/377999495","properties":{"name":"Carretera Trujillo - Zulia","highway":"trunk","ref":"L-3"},"geometry":{"type":"LineString","coordinates":[[-70.87484,9.82952],[-70.8721,9.81118],[-70.86401,9.7971],[-70.86012,9.79319],[-70.83816,9.77956]]}},{"type":"Feature","id":"way/378001968","properties":{"name":"Calle 148 Via a La Concepci\u00f3n","highway":"trunk","ref":"T-6;L-1"},"geometry":{"type":"LineString","coordinates":[[-71.65208,10.584],[-71.64998,10.58329]]}},{"type":"Feature","id":"way/378001969","properties":{"name":"Avenida 48","highway":"trunk","ref":"T-6;L-4"},"geometry":{"type":"LineString","coordinates":[[-71.64987,10.5837],[-71.65006,10.58332]]}},{"type":"Feature","id":"way/378001971","properties":{"name":"Carretera Nacional V\u00eda a Perij\u00e1","highway":"trunk","ref":"T-6"},"geometry":{"type":"LineString","coordinates":[[-71.65245,10.5814],[-71.65233,10.58373]]}},{"type":"Feature","id":"way/378001974","properties":{"name":"Avenida 16","highway":"trunk","ref":"T-6"},"geometry":{"type":"LineString","coordinates":[[-71.63857,10.71589],[-71.64018,10.71385],[-71.64057,10.71145],[-71.63521,10.69315]]}},{"type":"Feature","id":"way/378001975","properties":{"name":"Avenida 48 V\u00eda a La Ca\u00f1ada","highway":"primary","ref":"L-4"},"geometry":{"type":"LineString","coordinates":[[-71.65118,10.58081],[-71.64702,10.55662]]}},{"type":"Feature","id":"way/378001976","properties":{"name":"Carretera Nacional V\u00eda a Perij\u00e1","highway":"trunk","ref":"T-6"},"geometry":{"type":"LineString","coordinates":[[-71.6526,10.58139],[-71.69957,10.53687]]}},{"type":"Feature","id":"way/378001977","properties":{"highway":"trunk_link"},"geometry":{"type":"LineString","coordinates":[[-71.63521,10.69315],[-71.63543,10.69271]]}},{"type":"Feature","id":"way/378001978","properties":{"name":"Carretera Nacional V\u00eda a Perij\u00e1","highway":"trunk","ref":"T-6"},"geometry":{"type":"LineString","coordinates":[[-71.6526,10.58139],[-71.65111,10.58079]]}},{"type":"Feature","id":"way/378001979","properties":{"name":"Avenida 48","highway":"trunk","ref":"T-6;L-4"},"geometry":{"type":"LineString","coordinates":[[-71.64998,10.58329],[-71.64303,10.59591]]}},{"type":"Feature","id":"way/378001980","properties":{"name":"Avenida 16","highway":"tertiary"},"geometry":{"type":"LineString","coordinates":[[-71.63506,10.69266],[-71.63312,10.68515]]}},{"type":"Feature","id":"way/378001982","properties":{"name":"Calle 148 Via a La Concepci\u00f3n","highway":"primary","ref":"L-1"},"geometry":{"type":"LineString","coordinates":[[-71.65244,10.58422],[-71.66156,10.58708],[-71.67375,10.58433],[-71.68557,10.58645]]}},{"type":"Feature","id":"way/378002461","properties":{"name":"Carretera Nacional Maracaibo - El Moj\u00e1n","highway":"trunk","ref":"T-6"},"geometry":{"type":"LineString","coordinates":[[-71.74176,10.93597],[-71.76783,10.84639],[-71.76403,10.82725],[-71.75733,10.8113],[-71.75621,10.81044]]}},{"type":"Feature","id":"way/378013256","properties":{"name":"Perimetral de Villa del Rosario","highway":"trunk","ref":"T-6"},"geometry":{"type":"LineString","coordinates":[[-72.33876,10.31158],[-72.33453,10.31282],[-72.32499,10.31141],[-72.32072,10.31192],[-72.31061,10.31752],[-72.30667,10.32313]]}},{"type":"Feature","id":"way/378013282","properties":{"name":"Carretera Nacional Machiques - La Fr\u00eda","highway":"trunk","ref":"T-6"},"geometry":{"type":"LineString","coordinates":[[-72.51374,9.74869],[-72.553,9.7191],[-72.55647,9.7153],[-72.57293,9.68604],[-72.58369,9.65161]]}},{"type":"Feature","id":"way/392252099","properties":{"name":"Retorno","highway":"trunk_link","ref":"T-17"},"geometry":{"type":"LineString","coordinates":[[-71.48746,10.54983],[-71.48689,10.55025]]}},{"type":"Feature","id":"way/403683143","properties":{"name":"Carretera Nacional Villa del Rosario - Machiques","highway":"trunk","ref":"T-6"},"geometry":{"type":"LineString","coordinates":[[-72.49225,10.07937],[-72.49222,10.07901]]}},{"type":"Feature","id":"way/403683145","properties":{"name":"Carretera Nacional Villa del Rosario - Machiques","highway":"trunk","ref":"T-6"},"geometry":{"type":"LineString","coordinates":[[-72.49222,10.07901],[-72.49157,10.07246]]}},{"type":"Feature","id":"way/405803582","properties":{"highway":"tertiary","ref":"T-6"},"geometry":{"type":"LineString","coordinates":[[-72.31081,10.32253],[-72.32132,10.32305]]}},{"type":"Feature","id":"way/405899670","properties":{"name":"Carretera Nacional Maracaibo - Villa del Rosario","highway":"trunk","ref":"T-6"},"geometry":{"type":"LineString","coordinates":[[-72.22871,10.41159],[-72.22789,10.41207]]}},{"type":"Feature","id":"way/405899671","properties":{"name":"Carretera Nacional Maracaibo - Villa del Rosario","highway":"trunk","ref":"T-6"},"geometry":{"type":"LineString","coordinates":[[-72.24459,10.38917],[-72.24442,10.38942]]}},{"type":"Feature","id":"way/405899672","properties":{"name":"Carretera Nacional Maracaibo - Villa del Rosario","highway":"trunk","ref":"T-6"},"geometry":{"type":"LineString","coordinates":[[-72.22789,10.41207],[-72.20847,10.41627],[-72.13605,10.43865],[-72.02513,10.47308],[-71.82462,10.5371],[-71.78818,10.53864],[-71.75312,10.53672]]}},{"type":"Feature","id":"way/405899673","properties":{"name":"Carretera Nacional Maracaibo - Villa del Rosario","highway":"trunk","ref":"T-6"},"geometry":{"type":"LineString","coordinates":[[-72.24442,10.38942],[-72.22871,10.41159]]}},{"type":"Feature","id":"way/405904724","properties":{"name":"Carretera Villa del Rosario - El Crucero","highway":"tertiary","ref":"R-17"},"geometry":{"type":"LineString","coordinates":[[-72.04112,10.17213],[-72.08882,10.19606],[-72.09234,10.19985],[-72.13286,10.22473],[-72.24839,10.29371],[-72.24889,10.29519],[-72.24716,10.29878],[-72.24822,10.30438],[-72.252,10.30809],[-72.26479,10.31079],[-72.26944,10.31572],[-72.2736,10.31563],[-72.29068,10.31904],[-72.30401,10.32728]]}},{"type":"Feature","id":"way/406304894","properties":{"name":"Carretera Regional Encontrados - El Guayabo","highway":"primary","ref":"R-63"},"geometry":{"type":"LineString","coordinates":[[-72.33831,8.62634],[-72.34016,8.63366],[-72.35086,8.64137],[-72.35233,8.6444],[-72.34767,8.65352],[-72.35068,8.66335],[-72.3465,8.66923],[-72.34573,8.67173],[-72.3517,8.68603],[-72.35171,8.68854],[-72.3382,8.70121],[-72.33491,8.71809],[-72.33568,8.72086],[-72.34199,8.7286],[-72.34204,8.73062],[-72.3394,8.73724],[-72.33963,8.73993],[-72.34991,8.74857],[-72.35105,8.75133],[-72.35106,8.75892],[-72.34688,8.76846],[-72.34899,8.78219],[-72.34701,8.79677],[-72.34815,8.80492],[-72.34344,8.81282],[-72.34191,8.82302]]}},{"type":"Feature","id":"way/406304899","properties":{"name":"Carretera Regional El Guayabo - El Conuco","highway":"tertiary","ref":"R-68"},"geometry":{"type":"LineString","coordinates":[[-72.33831,8.62634],[-72.33116,8.62791],[-72.32627,8.6372],[-72.32007,8.64434],[-72.31223,8.65688],[-72.29167,8.67391],[-72.2733,8.69589],[-72.24429,8.71993],[-72.23346,8.73658],[-72.22889,8.74165],[-72.20769,8.76201],[-72.14618,8.8123]]}},{"type":"Feature","id":"way/406323368","properties":{"highway":"tertiary","ref":"T-6"},"geometry":{"type":"LineString","coordinates":[[-72.33845,10.31208],[-72.33831,10.31186]]}},{"type":"Feature","id":"way/406323372","properties":{"highway":"primary_link"},"geometry":{"type":"LineString","coordinates":[[-71.66335,10.58673],[-71.66365,10.58693]]}},{"type":"Feature","id":"way/406323377","properties":{"highway":"primary_link"},"geometry":{"type":"LineString","coordinates":[[-71.66375,10.58691],[-71.66403,10.58655]]}},{"type":"Feature","id":"way/406324847","properties":{"name":"Avenida Circunvalaci\u00f3n 2","highway":"primary","ref":"T-6"},"geometry":{"type":"LineString","coordinates":[[-71.61881,10.5964],[-71.61896,10.59629]]}},{"type":"Feature","id":"way/406324848","properties":{"name":"Avenida Circunvalaci\u00f3n 2","highway":"primary_link","ref":"T-6;R-16"},"geometry":{"type":"LineString","coordinates":[[-71.61874,10.59566],[-71.61837,10.59568]]}},{"type":"Feature","id":"way/406324849","properties":{"name":"Avenida Circunvalaci\u00f3n 2","highway":"primary"},"geometry":{"type":"LineString","coordinates":[[-71.6183,10.59703],[-71.61881,10.5964]]}},{"type":"Feature","id":"way/406324850","properties":{"name":"Carretera Nacional Maracaibo - El Moj\u00e1n","highway":"trunk","ref":"T-6"},"geometry":{"type":"LineString","coordinates":[[-71.6651,10.7689],[-71.63678,10.74092]]}},{"type":"Feature","id":"way/406326369","properties":{"name":"Distribuidor Las Delicias","highway":"primary","ref":"T-3"},"geometry":{"type":"LineString","coordinates":[[-71.62466,10.65038],[-71.62,10.64972]]}},{"type":"Feature","id":"way/406326370","properties":{"name":"Avenida Circunvalaci\u00f3n 1","highway":"primary","ref":"T-3"},"geometry":{"type":"LineString","coordinates":[[-71.62519,10.65057],[-71.62667,10.65019]]}},{"type":"Feature","id":"way/406326371","properties":{"name":"Avenida Circunvalaci\u00f3n 1","highway":"primary","ref":"T-3"},"geometry":{"type":"LineString","coordinates":[[-71.62675,10.65002],[-71.62525,10.65045]]}},{"type":"Feature","id":"way/406326373","properties":{"highway":"primary_link"},"geometry":{"type":"LineString","coordinates":[[-71.62007,10.64582],[-71.61916,10.64566]]}},{"type":"Feature","id":"way/406327206","properties":{"highway":"tertiary"},"geometry":{"type":"LineString","coordinates":[[-71.64832,10.64377],[-71.64815,10.64443]]}},{"type":"Feature","id":"way/406327207","properties":{"name":"Calle 95 Garcia","highway":"tertiary"},"geometry":{"type":"LineString","coordinates":[[-71.64588,10.64528],[-71.64649,10.64569]]}},{"type":"Feature","id":"way/407731963","properties":{"name":"Distribuidor Pompeyo Davalillo","highway":"trunk_link"},"geometry":{"type":"LineString","coordinates":[[-71.21934,10.23736],[-71.21876,10.23895],[-71.21948,10.24031]]}},{"type":"Feature","id":"way/407731964","properties":{"name":"Distribuidor Pompeyo Davalillo","highway":"trunk_link"},"geometry":{"type":"LineString","coordinates":[[-71.22022,10.23978],[-71.21912,10.23885],[-71.22003,10.23846]]}},{"type":"Feature","id":"way/407731966","properties":{"highway":"primary","ref":"R-52"},"geometry":{"type":"LineString","coordinates":[[-71.22055,10.23968],[-71.22128,10.23925]]}},{"type":"Feature","id":"way/407731967","properties":{"highway":"primary","ref":"R-52"},"geometry":{"type":"LineString","coordinates":[[-71.22125,10.23919],[-71.22052,10.23961]]}},{"type":"Feature","id":"way/407731969","properties":{"highway":"primary","ref":"R-52"},"geometry":{"type":"LineString","coordinates":[[-71.22128,10.23925],[-71.22368,10.23783]]}},{"type":"Feature","id":"way/407731971","properties":{"highway":"primary","ref":"R-52"},"geometry":{"type":"LineString","coordinates":[[-71.22368,10.23783],[-71.22125,10.23919]]}},{"type":"Feature","id":"way/407731973","properties":{"name":"Distribuidor Pompeyo Davalillo","highway":"trunk_link"},"geometry":{"type":"LineString","coordinates":[[-71.21927,10.23996],[-71.21921,10.24037]]}},{"type":"Feature","id":"way/408048301","properties":{"name":"Avenida 5 de Julio","highway":"tertiary","ref":"R-9"},"geometry":{"type":"LineString","coordinates":[[-71.51005,10.7386],[-71.51503,10.7289]]}},{"type":"Feature","id":"way/408048302","properties":{"name":"Avenida 5","highway":"tertiary","ref":"R-9"},"geometry":{"type":"LineString","coordinates":[[-71.5226,10.7142],[-71.51643,10.72614]]}},{"type":"Feature","id":"way/408048682","properties":{"name":"Avenida Intercomunal","highway":"primary","ref":"L-3"},"geometry":{"type":"LineString","coordinates":[[-71.53114,10.57769],[-71.53028,10.5604],[-71.53297,10.55418],[-71.53282,10.55165],[-71.52391,10.54229],[-71.51421,10.52868],[-71.49677,10.51298],[-71.48771,10.50848],[-71.47542,10.50431],[-71.46321,10.49675],[-71.46137,10.49467],[-71.4565,10.48066],[-71.45474,10.47074],[-71.45122,10.46021],[-71.45101,10.45361],[-71.45318,10.44608]]}},{"type":"Feature","id":"way/408049051","properties":{"name":"Avenida Andr\u00e9s Bello","highway":"tertiary"},"geometry":{"type":"LineString","coordinates":[[-71.46415,10.4323],[-71.46417,10.43213]]}},{"type":"Feature","id":"way/408049052","properties":{"name":"Avenida Andr\u00e9s Bello","highway":"primary_link"},"geometry":{"type":"LineString","coordinates":[[-71.46261,10.43377],[-71.46415,10.4323]]}},{"type":"Feature","id":"way/408049053","properties":{"highway":"primary_link"},"geometry":{"type":"LineString","coordinates":[[-71.46417,10.43213],[-71.46387,10.43205]]}},{"type":"Feature","id":"way/408049054","properties":{"highway":"primary_link"},"geometry":{"type":"LineString","coordinates":[[-71.46375,10.43247],[-71.46415,10.4323]]}},{"type":"Feature","id":"way/408049055","properties":{"name":"Retorno","highway":"primary_link"},"geometry":{"type":"LineString","coordinates":[[-71.46304,10.43261],[-71.46366,10.43268]]}},{"type":"Feature","id":"way/408049056","properties":{"name":"Retorno","highway":"primary_link"},"geometry":{"type":"LineString","coordinates":[[-71.46391,10.4318],[-71.46331,10.43171]]}},{"type":"Feature","id":"way/408049284","properties":{"highway":"trunk_link"},"geometry":{"type":"LineString","coordinates":[[-71.42258,10.46847],[-71.42054,10.4682]]}},{"type":"Feature","id":"way/408049985","properties":{"name":"Avenida 34","highway":"tertiary"},"geometry":{"type":"LineString","coordinates":[[-71.3108,10.21316],[-71.31627,10.22255]]}},{"type":"Feature","id":"way/408051217","properties":{"name":"Calle 148 Via a La Concepci\u00f3n","highway":"primary","ref":"L-1"},"geometry":{"type":"LineString","coordinates":[[-71.70068,10.58929],[-71.70393,10.58995]]}},{"type":"Feature","id":"way/408052609","properties":{"name":"Avenida Circunvalaci\u00f3n 2","highway":"trunk","ref":"T-6"},"geometry":{"type":"LineString","coordinates":[[-71.6351,10.69277],[-71.64525,10.69161]]}},{"type":"Feature","id":"way/408052610","properties":{"name":"Avenida Circunvalaci\u00f3n 2","highway":"primary","ref":"T-6;R-16"},"geometry":{"type":"LineString","coordinates":[[-71.61899,10.5958],[-71.61874,10.59566]]}},{"type":"Feature","id":"way/408052611","properties":{"name":"Avenida Circunvalaci\u00f3n 2","highway":"trunk","ref":"T-6"},"geometry":{"type":"LineString","coordinates":[[-71.63506,10.69266],[-71.63496,10.69267]]}},{"type":"Feature","id":"way/408052863","properties":{"name":"Avenida Libertador","highway":"primary","ref":"R-72"},"geometry":{"type":"LineString","coordinates":[[-71.61948,10.63956],[-71.61855,10.63966]]}},{"type":"Feature","id":"way/408052864","properties":{"name":"Avenida Libertador","highway":"primary","ref":"R-72"},"geometry":{"type":"LineString","coordinates":[[-71.61855,10.63979],[-71.61945,10.63974]]}},{"type":"Feature","id":"way/408053401","properties":{"name":"Avenida 3","highway":"tertiary"},"geometry":{"type":"LineString","coordinates":[[-71.60554,10.64496],[-71.60547,10.64524]]}},{"type":"Feature","id":"way/408053402","properties":{"name":"Avenida 3","highway":"tertiary"},"geometry":{"type":"LineString","coordinates":[[-71.60547,10.64524],[-71.60522,10.64624]]}},{"type":"Feature","id":"way/408053925","properties":{"name":"Avenida 16","highway":"trunk","ref":"T-6"},"geometry":{"type":"LineString","coordinates":[[-71.63521,10.69315],[-71.6351,10.69277]]}},{"type":"Feature","id":"way/408054123","properties":{"name":"Carretera La Concepci\u00f3n - Cuatro Bocas","highway":"secondary","ref":"R-5"},"geometry":{"type":"LineString","coordinates":[[-71.8044,10.73239],[-71.8009,10.72717],[-71.79628,10.71171],[-71.7984,10.70467],[-71.80262,10.6971],[-71.81229,10.69155],[-71.82238,10.6776],[-71.82578,10.66843],[-71.82529,10.6656],[-71.84139,10.6379],[-71.84109,10.63612],[-71.8371,10.63216]]}},{"type":"Feature","id":"way/408054124","properties":{"highway":"primary","ref":"L-1;R-4"},"geometry":{"type":"LineString","coordinates":[[-71.84018,10.61727],[-71.8401,10.61683]]}},{"type":"Feature","id":"way/408054125","properties":{"highway":"primary","ref":"L-1;R-4"},"geometry":{"type":"LineString","coordinates":[[-71.83807,10.61744],[-71.83817,10.61769]]}},{"type":"Feature","id":"way/408054126","properties":{"highway":"primary","ref":"L-1;R-4"},"geometry":{"type":"LineString","coordinates":[[-71.84187,10.61748],[-71.84018,10.61727]]}},{"type":"Feature","id":"way/408054129","properties":{"highway":"primary","ref":"L-1;R-4"},"geometry":{"type":"LineString","coordinates":[[-71.83307,10.62035],[-71.83821,10.61776]]}},{"type":"Feature","id":"way/408054620","properties":{"name":"Avenida Libertador","highway":"tertiary","ref":"T-6"},"geometry":{"type":"LineString","coordinates":[[-71.73775,10.9496],[-71.74176,10.93597]]}},{"type":"Feature","id":"way/408054621","properties":{"name":"Avenida 3","highway":"tertiary","ref":"T-6"},"geometry":{"type":"LineString","coordinates":[[-71.72992,10.96106],[-71.73121,10.96233]]}},{"type":"Feature","id":"way/408054622","properties":{"name":"Calle 24","highway":"tertiary","ref":"T-6"},"geometry":{"type":"LineString","coordinates":[[-71.73279,10.95888],[-71.73253,10.95897]]}},{"type":"Feature","id":"way/408054624","properties":{"name":"Calle 24","highway":"tertiary","ref":"T-6"},"geometry":{"type":"LineString","coordinates":[[-71.73305,10.95864],[-71.7328,10.95872]]}},{"type":"Feature","id":"way/408316385","properties":{"name":"Carretera Nacional Paraguaipoa - El Moj\u00e1n","highway":"trunk","ref":"T-6"},"geometry":{"type":"LineString","coordinates":[[-71.79498,10.99819],[-71.792,10.99628]]}},{"type":"Feature","id":"way/408316389","properties":{"name":"Carretera Nacional Paraguaipoa - El Moj\u00e1n","highway":"trunk","ref":"T-6"},"geometry":{"type":"LineString","coordinates":[[-71.792,10.99628],[-71.79498,10.99819]]}},{"type":"Feature","id":"way/408316392","properties":{"name":"Carretera Nacional Paraguaipoa - El Moj\u00e1n","highway":"trunk","ref":"T-6"},"geometry":{"type":"LineString","coordinates":[[-71.79498,10.99819],[-71.79607,11.00276]]}},{"type":"Feature","id":"way/408316397","properties":{"name":"Retorno","highway":"trunk_link","ref":"T-6"},"geometry":{"type":"LineString","coordinates":[[-71.79426,10.99745],[-71.79406,10.99762]]}},{"type":"Feature","id":"way/408316398","properties":{"name":"Retorno","highway":"trunk_link","ref":"T-6"},"geometry":{"type":"LineString","coordinates":[[-71.79273,10.99679],[-71.79284,10.99659]]}},{"type":"Feature","id":"way/408317338","properties":{"highway":"trunk_link"},"geometry":{"type":"LineString","coordinates":[[-71.62784,10.72955],[-71.62666,10.73052]]}},{"type":"Feature","id":"way/408317529","properties":{"highway":"tertiary"},"geometry":{"type":"LineString","coordinates":[[-71.64046,10.71213],[-71.64089,10.71268]]}},{"type":"Feature","id":"way/408317530","properties":{"highway":"tertiary"},"geometry":{"type":"LineString","coordinates":[[-71.64087,10.71405],[-71.64089,10.71268]]}},{"type":"Feature","id":"way/408317670","properties":{"highway":"tertiary"},"geometry":{"type":"LineString","coordinates":[[-71.63857,10.71589],[-71.63963,10.71524]]}},{"type":"Feature","id":"way/408317926","properties":{"highway":"trunk_link"},"geometry":{"type":"LineString","coordinates":[[-71.63464,10.69283],[-71.6351,10.69316]]}},{"type":"Feature","id":"way/408317927","properties":{"highway":"trunk_link"},"geometry":{"type":"LineString","coordinates":[[-71.63535,10.69265],[-71.63497,10.69236]]}},{"type":"Feature","id":"way/408318371","properties":{"highway":"primary_link"},"geometry":{"type":"LineString","coordinates":[[-71.625,10.69333],[-71.62537,10.69362]]}},{"type":"Feature","id":"way/408318372","properties":{"highway":"primary_link"},"geometry":{"type":"LineString","coordinates":[[-71.62535,10.69297],[-71.625,10.69322]]}},{"type":"Feature","id":"way/408318373","properties":{"highway":"primary_link"},"geometry":{"type":"LineString","coordinates":[[-71.62547,10.69377],[-71.62582,10.69349]]}},{"type":"Feature","id":"way/408318374","properties":{"highway":"primary_link"},"geometry":{"type":"LineString","coordinates":[[-71.62585,10.69338],[-71.62544,10.69299]]}},{"type":"Feature","id":"way/408319799","properties":{"name":"Avenida 4 Bella Vista","highway":"tertiary"},"geometry":{"type":"LineString","coordinates":[[-71.59935,10.68708],[-71.59836,10.68741]]}},{"type":"Feature","id":"way/408319801","properties":{"name":"Avenida 4 Bella Vista","highway":"tertiary"},"geometry":{"type":"LineString","coordinates":[[-71.59841,10.68747],[-71.59946,10.68715]]}},{"type":"Feature","id":"way/408319803","properties":{"name":"Avenida 4 Bella Vista","highway":"tertiary"},"geometry":{"type":"LineString","coordinates":[[-71.59935,10.68708],[-71.59906,10.68801]]}},{"type":"Feature","id":"way/408319808","properties":{"name":"Avenida 4 Bella Vista","highway":"tertiary"},"geometry":{"type":"LineString","coordinates":[[-71.59915,10.68807],[-71.59946,10.68715]]}},{"type":"Feature","id":"way/408321991","properties":{"highway":"primary_link"},"geometry":{"type":"LineString","coordinates":[[-71.61892,10.64562],[-71.61741,10.6454]]}},{"type":"Feature","id":"way/408321992","properties":{"highway":"primary_link"},"geometry":{"type":"LineString","coordinates":[[-71.61721,10.64547],[-71.61892,10.64591]]}},{"type":"Feature","id":"way/408323097","properties":{"highway":"primary_link"},"geometry":{"type":"LineString","coordinates":[[-71.63281,10.64539],[-71.63299,10.64491]]}},{"type":"Feature","id":"way/408323098","properties":{"highway":"primary_link"},"geometry":{"type":"LineString","coordinates":[[-71.6322,10.64566],[-71.63281,10.64539]]}},{"type":"Feature","id":"way/408323974","properties":{"name":"Distribuidor Ca\u00f1a Honda","highway":"primary_link"},"geometry":{"type":"LineString","coordinates":[[-71.63681,10.64041],[-71.6367,10.64063]]}},{"type":"Feature","id":"way/408323975","properties":{"name":"Distribuidor Ca\u00f1a Honda","highway":"primary_link"},"geometry":{"type":"LineString","coordinates":[[-71.63681,10.64041],[-71.63655,10.64047]]}},{"type":"Feature","id":"way/408323976","properties":{"name":"Distribuidor Ca\u00f1a Honda","highway":"primary_link"},"geometry":{"type":"LineString","coordinates":[[-71.63734,10.64128],[-71.63759,10.64118]]}},{"type":"Feature","id":"way/408323978","properties":{"name":"Distribuidor Ca\u00f1a Honda","highway":"primary_link"},"geometry":{"type":"LineString","coordinates":[[-71.63759,10.64118],[-71.63922,10.63895]]}},{"type":"Feature","id":"way/408323979","properties":{"name":"Distribuidor Ca\u00f1a Honda","highway":"primary_link"},"geometry":{"type":"LineString","coordinates":[[-71.63718,10.64155],[-71.63734,10.64128]]}},{"type":"Feature","id":"way/408323980","properties":{"name":"Distribuidor Ca\u00f1a Honda","highway":"primary_link"},"geometry":{"type":"LineString","coordinates":[[-71.63718,10.64155],[-71.63759,10.64152]]}},{"type":"Feature","id":"way/408323982","properties":{"name":"Distribuidor Ca\u00f1a Honda","highway":"primary_link"},"geometry":{"type":"LineString","coordinates":[[-71.63759,10.64152],[-71.63759,10.64118]]}},{"type":"Feature","id":"way/408323985","properties":{"highway":"primary_link"},"geometry":{"type":"LineString","coordinates":[[-71.6351,10.64299],[-71.63553,10.64294]]}},{"type":"Feature","id":"way/408323986","properties":{"name":"Distribuidor Ca\u00f1a Honda","highway":"primary_link"},"geometry":{"type":"LineString","coordinates":[[-71.63468,10.64332],[-71.63718,10.64155]]}},{"type":"Feature","id":"way/408324847","properties":{"name":"Distribuidor Sabaneta","highway":"primary_link"},"geometry":{"type":"LineString","coordinates":[[-71.64338,10.62914],[-71.64309,10.62935]]}},{"type":"Feature","id":"way/408329230","properties":{"name":"Carretera Nacional Maracaibo - Villa del Rosario","highway":"trunk","ref":"T-6"},"geometry":{"type":"LineString","coordinates":[[-72.29772,10.33346],[-72.25178,10.37929],[-72.24459,10.38917]]}},{"type":"Feature","id":"way/408329233","properties":{"name":"Carretera Nacional Maracaibo - Villa del Rosario","highway":"trunk","ref":"T-6;R-17"},"geometry":{"type":"LineString","coordinates":[[-72.29839,10.33282],[-72.30401,10.32728]]}},{"type":"Feature","id":"way/408329237","properties":{"name":"Carretera Nacional Maracaibo - Villa del Rosario","highway":"trunk","ref":"T-6;R-17"},"geometry":{"type":"LineString","coordinates":[[-72.30394,10.32722],[-72.29839,10.33282]]}},{"type":"Feature","id":"way/408329241","properties":{"highway":"tertiary","ref":"T-6;R-17"},"geometry":{"type":"LineString","coordinates":[[-72.30624,10.32501],[-72.30707,10.32429]]}},{"type":"Feature","id":"way/408329244","properties":{"highway":"tertiary","ref":"T-6;R-17"},"geometry":{"type":"LineString","coordinates":[[-72.30632,10.32434],[-72.3069,10.32443]]}},{"type":"Feature","id":"way/408329904","properties":{"highway":"tertiary","ref":"T-6"},"geometry":{"type":"LineString","coordinates":[[-72.33845,10.31208],[-72.33869,10.31179]]}},{"type":"Feature","id":"way/409624900","properties":{"name":"Avenida Bol\u00edvar","highway":"primary","ref":"L-2"},"geometry":{"type":"LineString","coordinates":[[-71.89944,8.98467],[-71.90208,8.99308],[-71.90684,8.9998],[-71.91666,8.99897]]}},{"type":"Feature","id":"way/409624901","properties":{"name":"Avenida Bol\u00edvar","highway":"primary","ref":"L-2"},"geometry":{"type":"LineString","coordinates":[[-71.92111,8.99897],[-71.92634,8.99913]]}},{"type":"Feature","id":"way/409624902","properties":{"name":"Avenida Bol\u00edvar","highway":"primary","ref":"L-2"},"geometry":{"type":"LineString","coordinates":[[-71.92634,8.99913],[-71.92112,8.99886]]}},{"type":"Feature","id":"way/409626017","properties":{"name":"Carretera Regional El Guayabo - Orope","highway":"primary","ref":"R-63"},"geometry":{"type":"LineString","coordinates":[[-72.34149,8.52852],[-72.34127,8.53134],[-72.33434,8.54654],[-72.33487,8.57616],[-72.33728,8.57939],[-72.35085,8.58365],[-72.35346,8.58708],[-72.35185,8.59773],[-72.33828,8.61899],[-72.33831,8.62634]]}},{"type":"Feature","id":"way/409626018","properties":{"name":"Carretera Regional Casigua - Santa B\u00e1rbara","highway":"primary","ref":"R-68"},"geometry":{"type":"LineString","coordinates":[[-72.00386,8.97045],[-72.00288,8.97024]]}},{"type":"Feature","id":"way/409626864","properties":{"highway":"trunk_link"},"geometry":{"type":"LineString","coordinates":[[-70.87503,9.83063],[-70.87597,9.82989]]}},{"type":"Feature","id":"way/409627000","properties":{"name":"Carretera Trujillo - Zulia","highway":"trunk","ref":"R-70"},"geometry":{"type":"LineString","coordinates":[[-70.88346,9.97387],[-70.88326,9.9733]]}},{"type":"Feature","id":"way/409627001","properties":{"name":"Carretera Trujillo - Zulia","highway":"trunk","ref":"R-70"},"geometry":{"type":"LineString","coordinates":[[-70.88326,9.9733],[-70.88318,9.97174],[-70.88642,9.96692],[-70.88437,9.95763],[-70.89016,9.94192],[-70.89102,9.92488],[-70.89289,9.91023],[-70.88565,9.89576],[-70.88076,9.86006],[-70.87484,9.82952]]}},{"type":"Feature","id":"way/409627101","properties":{"name":"Carretera Trujillo - Zulia","highway":"trunk","ref":"R-70"},"geometry":{"type":"LineString","coordinates":[[-70.90548,10.05246],[-70.90465,10.05334]]}},{"type":"Feature","id":"way/409815984","properties":{"name":"Avenida Intercomunal","highway":"primary","ref":"L-3"},"geometry":{"type":"LineString","coordinates":[[-71.25444,10.14126],[-71.25456,10.14141]]}},{"type":"Feature","id":"way/409815987","properties":{"name":"Avenida Intercomunal","highway":"primary","ref":"L-3"},"geometry":{"type":"LineString","coordinates":[[-71.25464,10.14136],[-71.25451,10.14121]]}},{"type":"Feature","id":"way/409815989","properties":{"name":"Avenida Intercomunal Lagunillas - Bachaquero","highway":"primary","ref":"L-3"},"geometry":{"type":"LineString","coordinates":[[-71.20282,10.05241],[-71.24966,10.13339]]}},{"type":"Feature","id":"way/409815992","properties":{"name":"Avenida Intercomunal Lagunillas - Bachaquero","highway":"primary","ref":"L-3"},"geometry":{"type":"LineString","coordinates":[[-71.24974,10.13334],[-71.20288,10.05237]]}},{"type":"Feature","id":"way/409817420","properties":{"name":"Avenida Intercomunal","highway":"primary","ref":"L-3"},"geometry":{"type":"LineString","coordinates":[[-71.30034,10.18055],[-71.30022,10.1804]]}},{"type":"Feature","id":"way/409817422","properties":{"name":"Avenida Intercomunal","highway":"primary","ref":"L-3"},"geometry":{"type":"LineString","coordinates":[[-71.30012,10.18045],[-71.30024,10.1806]]}},{"type":"Feature","id":"way/409817424","properties":{"name":"Avenida Intercomunal","highway":"primary","ref":"L-3"},"geometry":{"type":"LineString","coordinates":[[-71.25456,10.14141],[-71.26588,10.1601],[-71.27755,10.16364],[-71.2922,10.17144],[-71.30012,10.18045]]}},{"type":"Feature","id":"way/409817425","properties":{"name":"Avenida Intercomunal","highway":"primary","ref":"L-3"},"geometry":{"type":"LineString","coordinates":[[-71.30022,10.1804],[-71.2926,10.17157],[-71.27758,10.16355],[-71.26596,10.16003],[-71.25464,10.14136]]}},{"type":"Feature","id":"way/409817498","properties":{"highway":"primary_link"},"geometry":{"type":"LineString","coordinates":[[-71.44923,10.40445],[-71.44877,10.40436]]}},{"type":"Feature","id":"way/409817499","properties":{"highway":"primary_link"},"geometry":{"type":"LineString","coordinates":[[-71.44855,10.40483],[-71.44895,10.4049]]}},{"type":"Feature","id":"way/409818619","properties":{"name":"Avenida Intercomunal","highway":"primary","ref":"L-3"},"geometry":{"type":"LineString","coordinates":[[-71.45318,10.44608],[-71.45333,10.44579]]}},{"type":"Feature","id":"way/409818623","properties":{"name":"Avenida Intercomunal","highway":"primary","ref":"L-3"},"geometry":{"type":"LineString","coordinates":[[-71.45326,10.44577],[-71.4531,10.44605]]}},{"type":"Feature","id":"way/409819843","properties":{"name":"Retorno de La Vega","highway":"trunk_link","ref":"T-17;R-55"},"geometry":{"type":"LineString","coordinates":[[-71.32869,10.37521],[-71.32806,10.37553]]}},{"type":"Feature","id":"way/409819844","properties":{"highway":"trunk_link"},"geometry":{"type":"LineString","coordinates":[[-71.48917,10.55291],[-71.48901,10.55369]]}},{"type":"Feature","id":"way/409819845","properties":{"highway":"trunk_link"},"geometry":{"type":"LineString","coordinates":[[-71.48901,10.55369],[-71.48991,10.55381]]}},{"type":"Feature","id":"way/409819846","properties":{"name":"Retorno de La Vega","highway":"trunk_link","ref":"T-17;R-55"},"geometry":{"type":"LineString","coordinates":[[-71.34029,10.38563],[-71.34066,10.38504]]}},{"type":"Feature","id":"way/409819847","properties":{"highway":"trunk_link"},"geometry":{"type":"LineString","coordinates":[[-71.49088,10.55394],[-71.4912,10.55193]]}},{"type":"Feature","id":"way/409821899","properties":{"name":"Carretera U","highway":"secondary","ref":"R-53"},"geometry":{"type":"LineString","coordinates":[[-71.1974,10.20052],[-71.20227,10.1966],[-71.20243,10.18993]]}},{"type":"Feature","id":"way/409821901","properties":{"name":"Carretera U","highway":"secondary","ref":"R-53"},"geometry":{"type":"LineString","coordinates":[[-71.20183,10.17475],[-71.20082,10.178],[-71.20127,10.18626],[-71.20243,10.18993]]}},{"type":"Feature","id":"way/409821903","properties":{"name":"Carretera U","highway":"secondary","ref":"R-53"},"geometry":{"type":"LineString","coordinates":[[-71.20183,10.17475],[-71.2062,10.16576],[-71.22592,10.15414],[-71.22829,10.14806]]}},{"type":"Feature","id":"way/409821905","properties":{"highway":"trunk_link"},"geometry":{"type":"LineString","coordinates":[[-71.19764,10.20091],[-71.19783,10.20023]]}},{"type":"Feature","id":"way/409821907","properties":{"name":"Carretera U","highway":"secondary","ref":"R-53"},"geometry":{"type":"LineString","coordinates":[[-71.20243,10.18993],[-71.20183,10.17475]]}},{"type":"Feature","id":"way/409822214","properties":{"name":"Carretera U","highway":"secondary","ref":"R-53"},"geometry":{"type":"LineString","coordinates":[[-71.22829,10.14806],[-71.25052,10.13482]]}},{"type":"Feature","id":"way/409822215","properties":{"name":"Carretera U","highway":"secondary","ref":"R-53"},"geometry":{"type":"LineString","coordinates":[[-71.24974,10.13334],[-71.23026,10.1446],[-71.22829,10.14806]]}},{"type":"Feature","id":"way/409824478","properties":{"highway":"trunk_link"},"geometry":{"type":"LineString","coordinates":[[-70.99447,10.07412],[-70.99331,10.07198]]}},{"type":"Feature","id":"way/409832282","properties":{"name":"Carretera Lara - Zulia","highway":"trunk","ref":"T-17"},"geometry":{"type":"LineString","coordinates":[[-71.05453,10.16158],[-71.05145,10.15602],[-71.04509,10.12189],[-71.03014,10.09679],[-71.01164,10.0813],[-70.99317,10.07358]]}},{"type":"Feature","id":"way/412199480","properties":{"highway":"tertiary"},"geometry":{"type":"LineString","coordinates":[[-71.65223,10.62687],[-71.65197,10.62361]]}},{"type":"Feature","id":"way/412199482","properties":{"highway":"primary_link"},"geometry":{"type":"LineString","coordinates":[[-71.65132,10.62569],[-71.65174,10.62586]]}},{"type":"Feature","id":"way/412199483","properties":{"highway":"primary_link"},"geometry":{"type":"LineString","coordinates":[[-71.65174,10.62586],[-71.65195,10.62552]]}},{"type":"Feature","id":"way/412199484","properties":{"highway":"tertiary"},"geometry":{"type":"LineString","coordinates":[[-71.65224,10.62763],[-71.65223,10.62687]]}},{"type":"Feature","id":"way/415541016","properties":{"highway":"tertiary","ref":"R-56"},"geometry":{"type":"LineString","coordinates":[[-71.13593,10.47633],[-71.13168,10.47612],[-71.12642,10.47381],[-71.12182,10.47092],[-71.11936,10.46799],[-71.11741,10.46136],[-71.11328,10.45401],[-71.10993,10.44228],[-71.10588,10.43493],[-71.10587,10.43249]]}},{"type":"Feature","id":"way/415557988","properties":{"name":"Carretera Mecocal - Ziruma","highway":"tertiary","ref":"R-54"},"geometry":{"type":"LineString","coordinates":[[-71.14479,10.48377],[-71.15229,10.49295],[-71.15519,10.50567],[-71.16512,10.51676],[-71.17594,10.52651],[-71.17749,10.53478],[-71.19565,10.54215],[-71.22292,10.5427]]}},{"type":"Feature","id":"way/415557990","properties":{"highway":"tertiary","ref":"R-56"},"geometry":{"type":"LineString","coordinates":[[-71.14363,10.48052],[-71.14204,10.481]]}},{"type":"Feature","id":"way/415611131","properties":{"highway":"primary_link"},"geometry":{"type":"LineString","coordinates":[[-71.35846,10.24066],[-71.35797,10.2406]]}},{"type":"Feature","id":"way/415611132","properties":{"highway":"primary_link"},"geometry":{"type":"LineString","coordinates":[[-71.35842,10.24129],[-71.35851,10.24074]]}},{"type":"Feature","id":"way/415844757","properties":{"name":"Avenida 44","highway":"tertiary"},"geometry":{"type":"LineString","coordinates":[[-71.28882,10.20066],[-71.27803,10.18194]]}},{"type":"Feature","id":"way/415899741","properties":{"highway":"primary_link"},"geometry":{"type":"LineString","coordinates":[[-71.33577,10.20433],[-71.33546,10.20437]]}},{"type":"Feature","id":"way/415899743","properties":{"highway":"primary_link"},"geometry":{"type":"LineString","coordinates":[[-71.33578,10.20488],[-71.33577,10.20433]]}},{"type":"Feature","id":"way/417403260","properties":{"highway":"tertiary"},"geometry":{"type":"LineString","coordinates":[[-71.10587,10.43249],[-71.10344,10.43162],[-71.1014,10.42752],[-71.09806,10.42565]]}},{"type":"Feature","id":"way/417404765","properties":{"name":"V\u00eda a Ziruma","highway":"secondary","ref":"R-58"},"geometry":{"type":"LineString","coordinates":[[-71.17491,10.39007],[-71.1799,10.3938],[-71.1815,10.39629],[-71.18485,10.40928],[-71.18448,10.4131],[-71.18247,10.41483],[-71.1794,10.42125],[-71.17577,10.4252],[-71.17325,10.43476],[-71.16989,10.43709],[-71.16477,10.43776],[-71.16228,10.44071],[-71.16279,10.44585],[-71.16142,10.45009],[-71.15607,10.4559],[-71.15624,10.46122],[-71.15205,10.46945],[-71.15219,10.4768],[-71.15073,10.47993],[-71.14479,10.48377]]}},{"type":"Feature","id":"way/419251103","properties":{"name":"Carretera Mene Grande - San Timoteo","highway":"primary","ref":"R-48"},"geometry":{"type":"LineString","coordinates":[[-71.05967,9.78883],[-71.03952,9.79605],[-70.94391,9.8085],[-70.94275,9.80905],[-70.94263,9.81216]]}},{"type":"Feature","id":"way/419320799","properties":{"highway":"tertiary"},"geometry":{"type":"LineString","coordinates":[[-71.15163,9.19673],[-71.14574,9.20059]]}},{"type":"Feature","id":"way/419320804","properties":{"highway":"tertiary"},"geometry":{"type":"LineString","coordinates":[[-71.14574,9.20059],[-71.13035,9.21169]]}},{"type":"Feature","id":"way/419517399","properties":{"name":"Carretera H","highway":"tertiary"},"geometry":{"type":"LineString","coordinates":[[-71.46698,10.39382],[-71.46706,10.3935]]}},{"type":"Feature","id":"way/419527535","properties":{"highway":"tertiary"},"geometry":{"type":"LineString","coordinates":[[-71.0903,9.15161],[-71.08662,9.15883],[-71.08472,9.16004]]}},{"type":"Feature","id":"way/419527678","properties":{"name":"V\u00eda a El Batey","highway":"tertiary"},"geometry":{"type":"LineString","coordinates":[[-71.08149,9.14177],[-71.08323,9.14423]]}},{"type":"Feature","id":"way/419527689","properties":{"name":"V\u00eda a El Batey","highway":"tertiary"},"geometry":{"type":"LineString","coordinates":[[-71.08749,9.14994],[-71.0903,9.15161]]}},{"type":"Feature","id":"way/420330269","properties":{"name":"Avenida Principal","highway":"tertiary"},"geometry":{"type":"LineString","coordinates":[[-71.47448,10.39825],[-71.47448,10.39817]]}},{"type":"Feature","id":"way/420345662","properties":{"name":"Carretera K","highway":"tertiary"},"geometry":{"type":"LineString","coordinates":[[-71.3381,10.20886],[-71.33149,10.21266],[-71.32917,10.21523]]}},{"type":"Feature","id":"way/420385317","properties":{"highway":"secondary","ref":"L-4"},"geometry":{"type":"LineString","coordinates":[[-71.68198,10.4158],[-71.68275,10.41515]]}},{"type":"Feature","id":"way/421308944","properties":{"highway":"tertiary","ref":"T-6"},"geometry":{"type":"LineString","coordinates":[[-72.32132,10.32305],[-72.32272,10.32203]]}},{"type":"Feature","id":"way/421374485","properties":{"name":"Carretera Regional San Ignacio - Barranquitas","highway":"primary","ref":"R-19"},"geometry":{"type":"LineString","coordinates":[[-72.40208,10.20093],[-72.39549,10.19482],[-72.39272,10.18936],[-72.38587,10.18399],[-72.38272,10.17703],[-72.37741,10.17097],[-72.37611,10.16224],[-72.36931,10.14671],[-72.36662,10.12721],[-72.36368,10.12382],[-72.35937,10.12095],[-72.35229,10.10869],[-72.35077,10.10249],[-72.34598,10.09709],[-72.34064,10.09703],[-72.33387,10.10457],[-72.32147,10.10803],[-72.31994,10.10969],[-72.31371,10.10998],[-72.30031,10.10333],[-72.27833,10.10336],[-72.2734,10.10132],[-72.26159,10.09312],[-72.2452,10.08631],[-72.1728,10.04571],[-72.0874,9.99958]]}},{"type":"Feature","id":"way/441919399","properties":{"name":"Avenida Intercomunal Lagunillas - Bachaquero","highway":"primary","ref":"L-3"},"geometry":{"type":"LineString","coordinates":[[-71.20288,10.05237],[-71.19706,10.04222],[-71.19256,10.03677]]}},{"type":"Feature","id":"way/441919407","properties":{"name":"Avenida Intercomunal Lagunillas - Bachaquero","highway":"primary","ref":"L-3"},"geometry":{"type":"LineString","coordinates":[[-71.19256,10.03677],[-71.19241,10.03657]]}},{"type":"Feature","id":"way/441919416","properties":{"name":"Carretera Falc\u00f3n - Zulia","highway":"trunk","ref":"T-3"},"geometry":{"type":"LineString","coordinates":[[-71.19527,10.67505],[-71.25869,10.67598],[-71.33754,10.69059],[-71.37917,10.69351],[-71.38347,10.69199],[-71.3868,10.68845],[-71.40989,10.64361]]}},{"type":"Feature","id":"way/441919418","properties":{"name":"Carretera Lara - Zulia","highway":"trunk","ref":"T-17"},"geometry":{"type":"LineString","coordinates":[[-71.05484,10.16205],[-71.05453,10.16158]]}},{"type":"Feature","id":"way/441919422","properties":{"name":"Gran Autopista de Occidente","highway":"trunk","ref":"T-17"},"geometry":{"type":"LineString","coordinates":[[-71.23951,10.26986],[-71.21765,10.23387]]}},{"type":"Feature","id":"way/441919423","properties":{"name":"Carretera Lara - Zulia","highway":"trunk","ref":"T-17"},"geometry":{"type":"LineString","coordinates":[[-71.21765,10.23387],[-71.1974,10.20052]]}},{"type":"Feature","id":"way/444565924","properties":{"name":"Calle 113","highway":"tertiary"},"geometry":{"type":"LineString","coordinates":[[-71.64893,10.6081],[-71.64468,10.61235]]}},{"type":"Feature","id":"way/444565925","properties":{"name":"Calle 113","highway":"tertiary"},"geometry":{"type":"LineString","coordinates":[[-71.65006,10.6055],[-71.65326,10.60202]]}},{"type":"Feature","id":"way/444565926","properties":{"name":"Calle 113","highway":"tertiary"},"geometry":{"type":"LineString","coordinates":[[-71.65321,10.60198],[-71.65006,10.6055]]}},{"type":"Feature","id":"way/444565927","properties":{"highway":"trunk_link"},"geometry":{"type":"LineString","coordinates":[[-71.65306,10.60185],[-71.65307,10.60215]]}},{"type":"Feature","id":"way/444584801","properties":{"highway":"trunk_link"},"geometry":{"type":"LineString","coordinates":[[-71.50241,10.56795],[-71.50227,10.56746]]}},{"type":"Feature","id":"way/445100547","properties":{"name":"Calle 33","highway":"tertiary"},"geometry":{"type":"LineString","coordinates":[[-71.65366,10.71228],[-71.66134,10.71247]]}},{"type":"Feature","id":"way/445717503","properties":{"name":"Carretera Mecocal - Ziruma","highway":"tertiary","ref":"R-54"},"geometry":{"type":"LineString","coordinates":[[-71.41016,10.64298],[-71.40639,10.63738],[-71.40614,10.63536],[-71.4017,10.63124],[-71.39075,10.6281],[-71.38341,10.62462],[-71.38047,10.62152],[-71.37633,10.62038],[-71.3361,10.58347],[-71.32801,10.57797],[-71.31803,10.57537],[-71.3108,10.5762],[-71.2911,10.57461],[-71.28705,10.57539],[-71.2763,10.58115],[-71.27134,10.57925],[-71.2681,10.57335],[-71.26372,10.56898],[-71.24081,10.56221],[-71.22292,10.5427]]}},{"type":"Feature","id":"way/447072201","properties":{"highway":"secondary","ref":"R-28"},"geometry":{"type":"LineString","coordinates":[[-72.39598,10.01265],[-72.39752,10.00916]]}},{"type":"Feature","id":"way/448351451","properties":{"highway":"primary_link"},"geometry":{"type":"LineString","coordinates":[[-71.62478,10.63852],[-71.62448,10.63842]]}},{"type":"Feature","id":"way/448351452","properties":{"highway":"primary_link"},"geometry":{"type":"LineString","coordinates":[[-71.62448,10.63842],[-71.62441,10.63857]]}},{"type":"Feature","id":"way/448351453","properties":{"highway":"primary_link"},"geometry":{"type":"LineString","coordinates":[[-71.62126,10.63937],[-71.62228,10.6394]]}},{"type":"Feature","id":"way/461163497","properties":{"highway":"tertiary"},"geometry":{"type":"LineString","coordinates":[[-71.6352,10.56092],[-71.63504,10.56128]]}},{"type":"Feature","id":"way/461163501","properties":{"highway":"tertiary"},"geometry":{"type":"LineString","coordinates":[[-71.63518,10.56189],[-71.63531,10.56157]]}},{"type":"Feature","id":"way/461163946","properties":{"highway":"tertiary"},"geometry":{"type":"LineString","coordinates":[[-71.63507,10.56157],[-71.63518,10.56189]]}},{"type":"Feature","id":"way/461163948","properties":{"highway":"tertiary"},"geometry":{"type":"LineString","coordinates":[[-71.63534,10.56128],[-71.6352,10.56092]]}},{"type":"Feature","id":"way/463129908","properties":{"name":"Carretera Nacional Machiques - La Fr\u00eda","highway":"trunk","ref":"T-6"},"geometry":{"type":"LineString","coordinates":[[-72.66447,8.95829],[-72.65804,8.94811],[-72.6468,8.92311],[-72.63611,8.90867],[-72.62828,8.89289],[-72.62435,8.88103],[-72.62567,8.86239],[-72.6212,8.84404],[-72.61811,8.82526],[-72.62401,8.80614],[-72.62639,8.79131],[-72.62699,8.77286],[-72.63122,8.7558],[-72.63108,8.74218],[-72.62577,8.72347],[-72.61262,8.71245]]}},{"type":"Feature","id":"way/463129909","properties":{"name":"Carretera Nacional Machiques - La Fr\u00eda","highway":"trunk","ref":"T-6"},"geometry":{"type":"LineString","coordinates":[[-72.665,8.95912],[-72.66447,8.95829]]}},{"type":"Feature","id":"way/474812371","properties":{"name":"Avenida 5","highway":"tertiary"},"geometry":{"type":"LineString","coordinates":[[-71.61184,10.69104],[-71.61264,10.68421]]}},{"type":"Feature","id":"way/474812372","properties":{"name":"Avenida Circunvalaci\u00f3n 2","highway":"secondary"},"geometry":{"type":"LineString","coordinates":[[-71.60714,10.68986],[-71.61576,10.69197],[-71.62124,10.69134],[-71.62697,10.69368],[-71.63499,10.69278]]}},{"type":"Feature","id":"way/475057994","properties":{"name":"Carretera Regional La Ca\u00f1ada - Barranquitas","highway":"primary","ref":"L-4;R-19"},"geometry":{"type":"LineString","coordinates":[[-72.08888,9.99691],[-72.04377,9.97594],[-72.03494,9.97791]]}},{"type":"Feature","id":"way/475105711","properties":{"name":"Avenida 5","highway":"tertiary"},"geometry":{"type":"LineString","coordinates":[[-71.61072,10.69532],[-71.61184,10.69104]]}},{"type":"Feature","id":"way/475105712","properties":{"name":"Avenida Universidad","highway":"tertiary"},"geometry":{"type":"LineString","coordinates":[[-71.61283,10.68376],[-71.61763,10.68286]]}},{"type":"Feature","id":"way/475105717","properties":{"name":"Avenida 5","highway":"tertiary"},"geometry":{"type":"LineString","coordinates":[[-71.60741,10.70704],[-71.60853,10.70376]]}},{"type":"Feature","id":"way/490170993","properties":{"highway":"primary_link"},"geometry":{"type":"LineString","coordinates":[[-72.33845,8.61862],[-72.3387,8.61861]]}},{"type":"Feature","id":"way/495252117","properties":{"highway":"primary_link"},"geometry":{"type":"LineString","coordinates":[[-71.62092,10.72492],[-71.62037,10.72483]]}},{"type":"Feature","id":"way/495252118","properties":{"highway":"primary_link"},"geometry":{"type":"LineString","coordinates":[[-71.62095,10.72584],[-71.62096,10.72506]]}},{"type":"Feature","id":"way/496932836","properties":{"highway":"secondary","ref":"R-50"},"geometry":{"type":"LineString","coordinates":[[-71.00577,10.07871],[-71.00166,10.08594]]}},{"type":"Feature","id":"way/496932837","properties":{"highway":"secondary","ref":"R-50"},"geometry":{"type":"LineString","coordinates":[[-71.00166,10.08594],[-70.99516,10.09707],[-70.99442,10.1032],[-70.99271,10.10773],[-70.99301,10.11045],[-70.99154,10.11313],[-70.99373,10.11758],[-70.99302,10.12317],[-70.99172,10.12416],[-70.97874,10.1247],[-70.97711,10.12623],[-70.97433,10.13295],[-70.96717,10.13329],[-70.96438,10.13485],[-70.96104,10.14187],[-70.94468,10.16215],[-70.94149,10.17137]]}},{"type":"Feature","id":"way/498566489","properties":{"name":"Carretera Regional Maracaibo - La Concepci\u00f3n","highway":"primary","ref":"R-4"},"geometry":{"type":"LineString","coordinates":[[-71.70774,10.65477],[-71.68638,10.67463]]}},{"type":"Feature","id":"way/499098480","properties":{"name":"Carretera Regional Maracaibo - La Concepci\u00f3n","highway":"primary","ref":"R-4"},"geometry":{"type":"LineString","coordinates":[[-71.82373,10.62379],[-71.81131,10.62631],[-71.80298,10.62962],[-71.79647,10.63482],[-71.79465,10.6376],[-71.79448,10.64095],[-71.7936,10.642],[-71.7832,10.64267],[-71.77754,10.64463]]}},{"type":"Feature","id":"way/499950102","properties":{"highway":"tertiary","ref":"R-50"},"geometry":{"type":"LineString","coordinates":[[-70.92282,10.06723],[-70.91945,10.07791]]}},{"type":"Feature","id":"way/499957855","properties":{"highway":"primary_link"},"geometry":{"type":"LineString","coordinates":[[-71.62248,10.68107],[-71.62278,10.68121]]}},{"type":"Feature","id":"way/499957857","properties":{"highway":"primary_link"},"geometry":{"type":"LineString","coordinates":[[-71.62285,10.68116],[-71.62298,10.68089]]}},{"type":"Feature","id":"way/499957860","properties":{"highway":"primary_link"},"geometry":{"type":"LineString","coordinates":[[-71.62267,10.68064],[-71.62253,10.68095]]}},{"type":"Feature","id":"way/499957863","properties":{"highway":"primary_link"},"geometry":{"type":"LineString","coordinates":[[-71.62308,10.68075],[-71.62273,10.68061]]}},{"type":"Feature","id":"way/499961711","properties":{"name":"Avenida 4 Bella Vista","highway":"tertiary"},"geometry":{"type":"LineString","coordinates":[[-71.6062,10.65637],[-71.60901,10.67369]]}},{"type":"Feature","id":"way/500478141","properties":{"highway":"primary_link"},"geometry":{"type":"LineString","coordinates":[[-71.63164,10.63406],[-71.63072,10.635]]}},{"type":"Feature","id":"way/500478142","properties":{"highway":"tertiary"},"geometry":{"type":"LineString","coordinates":[[-71.62903,10.63714],[-71.62895,10.637]]}},{"type":"Feature","id":"way/500507498","properties":{"name":"Avenida Universidad","highway":"tertiary"},"geometry":{"type":"LineString","coordinates":[[-71.61763,10.68286],[-71.62845,10.67877],[-71.63111,10.67689]]}},{"type":"Feature","id":"way/500755387","properties":{"highway":"primary_link"},"geometry":{"type":"LineString","coordinates":[[-71.63637,10.65486],[-71.63646,10.65454]]}},{"type":"Feature","id":"way/500762170","properties":{"highway":"secondary"},"geometry":{"type":"LineString","coordinates":[[-71.63561,10.61584],[-71.63517,10.61614]]}},{"type":"Feature","id":"way/500762173","properties":{"name":"Calle 115","highway":"secondary"},"geometry":{"type":"LineString","coordinates":[[-71.63917,10.61109],[-71.63561,10.61584]]}},{"type":"Feature","id":"way/500762174","properties":{"highway":"tertiary"},"geometry":{"type":"LineString","coordinates":[[-71.63875,10.61234],[-71.63866,10.61235]]}},{"type":"Feature","id":"way/501695201","properties":{"name":"Avenida Circunvalaci\u00f3n 3","highway":"secondary","ref":"R-79"},"geometry":{"type":"LineString","coordinates":[[-71.67828,10.65219],[-71.68293,10.66578],[-71.6852,10.66937],[-71.68642,10.67475]]}},{"type":"Feature","id":"way/501695202","properties":{"name":"Elevado de Cuatricentenario","highway":"secondary","ref":"R-79"},"geometry":{"type":"LineString","coordinates":[[-71.67838,10.65216],[-71.67725,10.64925]]}},{"type":"Feature","id":"way/501695203","properties":{"name":"Elevado de Cuatricentenario","highway":"secondary","ref":"R-79"},"geometry":{"type":"LineString","coordinates":[[-71.67702,10.64941],[-71.67828,10.65219]]}},{"type":"Feature","id":"way/501695205","properties":{"name":"Elevado de Cuatricentenario","highway":"secondary","ref":"R-79"},"geometry":{"type":"LineString","coordinates":[[-71.67725,10.64925],[-71.67613,10.64743]]}},{"type":"Feature","id":"way/501695206","properties":{"name":"Elevado de Cuatricentenario","highway":"secondary","ref":"R-79"},"geometry":{"type":"LineString","coordinates":[[-71.6759,10.64728],[-71.67702,10.64941]]}},{"type":"Feature","id":"way/505127199","properties":{"name":"Carretera Regional Maracaibo - La Concepci\u00f3n","highway":"primary","ref":"R-4"},"geometry":{"type":"LineString","coordinates":[[-71.77754,10.64463],[-71.7832,10.64277],[-71.79365,10.64206],[-71.79633,10.63514],[-71.80304,10.62968],[-71.81163,10.62631],[-71.82375,10.62387]]}},{"type":"Feature","id":"way/505284566","properties":{"highway":"primary","ref":"L-1;R-4"},"geometry":{"type":"LineString","coordinates":[[-71.83305,10.62024],[-71.82373,10.62379]]}},{"type":"Feature","id":"way/505289469","properties":{"highway":"secondary","ref":"R-5"},"geometry":{"type":"LineString","coordinates":[[-71.83297,10.62028],[-71.83307,10.62035]]}},{"type":"Feature","id":"way/505294583","properties":{"highway":"primary","ref":"L-1;R-4"},"geometry":{"type":"LineString","coordinates":[[-71.83817,10.61769],[-71.83305,10.62024]]}},{"type":"Feature","id":"way/505317627","properties":{"name":"V\u00eda a Campo Laberinto","highway":"tertiary","ref":"R-14"},"geometry":{"type":"LineString","coordinates":[[-72.23737,10.5533],[-72.21704,10.55345],[-72.13288,10.5879],[-72.12273,10.59026],[-72.07666,10.60715],[-72.05548,10.61179],[-72.02581,10.61962],[-72.0182,10.62244],[-72.01628,10.62736],[-72.0097,10.63752],[-72.00755,10.63864],[-71.99118,10.65486],[-71.9891,10.66254],[-71.97803,10.66474]]}},{"type":"Feature","id":"way/505925792","properties":{"highway":"tertiary"},"geometry":{"type":"LineString","coordinates":[[-71.9252,8.99546],[-71.92508,8.99507]]}},{"type":"Feature","id":"way/505925793","properties":{"name":"Avenida Bol\u00edvar","highway":"primary","ref":"L-2"},"geometry":{"type":"LineString","coordinates":[[-71.89932,8.98413],[-71.89921,8.98395]]}},{"type":"Feature","id":"way/505925794","properties":{"name":"Avenida Bol\u00edvar","highway":"primary","ref":"L-2"},"geometry":{"type":"LineString","coordinates":[[-71.89921,8.98395],[-71.89923,8.98416]]}},{"type":"Feature","id":"way/505925796","properties":{"name":"Avenida Bol\u00edvar","highway":"primary","ref":"L-2"},"geometry":{"type":"LineString","coordinates":[[-71.89952,8.98465],[-71.89932,8.98413]]}},{"type":"Feature","id":"way/505925797","properties":{"name":"Avenida Bol\u00edvar","highway":"primary","ref":"L-2"},"geometry":{"type":"LineString","coordinates":[[-71.89923,8.98416],[-71.89944,8.98467]]}},{"type":"Feature","id":"way/505925798","properties":{"name":"Avenida Bol\u00edvar","highway":"primary","ref":"L-2"},"geometry":{"type":"LineString","coordinates":[[-71.92052,8.99877],[-71.91665,8.99886]]}},{"type":"Feature","id":"way/505925812","properties":{"highway":"tertiary"},"geometry":{"type":"LineString","coordinates":[[-71.92508,8.99507],[-71.92417,8.99564]]}},{"type":"Feature","id":"way/505925818","properties":{"highway":"tertiary"},"geometry":{"type":"LineString","coordinates":[[-71.94056,8.98498],[-71.941,8.9852]]}},{"type":"Feature","id":"way/505925820","properties":{"highway":"tertiary"},"geometry":{"type":"LineString","coordinates":[[-71.94103,8.98683],[-71.94102,8.98507]]}},{"type":"Feature","id":"way/505925823","properties":{"highway":"tertiary"},"geometry":{"type":"LineString","coordinates":[[-71.94102,8.98507],[-71.94049,8.98462]]}},{"type":"Feature","id":"way/505925825","properties":{"highway":"tertiary"},"geometry":{"type":"LineString","coordinates":[[-71.94049,8.98462],[-71.93658,8.98672],[-71.93494,8.99007],[-71.93171,8.99354],[-71.92292,8.99593],[-71.91966,8.99568]]}},{"type":"Feature","id":"way/505925826","properties":{"highway":"tertiary"},"geometry":{"type":"LineString","coordinates":[[-71.91966,8.99568],[-71.92296,8.99601],[-71.93134,8.99385],[-71.935,8.99012],[-71.93718,8.98628],[-71.94056,8.98498]]}},{"type":"Feature","id":"way/505925830","properties":{"highway":"tertiary"},"geometry":{"type":"LineString","coordinates":[[-71.92665,8.9949],[-71.92508,8.99507]]}},{"type":"Feature","id":"way/505925831","properties":{"highway":"tertiary"},"geometry":{"type":"LineString","coordinates":[[-71.9267,8.9951],[-71.92665,8.9949]]}},{"type":"Feature","id":"way/505925832","properties":{"highway":"tertiary"},"geometry":{"type":"LineString","coordinates":[[-71.92678,8.99546],[-71.9267,8.9951]]}},{"type":"Feature","id":"way/505925833","properties":{"highway":"tertiary"},"geometry":{"type":"LineString","coordinates":[[-71.92698,8.99634],[-71.92678,8.99546]]}},{"type":"Feature","id":"way/505925834","properties":{"highway":"tertiary"},"geometry":{"type":"LineString","coordinates":[[-71.92778,8.99699],[-71.927,8.99643]]}},{"type":"Feature","id":"way/505925838","properties":{"name":"Avenida Bol\u00edvar","highway":"primary","ref":"L-2"},"geometry":{"type":"LineString","coordinates":[[-71.92051,8.99888],[-71.92111,8.99897]]}},{"type":"Feature","id":"way/505925839","properties":{"name":"Avenida Bol\u00edvar","highway":"primary","ref":"L-2"},"geometry":{"type":"LineString","coordinates":[[-71.92112,8.99886],[-71.92052,8.99877]]}},{"type":"Feature","id":"way/505925844","properties":{"highway":"primary","ref":"L-2"},"geometry":{"type":"LineString","coordinates":[[-71.96544,9.0051],[-71.96652,9.00515]]}},{"type":"Feature","id":"way/505925845","properties":{"highway":"primary","ref":"L-2"},"geometry":{"type":"LineString","coordinates":[[-71.92643,8.99818],[-71.92649,8.9972],[-71.92996,8.99684],[-71.96544,9.0051]]}},{"type":"Feature","id":"way/506467888","properties":{"highway":"trunk_link"},"geometry":{"type":"LineString","coordinates":[[-71.63847,10.70448],[-71.63864,10.70423]]}},{"type":"Feature","id":"way/506467890","properties":{"highway":"trunk_link","ref":"T-6"},"geometry":{"type":"LineString","coordinates":[[-71.63813,10.70443],[-71.63839,10.70456]]}},{"type":"Feature","id":"way/507547276","properties":{"name":"Avenida 66G","highway":"tertiary"},"geometry":{"type":"LineString","coordinates":[[-71.66948,10.65431],[-71.67702,10.64941]]}},{"type":"Feature","id":"way/508797150","properties":{"name":"Calle 95V","highway":"tertiary"},"geometry":{"type":"LineString","coordinates":[[-71.67725,10.64925],[-71.70521,10.63137],[-71.71662,10.6312]]}},{"type":"Feature","id":"way/508805144","properties":{"name":"Carretera Regional Maracaibo - La Concepci\u00f3n","highway":"primary","ref":"R-4"},"geometry":{"type":"LineString","coordinates":[[-71.71374,10.6496],[-71.70774,10.65477]]}},{"type":"Feature","id":"way/508805146","properties":{"name":"Carretera Regional Maracaibo - La Concepci\u00f3n","highway":"primary","ref":"R-4"},"geometry":{"type":"LineString","coordinates":[[-71.72138,10.64889],[-71.71374,10.6496]]}},{"type":"Feature","id":"way/509025278","properties":{"highway":"tertiary"},"geometry":{"type":"LineString","coordinates":[[-71.67511,10.67052],[-71.67431,10.67079]]}},{"type":"Feature","id":"way/509025279","properties":{"name":"Calle 82C","highway":"tertiary"},"geometry":{"type":"LineString","coordinates":[[-71.67431,10.67079],[-71.67511,10.67062]]}},{"type":"Feature","id":"way/509480587","properties":{"name":"Avenida 102A","highway":"tertiary"},"geometry":{"type":"LineString","coordinates":[[-71.6784,10.72592],[-71.6756,10.71885],[-71.67551,10.71463]]}},{"type":"Feature","id":"way/509480594","properties":{"name":"Calle 39","highway":"tertiary"},"geometry":{"type":"LineString","coordinates":[[-71.67551,10.71463],[-71.67354,10.71259]]}},{"type":"Feature","id":"way/509480608","properties":{"name":"Avenida 92","highway":"tertiary"},"geometry":{"type":"LineString","coordinates":[[-71.66547,10.70445],[-71.66237,10.70877],[-71.66134,10.71247]]}},{"type":"Feature","id":"way/509480618","properties":{"name":"Calle 51","highway":"tertiary"},"geometry":{"type":"LineString","coordinates":[[-71.6544,10.69081],[-71.66648,10.70411]]}},{"type":"Feature","id":"way/511795455","properties":{"name":"V\u00eda a Casigua","highway":"primary","ref":"L-2"},"geometry":{"type":"LineString","coordinates":[[-72.58501,8.67129],[-72.58303,8.67051],[-72.57853,8.67135],[-72.53865,8.69332],[-72.53266,8.70301],[-72.53003,8.71465],[-72.52621,8.72608],[-72.5232,8.72989]]}},{"type":"Feature","id":"way/511801006","properties":{"highway":"primary","ref":"L-2"},"geometry":{"type":"LineString","coordinates":[[-72.51364,8.74277],[-72.51369,8.74492],[-72.5156,8.74663]]}},{"type":"Feature","id":"way/512102069","properties":{"highway":"primary","ref":"L-2"},"geometry":{"type":"LineString","coordinates":[[-72.51678,8.74901],[-72.51563,8.75023]]}},{"type":"Feature","id":"way/512103614","properties":{"name":"Carretera Regional Casigua - Santa B\u00e1rbara","highway":"primary","ref":"L-2"},"geometry":{"type":"LineString","coordinates":[[-72.51353,8.75394],[-72.50924,8.7776],[-72.50441,8.78758],[-72.50299,8.79266],[-72.49761,8.8025],[-72.4972,8.80907],[-72.494,8.81032],[-72.49293,8.81211],[-72.48935,8.81112],[-72.4861,8.81139],[-72.48478,8.8133],[-72.48263,8.81425],[-72.48102,8.81868],[-72.47326,8.81875],[-72.46805,8.82225],[-72.46238,8.81883],[-72.4572,8.81729],[-72.43285,8.81565]]}},{"type":"Feature","id":"way/530019832","properties":{"name":"Carretera Nacional V\u00eda a Perij\u00e1","highway":"trunk","ref":"T-6"},"geometry":{"type":"LineString","coordinates":[[-71.65233,10.58373],[-71.65237,10.58419]]}},{"type":"Feature","id":"way/547689563","properties":{"name":"Carretera Regional Encontrados - El Conuco","highway":"secondary","ref":"R-65"},"geometry":{"type":"LineString","coordinates":[[-72.14558,8.81372],[-72.1494,8.84381],[-72.14498,8.87724],[-72.14432,8.90826],[-72.15217,8.93711],[-72.15194,8.96842],[-72.14991,8.99616]]}},{"type":"Feature","id":"way/547689564","properties":{"name":"Carretera Regional Casigua - Santa B\u00e1rbara","highway":"primary","ref":"R-66"},"geometry":{"type":"LineString","coordinates":[[-72.34178,8.82315],[-72.32835,8.82344],[-72.30818,8.83093],[-72.28788,8.83496],[-72.26726,8.83322],[-72.24136,8.82868],[-72.21542,8.82245],[-72.1868,8.81828],[-72.16662,8.8123],[-72.14638,8.81298]]}},{"type":"Feature","id":"way/548155815","properties":{"name":"Eje Agr\u00edcola de Pueblo Nuevo","highway":"tertiary"},"geometry":{"type":"LineString","coordinates":[[-71.4063,8.92943],[-71.41787,8.93084],[-71.42001,8.9347],[-71.41837,8.94134]]}},{"type":"Feature","id":"way/548168361","properties":{"name":"Carretera Cuatro Esquinas - Puerto Chama","highway":"secondary","ref":"R-32"},"geometry":{"type":"LineString","coordinates":[[-71.66696,8.83692],[-71.66673,8.83624]]}},{"type":"Feature","id":"way/548168362","properties":{"name":"Carretera Cuatro Esquinas - Puerto Chama","highway":"secondary","ref":"R-32"},"geometry":{"type":"LineString","coordinates":[[-71.66696,8.83692],[-71.66652,8.837]]}},{"type":"Feature","id":"way/548168365","properties":{"name":"V\u00eda a Santa Rosa","highway":"secondary","ref":"R-35"},"geometry":{"type":"LineString","coordinates":[[-71.60669,8.96109],[-71.59864,8.96158],[-71.58995,8.96595],[-71.57558,9.00013],[-71.57798,9.00936],[-71.57723,9.01216]]}},{"type":"Feature","id":"way/548168366","properties":{"name":"V\u00eda a Las parcelas","highway":"secondary","ref":"R-36"},"geometry":{"type":"LineString","coordinates":[[-71.60669,8.96109],[-71.61128,8.96801],[-71.6152,8.96784],[-71.62207,8.97483]]}},{"type":"Feature","id":"way/548171815","properties":{"name":"Eje Agr\u00edcola de La Mocha","highway":"tertiary","ref":"R-36"},"geometry":{"type":"LineString","coordinates":[[-71.59133,8.93848],[-71.58916,8.93779],[-71.59201,8.92052],[-71.59181,8.91736],[-71.58786,8.91479],[-71.58,8.89702],[-71.58073,8.88988],[-71.58473,8.8844],[-71.58722,8.87907],[-71.58676,8.87308],[-71.59116,8.86965],[-71.59238,8.86518],[-71.58859,8.85116],[-71.58546,8.84533],[-71.58482,8.83772],[-71.58173,8.82323],[-71.57722,8.81414],[-71.57913,8.79514],[-71.5743,8.79026],[-71.57265,8.78456],[-71.5719,8.772],[-71.56961,8.76605],[-71.5688,8.75624]]}},{"type":"Feature","id":"way/548560381","properties":{"name":"Carretera Trujillo - Zulia","highway":"trunk","ref":"R-70"},"geometry":{"type":"LineString","coordinates":[[-70.90548,10.05246],[-70.89806,10.04048],[-70.89067,10.03237],[-70.88847,10.02143],[-70.88476,10.01722],[-70.87965,10.0077],[-70.87989,9.995],[-70.8787,9.9923],[-70.87643,9.99122],[-70.87481,9.98883],[-70.87745,9.98607],[-70.88053,9.98472],[-70.88139,9.98035],[-70.88446,9.97765],[-70.88346,9.97387]]}},{"type":"Feature","id":"way/548694339","properties":{"name":"Avenida Intercomunal Bachaquero - Mene Grande","highway":"primary","ref":"L-3"},"geometry":{"type":"LineString","coordinates":[[-70.93436,9.85395],[-70.93626,9.85418],[-70.94044,9.85261],[-70.94289,9.85317],[-71.03221,9.89696],[-71.03781,9.9051],[-71.10666,9.95671],[-71.11619,9.97276]]}},{"type":"Feature","id":"way/548694340","properties":{"name":"Avenida Intercomunal Bachaquero - Mene Grande","highway":"primary","ref":"L-3"},"geometry":{"type":"LineString","coordinates":[[-70.93369,9.85354],[-70.93436,9.85395]]}},{"type":"Feature","id":"way/548694344","properties":{"name":"Carretera Mene Grande - El Siete","highway":"primary","ref":"R-44"},"geometry":{"type":"LineString","coordinates":[[-70.91476,9.76513],[-70.91003,9.76127],[-70.91015,9.74169],[-70.91239,9.73692],[-70.91249,9.73472],[-70.91143,9.72622],[-70.91422,9.72186],[-70.91416,9.71585],[-70.91188,9.71365],[-70.9097,9.70838],[-70.90799,9.70758]]}},{"type":"Feature","id":"way/548694348","properties":{"highway":"primary","ref":"R-47"},"geometry":{"type":"LineString","coordinates":[[-70.83829,9.66898],[-70.83882,9.67027],[-70.87702,9.70096],[-70.89038,9.7038],[-70.90567,9.70564]]}},{"type":"Feature","id":"way/548695530","properties":{"name":"Carretera Mene Grande - La Raya","highway":"primary","ref":"R-44"},"geometry":{"type":"LineString","coordinates":[[-70.92013,9.81364],[-70.9159,9.81401],[-70.90967,9.82033],[-70.9059,9.82215],[-70.89607,9.82335],[-70.89282,9.82523],[-70.88991,9.82996],[-70.89013,9.83584]]}},{"type":"Feature","id":"way/548700039","properties":{"name":"Carretera Lara - Zulia","highway":"trunk","ref":"T-17"},"geometry":{"type":"LineString","coordinates":[[-71.1974,10.20052],[-71.19157,10.19094],[-71.18971,10.18966],[-71.10477,10.17651],[-71.08757,10.16733],[-71.07767,10.16546],[-71.06927,10.1659],[-71.05835,10.16475],[-71.05484,10.16205]]}},{"type":"Feature","id":"way/548704404","properties":{"name":"V\u00eda a Ziruma","highway":"secondary","ref":"R-58"},"geometry":{"type":"LineString","coordinates":[[-71.27217,10.321],[-71.27304,10.32055]]}},{"type":"Feature","id":"way/548704411","properties":{"name":"Carretera La Plata","highway":"secondary","ref":"R-58"},"geometry":{"type":"LineString","coordinates":[[-71.37495,10.32111],[-71.2761,10.32158],[-71.27304,10.32055]]}},{"type":"Feature","id":"way/548713017","properties":{"highway":"tertiary","ref":"R-60"},"geometry":{"type":"LineString","coordinates":[[-71.51843,10.5345],[-71.51548,10.53608],[-71.51216,10.54073]]}},{"type":"Feature","id":"way/548713019","properties":{"name":"Retorno","highway":"trunk_link","ref":"T-17"},"geometry":{"type":"LineString","coordinates":[[-71.47313,10.53333],[-71.47294,10.53347]]}},{"type":"Feature","id":"way/548713020","properties":{"name":"Retorno","highway":"trunk_link","ref":"T-17"},"geometry":{"type":"LineString","coordinates":[[-71.47294,10.53347],[-71.47302,10.53391]]}},{"type":"Feature","id":"way/548713021","properties":{"name":"Retorno","highway":"trunk_link","ref":"T-17"},"geometry":{"type":"LineString","coordinates":[[-71.47262,10.53342],[-71.47294,10.53347]]}},{"type":"Feature","id":"way/548713022","properties":{"name":"Retorno","highway":"trunk_link","ref":"T-17"},"geometry":{"type":"LineString","coordinates":[[-71.47345,10.53342],[-71.47313,10.53333]]}},{"type":"Feature","id":"way/548713023","properties":{"name":"Retorno","highway":"trunk_link","ref":"T-17"},"geometry":{"type":"LineString","coordinates":[[-71.47313,10.53333],[-71.4731,10.5332]]}},{"type":"Feature","id":"way/548713024","properties":{"name":"Retorno","highway":"trunk_link","ref":"T-17"},"geometry":{"type":"LineString","coordinates":[[-71.47565,10.53606],[-71.4751,10.53645]]}},{"type":"Feature","id":"way/548713025","properties":{"name":"Retorno","highway":"trunk_link","ref":"T-17"},"geometry":{"type":"LineString","coordinates":[[-71.45351,10.50847],[-71.45315,10.50897]]}},{"type":"Feature","id":"way/548713026","properties":{"name":"Retorno","highway":"trunk_link","ref":"T-17"},"geometry":{"type":"LineString","coordinates":[[-71.45259,10.5083],[-71.45318,10.50807]]}},{"type":"Feature","id":"way/548714349","properties":{"name":"Retorno","highway":"trunk_link","ref":"T-17"},"geometry":{"type":"LineString","coordinates":[[-71.36899,10.4079],[-71.36879,10.40857]]}},{"type":"Feature","id":"way/548723889","properties":{"name":"Avenida Alterna","highway":"secondary","ref":"R-9"},"geometry":{"type":"LineString","coordinates":[[-71.50905,10.74148],[-71.50837,10.73913]]}},{"type":"Feature","id":"way/548723890","properties":{"name":"Avenida Alterna","highway":"secondary","ref":"R-9"},"geometry":{"type":"LineString","coordinates":[[-71.50837,10.73913],[-71.50505,10.73044]]}},{"type":"Feature","id":"way/548843859","properties":{"name":"Avenida Circunvalaci\u00f3n 1","highway":"trunk","ref":"T-3"},"geometry":{"type":"LineString","coordinates":[[-71.6173,10.57379],[-71.6266,10.57688]]}},{"type":"Feature","id":"way/548843861","properties":{"name":"Avenida Circunvalaci\u00f3n 1","highway":"trunk","ref":"T-3"},"geometry":{"type":"LineString","coordinates":[[-71.61747,10.57366],[-71.61683,10.57366]]}},{"type":"Feature","id":"way/548976811","properties":{"highway":"tertiary"},"geometry":{"type":"LineString","coordinates":[[-71.92503,8.9951],[-71.92516,8.99546]]}},{"type":"Feature","id":"way/548976812","properties":{"name":"Carretera Regional Casigua - Santa B\u00e1rbara","highway":"primary","ref":"R-68"},"geometry":{"type":"LineString","coordinates":[[-72.00259,8.97117],[-72.00288,8.97024]]}},{"type":"Feature","id":"way/548976813","properties":{"name":"Carretera Regional Casigua - Santa B\u00e1rbara","highway":"primary","ref":"R-68"},"geometry":{"type":"LineString","coordinates":[[-71.98413,8.95951],[-71.98309,8.9566],[-71.98133,8.93654],[-71.98059,8.91546],[-72.00188,8.8893],[-72.02883,8.86869],[-72.07295,8.83743],[-72.11766,8.82622],[-72.13907,8.81761],[-72.14483,8.81341]]}},{"type":"Feature","id":"way/548980064","properties":{"name":"Carretera Janeiro - Puerto Chama","highway":"secondary","ref":"R-32"},"geometry":{"type":"LineString","coordinates":[[-71.77025,8.90898],[-71.75604,8.89544],[-71.74789,8.88263],[-71.73051,8.8747],[-71.7038,8.87315]]}},{"type":"Feature","id":"way/548980065","properties":{"highway":"secondary","ref":"R-33"},"geometry":{"type":"LineString","coordinates":[[-71.77364,8.91037],[-71.77152,8.91243]]}},{"type":"Feature","id":"way/548980066","properties":{"name":"Carretera Santa B\u00e1rbara - Janeiro","highway":"secondary","ref":"R-32"},"geometry":{"type":"LineString","coordinates":[[-71.87561,8.91481],[-71.77364,8.91037]]}},{"type":"Feature","id":"way/548984217","properties":{"name":"Carretera Regional Santa B\u00e1rbara - Encontrados","highway":"primary","ref":"L-2"},"geometry":{"type":"LineString","coordinates":[[-72.14991,8.99616],[-72.13842,8.9944],[-72.09058,8.9706],[-72.07639,8.96652],[-72.05207,8.96465],[-72.04694,8.96127],[-72.03705,8.95912],[-72.03442,8.95913],[-72.02519,8.96239],[-72.01806,8.96232],[-72.00327,8.97079]]}},{"type":"Feature","id":"way/548984222","properties":{"name":"Carretera Regional Casigua - Santa B\u00e1rbara","highway":"primary","ref":"L-2"},"geometry":{"type":"LineString","coordinates":[[-72.51493,8.74975],[-72.51353,8.75394]]}},{"type":"Feature","id":"way/548984223","properties":{"highway":"primary","ref":"L-2"},"geometry":{"type":"LineString","coordinates":[[-72.51563,8.75023],[-72.51493,8.74975]]}},{"type":"Feature","id":"way/548984224","properties":{"highway":"primary","ref":"L-2"},"geometry":{"type":"LineString","coordinates":[[-72.51678,8.74901],[-72.51525,8.74739],[-72.5156,8.74663]]}},{"type":"Feature","id":"way/548987399","properties":{"name":"V\u00eda a Tucuco","highway":"tertiary","ref":"R-25"},"geometry":{"type":"LineString","coordinates":[[-72.80895,9.84372],[-72.80549,9.83303],[-72.80375,9.8324],[-72.80341,9.83121],[-72.79967,9.83016],[-72.79692,9.82562],[-72.78907,9.82314],[-72.77337,9.81066],[-72.76397,9.80871],[-72.75667,9.81073]]}},{"type":"Feature","id":"way/548993481","properties":{"name":"Calle La Marina","highway":"tertiary"},"geometry":{"type":"LineString","coordinates":[[-72.55781,10.05987],[-72.55796,10.05924]]}},{"type":"Feature","id":"way/548993482","properties":{"name":"Avenida Registro","highway":"tertiary"},"geometry":{"type":"LineString","coordinates":[[-72.55815,10.05821],[-72.55541,10.05875]]}},{"type":"Feature","id":"way/548993487","properties":{"name":"Avenida Artes","highway":"tertiary"},"geometry":{"type":"LineString","coordinates":[[-72.55796,10.05924],[-72.56246,10.0603]]}},{"type":"Feature","id":"way/548993489","properties":{"name":"Calle La Granja","highway":"tertiary"},"geometry":{"type":"LineString","coordinates":[[-72.56246,10.0603],[-72.56252,10.05799]]}},{"type":"Feature","id":"way/548993491","properties":{"name":"Avenida Registro","highway":"tertiary"},"geometry":{"type":"LineString","coordinates":[[-72.56252,10.05799],[-72.55815,10.05821]]}},{"type":"Feature","id":"way/548993492","properties":{"name":"Calle La Granja","highway":"tertiary"},"geometry":{"type":"LineString","coordinates":[[-72.56252,10.05799],[-72.56245,10.05451]]}},{"type":"Feature","id":"way/548993493","properties":{"name":"V\u00eda a Tucuco","highway":"tertiary","ref":"R-25"},"geometry":{"type":"LineString","coordinates":[[-72.59416,9.9574],[-72.61145,9.95345],[-72.61606,9.95085],[-72.63298,9.94606],[-72.63754,9.94057],[-72.64083,9.93856],[-72.64317,9.93852],[-72.65177,9.94182],[-72.65829,9.94182],[-72.6613,9.94352],[-72.67039,9.94565],[-72.67633,9.94363],[-72.67802,9.94078],[-72.67896,9.92169],[-72.68521,9.90549],[-72.69997,9.88368],[-72.71699,9.86621],[-72.72504,9.86421],[-72.73243,9.85748],[-72.73412,9.85225],[-72.73777,9.85206],[-72.73987,9.85031],[-72.74135,9.84649],[-72.7412,9.84331],[-72.74229,9.8417],[-72.75254,9.84098],[-72.75379,9.8402],[-72.75535,9.83303],[-72.75504,9.82212],[-72.75667,9.81073]]}},{"type":"Feature","id":"way/548993501","properties":{"name":"V\u00eda a Pueblo Llano","highway":"tertiary","ref":"R-71"},"geometry":{"type":"LineString","coordinates":[[-72.51399,10.12731],[-72.5191,10.12974]]}},{"type":"Feature","id":"way/548996775","properties":{"name":"Eje Agr\u00edcola de R\u00edo Negro","highway":"tertiary","ref":"R-82"},"geometry":{"type":"LineString","coordinates":[[-72.57797,9.66919],[-72.54881,9.6606],[-72.54595,9.65349]]}},{"type":"Feature","id":"way/548996776","properties":{"name":"Eje Agr\u00edcola de R\u00edo Negro","highway":"tertiary"},"geometry":{"type":"LineString","coordinates":[[-72.54595,9.65349],[-72.52205,9.66576]]}},{"type":"Feature","id":"way/548996777","properties":{"name":"Eje Agr\u00edcola de R\u00edo Negro","highway":"tertiary"},"geometry":{"type":"LineString","coordinates":[[-72.52205,9.66576],[-72.51235,9.66298]]}},{"type":"Feature","id":"way/549000722","properties":{"name":"Carretera Regional La Ca\u00f1ada - Barranquitas","highway":"primary","ref":"L-4;R-19"},"geometry":{"type":"LineString","coordinates":[[-72.08888,9.99691],[-72.0874,9.99958]]}},{"type":"Feature","id":"way/549000724","properties":{"name":"Carretera Regional La Ca\u00f1ada - Barranquitas","highway":"secondary","ref":"L-4"},"geometry":{"type":"LineString","coordinates":[[-72.0874,9.99958],[-72.03871,10.08417],[-72.04317,10.09444],[-72.04404,10.15943],[-72.03853,10.1657],[-72.04112,10.17213]]}},{"type":"Feature","id":"way/549001357","properties":{"highway":"tertiary","ref":"R-78"},"geometry":{"type":"LineString","coordinates":[[-71.69863,10.41539],[-71.68997,10.4081]]}},{"type":"Feature","id":"way/549004982","properties":{"name":"V\u00eda a Arimpia","highway":"tertiary","ref":"R-20"},"geometry":{"type":"LineString","coordinates":[[-72.3705,10.31541],[-72.36553,10.3125],[-72.36323,10.31223]]}},{"type":"Feature","id":"way/549004984","properties":{"highway":"tertiary","ref":"T-6"},"geometry":{"type":"LineString","coordinates":[[-72.32272,10.32203],[-72.31081,10.32253]]}},{"type":"Feature","id":"way/549347454","properties":{"name":"Distribuidor La Chinita","highway":"primary_link"},"geometry":{"type":"LineString","coordinates":[[-71.70646,10.58922],[-71.70651,10.58607]]}},{"type":"Feature","id":"way/549347456","properties":{"name":"Distribuidor La Chinita","highway":"primary_link"},"geometry":{"type":"LineString","coordinates":[[-71.70343,10.5891],[-71.70254,10.58959]]}},{"type":"Feature","id":"way/549347457","properties":{"highway":"primary","ref":"L-1;R-4"},"geometry":{"type":"LineString","coordinates":[[-71.82375,10.62387],[-71.83307,10.62035]]}},{"type":"Feature","id":"way/549347458","properties":{"name":"Carretera Regional Maracaibo - La Concepci\u00f3n","highway":"primary","ref":"R-4"},"geometry":{"type":"LineString","coordinates":[[-71.77754,10.64463],[-71.76234,10.64493],[-71.75378,10.6471],[-71.74663,10.64687],[-71.74365,10.6459],[-71.72683,10.64835]]}},{"type":"Feature","id":"way/549347459","properties":{"name":"Avenida 29B La Limpia","highway":"primary","ref":"R-4"},"geometry":{"type":"LineString","coordinates":[[-71.6779,10.68799],[-71.66976,10.68444],[-71.64209,10.66366],[-71.6374,10.66164],[-71.6363,10.6547],[-71.63122,10.64972]]}},{"type":"Feature","id":"way/549347460","properties":{"name":"Avenida 29B La Limpia","highway":"primary","ref":"R-4"},"geometry":{"type":"LineString","coordinates":[[-71.62981,10.64845],[-71.63624,10.65482],[-71.63761,10.66195],[-71.6419,10.66365],[-71.66942,10.68434],[-71.67785,10.68808]]}},{"type":"Feature","id":"way/549349194","properties":{"name":"Distribuidor Pomona","highway":"primary_link"},"geometry":{"type":"LineString","coordinates":[[-71.63478,10.61609],[-71.63514,10.61624]]}},{"type":"Feature","id":"way/549349197","properties":{"name":"Distribuidor Pomona","highway":"primary_link"},"geometry":{"type":"LineString","coordinates":[[-71.6351,10.61657],[-71.63703,10.61842]]}},{"type":"Feature","id":"way/549349198","properties":{"name":"Distribuidor Pomona","highway":"primary_link"},"geometry":{"type":"LineString","coordinates":[[-71.636,10.61593],[-71.63566,10.61581]]}},{"type":"Feature","id":"way/549349199","properties":{"name":"Distribuidor Pomona","highway":"primary_link"},"geometry":{"type":"LineString","coordinates":[[-71.6357,10.61551],[-71.63389,10.61375]]}},{"type":"Feature","id":"way/549352819","properties":{"highway":"tertiary","ref":"R-4"},"geometry":{"type":"LineString","coordinates":[[-71.94774,10.5149],[-71.94383,10.51481]]}},{"type":"Feature","id":"way/549558921","properties":{"name":"Carretera Principal de Tres Bocas","highway":"primary","ref":"L-1"},"geometry":{"type":"LineString","coordinates":[[-71.83735,10.82184],[-71.816,10.81836],[-71.79934,10.81694],[-71.79696,10.81588]]}},{"type":"Feature","id":"way/549558922","properties":{"name":"Carretera Regional Cuatro Bocas - Carrasquero","highway":"primary_link","ref":"L-1"},"geometry":{"type":"LineString","coordinates":[[-71.83551,10.8217],[-71.83795,10.823]]}},{"type":"Feature","id":"way/549558923","properties":{"name":"V\u00eda a Tul\u00e9","highway":"secondary","ref":"R-1"},"geometry":{"type":"LineString","coordinates":[[-71.8044,10.73239],[-71.77691,10.71988]]}},{"type":"Feature","id":"way/549562780","properties":{"highway":"secondary","ref":"R-5"},"geometry":{"type":"LineString","coordinates":[[-71.83307,10.62035],[-71.83305,10.62024]]}},{"type":"Feature","id":"way/559198390","properties":{"name":"Cruce fronterizo","highway":"trunk","ref":"T-6;L-5"},"geometry":{"type":"LineString","coordinates":[[-72.12632,11.35888],[-72.12832,11.35971]]}},{"type":"Feature","id":"way/559198393","properties":{"name":"Cruce fronterizo","highway":"trunk","ref":"T-6;L-5"},"geometry":{"type":"LineString","coordinates":[[-72.12838,11.35961],[-72.12632,11.35888]]}},{"type":"Feature","id":"way/559198395","properties":{"name":"Cruce fronterizo","highway":"trunk","ref":"90"},"geometry":{"type":"LineString","coordinates":[[-72.1304,11.36028],[-72.12838,11.35961]]}},{"type":"Feature","id":"way/589324446","properties":{"name":"Calle 148 Via a La Concepci\u00f3n","highway":"trunk","ref":"T-6;L-1"},"geometry":{"type":"LineString","coordinates":[[-71.65244,10.58411],[-71.65208,10.584]]}},{"type":"Feature","id":"way/589325050","properties":{"highway":"trunk_link"},"geometry":{"type":"LineString","coordinates":[[-71.64241,10.59618],[-71.6433,10.5962]]}},{"type":"Feature","id":"way/589987801","properties":{"name":"Avenida Circunvalaci\u00f3n 2","highway":"trunk","ref":"T-6"},"geometry":{"type":"LineString","coordinates":[[-71.63499,10.69278],[-71.6351,10.69277]]}},{"type":"Feature","id":"way/590275543","properties":{"highway":"primary_link"},"geometry":{"type":"LineString","coordinates":[[-71.67129,10.58471],[-71.67097,10.58444]]}},{"type":"Feature","id":"way/590275545","properties":{"highway":"primary_link"},"geometry":{"type":"LineString","coordinates":[[-71.67078,10.58492],[-71.67099,10.58504]]}},{"type":"Feature","id":"way/590275546","properties":{"highway":"primary_link"},"geometry":{"type":"LineString","coordinates":[[-71.67099,10.5852],[-71.67132,10.58479]]}},{"type":"Feature","id":"way/590275547","properties":{"highway":"secondary","ref":"R-79"},"geometry":{"type":"LineString","coordinates":[[-71.67098,10.58478],[-71.67098,10.58487]]}},{"type":"Feature","id":"way/591617588","properties":{"highway":"primary_link"},"geometry":{"type":"LineString","coordinates":[[-71.24528,10.12581],[-71.24535,10.12528]]}},{"type":"Feature","id":"way/591617589","properties":{"highway":"primary_link"},"geometry":{"type":"LineString","coordinates":[[-71.24535,10.12528],[-71.24491,10.12517]]}},{"type":"Feature","id":"way/591621753","properties":{"name":"V\u00eda a Tolosa","highway":"tertiary"},"geometry":{"type":"LineString","coordinates":[[-71.4204,10.47071],[-71.41857,10.47345],[-71.41473,10.47534],[-71.40799,10.48231],[-71.40519,10.48853],[-71.39862,10.48924]]}},{"type":"Feature","id":"way/591621768","properties":{"highway":"tertiary"},"geometry":{"type":"LineString","coordinates":[[-71.42513,10.35972],[-71.41701,10.36438]]}},{"type":"Feature","id":"way/591621771","properties":{"name":"Carretera G","highway":"tertiary"},"geometry":{"type":"LineString","coordinates":[[-71.45527,10.41554],[-71.44895,10.41923]]}},{"type":"Feature","id":"way/591644255","properties":{"name":"Calle Florida","highway":"tertiary"},"geometry":{"type":"LineString","coordinates":[[-72.54759,10.0594],[-72.54768,10.0455]]}},{"type":"Feature","id":"way/591644265","properties":{"name":"Calle Pablo VI","highway":"tertiary"},"geometry":{"type":"LineString","coordinates":[[-72.53875,10.05814],[-72.53868,10.05965]]}},{"type":"Feature","id":"way/591647419","properties":{"highway":"tertiary"},"geometry":{"type":"LineString","coordinates":[[-71.66484,10.53514],[-71.66443,10.54343]]}},{"type":"Feature","id":"way/591647425","properties":{"name":"Avenida 49","highway":"tertiary"},"geometry":{"type":"LineString","coordinates":[[-71.65818,10.55505],[-71.65594,10.56094]]}},{"type":"Feature","id":"way/591647432","properties":{"highway":"tertiary"},"geometry":{"type":"LineString","coordinates":[[-71.635,10.55708],[-71.63436,10.55722]]}},{"type":"Feature","id":"way/591647436","properties":{"highway":"tertiary"},"geometry":{"type":"LineString","coordinates":[[-71.63604,10.55728],[-71.63552,10.5571]]}},{"type":"Feature","id":"way/591647437","properties":{"highway":"tertiary"},"geometry":{"type":"LineString","coordinates":[[-71.63504,10.55744],[-71.63526,10.55787]]}},{"type":"Feature","id":"way/591647439","properties":{"highway":"tertiary"},"geometry":{"type":"LineString","coordinates":[[-71.63436,10.55722],[-71.63501,10.5574]]}},{"type":"Feature","id":"way/591647445","properties":{"name":"Avenida 49","highway":"tertiary"},"geometry":{"type":"LineString","coordinates":[[-71.65594,10.56094],[-71.65562,10.56215]]}},{"type":"Feature","id":"way/592072216","properties":{"name":"Avenida Circunvalaci\u00f3n 2","highway":"trunk","ref":"T-6"},"geometry":{"type":"LineString","coordinates":[[-71.62883,10.59583],[-71.62821,10.59582]]}},{"type":"Feature","id":"way/592074432","properties":{"name":"Calle 115","highway":"secondary"},"geometry":{"type":"LineString","coordinates":[[-71.63566,10.61589],[-71.63822,10.61341],[-71.63917,10.61109]]}},{"type":"Feature","id":"way/592074433","properties":{"name":"Calle 102","highway":"secondary"},"geometry":{"type":"LineString","coordinates":[[-71.63517,10.61614],[-71.63384,10.61709]]}},{"type":"Feature","id":"way/592074459","properties":{"highway":"primary_link"},"geometry":{"type":"LineString","coordinates":[[-71.63556,10.64283],[-71.63551,10.64267]]}},{"type":"Feature","id":"way/592076769","properties":{"highway":"primary_link"},"geometry":{"type":"LineString","coordinates":[[-71.62309,10.65049],[-71.62424,10.65046]]}},{"type":"Feature","id":"way/592076773","properties":{"highway":"primary_link"},"geometry":{"type":"LineString","coordinates":[[-71.61892,10.64591],[-71.61895,10.64601]]}},{"type":"Feature","id":"way/599931932","properties":{"name":"Redoma de El Conuco","highway":"primary","ref":"R-65;R-66;R-68"},"geometry":{"type":"LineString","coordinates":[[-72.14558,8.81372],[-72.14465,8.81289],[-72.14554,8.81197],[-72.14638,8.81269],[-72.14558,8.81372]]}},{"type":"Feature","id":"way/627388177","properties":{"name":"Carretera O","highway":"tertiary"},"geometry":{"type":"LineString","coordinates":[[-71.30082,10.18136],[-71.28643,10.18945]]}},{"type":"Feature","id":"way/627388178","properties":{"name":"Carretera O","highway":"tertiary"},"geometry":{"type":"LineString","coordinates":[[-71.28643,10.18945],[-71.28336,10.1912]]}},{"type":"Feature","id":"way/627779988","properties":{"name":"Carretera H","highway":"tertiary"},"geometry":{"type":"LineString","coordinates":[[-71.44892,10.40462],[-71.46735,10.39376]]}},{"type":"Feature","id":"way/629808312","properties":{"name":"Carretera Regional Coloncito - El Conuco","highway":"secondary","ref":"R-65"},"geometry":{"type":"LineString","coordinates":[[-72.15165,8.75458],[-72.15403,8.74603],[-72.15514,8.70865],[-72.16051,8.67099],[-72.16174,8.64691],[-72.15997,8.62126],[-72.16376,8.59822],[-72.16454,8.5775]]}},{"type":"Feature","id":"way/641791286","properties":{"highway":"secondary","ref":"R-79"},"geometry":{"type":"LineString","coordinates":[[-71.69491,10.68968],[-71.69645,10.69172]]}},{"type":"Feature","id":"way/641791288","properties":{"highway":"secondary","ref":"R-79"},"geometry":{"type":"LineString","coordinates":[[-71.69481,10.68954],[-71.69491,10.68968]]}},{"type":"Feature","id":"way/647041083","properties":{"highway":"primary_link"},"geometry":{"type":"LineString","coordinates":[[-71.63646,10.65454],[-71.63624,10.65459]]}},{"type":"Feature","id":"way/647047281","properties":{"name":"Retorno","highway":"trunk_link","ref":"T-17"},"geometry":{"type":"LineString","coordinates":[[-71.28038,10.33678],[-71.281,10.33657]]}},{"type":"Feature","id":"way/647047282","properties":{"name":"Retorno","highway":"trunk_link","ref":"T-17"},"geometry":{"type":"LineString","coordinates":[[-71.26563,10.31273],[-71.26505,10.31227],[-71.26528,10.31309]]}},{"type":"Feature","id":"way/647047283","properties":{"name":"Retorno","highway":"trunk_link","ref":"T-17"},"geometry":{"type":"LineString","coordinates":[[-71.26466,10.31209],[-71.26504,10.31178]]}},{"type":"Feature","id":"way/647047284","properties":{"name":"Gran Autopista de Occidente","highway":"trunk","ref":"T-17"},"geometry":{"type":"LineString","coordinates":[[-71.23871,10.27038],[-71.23884,10.27058]]}},{"type":"Feature","id":"way/647047286","properties":{"name":"Gran Autopista de Occidente","highway":"trunk","ref":"T-17"},"geometry":{"type":"LineString","coordinates":[[-71.21765,10.23387],[-71.23871,10.27038]]}},{"type":"Feature","id":"way/647048397","properties":{"highway":"primary_link"},"geometry":{"type":"LineString","coordinates":[[-70.89103,9.83744],[-70.89063,9.83538]]}},{"type":"Feature","id":"way/647048399","properties":{"highway":"primary_link"},"geometry":{"type":"LineString","coordinates":[[-70.89046,9.83564],[-70.88993,9.83549]]}},{"type":"Feature","id":"way/658900474","properties":{"highway":"trunk_link","ref":"T-6"},"geometry":{"type":"LineString","coordinates":[[-71.65312,10.60218],[-71.6534,10.60215]]}},{"type":"Feature","id":"way/658900477","properties":{"highway":"trunk_link","ref":"T-6"},"geometry":{"type":"LineString","coordinates":[[-71.65346,10.60168],[-71.65311,10.60175]]}},{"type":"Feature","id":"way/658900479","properties":{"highway":"trunk_link"},"geometry":{"type":"LineString","coordinates":[[-71.6535,10.60209],[-71.6535,10.60172]]}},{"type":"Feature","id":"way/660526995","properties":{"highway":"primary_link"},"geometry":{"type":"LineString","coordinates":[[-71.61907,10.64592],[-71.62031,10.64597]]}},{"type":"Feature","id":"way/662090987","properties":{"name":"Retorno","highway":"trunk_link","ref":"T-17"},"geometry":{"type":"LineString","coordinates":[[-71.2256,10.24795],[-71.22607,10.24775]]}},{"type":"Feature","id":"way/662090991","properties":{"name":"Gran Autopista de Occidente","highway":"trunk","ref":"T-17"},"geometry":{"type":"LineString","coordinates":[[-71.32869,10.37521],[-71.2808,10.33641],[-71.27549,10.32898],[-71.27091,10.31933]]}},{"type":"Feature","id":"way/662090992","properties":{"name":"Carretera La Plata","highway":"secondary","ref":"T-17"},"geometry":{"type":"LineString","coordinates":[[-71.27304,10.32055],[-71.27091,10.31933]]}},{"type":"Feature","id":"way/662234396","properties":{"name":"Gran Autopista de Occidente","highway":"trunk","ref":"T-17"},"geometry":{"type":"LineString","coordinates":[[-71.23884,10.27058],[-71.26528,10.31309],[-71.27298,10.32993],[-71.28556,10.34097]]}},{"type":"Feature","id":"way/666999946","properties":{"name":"Distribuidor La Vanega","highway":"primary_link"},"geometry":{"type":"LineString","coordinates":[[-71.67265,10.61243],[-71.67374,10.60976]]}},{"type":"Feature","id":"way/666999948","properties":{"name":"Distribuidor La Vanega","highway":"primary_link"},"geometry":{"type":"LineString","coordinates":[[-71.67271,10.61065],[-71.67252,10.61125]]}},{"type":"Feature","id":"way/666999951","properties":{"name":"Distribuidor La Vanega","highway":"primary_link"},"geometry":{"type":"LineString","coordinates":[[-71.67239,10.61007],[-71.67281,10.6095],[-71.67295,10.61022]]}},{"type":"Feature","id":"way/666999953","properties":{"name":"Distribuidor La Vanega","highway":"primary_link"},"geometry":{"type":"LineString","coordinates":[[-71.67372,10.60819],[-71.67218,10.6083]]}},{"type":"Feature","id":"way/666999961","properties":{"name":"Avenida Don Manuel Belloso","highway":"primary_link","ref":"R-72"},"geometry":{"type":"LineString","coordinates":[[-71.67208,10.61114],[-71.67152,10.61162]]}},{"type":"Feature","id":"way/666999965","properties":{"name":"Distribuidor La Vanega","highway":"primary_link"},"geometry":{"type":"LineString","coordinates":[[-71.67218,10.61103],[-71.67166,10.61065],[-71.67232,10.61071]]}},{"type":"Feature","id":"way/666999966","properties":{"name":"Distribuidor La Vanega","highway":"primary_link"},"geometry":{"type":"LineString","coordinates":[[-71.67245,10.61184],[-71.67184,10.61167]]}},{"type":"Feature","id":"way/674772599","properties":{"name":"Distribuidor Lossada","highway":"primary"},"geometry":{"type":"LineString","coordinates":[[-71.61912,10.64194],[-71.61924,10.64118]]}},{"type":"Feature","id":"way/674789264","properties":{"name":"Carretera Regional Tres Bocas - Nueva Lucha","highway":"primary","ref":"L-1"},"geometry":{"type":"LineString","coordinates":[[-71.75688,10.81028],[-71.75684,10.81073]]}},{"type":"Feature","id":"way/675265975","properties":{"highway":"tertiary","ref":"R-60"},"geometry":{"type":"LineString","coordinates":[[-71.51216,10.54073],[-71.51534,10.53637],[-71.51823,10.53496]]}},{"type":"Feature","id":"way/680408495","properties":{"highway":"primary_link"},"geometry":{"type":"LineString","coordinates":[[-71.67794,10.68771],[-71.67758,10.68786]]}},{"type":"Feature","id":"way/680408496","properties":{"highway":"primary_link"},"geometry":{"type":"LineString","coordinates":[[-71.67748,10.68793],[-71.67759,10.68828]]}},{"type":"Feature","id":"way/685270282","properties":{"highway":"tertiary"},"geometry":{"type":"LineString","coordinates":[[-71.67941,10.68916],[-71.68042,10.688]]}},{"type":"Feature","id":"way/685270284","properties":{"highway":"secondary","ref":"R-79"},"geometry":{"type":"LineString","coordinates":[[-71.6867,10.67575],[-71.6865,10.67469]]}},{"type":"Feature","id":"way/685270321","properties":{"name":"Calle 96A","highway":"tertiary"},"geometry":{"type":"LineString","coordinates":[[-71.67473,10.64536],[-71.67485,10.64534]]}},{"type":"Feature","id":"way/685270332","properties":{"name":"Avenida Circunvalaci\u00f3n 3","highway":"secondary","ref":"R-79"},"geometry":{"type":"LineString","coordinates":[[-71.67091,10.59743],[-71.67251,10.61245],[-71.67263,10.62656]]}},{"type":"Feature","id":"way/685281354","properties":{"highway":"primary_link"},"geometry":{"type":"LineString","coordinates":[[-71.61916,10.64566],[-71.61907,10.64565]]}},{"type":"Feature","id":"way/685281373","properties":{"highway":"tertiary"},"geometry":{"type":"LineString","coordinates":[[-71.63315,10.61748],[-71.63332,10.61755]]}},{"type":"Feature","id":"way/685281374","properties":{"name":"av 52","highway":"tertiary"},"geometry":{"type":"LineString","coordinates":[[-71.65098,10.60438],[-71.65104,10.60441]]}},{"type":"Feature","id":"way/685281377","properties":{"name":"Avenida 21","highway":"tertiary"},"geometry":{"type":"LineString","coordinates":[[-71.65307,10.62771],[-71.65299,10.62877]]}},{"type":"Feature","id":"way/685281378","properties":{"highway":"tertiary"},"geometry":{"type":"LineString","coordinates":[[-71.65307,10.62771],[-71.65224,10.62763]]}},{"type":"Feature","id":"way/685281379","properties":{"name":"Avenida 20A","highway":"tertiary"},"geometry":{"type":"LineString","coordinates":[[-71.65027,10.62393],[-71.65057,10.6258]]}},{"type":"Feature","id":"way/685281380","properties":{"name":"Avenida 44","highway":"tertiary"},"geometry":{"type":"LineString","coordinates":[[-71.64799,10.61382],[-71.64777,10.61377]]}},{"type":"Feature","id":"way/685281382","properties":{"highway":"tertiary"},"geometry":{"type":"LineString","coordinates":[[-71.65197,10.62361],[-71.65201,10.62318]]}},{"type":"Feature","id":"way/685289466","properties":{"name":"Avenida 1 de Mayo","highway":"tertiary"},"geometry":{"type":"LineString","coordinates":[[-71.62692,10.64997],[-71.62684,10.65027]]}},{"type":"Feature","id":"way/685289469","properties":{"name":"Avenida 1 de Mayo","highway":"tertiary"},"geometry":{"type":"LineString","coordinates":[[-71.62735,10.65539],[-71.62761,10.66125]]}},{"type":"Feature","id":"way/685289475","properties":{"highway":"tertiary"},"geometry":{"type":"LineString","coordinates":[[-71.62788,10.66359],[-71.62879,10.66164]]}},{"type":"Feature","id":"way/685295216","properties":{"name":"Avenida 5","highway":"tertiary"},"geometry":{"type":"LineString","coordinates":[[-71.6092,10.70109],[-71.60853,10.70376]]}},{"type":"Feature","id":"way/685295254","properties":{"name":"Avenida 100","highway":"tertiary"},"geometry":{"type":"LineString","coordinates":[[-71.67384,10.71224],[-71.67354,10.71259]]}},{"type":"Feature","id":"way/693096302","properties":{"highway":"tertiary"},"geometry":{"type":"LineString","coordinates":[[-72.59962,10.11878],[-72.59582,10.1177],[-72.59465,10.11645],[-72.59462,10.11479],[-72.59692,10.11298],[-72.59637,10.10987],[-72.59716,10.10247],[-72.59452,10.09867],[-72.59472,10.07714],[-72.57596,10.07585],[-72.56637,10.07638],[-72.56477,10.06836]]}},{"type":"Feature","id":"way/694765660","properties":{"highway":"primary_link"},"geometry":{"type":"LineString","coordinates":[[-70.91504,9.8578],[-70.91478,9.8575]]}},{"type":"Feature","id":"way/694765665","properties":{"highway":"secondary","ref":"R-13"},"geometry":{"type":"LineString","coordinates":[[-70.9146,9.85764],[-70.91881,9.85388],[-70.92248,9.84852],[-70.9266,9.84656]]}},{"type":"Feature","id":"way/694765666","properties":{"highway":"secondary","ref":"R-13"},"geometry":{"type":"LineString","coordinates":[[-70.9266,9.84656],[-70.92252,9.84835],[-70.91839,9.85425],[-70.9146,9.85764]]}},{"type":"Feature","id":"way/694765681","properties":{"name":"Avenida Independencia","highway":"secondary","ref":"R-13;R-48"},"geometry":{"type":"LineString","coordinates":[[-70.9297,9.84571],[-70.92905,9.84024],[-70.93074,9.83108],[-70.92969,9.82552],[-70.92999,9.81405]]}},{"type":"Feature","id":"way/694765682","properties":{"name":"Avenida Independencia","highway":"secondary","ref":"R-13;R-48"},"geometry":{"type":"LineString","coordinates":[[-70.92993,9.81405],[-70.9296,9.82553],[-70.93065,9.83108],[-70.92899,9.84023],[-70.92962,9.84573]]}},{"type":"Feature","id":"way/701165868","properties":{"highway":"tertiary"},"geometry":{"type":"LineString","coordinates":[[-71.96561,9.00285],[-71.96551,9.00263]]}},{"type":"Feature","id":"way/701165869","properties":{"highway":"tertiary"},"geometry":{"type":"LineString","coordinates":[[-71.96331,9.00502],[-71.9652,9.00426],[-71.96561,9.00285]]}},{"type":"Feature","id":"way/701165870","properties":{"highway":"tertiary"},"geometry":{"type":"LineString","coordinates":[[-71.96562,9.00072],[-71.96049,9.00162],[-71.95665,8.99931]]}},{"type":"Feature","id":"way/701180596","properties":{"name":"via las Rurales","highway":"tertiary","ref":"R-36"},"geometry":{"type":"LineString","coordinates":[[-71.60704,8.96093],[-71.60155,8.96075],[-71.59836,8.9592]]}},{"type":"Feature","id":"way/704568390","properties":{"highway":"tertiary"},"geometry":{"type":"LineString","coordinates":[[-71.52641,10.67663],[-71.52616,10.67453]]}},{"type":"Feature","id":"way/704568391","properties":{"highway":"tertiary"},"geometry":{"type":"LineString","coordinates":[[-71.52616,10.67453],[-71.52641,10.67663]]}},{"type":"Feature","id":"way/705491365","properties":{"highway":"tertiary","ref":"T-6"},"geometry":{"type":"LineString","coordinates":[[-71.74611,10.96838],[-71.75069,10.97091],[-71.75401,10.9701],[-71.76068,10.97195]]}},{"type":"Feature","id":"way/705491366","properties":{"highway":"tertiary","ref":"T-6"},"geometry":{"type":"LineString","coordinates":[[-71.74589,10.96826],[-71.74611,10.96838]]}},{"type":"Feature","id":"way/705519353","properties":{"highway":"tertiary","ref":"R-50"},"geometry":{"type":"LineString","coordinates":[[-70.91945,10.07791],[-70.8965,10.15918]]}},{"type":"Feature","id":"way/705790315","properties":{"highway":"tertiary"},"geometry":{"type":"LineString","coordinates":[[-71.15154,9.19568],[-71.15111,9.19558]]}},{"type":"Feature","id":"way/705790316","properties":{"highway":"tertiary"},"geometry":{"type":"LineString","coordinates":[[-71.15134,9.196],[-71.16038,9.1873]]}},{"type":"Feature","id":"way/738011538","properties":{"name":"Avenida 5","highway":"secondary","ref":"R-16"},"geometry":{"type":"LineString","coordinates":[[-71.62056,10.55465],[-71.6214,10.54595],[-71.62626,10.53732]]}},{"type":"Feature","id":"way/738011539","properties":{"name":"Avenida 5","highway":"secondary","ref":"R-16"},"geometry":{"type":"LineString","coordinates":[[-71.62051,10.5552],[-71.62056,10.55465]]}},{"type":"Feature","id":"way/738011540","properties":{"name":"Avenida 5","highway":"secondary","ref":"R-16"},"geometry":{"type":"LineString","coordinates":[[-71.62039,10.5552],[-71.62001,10.55829],[-71.61746,10.56358],[-71.61704,10.56974]]}},{"type":"Feature","id":"way/738011541","properties":{"name":"Avenida 5","highway":"secondary","ref":"R-16"},"geometry":{"type":"LineString","coordinates":[[-71.62045,10.55463],[-71.62039,10.5552]]}},{"type":"Feature","id":"way/741632963","properties":{"name":"Puente General Rafael Urdaneta","highway":"trunk","ref":"T-3"},"geometry":{"type":"LineString","coordinates":[[-71.5306,10.57572],[-71.53091,10.5757]]}},{"type":"Feature","id":"way/741632964","properties":{"name":"Puente General Rafael Urdaneta","highway":"trunk","ref":"T-3"},"geometry":{"type":"LineString","coordinates":[[-71.5309,10.5756],[-71.5295,10.57564]]}},{"type":"Feature","id":"way/741632965","properties":{"name":"Retorno","highway":"trunk_link","ref":"T-17"},"geometry":{"type":"LineString","coordinates":[[-71.40152,10.44554],[-71.40177,10.44546]]}},{"type":"Feature","id":"way/741632966","properties":{"name":"Retorno","highway":"trunk_link","ref":"T-17"},"geometry":{"type":"LineString","coordinates":[[-71.29621,10.34893],[-71.29573,10.34929]]}},{"type":"Feature","id":"way/741632967","properties":{"name":"Retorno","highway":"trunk_link","ref":"T-17"},"geometry":{"type":"LineString","coordinates":[[-71.29504,10.34873],[-71.29557,10.34841]]}},{"type":"Feature","id":"way/741632968","properties":{"highway":"trunk_link"},"geometry":{"type":"LineString","coordinates":[[-71.21901,10.23611],[-71.21867,10.2363]]}},{"type":"Feature","id":"way/741632969","properties":{"name":"Retorno","highway":"trunk_link"},"geometry":{"type":"LineString","coordinates":[[-71.21864,10.23551],[-71.21825,10.23561]]}},{"type":"Feature","id":"way/741632970","properties":{"name":"Retorno","highway":"trunk_link","ref":"T-17"},"geometry":{"type":"LineString","coordinates":[[-71.24552,10.27973],[-71.24491,10.28007]]}},{"type":"Feature","id":"way/747830245","properties":{"name":"V\u00eda a Las Rurales","highway":"secondary","ref":"R-36"},"geometry":{"type":"LineString","coordinates":[[-71.62207,8.97483],[-71.62042,8.98445],[-71.60883,9.00147]]}},{"type":"Feature","id":"way/758812067","properties":{"highway":"tertiary"},"geometry":{"type":"LineString","coordinates":[[-71.63526,10.55787],[-71.63544,10.55748]]}},{"type":"Feature","id":"way/761279580","properties":{"name":"Avenida 16","highway":"trunk","ref":"T-6"},"geometry":{"type":"LineString","coordinates":[[-71.63496,10.69267],[-71.63499,10.69278]]}},{"type":"Feature","id":"way/761279581","properties":{"name":"Avenida 16","highway":"trunk","ref":"T-6"},"geometry":{"type":"LineString","coordinates":[[-71.6351,10.69277],[-71.63506,10.69266]]}},{"type":"Feature","id":"way/761290867","properties":{"name":"Avenida El Milagro","highway":"secondary","ref":"R-72"},"geometry":{"type":"LineString","coordinates":[[-71.59845,10.68738],[-71.5931,10.68031],[-71.59132,10.67393],[-71.59162,10.66845],[-71.59691,10.65685],[-71.59813,10.65107],[-71.60672,10.63881]]}},{"type":"Feature","id":"way/761290875","properties":{"name":"Avenida Milagro Norte","highway":"secondary","ref":"R-72"},"geometry":{"type":"LineString","coordinates":[[-71.59913,10.68816],[-71.59915,10.68807]]}},{"type":"Feature","id":"way/761290876","properties":{"name":"Avenida Milagro Norte","highway":"secondary","ref":"R-72"},"geometry":{"type":"LineString","coordinates":[[-71.59906,10.68801],[-71.59904,10.68809]]}},{"type":"Feature","id":"way/761290877","properties":{"name":"Avenida Circunvalaci\u00f3n 2","highway":"secondary","ref":"R-72"},"geometry":{"type":"LineString","coordinates":[[-71.59906,10.68801],[-71.59845,10.68738]]}},{"type":"Feature","id":"way/761291111","properties":{"name":"Avenida 3","highway":"tertiary"},"geometry":{"type":"LineString","coordinates":[[-71.6059,10.64331],[-71.60588,10.64342]]}},{"type":"Feature","id":"way/761300314","properties":{"name":"Avenida Las Delicias","highway":"primary","ref":"R-16"},"geometry":{"type":"LineString","coordinates":[[-71.61891,10.63748],[-71.61886,10.63682]]}},{"type":"Feature","id":"way/761300315","properties":{"name":"Avenida Las Delicias","highway":"primary","ref":"R-16"},"geometry":{"type":"LineString","coordinates":[[-71.61882,10.63789],[-71.61891,10.63938]]}},{"type":"Feature","id":"way/761319617","properties":{"highway":"primary_link"},"geometry":{"type":"LineString","coordinates":[[-71.64725,10.55768],[-71.64749,10.55747]]}},{"type":"Feature","id":"way/761319618","properties":{"highway":"primary_link"},"geometry":{"type":"LineString","coordinates":[[-71.64747,10.55747],[-71.64719,10.55731]]}},{"type":"Feature","id":"way/761319619","properties":{"highway":"primary_link"},"geometry":{"type":"LineString","coordinates":[[-71.64709,10.5572],[-71.64687,10.55747]]}},{"type":"Feature","id":"way/761319620","properties":{"highway":"primary_link"},"geometry":{"type":"LineString","coordinates":[[-71.64692,10.55747],[-71.64716,10.55765]]}},{"type":"Feature","id":"way/761540730","properties":{"name":"Distribuidor La Chinita","highway":"primary_link"},"geometry":{"type":"LineString","coordinates":[[-71.70632,10.5904],[-71.70633,10.59031]]}},{"type":"Feature","id":"way/761563335","properties":{"highway":"tertiary"},"geometry":{"type":"LineString","coordinates":[[-71.63344,10.66875],[-71.63338,10.66879]]}},{"type":"Feature","id":"way/761563339","properties":{"highway":"tertiary"},"geometry":{"type":"LineString","coordinates":[[-71.6278,10.66366],[-71.62788,10.66359]]}},{"type":"Feature","id":"way/761564492","properties":{"name":"Avenida Universidad","highway":"tertiary"},"geometry":{"type":"LineString","coordinates":[[-71.64197,10.6637],[-71.64202,10.66362]]}},{"type":"Feature","id":"way/761564493","properties":{"name":"Avenida Universidad","highway":"tertiary"},"geometry":{"type":"LineString","coordinates":[[-71.64194,10.66358],[-71.6419,10.66365]]}},{"type":"Feature","id":"way/761573569","properties":{"highway":"tertiary"},"geometry":{"type":"LineString","coordinates":[[-71.34516,10.22017],[-71.34525,10.22011]]}},{"type":"Feature","id":"way/761573571","properties":{"highway":"tertiary"},"geometry":{"type":"LineString","coordinates":[[-71.43463,10.36904],[-71.43451,10.36906]]}},{"type":"Feature","id":"way/761575951","properties":{"highway":"tertiary","ref":"R-12"},"geometry":{"type":"LineString","coordinates":[[-71.28155,10.16537],[-71.28157,10.16549]]}},{"type":"Feature","id":"way/763244203","properties":{"name":"Calle 93","highway":"tertiary"},"geometry":{"type":"LineString","coordinates":[[-71.65785,10.65376],[-71.65803,10.65388]]}},{"type":"Feature","id":"way/763245066","properties":{"name":"Calle Principal","highway":"tertiary"},"geometry":{"type":"LineString","coordinates":[[-71.66381,10.64421],[-71.66397,10.64442]]}},{"type":"Feature","id":"way/763246373","properties":{"name":"Avenida Milagro Norte","highway":"primary","ref":"R-16;R-72"},"geometry":{"type":"LineString","coordinates":[[-71.6278,10.73067],[-71.62791,10.73066]]}},{"type":"Feature","id":"way/763246374","properties":{"name":"Avenida Milagro Norte","highway":"primary","ref":"R-16;R-72"},"geometry":{"type":"LineString","coordinates":[[-71.62791,10.73058],[-71.6278,10.73058]]}},{"type":"Feature","id":"way/763246403","properties":{"name":"V\u00eda a Tul\u00e9","highway":"secondary","ref":"R-1"},"geometry":{"type":"LineString","coordinates":[[-71.63039,10.73576],[-71.63026,10.7358]]}},{"type":"Feature","id":"way/777871822","properties":{"name":"Avenida Valmore Rodr\u00edguez","highway":"tertiary","ref":"R-12"},"geometry":{"type":"LineString","coordinates":[[-71.13369,9.9771],[-71.13366,9.97698]]}},{"type":"Feature","id":"way/777871823","properties":{"name":"Avenida Valmore Rodr\u00edguez","highway":"tertiary","ref":"R-12"},"geometry":{"type":"LineString","coordinates":[[-71.13366,9.97698],[-71.11988,9.95335]]}},{"type":"Feature","id":"way/778121439","properties":{"name":"Retorno","highway":"trunk_link"},"geometry":{"type":"LineString","coordinates":[[-71.64827,10.67797],[-71.6478,10.67769]]}},{"type":"Feature","id":"way/778121440","properties":{"name":"Retorno","highway":"trunk_link"},"geometry":{"type":"LineString","coordinates":[[-71.64792,10.67737],[-71.64845,10.6775]]}},{"type":"Feature","id":"way/778121743","properties":{"highway":"trunk_link"},"geometry":{"type":"LineString","coordinates":[[-71.65377,10.6626],[-71.65405,10.66247]]}},{"type":"Feature","id":"way/778121744","properties":{"highway":"trunk_link","ref":"T-6"},"geometry":{"type":"LineString","coordinates":[[-71.65352,10.66228],[-71.65366,10.66258]]}},{"type":"Feature","id":"way/778121745","properties":{"highway":"trunk_link"},"geometry":{"type":"LineString","coordinates":[[-71.65384,10.66211],[-71.65352,10.66228]]}},{"type":"Feature","id":"way/778121746","properties":{"highway":"trunk_link","ref":"T-6"},"geometry":{"type":"LineString","coordinates":[[-71.65405,10.66247],[-71.65393,10.66215]]}},{"type":"Feature","id":"way/778122569","properties":{"name":"Avenida 63A","highway":"tertiary"},"geometry":{"type":"LineString","coordinates":[[-71.66287,10.65693],[-71.66258,10.65728]]}},{"type":"Feature","id":"way/778122570","properties":{"name":"Calle 94","highway":"tertiary"},"geometry":{"type":"LineString","coordinates":[[-71.66317,10.65716],[-71.66287,10.65693]]}},{"type":"Feature","id":"way/778125199","properties":{"highway":"primary_link"},"geometry":{"type":"LineString","coordinates":[[-71.68626,10.67486],[-71.6865,10.67497]]}},{"type":"Feature","id":"way/778125200","properties":{"highway":"primary_link"},"geometry":{"type":"LineString","coordinates":[[-71.68659,10.67502],[-71.68659,10.6746]]}},{"type":"Feature","id":"way/778126645","properties":{"highway":"primary_link"},"geometry":{"type":"LineString","coordinates":[[-71.61713,10.5849],[-71.61668,10.58448]]}},{"type":"Feature","id":"way/778126724","properties":{"highway":"trunk_link"},"geometry":{"type":"LineString","coordinates":[[-71.64578,10.59124],[-71.6459,10.59144]]}},{"type":"Feature","id":"way/778126725","properties":{"highway":"trunk_link"},"geometry":{"type":"LineString","coordinates":[[-71.64611,10.59108],[-71.64585,10.59119]]}},{"type":"Feature","id":"way/778131497","properties":{"highway":"trunk_link"},"geometry":{"type":"LineString","coordinates":[[-71.69794,10.53806],[-71.69796,10.53835]]}},{"type":"Feature","id":"way/778131498","properties":{"highway":"trunk_link"},"geometry":{"type":"LineString","coordinates":[[-71.69848,10.53785],[-71.69803,10.53796]]}},{"type":"Feature","id":"way/785839939","properties":{"name":"Avenida 17","highway":"secondary"},"geometry":{"type":"LineString","coordinates":[[-71.62213,10.63795],[-71.62215,10.63815]]}},{"type":"Feature","id":"way/785839940","properties":{"name":"Avenida 17","highway":"secondary"},"geometry":{"type":"LineString","coordinates":[[-71.62215,10.63815],[-71.6222,10.63868]]}},{"type":"Feature","id":"way/785858797","properties":{"highway":"tertiary"},"geometry":{"type":"LineString","coordinates":[[-71.62935,10.63787],[-71.62903,10.63714]]}},{"type":"Feature","id":"way/785858798","properties":{"highway":"tertiary"},"geometry":{"type":"LineString","coordinates":[[-71.62945,10.63815],[-71.62935,10.63787]]}},{"type":"Feature","id":"way/786600454","properties":{"name":"Carretera Nacional Machiques - La Fr\u00eda","highway":"trunk","ref":"T-6"},"geometry":{"type":"LineString","coordinates":[[-72.60801,9.40868],[-72.60968,9.39182]]}},{"type":"Feature","id":"way/786600455","properties":{"name":"Carretera Nacional Machiques - La Fr\u00eda","highway":"trunk","ref":"T-6"},"geometry":{"type":"LineString","coordinates":[[-72.60795,9.40937],[-72.60801,9.40868]]}},{"type":"Feature","id":"way/786607985","properties":{"name":"Carretera Nacional Machiques - La Fr\u00eda","highway":"trunk","ref":"T-6"},"geometry":{"type":"LineString","coordinates":[[-72.60997,9.3885],[-72.61145,9.37926],[-72.62096,9.35404],[-72.63913,9.32201],[-72.64703,9.28873],[-72.65718,9.26212],[-72.65941,9.25371],[-72.66397,9.23362],[-72.66559,9.20169],[-72.66767,9.19091],[-72.66979,9.1819],[-72.68082,9.15335],[-72.67773,9.12897],[-72.67258,9.1181]]}},{"type":"Feature","id":"way/786607986","properties":{"name":"Carretera Nacional Machiques - La Fr\u00eda","highway":"trunk","ref":"T-6"},"geometry":{"type":"LineString","coordinates":[[-72.60968,9.39182],[-72.60974,9.39123]]}},{"type":"Feature","id":"way/787476563","properties":{"name":"Avenida 19","highway":"tertiary"},"geometry":{"type":"LineString","coordinates":[[-71.62963,10.64208],[-71.62971,10.64195]]}},{"type":"Feature","id":"way/787476564","properties":{"name":"Avenida 19","highway":"tertiary"},"geometry":{"type":"LineString","coordinates":[[-71.62952,10.64231],[-71.62963,10.64208]]}},{"type":"Feature","id":"way/787814141","properties":{"name":"Avenida Valmore Rodr\u00edguez","highway":"tertiary","ref":"R-12"},"geometry":{"type":"LineString","coordinates":[[-71.11988,9.95335],[-71.11654,9.94755]]}},{"type":"Feature","id":"way/791950411","properties":{"highway":"primary_link","ref":"T-3;R-4"},"geometry":{"type":"LineString","coordinates":[[-71.62874,10.64984],[-71.62849,10.64935]]}},{"type":"Feature","id":"way/796269573","properties":{"highway":"primary","ref":"L-1;R-4"},"geometry":{"type":"LineString","coordinates":[[-71.84702,10.61761],[-71.84187,10.61748]]}},{"type":"Feature","id":"way/796269574","properties":{"highway":"primary","ref":"L-1;R-4"},"geometry":{"type":"LineString","coordinates":[[-71.84714,10.61761],[-71.84702,10.61761]]}},{"type":"Feature","id":"way/802073314","properties":{"highway":"primary_link"},"geometry":{"type":"LineString","coordinates":[[-70.92978,9.81405],[-70.92993,9.81425]]}},{"type":"Feature","id":"way/832290144","properties":{"highway":"trunk_link"},"geometry":{"type":"LineString","coordinates":[[-71.08046,9.14323],[-71.08047,9.14277]]}},{"type":"Feature","id":"way/832290145","properties":{"highway":"trunk_link"},"geometry":{"type":"LineString","coordinates":[[-71.08009,9.14308],[-71.08038,9.14325]]}},{"type":"Feature","id":"way/834812719","properties":{"name":"Carretera Regional Casigua - Santa B\u00e1rbara","highway":"primary","ref":"L-2"},"geometry":{"type":"LineString","coordinates":[[-72.34675,8.82334],[-72.34204,8.82315]]}},{"type":"Feature","id":"way/834812720","properties":{"name":"Carretera Regional Casigua - Santa B\u00e1rbara","highway":"primary","ref":"L-2"},"geometry":{"type":"LineString","coordinates":[[-72.34817,8.82338],[-72.34675,8.82334]]}},{"type":"Feature","id":"way/835173361","properties":{"name":"Avenida Alonso de Ojeda","highway":"tertiary"},"geometry":{"type":"LineString","coordinates":[[-71.31636,10.19205],[-71.31484,10.19302]]}},{"type":"Feature","id":"way/839148058","properties":{"highway":"primary_link"},"geometry":{"type":"LineString","coordinates":[[-71.31042,10.18874],[-71.31106,10.18896]]}},{"type":"Feature","id":"way/847422053","properties":{"name":"Carretera Principal de Los Mayales","highway":"tertiary","ref":"R-6"},"geometry":{"type":"LineString","coordinates":[[-71.87731,10.87173],[-71.83436,10.8964],[-71.83099,10.89724],[-71.80042,10.92441],[-71.79231,10.92828]]}},{"type":"Feature","id":"way/848627404","properties":{"name":"Avenida Universidad","highway":"tertiary"},"geometry":{"type":"LineString","coordinates":[[-71.47448,10.39817],[-71.46706,10.3935]]}},{"type":"Feature","id":"way/860604986","properties":{"highway":"primary_link"},"geometry":{"type":"LineString","coordinates":[[-71.52837,10.54718],[-71.52902,10.54724]]}},{"type":"Feature","id":"way/865102940","properties":{"highway":"primary_link"},"geometry":{"type":"LineString","coordinates":[[-71.61849,10.63313],[-71.6188,10.63301]]}},{"type":"Feature","id":"way/865106096","properties":{"highway":"primary_link"},"geometry":{"type":"LineString","coordinates":[[-71.62228,10.63945],[-71.62269,10.63899]]}},{"type":"Feature","id":"way/865998838","properties":{"name":"Avenida Circunvalaci\u00f3n 3","highway":"secondary","ref":"R-79"},"geometry":{"type":"LineString","coordinates":[[-71.67263,10.62662],[-71.67391,10.64231],[-71.6759,10.64728]]}},{"type":"Feature","id":"way/865998839","properties":{"name":"Avenida Circunvalaci\u00f3n 3","highway":"secondary","ref":"R-79"},"geometry":{"type":"LineString","coordinates":[[-71.67263,10.62656],[-71.67263,10.62662]]}},{"type":"Feature","id":"way/865998840","properties":{"name":"Avenida Circunvalaci\u00f3n 3","highway":"secondary","ref":"R-79"},"geometry":{"type":"LineString","coordinates":[[-71.67274,10.62656],[-71.67265,10.61243],[-71.67091,10.59743]]}},{"type":"Feature","id":"way/865998841","properties":{"name":"Avenida Circunvalaci\u00f3n 3","highway":"secondary","ref":"R-79"},"geometry":{"type":"LineString","coordinates":[[-71.67274,10.62662],[-71.67274,10.62656]]}},{"type":"Feature","id":"way/865998872","properties":{"name":"Avenida Don Manuel Belloso","highway":"primary","ref":"R-72"},"geometry":{"type":"LineString","coordinates":[[-71.66353,10.62149],[-71.65821,10.62394]]}},{"type":"Feature","id":"way/865998873","properties":{"name":"Avenida Don Manuel Belloso","highway":"primary","ref":"R-72"},"geometry":{"type":"LineString","coordinates":[[-71.65821,10.62394],[-71.65813,10.62397]]}},{"type":"Feature","id":"way/865998874","properties":{"name":"Avenida Don Manuel Belloso","highway":"primary","ref":"R-72"},"geometry":{"type":"LineString","coordinates":[[-71.65822,10.62411],[-71.66359,10.62169]]}},{"type":"Feature","id":"way/865998875","properties":{"name":"Avenida Don Manuel Belloso","highway":"primary","ref":"R-72"},"geometry":{"type":"LineString","coordinates":[[-71.65814,10.62413],[-71.65822,10.62411]]}},{"type":"Feature","id":"way/865998890","properties":{"name":"Avenida Circunvalaci\u00f3n 2","highway":"trunk","ref":"T-6"},"geometry":{"type":"LineString","coordinates":[[-71.65064,10.67003],[-71.65607,10.65626],[-71.6625,10.64817],[-71.66369,10.64529],[-71.66416,10.62289],[-71.66074,10.61456]]}},{"type":"Feature","id":"way/865998891","properties":{"name":"Avenida Circunvalaci\u00f3n 2","highway":"trunk","ref":"T-6"},"geometry":{"type":"LineString","coordinates":[[-71.66074,10.61456],[-71.6607,10.61448]]}},{"type":"Feature","id":"way/865998893","properties":{"name":"Avenida Circunvalaci\u00f3n 2","highway":"trunk","ref":"T-6"},"geometry":{"type":"LineString","coordinates":[[-71.66058,10.61459],[-71.66062,10.61466]]}},{"type":"Feature","id":"way/865998895","properties":{"name":"Avenida Circunvalaci\u00f3n 2","highway":"trunk","ref":"T-6"},"geometry":{"type":"LineString","coordinates":[[-71.64547,10.69103],[-71.64541,10.69104]]}},{"type":"Feature","id":"way/865998897","properties":{"name":"Avenida Circunvalaci\u00f3n 2","highway":"trunk","ref":"T-6"},"geometry":{"type":"LineString","coordinates":[[-71.64525,10.69161],[-71.64531,10.69162]]}},{"type":"Feature","id":"way/865998899","properties":{"name":"Avenida Circunvalaci\u00f3n 1","highway":"trunk","ref":"T-3"},"geometry":{"type":"LineString","coordinates":[[-71.6266,10.57688],[-71.62668,10.57692]]}},{"type":"Feature","id":"way/865998900","properties":{"name":"Avenida Circunvalaci\u00f3n 1","highway":"trunk","ref":"T-3"},"geometry":{"type":"LineString","coordinates":[[-71.62662,10.57678],[-71.61747,10.57366]]}},{"type":"Feature","id":"way/865998901","properties":{"name":"Avenida Circunvalaci\u00f3n 1","highway":"trunk","ref":"T-3"},"geometry":{"type":"LineString","coordinates":[[-71.6267,10.57681],[-71.62662,10.57678]]}},{"type":"Feature","id":"way/865998902","properties":{"name":"Avenida Circunvalaci\u00f3n 1","highway":"primary","ref":"T-3"},"geometry":{"type":"LineString","coordinates":[[-71.62863,10.59972],[-71.62861,10.59751]]}},{"type":"Feature","id":"way/865998903","properties":{"name":"Avenida Circunvalaci\u00f3n 1","highway":"primary","ref":"T-3"},"geometry":{"type":"LineString","coordinates":[[-71.62861,10.59751],[-71.62861,10.59744]]}},{"type":"Feature","id":"way/865998904","properties":{"name":"Avenida Circunvalaci\u00f3n 1","highway":"primary","ref":"T-3"},"geometry":{"type":"LineString","coordinates":[[-71.62847,10.5976],[-71.6285,10.59977]]}},{"type":"Feature","id":"way/865998905","properties":{"name":"Avenida Circunvalaci\u00f3n 1","highway":"primary","ref":"T-3"},"geometry":{"type":"LineString","coordinates":[[-71.62847,10.59754],[-71.62847,10.5976]]}},{"type":"Feature","id":"way/865998907","properties":{"name":"Avenida Circunvalaci\u00f3n 1","highway":"primary","ref":"T-3"},"geometry":{"type":"LineString","coordinates":[[-71.62863,10.59978],[-71.62863,10.59972]]}},{"type":"Feature","id":"way/865998909","properties":{"name":"Avenida Circunvalaci\u00f3n 1","highway":"primary","ref":"T-3"},"geometry":{"type":"LineString","coordinates":[[-71.6285,10.59977],[-71.6285,10.59983]]}},{"type":"Feature","id":"way/865998910","properties":{"name":"Avenida Circunvalaci\u00f3n 1","highway":"primary","ref":"T-3"},"geometry":{"type":"LineString","coordinates":[[-71.62518,10.65045],[-71.62484,10.65041]]}},{"type":"Feature","id":"way/865998911","properties":{"name":"Avenida Circunvalaci\u00f3n 1","highway":"primary","ref":"T-3"},"geometry":{"type":"LineString","coordinates":[[-71.62525,10.65045],[-71.62518,10.65045]]}},{"type":"Feature","id":"way/865998912","properties":{"name":"Avenida Circunvalaci\u00f3n 1","highway":"primary","ref":"T-3"},"geometry":{"type":"LineString","coordinates":[[-71.62424,10.65046],[-71.62513,10.65056]]}},{"type":"Feature","id":"way/865998913","properties":{"name":"Avenida Circunvalaci\u00f3n 1","highway":"primary","ref":"T-3"},"geometry":{"type":"LineString","coordinates":[[-71.62513,10.65056],[-71.62519,10.65057]]}},{"type":"Feature","id":"way/866648679","properties":{"name":"V\u00eda a Tul\u00e9","highway":"secondary","ref":"R-1"},"geometry":{"type":"LineString","coordinates":[[-71.76211,10.71376],[-71.76169,10.71341]]}},{"type":"Feature","id":"way/866658051","properties":{"highway":"tertiary"},"geometry":{"type":"LineString","coordinates":[[-72.59962,10.11878],[-72.60366,10.11941]]}},{"type":"Feature","id":"way/866957302","properties":{"highway":"tertiary"},"geometry":{"type":"LineString","coordinates":[[-71.96382,9.00484],[-71.9638,9.00505]]}},{"type":"Feature","id":"way/866988587","properties":{"highway":"tertiary"},"geometry":{"type":"LineString","coordinates":[[-71.14842,9.95298],[-71.14994,9.95023]]}},{"type":"Feature","id":"way/866990334","properties":{"highway":"tertiary"},"geometry":{"type":"LineString","coordinates":[[-71.3451,10.22008],[-71.34013,10.22604]]}},{"type":"Feature","id":"way/867814602","properties":{"name":"Calle 26","highway":"tertiary","ref":"T-6"},"geometry":{"type":"LineString","coordinates":[[-71.73121,10.96233],[-71.73541,10.95813]]}},{"type":"Feature","id":"way/867814603","properties":{"name":"Calle 26","highway":"tertiary","ref":"T-6"},"geometry":{"type":"LineString","coordinates":[[-71.73541,10.95813],[-71.73543,10.95808]]}},{"type":"Feature","id":"way/871365316","properties":{"name":"Avenida Circunvalaci\u00f3n 2","highway":"secondary"},"geometry":{"type":"LineString","coordinates":[[-71.607,10.68971],[-71.59915,10.68807]]}},{"type":"Feature","id":"way/871365317","properties":{"name":"Avenida Circunvalaci\u00f3n 2","highway":"secondary"},"geometry":{"type":"LineString","coordinates":[[-71.60719,10.68977],[-71.607,10.68971]]}},{"type":"Feature","id":"way/871365319","properties":{"name":"Avenida Circunvalaci\u00f3n 2","highway":"secondary"},"geometry":{"type":"LineString","coordinates":[[-71.60695,10.68981],[-71.60714,10.68986]]}},{"type":"Feature","id":"way/876213701","properties":{"highway":"tertiary"},"geometry":{"type":"LineString","coordinates":[[-72.56503,10.06786],[-72.56237,10.06424]]}},{"type":"Feature","id":"way/876213702","properties":{"highway":"tertiary"},"geometry":{"type":"LineString","coordinates":[[-72.56477,10.06836],[-72.56503,10.06786]]}},{"type":"Feature","id":"way/877600028","properties":{"name":"Avenida Crist\u00f3bal Col\u00f3n","highway":"tertiary"},"geometry":{"type":"LineString","coordinates":[[-71.32332,10.20748],[-71.33921,10.22698]]}},{"type":"Feature","id":"way/877600029","properties":{"name":"Avenida Cristobal Col\u00f3n","highway":"tertiary"},"geometry":{"type":"LineString","coordinates":[[-71.31628,10.19544],[-71.31489,10.19309]]}},{"type":"Feature","id":"way/897364778","properties":{"name":"Carretera Nacional Machiques - La Fr\u00eda","highway":"trunk","ref":"T-6"},"geometry":{"type":"LineString","coordinates":[[-72.6736,8.9868],[-72.67358,8.98655]]}},{"type":"Feature","id":"way/897364779","properties":{"name":"Carretera Nacional Machiques - La Fr\u00eda","highway":"trunk","ref":"T-6"},"geometry":{"type":"LineString","coordinates":[[-72.67358,8.98655],[-72.67237,8.97131],[-72.665,8.95912]]}},{"type":"Feature","id":"way/931534112","properties":{"name":"Plaza General Rafael Urdaneta","highway":"tertiary","ref":"T-6"},"geometry":{"type":"LineString","coordinates":[[-71.73279,10.95888],[-71.73288,10.95882]]}},{"type":"Feature","id":"way/963855439","properties":{"name":"Avenida 17","highway":"primary","ref":"R-16"},"geometry":{"type":"LineString","coordinates":[[-71.6162,10.601],[-71.61592,10.60159]]}},{"type":"Feature","id":"way/963855440","properties":{"name":"Avenida 17","highway":"primary","ref":"R-16"},"geometry":{"type":"LineString","coordinates":[[-71.616,10.60162],[-71.61628,10.60105]]}},{"type":"Feature","id":"way/963855442","properties":{"name":"Avenida 5","highway":"primary","ref":"R-16"},"geometry":{"type":"LineString","coordinates":[[-71.6168,10.5851],[-71.61793,10.59426]]}},{"type":"Feature","id":"way/977386843","properties":{"name":"V\u00eda a Las Rurales","highway":"secondary","ref":"R-36"},"geometry":{"type":"LineString","coordinates":[[-71.60883,9.00147],[-71.61322,9.00251]]}},{"type":"Feature","id":"way/977386858","properties":{"name":"Carretera Panamericana","highway":"trunk","ref":"T-1"},"geometry":{"type":"LineString","coordinates":[[-71.08249,9.14093],[-71.08219,9.14119]]}},{"type":"Feature","id":"way/977386859","properties":{"name":"Carretera Panamericana","highway":"trunk","ref":"T-1"},"geometry":{"type":"LineString","coordinates":[[-71.08219,9.14119],[-71.08033,9.14289]]}},{"type":"Feature","id":"way/977386860","properties":{"name":"Carretera Panamericana Caja Seca - Arapuey","highway":"trunk","ref":"T-1"},"geometry":{"type":"LineString","coordinates":[[-71.04284,9.15909],[-70.99721,9.19259]]}},{"type":"Feature","id":"way/977426865","properties":{"name":"Carretera Regional Santa B\u00e1rbara - El Vig\u00eda","highway":"primary","ref":"L-2"},"geometry":{"type":"LineString","coordinates":[[-71.69961,8.70796],[-71.70459,8.71454],[-71.72638,8.72479],[-71.74231,8.76296]]}},{"type":"Feature","id":"way/977541329","properties":{"name":"Carretera Regional La Blanca - Pueblo Nuevo","highway":"primary","ref":"R-35"},"geometry":{"type":"LineString","coordinates":[[-71.62241,8.62116],[-71.62886,8.62333],[-71.62884,8.62965],[-71.63168,8.63733],[-71.63262,8.64536],[-71.63552,8.65665],[-71.63794,8.66086],[-71.64361,8.67598],[-71.64661,8.71747],[-71.6555,8.7324]]}},{"type":"Feature","id":"way/978054069","properties":{"name":"Avenida Crist\u00f3bal Col\u00f3n","highway":"tertiary"},"geometry":{"type":"LineString","coordinates":[[-71.32318,10.20706],[-71.31628,10.19544]]}},{"type":"Feature","id":"way/978054070","properties":{"name":"Avenida Crist\u00f3bal Col\u00f3n","highway":"tertiary"},"geometry":{"type":"LineString","coordinates":[[-71.32337,10.20742],[-71.32318,10.20706]]}},{"type":"Feature","id":"way/978054071","properties":{"name":"Avenida Crist\u00f3bal Col\u00f3n","highway":"tertiary"},"geometry":{"type":"LineString","coordinates":[[-71.31891,10.20002],[-71.32312,10.20712]]}},{"type":"Feature","id":"way/978054072","properties":{"name":"Avenida Crist\u00f3bal Col\u00f3n","highway":"tertiary"},"geometry":{"type":"LineString","coordinates":[[-71.32312,10.20712],[-71.32332,10.20748]]}},{"type":"Feature","id":"way/978054073","properties":{"highway":"tertiary"},"geometry":{"type":"LineString","coordinates":[[-71.34013,10.22604],[-71.33913,10.22688]]}},{"type":"Feature","id":"way/978054074","properties":{"name":"Avenida Crist\u00f3bal Col\u00f3n","highway":"tertiary"},"geometry":{"type":"LineString","coordinates":[[-71.31628,10.19544],[-71.31891,10.20002]]}},{"type":"Feature","id":"way/978562072","properties":{"name":"Carretera Panamericana Caja Seca - Arapuey","highway":"trunk","ref":"T-1"},"geometry":{"type":"LineString","coordinates":[[-70.99721,9.19259],[-70.99697,9.19277]]}},{"type":"Feature","id":"way/978779825","properties":{"name":"Carretera Negra","highway":"primary","ref":"L-2"},"geometry":{"type":"LineString","coordinates":[[-72.23837,9.04976],[-72.23647,9.05483],[-72.23357,9.05698],[-72.22533,9.05776],[-72.22219,9.05554]]}},{"type":"Feature","id":"way/978785566","properties":{"highway":"tertiary"},"geometry":{"type":"LineString","coordinates":[[-71.96551,9.00263],[-71.96562,9.00072]]}},{"type":"Feature","id":"way/978793445","properties":{"highway":"primary","ref":"L-2"},"geometry":{"type":"LineString","coordinates":[[-72.51508,8.74251],[-72.51364,8.74277]]}},{"type":"Feature","id":"way/978793447","properties":{"highway":"primary","ref":"L-2"},"geometry":{"type":"LineString","coordinates":[[-72.5232,8.72989],[-72.51982,8.73386],[-72.51774,8.73872],[-72.51527,8.73969],[-72.51508,8.74251]]}},{"type":"Feature","id":"way/978793448","properties":{"highway":"tertiary","ref":"R-67"},"geometry":{"type":"LineString","coordinates":[[-71.67914,8.89451],[-71.68107,8.8921]]}},{"type":"Feature","id":"way/978793449","properties":{"highway":"tertiary","ref":"R-67"},"geometry":{"type":"LineString","coordinates":[[-71.67767,8.88696],[-71.67803,8.87966],[-71.68185,8.8712],[-71.68296,8.86558]]}},{"type":"Feature","id":"way/978857969","properties":{"highway":"secondary","ref":"L-4"},"geometry":{"type":"LineString","coordinates":[[-71.69258,10.40591],[-71.69191,10.40594]]}},{"type":"Feature","id":"way/978857971","properties":{"highway":"secondary","ref":"L-4"},"geometry":{"type":"LineString","coordinates":[[-71.68198,10.4158],[-71.68157,10.41587]]}},{"type":"Feature","id":"way/978857972","properties":{"highway":"secondary","ref":"L-4"},"geometry":{"type":"LineString","coordinates":[[-71.68161,10.41612],[-71.68198,10.4158]]}},{"type":"Feature","id":"way/978857975","properties":{"highway":"tertiary","ref":"R-76"},"geometry":{"type":"LineString","coordinates":[[-71.75985,10.41749],[-71.74318,10.42635],[-71.72517,10.43764]]}},{"type":"Feature","id":"way/978857981","properties":{"highway":"secondary","ref":"R-26"},"geometry":{"type":"LineString","coordinates":[[-72.40692,10.01835],[-72.39598,10.01265]]}},{"type":"Feature","id":"way/978857984","properties":{"name":"Perimetral de Villa del Rosario","highway":"trunk","ref":"T-6"},"geometry":{"type":"LineString","coordinates":[[-72.30642,10.3243],[-72.30667,10.32313]]}},{"type":"Feature","id":"way/978857985","properties":{"name":"Perimetral de Villa del Rosario","highway":"trunk","ref":"T-6"},"geometry":{"type":"LineString","coordinates":[[-72.30667,10.32313],[-72.30634,10.32428]]}},{"type":"Feature","id":"way/978857986","properties":{"highway":"tertiary","ref":"T-6;R-17"},"geometry":{"type":"LineString","coordinates":[[-72.30707,10.32429],[-72.30634,10.32428]]}},{"type":"Feature","id":"way/979294154","properties":{"name":"Avenida Santa Teresa","highway":"primary"},"geometry":{"type":"LineString","coordinates":[[-72.53454,10.06166],[-72.53458,10.06164]]}},{"type":"Feature","id":"way/979294156","properties":{"highway":"tertiary"},"geometry":{"type":"LineString","coordinates":[[-72.50882,10.05239],[-72.50275,10.05121]]}},{"type":"Feature","id":"way/979302367","properties":{"name":"Carretera Nacional Machiques - La Fr\u00eda","highway":"trunk","ref":"T-6"},"geometry":{"type":"LineString","coordinates":[[-72.49891,9.76766],[-72.49899,9.7675]]}},{"type":"Feature","id":"way/979302368","properties":{"name":"Carretera Nacional Machiques - La Fr\u00eda","highway":"trunk","ref":"T-6"},"geometry":{"type":"LineString","coordinates":[[-72.49157,10.07246],[-72.48788,10.04305],[-72.48023,10.01032],[-72.48973,9.97065],[-72.49371,9.92533],[-72.49279,9.92058],[-72.4814,9.88831],[-72.48097,9.88413],[-72.48836,9.84383],[-72.48333,9.80185],[-72.49891,9.76766]]}},{"type":"Feature","id":"way/979309361","properties":{"name":"Carretera Nacional Machiques - La Fr\u00eda","highway":"trunk","ref":"T-6"},"geometry":{"type":"LineString","coordinates":[[-72.60991,9.38913],[-72.60997,9.3885]]}},{"type":"Feature","id":"way/979309365","properties":{"name":"Eje Agr\u00edcola de R\u00edo Negro","highway":"tertiary","ref":"R-82"},"geometry":{"type":"LineString","coordinates":[[-72.57797,9.66919],[-72.57819,9.66953]]}},{"type":"Feature","id":"way/979309366","properties":{"name":"Eje Agr\u00edcola de R\u00edo Negro","highway":"tertiary","ref":"R-82"},"geometry":{"type":"LineString","coordinates":[[-72.57797,9.66919],[-72.5783,9.66913]]}},{"type":"Feature","id":"way/979311621","properties":{"name":"V\u00eda a Pueblo Llano","highway":"tertiary","ref":"R-71"},"geometry":{"type":"LineString","coordinates":[[-72.48351,10.10888],[-72.49425,10.11382],[-72.50082,10.11477],[-72.50451,10.11634],[-72.51399,10.12731]]}},{"type":"Feature","id":"way/979322498","properties":{"name":"V\u00eda a Arimpia","highway":"tertiary","ref":"R-20"},"geometry":{"type":"LineString","coordinates":[[-72.38631,10.31413],[-72.37203,10.31602],[-72.3705,10.31541]]}},{"type":"Feature","id":"way/979374452","properties":{"name":"Carretera Nacional Machiques - La Fr\u00eda","highway":"trunk","ref":"T-6"},"geometry":{"type":"LineString","coordinates":[[-72.60974,9.39123],[-72.60991,9.38913]]}},{"type":"Feature","id":"way/979374453","properties":{"name":"Carretera Nacional Machiques - La Fr\u00eda","highway":"trunk","ref":"T-6"},"geometry":{"type":"LineString","coordinates":[[-72.58369,9.65161],[-72.58393,9.65089]]}},{"type":"Feature","id":"way/979374454","properties":{"name":"Carretera Nacional Machiques - La Fr\u00eda","highway":"trunk","ref":"T-6"},"geometry":{"type":"LineString","coordinates":[[-72.58393,9.65089],[-72.58914,9.63224],[-72.5889,9.59006],[-72.59431,9.55536],[-72.59027,9.50867],[-72.59397,9.46026],[-72.60461,9.42524],[-72.60795,9.40937]]}},{"type":"Feature","id":"way/979423606","properties":{"name":"V\u00eda a Campo Laberinto","highway":"tertiary","ref":"R-14"},"geometry":{"type":"LineString","coordinates":[[-72.23793,10.5533],[-72.23737,10.5533]]}},{"type":"Feature","id":"way/979423608","properties":{"highway":"secondary","ref":"R-86"},"geometry":{"type":"LineString","coordinates":[[-71.74736,10.91717],[-71.74066,10.91815],[-71.72576,10.91677],[-71.71739,10.90544],[-71.71665,10.87408],[-71.71304,10.87403],[-71.70985,10.86871],[-71.70969,10.8644],[-71.70632,10.85034],[-71.70159,10.84028],[-71.69493,10.82033],[-71.68921,10.81085],[-71.69139,10.80309],[-71.69108,10.7925]]}},{"type":"Feature","id":"way/979427784","properties":{"highway":"secondary","ref":"L-1"},"geometry":{"type":"LineString","coordinates":[[-72.00516,11.03077],[-72.00492,11.02465],[-72.00173,11.01301],[-71.99821,11.00943]]}},{"type":"Feature","id":"way/979427785","properties":{"name":"Carretera Regional Tres Bocas - Nueva Lucha","highway":"primary","ref":"L-1"},"geometry":{"type":"LineString","coordinates":[[-71.79696,10.81588],[-71.79101,10.8129],[-71.7709,10.80794],[-71.76437,10.80812],[-71.75688,10.81028]]}},{"type":"Feature","id":"way/979427787","properties":{"name":"Avenida Principal de La Paz","highway":"primary","ref":"L-1"},"geometry":{"type":"LineString","coordinates":[[-71.9908,10.67361],[-72.00117,10.68051]]}},{"type":"Feature","id":"way/979427788","properties":{"name":"Carretera Principal de Cuatro Bocas","highway":"primary","ref":"L-1"},"geometry":{"type":"LineString","coordinates":[[-71.85909,10.81975],[-71.85278,10.82377],[-71.83735,10.82184]]}},{"type":"Feature","id":"way/979430942","properties":{"name":"Carretera La Concepci\u00f3n - Cuatro Bocas","highway":"secondary","ref":"R-5"},"geometry":{"type":"LineString","coordinates":[[-71.8044,10.73239],[-71.8046,10.74329],[-71.82245,10.75563],[-71.82623,10.76488],[-71.83517,10.77679],[-71.84116,10.78292],[-71.8432,10.79619],[-71.84894,10.80009],[-71.85909,10.81975]]}},{"type":"Feature","id":"way/979541321","properties":{"name":"Carretera Nacional Paraguaipoa - El Moj\u00e1n","highway":"trunk","ref":"T-6"},"geometry":{"type":"LineString","coordinates":[[-71.84874,11.07879],[-71.85618,11.08947],[-71.85628,11.09335]]}},{"type":"Feature","id":"way/979541322","properties":{"name":"Carretera Nacional Paraguaipoa - El Moj\u00e1n","highway":"trunk","ref":"T-6"},"geometry":{"type":"LineString","coordinates":[[-71.79593,11.00901],[-71.79722,11.01439],[-71.84874,11.07879]]}},{"type":"Feature","id":"way/979552044","properties":{"name":"Carretera Nacional Maracaibo - El Moj\u00e1n","highway":"trunk","ref":"T-6"},"geometry":{"type":"LineString","coordinates":[[-71.69091,10.79249],[-71.68234,10.79316],[-71.66665,10.77034]]}},{"type":"Feature","id":"way/979554471","properties":{"name":"Carretera Nacional Maracaibo - El Moj\u00e1n","highway":"trunk","ref":"T-6"},"geometry":{"type":"LineString","coordinates":[[-71.6651,10.7689],[-71.66665,10.77034]]}},{"type":"Feature","id":"way/979554472","properties":{"name":"Carretera Nacional Maracaibo - El Moj\u00e1n","highway":"trunk","ref":"T-6"},"geometry":{"type":"LineString","coordinates":[[-71.66665,10.77034],[-71.6651,10.7689]]}},{"type":"Feature","id":"way/979575437","properties":{"name":"Carretera El Cero - Las Guardias","highway":"secondary","ref":"R-69"},"geometry":{"type":"LineString","coordinates":[[-71.90948,11.19329],[-71.90936,11.19366]]}},{"type":"Feature","id":"way/979575438","properties":{"name":"Carretera El Cero - Las Guardias","highway":"secondary","ref":"R-69"},"geometry":{"type":"LineString","coordinates":[[-71.90916,11.19326],[-71.90948,11.19329]]}},{"type":"Feature","id":"way/979663976","properties":{"highway":"secondary","ref":"L-1"},"geometry":{"type":"LineString","coordinates":[[-72.00791,11.03601],[-72.0064,11.03468]]}},{"type":"Feature","id":"way/979663977","properties":{"highway":"secondary","ref":"L-1"},"geometry":{"type":"LineString","coordinates":[[-72.0064,11.03468],[-72.00516,11.03077]]}},{"type":"Feature","id":"way/979663978","properties":{"highway":"secondary","ref":"L-1"},"geometry":{"type":"LineString","coordinates":[[-72.00629,11.03469],[-72.0064,11.03468]]}},{"type":"Feature","id":"way/979663979","properties":{"highway":"secondary","ref":"L-1"},"geometry":{"type":"LineString","coordinates":[[-72.00516,11.03077],[-72.00492,11.0313]]}},{"type":"Feature","id":"way/979823881","properties":{"name":"Carretera Nacional Paraguaipoa - Paraguach\u00f3n","highway":"trunk","ref":"T-6;L-5"},"geometry":{"type":"LineString","coordinates":[[-72.12632,11.35888],[-72.11088,11.35347],[-72.09149,11.35679],[-72.06927,11.35597]]}},{"type":"Feature","id":"way/979823882","properties":{"name":"Carretera Nacional Paraguaipoa - Paraguach\u00f3n","highway":"trunk","ref":"T-6;L-5"},"geometry":{"type":"LineString","coordinates":[[-71.98771,11.35635],[-71.97468,11.34885],[-71.9663,11.34714]]}},{"type":"Feature","id":"way/979830888","properties":{"name":"Carretera El Siete - Tres de Febrero","highway":"primary","ref":"R-44"},"geometry":{"type":"LineString","coordinates":[[-70.94911,9.66885],[-70.97156,9.62058],[-70.97807,9.59137]]}},{"type":"Feature","id":"way/979830889","properties":{"name":"Carretera El Siete - Tres de Febrero","highway":"primary","ref":"R-44"},"geometry":{"type":"LineString","coordinates":[[-70.94911,9.66885],[-70.92974,9.66913]]}},{"type":"Feature","id":"way/979830890","properties":{"highway":"primary","ref":"R-47"},"geometry":{"type":"LineString","coordinates":[[-70.90799,9.70758],[-70.90567,9.70564]]}},{"type":"Feature","id":"way/979830891","properties":{"name":"Carretera Mene Grande - El Siete","highway":"primary","ref":"R-44"},"geometry":{"type":"LineString","coordinates":[[-70.90742,9.70443],[-70.90673,9.70597],[-70.90799,9.70758]]}},{"type":"Feature","id":"way/979838777","properties":{"name":"Carretera San Pedro - San Joaqu\u00edn","highway":"secondary","ref":"R-13"},"geometry":{"type":"LineString","coordinates":[[-70.89091,9.77695],[-70.88784,9.77057],[-70.84643,9.76912],[-70.83816,9.77956]]}},{"type":"Feature","id":"way/979838778","properties":{"highway":"secondary","ref":"R-13"},"geometry":{"type":"LineString","coordinates":[[-70.9146,9.85764],[-70.91456,9.85803]]}},{"type":"Feature","id":"way/979838779","properties":{"highway":"primary_link"},"geometry":{"type":"LineString","coordinates":[[-70.9146,9.85764],[-70.91387,9.8584]]}},{"type":"Feature","id":"way/979838780","properties":{"name":"Avenida Independencia","highway":"primary","ref":"R-13;R-48"},"geometry":{"type":"LineString","coordinates":[[-70.92996,9.81204],[-70.92993,9.81405]]}},{"type":"Feature","id":"way/979838781","properties":{"name":"Carretera El Siete - Tres de Febrero","highway":"primary","ref":"R-44"},"geometry":{"type":"LineString","coordinates":[[-70.92974,9.66913],[-70.92868,9.6699],[-70.92335,9.68455]]}},{"type":"Feature","id":"way/979838785","properties":{"name":"Carretera Tomporo - El Toro","highway":"tertiary"},"geometry":{"type":"LineString","coordinates":[[-71.02996,9.62832],[-71.0279,9.63049],[-71.02793,9.63259]]}},{"type":"Feature","id":"way/979838787","properties":{"name":"Carretera Tomporo - El Toro","highway":"tertiary"},"geometry":{"type":"LineString","coordinates":[[-71.02304,9.65967],[-71.02271,9.66154]]}},{"type":"Feature","id":"way/979843519","properties":{"highway":"tertiary","ref":"R-13;R-48"},"geometry":{"type":"LineString","coordinates":[[-70.93332,9.85332],[-70.93504,9.85124],[-70.93424,9.84976]]}},{"type":"Feature","id":"way/979843520","properties":{"name":"Avenida Intercomunal","highway":"primary","ref":"L-3"},"geometry":{"type":"LineString","coordinates":[[-70.91456,9.85803],[-70.92415,9.85383],[-70.92818,9.85315]]}},{"type":"Feature","id":"way/980092421","properties":{"name":"Avenida Intercomunal","highway":"primary","ref":"L-3"},"geometry":{"type":"LineString","coordinates":[[-70.9298,9.85295],[-70.92818,9.85315]]}},{"type":"Feature","id":"way/980092422","properties":{"name":"Avenida Intercomunal","highway":"primary","ref":"L-3"},"geometry":{"type":"LineString","coordinates":[[-70.92818,9.85315],[-70.9298,9.85295]]}},{"type":"Feature","id":"way/981051247","properties":{"name":"Carretera Caracol\u00ed - El Abanico","highway":"secondary","ref":"R-34"},"geometry":{"type":"LineString","coordinates":[[-71.72278,8.80049],[-71.72567,8.7935],[-71.72677,8.78218],[-71.73468,8.77193]]}},{"type":"Feature","id":"way/981052041","properties":{"name":"Carretera El Abanico - Ca\u00f1o Blanco","highway":"secondary","ref":"R-34"},"geometry":{"type":"LineString","coordinates":[[-71.70542,8.81831],[-71.71548,8.80352],[-71.72278,8.80049]]}},{"type":"Feature","id":"way/981082753","properties":{"name":"Carretera Cuatro Esquinas - Puerto Chama","highway":"secondary","ref":"R-32"},"geometry":{"type":"LineString","coordinates":[[-71.67326,8.84499],[-71.67276,8.84436]]}},{"type":"Feature","id":"way/981082754","properties":{"name":"Carretera Cuatro Esquinas - Puerto Chama","highway":"secondary","ref":"R-32"},"geometry":{"type":"LineString","coordinates":[[-71.67276,8.84436],[-71.66696,8.83692]]}},{"type":"Feature","id":"way/981082755","properties":{"highway":"secondary","ref":"R-32"},"geometry":{"type":"LineString","coordinates":[[-71.67045,8.85796],[-71.6698,8.8555]]}},{"type":"Feature","id":"way/981082756","properties":{"name":"Carretera Cuatro Esquinas - Puerto Chama","highway":"secondary","ref":"R-32"},"geometry":{"type":"LineString","coordinates":[[-71.6698,8.8555],[-71.67103,8.85328],[-71.67543,8.84962],[-71.67514,8.84747],[-71.67326,8.84499]]}},{"type":"Feature","id":"way/981215369","properties":{"highway":"tertiary","ref":"R-56"},"geometry":{"type":"LineString","coordinates":[[-71.14363,10.48052],[-71.14479,10.48377]]}},{"type":"Feature","id":"way/981215370","properties":{"highway":"tertiary","ref":"R-56"},"geometry":{"type":"LineString","coordinates":[[-71.14204,10.481],[-71.13593,10.47633]]}},{"type":"Feature","id":"way/981215371","properties":{"name":"V\u00eda a Ziruma","highway":"secondary","ref":"R-58"},"geometry":{"type":"LineString","coordinates":[[-71.17533,10.38973],[-71.17941,10.38467],[-71.18089,10.38069],[-71.18226,10.37437],[-71.18184,10.3671],[-71.18267,10.36547],[-71.1877,10.36099],[-71.18877,10.35801],[-71.19212,10.35856],[-71.1978,10.35645],[-71.20461,10.34901],[-71.20957,10.34531],[-71.21112,10.33941],[-71.21728,10.33242],[-71.21881,10.32874],[-71.22267,10.32539],[-71.22658,10.32012],[-71.23704,10.31869],[-71.24594,10.32292],[-71.25646,10.32179],[-71.26526,10.32291],[-71.27217,10.321]]}},{"type":"Feature","id":"way/981215373","properties":{"highway":"tertiary","ref":"R-50"},"geometry":{"type":"LineString","coordinates":[[-70.8965,10.15918],[-70.89394,10.16831]]}},{"type":"Feature","id":"way/981218754","properties":{"name":"V\u00eda a Ziruma","highway":"secondary","ref":"R-58"},"geometry":{"type":"LineString","coordinates":[[-71.17533,10.38973],[-71.17491,10.39007]]}},{"type":"Feature","id":"way/981218758","properties":{"name":"Avenida Intercomunal","highway":"primary","ref":"L-3"},"geometry":{"type":"LineString","coordinates":[[-71.25451,10.14121],[-71.2506,10.13477]]}},{"type":"Feature","id":"way/981218759","properties":{"name":"Avenida Intercomunal","highway":"primary","ref":"L-3"},"geometry":{"type":"LineString","coordinates":[[-71.25052,10.13482],[-71.25444,10.14126]]}},{"type":"Feature","id":"way/981220766","properties":{"name":"Carretera Lara - Zulia","highway":"trunk","ref":"T-17"},"geometry":{"type":"LineString","coordinates":[[-70.90616,10.05406],[-70.90465,10.05334]]}},{"type":"Feature","id":"way/981220767","properties":{"name":"Carretera Lara - Zulia","highway":"trunk","ref":"T-17"},"geometry":{"type":"LineString","coordinates":[[-70.96234,10.07082],[-70.94393,10.0712],[-70.94,10.07014],[-70.92949,10.07205],[-70.92282,10.06723],[-70.91703,10.0665],[-70.9121,10.05906],[-70.90616,10.05406]]}},{"type":"Feature","id":"way/981242079","properties":{"name":"Carretera La Plata","highway":"secondary","ref":"R-58"},"geometry":{"type":"LineString","coordinates":[[-71.40567,10.32086],[-71.40555,10.32086]]}},{"type":"Feature","id":"way/981242082","properties":{"highway":"tertiary","ref":"R-57"},"geometry":{"type":"LineString","coordinates":[[-71.4306,10.36152],[-71.43036,10.3617]]}},{"type":"Feature","id":"way/981242083","properties":{"highway":"tertiary","ref":"R-57"},"geometry":{"type":"LineString","coordinates":[[-71.43069,10.36146],[-71.4306,10.36152]]}},{"type":"Feature","id":"way/981242087","properties":{"highway":"tertiary"},"geometry":{"type":"LineString","coordinates":[[-71.42519,10.40353],[-71.41881,10.39258]]}},{"type":"Feature","id":"way/981242090","properties":{"name":"Distribuidor Punta Iguana","highway":"primary","ref":"T-3"},"geometry":{"type":"LineString","coordinates":[[-71.53114,10.57758],[-71.52893,10.57701]]}},{"type":"Feature","id":"way/981242091","properties":{"name":"Distribuidor Punta Iguana","highway":"primary","ref":"L-3"},"geometry":{"type":"LineString","coordinates":[[-71.529,10.57711],[-71.53114,10.57769]]}},{"type":"Feature","id":"way/981242092","properties":{"highway":"primary","ref":"R-52"},"geometry":{"type":"LineString","coordinates":[[-71.22052,10.23961],[-71.22022,10.23978]]}},{"type":"Feature","id":"way/981242093","properties":{"highway":"primary","ref":"R-52"},"geometry":{"type":"LineString","coordinates":[[-71.21948,10.24031],[-71.22055,10.23968]]}},{"type":"Feature","id":"way/981256425","properties":{"name":"Carretera N","highway":"primary","ref":"R-52"},"geometry":{"type":"LineString","coordinates":[[-71.3099,10.18827],[-71.30986,10.18841]]}},{"type":"Feature","id":"way/981256427","properties":{"name":"Carretera P","highway":"tertiary"},"geometry":{"type":"LineString","coordinates":[[-71.27803,10.18194],[-71.29427,10.173]]}},{"type":"Feature","id":"way/981256428","properties":{"name":"Carretera O","highway":"tertiary"},"geometry":{"type":"LineString","coordinates":[[-71.30094,10.1813],[-71.30082,10.18136]]}},{"type":"Feature","id":"way/981256430","properties":{"name":"Calle Trujillo","highway":"tertiary"},"geometry":{"type":"LineString","coordinates":[[-71.31489,10.19309],[-71.31484,10.19302]]}},{"type":"Feature","id":"way/981256437","properties":{"highway":"tertiary"},"geometry":{"type":"LineString","coordinates":[[-71.3452,10.22003],[-71.3451,10.22008]]}},{"type":"Feature","id":"way/981256438","properties":{"highway":"tertiary"},"geometry":{"type":"LineString","coordinates":[[-71.29999,10.21941],[-71.30056,10.21899]]}},{"type":"Feature","id":"way/981256447","properties":{"name":"Carretera D","highway":"tertiary","ref":"R-58"},"geometry":{"type":"LineString","coordinates":[[-71.37301,10.26485],[-71.3731,10.2648]]}},{"type":"Feature","id":"way/981265281","properties":{"name":"Carretera U","highway":"secondary","ref":"R-53"},"geometry":{"type":"LineString","coordinates":[[-71.25052,10.13482],[-71.2506,10.13477]]}},{"type":"Feature","id":"way/981265287","properties":{"name":"Calle Vargas","highway":"tertiary"},"geometry":{"type":"LineString","coordinates":[[-71.29342,10.21048],[-71.3108,10.2006]]}},{"type":"Feature","id":"way/981272571","properties":{"name":"Avenida Valmore Rodr\u00edguez","highway":"tertiary","ref":"R-9"},"geometry":{"type":"LineString","coordinates":[[-71.52451,10.70801],[-71.52551,10.7086]]}},{"type":"Feature","id":"way/981272572","properties":{"highway":"tertiary","ref":"R-9"},"geometry":{"type":"LineString","coordinates":[[-71.52457,10.70794],[-71.52451,10.70801]]}},{"type":"Feature","id":"way/981272573","properties":{"highway":"tertiary","ref":"R-9"},"geometry":{"type":"LineString","coordinates":[[-71.52115,10.71322],[-71.5226,10.7142]]}},{"type":"Feature","id":"way/981272576","properties":{"highway":"tertiary"},"geometry":{"type":"LineString","coordinates":[[-71.51913,10.69917],[-71.51926,10.69918]]}},{"type":"Feature","id":"way/981272577","properties":{"highway":"trunk_link","ref":"R-9"},"geometry":{"type":"LineString","coordinates":[[-71.47278,10.58127],[-71.47286,10.58153]]}},{"type":"Feature","id":"way/981272578","properties":{"name":"Avenida Valmore Rodr\u00edguez","highway":"primary","ref":"R-9"},"geometry":{"type":"LineString","coordinates":[[-71.51944,10.69438],[-71.5196,10.68927]]}},{"type":"Feature","id":"way/981272579","properties":{"name":"Avenida Valmore Rodr\u00edguez","highway":"primary","ref":"R-9"},"geometry":{"type":"LineString","coordinates":[[-71.5196,10.68927],[-71.51937,10.69438]]}},{"type":"Feature","id":"way/981278686","properties":{"name":"Carretera Altagracia - Sabaneta","highway":"secondary","ref":"R-11"},"geometry":{"type":"LineString","coordinates":[[-71.52521,10.79549],[-71.53941,10.79535],[-71.54521,10.79416]]}},{"type":"Feature","id":"way/981278687","properties":{"name":"Carretera Altagracia - Sabaneta","highway":"secondary","ref":"R-9"},"geometry":{"type":"LineString","coordinates":[[-71.51792,10.75968],[-71.51902,10.76274],[-71.51928,10.79214],[-71.52521,10.79549]]}},{"type":"Feature","id":"way/981278690","properties":{"highway":"primary_link","ref":"R-54"},"geometry":{"type":"LineString","coordinates":[[-71.51955,10.69023],[-71.5193,10.6903]]}},{"type":"Feature","id":"way/981369232","properties":{"name":"Avenida Circunvalaci\u00f3n 2","highway":"trunk","ref":"T-6"},"geometry":{"type":"LineString","coordinates":[[-71.62882,10.59592],[-71.62915,10.59592]]}},{"type":"Feature","id":"way/981369233","properties":{"name":"Avenida Circunvalaci\u00f3n 2","highway":"trunk","ref":"T-6"},"geometry":{"type":"LineString","coordinates":[[-71.62798,10.59591],[-71.6282,10.59591]]}},{"type":"Feature","id":"way/981369234","properties":{"name":"Avenida Circunvalaci\u00f3n 2","highway":"trunk","ref":"T-6"},"geometry":{"type":"LineString","coordinates":[[-71.62821,10.59582],[-71.62798,10.59582]]}},{"type":"Feature","id":"way/981369235","properties":{"name":"Avenida 48 V\u00eda a La Ca\u00f1ada","highway":"trunk","ref":"T-6;L-4"},"geometry":{"type":"LineString","coordinates":[[-71.65118,10.58089],[-71.65118,10.58081]]}},{"type":"Feature","id":"way/981369236","properties":{"name":"Avenida Circunvalaci\u00f3n 1","highway":"trunk","ref":"T-3"},"geometry":{"type":"LineString","coordinates":[[-71.61357,10.57383],[-71.61647,10.57379]]}},{"type":"Feature","id":"way/981369237","properties":{"name":"Avenida Circunvalaci\u00f3n 1","highway":"trunk","ref":"T-3"},"geometry":{"type":"LineString","coordinates":[[-71.6165,10.57366],[-71.61598,10.57365]]}},{"type":"Feature","id":"way/981369238","properties":{"name":"Avenida Don Manuel Belloso","highway":"primary","ref":"R-72"},"geometry":{"type":"LineString","coordinates":[[-71.70495,10.58942],[-71.7048,10.58978]]}},{"type":"Feature","id":"way/981369245","properties":{"name":"Avenida Don Manuel Belloso","highway":"primary","ref":"R-72"},"geometry":{"type":"LineString","coordinates":[[-71.70497,10.5898],[-71.70518,10.58925]]}},{"type":"Feature","id":"way/981374150","properties":{"highway":"tertiary"},"geometry":{"type":"LineString","coordinates":[[-71.64713,10.55747],[-71.64721,10.55747]]}},{"type":"Feature","id":"way/981374151","properties":{"highway":"secondary","ref":"R-16"},"geometry":{"type":"LineString","coordinates":[[-71.65196,10.52181],[-71.64861,10.5205],[-71.64699,10.51714]]}},{"type":"Feature","id":"way/981374152","properties":{"name":"Avenida 5","highway":"secondary","ref":"R-16"},"geometry":{"type":"LineString","coordinates":[[-71.61716,10.56973],[-71.61767,10.56311],[-71.6201,10.55831],[-71.62051,10.5552]]}},{"type":"Feature","id":"way/981386471","properties":{"highway":"tertiary"},"geometry":{"type":"LineString","coordinates":[[-71.65329,10.6019],[-71.65321,10.60198]]}},{"type":"Feature","id":"way/981386472","properties":{"highway":"tertiary"},"geometry":{"type":"LineString","coordinates":[[-71.65326,10.60202],[-71.65333,10.60194]]}},{"type":"Feature","id":"way/981451848","properties":{"name":"Distribuidor Fern\u00e1ndez Mor\u00e1n","highway":"trunk_link"},"geometry":{"type":"LineString","coordinates":[[-71.64922,10.67545],[-71.65037,10.67248]]}},{"type":"Feature","id":"way/981451850","properties":{"name":"Avenida 18 Padilla","highway":"primary","ref":"R-4"},"geometry":{"type":"LineString","coordinates":[[-71.62896,10.64764],[-71.62981,10.64845]]}},{"type":"Feature","id":"way/981451851","properties":{"name":"Avenida La Limpia","highway":"primary","ref":"R-4"},"geometry":{"type":"LineString","coordinates":[[-71.63122,10.64972],[-71.62684,10.64584],[-71.62143,10.64598]]}},{"type":"Feature","id":"way/981451852","properties":{"name":"Avenida Milagro Norte","highway":"primary","ref":"R-16;R-72"},"geometry":{"type":"LineString","coordinates":[[-71.62068,10.72535],[-71.62061,10.72525]]}},{"type":"Feature","id":"way/981451853","properties":{"name":"Avenida Milagro Norte","highway":"primary","ref":"R-16;R-72"},"geometry":{"type":"LineString","coordinates":[[-71.6278,10.73058],[-71.62352,10.73018],[-71.62068,10.72535]]}},{"type":"Feature","id":"way/981451854","properties":{"name":"Avenida Milagro Norte","highway":"primary","ref":"R-16;R-72"},"geometry":{"type":"LineString","coordinates":[[-71.62052,10.72533],[-71.62059,10.72544]]}},{"type":"Feature","id":"way/981451855","properties":{"name":"Avenida Milagro Norte","highway":"primary","ref":"R-16;R-72"},"geometry":{"type":"LineString","coordinates":[[-71.62059,10.72544],[-71.6234,10.73022],[-71.6278,10.73067]]}},{"type":"Feature","id":"way/981453043","properties":{"name":"Distribuidor Lossada","highway":"primary"},"geometry":{"type":"LineString","coordinates":[[-71.61874,10.64039],[-71.61903,10.64198]]}},{"type":"Feature","id":"way/981453044","properties":{"name":"Distribuidor Lossada","highway":"primary"},"geometry":{"type":"LineString","coordinates":[[-71.61924,10.64118],[-71.61928,10.64068]]}},{"type":"Feature","id":"way/981453045","properties":{"highway":"primary_link"},"geometry":{"type":"LineString","coordinates":[[-71.61896,10.64563],[-71.61892,10.64562]]}},{"type":"Feature","id":"way/981453046","properties":{"highway":"primary_link"},"geometry":{"type":"LineString","coordinates":[[-71.61898,10.64563],[-71.61895,10.64577]]}},{"type":"Feature","id":"way/981454214","properties":{"name":"Calle 72","highway":"tertiary"},"geometry":{"type":"LineString","coordinates":[[-71.59684,10.67955],[-71.59674,10.67951]]}},{"type":"Feature","id":"way/981454218","properties":{"name":"Avenida Circunvalaci\u00f3n 2","highway":"trunk","ref":"T-6"},"geometry":{"type":"LineString","coordinates":[[-71.64531,10.69162],[-71.64629,10.69177]]}},{"type":"Feature","id":"way/981454220","properties":{"highway":"tertiary"},"geometry":{"type":"LineString","coordinates":[[-71.62921,10.67946],[-71.6293,10.67954]]}},{"type":"Feature","id":"way/981455438","properties":{"name":"Avenida 5","highway":"tertiary"},"geometry":{"type":"LineString","coordinates":[[-71.60737,10.70713],[-71.60741,10.70704]]}},{"type":"Feature","id":"way/981455440","properties":{"name":"Avenida 5","highway":"tertiary"},"geometry":{"type":"LineString","coordinates":[[-71.61072,10.69532],[-71.61031,10.69691]]}},{"type":"Feature","id":"way/981455441","properties":{"name":"Avenida 9B","highway":"tertiary"},"geometry":{"type":"LineString","coordinates":[[-71.61286,10.68369],[-71.61283,10.68376]]}},{"type":"Feature","id":"way/981455443","properties":{"highway":"tertiary"},"geometry":{"type":"LineString","coordinates":[[-71.62759,10.66131],[-71.62867,10.66189]]}},{"type":"Feature","id":"way/981455444","properties":{"highway":"tertiary"},"geometry":{"type":"LineString","coordinates":[[-71.62879,10.66164],[-71.62759,10.66131]]}},{"type":"Feature","id":"way/981550370","properties":{"highway":"tertiary"},"geometry":{"type":"LineString","coordinates":[[-71.61673,10.62451],[-71.61376,10.62476]]}},{"type":"Feature","id":"way/981550379","properties":{"highway":"tertiary"},"geometry":{"type":"LineString","coordinates":[[-71.62563,10.61855],[-71.62573,10.61808]]}},{"type":"Feature","id":"way/981550381","properties":{"highway":"tertiary"},"geometry":{"type":"LineString","coordinates":[[-71.61003,10.60888],[-71.60996,10.60883]]}},{"type":"Feature","id":"way/981550382","properties":{"highway":"tertiary"},"geometry":{"type":"LineString","coordinates":[[-71.61447,10.61171],[-71.61385,10.61096]]}},{"type":"Feature","id":"way/981550396","properties":{"highway":"tertiary"},"geometry":{"type":"LineString","coordinates":[[-71.6203,10.61802],[-71.61997,10.61732]]}},{"type":"Feature","id":"way/981550677","properties":{"name":"Calle 115","highway":"secondary"},"geometry":{"type":"LineString","coordinates":[[-71.6482,10.5976],[-71.64818,10.59765]]}},{"type":"Feature","id":"way/981556589","properties":{"name":"Calle 83","highway":"tertiary"},"geometry":{"type":"LineString","coordinates":[[-71.65374,10.66236],[-71.65384,10.6624]]}},{"type":"Feature","id":"way/981556593","properties":{"highway":"tertiary"},"geometry":{"type":"LineString","coordinates":[[-71.63683,10.64075],[-71.63655,10.64047]]}},{"type":"Feature","id":"way/981556594","properties":{"highway":"tertiary"},"geometry":{"type":"LineString","coordinates":[[-71.64815,10.64443],[-71.64588,10.64528]]}},{"type":"Feature","id":"way/981556595","properties":{"name":"Calle Principal","highway":"tertiary"},"geometry":{"type":"LineString","coordinates":[[-71.66381,10.64421],[-71.66369,10.64412]]}},{"type":"Feature","id":"way/981556596","properties":{"name":"Calle 98","highway":"tertiary"},"geometry":{"type":"LineString","coordinates":[[-71.66395,10.63772],[-71.66385,10.6377]]}},{"type":"Feature","id":"way/981564325","properties":{"name":"Avenida Circunvalaci\u00f3n 4","highway":"secondary","ref":"R-75"},"geometry":{"type":"LineString","coordinates":[[-71.71662,10.6312],[-71.71837,10.63124]]}},{"type":"Feature","id":"way/981564326","properties":{"highway":"tertiary","ref":"R-79"},"geometry":{"type":"LineString","coordinates":[[-71.69129,10.72401],[-71.69193,10.73767],[-71.69371,10.74026],[-71.69802,10.76256],[-71.69548,10.77565],[-71.69688,10.77988],[-71.69615,10.78541],[-71.69427,10.79078],[-71.69091,10.79249]]}},{"type":"Feature","id":"way/981564330","properties":{"name":"Avenida Circunvalaci\u00f3n 3","highway":"secondary","ref":"R-79"},"geometry":{"type":"LineString","coordinates":[[-71.67838,10.65216],[-71.67825,10.6518]]}},{"type":"Feature","id":"way/981564331","properties":{"name":"Avenida Circunvalaci\u00f3n 3","highway":"secondary","ref":"R-79"},"geometry":{"type":"LineString","coordinates":[[-71.67815,10.65183],[-71.67828,10.65219]]}},{"type":"Feature","id":"way/981564332","properties":{"name":"Avenida Circunvalaci\u00f3n 3","highway":"secondary","ref":"R-79"},"geometry":{"type":"LineString","coordinates":[[-71.67624,10.64763],[-71.67613,10.64743]]}},{"type":"Feature","id":"way/981564333","properties":{"name":"Avenida Circunvalaci\u00f3n 3","highway":"secondary","ref":"R-79"},"geometry":{"type":"LineString","coordinates":[[-71.6759,10.64728],[-71.67613,10.64767]]}},{"type":"Feature","id":"way/981564334","properties":{"name":"Avenida 17","highway":"secondary"},"geometry":{"type":"LineString","coordinates":[[-71.6222,10.63868],[-71.62221,10.63879]]}},{"type":"Feature","id":"way/981564335","properties":{"name":"Avenida 17","highway":"secondary"},"geometry":{"type":"LineString","coordinates":[[-71.62223,10.63889],[-71.62225,10.639]]}},{"type":"Feature","id":"way/981572361","properties":{"name":"Avenida 30A","highway":"tertiary"},"geometry":{"type":"LineString","coordinates":[[-71.65075,10.71529],[-71.65079,10.71427]]}},{"type":"Feature","id":"way/981572365","properties":{"name":"Avenida 92","highway":"tertiary"},"geometry":{"type":"LineString","coordinates":[[-71.66611,10.70371],[-71.66547,10.70445]]}},{"type":"Feature","id":"way/981572374","properties":{"name":"Calle 51","highway":"tertiary"},"geometry":{"type":"LineString","coordinates":[[-71.66648,10.70411],[-71.67384,10.71224]]}},{"type":"Feature","id":"way/981572375","properties":{"highway":"tertiary"},"geometry":{"type":"LineString","coordinates":[[-71.68075,10.688],[-71.68042,10.688]]}},{"type":"Feature","id":"way/981572376","properties":{"name":"Avenida 91","highway":"tertiary"},"geometry":{"type":"LineString","coordinates":[[-71.67533,10.69218],[-71.67071,10.69579]]}},{"type":"Feature","id":"way/981572377","properties":{"name":"Avenida 91","highway":"tertiary"},"geometry":{"type":"LineString","coordinates":[[-71.67071,10.69579],[-71.67541,10.69227]]}},{"type":"Feature","id":"way/981572379","properties":{"highway":"tertiary"},"geometry":{"type":"LineString","coordinates":[[-71.69645,10.69172],[-71.68644,10.69075],[-71.68075,10.688]]}},{"type":"Feature","id":"way/981576277","properties":{"highway":"tertiary"},"geometry":{"type":"LineString","coordinates":[[-71.67702,10.64941],[-71.67725,10.64925]]}},{"type":"Feature","id":"way/981599760","properties":{"name":"Distribuidor Juan Pablo II","highway":"primary_link","ref":"T-3"},"geometry":{"type":"LineString","coordinates":[[-71.63122,10.64972],[-71.63055,10.64888]]}},{"type":"Feature","id":"way/981661022","properties":{"name":"Distribuidor Las Delicias","highway":"primary","ref":"T-3"},"geometry":{"type":"LineString","coordinates":[[-71.62484,10.65041],[-71.62466,10.65038]]}},{"type":"Feature","id":"way/981661023","properties":{"name":"Distribuidor Las Delicias","highway":"primary_link"},"geometry":{"type":"LineString","coordinates":[[-71.62484,10.65041],[-71.62314,10.65015]]}},{"type":"Feature","id":"way/981661025","properties":{"name":"Gran Autopista de Occidente","highway":"trunk","ref":"T-3"},"geometry":{"type":"LineString","coordinates":[[-71.50422,10.57027],[-71.50785,10.57443],[-71.5104,10.57578]]}},{"type":"Feature","id":"way/981661608","properties":{"name":"Carretera Lara - Zulia","highway":"trunk","ref":"T-17"},"geometry":{"type":"LineString","coordinates":[[-70.88155,10.04787],[-70.88127,10.04786]]}},{"type":"Feature","id":"way/981661610","properties":{"name":"Carretera Lara - Zulia","highway":"trunk","ref":"T-17"},"geometry":{"type":"LineString","coordinates":[[-70.88126,10.04802],[-70.88154,10.04803]]}},{"type":"Feature","id":"way/981661612","properties":{"name":"Carretera Lara - Zulia","highway":"trunk","ref":"T-17"},"geometry":{"type":"LineString","coordinates":[[-70.88334,10.04981],[-70.88155,10.04787]]}},{"type":"Feature","id":"way/981661613","properties":{"name":"Carretera Lara - Zulia","highway":"trunk","ref":"T-17"},"geometry":{"type":"LineString","coordinates":[[-70.90465,10.05334],[-70.90006,10.05355],[-70.89133,10.05814],[-70.88752,10.05634],[-70.88334,10.04981]]}},{"type":"Feature","id":"way/981661614","properties":{"name":"Carretera Lara - Zulia","highway":"trunk","ref":"T-17"},"geometry":{"type":"LineString","coordinates":[[-70.88154,10.04803],[-70.88334,10.04981]]}},{"type":"Feature","id":"way/981688041","properties":{"name":"Retorno","highway":"trunk_link","ref":"T-17"},"geometry":{"type":"LineString","coordinates":[[-71.24116,10.27391],[-71.24175,10.27353]]}},{"type":"Feature","id":"way/981739135","properties":{"name":"Carretera Nacional Machiques - La Fr\u00eda","highway":"trunk","ref":"T-6"},"geometry":{"type":"LineString","coordinates":[[-72.34417,8.52933],[-72.34149,8.52852]]}},{"type":"Feature","id":"way/981857242","properties":{"name":"Distribuidor Ricardo Aguirre","highway":"trunk_link"},"geometry":{"type":"LineString","coordinates":[[-71.64835,10.67777],[-71.64838,10.6777]]}},{"type":"Feature","id":"way/981857243","properties":{"name":"Distribuidor Ricardo Aguirre","highway":"trunk_link"},"geometry":{"type":"LineString","coordinates":[[-71.64727,10.68046],[-71.64829,10.67791]]}},{"type":"Feature","id":"way/981857244","properties":{"name":"Distribuidor Ricardo Aguirre","highway":"trunk_link"},"geometry":{"type":"LineString","coordinates":[[-71.64786,10.67752],[-71.64783,10.6776]]}},{"type":"Feature","id":"way/981857245","properties":{"name":"Distribuidor Ricardo Aguirre","highway":"trunk_link"},"geometry":{"type":"LineString","coordinates":[[-71.64861,10.67571],[-71.64792,10.67737]]}},{"type":"Feature","id":"way/981857246","properties":{"name":"Carretera Nacional V\u00eda a Perij\u00e1","highway":"trunk","ref":"T-6"},"geometry":{"type":"LineString","coordinates":[[-71.65253,10.58145],[-71.6526,10.58139]]}},{"type":"Feature","id":"way/981857247","properties":{"name":"Carretera Nacional V\u00eda a Perij\u00e1","highway":"trunk","ref":"T-6"},"geometry":{"type":"LineString","coordinates":[[-71.65252,10.58134],[-71.65245,10.5814]]}},{"type":"Feature","id":"way/981862445","properties":{"name":"Carretera Regional Tres Bocas - Nueva Lucha","highway":"primary","ref":"L-1"},"geometry":{"type":"LineString","coordinates":[[-71.75688,10.81028],[-71.75621,10.81044]]}},{"type":"Feature","id":"way/981866881","properties":{"highway":"primary_link"},"geometry":{"type":"LineString","coordinates":[[-71.67097,10.58444],[-71.67069,10.58484]]}},{"type":"Feature","id":"way/981869797","properties":{"name":"Avenida Intercomunal","highway":"primary","ref":"L-3"},"geometry":{"type":"LineString","coordinates":[[-71.24966,10.13339],[-71.25052,10.13482]]}},{"type":"Feature","id":"way/981869798","properties":{"name":"Avenida Intercomunal","highway":"primary","ref":"L-3"},"geometry":{"type":"LineString","coordinates":[[-71.2506,10.13477],[-71.24974,10.13334]]}},{"type":"Feature","id":"way/981869799","properties":{"name":"Carretera Trujillo - Zulia","highway":"trunk","ref":"L-3"},"geometry":{"type":"LineString","coordinates":[[-70.75184,9.70911],[-70.75455,9.7129],[-70.77592,9.73484],[-70.7828,9.74444],[-70.79122,9.75062],[-70.81041,9.77104],[-70.83144,9.77562],[-70.83816,9.77956]]}},{"type":"Feature","id":"way/982005689","properties":{"highway":"secondary","ref":"R-5"},"geometry":{"type":"LineString","coordinates":[[-71.8371,10.63216],[-71.83307,10.62035]]}},{"type":"Feature","id":"way/982012796","properties":{"name":"Avenida Valmore Rodr\u00edguez","highway":"tertiary","ref":"R-12"},"geometry":{"type":"LineString","coordinates":[[-71.13359,9.97702],[-71.13369,9.9771]]}},{"type":"Feature","id":"way/982015555","properties":{"name":"Avenida 18 Padilla","highway":"tertiary","ref":"R-4"},"geometry":{"type":"LineString","coordinates":[[-71.61721,10.64547],[-71.61804,10.64558]]}},{"type":"Feature","id":"way/982015556","properties":{"name":"Avenida 18 Padilla","highway":"tertiary","ref":"R-4"},"geometry":{"type":"LineString","coordinates":[[-71.6198,10.64588],[-71.62031,10.64597]]}},{"type":"Feature","id":"way/982015557","properties":{"name":"Avenida 18 Padilla","highway":"tertiary"},"geometry":{"type":"LineString","coordinates":[[-71.62007,10.64582],[-71.61982,10.64581]]}},{"type":"Feature","id":"way/982015558","properties":{"highway":"primary_link"},"geometry":{"type":"LineString","coordinates":[[-71.83319,10.62017],[-71.83299,10.62011]]}},{"type":"Feature","id":"way/982015559","properties":{"highway":"primary_link"},"geometry":{"type":"LineString","coordinates":[[-71.8329,10.62016],[-71.83284,10.62035]]}},{"type":"Feature","id":"way/982015560","properties":{"highway":"primary_link"},"geometry":{"type":"LineString","coordinates":[[-71.83293,10.62042],[-71.83313,10.62051]]}},{"type":"Feature","id":"way/982085643","properties":{"highway":"tertiary","ref":"R-12"},"geometry":{"type":"LineString","coordinates":[[-71.14775,9.95322],[-71.14842,9.95298]]}},{"type":"Feature","id":"way/982085646","properties":{"name":"Distribuidor Lossada","highway":"primary"},"geometry":{"type":"LineString","coordinates":[[-71.61951,10.63974],[-71.61948,10.63956]]}},{"type":"Feature","id":"way/982085647","properties":{"name":"Distribuidor Lossada","highway":"primary"},"geometry":{"type":"LineString","coordinates":[[-71.61928,10.64068],[-71.61951,10.63974]]}},{"type":"Feature","id":"way/982085648","properties":{"name":"Distribuidor Lossada","highway":"primary"},"geometry":{"type":"LineString","coordinates":[[-71.61855,10.63979],[-71.61874,10.64039]]}},{"type":"Feature","id":"way/982085649","properties":{"name":"Distribuidor Lossada","highway":"primary"},"geometry":{"type":"LineString","coordinates":[[-71.61855,10.63966],[-71.61855,10.63979]]}},{"type":"Feature","id":"way/982085650","properties":{"highway":"secondary","ref":"R-16"},"geometry":{"type":"LineString","coordinates":[[-71.64699,10.51714],[-71.63463,10.51661]]}},{"type":"Feature","id":"way/982087060","properties":{"name":"Carretera Nacional Maracaibo - Villa del Rosario","highway":"trunk","ref":"T-6;R-17"},"geometry":{"type":"LineString","coordinates":[[-72.30401,10.32728],[-72.30642,10.3243]]}},{"type":"Feature","id":"way/982087061","properties":{"name":"Carretera Nacional Maracaibo - Villa del Rosario","highway":"trunk","ref":"T-6;R-17"},"geometry":{"type":"LineString","coordinates":[[-72.30634,10.32428],[-72.30394,10.32722]]}},{"type":"Feature","id":"way/982087062","properties":{"name":"Carretera Nacional Maracaibo - Villa del Rosario","highway":"trunk","ref":"T-6;R-17"},"geometry":{"type":"LineString","coordinates":[[-72.29839,10.33282],[-72.29772,10.33346]]}},{"type":"Feature","id":"way/982095123","properties":{"name":"Calle Principal","highway":"secondary","ref":"R-27;R-28"},"geometry":{"type":"LineString","coordinates":[[-72.42288,9.94189],[-72.42389,9.93858],[-72.42535,9.9374]]}},{"type":"Feature","id":"way/982095124","properties":{"name":"V\u00eda a Calle Larga","highway":"secondary","ref":"R-28"},"geometry":{"type":"LineString","coordinates":[[-72.42535,9.9374],[-72.43413,9.93235],[-72.43553,9.90459],[-72.44875,9.88757],[-72.45132,9.88537],[-72.47456,9.87702],[-72.48208,9.87776]]}},{"type":"Feature","id":"way/982098790","properties":{"name":"Carretera Regional La Blanca - Pueblo Nuevo","highway":"primary","ref":"R-35;R-36"},"geometry":{"type":"LineString","coordinates":[[-71.60704,8.96093],[-71.60669,8.96109]]}},{"type":"Feature","id":"way/982101729","properties":{"highway":"primary","ref":"R-45;R-47"},"geometry":{"type":"LineString","coordinates":[[-70.83741,9.6427],[-70.83829,9.66898]]}},{"type":"Feature","id":"way/982102161","properties":{"highway":"secondary","ref":"R-13;R-48"},"geometry":{"type":"LineString","coordinates":[[-70.9297,9.84571],[-70.92962,9.84573]]}},{"type":"Feature","id":"way/982181087","properties":{"name":"Carretera Falc\u00f3n - Zulia","highway":"trunk","ref":"T-3;R-54"},"geometry":{"type":"LineString","coordinates":[[-71.40989,10.64361],[-71.41016,10.64298]]}},{"type":"Feature","id":"way/982181088","properties":{"name":"Carretera Falc\u00f3n - Zulia","highway":"trunk","ref":"T-3"},"geometry":{"type":"LineString","coordinates":[[-71.41016,10.64298],[-71.42381,10.6002],[-71.4259,10.59707],[-71.44058,10.59],[-71.48314,10.57845]]}},{"type":"Feature","id":"way/982191912","properties":{"name":"Carretera Willians","highway":"tertiary","ref":"R-55"},"geometry":{"type":"LineString","coordinates":[[-71.06085,10.70093],[-71.08272,10.68278],[-71.09107,10.67419],[-71.16503,10.60876],[-71.2042,10.56642],[-71.22292,10.5427]]}},{"type":"Feature","id":"way/982191913","properties":{"name":"Gran Autopista de Occidente","highway":"trunk","ref":"T-17;R-55"},"geometry":{"type":"LineString","coordinates":[[-71.32806,10.37553],[-71.34029,10.38563]]}},{"type":"Feature","id":"way/982191914","properties":{"name":"Gran Autopista de Occidente","highway":"trunk","ref":"T-17"},"geometry":{"type":"LineString","coordinates":[[-71.28556,10.34097],[-71.32806,10.37553]]}},{"type":"Feature","id":"way/982191915","properties":{"name":"Gran Autopista de Occidente","highway":"trunk","ref":"T-17;R-55"},"geometry":{"type":"LineString","coordinates":[[-71.33844,10.3831],[-71.32869,10.37521]]}},{"type":"Feature","id":"way/982191916","properties":{"name":"Gran Autopista de Occidente","highway":"trunk","ref":"T-17"},"geometry":{"type":"LineString","coordinates":[[-71.34085,10.38518],[-71.34066,10.38504]]}},{"type":"Feature","id":"way/982209803","properties":{"name":"V\u00eda a Tul\u00e9","highway":"secondary","ref":"R-1;R-75"},"geometry":{"type":"LineString","coordinates":[[-71.76211,10.71376],[-71.76213,10.71343]]}},{"type":"Feature","id":"way/982209804","properties":{"name":"Avenida Circunvalaci\u00f3n 2","highway":"secondary","ref":"R-72"},"geometry":{"type":"LineString","coordinates":[[-71.59915,10.68807],[-71.59906,10.68801]]}},{"type":"Feature","id":"way/982209805","properties":{"name":"Avenida Circunvalaci\u00f3n 2","highway":"secondary","ref":"R-72"},"geometry":{"type":"LineString","coordinates":[[-71.59904,10.68809],[-71.59913,10.68816]]}},{"type":"Feature","id":"way/982209806","properties":{"name":"Avenida Circunvalaci\u00f3n 2","highway":"secondary","ref":"R-72"},"geometry":{"type":"LineString","coordinates":[[-71.59836,10.68741],[-71.59904,10.68809]]}},{"type":"Feature","id":"way/982209807","properties":{"name":"Avenida Sabaneta","highway":"primary","ref":"R-72"},"geometry":{"type":"LineString","coordinates":[[-71.62439,10.63857],[-71.62379,10.63866]]}},{"type":"Feature","id":"way/992002717","properties":{"name":"Avenida El Milagro","highway":"secondary","ref":"R-72"},"geometry":{"type":"LineString","coordinates":[[-71.59845,10.65058],[-71.59505,10.66083]]}},{"type":"Feature","id":"way/992002718","properties":{"name":"Avenida El Milagro","highway":"secondary","ref":"R-72"},"geometry":{"type":"LineString","coordinates":[[-71.6066,10.63877],[-71.59845,10.65058]]}},{"type":"Feature","id":"way/992002720","properties":{"name":"Avenida Circunvalaci\u00f3n 2","highway":"secondary"},"geometry":{"type":"LineString","coordinates":[[-71.60188,10.68867],[-71.60695,10.68981]]}},{"type":"Feature","id":"way/992068414","properties":{"highway":"tertiary"},"geometry":{"type":"LineString","coordinates":[[-72.60366,10.11941],[-72.60755,10.12127],[-72.60996,10.12675],[-72.61968,10.13422],[-72.62458,10.13684],[-72.6255,10.13969],[-72.62525,10.14419]]}},{"type":"Feature","id":"way/993138376","properties":{"highway":"primary_link"},"geometry":{"type":"LineString","coordinates":[[-71.62547,10.687],[-71.6252,10.6868]]}},{"type":"Feature","id":"way/997292547","properties":{"name":"Av. 73","highway":"tertiary"},"geometry":{"type":"LineString","coordinates":[[-71.10754,9.95785],[-71.10526,9.95396]]}},{"type":"Feature","id":"way/1001193732","properties":{"name":"Avenida Don Manuel Belloso","highway":"primary_link","ref":"R-72"},"geometry":{"type":"LineString","coordinates":[[-71.67126,10.61196],[-71.67113,10.61231]]}},{"type":"Feature","id":"way/1001550013","properties":{"highway":"tertiary"},"geometry":{"type":"LineString","coordinates":[[-71.67898,10.68879],[-71.67941,10.68916]]}},{"type":"Feature","id":"way/1005533413","properties":{"name":"V\u00eda a Tucuco","highway":"tertiary","ref":"R-25"},"geometry":{"type":"LineString","coordinates":[[-72.56788,10.04932],[-72.57342,10.03961],[-72.57295,10.03296],[-72.57544,10.02846],[-72.57462,10.02501],[-72.57794,10.02047],[-72.57613,10.01554],[-72.57788,10.00877],[-72.57761,10.00421],[-72.57891,10.00056],[-72.57796,9.99541],[-72.57556,9.9905],[-72.57562,9.98672],[-72.5742,9.98188],[-72.57783,9.97641],[-72.57936,9.97134],[-72.58153,9.96886],[-72.58401,9.96322],[-72.59372,9.95749]]}},{"type":"Feature","id":"way/1005533414","properties":{"name":"V\u00eda a Tucuco","highway":"tertiary","ref":"R-25"},"geometry":{"type":"LineString","coordinates":[[-72.59372,9.95749],[-72.59416,9.9574]]}},{"type":"Feature","id":"way/1007490404","properties":{"name":"Carretera Regional Santa B\u00e1rbara - El Vig\u00eda","highway":"primary","ref":"L-2"},"geometry":{"type":"LineString","coordinates":[[-71.8963,8.968],[-71.89474,8.96356]]}},{"type":"Feature","id":"way/1007490405","properties":{"name":"Carretera Regional Santa B\u00e1rbara - El Vig\u00eda","highway":"primary","ref":"L-2"},"geometry":{"type":"LineString","coordinates":[[-71.8963,8.968],[-71.89926,8.97632],[-71.89921,8.98395]]}},{"type":"Feature","id":"way/1007490406","properties":{"name":"Carretera Regional Santa B\u00e1rbara - El Vig\u00eda","highway":"primary","ref":"L-2"},"geometry":{"type":"LineString","coordinates":[[-71.89474,8.96356],[-71.8963,8.968]]}},{"type":"Feature","id":"way/1012128271","properties":{"name":"Carretera Regional Coloncito - El Conuco","highway":"secondary","ref":"R-65"},"geometry":{"type":"LineString","coordinates":[[-72.14554,8.81197],[-72.14511,8.78013],[-72.15155,8.75497]]}},{"type":"Feature","id":"way/1012128272","properties":{"name":"Carretera Regional Coloncito - El Conuco","highway":"secondary","ref":"R-65"},"geometry":{"type":"LineString","coordinates":[[-72.15155,8.75497],[-72.15165,8.75458]]}},{"type":"Feature","id":"way/1036114883","properties":{"name":"Carretera Nacional Machiques - La Fr\u00eda","highway":"trunk","ref":"T-6"},"geometry":{"type":"LineString","coordinates":[[-72.67082,9.11492],[-72.6706,9.11454]]}},{"type":"Feature","id":"way/1051146258","properties":{"name":"Eje Rural Las Virtudes","highway":"tertiary","ref":"R-61"},"geometry":{"type":"LineString","coordinates":[[-70.96619,9.1305],[-70.96794,9.13412],[-70.97222,9.13839],[-70.97541,9.1446],[-70.98355,9.15202],[-70.98533,9.1521],[-70.98687,9.15415],[-70.98888,9.15384],[-70.99206,9.15509],[-70.99771,9.15557],[-70.9999,9.15708],[-71.00223,9.15692],[-71.01166,9.16452],[-71.02301,9.16846],[-71.02639,9.17104]]}},{"type":"Feature","id":"way/1051270465","properties":{"name":"Eje Agr\u00edcola del 35","highway":"tertiary"},"geometry":{"type":"LineString","coordinates":[[-71.75787,8.7401],[-71.77682,8.74731],[-71.77961,8.7507]]}},{"type":"Feature","id":"way/1051271385","properties":{"name":"Carretera Janeiro - Puerto Chama","highway":"secondary","ref":"R-32"},"geometry":{"type":"LineString","coordinates":[[-71.7038,8.87315],[-71.69374,8.872],[-71.67045,8.85796]]}},{"type":"Feature","id":"way/1051279333","properties":{"highway":"tertiary","ref":"R-67"},"geometry":{"type":"LineString","coordinates":[[-71.68107,8.8921],[-71.67767,8.88696]]}},{"type":"Feature","id":"way/1051279334","properties":{"name":"V\u00eda a La Fortuna","highway":"tertiary","ref":"R-67"},"geometry":{"type":"LineString","coordinates":[[-71.65933,8.94693],[-71.65868,8.93865],[-71.66242,8.93933],[-71.66181,8.92874],[-71.66614,8.91917],[-71.66666,8.91268],[-71.66979,8.90804],[-71.67195,8.89995],[-71.67474,8.89702],[-71.67914,8.89451]]}},{"type":"Feature","id":"way/1051279643","properties":{"name":"Eje Agr\u00edcola de Santa In\u00e9s","highway":"tertiary"},"geometry":{"type":"LineString","coordinates":[[-71.69999,8.97479],[-71.7094,8.9777],[-71.7182,8.97679],[-71.72275,8.97756],[-71.72991,8.98441],[-71.73369,9.0003]]}},{"type":"Feature","id":"way/1051279644","properties":{"name":"Eje Agr\u00edcola de El Estero","highway":"tertiary"},"geometry":{"type":"LineString","coordinates":[[-71.69039,8.99497],[-71.69427,8.98239],[-71.69634,8.98164],[-71.69709,8.97862],[-71.69999,8.97479]]}},{"type":"Feature","id":"way/1051280843","properties":{"name":"Eje Agr\u00edcola de Pueblo Nuevo","highway":"tertiary","ref":"R-13"},"geometry":{"type":"LineString","coordinates":[[-71.41837,8.94134],[-71.41931,8.94571],[-71.417,8.9523],[-71.41746,8.9548],[-71.42155,8.95951],[-71.43128,8.96206],[-71.43541,8.96702],[-71.43802,8.9673]]}},{"type":"Feature","id":"way/1051283404","properties":{"name":"V\u00eda a El Batey","highway":"tertiary"},"geometry":{"type":"LineString","coordinates":[[-71.11643,9.1607],[-71.10837,9.15789],[-71.09778,9.15667],[-71.0903,9.15161]]}},{"type":"Feature","id":"way/1051373763","properties":{"highway":"tertiary"},"geometry":{"type":"LineString","coordinates":[[-71.13957,9.18358],[-71.15163,9.19673]]}},{"type":"Feature","id":"way/1051374403","properties":{"highway":"tertiary"},"geometry":{"type":"LineString","coordinates":[[-71.12911,9.26817],[-71.12694,9.26557]]}},{"type":"Feature","id":"way/1051375689","properties":{"name":"Eje Agr\u00edcola de Capi\u00fa","highway":"tertiary"},"geometry":{"type":"LineString","coordinates":[[-71.06666,9.19427],[-71.06401,9.18774]]}},{"type":"Feature","id":"way/1051375690","properties":{"name":"Eje Agr\u00edcola de Capi\u00fa","highway":"tertiary"},"geometry":{"type":"LineString","coordinates":[[-71.06207,9.20089],[-71.0667,9.19663],[-71.06666,9.19427]]}},{"type":"Feature","id":"way/1051375691","properties":{"name":"Eje Agr\u00edcola de Carmelitas","highway":"tertiary"},"geometry":{"type":"LineString","coordinates":[[-71.07514,9.21147],[-71.0679,9.20361],[-71.06526,9.20534],[-71.06207,9.20089]]}},{"type":"Feature","id":"way/1051375692","properties":{"name":"Eje Agr\u00edcola de Capi\u00fa","highway":"tertiary"},"geometry":{"type":"LineString","coordinates":[[-71.06399,9.18689],[-71.06192,9.18077],[-71.05622,9.17217],[-71.05382,9.17126],[-71.04706,9.17373]]}},{"type":"Feature","id":"way/1051381386","properties":{"highway":"tertiary"},"geometry":{"type":"LineString","coordinates":[[-71.02843,9.62417],[-71.02835,9.62677],[-71.02996,9.62832]]}},{"type":"Feature","id":"way/1051499401","properties":{"name":"V\u00eda a Arimpia","highway":"tertiary","ref":"R-20"},"geometry":{"type":"LineString","coordinates":[[-72.36323,10.31223],[-72.33876,10.31158]]}},{"type":"Feature","id":"way/1051500425","properties":{"name":"V\u00eda a Campo Laberinto","highway":"tertiary","ref":"R-17"},"geometry":{"type":"LineString","coordinates":[[-72.24637,10.57593],[-72.24514,10.57325],[-72.23708,10.56513],[-72.23601,10.55963],[-72.23793,10.5533]]}},{"type":"Feature","id":"way/1051942009","properties":{"name":"Avenida Circunvalaci\u00f3n 1","highway":"trunk","ref":"T-3"},"geometry":{"type":"LineString","coordinates":[[-71.6286,10.59621],[-71.62945,10.57994],[-71.6267,10.57681]]}},{"type":"Feature","id":"way/1051942010","properties":{"name":"Avenida Circunvalaci\u00f3n 1","highway":"primary","ref":"T-3"},"geometry":{"type":"LineString","coordinates":[[-71.62845,10.59621],[-71.62847,10.59754]]}},{"type":"Feature","id":"way/1051944669","properties":{"name":"Elevado de Las Delicias","highway":"primary","ref":"R-16"},"geometry":{"type":"LineString","coordinates":[[-71.61959,10.65346],[-71.61965,10.65271]]}},{"type":"Feature","id":"way/1052036098","properties":{"name":"Avenida 19C","highway":"tertiary"},"geometry":{"type":"LineString","coordinates":[[-71.62012,10.62008],[-71.62084,10.62164],[-71.62003,10.62416]]}},{"type":"Feature","id":"way/1052216933","properties":{"name":"Carretera Altagracia - Quisiro","highway":"tertiary","ref":"R-10"},"geometry":{"type":"LineString","coordinates":[[-71.50505,10.73044],[-71.51127,10.72735],[-71.5166,10.7259]]}},{"type":"Feature","id":"way/1052332697","properties":{"name":"Carretera D","highway":"tertiary","ref":"R-58"},"geometry":{"type":"LineString","coordinates":[[-71.31582,10.29751],[-71.37301,10.26485]]}},{"type":"Feature","id":"way/1052341163","properties":{"name":"Carretera K","highway":"tertiary"},"geometry":{"type":"LineString","coordinates":[[-71.43572,10.38291],[-71.41881,10.39258]]}},{"type":"Feature","id":"way/1052342195","properties":{"name":"Avenida Alonso de Ojeda","highway":"tertiary"},"geometry":{"type":"LineString","coordinates":[[-71.31489,10.19309],[-71.31636,10.19205]]}},{"type":"Feature","id":"way/1054523707","properties":{"name":"Avenida 108A","highway":"primary","ref":"R-4"},"geometry":{"type":"LineString","coordinates":[[-71.68638,10.67463],[-71.68357,10.67735],[-71.67774,10.68803]]}},{"type":"Feature","id":"way/1054523708","properties":{"name":"Carretera Regional Maracaibo - La Concepci\u00f3n","highway":"primary","ref":"R-4"},"geometry":{"type":"LineString","coordinates":[[-71.68642,10.67475],[-71.70774,10.65477]]}},{"type":"Feature","id":"way/1055455509","properties":{"name":"V\u00eda a El Batey","highway":"tertiary"},"geometry":{"type":"LineString","coordinates":[[-71.11521,9.16437],[-71.1055,9.17281]]}},{"type":"Feature","id":"way/1055466472","properties":{"name":"V\u00eda a Calle Larga","highway":"secondary","ref":"R-28"},"geometry":{"type":"LineString","coordinates":[[-72.39752,10.00916],[-72.40563,9.99142],[-72.41021,9.98518],[-72.41209,9.97593],[-72.42111,9.95849],[-72.41994,9.95098],[-72.42197,9.94642]]}},{"type":"Feature","id":"way/1055466473","properties":{"name":"Calle Principal","highway":"secondary","ref":"R-28"},"geometry":{"type":"LineString","coordinates":[[-72.42197,9.94642],[-72.42288,9.94189]]}},{"type":"Feature","id":"way/1056310934","properties":{"name":"Peaje El Venado / Veh\u00edculos Pesados + Buses / Canal Multipago / Carril 1","highway":"trunk","ref":"T-17"},"geometry":{"type":"LineString","coordinates":[[-70.96576,10.07],[-70.96234,10.07082]]}},{"type":"Feature","id":"way/1056310935","properties":{"name":"Peaje El Venado / Veh\u00edculos Livianos + Motos / Canal Multipago / Carril 2","highway":"trunk","ref":"T-17"},"geometry":{"type":"LineString","coordinates":[[-70.96576,10.07],[-70.96234,10.07082]]}},{"type":"Feature","id":"way/1056310936","properties":{"name":"Carretera Lara - Zulia","highway":"trunk","ref":"T-17"},"geometry":{"type":"LineString","coordinates":[[-70.99317,10.07358],[-70.98542,10.07072],[-70.97793,10.07086],[-70.96832,10.06949],[-70.96576,10.07]]}},{"type":"Feature","id":"way/1056312635","properties":{"name":"Peaje El Venado / Veh\u00edculos Livianos + Motos / Canal Multipago / Carril 2","highway":"trunk","ref":"T-17"},"geometry":{"type":"LineString","coordinates":[[-70.96234,10.07082],[-70.96576,10.07]]}},{"type":"Feature","id":"way/1056312636","properties":{"name":"Peaje El Venado / Veh\u00edculos Pesados + Buses / Canal Multipago / Carril 1","highway":"trunk","ref":"T-17"},"geometry":{"type":"LineString","coordinates":[[-70.96234,10.07082],[-70.96576,10.07]]}},{"type":"Feature","id":"way/1056317381","properties":{"name":"Peaje Punta Iguana / Todos los Vehiculos / Canal Multipago / Carril 2","highway":"trunk","ref":"T-17"},"geometry":{"type":"LineString","coordinates":[[-71.52724,10.57586],[-71.5306,10.57572]]}},{"type":"Feature","id":"way/1056317383","properties":{"name":"Peaje Punta Iguana / Todos los Vehiculos / Canal Multipago / Carril 4","highway":"trunk","ref":"T-17"},"geometry":{"type":"LineString","coordinates":[[-71.52724,10.57586],[-71.5306,10.57572]]}},{"type":"Feature","id":"way/1056321183","properties":{"name":"Peaje Punta Iguana / Todos los Vehiculos / Canal Multipago / Carril 1","highway":"trunk","ref":"T-17"},"geometry":{"type":"LineString","coordinates":[[-71.52724,10.57586],[-71.5306,10.57572]]}},{"type":"Feature","id":"way/1056321185","properties":{"name":"Peaje Punta Iguana / Todos los Vehiculos / Canal Multipago / Carril 3","highway":"trunk","ref":"T-17"},"geometry":{"type":"LineString","coordinates":[[-71.52724,10.57586],[-71.5306,10.57572]]}},{"type":"Feature","id":"way/1056323018","properties":{"name":"Peaje Punta Iguana / Todos los Vehiculos / Canal Multipago / Carril 5","highway":"trunk","ref":"T-17"},"geometry":{"type":"LineString","coordinates":[[-71.52724,10.57586],[-71.5306,10.57572]]}},{"type":"Feature","id":"way/1056345056","properties":{"name":"Peaje La Rita / Veh\u00edculos Livianos + Motos / Canal Multipago / Carril 3","highway":"trunk","ref":"T-17"},"geometry":{"type":"LineString","coordinates":[[-71.47345,10.53342],[-71.47153,10.53092]]}},{"type":"Feature","id":"way/1056345058","properties":{"name":"Peaje La Rita / Veh\u00edculos Livianos + Motos / Canal Multipago / Carril 4","highway":"trunk","ref":"T-17"},"geometry":{"type":"LineString","coordinates":[[-71.47345,10.53342],[-71.47153,10.53092]]}},{"type":"Feature","id":"way/1056345059","properties":{"name":"Peaje La Rita / Veh\u00edculos Livianos + Motos / Canal Multipago / Carril 5","highway":"trunk","ref":"T-17"},"geometry":{"type":"LineString","coordinates":[[-71.47345,10.53342],[-71.47153,10.53092]]}},{"type":"Feature","id":"way/1056345060","properties":{"name":"Peaje La Rita / Veh\u00edculos Pesados + Buses / Canal Multipago / Carril 2","highway":"trunk","ref":"T-17"},"geometry":{"type":"LineString","coordinates":[[-71.47345,10.53342],[-71.47153,10.53092]]}},{"type":"Feature","id":"way/1056345061","properties":{"name":"Peaje La Rita / Veh\u00edculos Pesados + Buses / Canal Multipago / Carril 1","highway":"trunk","ref":"T-17"},"geometry":{"type":"LineString","coordinates":[[-71.47345,10.53342],[-71.47153,10.53092]]}},{"type":"Feature","id":"way/1056345062","properties":{"name":"Gran Autopista de Occidente","highway":"trunk","ref":"T-17"},"geometry":{"type":"LineString","coordinates":[[-71.51017,10.57557],[-71.50722,10.57376],[-71.47345,10.53342]]}},{"type":"Feature","id":"way/1056349062","properties":{"name":"Peaje La Chinita / Veh\u00edculos Pesados + Buses / Canal Multipago / Carril 1","highway":"trunk","ref":"T-3"},"geometry":{"type":"LineString","coordinates":[[-71.48474,10.57801],[-71.48314,10.57845]]}},{"type":"Feature","id":"way/1056349063","properties":{"name":"Peaje La Chinita / Veh\u00edculos Pesados + Buses / Canal Multipago / Carril 2","highway":"trunk","ref":"T-3"},"geometry":{"type":"LineString","coordinates":[[-71.48474,10.57801],[-71.48314,10.57845]]}},{"type":"Feature","id":"way/1056349064","properties":{"name":"Peaje La Chinita / Veh\u00edculos Livianos + Motos / Canal Multipago / Carril 3","highway":"trunk","ref":"T-3"},"geometry":{"type":"LineString","coordinates":[[-71.48474,10.57801],[-71.48314,10.57845]]}},{"type":"Feature","id":"way/1056349065","properties":{"name":"Peaje La Chinita / Veh\u00edculos Livianos + Motos / Canal Multipago / Carril 2","highway":"trunk","ref":"T-3"},"geometry":{"type":"LineString","coordinates":[[-71.48314,10.57845],[-71.48474,10.57801]]}},{"type":"Feature","id":"way/1056349066","properties":{"name":"Peaje La Chinita / Veh\u00edculos Pesados + Buses / Canal Multipago / Carril 1","highway":"trunk","ref":"T-3"},"geometry":{"type":"LineString","coordinates":[[-71.48314,10.57845],[-71.48474,10.57801]]}},{"type":"Feature","id":"way/1056349068","properties":{"name":"Carretera Falc\u00f3n - Zulia","highway":"trunk","ref":"T-3"},"geometry":{"type":"LineString","coordinates":[[-71.48474,10.57801],[-71.48574,10.57776]]}},{"type":"Feature","id":"way/1056350133","properties":{"name":"Carretera Falc\u00f3n - Zulia","highway":"trunk","ref":"T-3"},"geometry":{"type":"LineString","coordinates":[[-71.48574,10.57776],[-71.48831,10.57707]]}},{"type":"Feature","id":"way/1056913116","properties":{"name":"Avenida Padilla","highway":"primary","ref":"R-4"},"geometry":{"type":"LineString","coordinates":[[-71.62143,10.64598],[-71.62007,10.64582]]}},{"type":"Feature","id":"way/1056913117","properties":{"name":"Avenida Padilla","highway":"primary","ref":"R-4"},"geometry":{"type":"LineString","coordinates":[[-71.62031,10.64597],[-71.62139,10.64609]]}},{"type":"Feature","id":"way/1056941541","properties":{"name":"Puente General Rafael Urdaneta","highway":"trunk","ref":"T-3"},"geometry":{"type":"LineString","coordinates":[[-71.61356,10.57382],[-71.61357,10.57383]]}},{"type":"Feature","id":"way/1056941542","properties":{"name":"Peaje Puente Sobre El Lago / Todos los Vehiculos / Canal Multipago / Carril 6","highway":"trunk","ref":"T-3"},"geometry":{"type":"LineString","coordinates":[[-71.61598,10.57365],[-71.61203,10.5738]]}},{"type":"Feature","id":"way/1056941544","properties":{"name":"Peaje Puente Sobre El Lago / Todos los Vehiculos / Canal Multipago / Carril 5","highway":"trunk","ref":"T-3"},"geometry":{"type":"LineString","coordinates":[[-71.61598,10.57365],[-71.61203,10.5738]]}},{"type":"Feature","id":"way/1056941545","properties":{"name":"Peaje Puente Sobre El Lago / Todos los Vehiculos / Canal Multipago / Carril 4","highway":"trunk","ref":"T-3"},"geometry":{"type":"LineString","coordinates":[[-71.61598,10.57365],[-71.61203,10.5738]]}},{"type":"Feature","id":"way/1056941546","properties":{"name":"Peaje Puente Sobre El Lago / Todos los Vehiculos / Canal Multipago / Carril 3","highway":"trunk","ref":"T-3"},"geometry":{"type":"LineString","coordinates":[[-71.61598,10.57365],[-71.61203,10.5738]]}},{"type":"Feature","id":"way/1056941547","properties":{"name":"Peaje Puente Sobre El Lago / Todos los Vehiculos / Canal Multipago / Carril 2","highway":"trunk","ref":"T-3"},"geometry":{"type":"LineString","coordinates":[[-71.61598,10.57365],[-71.61203,10.5738]]}},{"type":"Feature","id":"way/1056941548","properties":{"name":"Peaje Puente Sobre El Lago / Todos los Vehiculos / Canal Multipago / Carril 1","highway":"trunk","ref":"T-3"},"geometry":{"type":"LineString","coordinates":[[-71.61598,10.57365],[-71.61203,10.5738]]}},{"type":"Feature","id":"way/1059895832","properties":{"name":"Distribuidor El Pesebre","highway":"trunk_link"},"geometry":{"type":"LineString","coordinates":[[-71.6277,10.59424],[-71.62589,10.59579]]}},{"type":"Feature","id":"way/1059912558","properties":{"name":"Distribuidor Ricardo Aguirre","highway":"trunk_link"},"geometry":{"type":"LineString","coordinates":[[-71.64829,10.67791],[-71.64835,10.67777]]}},{"type":"Feature","id":"way/1059912559","properties":{"name":"Distribuidor Fern\u00e1ndez Mor\u00e1n","highway":"trunk_link"},"geometry":{"type":"LineString","coordinates":[[-71.65208,10.66781],[-71.65241,10.66641]]}},{"type":"Feature","id":"way/1059912560","properties":{"name":"Distribuidor Ricardo Aguirre","highway":"trunk_link"},"geometry":{"type":"LineString","coordinates":[[-71.64792,10.67737],[-71.64786,10.67752]]}},{"type":"Feature","id":"way/1059914855","properties":{"name":"Calle 148 Via a La Concepci\u00f3n","highway":"primary","ref":"L-1"},"geometry":{"type":"LineString","coordinates":[[-71.70422,10.5899],[-71.70068,10.58929]]}},{"type":"Feature","id":"way/1059914856","properties":{"name":"Carretera Regional San Francisco - La Concepci\u00f3n","highway":"primary","ref":"L-1"},"geometry":{"type":"LineString","coordinates":[[-71.70393,10.58995],[-71.70944,10.59097]]}},{"type":"Feature","id":"way/1059917968","properties":{"name":"Distribuidor La Vanega","highway":"primary_link"},"geometry":{"type":"LineString","coordinates":[[-71.67218,10.6083],[-71.67205,10.60831]]}},{"type":"Feature","id":"way/1059924384","properties":{"name":"Avenida 48 V\u00eda a La Ca\u00f1ada","highway":"trunk","ref":"T-6;L-4"},"geometry":{"type":"LineString","coordinates":[[-71.65006,10.58332],[-71.65118,10.58089]]}},{"type":"Feature","id":"way/1060089159","properties":{"name":"Distribuidor Pompeyo Davalillo","highway":"trunk_link"},"geometry":{"type":"LineString","coordinates":[[-71.21876,10.24078],[-71.22127,10.24045]]}},{"type":"Feature","id":"way/1061531995","properties":{"highway":"primary_link"},"geometry":{"type":"LineString","coordinates":[[-71.61895,10.64601],[-71.61898,10.64611]]}},{"type":"Feature","id":"way/1061531996","properties":{"highway":"primary_link"},"geometry":{"type":"LineString","coordinates":[[-71.61898,10.64563],[-71.61896,10.64563]]}},{"type":"Feature","id":"way/1061531997","properties":{"highway":"primary_link"},"geometry":{"type":"LineString","coordinates":[[-71.61895,10.64577],[-71.61892,10.64591]]}},{"type":"Feature","id":"way/1061531998","properties":{"name":"Avenida 18 Padilla","highway":"tertiary"},"geometry":{"type":"LineString","coordinates":[[-71.61887,10.64564],[-71.61806,10.64551]]}},{"type":"Feature","id":"way/1061531999","properties":{"name":"Avenida 18 Padilla","highway":"tertiary"},"geometry":{"type":"LineString","coordinates":[[-71.61912,10.64568],[-71.61887,10.64564]]}},{"type":"Feature","id":"way/1061532000","properties":{"name":"Avenida 18 Padilla","highway":"tertiary","ref":"R-4"},"geometry":{"type":"LineString","coordinates":[[-71.61887,10.64572],[-71.61911,10.64576]]}},{"type":"Feature","id":"way/1061532001","properties":{"name":"Avenida 18 Padilla","highway":"tertiary","ref":"R-4"},"geometry":{"type":"LineString","coordinates":[[-71.61911,10.64576],[-71.6198,10.64588]]}},{"type":"Feature","id":"way/1061532002","properties":{"name":"Avenida Las Delicias","highway":"primary","ref":"R-16"},"geometry":{"type":"LineString","coordinates":[[-71.61894,10.63998],[-71.61901,10.64118]]}},{"type":"Feature","id":"way/1061532003","properties":{"name":"Avenida Las Delicias","highway":"primary","ref":"R-16"},"geometry":{"type":"LineString","coordinates":[[-71.61901,10.64118],[-71.61902,10.64233]]}},{"type":"Feature","id":"way/1072844578","properties":{"highway":"primary_link"},"geometry":{"type":"LineString","coordinates":[[-71.67101,10.61273],[-71.67115,10.61264]]}},{"type":"Feature","id":"way/1072844579","properties":{"highway":"primary_link"},"geometry":{"type":"LineString","coordinates":[[-71.67105,10.61282],[-71.67109,10.61262]]}},{"type":"Feature","id":"way/1072844580","properties":{"highway":"primary_link"},"geometry":{"type":"LineString","coordinates":[[-71.67073,10.6128],[-71.67043,10.61304]]}},{"type":"Feature","id":"way/1072844581","properties":{"highway":"primary_link"},"geometry":{"type":"LineString","coordinates":[[-71.6694,10.61436],[-71.66922,10.61475]]}},{"type":"Feature","id":"way/1072844582","properties":{"highway":"primary_link"},"geometry":{"type":"LineString","coordinates":[[-71.66737,10.61702],[-71.66726,10.61733]]}},{"type":"Feature","id":"way/1072844583","properties":{"highway":"primary_link"},"geometry":{"type":"LineString","coordinates":[[-71.66755,10.61729],[-71.66834,10.61644]]}},{"type":"Feature","id":"way/1072844584","properties":{"highway":"primary_link"},"geometry":{"type":"LineString","coordinates":[[-71.66819,10.61662],[-71.66842,10.61663]]}},{"type":"Feature","id":"way/1105649786","properties":{"name":"Avenida Pa\u00fal Ren\u00e9 Moreno Camacho","highway":"primary","ref":"R-16"},"geometry":{"type":"LineString","coordinates":[[-71.62265,10.71886],[-71.62263,10.72244],[-71.62052,10.72533]]}},{"type":"Feature","id":"way/1105649787","properties":{"name":"Avenida Pa\u00fal Ren\u00e9 Moreno Camacho","highway":"primary","ref":"R-16"},"geometry":{"type":"LineString","coordinates":[[-71.62264,10.71878],[-71.62265,10.71886]]}},{"type":"Feature","id":"way/1105649790","properties":{"name":"Avenida Pa\u00fal Ren\u00e9 Moreno Camacho","highway":"primary","ref":"R-16"},"geometry":{"type":"LineString","coordinates":[[-71.62059,10.72544],[-71.62265,10.7228],[-71.62278,10.71888]]}},{"type":"Feature","id":"way/1105649791","properties":{"name":"Avenida Pa\u00fal Ren\u00e9 Moreno Camacho","highway":"primary","ref":"R-16"},"geometry":{"type":"LineString","coordinates":[[-71.62278,10.71888],[-71.62277,10.7188]]}},{"type":"Feature","id":"way/1148915471","properties":{"name":"Avenida Bol\u00edvar","highway":"primary","ref":"L-2"},"geometry":{"type":"LineString","coordinates":[[-71.91665,8.99886],[-71.90705,8.99987],[-71.90227,8.99325],[-71.89952,8.98465]]}},{"type":"Feature","id":"way/1148915474","properties":{"name":"Avenida Bol\u00edvar","highway":"primary","ref":"L-2"},"geometry":{"type":"LineString","coordinates":[[-71.91666,8.99897],[-71.92051,8.99888]]}},{"type":"Feature","id":"way/1156712059","properties":{"name":"Carretera Nacional Paraguaipoa - Paraguach\u00f3n","highway":"trunk","ref":"T-6;L-5"},"geometry":{"type":"LineString","coordinates":[[-71.96543,11.34733],[-71.96623,11.34722]]}},{"type":"Feature","id":"way/1156712060","properties":{"name":"Carretera Nacional Paraguaipoa - Paraguach\u00f3n","highway":"trunk","ref":"T-6;L-5"},"geometry":{"type":"LineString","coordinates":[[-71.96623,11.34722],[-71.9663,11.34714]]}},{"type":"Feature","id":"way/1156712061","properties":{"name":"Carretera Nacional Paraguaipoa - Paraguach\u00f3n","highway":"trunk","ref":"T-6;L-5"},"geometry":{"type":"LineString","coordinates":[[-71.9663,11.34714],[-71.96543,11.34733]]}},{"type":"Feature","id":"way/1156712062","properties":{"name":"Carretera Nacional Paraguaipoa - Paraguach\u00f3n","highway":"trunk","ref":"T-6;L-5"},"geometry":{"type":"LineString","coordinates":[[-71.96543,11.34733],[-71.9654,11.3473]]}},{"type":"Feature","id":"way/1157484527","properties":{"name":"Carretera Regional La Ca\u00f1ada - Barranquitas","highway":"secondary","ref":"L-4"},"geometry":{"type":"LineString","coordinates":[[-71.72349,10.38712],[-71.71703,10.39125],[-71.70175,10.3983],[-71.69258,10.40591]]}},{"type":"Feature","id":"way/1157484528","properties":{"name":"El Real","highway":"secondary","ref":"L-4"},"geometry":{"type":"LineString","coordinates":[[-71.75331,10.37409],[-71.75026,10.37674]]}},{"type":"Feature","id":"way/1157484530","properties":{"name":"Carretera Regional La Ca\u00f1ada - Barranquitas","highway":"secondary","ref":"L-4"},"geometry":{"type":"LineString","coordinates":[[-71.75026,10.37674],[-71.74266,10.37885]]}},{"type":"Feature","id":"way/1157484531","properties":{"name":"Avenida Principal de El Carmelo","highway":"secondary","ref":"L-4"},"geometry":{"type":"LineString","coordinates":[[-71.74266,10.37885],[-71.73391,10.38144],[-71.72349,10.38712]]}},{"type":"Feature","id":"way/1157503001","properties":{"highway":"primary","ref":"L-4"},"geometry":{"type":"LineString","coordinates":[[-71.68157,10.41587],[-71.67199,10.42381]]}},{"type":"Feature","id":"way/1157503002","properties":{"highway":"primary","ref":"L-4"},"geometry":{"type":"LineString","coordinates":[[-71.67199,10.42381],[-71.67195,10.42385]]}},{"type":"Feature","id":"way/1157503003","properties":{"highway":"primary","ref":"L-4"},"geometry":{"type":"LineString","coordinates":[[-71.66572,10.4348],[-71.66683,10.42936],[-71.67228,10.4249]]}},{"type":"Feature","id":"way/1157503004","properties":{"highway":"primary","ref":"L-4"},"geometry":{"type":"LineString","coordinates":[[-71.67228,10.4249],[-71.67235,10.42484]]}},{"type":"Feature","id":"way/1157503009","properties":{"highway":"primary_link"},"geometry":{"type":"LineString","coordinates":[[-71.67604,10.42104],[-71.67619,10.4212]]}},{"type":"Feature","id":"way/1157998163","properties":{"name":"V\u00eda a La Ca\u00f1ada","highway":"primary","ref":"L-4"},"geometry":{"type":"LineString","coordinates":[[-71.6527,10.51719],[-71.64702,10.55662]]}},{"type":"Feature","id":"way/1157998164","properties":{"name":"V\u00eda a La Ca\u00f1ada","highway":"primary","ref":"L-4"},"geometry":{"type":"LineString","coordinates":[[-71.65271,10.51711],[-71.6527,10.51719]]}},{"type":"Feature","id":"way/1158820021","properties":{"highway":"primary_link"},"geometry":{"type":"LineString","coordinates":[[-71.53104,10.57737],[-71.53082,10.57754]]}},{"type":"Feature","id":"way/1159255142","properties":{"name":"Eje Rural de Castilletes","highway":"tertiary","ref":"T-6"},"geometry":{"type":"LineString","coordinates":[[-71.84243,11.63834],[-71.84774,11.63829]]}},{"type":"Feature","id":"way/1159255143","properties":{"name":"Eje Rural de Castilletes","highway":"tertiary","ref":"T-6"},"geometry":{"type":"LineString","coordinates":[[-71.84774,11.63829],[-71.84863,11.63789]]}},{"type":"Feature","id":"way/1163633290","properties":{"name":"Avenida 5","highway":"primary","ref":"R-16"},"geometry":{"type":"LineString","coordinates":[[-71.61677,10.5724],[-71.61593,10.58139],[-71.6168,10.5851]]}},{"type":"Feature","id":"way/1163633292","properties":{"name":"Avenida 5","highway":"primary","ref":"R-16"},"geometry":{"type":"LineString","coordinates":[[-71.6169,10.58507],[-71.61605,10.58141],[-71.61685,10.57276]]}},{"type":"Feature","id":"way/1163633293","properties":{"name":"Avenida 17","highway":"primary","ref":"R-16"},"geometry":{"type":"LineString","coordinates":[[-71.61822,10.59701],[-71.6162,10.601]]}},{"type":"Feature","id":"way/1163633294","properties":{"name":"Avenida 17","highway":"primary","ref":"R-16"},"geometry":{"type":"LineString","coordinates":[[-71.61628,10.60105],[-71.6183,10.59703]]}},{"type":"Feature","id":"way/1169512704","properties":{"name":"Avenida Intercomunal Lagunillas - Bachaquero","highway":"primary","ref":"L-3"},"geometry":{"type":"LineString","coordinates":[[-71.11619,9.97276],[-71.14074,10.01444],[-71.15547,10.02041],[-71.16129,10.02529],[-71.16825,10.02506],[-71.18732,10.03135],[-71.19235,10.03661]]}},{"type":"Feature","id":"way/1169651822","properties":{"name":"Avenida Intercomunal Lagunillas - Bachaquero","highway":"primary","ref":"L-3"},"geometry":{"type":"LineString","coordinates":[[-71.1925,10.03681],[-71.19698,10.04227],[-71.20282,10.05241]]}},{"type":"Feature","id":"way/1169651823","properties":{"name":"Puente Sibaragua","highway":"primary","ref":"L-3"},"geometry":{"type":"LineString","coordinates":[[-71.19235,10.03661],[-71.1925,10.03681]]}},{"type":"Feature","id":"way/1190043823","properties":{"name":"Calle 24","highway":"tertiary","ref":"T-6"},"geometry":{"type":"LineString","coordinates":[[-71.73492,10.95748],[-71.73305,10.95864]]}},{"type":"Feature","id":"way/1190043824","properties":{"name":"Calle 26","highway":"tertiary","ref":"T-6"},"geometry":{"type":"LineString","coordinates":[[-71.73543,10.95808],[-71.73549,10.95797]]}},{"type":"Feature","id":"way/1195352076","properties":{"highway":"primary_link"},"geometry":{"type":"LineString","coordinates":[[-71.51938,10.69403],[-71.51891,10.69437]]}},{"type":"Feature","id":"way/1201617861","properties":{"highway":"primary_link"},"geometry":{"type":"LineString","coordinates":[[-71.68472,10.67614],[-71.68454,10.67608]]}},{"type":"Feature","id":"way/1208925847","properties":{"highway":"tertiary"},"geometry":{"type":"LineString","coordinates":[[-71.64953,10.95344],[-71.65025,10.95299]]}},{"type":"Feature","id":"way/1209552183","properties":{"name":"Avenida Las Delicias","highway":"primary","ref":"R-16"},"geometry":{"type":"LineString","coordinates":[[-71.61956,10.65266],[-71.61871,10.66384]]}},{"type":"Feature","id":"way/1209552184","properties":{"name":"Avenida 5 de Julio","highway":"secondary"},"geometry":{"type":"LineString","coordinates":[[-71.59288,10.66645],[-71.59744,10.66814],[-71.61871,10.66384]]}},{"type":"Feature","id":"way/1209552187","properties":{"name":"Avenida Sabaneta","highway":"primary","ref":"R-72"},"geometry":{"type":"LineString","coordinates":[[-71.62225,10.63907],[-71.62381,10.63879]]}},{"type":"Feature","id":"way/1209635581","properties":{"name":"Avenida 5","highway":"primary","ref":"R-16"},"geometry":{"type":"LineString","coordinates":[[-71.6183,10.59703],[-71.61809,10.59442]]}},{"type":"Feature","id":"way/1209635582","properties":{"name":"Avenida Los Haticos","highway":"primary","ref":"R-16"},"geometry":{"type":"LineString","coordinates":[[-71.61809,10.59442],[-71.61806,10.59435]]}},{"type":"Feature","id":"way/1209635583","properties":{"name":"Avenida 5","highway":"primary","ref":"R-16"},"geometry":{"type":"LineString","coordinates":[[-71.61796,10.59433],[-71.61822,10.59701]]}},{"type":"Feature","id":"way/1209635584","properties":{"name":"Avenida Los Haticos","highway":"primary","ref":"R-16"},"geometry":{"type":"LineString","coordinates":[[-71.61793,10.59426],[-71.61796,10.59433]]}},{"type":"Feature","id":"way/1211475363","properties":{"name":"Carretera D","highway":"tertiary","ref":"R-58"},"geometry":{"type":"LineString","coordinates":[[-71.27304,10.32055],[-71.31582,10.29751]]}},{"type":"Feature","id":"way/1211677844","properties":{"name":"Calle 94G v\u00eda a la Rinconada","highway":"tertiary"},"geometry":{"type":"LineString","coordinates":[[-71.71691,10.66872],[-71.70991,10.66835],[-71.69798,10.66369]]}},{"type":"Feature","id":"way/1211966731","properties":{"name":"V\u00eda a Tul\u00e9","highway":"secondary","ref":"R-1;R-75"},"geometry":{"type":"LineString","coordinates":[[-71.76213,10.71343],[-71.76214,10.71336]]}},{"type":"Feature","id":"way/1212373455","properties":{"name":"Avenida 17","highway":"secondary"},"geometry":{"type":"LineString","coordinates":[[-71.62221,10.63879],[-71.62223,10.63889]]}},{"type":"Feature","id":"way/1212407021","properties":{"name":"Gran Autopista de Occidente","highway":"trunk","ref":"T-17;R-55"},"geometry":{"type":"LineString","coordinates":[[-71.34066,10.38504],[-71.33844,10.3831]]}},{"type":"Feature","id":"way/1212645623","properties":{"name":"Avenida 17","highway":"secondary"},"geometry":{"type":"LineString","coordinates":[[-71.62225,10.639],[-71.62225,10.63907]]}},{"type":"Feature","id":"way/1214330944","properties":{"highway":"tertiary"},"geometry":{"type":"LineString","coordinates":[[-71.927,8.99643],[-71.92668,8.99715]]}},{"type":"Feature","id":"way/1214330946","properties":{"highway":"tertiary"},"geometry":{"type":"LineString","coordinates":[[-71.92698,8.99634],[-71.927,8.99643]]}},{"type":"Feature","id":"way/1218719878","properties":{"name":"Calle 95 Garcia","highway":"tertiary"},"geometry":{"type":"LineString","coordinates":[[-71.64422,10.64377],[-71.64588,10.64528]]}},{"type":"Feature","id":"way/1218719879","properties":{"name":"Calle 95 Garcia","highway":"tertiary"},"geometry":{"type":"LineString","coordinates":[[-71.64409,10.64371],[-71.64422,10.64377]]}},{"type":"Feature","id":"way/1219906076","properties":{"highway":"tertiary"},"geometry":{"type":"LineString","coordinates":[[-71.44961,10.38949],[-71.44946,10.38928]]}},{"type":"Feature","id":"way/1223361863","properties":{"highway":"tertiary"},"geometry":{"type":"LineString","coordinates":[[-71.67451,10.64544],[-71.67459,10.64507]]}},{"type":"Feature","id":"way/1223983513","properties":{"highway":"trunk_link"},"geometry":{"type":"LineString","coordinates":[[-71.65712,10.57667],[-71.65721,10.57692]]}},{"type":"Feature","id":"way/1223988028","properties":{"highway":"trunk_link"},"geometry":{"type":"LineString","coordinates":[[-71.65767,10.57685],[-71.65759,10.57665]]}},{"type":"Feature","id":"way/1224010314","properties":{"highway":"tertiary"},"geometry":{"type":"LineString","coordinates":[[-71.64132,10.71419],[-71.64087,10.71405]]}},{"type":"Feature","id":"way/1224010315","properties":{"highway":"tertiary"},"geometry":{"type":"LineString","coordinates":[[-71.64148,10.71419],[-71.64132,10.71419]]}},{"type":"Feature","id":"way/1224664821","properties":{"highway":"trunk_link"},"geometry":{"type":"LineString","coordinates":[[-71.63284,10.71977],[-71.63287,10.71944]]}},{"type":"Feature","id":"way/1224664822","properties":{"highway":"trunk_link"},"geometry":{"type":"LineString","coordinates":[[-71.63247,10.71971],[-71.63284,10.71977]]}},{"type":"Feature","id":"way/1224664893","properties":{"highway":"trunk_link"},"geometry":{"type":"LineString","coordinates":[[-71.66377,10.64455],[-71.66397,10.64442]]}},{"type":"Feature","id":"way/1225339095","properties":{"name":"Avenida Las Delicias","highway":"primary","ref":"R-16"},"geometry":{"type":"LineString","coordinates":[[-71.62318,10.68235],[-71.62518,10.68704],[-71.62535,10.69329]]}},{"type":"Feature","id":"way/1225339096","properties":{"name":"Avenida Las Delicias","highway":"primary","ref":"R-16"},"geometry":{"type":"LineString","coordinates":[[-71.62313,10.68221],[-71.62318,10.68235]]}},{"type":"Feature","id":"way/1225339097","properties":{"name":"Avenida 15 - Las Delicias","highway":"primary","ref":"R-16"},"geometry":{"type":"LineString","coordinates":[[-71.62325,10.68233],[-71.6232,10.68219]]}},{"type":"Feature","id":"way/1225339098","properties":{"name":"Avenida 15 - Las Delicias","highway":"primary","ref":"R-16"},"geometry":{"type":"LineString","coordinates":[[-71.62544,10.69331],[-71.62528,10.68713],[-71.62325,10.68233]]}},{"type":"Feature","id":"way/1225339101","properties":{"highway":"tertiary"},"geometry":{"type":"LineString","coordinates":[[-71.62999,10.68035],[-71.62937,10.67951]]}},{"type":"Feature","id":"way/1225339102","properties":{"highway":"tertiary"},"geometry":{"type":"LineString","coordinates":[[-71.63012,10.68053],[-71.62999,10.68035]]}},{"type":"Feature","id":"way/1225339103","properties":{"name":"Avenida 16","highway":"tertiary"},"geometry":{"type":"LineString","coordinates":[[-71.62991,10.68039],[-71.63004,10.68057]]}},{"type":"Feature","id":"way/1225339104","properties":{"name":"Avenida 16","highway":"tertiary"},"geometry":{"type":"LineString","coordinates":[[-71.6293,10.67954],[-71.62991,10.68039]]}},{"type":"Feature","id":"way/1225367488","properties":{"name":"Avenida 40","highway":"tertiary"},"geometry":{"type":"LineString","coordinates":[[-71.63508,10.56454],[-71.63507,10.56474]]}},{"type":"Feature","id":"way/1225367489","properties":{"name":"Avenida 40","highway":"tertiary"},"geometry":{"type":"LineString","coordinates":[[-71.63512,10.56401],[-71.63508,10.56454]]}},{"type":"Feature","id":"way/1225367490","properties":{"name":"Avenida 40","highway":"tertiary"},"geometry":{"type":"LineString","coordinates":[[-71.63514,10.56454],[-71.63512,10.56401]]}},{"type":"Feature","id":"way/1225367491","properties":{"name":"Avenida 40","highway":"tertiary"},"geometry":{"type":"LineString","coordinates":[[-71.63513,10.56475],[-71.63514,10.56454]]}},{"type":"Feature","id":"way/1225832498","properties":{"highway":"primary_link"},"geometry":{"type":"LineString","coordinates":[[-71.67807,10.68805],[-71.67799,10.68782]]}},{"type":"Feature","id":"way/1225851011","properties":{"name":"Avenida 5","highway":"secondary","ref":"R-16"},"geometry":{"type":"LineString","coordinates":[[-71.61704,10.56974],[-71.61701,10.57004]]}},{"type":"Feature","id":"way/1225851012","properties":{"name":"Avenida 5","highway":"secondary","ref":"R-16"},"geometry":{"type":"LineString","coordinates":[[-71.61701,10.57004],[-71.61677,10.5724]]}},{"type":"Feature","id":"way/1225851013","properties":{"name":"Avenida 5","highway":"secondary","ref":"R-16"},"geometry":{"type":"LineString","coordinates":[[-71.61712,10.57004],[-71.61716,10.56973]]}},{"type":"Feature","id":"way/1225851014","properties":{"name":"Avenida 5","highway":"secondary","ref":"R-16"},"geometry":{"type":"LineString","coordinates":[[-71.61685,10.57276],[-71.61712,10.57004]]}},{"type":"Feature","id":"way/1226663974","properties":{"highway":"trunk_link"},"geometry":{"type":"LineString","coordinates":[[-71.65466,10.57944],[-71.65461,10.57938]]}},{"type":"Feature","id":"way/1227258222","properties":{"highway":"primary_link"},"geometry":{"type":"LineString","coordinates":[[-71.61783,10.63153],[-71.61774,10.63158]]}},{"type":"Feature","id":"way/1227300413","properties":{"highway":"trunk_link"},"geometry":{"type":"LineString","coordinates":[[-71.64494,10.69128],[-71.64518,10.6916]]}},{"type":"Feature","id":"way/1227525360","properties":{"highway":"primary_link"},"geometry":{"type":"LineString","coordinates":[[-71.65052,10.5767],[-71.65042,10.57672]]}},{"type":"Feature","id":"way/1228537268","properties":{"name":"Calle 102","highway":"secondary"},"geometry":{"type":"LineString","coordinates":[[-71.6224,10.63782],[-71.62217,10.63792]]}},{"type":"Feature","id":"way/1228537271","properties":{"name":"Avenida 17","highway":"secondary"},"geometry":{"type":"LineString","coordinates":[[-71.6223,10.63888],[-71.62228,10.63865]]}},{"type":"Feature","id":"way/1228537272","properties":{"name":"Avenida 17","highway":"secondary"},"geometry":{"type":"LineString","coordinates":[[-71.62228,10.63865],[-71.62224,10.63814]]}},{"type":"Feature","id":"way/1228537273","properties":{"name":"Avenida 17","highway":"secondary"},"geometry":{"type":"LineString","coordinates":[[-71.62224,10.63814],[-71.62221,10.6379]]}},{"type":"Feature","id":"way/1228754916","properties":{"highway":"primary_link"},"geometry":{"type":"LineString","coordinates":[[-71.64778,10.56151],[-71.64766,10.56162]]}},{"type":"Feature","id":"way/1228754917","properties":{"highway":"primary_link"},"geometry":{"type":"LineString","coordinates":[[-71.64756,10.56162],[-71.64783,10.56178]]}},{"type":"Feature","id":"way/1228981216","properties":{"name":"Distribuidor Santa Clara II","highway":"primary_link"},"geometry":{"type":"LineString","coordinates":[[-71.62908,10.60206],[-71.62898,10.60188]]}},{"type":"Feature","id":"way/1228981217","properties":{"name":"Distribuidor Santa Clara II","highway":"primary_link"},"geometry":{"type":"LineString","coordinates":[[-71.62877,10.60317],[-71.62908,10.60206]]}},{"type":"Feature","id":"way/1228981218","properties":{"name":"Distribuidor Santa Clara II","highway":"primary_link"},"geometry":{"type":"LineString","coordinates":[[-71.62898,10.60188],[-71.62908,10.60173]]}},{"type":"Feature","id":"way/1228981219","properties":{"name":"Distribuidor Santa Clara II","highway":"primary_link"},"geometry":{"type":"LineString","coordinates":[[-71.62908,10.60173],[-71.62866,10.60029]]}},{"type":"Feature","id":"way/1228981221","properties":{"name":"Distribuidor Santa Clara II","highway":"primary_link"},"geometry":{"type":"LineString","coordinates":[[-71.62812,10.60172],[-71.62796,10.60195]]}},{"type":"Feature","id":"way/1228981222","properties":{"name":"Distribuidor Santa Clara II","highway":"primary_link"},"geometry":{"type":"LineString","coordinates":[[-71.62812,10.60172],[-71.62819,10.60195]]}},{"type":"Feature","id":"way/1228981223","properties":{"name":"Distribuidor Santa Clara II","highway":"primary_link"},"geometry":{"type":"LineString","coordinates":[[-71.62796,10.60195],[-71.62816,10.60209]]}},{"type":"Feature","id":"way/1228981224","properties":{"name":"Distribuidor Santa Clara II","highway":"primary_link"},"geometry":{"type":"LineString","coordinates":[[-71.62816,10.60209],[-71.62863,10.60315]]}},{"type":"Feature","id":"way/1228987609","properties":{"name":"Avenida 5","highway":"tertiary"},"geometry":{"type":"LineString","coordinates":[[-71.61264,10.68421],[-71.61293,10.68379]]}},{"type":"Feature","id":"way/1228987610","properties":{"name":"Avenida 5","highway":"tertiary"},"geometry":{"type":"LineString","coordinates":[[-71.61283,10.68376],[-71.61272,10.68397]]}},{"type":"Feature","id":"way/1228989853","properties":{"name":"Avenida 5","highway":"tertiary"},"geometry":{"type":"LineString","coordinates":[[-71.61272,10.68397],[-71.61264,10.68421]]}},{"type":"Feature","id":"way/1230225514","properties":{"name":"Avenida 9B","highway":"tertiary"},"geometry":{"type":"LineString","coordinates":[[-71.61293,10.68379],[-71.61295,10.68372]]}},{"type":"Feature","id":"way/1230788505","properties":{"highway":"primary_link"},"geometry":{"type":"LineString","coordinates":[[-71.6222,10.72831],[-71.6223,10.72827]]}},{"type":"Feature","id":"way/1230789546","properties":{"name":"Avenida 16","highway":"trunk","ref":"T-6"},"geometry":{"type":"LineString","coordinates":[[-71.62983,10.73538],[-71.62962,10.73523]]}},{"type":"Feature","id":"way/1230789547","properties":{"name":"Avenida 16","highway":"trunk","ref":"T-6"},"geometry":{"type":"LineString","coordinates":[[-71.63678,10.74092],[-71.62983,10.73538]]}},{"type":"Feature","id":"way/1230789548","properties":{"name":"Avenida 16","highway":"trunk","ref":"T-6"},"geometry":{"type":"LineString","coordinates":[[-71.62954,10.73531],[-71.62971,10.73544]]}},{"type":"Feature","id":"way/1230789549","properties":{"name":"Avenida 16","highway":"trunk","ref":"T-6"},"geometry":{"type":"LineString","coordinates":[[-71.62971,10.73544],[-71.63678,10.74092]]}},{"type":"Feature","id":"way/1232260114","properties":{"highway":"trunk_link"},"geometry":{"type":"LineString","coordinates":[[-72.58487,8.6709],[-72.58457,8.67106]]}},{"type":"Feature","id":"way/1232396057","properties":{"name":"Calle 171","highway":"tertiary"},"geometry":{"type":"LineString","coordinates":[[-71.6292,10.5592],[-71.62899,10.55929]]}},{"type":"Feature","id":"way/1232396058","properties":{"name":"Calle 171","highway":"tertiary"},"geometry":{"type":"LineString","coordinates":[[-71.63436,10.55722],[-71.6292,10.5592]]}},{"type":"Feature","id":"way/1232509838","properties":{"name":"Calle 93","highway":"tertiary"},"geometry":{"type":"LineString","coordinates":[[-71.65803,10.65388],[-71.65791,10.65369]]}},{"type":"Feature","id":"way/1232797111","properties":{"highway":"primary","ref":"L-2"},"geometry":{"type":"LineString","coordinates":[[-72.34178,8.82315],[-72.34204,8.82315]]}},{"type":"Feature","id":"way/1232797112","properties":{"highway":"primary","ref":"L-2"},"geometry":{"type":"LineString","coordinates":[[-72.34204,8.82315],[-72.34178,8.82315]]}},{"type":"Feature","id":"way/1232812249","properties":{"highway":"tertiary"},"geometry":{"type":"LineString","coordinates":[[-71.60616,10.64646],[-71.60607,10.64645]]}},{"type":"Feature","id":"way/1233167071","properties":{"name":"V\u00eda a Bobures","highway":"primary","ref":"R-41"},"geometry":{"type":"LineString","coordinates":[[-71.0816,9.15652],[-71.07951,9.15129],[-71.08033,9.14289]]}},{"type":"Feature","id":"way/1233167072","properties":{"name":"V\u00eda a Bobures","highway":"primary","ref":"R-41"},"geometry":{"type":"LineString","coordinates":[[-71.08033,9.14289],[-71.07941,9.15131],[-71.0816,9.15652]]}},{"type":"Feature","id":"way/1234173956","properties":{"highway":"primary_link"},"geometry":{"type":"LineString","coordinates":[[-71.45863,10.43751],[-71.45855,10.43745]]}},{"type":"Feature","id":"way/1237137326","properties":{"name":"Gran Autopista de Occidente","highway":"trunk","ref":"T-17"},"geometry":{"type":"LineString","coordinates":[[-71.23957,10.26995],[-71.23951,10.26986]]}},{"type":"Feature","id":"way/1237137327","properties":{"name":"Gran Autopista de Occidente","highway":"trunk","ref":"T-17"},"geometry":{"type":"LineString","coordinates":[[-71.27091,10.31933],[-71.2685,10.31746],[-71.23957,10.26995]]}},{"type":"Feature","id":"way/1308338025","properties":{"name":"Carretera OO","highway":"tertiary","ref":"R-12"},"geometry":{"type":"LineString","coordinates":[[-71.13171,9.96476],[-71.12893,9.96634]]}},{"type":"Feature","id":"way/1308338030","properties":{"name":"Carretera OO","highway":"tertiary","ref":"R-12"},"geometry":{"type":"LineString","coordinates":[[-71.13177,9.96472],[-71.13171,9.96476]]}},{"type":"Feature","id":"way/1308338033","properties":{"name":"Carretera OO","highway":"tertiary","ref":"R-12"},"geometry":{"type":"LineString","coordinates":[[-71.12893,9.96634],[-71.12831,9.96669]]}},{"type":"Feature","id":"way/1322034862","properties":{"name":"Carretera Altagracia - Sabaneta","highway":"secondary","ref":"R-9"},"geometry":{"type":"LineString","coordinates":[[-71.5159,10.75502],[-71.5168,10.75708]]}},{"type":"Feature","id":"way/1325521954","properties":{"name":"Eje Agr\u00edcola de La Mocha","highway":"tertiary","ref":"R-36"},"geometry":{"type":"LineString","coordinates":[[-71.59836,8.9592],[-71.59699,8.93997],[-71.59175,8.93865]]}},{"type":"Feature","id":"way/1325521955","properties":{"name":"Eje Agr\u00edcola de La Mocha","highway":"tertiary","ref":"R-36"},"geometry":{"type":"LineString","coordinates":[[-71.59175,8.93865],[-71.59133,8.93848]]}},{"type":"Feature","id":"way/1327495992","properties":{"name":"Carretera Panamericana Caja Seca - Arapuey","highway":"trunk","ref":"T-1"},"geometry":{"type":"LineString","coordinates":[[-71.08033,9.14289],[-71.06154,9.15085]]}},{"type":"Feature","id":"way/1327495993","properties":{"name":"Carretera Panamericana Caja Seca - Arapuey","highway":"trunk","ref":"T-1"},"geometry":{"type":"LineString","coordinates":[[-71.04308,9.15892],[-71.04284,9.15909]]}},{"type":"Feature","id":"way/1327495995","properties":{"name":"Carretera Panamericana Caja Seca - Arapuey","highway":"trunk","ref":"T-1"},"geometry":{"type":"LineString","coordinates":[[-71.06136,9.15092],[-71.04651,9.15673],[-71.04308,9.15892]]}},{"type":"Feature","id":"way/1327495996","properties":{"name":"Carretera Panamericana Caja Seca - Arapuey","highway":"trunk","ref":"T-1"},"geometry":{"type":"LineString","coordinates":[[-71.06154,9.15085],[-71.06136,9.15092]]}},{"type":"Feature","id":"way/1327496005","properties":{"name":"Eje Agr\u00edcola de Capi\u00fa","highway":"tertiary"},"geometry":{"type":"LineString","coordinates":[[-71.06401,9.18774],[-71.064,9.18717]]}},{"type":"Feature","id":"way/1327496006","properties":{"name":"Eje Agr\u00edcola de Capi\u00fa","highway":"tertiary"},"geometry":{"type":"LineString","coordinates":[[-71.064,9.18717],[-71.06399,9.18689]]}},{"type":"Feature","id":"way/1327496007","properties":{"name":"Eje Agr\u00edcola de Capi\u00fa","highway":"tertiary"},"geometry":{"type":"LineString","coordinates":[[-71.04672,9.17388],[-71.03818,9.17299],[-71.03041,9.16818]]}},{"type":"Feature","id":"way/1327496008","properties":{"name":"Eje Agr\u00edcola de Capi\u00fa","highway":"tertiary"},"geometry":{"type":"LineString","coordinates":[[-71.04706,9.17373],[-71.04672,9.17388]]}},{"type":"Feature","id":"way/1335588247","properties":{"highway":"primary","ref":"L-2"},"geometry":{"type":"LineString","coordinates":[[-71.9264,8.99867],[-71.92643,8.99818]]}},{"type":"Feature","id":"way/1335588249","properties":{"highway":"primary","ref":"L-2"},"geometry":{"type":"LineString","coordinates":[[-71.92634,8.99913],[-71.9264,8.99867]]}},{"type":"Feature","id":"way/1338817739","properties":{"name":"Carretera Altagracia - Quisiro","highway":"tertiary","ref":"R-10"},"geometry":{"type":"LineString","coordinates":[[-71.2926,10.87977],[-71.3212,10.85478],[-71.34165,10.81577]]}},{"type":"Feature","id":"way/1338817740","properties":{"name":"Carretera Altagracia - Quisiro","highway":"tertiary","ref":"R-10"},"geometry":{"type":"LineString","coordinates":[[-71.34165,10.81577],[-71.34186,10.81537]]}},{"type":"Feature","id":"way/1339614467","properties":{"name":"Carretera Regional Santa B\u00e1rbara - Encontrados","highway":"primary","ref":"L-2"},"geometry":{"type":"LineString","coordinates":[[-72.22219,9.05554],[-72.2192,9.04757],[-72.21607,9.04265],[-72.20847,9.02216],[-72.19974,9.01726],[-72.19314,9.01849]]}},{"type":"Feature","id":"way/1339614468","properties":{"name":"Carretera Regional Santa B\u00e1rbara - Encontrados","highway":"primary","ref":"L-2"},"geometry":{"type":"LineString","coordinates":[[-72.19314,9.01849],[-72.18729,9.01991],[-72.17934,9.01784],[-72.16769,9.00036],[-72.16458,8.99895],[-72.15787,8.9986],[-72.14991,8.99616]]}},{"type":"Feature","id":"way/1339614476","properties":{"name":"Carretera Regional Casigua - Santa B\u00e1rbara","highway":"primary","ref":"L-2"},"geometry":{"type":"LineString","coordinates":[[-72.37541,8.82203],[-72.37386,8.82261],[-72.35845,8.81994],[-72.35138,8.82308],[-72.34817,8.82338]]}},{"type":"Feature","id":"way/1339614479","properties":{"name":"Carretera Regional Casigua - Santa B\u00e1rbara","highway":"primary","ref":"L-2"},"geometry":{"type":"LineString","coordinates":[[-72.43285,8.81565],[-72.38463,8.81166],[-72.38142,8.81281],[-72.37541,8.82203]]}},{"type":"Feature","id":"way/1339614482","properties":{"name":"Carretera Regional Coloncito - El Conuco","highway":"secondary","ref":"R-65"},"geometry":{"type":"LineString","coordinates":[[-72.16454,8.5775],[-72.16455,8.57725]]}},{"type":"Feature","id":"way/1339614485","properties":{"name":"Carretera Regional Casigua - Santa B\u00e1rbara","highway":"primary","ref":"R-68"},"geometry":{"type":"LineString","coordinates":[[-72.00288,8.97024],[-71.99967,8.96723],[-71.99012,8.96527],[-71.98413,8.95951]]}},{"type":"Feature","id":"way/1339614487","properties":{"name":"Carretera Regional Santa B\u00e1rbara - Encontrados","highway":"primary","ref":"L-2"},"geometry":{"type":"LineString","coordinates":[[-72.00327,8.97079],[-71.97807,8.98573],[-71.97362,8.99217],[-71.96986,9.00378],[-71.96652,9.00515]]}},{"type":"Feature","id":"way/1342292013","properties":{"name":"Carretera Bachaquero - Machango","highway":"secondary","ref":"R-50"},"geometry":{"type":"LineString","coordinates":[[-71.01908,10.02796],[-71.00893,10.03438],[-70.99376,10.06073],[-70.99317,10.07358]]}},{"type":"Feature","id":"way/1342685449","properties":{"name":"Carretera Mene Grande - El Siete","highway":"primary","ref":"R-44"},"geometry":{"type":"LineString","coordinates":[[-70.92013,9.81364],[-70.92376,9.78866],[-70.91939,9.77839],[-70.91854,9.77295],[-70.91489,9.76607]]}},{"type":"Feature","id":"way/1342685450","properties":{"name":"Carretera Mene Grande - El Siete","highway":"primary","ref":"R-44"},"geometry":{"type":"LineString","coordinates":[[-70.91489,9.76607],[-70.91476,9.76513]]}},{"type":"Feature","id":"way/1345299847","properties":{"name":"Avenida 16","highway":"trunk","ref":"T-6"},"geometry":{"type":"LineString","coordinates":[[-71.63267,10.71957],[-71.63287,10.71944]]}},{"type":"Feature","id":"way/1345299850","properties":{"name":"Avenida 16","highway":"trunk","ref":"T-6"},"geometry":{"type":"LineString","coordinates":[[-71.63265,10.71944],[-71.63257,10.7195]]}},{"type":"Feature","id":"way/1345299851","properties":{"name":"Avenida 16","highway":"trunk","ref":"T-6"},"geometry":{"type":"LineString","coordinates":[[-71.63287,10.71944],[-71.63857,10.71589]]}},{"type":"Feature","id":"way/1345299853","properties":{"name":"Avenida 16","highway":"trunk","ref":"T-6"},"geometry":{"type":"LineString","coordinates":[[-71.63247,10.71971],[-71.63267,10.71957]]}},{"type":"Feature","id":"way/1345299855","properties":{"name":"Avenida 16","highway":"trunk","ref":"T-6"},"geometry":{"type":"LineString","coordinates":[[-71.63257,10.7195],[-71.62837,10.72354],[-71.6278,10.73067]]}},{"type":"Feature","id":"way/1355364241","properties":{"name":"Avenida 4 Bella Vista","highway":"tertiary"},"geometry":{"type":"LineString","coordinates":[[-71.60644,10.64822],[-71.60637,10.64594]]}},{"type":"Feature","id":"way/1355374280","properties":{"name":"Avenida 17","highway":"secondary"},"geometry":{"type":"LineString","coordinates":[[-71.62231,10.63906],[-71.6223,10.63888]]}},{"type":"Feature","id":"way/1365570405","properties":{"highway":"primary"},"geometry":{"type":"LineString","coordinates":[[-71.16138,9.2361],[-71.16043,9.23579]]}},{"type":"Feature","id":"way/1370414400","properties":{"name":"Calle 148 Via a La Concepci\u00f3n","highway":"primary","ref":"L-1"},"geometry":{"type":"LineString","coordinates":[[-71.65555,10.58511],[-71.65314,10.58435]]}},{"type":"Feature","id":"way/1370414402","properties":{"name":"Calle 148 Via a La Concepci\u00f3n","highway":"primary","ref":"L-1"},"geometry":{"type":"LineString","coordinates":[[-71.65314,10.58435],[-71.65244,10.58411]]}},{"type":"Feature","id":"way/1373864149","properties":{"name":"Calle 102","highway":"secondary"},"geometry":{"type":"LineString","coordinates":[[-71.62731,10.63318],[-71.62754,10.6326]]}},{"type":"Feature","id":"way/1373864155","properties":{"highway":"tertiary"},"geometry":{"type":"LineString","coordinates":[[-71.6207,10.62985],[-71.62316,10.62926],[-71.62438,10.63016]]}},{"type":"Feature","id":"way/1373864156","properties":{"name":"Calle 102","highway":"secondary"},"geometry":{"type":"LineString","coordinates":[[-71.62543,10.63394],[-71.62731,10.63318]]}},{"type":"Feature","id":"way/1373864159","properties":{"name":"Calle 102","highway":"secondary"},"geometry":{"type":"LineString","coordinates":[[-71.62217,10.63792],[-71.62213,10.63795]]}},{"type":"Feature","id":"way/1390228194","properties":{"highway":"tertiary"},"geometry":{"type":"LineString","coordinates":[[-71.61608,10.6168],[-71.61597,10.61617]]}},{"type":"Feature","id":"way/1390228205","properties":{"name":"Avenida 19C","highway":"tertiary"},"geometry":{"type":"LineString","coordinates":[[-71.62041,10.61744],[-71.62007,10.61959]]}},{"type":"Feature","id":"way/1390228216","properties":{"name":"Avenida Las Delicias","highway":"primary","ref":"R-16"},"geometry":{"type":"LineString","coordinates":[[-71.61082,10.61604],[-71.60855,10.61086],[-71.616,10.60162]]}},{"type":"Feature","id":"way/1390559125","properties":{"name":"Calle 102","highway":"secondary"},"geometry":{"type":"LineString","coordinates":[[-71.63258,10.62033],[-71.63384,10.61709]]}},{"type":"Feature","id":"way/1390559127","properties":{"name":"Calle 102","highway":"secondary"},"geometry":{"type":"LineString","coordinates":[[-71.63253,10.62054],[-71.63258,10.62033]]}},{"type":"Feature","id":"way/1390567578","properties":{"name":"Calle 114B","highway":"tertiary"},"geometry":{"type":"LineString","coordinates":[[-71.62364,10.61814],[-71.62573,10.61808]]}},{"type":"Feature","id":"way/1390567579","properties":{"name":"Calle 114B","highway":"tertiary"},"geometry":{"type":"LineString","coordinates":[[-71.62313,10.61815],[-71.62364,10.61814]]}},{"type":"Feature","id":"way/1390567583","properties":{"name":"Avenida 19C","highway":"tertiary"},"geometry":{"type":"LineString","coordinates":[[-71.62007,10.61959],[-71.62012,10.62008]]}},{"type":"Feature","id":"way/1390567597","properties":{"name":"Avenida 19C","highway":"tertiary"},"geometry":{"type":"LineString","coordinates":[[-71.62022,10.62649],[-71.62025,10.62714]]}},{"type":"Feature","id":"way/1390567601","properties":{"name":"Avenida 19C","highway":"tertiary"},"geometry":{"type":"LineString","coordinates":[[-71.62003,10.62416],[-71.62022,10.62649]]}},{"type":"Feature","id":"way/1390567602","properties":{"highway":"tertiary"},"geometry":{"type":"LineString","coordinates":[[-71.6202,10.62902],[-71.6207,10.62985]]}},{"type":"Feature","id":"way/1390568775","properties":{"highway":"tertiary"},"geometry":{"type":"LineString","coordinates":[[-71.61376,10.62476],[-71.61371,10.62476]]}},{"type":"Feature","id":"way/1390754348","properties":{"name":"Calle 115","highway":"secondary"},"geometry":{"type":"LineString","coordinates":[[-71.64818,10.59765],[-71.64817,10.59771]]}},{"type":"Feature","id":"way/1390790282","properties":{"name":"Carretera Regional Maracaibo - La Concepci\u00f3n","highway":"primary","ref":"R-4"},"geometry":{"type":"LineString","coordinates":[[-71.72683,10.64835],[-71.72286,10.64876]]}},{"type":"Feature","id":"way/1390790295","properties":{"name":"Avenida Circunvalaci\u00f3n 4","highway":"secondary","ref":"R-75"},"geometry":{"type":"LineString","coordinates":[[-71.71837,10.63124],[-71.71874,10.63391],[-71.72683,10.64835]]}},{"type":"Feature","id":"way/1390790296","properties":{"name":"Avenida Circunvalaci\u00f3n 4","highway":"secondary","ref":"R-75"},"geometry":{"type":"LineString","coordinates":[[-71.72683,10.64835],[-71.7324,10.65677]]}},{"type":"Feature","id":"way/1390791356","properties":{"name":"Carretera Regional Maracaibo - La Concepci\u00f3n","highway":"primary","ref":"R-4"},"geometry":{"type":"LineString","coordinates":[[-71.72286,10.64876],[-71.72138,10.64889]]}},{"type":"Feature","id":"way/1391001964","properties":{"name":"Avenida Circunvalaci\u00f3n 3","highway":"secondary","ref":"R-79"},"geometry":{"type":"LineString","coordinates":[[-71.67038,10.59329],[-71.67091,10.59743]]}},{"type":"Feature","id":"way/1391001966","properties":{"name":"Avenida Circunvalaci\u00f3n 3","highway":"secondary","ref":"R-79"},"geometry":{"type":"LineString","coordinates":[[-71.67025,10.59216],[-71.67038,10.59329]]}},{"type":"Feature","id":"way/1391034738","properties":{"name":"Distribuidor La Vanega","highway":"primary_link"},"geometry":{"type":"LineString","coordinates":[[-71.67499,10.60874],[-71.67372,10.60819]]}},{"type":"Feature","id":"way/1391045472","properties":{"name":"Calle 113","highway":"tertiary"},"geometry":{"type":"LineString","coordinates":[[-71.65006,10.6055],[-71.64893,10.6081]]}},{"type":"Feature","id":"way/1391045476","properties":{"name":"Avenida Circunvalaci\u00f3n 2","highway":"trunk","ref":"T-6"},"geometry":{"type":"LineString","coordinates":[[-71.6607,10.61448],[-71.65653,10.60657]]}},{"type":"Feature","id":"way/1391058609","properties":{"name":"Avenida 1 de Mayo","highway":"tertiary"},"geometry":{"type":"LineString","coordinates":[[-71.62761,10.66125],[-71.62759,10.66131]]}},{"type":"Feature","id":"way/1391058634","properties":{"name":"Avenida 1 de Mayo","highway":"tertiary"},"geometry":{"type":"LineString","coordinates":[[-71.62663,10.65144],[-71.62735,10.65539]]}},{"type":"Feature","id":"way/1391058636","properties":{"name":"Avenida 1 de Mayo","highway":"tertiary"},"geometry":{"type":"LineString","coordinates":[[-71.62697,10.64976],[-71.62692,10.64997]]}},{"type":"Feature","id":"way/1391070791","properties":{"name":"Avenida 1 de Mayo","highway":"tertiary"},"geometry":{"type":"LineString","coordinates":[[-71.62684,10.65027],[-71.62663,10.65144]]}},{"type":"Feature","id":"way/1391185115","properties":{"highway":"tertiary"},"geometry":{"type":"LineString","coordinates":[[-71.63347,10.66872],[-71.63344,10.66875]]}},{"type":"Feature","id":"way/1391250129","properties":{"name":"V\u00eda a Tul\u00e9","highway":"secondary","ref":"R-1"},"geometry":{"type":"LineString","coordinates":[[-71.77088,10.71715],[-71.76514,10.71455],[-71.76283,10.71484]]}},{"type":"Feature","id":"way/1391250130","properties":{"name":"V\u00eda a Tul\u00e9","highway":"secondary","ref":"R-1"},"geometry":{"type":"LineString","coordinates":[[-71.77691,10.71988],[-71.77088,10.71715]]}},{"type":"Feature","id":"way/1391250132","properties":{"name":"V\u00eda a Tul\u00e9","highway":"secondary","ref":"R-1"},"geometry":{"type":"LineString","coordinates":[[-71.76283,10.71484],[-71.76211,10.71376]]}},{"type":"Feature","id":"way/1391250134","properties":{"name":"Avenida Circunvalaci\u00f3n 4","highway":"secondary","ref":"R-75"},"geometry":{"type":"LineString","coordinates":[[-71.7605,10.70996],[-71.76214,10.71336]]}},{"type":"Feature","id":"way/1391250135","properties":{"name":"Avenida Circunvalaci\u00f3n 4","highway":"secondary","ref":"R-75"},"geometry":{"type":"LineString","coordinates":[[-71.7604,10.70979],[-71.76046,10.70988]]}},{"type":"Feature","id":"way/1391250137","properties":{"name":"Avenida Circunvalaci\u00f3n 4","highway":"secondary","ref":"R-75"},"geometry":{"type":"LineString","coordinates":[[-71.76046,10.70988],[-71.7605,10.70996]]}},{"type":"Feature","id":"way/1391280869","properties":{"name":"Carretera Altagracia - Quisiro","highway":"tertiary","ref":"R-10"},"geometry":{"type":"LineString","coordinates":[[-71.43267,10.77065],[-71.46351,10.75574],[-71.48836,10.73904],[-71.50505,10.73044]]}},{"type":"Feature","id":"way/1391280870","properties":{"name":"Carretera Altagracia - Quisiro","highway":"tertiary","ref":"R-10"},"geometry":{"type":"LineString","coordinates":[[-71.34186,10.81537],[-71.34853,10.8004]]}},{"type":"Feature","id":"way/1391280881","properties":{"name":"Carretera Falc\u00f3n - Zulia","highway":"trunk","ref":"T-3"},"geometry":{"type":"LineString","coordinates":[[-71.09489,10.68589],[-71.13601,10.67813],[-71.19527,10.67505]]}},{"type":"Feature","id":"way/1391280883","properties":{"name":"Carretera Falc\u00f3n - Zulia","highway":"trunk","ref":"T-3"},"geometry":{"type":"LineString","coordinates":[[-71.09476,10.68591],[-71.09489,10.68589]]}},{"type":"Feature","id":"way/1391457805","properties":{"name":"Avenida 19","highway":"tertiary"},"geometry":{"type":"LineString","coordinates":[[-71.62971,10.64195],[-71.62973,10.64037]]}},{"type":"Feature","id":"way/1391457811","properties":{"name":"Avenida 19","highway":"tertiary"},"geometry":{"type":"LineString","coordinates":[[-71.63042,10.64689],[-71.62994,10.64564]]}},{"type":"Feature","id":"way/1391457821","properties":{"name":"Calle 95 Garcia","highway":"tertiary"},"geometry":{"type":"LineString","coordinates":[[-71.64093,10.64271],[-71.64254,10.643]]}},{"type":"Feature","id":"way/1391457830","properties":{"highway":"tertiary"},"geometry":{"type":"LineString","coordinates":[[-71.64499,10.65477],[-71.64484,10.65502]]}},{"type":"Feature","id":"way/1391457831","properties":{"highway":"tertiary"},"geometry":{"type":"LineString","coordinates":[[-71.6455,10.65767],[-71.64484,10.65502]]}},{"type":"Feature","id":"way/1391457873","properties":{"name":"Calle Principal","highway":"tertiary"},"geometry":{"type":"LineString","coordinates":[[-71.66369,10.64412],[-71.65861,10.64383]]}},{"type":"Feature","id":"way/1391457877","properties":{"highway":"tertiary"},"geometry":{"type":"LineString","coordinates":[[-71.64649,10.64569],[-71.64548,10.64906]]}},{"type":"Feature","id":"way/1391465875","properties":{"name":"Calle 115","highway":"secondary"},"geometry":{"type":"LineString","coordinates":[[-71.64011,10.61006],[-71.63917,10.61109]]}},{"type":"Feature","id":"way/1391639983","properties":{"name":"Calle 115","highway":"secondary"},"geometry":{"type":"LineString","coordinates":[[-71.64402,10.60552],[-71.64011,10.61006]]}},{"type":"Feature","id":"way/1391639984","properties":{"name":"Calle 115","highway":"secondary"},"geometry":{"type":"LineString","coordinates":[[-71.64817,10.59771],[-71.64771,10.59895]]}},{"type":"Feature","id":"way/1391639988","properties":{"name":"Calle 115","highway":"secondary"},"geometry":{"type":"LineString","coordinates":[[-71.64771,10.59895],[-71.64747,10.59945]]}},{"type":"Feature","id":"way/1415524870","properties":{"name":"Calle 24","highway":"tertiary","ref":"T-6"},"geometry":{"type":"LineString","coordinates":[[-71.73119,10.95983],[-71.72992,10.96106]]}},{"type":"Feature","id":"way/1415586001","properties":{"highway":"tertiary"},"geometry":{"type":"LineString","coordinates":[[-71.65028,10.95302],[-71.65055,10.95324]]}},{"type":"Feature","id":"way/1415586007","properties":{"highway":"tertiary"},"geometry":{"type":"LineString","coordinates":[[-71.64781,10.95451],[-71.64489,10.95865]]}},{"type":"Feature","id":"way/1415586013","properties":{"highway":"tertiary"},"geometry":{"type":"LineString","coordinates":[[-71.64781,10.95451],[-71.64939,10.95326]]}},{"type":"Feature","id":"way/1415586021","properties":{"highway":"tertiary"},"geometry":{"type":"LineString","coordinates":[[-71.65055,10.95324],[-71.65043,10.95291]]}},{"type":"Feature","id":"way/1415586026","properties":{"highway":"tertiary"},"geometry":{"type":"LineString","coordinates":[[-71.64759,10.9607],[-71.64445,10.95839],[-71.63246,10.95794],[-71.62884,10.95596]]}},{"type":"Feature","id":"way/1415586027","properties":{"highway":"tertiary"},"geometry":{"type":"LineString","coordinates":[[-71.64748,10.96044],[-71.64759,10.9607]]}},{"type":"Feature","id":"way/1415586034","properties":{"highway":"tertiary"},"geometry":{"type":"LineString","coordinates":[[-71.64939,10.95326],[-71.64932,10.95321]]}},{"type":"Feature","id":"way/1415586036","properties":{"highway":"tertiary"},"geometry":{"type":"LineString","coordinates":[[-71.65055,10.95324],[-71.65581,10.96035]]}},{"type":"Feature","id":"way/1415586038","properties":{"highway":"tertiary"},"geometry":{"type":"LineString","coordinates":[[-71.65043,10.95291],[-71.65043,10.95291]]}},{"type":"Feature","id":"way/1415586042","properties":{"highway":"tertiary"},"geometry":{"type":"LineString","coordinates":[[-71.6496,10.95333],[-71.64939,10.95326]]}},{"type":"Feature","id":"way/1415586047","properties":{"highway":"tertiary"},"geometry":{"type":"LineString","coordinates":[[-71.65038,10.95286],[-71.64953,10.95344]]}},{"type":"Feature","id":"way/1415586049","properties":{"highway":"tertiary"},"geometry":{"type":"LineString","coordinates":[[-71.64748,10.96044],[-71.6438,10.95699]]}},{"type":"Feature","id":"way/1415586056","properties":{"highway":"tertiary"},"geometry":{"type":"LineString","coordinates":[[-71.6438,10.95699],[-71.64748,10.96044]]}},{"type":"Feature","id":"way/1442706522","properties":{"highway":"tertiary"},"geometry":{"type":"LineString","coordinates":[[-71.6077,10.64381],[-71.60772,10.64376]]}},{"type":"Feature","id":"way/1444822012","properties":{"name":"Carretera Nacional Machiques - La Fr\u00eda","highway":"trunk","ref":"T-6"},"geometry":{"type":"LineString","coordinates":[[-72.49899,9.7675],[-72.49906,9.76736]]}},{"type":"Feature","id":"way/1444822020","properties":{"name":"Carretera Nacional Machiques - La Fr\u00eda","highway":"trunk","ref":"T-6"},"geometry":{"type":"LineString","coordinates":[[-72.49906,9.76736],[-72.50453,9.75644],[-72.51374,9.74869]]}},{"type":"Feature","id":"way/1462467089","properties":{"name":"Avenida Las Cabillas","highway":"tertiary"},"geometry":{"type":"LineString","coordinates":[[-71.44911,10.38986],[-71.44693,10.38951]]}},{"type":"Feature","id":"way/1462467090","properties":{"name":"Carretera J","highway":"tertiary"},"geometry":{"type":"LineString","coordinates":[[-71.44911,10.38986],[-71.44879,10.39007]]}},{"type":"Feature","id":"way/1462467091","properties":{"highway":"tertiary"},"geometry":{"type":"LineString","coordinates":[[-71.44913,10.38929],[-71.44934,10.3897]]}},{"type":"Feature","id":"way/1462467092","properties":{"name":"Avenida Lagoven","highway":"tertiary"},"geometry":{"type":"LineString","coordinates":[[-71.44944,10.38936],[-71.4494,10.38956]]}},{"type":"Feature","id":"way/1463009423","properties":{"name":"Redoma de Agua","highway":"tertiary"},"geometry":{"type":"LineString","coordinates":[[-71.63504,10.55744],[-71.63504,10.55744]]}},{"type":"Feature","id":"way/1491126410","properties":{"highway":"tertiary"},"geometry":{"type":"LineString","coordinates":[[-71.96566,11.34799],[-71.96557,11.34801]]}},{"type":"Feature","id":"way/1491126417","properties":{"highway":"tertiary"},"geometry":{"type":"LineString","coordinates":[[-71.96566,11.34799],[-71.9655,11.34736]]}},{"type":"Feature","id":"way/1491126424","properties":{"highway":"tertiary"},"geometry":{"type":"LineString","coordinates":[[-71.9654,11.3473],[-71.96557,11.34801]]}},{"type":"Feature","id":"way/1491126427","properties":{"highway":"tertiary"},"geometry":{"type":"LineString","coordinates":[[-71.96552,11.34743],[-71.96543,11.34745]]}}]}