{"type":"FeatureCollection","features":[{"type":"Feature","id":"way/23142842","properties":{"name":"Paseo Cuatricentenario","highway":"tertiary"},"geometry":{"type":"LineString","coordinates":[[-68.03829,10.18577],[-68.03809,10.18568]]}},{"type":"Feature","id":"way/23150089","properties":{"name":"Distribuidor Lomas del Este","highway":"motorway_link"},"geometry":{"type":"LineString","coordinates":[[-67.99473,10.18969],[-67.99531,10.19159]]}},{"type":"Feature","id":"way/23150127","properties":{"name":"Distribuidor Lomas del Este","highway":"motorway_link"},"geometry":{"type":"LineString","coordinates":[[-67.9956,10.19156],[-67.99772,10.19197]]}},{"type":"Feature","id":"way/23150143","properties":{"name":"Distribuidor Lomas del Este","highway":"motorway_link"},"geometry":{"type":"LineString","coordinates":[[-67.99729,10.19141],[-67.99681,10.18979]]}},{"type":"Feature","id":"way/23150164","properties":{"name":"Distribuidor Lomas del Este","highway":"motorway_link"},"geometry":{"type":"LineString","coordinates":[[-67.99671,10.18974],[-67.99494,10.1897]]}},{"type":"Feature","id":"way/23150193","properties":{"name":"Distribuidor Lomas del Este","highway":"motorway_link"},"geometry":{"type":"LineString","coordinates":[[-67.99591,10.19041],[-67.99618,10.19037]]}},{"type":"Feature","id":"way/23150201","properties":{"name":"Distribuidor Lomas del Este","highway":"motorway_link"},"geometry":{"type":"LineString","coordinates":[[-67.99624,10.19045],[-67.99627,10.1907]]}},{"type":"Feature","id":"way/23150693","properties":{"name":"Distribuidor Cementos Carabobo","highway":"motorway_link"},"geometry":{"type":"LineString","coordinates":[[-68.00274,10.1983],[-68.00156,10.19722]]}},{"type":"Feature","id":"way/23150708","properties":{"name":"Distribuidor Cementos Carabobo","highway":"motorway_link"},"geometry":{"type":"LineString","coordinates":[[-68.00155,10.20002],[-68.00288,10.1984]]}},{"type":"Feature","id":"way/23150717","properties":{"name":"Distribuidor Cementos Carabobo","highway":"motorway_link"},"geometry":{"type":"LineString","coordinates":[[-68.00146,10.19707],[-68.00021,10.19866]]}},{"type":"Feature","id":"way/23150732","properties":{"name":"Distribuidor Cementos Carabobo","highway":"motorway_link"},"geometry":{"type":"LineString","coordinates":[[-68.00157,10.19836],[-68.00178,10.19856]]}},{"type":"Feature","id":"way/23150738","properties":{"name":"Distribuidor Cementos Carabobo","highway":"motorway_link"},"geometry":{"type":"LineString","coordinates":[[-68.00185,10.19861],[-68.00156,10.1989]]}},{"type":"Feature","id":"way/23150782","properties":{"name":"Distribuidor Cementos Carabobo","highway":"motorway_link"},"geometry":{"type":"LineString","coordinates":[[-68.00146,10.19901],[-68.00126,10.19864]]}},{"type":"Feature","id":"way/23150830","properties":{"name":"Avenida Arturo Michelena","highway":"tertiary"},"geometry":{"type":"LineString","coordinates":[[-68.00077,10.19858],[-67.99893,10.19941],[-67.99941,10.2001]]}},{"type":"Feature","id":"way/23150926","properties":{"name":"Distribuidor Cementos Carabobo","highway":"motorway_link"},"geometry":{"type":"LineString","coordinates":[[-68.00126,10.1986],[-68.00147,10.19838]]}},{"type":"Feature","id":"way/23173146","properties":{"name":"Redoma de Guaparo","highway":"secondary","ref":"L-1"},"geometry":{"type":"LineString","coordinates":[[-68.01121,10.2304],[-68.0111,10.22935]]}},{"type":"Feature","id":"way/23173150","properties":{"name":"Avenida 100 Bol\u00edvar Norte","highway":"secondary","ref":"L-1"},"geometry":{"type":"LineString","coordinates":[[-68.0043,10.18672],[-68.00534,10.19351]]}},{"type":"Feature","id":"way/23183933","properties":{"name":"Distribuidor El Trigal","highway":"motorway_link"},"geometry":{"type":"LineString","coordinates":[[-68.00225,10.21541],[-68.00299,10.21266]]}},{"type":"Feature","id":"way/23183942","properties":{"name":"Distribuidor El Trigal","highway":"motorway_link"},"geometry":{"type":"LineString","coordinates":[[-68.00159,10.21208],[-68.00215,10.21149],[-68.00203,10.21271]]}},{"type":"Feature","id":"way/23183952","properties":{"name":"Distribuidor El Trigal","highway":"motorway_link"},"geometry":{"type":"LineString","coordinates":[[-68.00058,10.21303],[-68.00213,10.21537]]}},{"type":"Feature","id":"way/23190478","properties":{"name":"Distribuidor El Trigal","highway":"motorway_link"},"geometry":{"type":"LineString","coordinates":[[-68.00175,10.21358],[-68.00133,10.21413],[-68.00141,10.2129]]}},{"type":"Feature","id":"way/23190486","properties":{"name":"Distribuidor El Trigal","highway":"motorway_link"},"geometry":{"type":"LineString","coordinates":[[-68.00136,10.21017],[-68.00062,10.21293]]}},{"type":"Feature","id":"way/23195020","properties":{"highway":"tertiary"},"geometry":{"type":"LineString","coordinates":[[-68.02342,10.21333],[-68.02332,10.2074],[-68.02637,10.19518],[-68.02573,10.19376]]}},{"type":"Feature","id":"way/25840744","properties":{"name":"Distribuidor Ma\u00f1ongo","highway":"motorway_link"},"geometry":{"type":"LineString","coordinates":[[-68.00128,10.23445],[-68.00097,10.23649]]}},{"type":"Feature","id":"way/25841460","properties":{"name":"Avenida Salvador Feo La Cruz","highway":"tertiary"},"geometry":{"type":"LineString","coordinates":[[-68.00105,10.23394],[-67.99778,10.23337]]}},{"type":"Feature","id":"way/25841464","properties":{"name":"Avenida Salvador Feo La Cruz","highway":"tertiary"},"geometry":{"type":"LineString","coordinates":[[-67.99778,10.23344],[-68.00104,10.23404]]}},{"type":"Feature","id":"way/25841465","properties":{"name":"Distribuidor: Ma\u00f1ongo","highway":"tertiary"},"geometry":{"type":"LineString","coordinates":[[-68.00105,10.23394],[-68.00104,10.23404]]}},{"type":"Feature","id":"way/25841474","properties":{"name":"Avenida Universidad","highway":"secondary","ref":"L-1"},"geometry":{"type":"LineString","coordinates":[[-68.01176,10.23481],[-68.01177,10.23489]]}},{"type":"Feature","id":"way/25841475","properties":{"name":"Avenida Universidad","highway":"secondary","ref":"L-1"},"geometry":{"type":"LineString","coordinates":[[-68.01078,10.23037],[-68.01174,10.23469]]}},{"type":"Feature","id":"way/25841481","properties":{"name":"Avenida Salvador Feo La Cruz","highway":"tertiary"},"geometry":{"type":"LineString","coordinates":[[-68.00104,10.23404],[-68.00664,10.23512]]}},{"type":"Feature","id":"way/25841483","properties":{"name":"Avenida Salvador Feo La Cruz","highway":"tertiary"},"geometry":{"type":"LineString","coordinates":[[-68.01176,10.23481],[-68.01159,10.23483]]}},{"type":"Feature","id":"way/25841484","properties":{"name":"Avenida Universidad","highway":"secondary","ref":"L-1"},"geometry":{"type":"LineString","coordinates":[[-68.0146,10.25271],[-68.01448,10.25207]]}},{"type":"Feature","id":"way/25848204","properties":{"name":"Distribuidor: Naguanagua","highway":"motorway_link"},"geometry":{"type":"LineString","coordinates":[[-68.00568,10.25826],[-68.00547,10.25517]]}},{"type":"Feature","id":"way/25848382","properties":{"name":"Distribuidor Ma\u00f1ongo","highway":"motorway_link"},"geometry":{"type":"LineString","coordinates":[[-68.00205,10.2317],[-68.00109,10.23367]]}},{"type":"Feature","id":"way/25848383","properties":{"name":"Distribuidor Ma\u00f1ongo","highway":"motorway_link"},"geometry":{"type":"LineString","coordinates":[[-68.00109,10.23367],[-68.0007,10.23391]]}},{"type":"Feature","id":"way/25875262","properties":{"name":"Redoma: El Vi\u00f1edo","highway":"tertiary"},"geometry":{"type":"LineString","coordinates":[[-68.01591,10.21088],[-68.01591,10.21088]]}},{"type":"Feature","id":"way/25881646","properties":{"name":"Distribuidor Ma\u00f1ongo","highway":"motorway_link"},"geometry":{"type":"LineString","coordinates":[[-68.00129,10.23687],[-68.00182,10.23425]]}},{"type":"Feature","id":"way/25881648","properties":{"name":"Distribuidor Ma\u00f1ongo","highway":"motorway_link"},"geometry":{"type":"LineString","coordinates":[[-68.00182,10.23425],[-68.00185,10.23409]]}},{"type":"Feature","id":"way/25881661","properties":{"name":"Distribuidor Ma\u00f1ongo","highway":"motorway_link"},"geometry":{"type":"LineString","coordinates":[[-68.00227,10.23403],[-68.00187,10.23366]]}},{"type":"Feature","id":"way/25886853","properties":{"name":"Avenida Fern\u00e1ndo Figueredo","highway":"tertiary","ref":"R-6"},"geometry":{"type":"LineString","coordinates":[[-68.0109,10.18662],[-68.01015,10.19149]]}},{"type":"Feature","id":"way/25886927","properties":{"name":"Avenida Rojas Queipo","highway":"tertiary"},"geometry":{"type":"LineString","coordinates":[[-68.00081,10.1988],[-68.00126,10.19864]]}},{"type":"Feature","id":"way/30183433","properties":{"name":"Avenida Principal de Mor\u00f3n","highway":"primary","ref":"T-1"},"geometry":{"type":"LineString","coordinates":[[-68.20484,10.48443],[-68.1998,10.49063],[-68.19644,10.48978]]}},{"type":"Feature","id":"way/30183562","properties":{"name":"Avenida Principal de Mor\u00f3n","highway":"primary","ref":"T-1"},"geometry":{"type":"LineString","coordinates":[[-68.18134,10.48957],[-68.19232,10.48841],[-68.19584,10.48954]]}},{"type":"Feature","id":"way/30183566","properties":{"name":"Carretera Panamericana San Felipe Mor\u00f3n","highway":"primary","ref":"T-1"},"geometry":{"type":"LineString","coordinates":[[-68.22949,10.47492],[-68.21692,10.47679]]}},{"type":"Feature","id":"way/30183569","properties":{"name":"Carretera Vieja Yaracuy - Mor\u00f3n","highway":"primary","ref":"T-1"},"geometry":{"type":"LineString","coordinates":[[-68.40724,10.44562],[-68.38531,10.45124],[-68.3472,10.45575],[-68.33771,10.45799],[-68.32926,10.45527]]}},{"type":"Feature","id":"way/30183608","properties":{"name":"Carretera Vieja Yaracuy - Mor\u00f3n","highway":"primary","ref":"T-1"},"geometry":{"type":"LineString","coordinates":[[-68.26072,10.466],[-68.26041,10.466]]}},{"type":"Feature","id":"way/30183621","properties":{"name":"Carretera Vieja Yaracuy - Mor\u00f3n","highway":"primary","ref":"T-1"},"geometry":{"type":"LineString","coordinates":[[-68.26041,10.466],[-68.23825,10.47161]]}},{"type":"Feature","id":"way/30183866","properties":{"name":"Avenida Principal de Mor\u00f3n","highway":"primary","ref":"T-1"},"geometry":{"type":"LineString","coordinates":[[-68.19611,10.48971],[-68.19843,10.49089],[-68.20023,10.49045],[-68.20484,10.48443]]}},{"type":"Feature","id":"way/30183969","properties":{"name":"Avenida Principal de Mor\u00f3n","highway":"primary","ref":"T-1"},"geometry":{"type":"LineString","coordinates":[[-68.19616,10.48962],[-68.19586,10.48944]]}},{"type":"Feature","id":"way/30184333","properties":{"name":"Distribuidor CAVIM","highway":"trunk_link"},"geometry":{"type":"LineString","coordinates":[[-68.18091,10.49293],[-68.18019,10.49071],[-68.18134,10.48957]]}},{"type":"Feature","id":"way/30184373","properties":{"name":"Distribuidor CAVIM","highway":"trunk_link"},"geometry":{"type":"LineString","coordinates":[[-68.17864,10.48994],[-68.17929,10.48986]]}},{"type":"Feature","id":"way/30184374","properties":{"name":"Distribuidor CAVIM","highway":"trunk_link"},"geometry":{"type":"LineString","coordinates":[[-68.17314,10.48634],[-68.17685,10.48963],[-68.17864,10.48994]]}},{"type":"Feature","id":"way/30184383","properties":{"name":"Distribuidor CAVIM","highway":"trunk_link"},"geometry":{"type":"LineString","coordinates":[[-68.18201,10.48941],[-68.17928,10.4898]]}},{"type":"Feature","id":"way/30184389","properties":{"name":"Distribuidor CAVIM","highway":"trunk_link"},"geometry":{"type":"LineString","coordinates":[[-68.17929,10.48986],[-68.18134,10.48957]]}},{"type":"Feature","id":"way/30184421","properties":{"name":"Distribuidor CAVIM","highway":"trunk_link"},"geometry":{"type":"LineString","coordinates":[[-68.18201,10.48941],[-68.17692,10.48835]]}},{"type":"Feature","id":"way/30184465","properties":{"name":"Via Mor\u00f3n-El Palito","highway":"trunk","ref":"T-1;T-3"},"geometry":{"type":"LineString","coordinates":[[-68.16133,10.48486],[-68.15726,10.48461],[-68.15278,10.48279]]}},{"type":"Feature","id":"way/30184466","properties":{"name":"Via Mor\u00f3n-El Palito","highway":"trunk","ref":"T-1;T-3"},"geometry":{"type":"LineString","coordinates":[[-68.16181,10.48485],[-68.16133,10.48486]]}},{"type":"Feature","id":"way/30184467","properties":{"name":"Via Mor\u00f3n-El Palito","highway":"trunk","ref":"T-1;T-3"},"geometry":{"type":"LineString","coordinates":[[-68.1618,10.48493],[-68.16952,10.48471],[-68.17314,10.48634]]}},{"type":"Feature","id":"way/30184468","properties":{"name":"Via Mor\u00f3n-El Palito","highway":"trunk","ref":"T-1;T-3"},"geometry":{"type":"LineString","coordinates":[[-68.16133,10.48495],[-68.1618,10.48493]]}},{"type":"Feature","id":"way/30184549","properties":{"name":"Via Mor\u00f3n-El Palito","highway":"trunk","ref":"T-1;T-3"},"geometry":{"type":"LineString","coordinates":[[-68.15278,10.48279],[-68.1519,10.4824]]}},{"type":"Feature","id":"way/30184552","properties":{"name":"Via Mor\u00f3n-El Palito","highway":"trunk","ref":"T-1;T-3"},"geometry":{"type":"LineString","coordinates":[[-68.15261,10.48331],[-68.15704,10.48491],[-68.16133,10.48495]]}},{"type":"Feature","id":"way/30184553","properties":{"name":"Via Mor\u00f3n-El Palito","highway":"trunk","ref":"T-1;T-3"},"geometry":{"type":"LineString","coordinates":[[-68.15171,10.48291],[-68.15261,10.48331]]}},{"type":"Feature","id":"way/30184572","properties":{"name":"Retorno de Planta Centro","highway":"trunk_link"},"geometry":{"type":"LineString","coordinates":[[-68.1487,10.481],[-68.14847,10.48151]]}},{"type":"Feature","id":"way/30184584","properties":{"name":"Rampa de Planta Centro","highway":"trunk_link"},"geometry":{"type":"LineString","coordinates":[[-68.1498,10.48209],[-68.15198,10.48397]]}},{"type":"Feature","id":"way/30184615","properties":{"name":"Distribuidor El Palito","highway":"trunk_link"},"geometry":{"type":"LineString","coordinates":[[-68.10704,10.47968],[-68.11005,10.47893]]}},{"type":"Feature","id":"way/30184628","properties":{"name":"Avenida Principal de El Palito","highway":"trunk","ref":"T-1;T-3"},"geometry":{"type":"LineString","coordinates":[[-68.11965,10.47938],[-68.11936,10.47934]]}},{"type":"Feature","id":"way/30184629","properties":{"name":"Via Mor\u00f3n-El Palito","highway":"trunk","ref":"T-1;T-3"},"geometry":{"type":"LineString","coordinates":[[-68.11936,10.47934],[-68.11179,10.47884]]}},{"type":"Feature","id":"way/30184630","properties":{"name":"Avenida Principal de El Palito","highway":"trunk","ref":"T-1;T-3"},"geometry":{"type":"LineString","coordinates":[[-68.11935,10.47947],[-68.11963,10.47951]]}},{"type":"Feature","id":"way/30184639","properties":{"name":"Distribuidor El Palito","highway":"trunk_link"},"geometry":{"type":"LineString","coordinates":[[-68.11059,10.47882],[-68.10887,10.47855]]}},{"type":"Feature","id":"way/30184640","properties":{"name":"Via Mor\u00f3n-El Palito","highway":"trunk","ref":"T-1;T-3"},"geometry":{"type":"LineString","coordinates":[[-68.11179,10.47884],[-68.11075,10.47882]]}},{"type":"Feature","id":"way/30184641","properties":{"name":"Via Mor\u00f3n-El Palito","highway":"trunk","ref":"T-1;T-3"},"geometry":{"type":"LineString","coordinates":[[-68.11075,10.47895],[-68.11178,10.47898]]}},{"type":"Feature","id":"way/30184646","properties":{"name":"Via Mor\u00f3n-El Palito","highway":"trunk","ref":"T-1;T-3"},"geometry":{"type":"LineString","coordinates":[[-68.11178,10.47898],[-68.11935,10.47947]]}},{"type":"Feature","id":"way/30184659","properties":{"name":"Distribuidor El Palito","highway":"trunk_link"},"geometry":{"type":"LineString","coordinates":[[-68.10887,10.47855],[-68.10828,10.47831]]}},{"type":"Feature","id":"way/30184660","properties":{"name":"Distribuidor El Palito","highway":"trunk_link"},"geometry":{"type":"LineString","coordinates":[[-68.10825,10.47839],[-68.10884,10.47862]]}},{"type":"Feature","id":"way/30184671","properties":{"name":"Distribuidor El Palito","highway":"trunk_link"},"geometry":{"type":"LineString","coordinates":[[-68.11059,10.47882],[-68.10963,10.47834],[-68.10997,10.47743]]}},{"type":"Feature","id":"way/30184674","properties":{"name":"Distribuidor El Palito","highway":"trunk_link"},"geometry":{"type":"LineString","coordinates":[[-68.10884,10.47862],[-68.11005,10.47893]]}},{"type":"Feature","id":"way/30184679","properties":{"name":"Distribuidor El Palito","highway":"trunk_link"},"geometry":{"type":"LineString","coordinates":[[-68.10797,10.47899],[-68.10706,10.47847],[-68.10825,10.47839]]}},{"type":"Feature","id":"way/30184686","properties":{"name":"Distribuidor El Palito","highway":"trunk_link"},"geometry":{"type":"LineString","coordinates":[[-68.10828,10.47831],[-68.10711,10.47828],[-68.10534,10.48004]]}},{"type":"Feature","id":"way/30185074","properties":{"name":"Distribuidor Girardot","highway":"trunk_link"},"geometry":{"type":"LineString","coordinates":[[-68.03055,10.28887],[-68.0294,10.28728]]}},{"type":"Feature","id":"way/30185089","properties":{"name":"Distribuidor El Cambur","highway":"trunk_link"},"geometry":{"type":"LineString","coordinates":[[-68.10271,10.39929],[-68.10344,10.40155],[-68.1022,10.40156],[-68.10311,10.40059]]}},{"type":"Feature","id":"way/30185273","properties":{"name":"Carretera Vieja Valencia - Puerto Cabello","highway":"trunk_link"},"geometry":{"type":"LineString","coordinates":[[-68.11109,10.46611],[-68.11246,10.46363]]}},{"type":"Feature","id":"way/30185275","properties":{"name":"Autopista Valencia - Puerto Cabello","highway":"trunk","ref":"T-1"},"geometry":{"type":"LineString","coordinates":[[-68.1126,10.46449],[-68.11171,10.4652]]}},{"type":"Feature","id":"way/30185309","properties":{"name":"Retorno","highway":"trunk_link"},"geometry":{"type":"LineString","coordinates":[[-68.11243,10.46472],[-68.11191,10.46478]]}},{"type":"Feature","id":"way/30185318","properties":{"name":"Carretera Vieja Valencia - Puerto Cabello","highway":"secondary","ref":"L-1"},"geometry":{"type":"LineString","coordinates":[[-68.11246,10.46363],[-68.11068,10.46617]]}},{"type":"Feature","id":"way/30185988","properties":{"name":"Autopista Valencia - Puerto Cabello","highway":"trunk","ref":"T-1"},"geometry":{"type":"LineString","coordinates":[[-68.11171,10.4652],[-68.11068,10.46617]]}},{"type":"Feature","id":"way/30186216","properties":{"name":"Avenida del Puerto","highway":"primary","ref":"R-2"},"geometry":{"type":"LineString","coordinates":[[-67.97869,10.4687],[-67.98069,10.46474],[-67.98467,10.46291],[-67.98592,10.45939]]}},{"type":"Feature","id":"way/30186222","properties":{"name":"Distribuidor El Cangrejo","highway":"primary_link"},"geometry":{"type":"LineString","coordinates":[[-68.00497,10.46544],[-68.00628,10.46427]]}},{"type":"Feature","id":"way/30186229","properties":{"name":"Distribuidor El Cangrejo","highway":"primary_link"},"geometry":{"type":"LineString","coordinates":[[-68.00454,10.4655],[-68.00494,10.46582]]}},{"type":"Feature","id":"way/30186249","properties":{"name":"Distribuidor El Cangrejo","highway":"primary_link"},"geometry":{"type":"LineString","coordinates":[[-68.00518,10.4646],[-68.00531,10.46532],[-68.00385,10.46492]]}},{"type":"Feature","id":"way/30186320","properties":{"name":"Avenida Bol\u00edvar","highway":"tertiary","ref":"R-4"},"geometry":{"type":"LineString","coordinates":[[-68.00999,10.46241],[-68.0101,10.46319]]}},{"type":"Feature","id":"way/30186323","properties":{"name":"Avenida Bol\u00edvar","highway":"tertiary","ref":"R-4"},"geometry":{"type":"LineString","coordinates":[[-68.01019,10.46316],[-68.01006,10.46241]]}},{"type":"Feature","id":"way/30186339","properties":{"name":"Retorno del Aeropuerto","highway":"primary_link","ref":"T-3"},"geometry":{"type":"LineString","coordinates":[[-68.07491,10.47569],[-68.07502,10.4765]]}},{"type":"Feature","id":"way/30186349","properties":{"name":"Retorno del Aeropuerto","highway":"primary_link","ref":"T-3"},"geometry":{"type":"LineString","coordinates":[[-68.07582,10.47653],[-68.07597,10.47579]]}},{"type":"Feature","id":"way/30186813","properties":{"name":"Autopista Sorpesa-Muelles","highway":"primary","ref":"T-3"},"geometry":{"type":"LineString","coordinates":[[-68.04157,10.46927],[-68.04042,10.46829]]}},{"type":"Feature","id":"way/30186814","properties":{"name":"Autopista Sorpesa-Muelles","highway":"primary","ref":"T-3"},"geometry":{"type":"LineString","coordinates":[[-68.04042,10.46829],[-68.04017,10.46818]]}},{"type":"Feature","id":"way/30186815","properties":{"name":"Autopista Sorpesa-Muelles","highway":"primary","ref":"T-3"},"geometry":{"type":"LineString","coordinates":[[-68.04037,10.46839],[-68.04149,10.46935]]}},{"type":"Feature","id":"way/30187724","properties":{"name":"Carretera Nacional Mor\u00f3n - Tucacas","highway":"trunk","ref":"T-3"},"geometry":{"type":"LineString","coordinates":[[-68.24241,10.58365],[-68.24215,10.58311]]}},{"type":"Feature","id":"way/30187726","properties":{"name":"Carretera Nacional Mor\u00f3n - Tucacas","highway":"trunk","ref":"T-3"},"geometry":{"type":"LineString","coordinates":[[-68.24215,10.58311],[-68.23738,10.56963],[-68.21929,10.54736],[-68.21267,10.544],[-68.20784,10.53758]]}},{"type":"Feature","id":"way/30191898","properties":{"highway":"primary","ref":"R-2;R-8"},"geometry":{"type":"LineString","coordinates":[[-67.97777,10.46943],[-67.97739,10.47006],[-67.97777,10.46943]]}},{"type":"Feature","id":"way/30191914","properties":{"name":"Avenida Principal de Ga\u00f1ango","highway":"primary","ref":"R-2"},"geometry":{"type":"LineString","coordinates":[[-67.97759,10.46945],[-67.97606,10.46957]]}},{"type":"Feature","id":"way/30191963","properties":{"name":"Avenida del Puerto","highway":"primary","ref":"R-2"},"geometry":{"type":"LineString","coordinates":[[-67.97869,10.4687],[-67.97777,10.46943]]}},{"type":"Feature","id":"way/30191993","properties":{"name":"Avenida del Puerto","highway":"primary","ref":"R-2"},"geometry":{"type":"LineString","coordinates":[[-67.97814,10.46991],[-67.97869,10.4687]]}},{"type":"Feature","id":"way/30192007","properties":{"name":"Avenida Principal de Ga\u00f1ango","highway":"primary","ref":"R-2"},"geometry":{"type":"LineString","coordinates":[[-67.97606,10.46957],[-67.97739,10.47006]]}},{"type":"Feature","id":"way/30192027","properties":{"name":"Avenida Principal de Ga\u00f1ango","highway":"primary","ref":"R-2"},"geometry":{"type":"LineString","coordinates":[[-67.97606,10.46957],[-67.96315,10.4681],[-67.96162,10.46889]]}},{"type":"Feature","id":"way/30192909","properties":{"name":"Carretera Ga\u00f1ango - Patanemo","highway":"primary","ref":"R-2"},"geometry":{"type":"LineString","coordinates":[[-67.95451,10.465],[-67.95228,10.46431],[-67.95128,10.46197],[-67.94879,10.46072],[-67.94893,10.45871],[-67.94678,10.45282],[-67.94511,10.45248],[-67.94299,10.45422],[-67.94176,10.45238],[-67.94027,10.45223],[-67.94047,10.4493],[-67.94032,10.45033],[-67.93943,10.44892],[-67.93965,10.45017],[-67.93745,10.44845],[-67.93867,10.44735],[-67.93804,10.44623],[-67.93683,10.44629],[-67.93054,10.44163]]}},{"type":"Feature","id":"way/30193503","properties":{"name":"Autopista B\u00e1rbula - Guacara","highway":"trunk","ref":"L-1"},"geometry":{"type":"LineString","coordinates":[[-67.90002,10.23162],[-67.90274,10.23501],[-67.90509,10.2419]]}},{"type":"Feature","id":"way/30193674","properties":{"name":"Distribuidor Yagua","highway":"motorway_link"},"geometry":{"type":"LineString","coordinates":[[-67.90117,10.22445],[-67.89998,10.22501]]}},{"type":"Feature","id":"way/30193687","properties":{"name":"Autopista Regional del Centro","highway":"motorway","ref":"T-1"},"geometry":{"type":"LineString","coordinates":[[-67.88752,10.23193],[-67.89217,10.23016]]}},{"type":"Feature","id":"way/30193693","properties":{"name":"Distribuidor Yagua","highway":"motorway_link"},"geometry":{"type":"LineString","coordinates":[[-67.89799,10.22746],[-67.89827,10.22947],[-67.90002,10.23162]]}},{"type":"Feature","id":"way/30193694","properties":{"name":"Distribuidor Yagua","highway":"motorway_link"},"geometry":{"type":"LineString","coordinates":[[-67.89793,10.22677],[-67.89799,10.22746]]}},{"type":"Feature","id":"way/30193697","properties":{"name":"Distribuidor Yagua","highway":"motorway_link"},"geometry":{"type":"LineString","coordinates":[[-67.89808,10.22745],[-67.89801,10.22672]]}},{"type":"Feature","id":"way/30193700","properties":{"name":"Distribuidor Yagua","highway":"motorway_link"},"geometry":{"type":"LineString","coordinates":[[-67.89801,10.22672],[-67.8984,10.22527],[-67.89946,10.22565]]}},{"type":"Feature","id":"way/30193708","properties":{"name":"Distribuidor Yagua","highway":"motorway_link"},"geometry":{"type":"LineString","coordinates":[[-67.89984,10.23119],[-67.89833,10.2294],[-67.89808,10.22745]]}},{"type":"Feature","id":"way/30193717","properties":{"name":"Distribuidor Yagua","highway":"motorway_link"},"geometry":{"type":"LineString","coordinates":[[-67.89984,10.23119],[-67.8986,10.22812],[-67.90079,10.22509]]}},{"type":"Feature","id":"way/30193729","properties":{"name":"Autopista Regional del Centro","highway":"motorway","ref":"T-1"},"geometry":{"type":"LineString","coordinates":[[-67.89245,10.22978],[-67.89206,10.22997]]}},{"type":"Feature","id":"way/30193730","properties":{"name":"Autopista Regional del Centro","highway":"motorway","ref":"T-1"},"geometry":{"type":"LineString","coordinates":[[-67.89255,10.22996],[-67.89454,10.22896]]}},{"type":"Feature","id":"way/30193776","properties":{"name":"Avenida Francisco de Miranda","highway":"primary"},"geometry":{"type":"LineString","coordinates":[[-67.88806,10.21965],[-67.88823,10.22007]]}},{"type":"Feature","id":"way/30193788","properties":{"name":"Avenida Francisco de Miranda","highway":"primary"},"geometry":{"type":"LineString","coordinates":[[-67.89165,10.22845],[-67.88817,10.21957]]}},{"type":"Feature","id":"way/30193789","properties":{"name":"Distribuidor Guacara","highway":"motorway_link"},"geometry":{"type":"LineString","coordinates":[[-67.89424,10.22889],[-67.89266,10.22928],[-67.89165,10.22845]]}},{"type":"Feature","id":"way/30193808","properties":{"name":"Distribuidor Guacara","highway":"motorway_link"},"geometry":{"type":"LineString","coordinates":[[-67.8916,10.2286],[-67.89263,10.23096],[-67.89136,10.23132],[-67.89217,10.23016]]}},{"type":"Feature","id":"way/30193812","properties":{"name":"Distribuidor Guacara","highway":"motorway_link"},"geometry":{"type":"LineString","coordinates":[[-67.8916,10.2286],[-67.89116,10.2302],[-67.88886,10.23134]]}},{"type":"Feature","id":"way/30193825","properties":{"name":"Distribuidor Guacara","highway":"motorway_link"},"geometry":{"type":"LineString","coordinates":[[-67.88752,10.23193],[-67.8924,10.23151],[-67.89165,10.22845]]}},{"type":"Feature","id":"way/30193837","properties":{"name":"Autopista Regional del Centro","highway":"motorway","ref":"T-1"},"geometry":{"type":"LineString","coordinates":[[-67.89206,10.22997],[-67.88766,10.23169]]}},{"type":"Feature","id":"way/30193839","properties":{"name":"Autopista Regional del Centro","highway":"motorway","ref":"T-1"},"geometry":{"type":"LineString","coordinates":[[-67.89217,10.23016],[-67.89218,10.23015]]}},{"type":"Feature","id":"way/30193895","properties":{"name":"Autopista Regional del Centro","highway":"motorway","ref":"T-1"},"geometry":{"type":"LineString","coordinates":[[-67.88766,10.23169],[-67.88689,10.23186]]}},{"type":"Feature","id":"way/30194022","properties":{"name":"Autopista Regional del Centro","highway":"motorway","ref":"T-1"},"geometry":{"type":"LineString","coordinates":[[-67.7738,10.27045],[-67.77317,10.27061]]}},{"type":"Feature","id":"way/30194023","properties":{"name":"Autopista Regional del Centro","highway":"motorway","ref":"T-1"},"geometry":{"type":"LineString","coordinates":[[-67.77317,10.27061],[-67.76002,10.27452]]}},{"type":"Feature","id":"way/30194027","properties":{"name":"Autopista Regional del Centro","highway":"motorway","ref":"T-1"},"geometry":{"type":"LineString","coordinates":[[-67.77316,10.27077],[-67.77379,10.27062]]}},{"type":"Feature","id":"way/30194030","properties":{"name":"Autopista Regional del Centro","highway":"motorway","ref":"T-1"},"geometry":{"type":"LineString","coordinates":[[-67.77379,10.27062],[-67.78023,10.26888],[-67.78845,10.26331],[-67.79132,10.26251]]}},{"type":"Feature","id":"way/30194033","properties":{"name":"Autopista Regional del Centro","highway":"motorway","ref":"T-1"},"geometry":{"type":"LineString","coordinates":[[-67.76002,10.27452],[-67.75654,10.2757]]}},{"type":"Feature","id":"way/30194037","properties":{"name":"Autopista Regional del Centro","highway":"motorway","ref":"T-1"},"geometry":{"type":"LineString","coordinates":[[-67.75942,10.2749],[-67.77316,10.27077]]}},{"type":"Feature","id":"way/30194039","properties":{"name":"Autopista Regional del Centro","highway":"motorway","ref":"T-1"},"geometry":{"type":"LineString","coordinates":[[-67.75661,10.27588],[-67.75942,10.2749]]}},{"type":"Feature","id":"way/30194041","properties":{"name":"Autopista Regional del Centro","highway":"motorway","ref":"T-1"},"geometry":{"type":"LineString","coordinates":[[-67.75621,10.27602],[-67.75661,10.27588]]}},{"type":"Feature","id":"way/30194042","properties":{"name":"Autopista Regional del Centro","highway":"motorway","ref":"T-1"},"geometry":{"type":"LineString","coordinates":[[-67.75457,10.27658],[-67.75621,10.27602]]}},{"type":"Feature","id":"way/30194043","properties":{"name":"Autopista Regional del Centro","highway":"motorway","ref":"T-1"},"geometry":{"type":"LineString","coordinates":[[-67.75418,10.27673],[-67.75457,10.27658]]}},{"type":"Feature","id":"way/30194045","properties":{"name":"Autopista Regional del Centro","highway":"motorway","ref":"T-1"},"geometry":{"type":"LineString","coordinates":[[-67.75407,10.27655],[-67.73419,10.28338],[-67.72258,10.28247]]}},{"type":"Feature","id":"way/30194046","properties":{"name":"Autopista Regional del Centro","highway":"motorway","ref":"T-1"},"geometry":{"type":"LineString","coordinates":[[-67.75449,10.2764],[-67.75407,10.27655]]}},{"type":"Feature","id":"way/30194047","properties":{"name":"Autopista Regional del Centro","highway":"motorway","ref":"T-1"},"geometry":{"type":"LineString","coordinates":[[-67.75616,10.27583],[-67.75449,10.2764]]}},{"type":"Feature","id":"way/30194048","properties":{"name":"Autopista Regional del Centro","highway":"motorway","ref":"T-1"},"geometry":{"type":"LineString","coordinates":[[-67.75654,10.2757],[-67.75616,10.27583]]}},{"type":"Feature","id":"way/30194061","properties":{"name":"Distribuidor Santa Clara","highway":"primary_link"},"geometry":{"type":"LineString","coordinates":[[-67.75632,10.28224],[-67.7556,10.28193]]}},{"type":"Feature","id":"way/30194081","properties":{"name":"Distribuidor Santa Clara","highway":"motorway_link"},"geometry":{"type":"LineString","coordinates":[[-67.75407,10.27655],[-67.75278,10.2765],[-67.75372,10.27559],[-67.75464,10.27755]]}},{"type":"Feature","id":"way/30194096","properties":{"name":"Distribuidor Santa Clara","highway":"motorway_link"},"geometry":{"type":"LineString","coordinates":[[-67.75211,10.27745],[-67.75464,10.27755]]}},{"type":"Feature","id":"way/30194105","properties":{"name":"Distribuidor Santa Clara","highway":"motorway_link"},"geometry":{"type":"LineString","coordinates":[[-67.75473,10.27764],[-67.75621,10.27602]]}},{"type":"Feature","id":"way/30194167","properties":{"name":"Distribuidor Santa Clara","highway":"primary","ref":"T-1"},"geometry":{"type":"LineString","coordinates":[[-67.7556,10.28193],[-67.75473,10.27764]]}},{"type":"Feature","id":"way/30194171","properties":{"name":"Distribuidor Santa Clara","highway":"primary_link"},"geometry":{"type":"LineString","coordinates":[[-67.75521,10.28199],[-67.75541,10.2823]]}},{"type":"Feature","id":"way/30194182","properties":{"name":"Distribuidor Santa Clara","highway":"primary_link"},"geometry":{"type":"LineString","coordinates":[[-67.75521,10.28199],[-67.75413,10.28238]]}},{"type":"Feature","id":"way/30194369","properties":{"name":"Autopista Valencia - Puerto Cabello","highway":"trunk","ref":"T-1"},"geometry":{"type":"LineString","coordinates":[[-68.01123,10.26816],[-68.01731,10.27301]]}},{"type":"Feature","id":"way/30194375","properties":{"name":"Distribuidor B\u00e1rbula","highway":"motorway_link"},"geometry":{"type":"LineString","coordinates":[[-68.00607,10.26878],[-68.0075,10.27004],[-68.00923,10.2687]]}},{"type":"Feature","id":"way/30194376","properties":{"name":"Distribuidor B\u00e1rbula","highway":"motorway_link"},"geometry":{"type":"LineString","coordinates":[[-68.006,10.26771],[-68.00607,10.26878]]}},{"type":"Feature","id":"way/30194403","properties":{"name":"Distribuidor B\u00e1rbula","highway":"motorway_link"},"geometry":{"type":"LineString","coordinates":[[-68.00682,10.26822],[-68.00817,10.26833],[-68.00833,10.2695],[-68.00704,10.26994],[-68.00622,10.26884]]}},{"type":"Feature","id":"way/30194443","properties":{"name":"Distribuidor San Diego","highway":"trunk_link"},"geometry":{"type":"LineString","coordinates":[[-67.96717,10.27535],[-67.96378,10.27572]]}},{"type":"Feature","id":"way/30194486","properties":{"name":"Distribuidor San Diego","highway":"trunk_link"},"geometry":{"type":"LineString","coordinates":[[-67.96153,10.27292],[-67.96078,10.27607],[-67.95802,10.27744]]}},{"type":"Feature","id":"way/30194530","properties":{"name":"Distribuidor San Diego","highway":"trunk_link"},"geometry":{"type":"LineString","coordinates":[[-67.962,10.27661],[-67.9634,10.27679]]}},{"type":"Feature","id":"way/30194578","properties":{"name":"Avenida Intercomunal Don Julio Centeno","highway":"primary","ref":"R-1"},"geometry":{"type":"LineString","coordinates":[[-67.96446,10.22507],[-67.96508,10.22842]]}},{"type":"Feature","id":"way/30214870","properties":{"name":"Autopista Regional del Centro","highway":"motorway","ref":"T-1"},"geometry":{"type":"LineString","coordinates":[[-67.66769,10.2714],[-67.6858,10.27637]]}},{"type":"Feature","id":"way/30214874","properties":{"name":"Autopista Regional del Centro","highway":"motorway","ref":"T-1"},"geometry":{"type":"LineString","coordinates":[[-67.68586,10.2762],[-67.66777,10.27122]]}},{"type":"Feature","id":"way/30214925","properties":{"name":"Autopista Regional del Centro","highway":"motorway","ref":"T-1"},"geometry":{"type":"LineString","coordinates":[[-67.66777,10.27122],[-67.66667,10.27088]]}},{"type":"Feature","id":"way/30215005","properties":{"name":"T\u00fanel La Cabrera","highway":"motorway","ref":"T-1"},"geometry":{"type":"LineString","coordinates":[[-67.66217,10.26987],[-67.6666,10.27106]]}},{"type":"Feature","id":"way/30239413","properties":{"name":"Avenida Valencia - Campo Carabobo","highway":"trunk","ref":"T-5"},"geometry":{"type":"LineString","coordinates":[[-68.09144,10.09127],[-68.06041,10.12606]]}},{"type":"Feature","id":"way/30239483","properties":{"name":"Distribuidor San Blas","highway":"motorway","ref":"T-1"},"geometry":{"type":"LineString","coordinates":[[-67.98815,10.18421],[-67.98928,10.18559]]}},{"type":"Feature","id":"way/30239490","properties":{"name":"Distribuidor San Blas","highway":"motorway","ref":"T-1"},"geometry":{"type":"LineString","coordinates":[[-67.98784,10.18277],[-67.98732,10.18071],[-67.98531,10.18039]]}},{"type":"Feature","id":"way/30239729","properties":{"highway":"tertiary","ref":"L-1"},"geometry":{"type":"LineString","coordinates":[[-67.9821,10.18176],[-67.98345,10.18116]]}},{"type":"Feature","id":"way/30239754","properties":{"name":"Distribuidor San Blas","highway":"tertiary","ref":"T-5;L-1"},"geometry":{"type":"LineString","coordinates":[[-67.98602,10.18055],[-67.98728,10.18035]]}},{"type":"Feature","id":"way/30239756","properties":{"name":"Distribuidor San Blas","highway":"tertiary","ref":"T-5;L-1"},"geometry":{"type":"LineString","coordinates":[[-67.98728,10.18035],[-67.98744,10.18031]]}},{"type":"Feature","id":"way/30239770","properties":{"name":"Avenida Lara","highway":"tertiary","ref":"T-1;L-1"},"geometry":{"type":"LineString","coordinates":[[-67.98775,10.18007],[-67.98712,10.18022]]}},{"type":"Feature","id":"way/30239772","properties":{"name":"Distribuidor San Blas","highway":"tertiary"},"geometry":{"type":"LineString","coordinates":[[-67.98712,10.18022],[-67.98529,10.18019]]}},{"type":"Feature","id":"way/30239876","properties":{"name":"Distribuidor San Blas","highway":"trunk"},"geometry":{"type":"LineString","coordinates":[[-67.98712,10.17698],[-67.98727,10.17848]]}},{"type":"Feature","id":"way/30240000","properties":{"name":"Avenida Lara","highway":"tertiary","ref":"L-1"},"geometry":{"type":"LineString","coordinates":[[-67.98778,10.18019],[-67.99098,10.17976]]}},{"type":"Feature","id":"way/30240036","properties":{"highway":"tertiary","ref":"L-1"},"geometry":{"type":"LineString","coordinates":[[-67.99869,10.17906],[-67.99932,10.17896]]}},{"type":"Feature","id":"way/30240039","properties":{"highway":"tertiary","ref":"L-1"},"geometry":{"type":"LineString","coordinates":[[-67.99935,10.17879],[-67.99928,10.1788]]}},{"type":"Feature","id":"way/30240058","properties":{"name":"Avenida del Sur","highway":"trunk","ref":"T-5"},"geometry":{"type":"LineString","coordinates":[[-67.98712,10.1762],[-67.98709,10.17594]]}},{"type":"Feature","id":"way/30240059","properties":{"name":"Distribuidor San Blas","highway":"motorway_link"},"geometry":{"type":"LineString","coordinates":[[-67.98712,10.17698],[-67.98752,10.18196]]}},{"type":"Feature","id":"way/30240061","properties":{"name":"Avenida del Sur","highway":"trunk","ref":"T-5"},"geometry":{"type":"LineString","coordinates":[[-67.98699,10.17596],[-67.98703,10.17622]]}},{"type":"Feature","id":"way/30240131","properties":{"name":"Avenida Valencia - Campo Carabobo","highway":"trunk","ref":"T-5"},"geometry":{"type":"LineString","coordinates":[[-68.13687,10.03111],[-68.13662,10.03123]]}},{"type":"Feature","id":"way/30240136","properties":{"name":"Avenida Valencia - Campo Carabobo","highway":"trunk","ref":"T-5"},"geometry":{"type":"LineString","coordinates":[[-68.13669,10.03138],[-68.13697,10.03125]]}},{"type":"Feature","id":"way/30240137","properties":{"name":"Avenida Valencia - Campo Carabobo","highway":"trunk","ref":"T-5"},"geometry":{"type":"LineString","coordinates":[[-68.13697,10.03125],[-68.14092,10.02859],[-68.14518,10.02191],[-68.15223,10.01498],[-68.16452,10.00869],[-68.16823,10.00446]]}},{"type":"Feature","id":"way/30240268","properties":{"name":"Distribuidor San Blas","highway":"motorway","ref":"T-1"},"geometry":{"type":"LineString","coordinates":[[-67.98531,10.18039],[-67.98293,10.18109]]}},{"type":"Feature","id":"way/30240278","properties":{"name":"Autopista Regional del Centro","highway":"motorway","ref":"T-1"},"geometry":{"type":"LineString","coordinates":[[-67.93765,10.19384],[-67.9389,10.19307]]}},{"type":"Feature","id":"way/30240293","properties":{"name":"Autopista Regional del Centro","highway":"motorway","ref":"T-1"},"geometry":{"type":"LineString","coordinates":[[-67.93939,10.19276],[-67.94717,10.18847]]}},{"type":"Feature","id":"way/30240814","properties":{"name":"Autopista Regional del Centro","highway":"motorway","ref":"T-1"},"geometry":{"type":"LineString","coordinates":[[-67.93923,10.19245],[-67.93871,10.19276]]}},{"type":"Feature","id":"way/30241207","properties":{"name":"Autopista Regional del Centro","highway":"motorway","ref":"T-1"},"geometry":{"type":"LineString","coordinates":[[-67.9389,10.19307],[-67.93939,10.19276]]}},{"type":"Feature","id":"way/30241208","properties":{"name":"Autopista Regional del Centro","highway":"motorway","ref":"T-1"},"geometry":{"type":"LineString","coordinates":[[-67.93871,10.19276],[-67.93678,10.1939]]}},{"type":"Feature","id":"way/30242127","properties":{"name":"Avenida Lisandro Alvarado","highway":"tertiary","ref":"R-6"},"geometry":{"type":"LineString","coordinates":[[-68.03839,10.15098],[-68.01476,10.17217]]}},{"type":"Feature","id":"way/30242150","properties":{"name":"Avenida Lisandro Alvarado","highway":"tertiary","ref":"R-6"},"geometry":{"type":"LineString","coordinates":[[-68.01479,10.17224],[-68.03552,10.15424],[-68.04044,10.14894]]}},{"type":"Feature","id":"way/30242216","properties":{"name":"Avenida Valencia - Campo Carabobo","highway":"tertiary","ref":"R-6"},"geometry":{"type":"LineString","coordinates":[[-68.04219,10.14639],[-68.04145,10.14725]]}},{"type":"Feature","id":"way/30242252","properties":{"name":"Avenida Valencia - Campo Carabobo","highway":"tertiary","ref":"R-6"},"geometry":{"type":"LineString","coordinates":[[-68.03917,10.14887],[-68.03897,10.1493]]}},{"type":"Feature","id":"way/30242261","properties":{"highway":"tertiary","ref":"R-6"},"geometry":{"type":"LineString","coordinates":[[-68.03895,10.14959],[-68.03839,10.15098]]}},{"type":"Feature","id":"way/30242274","properties":{"highway":"trunk_link"},"geometry":{"type":"LineString","coordinates":[[-68.03755,10.14958],[-68.03867,10.14976],[-68.03839,10.15098]]}},{"type":"Feature","id":"way/30242277","properties":{"highway":"trunk_link"},"geometry":{"type":"LineString","coordinates":[[-68.0392,10.14908],[-68.04161,10.14775]]}},{"type":"Feature","id":"way/30242299","properties":{"name":"Avenida Valencia - Campo Carabobo","highway":"tertiary","ref":"T-5"},"geometry":{"type":"LineString","coordinates":[[-68.04044,10.14894],[-68.04618,10.14254]]}},{"type":"Feature","id":"way/30242402","properties":{"name":"Puente de Tocuyito","highway":"tertiary","ref":"R-7;R-25"},"geometry":{"type":"LineString","coordinates":[[-68.09117,10.09099],[-68.09181,10.09134]]}},{"type":"Feature","id":"way/47215555","properties":{"name":"Autopista Sorpesa-Muelles","highway":"primary","ref":"T-3"},"geometry":{"type":"LineString","coordinates":[[-68.04373,10.4716],[-68.04157,10.46927]]}},{"type":"Feature","id":"way/47215556","properties":{"name":"Autopista Sorpesa-Muelles","highway":"primary","ref":"T-3"},"geometry":{"type":"LineString","coordinates":[[-68.04364,10.47169],[-68.04394,10.47199]]}},{"type":"Feature","id":"way/47215557","properties":{"name":"Autopista Sorpesa-Muelles","highway":"primary","ref":"T-3"},"geometry":{"type":"LineString","coordinates":[[-68.04404,10.47193],[-68.04373,10.4716]]}},{"type":"Feature","id":"way/47215625","properties":{"name":"Distribuidor El Milagro","highway":"primary_link"},"geometry":{"type":"LineString","coordinates":[[-68.04402,10.47148],[-68.04373,10.47121]]}},{"type":"Feature","id":"way/47215628","properties":{"name":"Distribuidor El Milagro","highway":"primary_link"},"geometry":{"type":"LineString","coordinates":[[-68.04433,10.47123],[-68.04373,10.47121]]}},{"type":"Feature","id":"way/47215651","properties":{"name":"Distribuidor El Milagro","highway":"primary_link"},"geometry":{"type":"LineString","coordinates":[[-68.04373,10.47121],[-68.04202,10.46977]]}},{"type":"Feature","id":"way/47215660","properties":{"name":"Distribuidor El Milagro","highway":"primary_link"},"geometry":{"type":"LineString","coordinates":[[-68.04514,10.47307],[-68.04432,10.47182]]}},{"type":"Feature","id":"way/47215665","properties":{"name":"Distribuidor El Milagro","highway":"primary_link"},"geometry":{"type":"LineString","coordinates":[[-68.04432,10.47182],[-68.04431,10.47136]]}},{"type":"Feature","id":"way/47215675","properties":{"name":"Distribuidor El Milagro","highway":"primary_link"},"geometry":{"type":"LineString","coordinates":[[-68.04331,10.47184],[-68.04357,10.47203]]}},{"type":"Feature","id":"way/47215676","properties":{"name":"Distribuidor El Milagro","highway":"primary_link"},"geometry":{"type":"LineString","coordinates":[[-68.04331,10.47184],[-68.04331,10.47215]]}},{"type":"Feature","id":"way/47215677","properties":{"name":"Distribuidor El Milagro","highway":"primary_link"},"geometry":{"type":"LineString","coordinates":[[-68.04208,10.46998],[-68.04331,10.47184]]}},{"type":"Feature","id":"way/47215678","properties":{"name":"Distribuidor El Milagro","highway":"primary_link"},"geometry":{"type":"LineString","coordinates":[[-68.04334,10.47225],[-68.04373,10.47231]]}},{"type":"Feature","id":"way/47215682","properties":{"name":"Distribuidor El Milagro","highway":"primary_link"},"geometry":{"type":"LineString","coordinates":[[-68.04357,10.47203],[-68.04373,10.47231]]}},{"type":"Feature","id":"way/47215907","properties":{"highway":"secondary","ref":"R-5"},"geometry":{"type":"LineString","coordinates":[[-68.05162,10.45746],[-68.04305,10.45856],[-68.03694,10.46201]]}},{"type":"Feature","id":"way/47215920","properties":{"name":"Distribuidor El Milagro","highway":"primary_link"},"geometry":{"type":"LineString","coordinates":[[-68.04432,10.47182],[-68.04402,10.47148]]}},{"type":"Feature","id":"way/47215948","properties":{"highway":"secondary"},"geometry":{"type":"LineString","coordinates":[[-68.04435,10.45665],[-68.04973,10.4562],[-68.05044,10.45532]]}},{"type":"Feature","id":"way/47216079","properties":{"highway":"secondary","ref":"R-5"},"geometry":{"type":"LineString","coordinates":[[-68.05257,10.45673],[-68.05099,10.45486]]}},{"type":"Feature","id":"way/47216180","properties":{"highway":"secondary","ref":"R-5"},"geometry":{"type":"LineString","coordinates":[[-68.03703,10.46207],[-68.04338,10.45867],[-68.05162,10.45746]]}},{"type":"Feature","id":"way/48237035","properties":{"name":"Avenida Ar\u00e1nzazu","highway":"secondary"},"geometry":{"type":"LineString","coordinates":[[-68.01334,10.15887],[-68.01337,10.15831]]}},{"type":"Feature","id":"way/48237057","properties":{"name":"Retorno","highway":"trunk_link"},"geometry":{"type":"LineString","coordinates":[[-68.03094,10.15335],[-68.03253,10.15233]]}},{"type":"Feature","id":"way/48237074","properties":{"name":"Avenida del Sur","highway":"trunk","ref":"T-5"},"geometry":{"type":"LineString","coordinates":[[-68.01239,10.15984],[-68.00061,10.16092]]}},{"type":"Feature","id":"way/48237077","properties":{"name":"Avenida del Sur","highway":"trunk","ref":"T-5"},"geometry":{"type":"LineString","coordinates":[[-68.0124,10.15995],[-68.01294,10.15991]]}},{"type":"Feature","id":"way/48237082","properties":{"name":"Avenida del Sur","highway":"trunk","ref":"T-5"},"geometry":{"type":"LineString","coordinates":[[-68.01294,10.15991],[-68.01741,10.1595]]}},{"type":"Feature","id":"way/48237116","properties":{"name":"Avenida del Sur","highway":"trunk","ref":"T-5"},"geometry":{"type":"LineString","coordinates":[[-68.01292,10.15979],[-68.01239,10.15984]]}},{"type":"Feature","id":"way/48237117","properties":{"name":"Autopista Circunvalaci\u00f3n del Este","highway":"motorway","ref":"T-1"},"geometry":{"type":"LineString","coordinates":[[-67.99627,10.1907],[-67.99591,10.19041]]}},{"type":"Feature","id":"way/48237124","properties":{"name":"Autopista Circunvalaci\u00f3n del Este","highway":"motorway","ref":"T-1"},"geometry":{"type":"LineString","coordinates":[[-67.99578,10.19051],[-67.9962,10.19081]]}},{"type":"Feature","id":"way/48237126","properties":{"name":"Distribuidor Las Tapias","highway":"trunk_link"},"geometry":{"type":"LineString","coordinates":[[-68.0126,10.16103],[-68.01324,10.16003],[-68.01595,10.15966]]}},{"type":"Feature","id":"way/48237128","properties":{"name":"Avenida del Sur","highway":"trunk","ref":"T-5"},"geometry":{"type":"LineString","coordinates":[[-68.00023,10.16105],[-68.00062,10.16102]]}},{"type":"Feature","id":"way/48237129","properties":{"name":"Avenida del Sur","highway":"trunk","ref":"T-5"},"geometry":{"type":"LineString","coordinates":[[-68.00061,10.16092],[-68.00022,10.16096]]}},{"type":"Feature","id":"way/48237130","properties":{"name":"Avenida del Sur","highway":"trunk","ref":"T-5"},"geometry":{"type":"LineString","coordinates":[[-68.00022,10.16096],[-67.9955,10.16173],[-67.99235,10.165]]}},{"type":"Feature","id":"way/48237131","properties":{"name":"Distribuidor Lomas del Este","highway":"motorway_link"},"geometry":{"type":"LineString","coordinates":[[-67.9962,10.19081],[-67.99585,10.19096]]}},{"type":"Feature","id":"way/48237132","properties":{"name":"Autopista Circunvalaci\u00f3n del Este","highway":"motorway","ref":"T-1"},"geometry":{"type":"LineString","coordinates":[[-67.99591,10.19041],[-67.99328,10.1884]]}},{"type":"Feature","id":"way/48237140","properties":{"name":"Avenida del Sur","highway":"trunk","ref":"T-5"},"geometry":{"type":"LineString","coordinates":[[-68.00062,10.16102],[-68.0124,10.15995]]}},{"type":"Feature","id":"way/48237935","properties":{"name":"Distribuidor La Encrucijada","highway":"trunk_link"},"geometry":{"type":"LineString","coordinates":[[-68.10191,10.07559],[-68.1033,10.07424],[-68.10567,10.07394]]}},{"type":"Feature","id":"way/48237949","properties":{"name":"Avenida Valencia - Campo Carabobo","highway":"trunk","ref":"T-5"},"geometry":{"type":"LineString","coordinates":[[-68.09159,10.09098],[-68.09144,10.09127]]}},{"type":"Feature","id":"way/48237950","properties":{"name":"Avenida Valencia - Campo Carabobo","highway":"trunk","ref":"T-5"},"geometry":{"type":"LineString","coordinates":[[-68.09157,10.09132],[-68.09172,10.09103]]}},{"type":"Feature","id":"way/48237980","properties":{"name":"Avenida Valencia - Campo Carabobo","highway":"tertiary"},"geometry":{"type":"LineString","coordinates":[[-68.06301,10.12277],[-68.06416,10.12091]]}},{"type":"Feature","id":"way/48237983","properties":{"highway":"trunk_link"},"geometry":{"type":"LineString","coordinates":[[-68.06272,10.12356],[-68.06324,10.12315]]}},{"type":"Feature","id":"way/48238936","properties":{"highway":"primary_link","ref":"T-11;L-6"},"geometry":{"type":"LineString","coordinates":[[-67.9571,10.1544],[-67.95665,10.15432]]}},{"type":"Feature","id":"way/48238947","properties":{"name":"Avenida Industrial Michelena","highway":"primary","ref":"T-11;L-6"},"geometry":{"type":"LineString","coordinates":[[-67.94971,10.1483],[-67.95499,10.15305]]}},{"type":"Feature","id":"way/48238948","properties":{"name":"Avenida Intercomunal Don Julio Centeno","highway":"primary","ref":"R-1"},"geometry":{"type":"LineString","coordinates":[[-67.96398,10.22201],[-67.96373,10.21852]]}},{"type":"Feature","id":"way/48271327","properties":{"highway":"trunk_link"},"geometry":{"type":"LineString","coordinates":[[-68.0963,10.08433],[-68.09571,10.08491]]}},{"type":"Feature","id":"way/48271328","properties":{"highway":"trunk_link"},"geometry":{"type":"LineString","coordinates":[[-68.09516,10.08636],[-68.09578,10.08525]]}},{"type":"Feature","id":"way/48271332","properties":{"highway":"tertiary","ref":"R-7"},"geometry":{"type":"LineString","coordinates":[[-68.09487,10.0913],[-68.09504,10.09227]]}},{"type":"Feature","id":"way/49868564","properties":{"name":"Avenida Valencia - Campo Carabobo","highway":"trunk","ref":"T-5"},"geometry":{"type":"LineString","coordinates":[[-68.1662,10.00217],[-68.16305,10.00386],[-68.14506,10.02183],[-68.14088,10.02842],[-68.13687,10.03111]]}},{"type":"Feature","id":"way/54148705","properties":{"name":"Avenida Fern\u00e1ndo Figueredo","highway":"secondary","ref":"L-1;R-6"},"geometry":{"type":"LineString","coordinates":[[-68.01115,10.17719],[-68.01196,10.18206],[-68.01111,10.18586]]}},{"type":"Feature","id":"way/54179090","properties":{"name":"Distribuidor El Trigal","highway":"motorway_link"},"geometry":{"type":"LineString","coordinates":[[-68.00088,10.21471],[-68.0016,10.2146]]}},{"type":"Feature","id":"way/77492360","properties":{"name":"Autopista Circunvalaci\u00f3n del Este","highway":"motorway","ref":"T-1"},"geometry":{"type":"LineString","coordinates":[[-68.00146,10.23417],[-68.00154,10.23383]]}},{"type":"Feature","id":"way/77492367","properties":{"name":"Distribuidor: Naguanagua","highway":"motorway_link"},"geometry":{"type":"LineString","coordinates":[[-68.00547,10.25517],[-68.00543,10.25507]]}},{"type":"Feature","id":"way/77492380","properties":{"name":"Avenida San Jos\u00e9 de Tarbes","highway":"tertiary","ref":"R-6"},"geometry":{"type":"LineString","coordinates":[[-68.00058,10.21303],[-68.00144,10.21289]]}},{"type":"Feature","id":"way/77492384","properties":{"name":"Autopista Circunvalaci\u00f3n del Este","highway":"motorway","ref":"T-1"},"geometry":{"type":"LineString","coordinates":[[-68.00503,10.25578],[-68.0059,10.26537]]}},{"type":"Feature","id":"way/77492393","properties":{"name":"Distribuidor: Naguanagua","highway":"motorway_link"},"geometry":{"type":"LineString","coordinates":[[-68.00446,10.25529],[-68.00449,10.25541]]}},{"type":"Feature","id":"way/77492396","properties":{"name":"Avenida Rojas Queipo","highway":"tertiary"},"geometry":{"type":"LineString","coordinates":[[-68.00178,10.19856],[-68.00126,10.1986]]}},{"type":"Feature","id":"way/77492399","properties":{"name":"Elevado Los Colorados","highway":"tertiary","ref":"R-6"},"geometry":{"type":"LineString","coordinates":[[-68.01015,10.19149],[-68.01039,10.19544]]}},{"type":"Feature","id":"way/77492403","properties":{"name":"Distribuidor: Naguanagua","highway":"motorway_link"},"geometry":{"type":"LineString","coordinates":[[-68.00528,10.25469],[-68.00415,10.25231]]}},{"type":"Feature","id":"way/77492404","properties":{"name":"Autopista Circunvalaci\u00f3n del Este","highway":"motorway","ref":"T-1"},"geometry":{"type":"LineString","coordinates":[[-68.00494,10.25496],[-68.00168,10.24024]]}},{"type":"Feature","id":"way/77492406","properties":{"highway":"tertiary"},"geometry":{"type":"LineString","coordinates":[[-68.01615,10.21079],[-68.02045,10.21163],[-68.02342,10.21333]]}},{"type":"Feature","id":"way/77492409","properties":{"name":"Avenida Rojas Queipo","highway":"tertiary"},"geometry":{"type":"LineString","coordinates":[[-68.00126,10.19864],[-68.0018,10.19861]]}},{"type":"Feature","id":"way/77492426","properties":{"name":"Autopista Circunvalaci\u00f3n del Este","highway":"motorway","ref":"T-1"},"geometry":{"type":"LineString","coordinates":[[-68.00142,10.23383],[-68.00134,10.23416]]}},{"type":"Feature","id":"way/77492435","properties":{"name":"Distribuidor: Naguanagua","highway":"motorway_link"},"geometry":{"type":"LineString","coordinates":[[-68.00449,10.25541],[-68.00552,10.25829]]}},{"type":"Feature","id":"way/77492437","properties":{"name":"Autopista Circunvalaci\u00f3n del Este","highway":"motorway","ref":"T-1"},"geometry":{"type":"LineString","coordinates":[[-68.00515,10.25575],[-68.00494,10.25496]]}},{"type":"Feature","id":"way/77492443","properties":{"name":"Distribuidor Ma\u00f1ongo","highway":"motorway_link"},"geometry":{"type":"LineString","coordinates":[[-68.00185,10.23409],[-68.00187,10.23396]]}},{"type":"Feature","id":"way/77492445","properties":{"name":"Avenida Rojas Queipo","highway":"tertiary"},"geometry":{"type":"LineString","coordinates":[[-68.0018,10.19861],[-68.00304,10.19834]]}},{"type":"Feature","id":"way/77492451","properties":{"name":"Paseo Cuatricentenario","highway":"tertiary","ref":"R-22"},"geometry":{"type":"LineString","coordinates":[[-68.03794,10.18578],[-68.02417,10.1948],[-68.0218,10.1955]]}},{"type":"Feature","id":"way/101727461","properties":{"highway":"motorway_link"},"geometry":{"type":"LineString","coordinates":[[-67.97957,10.18217],[-67.97774,10.18182]]}},{"type":"Feature","id":"way/101727480","properties":{"name":"Distribuidor Industrial II","highway":"motorway_link"},"geometry":{"type":"LineString","coordinates":[[-67.96913,10.18392],[-67.96864,10.18337],[-67.96945,10.18379]]}},{"type":"Feature","id":"way/101746480","properties":{"name":"Avenida Intercomunal Don Julio Centeno","highway":"primary","ref":"R-1"},"geometry":{"type":"LineString","coordinates":[[-67.96381,10.22187],[-67.96446,10.22507]]}},{"type":"Feature","id":"way/101746525","properties":{"name":"Distribuidor Industrial II","highway":"motorway_link"},"geometry":{"type":"LineString","coordinates":[[-67.97013,10.18387],[-67.9705,10.18451],[-67.96963,10.18411]]}},{"type":"Feature","id":"way/101746614","properties":{"name":"Distribuidor Industrial II","highway":"motorway_link"},"geometry":{"type":"LineString","coordinates":[[-67.97308,10.18328],[-67.97039,10.18297]]}},{"type":"Feature","id":"way/101746661","properties":{"name":"Distribuidor Industrial II","highway":"motorway_link"},"geometry":{"type":"LineString","coordinates":[[-67.96612,10.18454],[-67.96959,10.18527]]}},{"type":"Feature","id":"way/101786749","properties":{"name":"Avenida Sesquicentenario","highway":"secondary"},"geometry":{"type":"LineString","coordinates":[[-67.975,10.16044],[-67.981,10.15942],[-67.98446,10.15463]]}},{"type":"Feature","id":"way/101786753","properties":{"name":"Carretera Vieja Valencia - Tocuyito","highway":"tertiary","ref":"R-25"},"geometry":{"type":"LineString","coordinates":[[-68.03624,10.14085],[-68.04219,10.14639]]}},{"type":"Feature","id":"way/101786811","properties":{"name":"Avenida Ar\u00e1nzazu","highway":"tertiary"},"geometry":{"type":"LineString","coordinates":[[-68.01831,10.13036],[-68.01683,10.14073]]}},{"type":"Feature","id":"way/101805524","properties":{"name":"Avenida 102 Universidad","highway":"secondary","ref":"L-1"},"geometry":{"type":"LineString","coordinates":[[-68.01434,10.25197],[-68.01494,10.25549]]}},{"type":"Feature","id":"way/101886938","properties":{"name":"Autopista Valencia - Puerto Cabello","highway":"trunk","ref":"T-1"},"geometry":{"type":"LineString","coordinates":[[-68.02232,10.27749],[-68.02188,10.27708]]}},{"type":"Feature","id":"way/101886983","properties":{"name":"Avenida 102 Universidad","highway":"secondary","ref":"L-1"},"geometry":{"type":"LineString","coordinates":[[-68.01727,10.27022],[-68.01722,10.2699]]}},{"type":"Feature","id":"way/101887032","properties":{"name":"Avenida 102 Universidad","highway":"secondary","ref":"L-1"},"geometry":{"type":"LineString","coordinates":[[-68.0171,10.26988],[-68.01715,10.27022]]}},{"type":"Feature","id":"way/101887045","properties":{"name":"Avenida 102 Universidad","highway":"secondary","ref":"L-1"},"geometry":{"type":"LineString","coordinates":[[-68.01722,10.2699],[-68.0172,10.26984]]}},{"type":"Feature","id":"way/101887049","properties":{"name":"Autopista Valencia - Puerto Cabello","highway":"trunk","ref":"T-1"},"geometry":{"type":"LineString","coordinates":[[-68.02178,10.27717],[-68.02225,10.27759]]}},{"type":"Feature","id":"way/105684181","properties":{"name":"Distribuidor B\u00e1rbula","highway":"motorway_link"},"geometry":{"type":"LineString","coordinates":[[-68.00773,10.26793],[-68.00606,10.26633]]}},{"type":"Feature","id":"way/105684186","properties":{"name":"Distribuidor B\u00e1rbula","highway":"motorway_link"},"geometry":{"type":"LineString","coordinates":[[-68.00622,10.26884],[-68.00612,10.26767]]}},{"type":"Feature","id":"way/105684187","properties":{"name":"Distribuidor B\u00e1rbula","highway":"motorway_link"},"geometry":{"type":"LineString","coordinates":[[-68.00598,10.26695],[-68.00534,10.26805],[-68.00245,10.26858]]}},{"type":"Feature","id":"way/105684188","properties":{"name":"Distribuidor B\u00e1rbula","highway":"motorway_link"},"geometry":{"type":"LineString","coordinates":[[-68.0055,10.26759],[-68.00327,10.26837]]}},{"type":"Feature","id":"way/105684189","properties":{"name":"Distribuidor B\u00e1rbula","highway":"motorway_link"},"geometry":{"type":"LineString","coordinates":[[-68.00612,10.26767],[-68.00606,10.26633]]}},{"type":"Feature","id":"way/105684190","properties":{"highway":"motorway_link"},"geometry":{"type":"LineString","coordinates":[[-68.00562,10.2603],[-68.00545,10.26137]]}},{"type":"Feature","id":"way/105684191","properties":{"name":"Autopista Circunvalaci\u00f3n del Este","highway":"motorway","ref":"T-1"},"geometry":{"type":"LineString","coordinates":[[-68.006,10.26534],[-68.00584,10.2622]]}},{"type":"Feature","id":"way/106432326","properties":{"name":"Autopista Valencia - Puerto Cabello","highway":"trunk","ref":"T-1"},"geometry":{"type":"LineString","coordinates":[[-68.01731,10.27301],[-68.01786,10.27351]]}},{"type":"Feature","id":"way/106432327","properties":{"name":"Autopista Valencia - Puerto Cabello","highway":"trunk","ref":"T-1"},"geometry":{"type":"LineString","coordinates":[[-68.01786,10.27351],[-68.02178,10.27717]]}},{"type":"Feature","id":"way/106432332","properties":{"name":"Autopista Valencia - Puerto Cabello","highway":"trunk","ref":"T-1"},"geometry":{"type":"LineString","coordinates":[[-68.01795,10.2734],[-68.0174,10.2729]]}},{"type":"Feature","id":"way/106893671","properties":{"name":"Distribuidor Negro Primero","highway":"motorway_link"},"geometry":{"type":"LineString","coordinates":[[-67.88229,10.23279],[-67.8796,10.23286]]}},{"type":"Feature","id":"way/106893672","properties":{"highway":"motorway_link"},"geometry":{"type":"LineString","coordinates":[[-67.93678,10.1939],[-67.9339,10.19544]]}},{"type":"Feature","id":"way/115733585","properties":{"highway":"primary_link"},"geometry":{"type":"LineString","coordinates":[[-68.04858,10.47413],[-68.04397,10.47359]]}},{"type":"Feature","id":"way/115733586","properties":{"highway":"primary_link"},"geometry":{"type":"LineString","coordinates":[[-68.05153,10.47411],[-68.04858,10.47413]]}},{"type":"Feature","id":"way/115733820","properties":{"highway":"primary_link"},"geometry":{"type":"LineString","coordinates":[[-68.04496,10.47391],[-68.04873,10.47455]]}},{"type":"Feature","id":"way/115743176","properties":{"name":"Calle Juncal","highway":"primary_link"},"geometry":{"type":"LineString","coordinates":[[-68.01401,10.46485],[-68.01447,10.46522]]}},{"type":"Feature","id":"way/115743542","properties":{"highway":"primary_link"},"geometry":{"type":"LineString","coordinates":[[-68.01447,10.46522],[-68.015,10.46511]]}},{"type":"Feature","id":"way/115751593","properties":{"name":"Distribuidor El Cangrejo","highway":"primary_link"},"geometry":{"type":"LineString","coordinates":[[-68.00384,10.4646],[-68.00291,10.46469]]}},{"type":"Feature","id":"way/115753091","properties":{"highway":"primary_link"},"geometry":{"type":"LineString","coordinates":[[-68.01165,10.46376],[-68.01181,10.46457]]}},{"type":"Feature","id":"way/115753092","properties":{"highway":"primary_link"},"geometry":{"type":"LineString","coordinates":[[-68.00497,10.46544],[-68.00615,10.46579]]}},{"type":"Feature","id":"way/115753094","properties":{"highway":"primary_link"},"geometry":{"type":"LineString","coordinates":[[-68.01179,10.46465],[-68.01302,10.46459]]}},{"type":"Feature","id":"way/129388805","properties":{"name":"Avenida Michelena","highway":"primary","ref":"L-2"},"geometry":{"type":"LineString","coordinates":[[-67.7713,10.07511],[-67.77696,10.07797],[-67.78103,10.08163],[-67.78136,10.08398]]}},{"type":"Feature","id":"way/129388967","properties":{"name":"Avenida Industrial Michelena","highway":"primary","ref":"T-11"},"geometry":{"type":"LineString","coordinates":[[-67.92193,10.12977],[-67.92438,10.13056]]}},{"type":"Feature","id":"way/129388968","properties":{"name":"Avenida Industrial Michelena","highway":"primary","ref":"T-11;L-6"},"geometry":{"type":"LineString","coordinates":[[-67.93019,10.13742],[-67.9251,10.13099]]}},{"type":"Feature","id":"way/129388969","properties":{"name":"Avenida Industrial Michelena","highway":"primary","ref":"T-11;L-6"},"geometry":{"type":"LineString","coordinates":[[-67.94567,10.14574],[-67.94971,10.1483]]}},{"type":"Feature","id":"way/132228645","properties":{"name":"Distribuidor Industrial I","highway":"motorway_link"},"geometry":{"type":"LineString","coordinates":[[-67.95052,10.18604],[-67.9505,10.18645]]}},{"type":"Feature","id":"way/132228646","properties":{"name":"Distribuidor Industrial I","highway":"motorway_link"},"geometry":{"type":"LineString","coordinates":[[-67.95152,10.18668],[-67.95072,10.18634]]}},{"type":"Feature","id":"way/132228648","properties":{"name":"Distribuidor Industrial I","highway":"motorway_link"},"geometry":{"type":"LineString","coordinates":[[-67.94717,10.18847],[-67.95007,10.18879]]}},{"type":"Feature","id":"way/132228649","properties":{"name":"Distribuidor Industrial I","highway":"motorway_link"},"geometry":{"type":"LineString","coordinates":[[-67.95152,10.18668],[-67.95062,10.18682]]}},{"type":"Feature","id":"way/132228650","properties":{"name":"Distribuidor Industrial I","highway":"motorway_link"},"geometry":{"type":"LineString","coordinates":[[-67.9507,10.1876],[-67.94963,10.18848],[-67.95021,10.1873]]}},{"type":"Feature","id":"way/132228652","properties":{"name":"Distribuidor Industrial I","highway":"motorway_link"},"geometry":{"type":"LineString","coordinates":[[-67.9511,10.18706],[-67.95203,10.18777],[-67.95081,10.18757]]}},{"type":"Feature","id":"way/132228655","properties":{"name":"Distribuidor Industrial I","highway":"motorway_link"},"geometry":{"type":"LineString","coordinates":[[-67.95093,10.18944],[-67.95315,10.18691],[-67.95524,10.18631]]}},{"type":"Feature","id":"way/132230480","properties":{"name":"Avenida Ernesto Branger","highway":"tertiary"},"geometry":{"type":"LineString","coordinates":[[-67.95072,10.18686],[-67.95067,10.18645]]}},{"type":"Feature","id":"way/132230486","properties":{"name":"Avenida Arterial II","highway":"tertiary"},"geometry":{"type":"LineString","coordinates":[[-67.95068,10.18733],[-67.9507,10.1876]]}},{"type":"Feature","id":"way/132230495","properties":{"name":"Avenida Arterial II","highway":"tertiary"},"geometry":{"type":"LineString","coordinates":[[-67.95093,10.18944],[-67.95081,10.18757]]}},{"type":"Feature","id":"way/132230496","properties":{"name":"Avenida Ernesto Branger","highway":"tertiary"},"geometry":{"type":"LineString","coordinates":[[-67.95063,10.18688],[-67.95068,10.18733]]}},{"type":"Feature","id":"way/132230499","properties":{"name":"Avenida Ernesto Branger","highway":"tertiary"},"geometry":{"type":"LineString","coordinates":[[-67.95077,10.18731],[-67.95072,10.18686]]}},{"type":"Feature","id":"way/132231171","properties":{"name":"Carretera Intercomunal","highway":"secondary","ref":"T-11;L-6"},"geometry":{"type":"LineString","coordinates":[[-67.92579,10.13193],[-67.92537,10.12864]]}},{"type":"Feature","id":"way/132231174","properties":{"name":"Carretera Intercomunal","highway":"secondary","ref":"T-11;L-6"},"geometry":{"type":"LineString","coordinates":[[-67.92474,10.12987],[-67.92434,10.1304]]}},{"type":"Feature","id":"way/132231176","properties":{"name":"Carretera Regional Valencia - G\u00fcig\u00fce","highway":"primary","ref":"T-11"},"geometry":{"type":"LineString","coordinates":[[-67.87726,10.09154],[-67.85644,10.09608],[-67.8463,10.09053],[-67.8369,10.09081],[-67.8375,10.0879],[-67.837,10.08657],[-67.83542,10.08591]]}},{"type":"Feature","id":"way/132275071","properties":{"name":"Carretera Regional Valencia - G\u00fcig\u00fce","highway":"primary","ref":"T-11"},"geometry":{"type":"LineString","coordinates":[[-67.82684,10.08539],[-67.82078,10.08591],[-67.81581,10.08456],[-67.80432,10.08694],[-67.79406,10.08084]]}},{"type":"Feature","id":"way/132275073","properties":{"name":"Avenida Miranda","highway":"primary","ref":"T-11"},"geometry":{"type":"LineString","coordinates":[[-67.78873,10.08216],[-67.7762,10.08355]]}},{"type":"Feature","id":"way/132275074","properties":{"name":"Avenida Bol\u00edvar","highway":"primary","ref":"T-11"},"geometry":{"type":"LineString","coordinates":[[-67.77621,10.0839],[-67.78394,10.08412],[-67.78875,10.08223]]}},{"type":"Feature","id":"way/147704242","properties":{"name":"Carretera Regional G\u00fcig\u00fce - Bel\u00e9n","highway":"primary","ref":"L-2"},"geometry":{"type":"LineString","coordinates":[[-67.7713,10.07511],[-67.76979,10.07074],[-67.77092,10.05766],[-67.77234,10.05536],[-67.77042,10.04854],[-67.77218,10.0449],[-67.77076,10.03613],[-67.76885,10.03155],[-67.76487,10.0287],[-67.75958,10.02929],[-67.75711,10.02781],[-67.75075,10.02101],[-67.7419,10.01502],[-67.74006,10.01498],[-67.73938,10.01337],[-67.73826,10.01374],[-67.7387,10.01189],[-67.73482,10.01442],[-67.73481,10.01327],[-67.73289,10.01404],[-67.73314,10.0133],[-67.73148,10.01185],[-67.72862,10.0128],[-67.72484,10.01125],[-67.71899,10.01105],[-67.71553,10.00944],[-67.70069,9.99962],[-67.69897,9.998],[-67.69598,9.99174],[-67.6931,9.99037]]}},{"type":"Feature","id":"way/147916687","properties":{"name":"Carretera Regional Canoabo - Urama","highway":"secondary","ref":"L-4"},"geometry":{"type":"LineString","coordinates":[[-68.27983,10.30615],[-68.27856,10.30505]]}},{"type":"Feature","id":"way/148380232","properties":{"name":"Carretera Nacional Tinaquillo - Campo Carabobo","highway":"trunk","ref":"T-5"},"geometry":{"type":"LineString","coordinates":[[-68.16823,10.00446],[-68.17174,10.0018]]}},{"type":"Feature","id":"way/148380236","properties":{"name":"Retorno de Campo Carabobo","highway":"trunk_link","ref":"T-5"},"geometry":{"type":"LineString","coordinates":[[-68.15697,10.01016],[-68.15611,10.01161],[-68.15783,10.01154]]}},{"type":"Feature","id":"way/148827199","properties":{"name":"Avenida Principal de El Fr\u00edo","highway":"secondary","ref":"L-6"},"geometry":{"type":"LineString","coordinates":[[-67.91386,10.08443],[-67.91455,10.07702],[-67.91262,10.07162]]}},{"type":"Feature","id":"way/148827201","properties":{"name":"Eje Rural de Agua Honda","highway":"tertiary"},"geometry":{"type":"LineString","coordinates":[[-67.89911,9.91507],[-67.89695,9.91744],[-67.89486,9.92443],[-67.89643,9.92588],[-67.89649,9.92741],[-67.89812,9.92826],[-67.89702,9.93073],[-67.89874,9.9341],[-67.89796,9.93602],[-67.89886,9.93778],[-67.89742,9.9395],[-67.90093,9.94969],[-67.90034,9.95282]]}},{"type":"Feature","id":"way/148830901","properties":{"name":"Carretera Los Naranjos - El Pao","highway":"tertiary"},"geometry":{"type":"LineString","coordinates":[[-67.97416,9.87694],[-67.97488,9.87445],[-67.97246,9.869],[-67.97269,9.86548],[-67.97693,9.86204],[-67.9781,9.85844],[-67.97642,9.85289],[-67.97756,9.85015],[-67.97671,9.84592],[-67.98056,9.84338],[-67.98315,9.83972],[-67.98774,9.83685],[-67.99105,9.83271],[-67.98819,9.82864],[-67.9893,9.82469],[-67.99131,9.82285],[-67.9925,9.81938],[-67.99346,9.81553],[-67.99235,9.81242],[-67.99461,9.80763],[-67.9988,9.8039],[-67.99938,9.8019],[-68.00142,9.79993],[-68.00364,9.8],[-68.00368,9.79816],[-68.00473,9.79748],[-68.00586,9.79409],[-68.0055,9.79169],[-68.00654,9.78881],[-68.01405,9.78632],[-68.01491,9.78433],[-68.0177,9.78252],[-68.01944,9.77795],[-68.02243,9.77579],[-68.02368,9.77676],[-68.02278,9.77043],[-68.02088,9.76822],[-68.02444,9.76627],[-68.02624,9.76359],[-68.02547,9.76247],[-68.0265,9.75452],[-68.02888,9.75277],[-68.02837,9.75206],[-68.02958,9.7492],[-68.02839,9.74724],[-68.02873,9.74106],[-68.02969,9.73891]]}},{"type":"Feature","id":"way/149310427","properties":{"name":"Calle Carabobo","highway":"primary","ref":"L-1"},"geometry":{"type":"LineString","coordinates":[[-67.88187,10.22528],[-67.8824,10.22385]]}},{"type":"Feature","id":"way/149310796","properties":{"name":"Carretera Nacional Valencia - Guacara","highway":"secondary","ref":"L-1"},"geometry":{"type":"LineString","coordinates":[[-67.89434,10.21564],[-67.88817,10.21957]]}},{"type":"Feature","id":"way/149311854","properties":{"highway":"primary_link"},"geometry":{"type":"LineString","coordinates":[[-67.89,10.22462],[-67.89026,10.2244]]}},{"type":"Feature","id":"way/149311858","properties":{"highway":"primary_link"},"geometry":{"type":"LineString","coordinates":[[-67.89002,10.22396],[-67.88983,10.22405]]}},{"type":"Feature","id":"way/149313599","properties":{"name":"Carretera Nacional Valencia - Guacara","highway":"primary","ref":"L-1"},"geometry":{"type":"LineString","coordinates":[[-67.88251,10.22376],[-67.88812,10.21976]]}},{"type":"Feature","id":"way/149313603","properties":{"name":"Calle Carabobo","highway":"primary","ref":"L-1"},"geometry":{"type":"LineString","coordinates":[[-67.88187,10.22528],[-67.88133,10.22564]]}},{"type":"Feature","id":"way/149313606","properties":{"name":"Calle Bol\u00edvar","highway":"primary","ref":"L-1"},"geometry":{"type":"LineString","coordinates":[[-67.87178,10.22798],[-67.88157,10.22627]]}},{"type":"Feature","id":"way/149400672","properties":{"name":"Avenida Bol\u00edvar","highway":"secondary","ref":"L-1"},"geometry":{"type":"LineString","coordinates":[[-67.92199,10.19805],[-67.93219,10.19153]]}},{"type":"Feature","id":"way/149401509","properties":{"highway":"motorway_link"},"geometry":{"type":"LineString","coordinates":[[-67.90189,10.22416],[-67.90304,10.22245]]}},{"type":"Feature","id":"way/149401514","properties":{"highway":"motorway_link"},"geometry":{"type":"LineString","coordinates":[[-67.90281,10.22248],[-67.9014,10.22373]]}},{"type":"Feature","id":"way/149401919","properties":{"name":"Autopista Regional del Centro","highway":"motorway","ref":"T-1"},"geometry":{"type":"LineString","coordinates":[[-67.89564,10.22818],[-67.89444,10.2288]]}},{"type":"Feature","id":"way/149401920","properties":{"name":"Autopista Regional del Centro","highway":"motorway","ref":"T-1"},"geometry":{"type":"LineString","coordinates":[[-67.89444,10.2288],[-67.89424,10.22889]]}},{"type":"Feature","id":"way/149401921","properties":{"name":"Autopista Regional del Centro","highway":"motorway","ref":"T-1"},"geometry":{"type":"LineString","coordinates":[[-67.89454,10.22896],[-67.89577,10.22837]]}},{"type":"Feature","id":"way/149402011","properties":{"name":"Autopista Regional del Centro","highway":"motorway","ref":"T-1"},"geometry":{"type":"LineString","coordinates":[[-67.87967,10.23334],[-67.87559,10.23435],[-67.86826,10.23829],[-67.84906,10.24361]]}},{"type":"Feature","id":"way/149402012","properties":{"name":"Autopista Regional del Centro","highway":"motorway","ref":"T-1"},"geometry":{"type":"LineString","coordinates":[[-67.88018,10.23346],[-67.88168,10.23315]]}},{"type":"Feature","id":"way/149402013","properties":{"name":"Autopista Regional del Centro","highway":"motorway","ref":"T-1"},"geometry":{"type":"LineString","coordinates":[[-67.87971,10.23355],[-67.88018,10.23346]]}},{"type":"Feature","id":"way/149402014","properties":{"name":"Autopista Regional del Centro","highway":"motorway","ref":"T-1"},"geometry":{"type":"LineString","coordinates":[[-67.88012,10.23325],[-67.87967,10.23334]]}},{"type":"Feature","id":"way/149402168","properties":{"name":"Autopista Regional del Centro","highway":"motorway","ref":"T-1"},"geometry":{"type":"LineString","coordinates":[[-67.9053,10.21975],[-67.90974,10.21449],[-67.91697,10.20855]]}},{"type":"Feature","id":"way/149402169","properties":{"name":"Autopista Regional del Centro","highway":"motorway","ref":"T-1"},"geometry":{"type":"LineString","coordinates":[[-67.90151,10.22404],[-67.90117,10.22445]]}},{"type":"Feature","id":"way/149402170","properties":{"name":"Autopista Regional del Centro","highway":"motorway","ref":"T-1"},"geometry":{"type":"LineString","coordinates":[[-67.90165,10.22416],[-67.9018,10.22397]]}},{"type":"Feature","id":"way/149402171","properties":{"name":"Autopista Regional del Centro","highway":"motorway","ref":"T-1"},"geometry":{"type":"LineString","coordinates":[[-67.90166,10.22386],[-67.90151,10.22404]]}},{"type":"Feature","id":"way/149984468","properties":{"name":"Calle Ar\u00e9valo Gonz\u00e1lez","highway":"secondary","ref":"L-5"},"geometry":{"type":"LineString","coordinates":[[-67.8791,10.23233],[-67.87762,10.22612]]}},{"type":"Feature","id":"way/150387516","properties":{"highway":"primary_link"},"geometry":{"type":"LineString","coordinates":[[-67.96922,10.18264],[-67.96897,10.18319]]}},{"type":"Feature","id":"way/150387518","properties":{"name":"Distribuidor Industrial II","highway":"motorway_link"},"geometry":{"type":"LineString","coordinates":[[-67.96951,10.18417],[-67.96862,10.18478],[-67.96914,10.18403]]}},{"type":"Feature","id":"way/150387520","properties":{"name":"Distribuidor Industrial II","highway":"motorway_link"},"geometry":{"type":"LineString","coordinates":[[-67.96956,10.18367],[-67.97032,10.18308],[-67.97012,10.18376]]}},{"type":"Feature","id":"way/150387531","properties":{"highway":"motorway_link"},"geometry":{"type":"LineString","coordinates":[[-67.97104,10.18372],[-67.97321,10.18356]]}},{"type":"Feature","id":"way/150387534","properties":{"highway":"motorway_link"},"geometry":{"type":"LineString","coordinates":[[-67.96977,10.18539],[-67.97132,10.18385],[-67.97321,10.18356]]}},{"type":"Feature","id":"way/150387551","properties":{"name":"Distribuidor San Blas","highway":"motorway_link"},"geometry":{"type":"LineString","coordinates":[[-67.98112,10.18188],[-67.98345,10.18116]]}},{"type":"Feature","id":"way/150507927","properties":{"name":"Carretera Dominguera - Cumbito","highway":"tertiary","ref":"R-7"},"geometry":{"type":"LineString","coordinates":[[-67.97416,9.87694],[-67.97631,9.87543],[-67.97731,9.87675],[-67.97923,9.87659],[-67.98096,9.8748],[-67.98068,9.87339],[-67.982,9.87416],[-67.98306,9.87288],[-67.9862,9.87255],[-67.98747,9.87105],[-67.9901,9.87351],[-67.99099,9.8723],[-67.99312,9.8731],[-67.99424,9.87071],[-67.99627,9.87108],[-67.99741,9.8703],[-68.00098,9.87228],[-68.00463,9.87246],[-68.00836,9.87526],[-68.01263,9.87238],[-68.01596,9.87272],[-68.01718,9.87122],[-68.01923,9.87093],[-68.01999,9.86918],[-68.02251,9.86962],[-68.02137,9.86754],[-68.02817,9.8674],[-68.03789,9.86251],[-68.04194,9.86412],[-68.0475,9.86309],[-68.05063,9.86514],[-68.05542,9.86443],[-68.0604,9.86207],[-68.06329,9.86339],[-68.06759,9.86297],[-68.07147,9.86001],[-68.07296,9.86214],[-68.07543,9.86104],[-68.07875,9.86503],[-68.08261,9.86566],[-68.08316,9.868],[-68.07973,9.8721],[-68.08409,9.87374],[-68.08413,9.8755],[-68.08544,9.87675],[-68.08821,9.87697],[-68.08602,9.87903],[-68.08597,9.8877],[-68.08248,9.89534],[-68.07935,9.89734],[-68.07603,9.89802],[-68.07742,9.90286]]}},{"type":"Feature","id":"way/151181445","properties":{"name":"Avenida Humboldt","highway":"tertiary"},"geometry":{"type":"LineString","coordinates":[[-67.89119,10.22481],[-67.8892,10.21892]]}},{"type":"Feature","id":"way/153273960","properties":{"name":"Autopista Regional del Centro","highway":"motorway","ref":"T-1"},"geometry":{"type":"LineString","coordinates":[[-67.72223,10.28259],[-67.72257,10.28263]]}},{"type":"Feature","id":"way/153273961","properties":{"name":"Autopista Regional del Centro","highway":"motorway","ref":"T-1"},"geometry":{"type":"LineString","coordinates":[[-67.71853,10.28199],[-67.71766,10.28189]]}},{"type":"Feature","id":"way/153273962","properties":{"name":"Autopista Regional del Centro","highway":"motorway","ref":"T-1"},"geometry":{"type":"LineString","coordinates":[[-67.72224,10.28243],[-67.71853,10.28199]]}},{"type":"Feature","id":"way/153273963","properties":{"name":"Autopista Regional del Centro","highway":"motorway","ref":"T-1"},"geometry":{"type":"LineString","coordinates":[[-67.7185,10.28215],[-67.72223,10.28259]]}},{"type":"Feature","id":"way/153273964","properties":{"name":"Autopista Regional del Centro","highway":"motorway","ref":"T-1"},"geometry":{"type":"LineString","coordinates":[[-67.71766,10.28189],[-67.70017,10.27967],[-67.68586,10.2762]]}},{"type":"Feature","id":"way/153273965","properties":{"name":"Autopista Regional del Centro","highway":"motorway","ref":"T-1"},"geometry":{"type":"LineString","coordinates":[[-67.72258,10.28247],[-67.72224,10.28243]]}},{"type":"Feature","id":"way/153273966","properties":{"name":"Autopista Regional del Centro","highway":"motorway","ref":"T-1"},"geometry":{"type":"LineString","coordinates":[[-67.71764,10.28205],[-67.7185,10.28215]]}},{"type":"Feature","id":"way/153273967","properties":{"name":"Autopista Regional del Centro","highway":"motorway","ref":"T-1"},"geometry":{"type":"LineString","coordinates":[[-67.72257,10.28263],[-67.73347,10.28368],[-67.74466,10.28003]]}},{"type":"Feature","id":"way/153352628","properties":{"highway":"motorway_link"},"geometry":{"type":"LineString","coordinates":[[-67.84366,10.24675],[-67.84197,10.24749],[-67.84189,10.24587]]}},{"type":"Feature","id":"way/153352630","properties":{"highway":"primary_link"},"geometry":{"type":"LineString","coordinates":[[-67.84367,10.23831],[-67.84428,10.23721]]}},{"type":"Feature","id":"way/154642682","properties":{"name":"Avenida Carabobo","highway":"primary","ref":"L-1"},"geometry":{"type":"LineString","coordinates":[[-67.71067,10.29125],[-67.71731,10.2911],[-67.722,10.28855],[-67.72874,10.28932]]}},{"type":"Feature","id":"way/154642684","properties":{"name":"Avenida Carabobo","highway":"primary","ref":"L-1"},"geometry":{"type":"LineString","coordinates":[[-67.72887,10.28919],[-67.72205,10.28846],[-67.71727,10.29102],[-67.71067,10.29125]]}},{"type":"Feature","id":"way/154736943","properties":{"name":"Carretera Nacional Guacara - San Joaqu\u00edn","highway":"primary","ref":"L-1"},"geometry":{"type":"LineString","coordinates":[[-67.80541,10.2557],[-67.85033,10.23433],[-67.87141,10.22689]]}},{"type":"Feature","id":"way/154736950","properties":{"name":"Avenida Sucre","highway":"primary","ref":"L-1"},"geometry":{"type":"LineString","coordinates":[[-67.79463,10.26062],[-67.78444,10.26181],[-67.78385,10.26285]]}},{"type":"Feature","id":"way/154922398","properties":{"name":"Autopista B\u00e1rbula - Guacara","highway":"trunk","ref":"R-1"},"geometry":{"type":"LineString","coordinates":[[-67.9123,10.24867],[-67.91211,10.24848]]}},{"type":"Feature","id":"way/154922400","properties":{"name":"Distribuidor Corpoven","highway":"trunk_link"},"geometry":{"type":"LineString","coordinates":[[-67.91038,10.24698],[-67.91159,10.24867]]}},{"type":"Feature","id":"way/154922401","properties":{"name":"Autopista B\u00e1rbula - Guacara","highway":"trunk","ref":"L-1"},"geometry":{"type":"LineString","coordinates":[[-67.91204,10.24856],[-67.91224,10.24874]]}},{"type":"Feature","id":"way/154922402","properties":{"name":"Autopista B\u00e1rbula - Guacara","highway":"trunk","ref":"L-1"},"geometry":{"type":"LineString","coordinates":[[-67.91224,10.24874],[-67.9164,10.25316],[-67.91963,10.26159],[-67.91975,10.26481],[-67.9176,10.27047],[-67.91794,10.27284],[-67.92384,10.27952]]}},{"type":"Feature","id":"way/154922403","properties":{"name":"Distribuidor Corpoven","highway":"trunk_link"},"geometry":{"type":"LineString","coordinates":[[-67.91496,10.25123],[-67.91293,10.24831]]}},{"type":"Feature","id":"way/154922405","properties":{"name":"Avenida Ruiz Pineda","highway":"secondary"},"geometry":{"type":"LineString","coordinates":[[-67.90271,10.24976],[-67.90876,10.24946]]}},{"type":"Feature","id":"way/154922406","properties":{"name":"Avenida Ruiz Pineda","highway":"secondary"},"geometry":{"type":"LineString","coordinates":[[-67.90876,10.24946],[-67.91128,10.24939]]}},{"type":"Feature","id":"way/154924427","properties":{"name":"Distribuidor Corpoven","highway":"trunk_link"},"geometry":{"type":"LineString","coordinates":[[-67.91159,10.24867],[-67.91181,10.2489]]}},{"type":"Feature","id":"way/154924432","properties":{"name":"Distribuidor Corpoven","highway":"trunk_link"},"geometry":{"type":"LineString","coordinates":[[-67.91286,10.24783],[-67.91216,10.248]]}},{"type":"Feature","id":"way/154924439","properties":{"name":"Distribuidor Corpoven","highway":"trunk_link"},"geometry":{"type":"LineString","coordinates":[[-67.91293,10.24831],[-67.91307,10.24774]]}},{"type":"Feature","id":"way/154924447","properties":{"name":"Avenida Ruiz Pineda","highway":"secondary"},"geometry":{"type":"LineString","coordinates":[[-67.91128,10.24939],[-67.91242,10.2484]]}},{"type":"Feature","id":"way/154928876","properties":{"name":"Calle Central","highway":"tertiary"},"geometry":{"type":"LineString","coordinates":[[-67.91298,10.27138],[-67.91017,10.26831],[-67.90768,10.2635],[-67.90653,10.25722],[-67.90448,10.25674]]}},{"type":"Feature","id":"way/154930015","properties":{"name":"Distribuidor La Cumaca","highway":"trunk_link"},"geometry":{"type":"LineString","coordinates":[[-67.94673,10.27923],[-67.94546,10.28034]]}},{"type":"Feature","id":"way/154966351","properties":{"name":"Autopista B\u00e1rbula - Guacara","highway":"trunk","ref":"L-1"},"geometry":{"type":"LineString","coordinates":[[-67.92434,10.27968],[-67.92388,10.27942]]}},{"type":"Feature","id":"way/154966352","properties":{"name":"Autopista B\u00e1rbula - Guacara","highway":"trunk","ref":"L-1"},"geometry":{"type":"LineString","coordinates":[[-67.92384,10.27952],[-67.9243,10.27977]]}},{"type":"Feature","id":"way/154966435","properties":{"name":"V\u00eda Cardonal","highway":"tertiary"},"geometry":{"type":"LineString","coordinates":[[-67.9047,10.26295],[-67.90137,10.26314]]}},{"type":"Feature","id":"way/154966436","properties":{"highway":"tertiary"},"geometry":{"type":"LineString","coordinates":[[-67.90137,10.26314],[-67.90089,10.26317]]}},{"type":"Feature","id":"way/154966439","properties":{"name":"V\u00eda Cardonal","highway":"tertiary"},"geometry":{"type":"LineString","coordinates":[[-67.90089,10.26317],[-67.88692,10.26266]]}},{"type":"Feature","id":"way/154966708","properties":{"name":"V\u00eda El Toco","highway":"secondary"},"geometry":{"type":"LineString","coordinates":[[-67.90192,10.25095],[-67.90159,10.25106]]}},{"type":"Feature","id":"way/154966709","properties":{"name":"V\u00eda El Toco","highway":"secondary"},"geometry":{"type":"LineString","coordinates":[[-67.90159,10.25106],[-67.8929,10.25268],[-67.89026,10.25214]]}},{"type":"Feature","id":"way/155042412","properties":{"name":"Carretera Nacional Valencia - Guacara","highway":"secondary","ref":"L-1"},"geometry":{"type":"LineString","coordinates":[[-67.96845,10.18329],[-67.96787,10.18344]]}},{"type":"Feature","id":"way/155052205","properties":{"name":"Autopista Regional del Centro","highway":"motorway","ref":"T-1"},"geometry":{"type":"LineString","coordinates":[[-67.88695,10.23206],[-67.88752,10.23193]]}},{"type":"Feature","id":"way/155052208","properties":{"name":"Autopista Regional del Centro","highway":"motorway","ref":"T-1"},"geometry":{"type":"LineString","coordinates":[[-67.88608,10.23224],[-67.88695,10.23206]]}},{"type":"Feature","id":"way/155052210","properties":{"name":"Autopista Regional del Centro","highway":"motorway","ref":"T-1"},"geometry":{"type":"LineString","coordinates":[[-67.88601,10.23203],[-67.88229,10.23279]]}},{"type":"Feature","id":"way/155052211","properties":{"name":"Autopista Regional del Centro","highway":"motorway","ref":"T-1"},"geometry":{"type":"LineString","coordinates":[[-67.88689,10.23186],[-67.88601,10.23203]]}},{"type":"Feature","id":"way/155144054","properties":{"highway":"primary","ref":"L-1"},"geometry":{"type":"LineString","coordinates":[[-67.88157,10.22627],[-67.88159,10.22623]]}},{"type":"Feature","id":"way/155144055","properties":{"highway":"primary","ref":"L-1"},"geometry":{"type":"LineString","coordinates":[[-67.8817,10.22588],[-67.88187,10.22528]]}},{"type":"Feature","id":"way/155144060","properties":{"highway":"primary","ref":"L-1"},"geometry":{"type":"LineString","coordinates":[[-67.88071,10.22574],[-67.8805,10.22576]]}},{"type":"Feature","id":"way/155144062","properties":{"name":"Calle Carabobo","highway":"primary","ref":"L-1"},"geometry":{"type":"LineString","coordinates":[[-67.8805,10.22576],[-67.87141,10.22689]]}},{"type":"Feature","id":"way/155145080","properties":{"name":"V\u00eda a Vigirima","highway":"secondary","ref":"L-5"},"geometry":{"type":"LineString","coordinates":[[-67.89061,10.25128],[-67.89061,10.25113]]}},{"type":"Feature","id":"way/155228823","properties":{"name":"Avenida Bol\u00edvar","highway":"secondary","ref":"L-1"},"geometry":{"type":"LineString","coordinates":[[-67.93529,10.18984],[-67.9349,10.19014]]}},{"type":"Feature","id":"way/155228826","properties":{"name":"Avenida Bol\u00edvar","highway":"secondary","ref":"L-1;R-9"},"geometry":{"type":"LineString","coordinates":[[-67.94029,10.18823],[-67.93697,10.18913]]}},{"type":"Feature","id":"way/155231408","properties":{"name":"Distribuidor Negro Primero","highway":"motorway_link"},"geometry":{"type":"LineString","coordinates":[[-67.87639,10.2343],[-67.88025,10.23416]]}},{"type":"Feature","id":"way/155423644","properties":{"name":"Avenida Al\u00ed Primera","highway":"secondary"},"geometry":{"type":"LineString","coordinates":[[-67.962,10.16489],[-67.94363,10.16824]]}},{"type":"Feature","id":"way/155423645","properties":{"name":"Avenida Industrial Michelena","highway":"primary","ref":"T-11;L-6"},"geometry":{"type":"LineString","coordinates":[[-67.96221,10.16477],[-67.96209,10.1646]]}},{"type":"Feature","id":"way/155423646","properties":{"name":"Avenida Al\u00ed Primera","highway":"secondary"},"geometry":{"type":"LineString","coordinates":[[-67.92522,10.17435],[-67.92529,10.17423]]}},{"type":"Feature","id":"way/155425392","properties":{"name":"Autopista Regional del Centro","highway":"motorway","ref":"T-1"},"geometry":{"type":"LineString","coordinates":[[-67.97013,10.18387],[-67.97104,10.18372]]}},{"type":"Feature","id":"way/155425393","properties":{"name":"Autopista Regional del Centro","highway":"motorway","ref":"T-1"},"geometry":{"type":"LineString","coordinates":[[-67.96913,10.18392],[-67.95799,10.18577]]}},{"type":"Feature","id":"way/155425394","properties":{"name":"Autopista Regional del Centro","highway":"motorway","ref":"T-1"},"geometry":{"type":"LineString","coordinates":[[-67.97012,10.18376],[-67.96913,10.18392]]}},{"type":"Feature","id":"way/155426642","properties":{"name":"Avenida Sesquicentenario","highway":"secondary"},"geometry":{"type":"LineString","coordinates":[[-68.01683,10.14073],[-68.0123,10.14112]]}},{"type":"Feature","id":"way/155426643","properties":{"highway":"primary_link"},"geometry":{"type":"LineString","coordinates":[[-67.96249,10.16515],[-67.96257,10.16474]]}},{"type":"Feature","id":"way/155426644","properties":{"highway":"primary_link"},"geometry":{"type":"LineString","coordinates":[[-67.96183,10.16463],[-67.9615,10.16512]]}},{"type":"Feature","id":"way/155426645","properties":{"highway":"primary_link","ref":"T-11;L-6"},"geometry":{"type":"LineString","coordinates":[[-67.96106,10.16541],[-67.96247,10.16542]]}},{"type":"Feature","id":"way/155427208","properties":{"name":"Avenida del Sur","highway":"trunk","ref":"T-5"},"geometry":{"type":"LineString","coordinates":[[-67.99217,10.16528],[-67.99018,10.1681]]}},{"type":"Feature","id":"way/155427209","properties":{"name":"Avenida del Sur","highway":"trunk","ref":"T-5"},"geometry":{"type":"LineString","coordinates":[[-67.99235,10.165],[-67.99217,10.16528]]}},{"type":"Feature","id":"way/155427210","properties":{"name":"Avenida del Sur","highway":"trunk","ref":"T-5"},"geometry":{"type":"LineString","coordinates":[[-67.99245,10.16507],[-67.99556,10.16183],[-68.00023,10.16105]]}},{"type":"Feature","id":"way/155427211","properties":{"name":"Avenida del Sur","highway":"trunk","ref":"T-5"},"geometry":{"type":"LineString","coordinates":[[-67.99227,10.16533],[-67.99245,10.16507]]}},{"type":"Feature","id":"way/156562417","properties":{"highway":"tertiary","ref":"R-4"},"geometry":{"type":"LineString","coordinates":[[-68.01123,10.46021],[-68.01113,10.46022]]}},{"type":"Feature","id":"way/156562419","properties":{"highway":"tertiary","ref":"R-4"},"geometry":{"type":"LineString","coordinates":[[-68.01311,10.46199],[-68.01123,10.46021]]}},{"type":"Feature","id":"way/156692164","properties":{"highway":"primary_link"},"geometry":{"type":"LineString","coordinates":[[-68.02913,10.4678],[-68.02942,10.46759]]}},{"type":"Feature","id":"way/156952021","properties":{"name":"Avenida del Puerto","highway":"primary","ref":"R-2"},"geometry":{"type":"LineString","coordinates":[[-67.98592,10.45939],[-67.98608,10.45914]]}},{"type":"Feature","id":"way/156952023","properties":{"name":"Avenida del Puerto","highway":"primary","ref":"R-2"},"geometry":{"type":"LineString","coordinates":[[-67.98608,10.45914],[-67.98751,10.45842],[-67.98892,10.45914],[-67.99077,10.46562]]}},{"type":"Feature","id":"way/156954092","properties":{"highway":"primary_link"},"geometry":{"type":"LineString","coordinates":[[-67.98808,10.45851],[-67.9865,10.4577]]}},{"type":"Feature","id":"way/156954524","properties":{"highway":"primary_link"},"geometry":{"type":"LineString","coordinates":[[-67.98642,10.45771],[-67.98647,10.45774]]}},{"type":"Feature","id":"way/156954530","properties":{"highway":"primary_link"},"geometry":{"type":"LineString","coordinates":[[-67.98647,10.45774],[-67.98671,10.45861]]}},{"type":"Feature","id":"way/156954880","properties":{"highway":"primary_link"},"geometry":{"type":"LineString","coordinates":[[-67.98547,10.46078],[-67.98634,10.45972]]}},{"type":"Feature","id":"way/156955442","properties":{"name":"V\u00eda a Borburata","highway":"tertiary","ref":"R-19"},"geometry":{"type":"LineString","coordinates":[[-67.96902,10.46913],[-67.96916,10.4662],[-67.97107,10.46432],[-67.97144,10.45989],[-67.96942,10.45672],[-67.96602,10.45578],[-67.9646,10.44743]]}},{"type":"Feature","id":"way/156958787","properties":{"name":"Calle Principal de Patanemo","highway":"tertiary","ref":"R-2"},"geometry":{"type":"LineString","coordinates":[[-67.9158,10.43081],[-67.91597,10.43005]]}},{"type":"Feature","id":"way/156958792","properties":{"name":"Calle Principal de Patanemo","highway":"tertiary","ref":"R-2"},"geometry":{"type":"LineString","coordinates":[[-67.9158,10.43081],[-67.9157,10.43256],[-67.91829,10.43685],[-67.91813,10.44021]]}},{"type":"Feature","id":"way/156958809","properties":{"highway":"tertiary"},"geometry":{"type":"LineString","coordinates":[[-67.91427,10.42599],[-67.91314,10.42245],[-67.91041,10.42204],[-67.90882,10.42056],[-67.909,10.4173]]}},{"type":"Feature","id":"way/156960250","properties":{"name":"Calle Principal de Los Cayenes","highway":"primary","ref":"R-2"},"geometry":{"type":"LineString","coordinates":[[-67.92796,10.44101],[-67.92526,10.44082]]}},{"type":"Feature","id":"way/156982180","properties":{"highway":"primary_link"},"geometry":{"type":"LineString","coordinates":[[-68.09401,10.47767],[-68.09379,10.47752]]}},{"type":"Feature","id":"way/156986143","properties":{"highway":"primary_link"},"geometry":{"type":"LineString","coordinates":[[-68.08793,10.47726],[-68.08985,10.47802]]}},{"type":"Feature","id":"way/156987072","properties":{"highway":"primary_link"},"geometry":{"type":"LineString","coordinates":[[-68.09364,10.47774],[-68.09471,10.47818]]}},{"type":"Feature","id":"way/156987757","properties":{"highway":"primary_link"},"geometry":{"type":"LineString","coordinates":[[-68.10289,10.48098],[-68.10231,10.48066]]}},{"type":"Feature","id":"way/156991912","properties":{"name":"Autopista Valencia - Puerto Cabello","highway":"trunk","ref":"T-1"},"geometry":{"type":"LineString","coordinates":[[-68.1138,10.44116],[-68.11372,10.44095]]}},{"type":"Feature","id":"way/156991914","properties":{"name":"Autopista Valencia - Puerto Cabello","highway":"trunk","ref":"T-1"},"geometry":{"type":"LineString","coordinates":[[-68.11371,10.4412],[-68.11589,10.44935],[-68.1126,10.46449]]}},{"type":"Feature","id":"way/156991917","properties":{"name":"Carretera Vieja Valencia - Puerto Cabello","highway":"secondary","ref":"L-1"},"geometry":{"type":"LineString","coordinates":[[-68.09676,10.35915],[-68.0962,10.36009],[-68.09825,10.36556],[-68.09702,10.36807],[-68.09909,10.37514],[-68.09881,10.37976],[-68.1002,10.3816],[-68.10974,10.40927],[-68.11099,10.41851],[-68.11494,10.42637],[-68.11332,10.42797],[-68.11512,10.43756],[-68.11199,10.4453],[-68.1149,10.44707],[-68.11246,10.46363]]}},{"type":"Feature","id":"way/156991919","properties":{"name":"Autopista Valencia - Puerto Cabello","highway":"trunk","ref":"T-1"},"geometry":{"type":"LineString","coordinates":[[-68.11363,10.44096],[-68.11371,10.4412]]}},{"type":"Feature","id":"way/157005917","properties":{"name":"Rampa de Planta Centro","highway":"trunk_link"},"geometry":{"type":"LineString","coordinates":[[-68.15198,10.48397],[-68.15239,10.48217],[-68.15078,10.48191]]}},{"type":"Feature","id":"way/157462906","properties":{"name":"Retorno","highway":"primary_link"},"geometry":{"type":"LineString","coordinates":[[-67.99126,10.46703],[-67.991,10.46725]]}},{"type":"Feature","id":"way/157462908","properties":{"name":"Retorno","highway":"primary_link"},"geometry":{"type":"LineString","coordinates":[[-67.99148,10.46762],[-67.99162,10.46734]]}},{"type":"Feature","id":"way/157537664","properties":{"highway":"secondary"},"geometry":{"type":"LineString","coordinates":[[-68.04435,10.45665],[-68.04408,10.45862]]}},{"type":"Feature","id":"way/158329967","properties":{"name":"Distribuidor Las Tapias","highway":"trunk_link"},"geometry":{"type":"LineString","coordinates":[[-68.00927,10.15958],[-68.009,10.16009]]}},{"type":"Feature","id":"way/159526821","properties":{"name":"Autopista Regional del Centro","highway":"motorway","ref":"T-1"},"geometry":{"type":"LineString","coordinates":[[-67.89576,10.22812],[-67.89564,10.22818]]}},{"type":"Feature","id":"way/159526824","properties":{"name":"Distribuidor Yagua","highway":"motorway_link"},"geometry":{"type":"LineString","coordinates":[[-67.89583,10.22833],[-67.89726,10.22817],[-67.90002,10.23162]]}},{"type":"Feature","id":"way/159526830","properties":{"name":"Autopista Regional del Centro","highway":"motorway","ref":"T-1"},"geometry":{"type":"LineString","coordinates":[[-67.89577,10.22837],[-67.89583,10.22833]]}},{"type":"Feature","id":"way/160435167","properties":{"name":"Distribuidor Refiner\u00eda","highway":"trunk_link"},"geometry":{"type":"LineString","coordinates":[[-68.12524,10.48026],[-68.12815,10.48069],[-68.12828,10.48145]]}},{"type":"Feature","id":"way/160435283","properties":{"name":"Distribuidor Refiner\u00eda","highway":"trunk_link"},"geometry":{"type":"LineString","coordinates":[[-68.12873,10.48034],[-68.12843,10.48016]]}},{"type":"Feature","id":"way/160435285","properties":{"name":"Distribuidor Refiner\u00eda","highway":"trunk_link"},"geometry":{"type":"LineString","coordinates":[[-68.13154,10.48043],[-68.1265,10.48026]]}},{"type":"Feature","id":"way/160435286","properties":{"name":"Distribuidor Refiner\u00eda","highway":"trunk_link"},"geometry":{"type":"LineString","coordinates":[[-68.12895,10.48019],[-68.12873,10.48034]]}},{"type":"Feature","id":"way/161832758","properties":{"name":"Autopista Circunvalaci\u00f3n del Este","highway":"motorway","ref":"T-1"},"geometry":{"type":"LineString","coordinates":[[-68.00134,10.23416],[-68.00303,10.24906]]}},{"type":"Feature","id":"way/161835469","properties":{"name":"Avenida Intercomunal Don Julio Centeno","highway":"primary","ref":"R-1"},"geometry":{"type":"LineString","coordinates":[[-67.96951,10.18417],[-67.97008,10.19259],[-67.9687,10.19548]]}},{"type":"Feature","id":"way/161921184","properties":{"name":"Autopista Circunvalaci\u00f3n del Este","highway":"motorway","ref":"T-1"},"geometry":{"type":"LineString","coordinates":[[-68.00481,10.255],[-68.00503,10.25578]]}},{"type":"Feature","id":"way/162114067","properties":{"name":"Avenida 108 Valencia","highway":"tertiary"},"geometry":{"type":"LineString","coordinates":[[-68.00952,10.25318],[-68.01434,10.25197]]}},{"type":"Feature","id":"way/162114068","properties":{"name":"Avenida 108 Valencia","highway":"tertiary"},"geometry":{"type":"LineString","coordinates":[[-68.01432,10.25186],[-68.00948,10.2531]]}},{"type":"Feature","id":"way/162114069","properties":{"name":"Avenida 108 Valencia","highway":"tertiary"},"geometry":{"type":"LineString","coordinates":[[-68.00948,10.2531],[-68.00926,10.25325]]}},{"type":"Feature","id":"way/162114070","properties":{"name":"Avenida 108 Valencia","highway":"tertiary"},"geometry":{"type":"LineString","coordinates":[[-68.00933,10.25332],[-68.00952,10.25318]]}},{"type":"Feature","id":"way/164279920","properties":{"name":"Avenida Jos\u00e9 Rafael Pocaterra","highway":"tertiary"},"geometry":{"type":"LineString","coordinates":[[-67.90481,10.26171],[-67.90448,10.25674]]}},{"type":"Feature","id":"way/164960077","properties":{"highway":"motorway_link"},"geometry":{"type":"LineString","coordinates":[[-67.93541,10.19536],[-67.93644,10.19459]]}},{"type":"Feature","id":"way/167314827","properties":{"highway":"motorway_link"},"geometry":{"type":"LineString","coordinates":[[-67.94283,10.19042],[-67.94091,10.19091]]}},{"type":"Feature","id":"way/167314828","properties":{"name":"Avenida Zamora","highway":"tertiary","ref":"R-9"},"geometry":{"type":"LineString","coordinates":[[-67.93858,10.18868],[-67.93937,10.19212]]}},{"type":"Feature","id":"way/167315327","properties":{"name":"Carretera Los Guayos-Guigue","highway":"secondary","ref":"R-9"},"geometry":{"type":"LineString","coordinates":[[-67.93697,10.18913],[-67.93607,10.18497],[-67.93211,10.18107]]}},{"type":"Feature","id":"way/167453231","properties":{"name":"Carretera Los Guayos-Guigue","highway":"secondary","ref":"R-9"},"geometry":{"type":"LineString","coordinates":[[-67.93179,10.18081],[-67.93098,10.18001]]}},{"type":"Feature","id":"way/167455141","properties":{"name":"Carretera Los Guayos-Guigue","highway":"secondary","ref":"R-9"},"geometry":{"type":"LineString","coordinates":[[-67.92927,10.17682],[-67.92522,10.17435]]}},{"type":"Feature","id":"way/170058858","properties":{"name":"Avenida Principal de Paraparal","highway":"tertiary"},"geometry":{"type":"LineString","coordinates":[[-67.92199,10.19805],[-67.91573,10.18826]]}},{"type":"Feature","id":"way/172588190","properties":{"highway":"primary_link"},"geometry":{"type":"LineString","coordinates":[[-67.9251,10.13099],[-67.92474,10.12987]]}},{"type":"Feature","id":"way/174556854","properties":{"highway":"primary_link","ref":"T-11;L-6"},"geometry":{"type":"LineString","coordinates":[[-67.95533,10.1527],[-67.9549,10.15297]]}},{"type":"Feature","id":"way/176061417","properties":{"highway":"primary_link"},"geometry":{"type":"LineString","coordinates":[[-67.96435,10.22261],[-67.96405,10.22231]]}},{"type":"Feature","id":"way/176061443","properties":{"highway":"primary_link"},"geometry":{"type":"LineString","coordinates":[[-67.96491,10.22535],[-67.96463,10.22505]]}},{"type":"Feature","id":"way/176061444","properties":{"highway":"primary_link"},"geometry":{"type":"LineString","coordinates":[[-67.96504,10.2273],[-67.96517,10.22677]]}},{"type":"Feature","id":"way/176061447","properties":{"name":"Distribuidor San Diego","highway":"trunk_link"},"geometry":{"type":"LineString","coordinates":[[-67.96153,10.27292],[-67.96177,10.27644]]}},{"type":"Feature","id":"way/176061470","properties":{"highway":"primary_link"},"geometry":{"type":"LineString","coordinates":[[-67.96569,10.2296],[-67.9654,10.22916]]}},{"type":"Feature","id":"way/176061474","properties":{"highway":"primary_link"},"geometry":{"type":"LineString","coordinates":[[-67.96598,10.23341],[-67.96593,10.23425]]}},{"type":"Feature","id":"way/176061498","properties":{"name":"Avenida Industrial Michelena","highway":"primary","ref":"T-11;L-6;R-1"},"geometry":{"type":"LineString","coordinates":[[-67.96963,10.18411],[-67.96956,10.18367]]}},{"type":"Feature","id":"way/176061536","properties":{"highway":"primary_link"},"geometry":{"type":"LineString","coordinates":[[-67.96449,10.2243],[-67.96464,10.22392]]}},{"type":"Feature","id":"way/176100177","properties":{"highway":"primary_link"},"geometry":{"type":"LineString","coordinates":[[-67.96311,10.24632],[-67.96359,10.2465]]}},{"type":"Feature","id":"way/196393339","properties":{"name":"Avenida del Sur","highway":"trunk","ref":"T-5"},"geometry":{"type":"LineString","coordinates":[[-67.99018,10.1681],[-67.98996,10.16845]]}},{"type":"Feature","id":"way/196393343","properties":{"name":"Avenida del Sur","highway":"trunk","ref":"T-5"},"geometry":{"type":"LineString","coordinates":[[-67.98996,10.16845],[-67.98913,10.16969]]}},{"type":"Feature","id":"way/196393344","properties":{"name":"Avenida del Sur","highway":"trunk","ref":"T-5"},"geometry":{"type":"LineString","coordinates":[[-67.98887,10.17007],[-67.98718,10.17287],[-67.98699,10.17596]]}},{"type":"Feature","id":"way/196393345","properties":{"name":"Avenida del Sur","highway":"trunk","ref":"T-5"},"geometry":{"type":"LineString","coordinates":[[-67.98922,10.16975],[-67.99007,10.16849]]}},{"type":"Feature","id":"way/196393346","properties":{"name":"Avenida del Sur","highway":"trunk","ref":"T-5"},"geometry":{"type":"LineString","coordinates":[[-67.98895,10.17011],[-67.98922,10.16975]]}},{"type":"Feature","id":"way/196393348","properties":{"name":"Avenida del Sur","highway":"trunk","ref":"T-5"},"geometry":{"type":"LineString","coordinates":[[-67.99029,10.16817],[-67.99227,10.16533]]}},{"type":"Feature","id":"way/196393350","properties":{"name":"Avenida del Sur","highway":"trunk","ref":"T-5"},"geometry":{"type":"LineString","coordinates":[[-67.99007,10.16849],[-67.99029,10.16817]]}},{"type":"Feature","id":"way/196393364","properties":{"name":"Avenida Cedeno","highway":"secondary","ref":"L-1"},"geometry":{"type":"LineString","coordinates":[[-67.99862,10.188],[-67.99906,10.18785]]}},{"type":"Feature","id":"way/196393367","properties":{"name":"Avenida 105 Cede\u00f1o","highway":"secondary","ref":"L-1"},"geometry":{"type":"LineString","coordinates":[[-67.99906,10.18785],[-68.00172,10.1872]]}},{"type":"Feature","id":"way/196393369","properties":{"name":"Avenida Cedeno","highway":"secondary","ref":"L-1"},"geometry":{"type":"LineString","coordinates":[[-67.99908,10.18774],[-67.99859,10.1879]]}},{"type":"Feature","id":"way/196393378","properties":{"name":"Avenida Rojas Queipo","highway":"tertiary"},"geometry":{"type":"LineString","coordinates":[[-68.00333,10.19822],[-68.00304,10.19825]]}},{"type":"Feature","id":"way/196393379","properties":{"name":"Avenida Rojas Queipo","highway":"tertiary"},"geometry":{"type":"LineString","coordinates":[[-68.00304,10.19834],[-68.00335,10.19833]]}},{"type":"Feature","id":"way/196393386","properties":{"name":"Avenida Rojas Queipo","highway":"tertiary"},"geometry":{"type":"LineString","coordinates":[[-68.00304,10.19825],[-68.00178,10.19856]]}},{"type":"Feature","id":"way/196393412","properties":{"name":"Retorno","highway":"trunk_link"},"geometry":{"type":"LineString","coordinates":[[-68.03253,10.15233],[-68.0323,10.15203]]}},{"type":"Feature","id":"way/196393435","properties":{"name":"Retorno","highway":"trunk_link"},"geometry":{"type":"LineString","coordinates":[[-68.0323,10.15203],[-68.03159,10.15237]]}},{"type":"Feature","id":"way/197294421","properties":{"highway":"tertiary"},"geometry":{"type":"LineString","coordinates":[[-67.96313,10.21429],[-67.96312,10.21417]]}},{"type":"Feature","id":"way/197294428","properties":{"name":"Av. Sim\u00f3n Rodr\u00edguez","highway":"tertiary"},"geometry":{"type":"LineString","coordinates":[[-67.95748,10.2147],[-67.95473,10.20729]]}},{"type":"Feature","id":"way/197295066","properties":{"highway":"primary_link"},"geometry":{"type":"LineString","coordinates":[[-67.96226,10.26478],[-67.96244,10.26516]]}},{"type":"Feature","id":"way/197295126","properties":{"highway":"tertiary","ref":"R-1"},"geometry":{"type":"LineString","coordinates":[[-67.96044,10.25866],[-67.95833,10.25793]]}},{"type":"Feature","id":"way/197295156","properties":{"name":"Arterial 4","highway":"tertiary"},"geometry":{"type":"LineString","coordinates":[[-67.96313,10.21429],[-67.9639,10.21429]]}},{"type":"Feature","id":"way/197419957","properties":{"highway":"primary_link"},"geometry":{"type":"LineString","coordinates":[[-67.96275,10.2572],[-67.96296,10.25743]]}},{"type":"Feature","id":"way/197419979","properties":{"name":"Calle Anzoategui","highway":"tertiary","ref":"R-1"},"geometry":{"type":"LineString","coordinates":[[-67.95258,10.25778],[-67.95475,10.25815]]}},{"type":"Feature","id":"way/197419980","properties":{"name":"Calle Rondon","highway":"tertiary","ref":"R-1"},"geometry":{"type":"LineString","coordinates":[[-67.95494,10.25737],[-67.95275,10.25697]]}},{"type":"Feature","id":"way/197420016","properties":{"highway":"tertiary","ref":"R-1"},"geometry":{"type":"LineString","coordinates":[[-67.95275,10.25697],[-67.94939,10.27179],[-67.94786,10.27429],[-67.94801,10.27908]]}},{"type":"Feature","id":"way/197420030","properties":{"highway":"primary_link"},"geometry":{"type":"LineString","coordinates":[[-67.96277,10.26062],[-67.96254,10.26082]]}},{"type":"Feature","id":"way/197607233","properties":{"name":"AVENIDA PRINCIPAL","highway":"tertiary"},"geometry":{"type":"LineString","coordinates":[[-67.91652,10.18522],[-67.91572,10.18582]]}},{"type":"Feature","id":"way/197607278","properties":{"highway":"tertiary"},"geometry":{"type":"LineString","coordinates":[[-67.92152,10.18144],[-67.91652,10.18522]]}},{"type":"Feature","id":"way/197643369","properties":{"name":"Autopista Circunvalaci\u00f3n del Este","highway":"motorway","ref":"T-1"},"geometry":{"type":"LineString","coordinates":[[-67.99295,10.18814],[-67.98935,10.18542]]}},{"type":"Feature","id":"way/197643370","properties":{"name":"Autopista Circunvalaci\u00f3n del Este","highway":"motorway","ref":"T-1"},"geometry":{"type":"LineString","coordinates":[[-67.99328,10.1884],[-67.99295,10.18814]]}},{"type":"Feature","id":"way/197643371","properties":{"name":"Autopista Circunvalaci\u00f3n del Este","highway":"motorway","ref":"T-1"},"geometry":{"type":"LineString","coordinates":[[-67.99283,10.18826],[-67.99318,10.18853]]}},{"type":"Feature","id":"way/197643372","properties":{"name":"Autopista Circunvalaci\u00f3n del Este","highway":"motorway","ref":"T-1"},"geometry":{"type":"LineString","coordinates":[[-67.99318,10.18853],[-67.99473,10.18969]]}},{"type":"Feature","id":"way/197842176","properties":{"name":"Avenida Jeferson","highway":"tertiary"},"geometry":{"type":"LineString","coordinates":[[-68.02083,10.12364],[-68.02277,10.12298]]}},{"type":"Feature","id":"way/197842179","properties":{"name":"Avenida Jeferson","highway":"tertiary"},"geometry":{"type":"LineString","coordinates":[[-68.02082,10.12357],[-68.01811,10.12365]]}},{"type":"Feature","id":"way/197842282","properties":{"name":"Avenida 109 Ar\u00e1nzazu","highway":"tertiary"},"geometry":{"type":"LineString","coordinates":[[-68.01806,10.12005],[-68.01797,10.11647]]}},{"type":"Feature","id":"way/197842380","properties":{"highway":"tertiary"},"geometry":{"type":"LineString","coordinates":[[-68.01797,10.11647],[-68.01039,10.11661]]}},{"type":"Feature","id":"way/197842397","properties":{"highway":"tertiary"},"geometry":{"type":"LineString","coordinates":[[-68.00965,10.11663],[-68.00054,10.11661]]}},{"type":"Feature","id":"way/197842400","properties":{"name":"Avenida Jeferson","highway":"tertiary"},"geometry":{"type":"LineString","coordinates":[[-68.02756,10.12081],[-68.02279,10.12289]]}},{"type":"Feature","id":"way/200508332","properties":{"name":"Redoma Las Am\u00e9ricas","highway":"tertiary"},"geometry":{"type":"LineString","coordinates":[[-67.91587,10.18655],[-67.91529,10.1859],[-67.91587,10.18655]]}},{"type":"Feature","id":"way/200508334","properties":{"highway":"tertiary","ref":"R-9"},"geometry":{"type":"LineString","coordinates":[[-67.94227,10.1914],[-67.94263,10.1912]]}},{"type":"Feature","id":"way/200508335","properties":{"name":"Avenida Principal de Paraparal","highway":"tertiary"},"geometry":{"type":"LineString","coordinates":[[-67.91527,10.18653],[-67.91565,10.18833]]}},{"type":"Feature","id":"way/200512008","properties":{"highway":"primary_link"},"geometry":{"type":"LineString","coordinates":[[-67.97,10.18813],[-67.96986,10.18866]]}},{"type":"Feature","id":"way/200512011","properties":{"name":"Distribuidor Industrial II","highway":"motorway_link"},"geometry":{"type":"LineString","coordinates":[[-67.96787,10.18344],[-67.96809,10.18363]]}},{"type":"Feature","id":"way/200512012","properties":{"highway":"primary_link"},"geometry":{"type":"LineString","coordinates":[[-67.96958,10.1847],[-67.96985,10.1862]]}},{"type":"Feature","id":"way/200512014","properties":{"name":"Avenida Principal de Paraparal","highway":"tertiary"},"geometry":{"type":"LineString","coordinates":[[-67.91573,10.18826],[-67.91587,10.18655]]}},{"type":"Feature","id":"way/200515433","properties":{"name":"Avenida Ernesto Branger","highway":"tertiary"},"geometry":{"type":"LineString","coordinates":[[-67.94923,10.1781],[-67.94501,10.17474],[-67.94373,10.16822]]}},{"type":"Feature","id":"way/200515434","properties":{"name":"Avenida Ernesto Branger","highway":"tertiary"},"geometry":{"type":"LineString","coordinates":[[-67.94954,10.17908],[-67.94952,10.17897]]}},{"type":"Feature","id":"way/200515439","properties":{"highway":"tertiary"},"geometry":{"type":"LineString","coordinates":[[-67.94944,10.179],[-67.94945,10.1791]]}},{"type":"Feature","id":"way/200515449","properties":{"name":"Avenida Ernesto Branger","highway":"tertiary"},"geometry":{"type":"LineString","coordinates":[[-67.94945,10.1791],[-67.94995,10.18202]]}},{"type":"Feature","id":"way/200521302","properties":{"name":"Avenida Ernesto Branger","highway":"tertiary"},"geometry":{"type":"LineString","coordinates":[[-67.95067,10.18645],[-67.95061,10.18603]]}},{"type":"Feature","id":"way/200521303","properties":{"name":"Avenida Ernesto Branger","highway":"tertiary"},"geometry":{"type":"LineString","coordinates":[[-67.95061,10.18603],[-67.95004,10.18207]]}},{"type":"Feature","id":"way/200521308","properties":{"name":"Avenida Ernesto Branger","highway":"tertiary"},"geometry":{"type":"LineString","coordinates":[[-67.95052,10.18604],[-67.95057,10.18647]]}},{"type":"Feature","id":"way/200521309","properties":{"name":"Distribuidor Industrial I","highway":"motorway_link"},"geometry":{"type":"LineString","coordinates":[[-67.95072,10.18634],[-67.95061,10.18603]]}},{"type":"Feature","id":"way/200521311","properties":{"highway":"primary_link"},"geometry":{"type":"LineString","coordinates":[[-67.96441,10.21069],[-67.96425,10.2107]]}},{"type":"Feature","id":"way/200521312","properties":{"highway":"primary_link"},"geometry":{"type":"LineString","coordinates":[[-67.96408,10.21591],[-67.96389,10.21572]]}},{"type":"Feature","id":"way/200521313","properties":{"highway":"primary_link"},"geometry":{"type":"LineString","coordinates":[[-67.96573,10.19979],[-67.96634,10.19929]]}},{"type":"Feature","id":"way/200521315","properties":{"name":"Avenida Ernesto Branger","highway":"tertiary"},"geometry":{"type":"LineString","coordinates":[[-67.95057,10.18647],[-67.95063,10.18688]]}},{"type":"Feature","id":"way/200521318","properties":{"name":"Distribuidor Industrial I","highway":"motorway_link"},"geometry":{"type":"LineString","coordinates":[[-67.9505,10.18645],[-67.9499,10.1871]]}},{"type":"Feature","id":"way/201445104","properties":{"name":"Distribuidor: Naguanagua","highway":"motorway_link"},"geometry":{"type":"LineString","coordinates":[[-68.00403,10.25235],[-68.00446,10.25529]]}},{"type":"Feature","id":"way/202125893","properties":{"highway":"primary_link"},"geometry":{"type":"LineString","coordinates":[[-67.96431,10.22548],[-67.96463,10.22595]]}},{"type":"Feature","id":"way/202230942","properties":{"name":"Avenida San Jos\u00e9 de Tarbes","highway":"tertiary","ref":"R-6"},"geometry":{"type":"LineString","coordinates":[[-68.00377,10.21255],[-68.00726,10.2125]]}},{"type":"Feature","id":"way/202233096","properties":{"name":"Avenida Sesquicentenario","highway":"secondary"},"geometry":{"type":"LineString","coordinates":[[-67.98449,10.15409],[-67.98433,10.15449]]}},{"type":"Feature","id":"way/202233097","properties":{"name":"Avenida Sesquicentenario","highway":"secondary"},"geometry":{"type":"LineString","coordinates":[[-67.98433,10.15449],[-67.9809,10.15929],[-67.97501,10.16029]]}},{"type":"Feature","id":"way/202233120","properties":{"name":"Avenida Sesquicentenario","highway":"secondary"},"geometry":{"type":"LineString","coordinates":[[-67.98458,10.15431],[-67.9879,10.14796],[-67.99155,10.14687],[-67.99603,10.14763]]}},{"type":"Feature","id":"way/202233145","properties":{"name":"Avenida Este-Oeste 4","highway":"secondary"},"geometry":{"type":"LineString","coordinates":[[-67.97501,10.16029],[-67.96889,10.16152],[-67.96253,10.1646]]}},{"type":"Feature","id":"way/202233373","properties":{"name":"Elevado El Vi\u00f1edo","highway":"tertiary","ref":"R-6"},"geometry":{"type":"LineString","coordinates":[[-68.00726,10.2125],[-68.00942,10.21218]]}},{"type":"Feature","id":"way/203207030","properties":{"name":"Avenida Rojas Queipo","highway":"tertiary"},"geometry":{"type":"LineString","coordinates":[[-68.01032,10.19816],[-68.01018,10.19817]]}},{"type":"Feature","id":"way/203207031","properties":{"name":"Avenida Rojas Queipo","highway":"tertiary"},"geometry":{"type":"LineString","coordinates":[[-68.00335,10.19833],[-68.00613,10.1987]]}},{"type":"Feature","id":"way/203208105","properties":{"name":"Avenida Arturo Michelena","highway":"tertiary"},"geometry":{"type":"LineString","coordinates":[[-67.99941,10.2001],[-67.99675,10.20207],[-67.99684,10.20557]]}},{"type":"Feature","id":"way/203208108","properties":{"name":"Distribuidor Cementos Carabobo","highway":"motorway_link"},"geometry":{"type":"LineString","coordinates":[[-68.00062,10.1993],[-68.00145,10.20002]]}},{"type":"Feature","id":"way/203417610","properties":{"name":"Avenida Sesquicentenario","highway":"secondary"},"geometry":{"type":"LineString","coordinates":[[-67.98446,10.15463],[-67.98458,10.15431]]}},{"type":"Feature","id":"way/203427319","properties":{"name":"Avenida Ar\u00e1nzazu","highway":"secondary","ref":"L-1"},"geometry":{"type":"LineString","coordinates":[[-68.01296,10.15877],[-68.01085,10.16722],[-68.01126,10.17277]]}},{"type":"Feature","id":"way/203427320","properties":{"name":"Avenida Ar\u00e1nzazu","highway":"secondary","ref":"L-1"},"geometry":{"type":"LineString","coordinates":[[-68.01135,10.17276],[-68.01097,10.16704],[-68.01323,10.159]]}},{"type":"Feature","id":"way/203634897","properties":{"name":"Avenida del Sur","highway":"trunk","ref":"T-5"},"geometry":{"type":"LineString","coordinates":[[-68.0208,10.15918],[-68.02111,10.15916]]}},{"type":"Feature","id":"way/203634898","properties":{"name":"Avenida del Sur","highway":"trunk","ref":"T-5"},"geometry":{"type":"LineString","coordinates":[[-68.02082,10.15907],[-68.01292,10.15979]]}},{"type":"Feature","id":"way/203635224","properties":{"name":"Avenida del Sur","highway":"trunk","ref":"T-5"},"geometry":{"type":"LineString","coordinates":[[-68.02113,10.15904],[-68.02082,10.15907]]}},{"type":"Feature","id":"way/203635226","properties":{"name":"Avenida Valencia - Campo Carabobo","highway":"trunk","ref":"T-5"},"geometry":{"type":"LineString","coordinates":[[-68.06052,10.12615],[-68.09157,10.09132]]}},{"type":"Feature","id":"way/203685334","properties":{"name":"Distribuidor El Ahorcado","highway":"trunk_link"},"geometry":{"type":"LineString","coordinates":[[-68.02079,10.15957],[-68.02545,10.15742]]}},{"type":"Feature","id":"way/203685335","properties":{"name":"Distribuidor El Ahorcado","highway":"trunk_link"},"geometry":{"type":"LineString","coordinates":[[-68.02258,10.15897],[-68.02349,10.15882]]}},{"type":"Feature","id":"way/203685337","properties":{"name":"Distribuidor El Ahorcado","highway":"trunk_link"},"geometry":{"type":"LineString","coordinates":[[-68.01741,10.1595],[-68.02079,10.15957]]}},{"type":"Feature","id":"way/203877041","properties":{"name":"Distribuidor El Trigal","highway":"motorway_link"},"geometry":{"type":"LineString","coordinates":[[-68.00208,10.21279],[-68.00256,10.21394],[-68.00187,10.21359]]}},{"type":"Feature","id":"way/203958102","properties":{"highway":"tertiary"},"geometry":{"type":"LineString","coordinates":[[-68.02569,10.19396],[-68.02622,10.19524],[-68.02473,10.19919],[-68.02461,10.20415],[-68.02321,10.20738],[-68.02334,10.21334]]}},{"type":"Feature","id":"way/204048777","properties":{"highway":"tertiary","ref":"R-22"},"geometry":{"type":"LineString","coordinates":[[-68.01011,10.19126],[-68.01026,10.19312]]}},{"type":"Feature","id":"way/204048778","properties":{"highway":"tertiary","ref":"R-6"},"geometry":{"type":"LineString","coordinates":[[-68.01053,10.19363],[-68.01048,10.19344]]}},{"type":"Feature","id":"way/204053985","properties":{"name":"Avenida Fern\u00e1ndo Figueredo","highway":"secondary","ref":"L-1;R-6"},"geometry":{"type":"LineString","coordinates":[[-68.01123,10.18585],[-68.01209,10.18218],[-68.01126,10.1772]]}},{"type":"Feature","id":"way/204053986","properties":{"name":"Elevado Los Colorados","highway":"tertiary","ref":"R-6"},"geometry":{"type":"LineString","coordinates":[[-68.01048,10.19544],[-68.01024,10.19146]]}},{"type":"Feature","id":"way/204076092","properties":{"highway":"tertiary","ref":"R-22"},"geometry":{"type":"LineString","coordinates":[[-68.01028,10.1934],[-68.01035,10.19361]]}},{"type":"Feature","id":"way/204078757","properties":{"highway":"tertiary","ref":"R-22"},"geometry":{"type":"LineString","coordinates":[[-68.01047,10.19568],[-68.01057,10.19397]]}},{"type":"Feature","id":"way/204080026","properties":{"name":"Avenida 105 Cedeno","highway":"secondary","ref":"L-1"},"geometry":{"type":"LineString","coordinates":[[-68.01111,10.18586],[-68.00967,10.18607]]}},{"type":"Feature","id":"way/204080027","properties":{"name":"Avenida 105 Cedeno","highway":"secondary","ref":"L-1"},"geometry":{"type":"LineString","coordinates":[[-68.00888,10.18626],[-68.01108,10.18598]]}},{"type":"Feature","id":"way/204080371","properties":{"name":"Avenida Lara","highway":"tertiary","ref":"L-1"},"geometry":{"type":"LineString","coordinates":[[-68.01058,10.17726],[-68.01115,10.17719]]}},{"type":"Feature","id":"way/204080825","properties":{"highway":"tertiary"},"geometry":{"type":"LineString","coordinates":[[-68.01019,10.19825],[-68.01032,10.19824]]}},{"type":"Feature","id":"way/204193693","properties":{"name":"Avenida Carlos Sanda","highway":"tertiary","ref":"R-6"},"geometry":{"type":"LineString","coordinates":[[-68.00942,10.21218],[-68.01415,10.21106]]}},{"type":"Feature","id":"way/204193694","properties":{"name":"Avenida Carlos Sanda","highway":"tertiary"},"geometry":{"type":"LineString","coordinates":[[-68.01434,10.21104],[-68.01587,10.21086]]}},{"type":"Feature","id":"way/204193695","properties":{"name":"Distribuidor El Trigal","highway":"motorway_link"},"geometry":{"type":"LineString","coordinates":[[-68.00139,10.21281],[-68.00088,10.21165],[-68.00147,10.21209]]}},{"type":"Feature","id":"way/204193696","properties":{"name":"Distribuidor El Trigal","highway":"motorway_link"},"geometry":{"type":"LineString","coordinates":[[-68.00298,10.21256],[-68.00147,10.2102]]}},{"type":"Feature","id":"way/204193836","properties":{"name":"Avenida San Jos\u00e9 de Tarbes","highway":"tertiary","ref":"R-6"},"geometry":{"type":"LineString","coordinates":[[-68.00298,10.21256],[-68.00193,10.21273]]}},{"type":"Feature","id":"way/204194057","properties":{"name":"Avenida Carlos Sanda","highway":"tertiary","ref":"R-6"},"geometry":{"type":"LineString","coordinates":[[-68.01424,10.21095],[-68.01396,10.21099]]}},{"type":"Feature","id":"way/204194058","properties":{"name":"Avenida Carlos Sanda","highway":"tertiary"},"geometry":{"type":"LineString","coordinates":[[-68.01583,10.21067],[-68.01456,10.2109]]}},{"type":"Feature","id":"way/204194306","properties":{"name":"Avenida San Jos\u00e9 de Tarbes","highway":"tertiary","ref":"R-6"},"geometry":{"type":"LineString","coordinates":[[-68.00725,10.21243],[-68.00351,10.21247]]}},{"type":"Feature","id":"way/204194307","properties":{"name":"Elevado El Vi\u00f1edo","highway":"tertiary","ref":"R-6"},"geometry":{"type":"LineString","coordinates":[[-68.00942,10.21212],[-68.00725,10.21243]]}},{"type":"Feature","id":"way/204194380","properties":{"name":"Avenida El Trigal","highway":"tertiary"},"geometry":{"type":"LineString","coordinates":[[-68.00062,10.21293],[-67.99702,10.21347]]}},{"type":"Feature","id":"way/204338828","properties":{"highway":"trunk_link"},"geometry":{"type":"LineString","coordinates":[[-68.03498,10.15041],[-68.03274,10.1509]]}},{"type":"Feature","id":"way/204612748","properties":{"highway":"tertiary"},"geometry":{"type":"LineString","coordinates":[[-67.99924,10.1294],[-68.00054,10.11661]]}},{"type":"Feature","id":"way/204615123","properties":{"highway":"tertiary"},"geometry":{"type":"LineString","coordinates":[[-68.00223,10.14192],[-68.00122,10.14141]]}},{"type":"Feature","id":"way/204615124","properties":{"name":"Avenida Sesquicentenario","highway":"secondary"},"geometry":{"type":"LineString","coordinates":[[-68.01186,10.14117],[-68.00172,10.14201],[-68.00086,10.14493],[-67.99895,10.14688]]}},{"type":"Feature","id":"way/205000833","properties":{"name":"Carretera Nacional Valencia - Guacara","highway":"tertiary"},"geometry":{"type":"LineString","coordinates":[[-67.98302,10.18092],[-67.9816,10.18122]]}},{"type":"Feature","id":"way/205000836","properties":{"highway":"trunk_link"},"geometry":{"type":"LineString","coordinates":[[-67.98688,10.17492],[-67.98662,10.1761]]}},{"type":"Feature","id":"way/205005368","properties":{"highway":"primary_link","ref":"T-11;L-6"},"geometry":{"type":"LineString","coordinates":[[-67.95882,10.15741],[-67.95877,10.15744]]}},{"type":"Feature","id":"way/205005500","properties":{"name":"Avenida Industrial Michelena","highway":"primary","ref":"T-11;L-6"},"geometry":{"type":"LineString","coordinates":[[-67.95988,10.15947],[-67.95533,10.1527],[-67.94574,10.14562]]}},{"type":"Feature","id":"way/205005501","properties":{"name":"Avenida Industrial Michelena","highway":"primary","ref":"T-11;L-6"},"geometry":{"type":"LineString","coordinates":[[-67.9612,10.16253],[-67.96111,10.1623]]}},{"type":"Feature","id":"way/205005502","properties":{"name":"Avenida Industrial Michelena","highway":"primary","ref":"T-11;L-6"},"geometry":{"type":"LineString","coordinates":[[-67.95499,10.15305],[-67.95524,10.1533]]}},{"type":"Feature","id":"way/205005967","properties":{"name":"Avenida Intercomunal de El Roble","highway":"secondary","ref":"R-9"},"geometry":{"type":"LineString","coordinates":[[-67.90748,10.15376],[-67.90439,10.15128],[-67.90118,10.14066],[-67.89475,10.12748],[-67.89476,10.12383],[-67.89326,10.12261]]}},{"type":"Feature","id":"way/205005970","properties":{"name":"Puente El Roble","highway":"secondary","ref":"R-9"},"geometry":{"type":"LineString","coordinates":[[-67.90764,10.15406],[-67.90748,10.15376]]}},{"type":"Feature","id":"way/205014042","properties":{"highway":"trunk_link"},"geometry":{"type":"LineString","coordinates":[[-67.98742,10.17599],[-67.987,10.17492]]}},{"type":"Feature","id":"way/205014043","properties":{"highway":"trunk_link"},"geometry":{"type":"LineString","coordinates":[[-67.98742,10.17811],[-67.9874,10.17607]]}},{"type":"Feature","id":"way/205014044","properties":{"name":"Avenida del Sur","highway":"trunk","ref":"T-5"},"geometry":{"type":"LineString","coordinates":[[-67.98726,10.17298],[-67.98895,10.17011]]}},{"type":"Feature","id":"way/205014045","properties":{"name":"Avenida del Sur","highway":"trunk","ref":"T-5"},"geometry":{"type":"LineString","coordinates":[[-67.98709,10.17594],[-67.98726,10.17298]]}},{"type":"Feature","id":"way/205014210","properties":{"highway":"trunk_link"},"geometry":{"type":"LineString","coordinates":[[-67.9907,10.16801],[-67.99158,10.16632]]}},{"type":"Feature","id":"way/205014212","properties":{"highway":"trunk_link"},"geometry":{"type":"LineString","coordinates":[[-67.98937,10.16952],[-67.99035,10.16851]]}},{"type":"Feature","id":"way/205014213","properties":{"highway":"trunk_link"},"geometry":{"type":"LineString","coordinates":[[-67.99004,10.16896],[-67.99015,10.1691]]}},{"type":"Feature","id":"way/205014215","properties":{"highway":"trunk_link"},"geometry":{"type":"LineString","coordinates":[[-67.99148,10.16627],[-67.99062,10.16715]]}},{"type":"Feature","id":"way/205014217","properties":{"highway":"trunk_link"},"geometry":{"type":"LineString","coordinates":[[-67.98959,10.16869],[-67.98928,10.16947]]}},{"type":"Feature","id":"way/205014219","properties":{"name":"Avenida del Sur","highway":"trunk","ref":"T-5"},"geometry":{"type":"LineString","coordinates":[[-67.98913,10.16969],[-67.98887,10.17007]]}},{"type":"Feature","id":"way/205015236","properties":{"name":"Avenida Urdaneta","highway":"primary","ref":"T-11;L-6"},"geometry":{"type":"LineString","coordinates":[[-67.93428,10.14181],[-67.94567,10.14574]]}},{"type":"Feature","id":"way/205015237","properties":{"name":"Avenida Industrial Michelena","highway":"primary","ref":"T-11;L-6"},"geometry":{"type":"LineString","coordinates":[[-67.94574,10.14562],[-67.93456,10.14]]}},{"type":"Feature","id":"way/205150584","properties":{"highway":"tertiary"},"geometry":{"type":"LineString","coordinates":[[-68.01039,10.11661],[-68.00965,10.11663]]}},{"type":"Feature","id":"way/205165976","properties":{"name":"Avenida Sesquicentenario","highway":"secondary"},"geometry":{"type":"LineString","coordinates":[[-68.01214,10.14124],[-68.01231,10.14123]]}},{"type":"Feature","id":"way/205165977","properties":{"name":"Avenida Sesquicentenario","highway":"secondary"},"geometry":{"type":"LineString","coordinates":[[-68.0123,10.14112],[-68.01186,10.14117]]}},{"type":"Feature","id":"way/205717840","properties":{"name":"Autopista Valencia - Puerto Cabello","highway":"trunk","ref":"T-1"},"geometry":{"type":"LineString","coordinates":[[-68.00973,10.26776],[-68.00946,10.26776]]}},{"type":"Feature","id":"way/205717847","properties":{"name":"Distribuidor B\u00e1rbula","highway":"motorway_link"},"geometry":{"type":"LineString","coordinates":[[-68.00941,10.26856],[-68.01123,10.26816]]}},{"type":"Feature","id":"way/205717848","properties":{"name":"Variante de Yagua","highway":"trunk","ref":"T-1"},"geometry":{"type":"LineString","coordinates":[[-68.00948,10.26792],[-68.00971,10.26792]]}},{"type":"Feature","id":"way/205717849","properties":{"name":"Variante de Yagua","highway":"trunk","ref":"T-1"},"geometry":{"type":"LineString","coordinates":[[-68.00971,10.26792],[-68.01123,10.26816]]}},{"type":"Feature","id":"way/205717850","properties":{"name":"Distribuidor B\u00e1rbula","highway":"motorway_link"},"geometry":{"type":"LineString","coordinates":[[-68.00923,10.2687],[-68.00941,10.26856]]}},{"type":"Feature","id":"way/206721593","properties":{"name":"Autopista Regional del Centro","highway":"motorway","ref":"T-1"},"geometry":{"type":"LineString","coordinates":[[-67.91687,10.20841],[-67.90927,10.2147],[-67.90281,10.22248]]}},{"type":"Feature","id":"way/206721595","properties":{"name":"Autopista Regional del Centro","highway":"motorway","ref":"T-1"},"geometry":{"type":"LineString","coordinates":[[-67.91697,10.20855],[-67.91715,10.2084]]}},{"type":"Feature","id":"way/206721596","properties":{"name":"Autopista Regional del Centro","highway":"motorway","ref":"T-1"},"geometry":{"type":"LineString","coordinates":[[-67.91704,10.20827],[-67.91687,10.20841]]}},{"type":"Feature","id":"way/206721597","properties":{"name":"Autopista Regional del Centro","highway":"motorway","ref":"T-1"},"geometry":{"type":"LineString","coordinates":[[-67.91715,10.2084],[-67.9283,10.19938]]}},{"type":"Feature","id":"way/206783976","properties":{"name":"Distribuidor Las Clavellinas","highway":"motorway_link"},"geometry":{"type":"LineString","coordinates":[[-68.00331,10.22103],[-68.00383,10.22462]]}},{"type":"Feature","id":"way/206783977","properties":{"name":"Distribuidor Las Clavellinas","highway":"motorway_link"},"geometry":{"type":"LineString","coordinates":[[-68.00383,10.22462],[-68.00438,10.22564]]}},{"type":"Feature","id":"way/206783979","properties":{"name":"Distribuidor Las Clavellinas","highway":"motorway_link"},"geometry":{"type":"LineString","coordinates":[[-68.00438,10.22564],[-68.00482,10.22622]]}},{"type":"Feature","id":"way/206783980","properties":{"name":"Distribuidor Las Clavellinas","highway":"motorway_link"},"geometry":{"type":"LineString","coordinates":[[-68.00483,10.22598],[-68.00412,10.22386]]}},{"type":"Feature","id":"way/206784874","properties":{"name":"Rampa de Puente B\u00e1rbula","highway":"trunk_link"},"geometry":{"type":"LineString","coordinates":[[-68.01595,10.27136],[-68.01599,10.27121]]}},{"type":"Feature","id":"way/206784875","properties":{"name":"Rampa de Puente B\u00e1rbula","highway":"trunk_link"},"geometry":{"type":"LineString","coordinates":[[-68.01585,10.27099],[-68.01562,10.27109]]}},{"type":"Feature","id":"way/206784876","properties":{"name":"Rampa de Puente B\u00e1rbula","highway":"trunk_link"},"geometry":{"type":"LineString","coordinates":[[-68.01727,10.27278],[-68.01432,10.27006]]}},{"type":"Feature","id":"way/207129699","properties":{"name":"V\u00eda a La Arenosa","highway":"tertiary","ref":"R-7"},"geometry":{"type":"LineString","coordinates":[[-68.09458,10.08106],[-68.09457,10.08054]]}},{"type":"Feature","id":"way/207129700","properties":{"name":"V\u00eda a La Arenosa","highway":"tertiary","ref":"R-7"},"geometry":{"type":"LineString","coordinates":[[-68.09493,10.08587],[-68.09458,10.08106]]}},{"type":"Feature","id":"way/207129701","properties":{"name":"V\u00eda a La Arenosa","highway":"tertiary","ref":"R-7"},"geometry":{"type":"LineString","coordinates":[[-68.09457,10.08054],[-68.09069,10.06505],[-68.09256,10.05384],[-68.08783,10.05194],[-68.08798,10.04839],[-68.08583,10.04535],[-68.08327,10.04481]]}},{"type":"Feature","id":"way/211568501","properties":{"name":"Distribuidor San Blas","highway":"trunk"},"geometry":{"type":"LineString","coordinates":[[-67.98727,10.17848],[-67.98529,10.18019]]}},{"type":"Feature","id":"way/214267269","properties":{"highway":"tertiary"},"geometry":{"type":"LineString","coordinates":[[-68.03028,10.12197],[-68.02755,10.12096]]}},{"type":"Feature","id":"way/214267282","properties":{"name":"Avenida Los Pr\u00f3ceres","highway":"tertiary"},"geometry":{"type":"LineString","coordinates":[[-68.03351,10.12813],[-68.04054,10.13171]]}},{"type":"Feature","id":"way/214267328","properties":{"name":"Carretera Vieja Valencia - Tocuyito","highway":"tertiary","ref":"R-25"},"geometry":{"type":"LineString","coordinates":[[-68.03624,10.14085],[-68.03625,10.13916],[-68.03481,10.13737],[-68.0419,10.1329],[-68.06005,10.1036],[-68.07761,10.09074]]}},{"type":"Feature","id":"way/214267393","properties":{"name":"Avenida Los Pr\u00f3ceres","highway":"tertiary"},"geometry":{"type":"LineString","coordinates":[[-68.04048,10.13094],[-68.03358,10.12801]]}},{"type":"Feature","id":"way/214279301","properties":{"name":"Redoma Atanasio Girardot","highway":"tertiary"},"geometry":{"type":"LineString","coordinates":[[-68.04157,10.13062],[-68.04048,10.13094]]}},{"type":"Feature","id":"way/214279375","properties":{"highway":"tertiary"},"geometry":{"type":"LineString","coordinates":[[-68.0419,10.1329],[-68.0418,10.13153]]}},{"type":"Feature","id":"way/214279376","properties":{"name":"Redoma Atanasio Girardot","highway":"tertiary"},"geometry":{"type":"LineString","coordinates":[[-68.0408,10.13184],[-68.0418,10.13153]]}},{"type":"Feature","id":"way/214279423","properties":{"name":"Redoma Atanasio Girardot","highway":"tertiary"},"geometry":{"type":"LineString","coordinates":[[-68.04199,10.13123],[-68.04157,10.13062]]}},{"type":"Feature","id":"way/214279572","properties":{"name":"Avenida Valencia - Campo Carabobo","highway":"tertiary","ref":"R-25"},"geometry":{"type":"LineString","coordinates":[[-68.09117,10.09099],[-68.09069,10.09202]]}},{"type":"Feature","id":"way/214279689","properties":{"highway":"tertiary"},"geometry":{"type":"LineString","coordinates":[[-68.0408,10.13184],[-68.04115,10.13368]]}},{"type":"Feature","id":"way/214279691","properties":{"name":"Redoma Atanasio Girardot","highway":"tertiary"},"geometry":{"type":"LineString","coordinates":[[-68.04048,10.13094],[-68.04054,10.13171]]}},{"type":"Feature","id":"way/214504109","properties":{"name":"Calle Bella Vista","highway":"tertiary","ref":"R-25"},"geometry":{"type":"LineString","coordinates":[[-68.09069,10.09202],[-68.08476,10.09274],[-68.07761,10.09074]]}},{"type":"Feature","id":"way/214504307","properties":{"name":"Avenida Principal de El Rosario","highway":"tertiary"},"geometry":{"type":"LineString","coordinates":[[-68.12153,10.11098],[-68.12101,10.10976],[-68.11678,10.10738],[-68.11204,10.10043],[-68.09771,10.09217]]}},{"type":"Feature","id":"way/215494321","properties":{"name":"V\u00eda a Montalb\u00e1n","highway":"tertiary","ref":"R-12"},"geometry":{"type":"LineString","coordinates":[[-68.32958,10.20232],[-68.33083,10.18203],[-68.33313,10.16858],[-68.33029,10.15597]]}},{"type":"Feature","id":"way/215494381","properties":{"name":"V\u00eda a Montalb\u00e1n","highway":"tertiary","ref":"R-13"},"geometry":{"type":"LineString","coordinates":[[-68.28197,10.17137],[-68.29874,10.18591],[-68.30565,10.20188],[-68.31086,10.20799]]}},{"type":"Feature","id":"way/217020093","properties":{"name":"Retorno de Planta Centro","highway":"trunk_link"},"geometry":{"type":"LineString","coordinates":[[-68.15431,10.48405],[-68.15471,10.48361]]}},{"type":"Feature","id":"way/217022714","properties":{"name":"Autopista Circunvalaci\u00f3n del Este","highway":"motorway","ref":"T-1"},"geometry":{"type":"LineString","coordinates":[[-68.0059,10.26537],[-68.00598,10.26695]]}},{"type":"Feature","id":"way/223231751","properties":{"name":"Avenida Industrial Michelena","highway":"primary","ref":"T-11;L-6"},"geometry":{"type":"LineString","coordinates":[[-67.95524,10.1533],[-67.95815,10.15668],[-67.96156,10.16394]]}},{"type":"Feature","id":"way/224372042","properties":{"highway":"motorway_link"},"geometry":{"type":"LineString","coordinates":[[-67.80317,10.26071],[-67.80453,10.26003]]}},{"type":"Feature","id":"way/224656849","properties":{"highway":"trunk_link"},"geometry":{"type":"LineString","coordinates":[[-68.10028,10.07801],[-68.09959,10.07866]]}},{"type":"Feature","id":"way/224670811","properties":{"name":"Calle Arvelo","highway":"tertiary","ref":"R-7"},"geometry":{"type":"LineString","coordinates":[[-68.09067,10.09289],[-68.09504,10.09227]]}},{"type":"Feature","id":"way/224671224","properties":{"name":"Calle Sucre","highway":"tertiary","ref":"R-7"},"geometry":{"type":"LineString","coordinates":[[-68.09487,10.0913],[-68.09275,10.09164]]}},{"type":"Feature","id":"way/228589292","properties":{"name":"Eje Rural de Cogollal","highway":"tertiary"},"geometry":{"type":"LineString","coordinates":[[-67.83542,10.08591],[-67.83609,10.08154],[-67.843,10.07622],[-67.84501,10.07575],[-67.84557,10.07312],[-67.8446,10.07192],[-67.84617,10.06886],[-67.84517,10.06211]]}},{"type":"Feature","id":"way/248111386","properties":{"name":"Carretera Regional Valencia - G\u00fcig\u00fce","highway":"primary","ref":"T-11"},"geometry":{"type":"LineString","coordinates":[[-67.83542,10.08591],[-67.82684,10.08539]]}},{"type":"Feature","id":"way/296503911","properties":{"name":"Autopista Valencia - Puerto Cabello","highway":"trunk","ref":"T-1"},"geometry":{"type":"LineString","coordinates":[[-68.03157,10.29387],[-68.03791,10.29677]]}},{"type":"Feature","id":"way/296503912","properties":{"name":"Autopista Valencia - Puerto Cabello","highway":"trunk","ref":"T-1"},"geometry":{"type":"LineString","coordinates":[[-68.02968,10.28861],[-68.02961,10.28827]]}},{"type":"Feature","id":"way/296503913","properties":{"name":"Autopista Valencia - Puerto Cabello","highway":"trunk","ref":"T-1"},"geometry":{"type":"LineString","coordinates":[[-68.02946,10.2883],[-68.02954,10.28871]]}},{"type":"Feature","id":"way/296503915","properties":{"name":"Avenida 102 Universidad","highway":"secondary","ref":"L-1"},"geometry":{"type":"LineString","coordinates":[[-68.01899,10.27961],[-68.01756,10.27231]]}},{"type":"Feature","id":"way/296503920","properties":{"name":"Avenida Valmore Rodr\u00edguez","highway":"tertiary"},"geometry":{"type":"LineString","coordinates":[[-68.01869,10.27968],[-68.02037,10.28978],[-68.02261,10.29272]]}},{"type":"Feature","id":"way/299732889","properties":{"name":"V\u00eda a Vigirima","highway":"tertiary","ref":"L-5"},"geometry":{"type":"LineString","coordinates":[[-67.88112,10.28535],[-67.89026,10.25214]]}},{"type":"Feature","id":"way/304710607","properties":{"highway":"motorway_link"},"geometry":{"type":"LineString","coordinates":[[-67.84189,10.24587],[-67.83968,10.2491]]}},{"type":"Feature","id":"way/310660915","properties":{"name":"Avenida del Sur","highway":"trunk","ref":"T-5"},"geometry":{"type":"LineString","coordinates":[[-67.98831,10.18375],[-67.98763,10.18021]]}},{"type":"Feature","id":"way/311953688","properties":{"name":"Distribuidor San Blas","highway":"motorway","ref":"T-1"},"geometry":{"type":"LineString","coordinates":[[-67.98531,10.18048],[-67.98713,10.18065],[-67.98777,10.18279]]}},{"type":"Feature","id":"way/321337943","properties":{"name":"Distribuidor San Diego","highway":"trunk_link"},"geometry":{"type":"LineString","coordinates":[[-67.96184,10.27679],[-67.96252,10.27807]]}},{"type":"Feature","id":"way/321337949","properties":{"name":"Distribuidor San Diego","highway":"trunk_link"},"geometry":{"type":"LineString","coordinates":[[-67.96192,10.27677],[-67.96184,10.27642]]}},{"type":"Feature","id":"way/321337952","properties":{"name":"Distribuidor San Diego","highway":"trunk_link"},"geometry":{"type":"LineString","coordinates":[[-67.96177,10.27644],[-67.96184,10.27679]]}},{"type":"Feature","id":"way/321337958","properties":{"highway":"primary_link"},"geometry":{"type":"LineString","coordinates":[[-67.96357,10.25368],[-67.96339,10.25331]]}},{"type":"Feature","id":"way/321337960","properties":{"highway":"primary_link"},"geometry":{"type":"LineString","coordinates":[[-67.96314,10.25749],[-67.96338,10.25712]]}},{"type":"Feature","id":"way/321337967","properties":{"highway":"tertiary","ref":"R-1"},"geometry":{"type":"LineString","coordinates":[[-67.96056,10.25895],[-67.96286,10.25918]]}},{"type":"Feature","id":"way/321337971","properties":{"name":"Distribuidor San Diego","highway":"trunk_link"},"geometry":{"type":"LineString","coordinates":[[-67.96184,10.27642],[-67.96171,10.27295]]}},{"type":"Feature","id":"way/360215378","properties":{"name":"Autopista Regional del Centro","highway":"motorway","ref":"T-1"},"geometry":{"type":"LineString","coordinates":[[-67.74466,10.28003],[-67.75211,10.27745]]}},{"type":"Feature","id":"way/360215379","properties":{"name":"Autopista Regional del Centro","highway":"motorway","ref":"T-1"},"geometry":{"type":"LineString","coordinates":[[-67.75211,10.27745],[-67.75418,10.27673]]}},{"type":"Feature","id":"way/360216940","properties":{"name":"Autopista Regional del Centro","highway":"motorway","ref":"T-1"},"geometry":{"type":"LineString","coordinates":[[-67.84366,10.24675],[-67.83693,10.25047]]}},{"type":"Feature","id":"way/360216941","properties":{"name":"Autopista Regional del Centro","highway":"motorway","ref":"T-1"},"geometry":{"type":"LineString","coordinates":[[-67.84906,10.24361],[-67.84366,10.24675]]}},{"type":"Feature","id":"way/360344817","properties":{"name":"Distribuidor Yagua","highway":"motorway_link"},"geometry":{"type":"LineString","coordinates":[[-67.89946,10.22565],[-67.89884,10.22641]]}},{"type":"Feature","id":"way/360344818","properties":{"name":"Distribuidor Yagua","highway":"motorway_link"},"geometry":{"type":"LineString","coordinates":[[-67.89998,10.22501],[-67.89818,10.22534],[-67.89793,10.22677]]}},{"type":"Feature","id":"way/360438593","properties":{"name":"Autopista Regional del Centro","highway":"motorway","ref":"T-1"},"geometry":{"type":"LineString","coordinates":[[-67.88229,10.23279],[-67.88012,10.23325]]}},{"type":"Feature","id":"way/360438760","properties":{"name":"Autopista Regional del Centro","highway":"motorway","ref":"T-1"},"geometry":{"type":"LineString","coordinates":[[-67.88168,10.23315],[-67.88608,10.23224]]}},{"type":"Feature","id":"way/360438761","properties":{"name":"Autopista Regional del Centro","highway":"motorway","ref":"T-1"},"geometry":{"type":"LineString","coordinates":[[-67.87639,10.2343],[-67.87971,10.23355]]}},{"type":"Feature","id":"way/360439102","properties":{"name":"Autopista Regional del Centro","highway":"motorway","ref":"T-1"},"geometry":{"type":"LineString","coordinates":[[-67.89583,10.22833],[-67.90165,10.22416]]}},{"type":"Feature","id":"way/360439103","properties":{"name":"Autopista Regional del Centro","highway":"motorway","ref":"T-1"},"geometry":{"type":"LineString","coordinates":[[-67.89424,10.22889],[-67.89245,10.22978]]}},{"type":"Feature","id":"way/360439104","properties":{"name":"Autopista Regional del Centro","highway":"motorway","ref":"T-1"},"geometry":{"type":"LineString","coordinates":[[-67.90005,10.22553],[-67.89576,10.22812]]}},{"type":"Feature","id":"way/360439421","properties":{"name":"Autopista Regional del Centro","highway":"motorway","ref":"T-1"},"geometry":{"type":"LineString","coordinates":[[-67.94717,10.18847],[-67.9511,10.18706]]}},{"type":"Feature","id":"way/360439495","properties":{"name":"Autopista Regional del Centro","highway":"motorway","ref":"T-1"},"geometry":{"type":"LineString","coordinates":[[-67.95423,10.18637],[-67.94283,10.19042]]}},{"type":"Feature","id":"way/360439496","properties":{"name":"Autopista Regional del Centro","highway":"motorway","ref":"T-1"},"geometry":{"type":"LineString","coordinates":[[-67.95799,10.18577],[-67.95535,10.18619]]}},{"type":"Feature","id":"way/360907376","properties":{"highway":"motorway_link"},"geometry":{"type":"LineString","coordinates":[[-67.96396,10.1848],[-67.96241,10.18439]]}},{"type":"Feature","id":"way/360925393","properties":{"name":"Avenida del Sur","highway":"trunk","ref":"T-5"},"geometry":{"type":"LineString","coordinates":[[-67.98763,10.18021],[-67.98712,10.1762]]}},{"type":"Feature","id":"way/360925394","properties":{"name":"Distribuidor San Blas","highway":"motorway","ref":"T-1"},"geometry":{"type":"LineString","coordinates":[[-67.98935,10.18542],[-67.98791,10.18314]]}},{"type":"Feature","id":"way/360928125","properties":{"name":"Autopista Circunvalaci\u00f3n del Este","highway":"motorway","ref":"T-1"},"geometry":{"type":"LineString","coordinates":[[-67.9962,10.19081],[-68.00057,10.19413]]}},{"type":"Feature","id":"way/360929050","properties":{"highway":"motorway_link"},"geometry":{"type":"LineString","coordinates":[[-68.00393,10.22304],[-68.00441,10.22233]]}},{"type":"Feature","id":"way/360929051","properties":{"name":"Autopista Circunvalaci\u00f3n del Este","highway":"motorway","ref":"T-1"},"geometry":{"type":"LineString","coordinates":[[-68.00154,10.23383],[-68.00408,10.22503],[-68.00296,10.21879]]}},{"type":"Feature","id":"way/360929845","properties":{"highway":"motorway_link"},"geometry":{"type":"LineString","coordinates":[[-67.93415,10.1957],[-67.93541,10.19536]]}},{"type":"Feature","id":"way/360937757","properties":{"name":"Autopista Regional del Centro","highway":"motorway","ref":"T-1"},"geometry":{"type":"LineString","coordinates":[[-67.79122,10.26234],[-67.78829,10.26321],[-67.78011,10.26874],[-67.7738,10.27045]]}},{"type":"Feature","id":"way/360937759","properties":{"name":"Autopista Regional del Centro","highway":"motorway","ref":"T-1"},"geometry":{"type":"LineString","coordinates":[[-67.80249,10.26022],[-67.80223,10.26027]]}},{"type":"Feature","id":"way/360937763","properties":{"name":"Autopista Regional del Centro","highway":"motorway","ref":"T-1"},"geometry":{"type":"LineString","coordinates":[[-67.80225,10.26048],[-67.80253,10.26043]]}},{"type":"Feature","id":"way/360937766","properties":{"name":"Autopista Regional del Centro","highway":"motorway","ref":"T-1"},"geometry":{"type":"LineString","coordinates":[[-67.80253,10.26043],[-67.82358,10.2556],[-67.83294,10.25242]]}},{"type":"Feature","id":"way/360957837","properties":{"name":"Autopista Regional del Centro","highway":"motorway","ref":"T-1"},"geometry":{"type":"LineString","coordinates":[[-67.90281,10.22248],[-67.90166,10.22386]]}},{"type":"Feature","id":"way/360957838","properties":{"name":"Autopista Regional del Centro","highway":"motorway","ref":"T-1"},"geometry":{"type":"LineString","coordinates":[[-67.90117,10.22445],[-67.90005,10.22553]]}},{"type":"Feature","id":"way/360959476","properties":{"name":"Autopista Regional del Centro","highway":"motorway","ref":"T-1"},"geometry":{"type":"LineString","coordinates":[[-67.9511,10.18706],[-67.95524,10.18631]]}},{"type":"Feature","id":"way/360959753","properties":{"name":"Autopista Regional del Centro","highway":"motorway","ref":"T-1"},"geometry":{"type":"LineString","coordinates":[[-67.96612,10.18454],[-67.96914,10.18403]]}},{"type":"Feature","id":"way/360959756","properties":{"name":"Autopista Regional del Centro","highway":"motorway","ref":"T-1"},"geometry":{"type":"LineString","coordinates":[[-67.97308,10.18328],[-67.97012,10.18376]]}},{"type":"Feature","id":"way/360959759","properties":{"name":"Autopista Regional del Centro","highway":"motorway","ref":"T-1"},"geometry":{"type":"LineString","coordinates":[[-67.95546,10.18628],[-67.96612,10.18454]]}},{"type":"Feature","id":"way/360959763","properties":{"name":"Autopista Regional del Centro","highway":"motorway","ref":"T-1"},"geometry":{"type":"LineString","coordinates":[[-67.97957,10.18217],[-67.97811,10.18245]]}},{"type":"Feature","id":"way/360959766","properties":{"highway":"motorway_link"},"geometry":{"type":"LineString","coordinates":[[-67.95639,10.18536],[-67.95535,10.18619]]}},{"type":"Feature","id":"way/360959768","properties":{"highway":"motorway_link"},"geometry":{"type":"LineString","coordinates":[[-67.95532,10.18554],[-67.95616,10.18595]]}},{"type":"Feature","id":"way/360967777","properties":{"name":"Autopista Regional del Centro","highway":"motorway","ref":"T-1"},"geometry":{"type":"LineString","coordinates":[[-67.98175,10.18152],[-67.97957,10.18217]]}},{"type":"Feature","id":"way/360967778","properties":{"name":"Distribuidor San Blas","highway":"motorway","ref":"T-1"},"geometry":{"type":"LineString","coordinates":[[-67.98297,10.18116],[-67.98531,10.18048]]}},{"type":"Feature","id":"way/360968312","properties":{"name":"Autopista Regional del Centro","highway":"motorway","ref":"T-1"},"geometry":{"type":"LineString","coordinates":[[-67.97807,10.18257],[-67.98112,10.18188]]}},{"type":"Feature","id":"way/361039257","properties":{"highway":"primary_link"},"geometry":{"type":"LineString","coordinates":[[-67.88836,10.21987],[-67.88853,10.21944]]}},{"type":"Feature","id":"way/361039258","properties":{"highway":"primary_link"},"geometry":{"type":"LineString","coordinates":[[-67.88778,10.21998],[-67.88823,10.22007]]}},{"type":"Feature","id":"way/361046214","properties":{"highway":"motorway_link"},"geometry":{"type":"LineString","coordinates":[[-68.00164,10.24337],[-68.0022,10.24511]]}},{"type":"Feature","id":"way/361069269","properties":{"name":"Autopista B\u00e1rbula - Guacara","highway":"trunk","ref":"L-1"},"geometry":{"type":"LineString","coordinates":[[-67.91211,10.24848],[-67.90496,10.24145],[-67.90275,10.23461],[-67.89984,10.23119]]}},{"type":"Feature","id":"way/361070957","properties":{"name":"Autopista B\u00e1rbula - Guacara","highway":"trunk","ref":"L-1"},"geometry":{"type":"LineString","coordinates":[[-68.00773,10.26793],[-67.99927,10.26903],[-67.99374,10.27116],[-67.98331,10.27149],[-67.96386,10.27607]]}},{"type":"Feature","id":"way/361070958","properties":{"name":"Autopista Valencia - Puerto Cabello","highway":"trunk","ref":"T-1"},"geometry":{"type":"LineString","coordinates":[[-68.0174,10.2729],[-68.01278,10.26875],[-68.00973,10.26776]]}},{"type":"Feature","id":"way/361070959","properties":{"name":"Autopista Valencia - Puerto Cabello","highway":"trunk","ref":"T-1"},"geometry":{"type":"LineString","coordinates":[[-68.00946,10.26776],[-68.00773,10.26793]]}},{"type":"Feature","id":"way/361070960","properties":{"name":"Retorno de Bosqueserino","highway":"trunk_link"},"geometry":{"type":"LineString","coordinates":[[-67.98432,10.27185],[-67.98502,10.27124]]}},{"type":"Feature","id":"way/361071769","properties":{"name":"Autopista Valencia - Puerto Cabello","highway":"trunk","ref":"T-1"},"geometry":{"type":"LineString","coordinates":[[-68.02188,10.27708],[-68.01795,10.2734]]}},{"type":"Feature","id":"way/361071773","properties":{"name":"Autopista Valencia - Puerto Cabello","highway":"trunk","ref":"T-1"},"geometry":{"type":"LineString","coordinates":[[-68.03955,10.29717],[-68.03832,10.29677]]}},{"type":"Feature","id":"way/361072508","properties":{"name":"Carretera Vieja Valencia - Puerto Cabello","highway":"secondary","ref":"L-1"},"geometry":{"type":"LineString","coordinates":[[-68.09164,10.30629],[-68.09264,10.30886],[-68.08956,10.31762],[-68.09558,10.32209],[-68.09509,10.32446],[-68.09771,10.325],[-68.09831,10.32896],[-68.10132,10.33044],[-68.10458,10.33506],[-68.10395,10.33742],[-68.1049,10.33929],[-68.1039,10.34227],[-68.10508,10.34331],[-68.10164,10.34683],[-68.09872,10.34792],[-68.09977,10.35034]]}},{"type":"Feature","id":"way/361072519","properties":{"name":"Autopista Valencia - Puerto Cabello","highway":"trunk","ref":"T-1"},"geometry":{"type":"LineString","coordinates":[[-68.11372,10.44095],[-68.11306,10.43903]]}},{"type":"Feature","id":"way/361072520","properties":{"name":"Carretera Vieja Valencia - Puerto Cabello","highway":"secondary","ref":"L-1"},"geometry":{"type":"LineString","coordinates":[[-68.06663,10.30114],[-68.06986,10.30223],[-68.07519,10.3023],[-68.07784,10.30442],[-68.07889,10.30316],[-68.0784,10.30504],[-68.07935,10.30595],[-68.09164,10.30629]]}},{"type":"Feature","id":"way/361073047","properties":{"name":"Avenida Circunvalaci\u00f3n del Mar","highway":"primary","ref":"T-1"},"geometry":{"type":"LineString","coordinates":[[-68.10704,10.47968],[-68.10997,10.47743]]}},{"type":"Feature","id":"way/361089439","properties":{"name":"Distribuidor La Cumaca","highway":"trunk_link"},"geometry":{"type":"LineString","coordinates":[[-67.94521,10.28088],[-67.94745,10.28004]]}},{"type":"Feature","id":"way/361089440","properties":{"name":"Distribuidor La Cumaca","highway":"trunk_link"},"geometry":{"type":"LineString","coordinates":[[-67.94276,10.28099],[-67.94521,10.28088]]}},{"type":"Feature","id":"way/361089441","properties":{"name":"Carretera Yagua - La Cumaca","highway":"tertiary"},"geometry":{"type":"LineString","coordinates":[[-67.94548,10.27975],[-67.94307,10.2804],[-67.93876,10.27966],[-67.93133,10.28164],[-67.92322,10.27978],[-67.92097,10.27889],[-67.9179,10.274],[-67.91298,10.27138]]}},{"type":"Feature","id":"way/361090334","properties":{"name":"Autopista Circunvalaci\u00f3n del Este","highway":"motorway","ref":"T-1"},"geometry":{"type":"LineString","coordinates":[[-68.00606,10.26633],[-68.006,10.26534]]}},{"type":"Feature","id":"way/361090335","properties":{"name":"Distribuidor B\u00e1rbula","highway":"motorway_link"},"geometry":{"type":"LineString","coordinates":[[-68.00598,10.26695],[-68.006,10.26771]]}},{"type":"Feature","id":"way/361091195","properties":{"name":"Avenida Principal de El Palito","highway":"trunk","ref":"T-1"},"geometry":{"type":"LineString","coordinates":[[-68.10997,10.47743],[-68.11023,10.47723]]}},{"type":"Feature","id":"way/361091371","properties":{"name":"Autopista Valencia - Puerto Cabello","highway":"trunk","ref":"T-1"},"geometry":{"type":"LineString","coordinates":[[-68.11109,10.46611],[-68.11273,10.46482],[-68.11596,10.45003],[-68.1138,10.44116]]}},{"type":"Feature","id":"way/361091372","properties":{"name":"Avenida Principal de El Palito","highway":"trunk","ref":"T-1"},"geometry":{"type":"LineString","coordinates":[[-68.11068,10.46966],[-68.11161,10.47502],[-68.11017,10.47714]]}},{"type":"Feature","id":"way/361092336","properties":{"name":"Autopista Sorpesa-Muelles","highway":"primary","ref":"T-3"},"geometry":{"type":"LineString","coordinates":[[-68.02549,10.46711],[-68.02125,10.46687],[-68.01022,10.46289],[-68.00579,10.46417]]}},{"type":"Feature","id":"way/361092346","properties":{"name":"Autopista Sorpesa-Muelles","highway":"primary","ref":"T-3"},"geometry":{"type":"LineString","coordinates":[[-68.00675,10.46388],[-68.01029,10.46301],[-68.02124,10.46698],[-68.0255,10.46722]]}},{"type":"Feature","id":"way/361092347","properties":{"name":"Autopista Sorpesa-Muelles","highway":"primary","ref":"T-3"},"geometry":{"type":"LineString","coordinates":[[-68.02583,10.46727],[-68.03951,10.46812]]}},{"type":"Feature","id":"way/361092905","properties":{"name":"Autopista Sorpesa-Muelles","highway":"primary","ref":"T-3"},"geometry":{"type":"LineString","coordinates":[[-68.04149,10.46935],[-68.04364,10.47169]]}},{"type":"Feature","id":"way/361575339","properties":{"name":"Avenida Principal de El Palito","highway":"trunk","ref":"T-1;T-3"},"geometry":{"type":"LineString","coordinates":[[-68.11005,10.47893],[-68.11075,10.47895]]}},{"type":"Feature","id":"way/361578135","properties":{"name":"Autopista Valencia - Puerto Cabello","highway":"trunk","ref":"T-1"},"geometry":{"type":"LineString","coordinates":[[-68.11286,10.43847],[-68.11086,10.43216],[-68.11094,10.42599],[-68.10793,10.41801],[-68.10916,10.41068],[-68.10097,10.39552],[-68.10093,10.38791],[-68.0982,10.37999],[-68.09813,10.37497],[-68.09421,10.36863],[-68.09476,10.36418],[-68.09359,10.35886],[-68.09804,10.35251],[-68.09775,10.34741],[-68.10237,10.34414],[-68.10377,10.33518],[-68.09766,10.32915],[-68.09467,10.32472],[-68.09388,10.32146],[-68.08927,10.31821],[-68.09218,10.30864],[-68.09153,10.30647]]}},{"type":"Feature","id":"way/361580178","properties":{"name":"Distribuidor Girardot","highway":"trunk_link"},"geometry":{"type":"LineString","coordinates":[[-68.02918,10.28688],[-68.02911,10.28855]]}},{"type":"Feature","id":"way/361581400","properties":{"name":"Distribuidor Girardot","highway":"trunk_link"},"geometry":{"type":"LineString","coordinates":[[-68.0301,10.2908],[-68.03044,10.28965]]}},{"type":"Feature","id":"way/361581401","properties":{"name":"Autopista Valencia - Puerto Cabello","highway":"trunk","ref":"T-1"},"geometry":{"type":"LineString","coordinates":[[-68.03096,10.2929],[-68.02968,10.28861]]}},{"type":"Feature","id":"way/361581402","properties":{"name":"Distribuidor Girardot","highway":"trunk_link"},"geometry":{"type":"LineString","coordinates":[[-68.03046,10.28951],[-68.02976,10.28902]]}},{"type":"Feature","id":"way/361581403","properties":{"name":"Carretera Vieja Valencia - Puerto Cabello","highway":"secondary","ref":"L-1"},"geometry":{"type":"LineString","coordinates":[[-68.03055,10.28887],[-68.03062,10.29104],[-68.03486,10.29461],[-68.0531,10.30032],[-68.05985,10.30112],[-68.06254,10.30101],[-68.06391,10.29962],[-68.06385,10.29775],[-68.06528,10.29883],[-68.06596,10.29838],[-68.06659,10.30079]]}},{"type":"Feature","id":"way/361585140","properties":{"name":"Autopista Valencia - Puerto Cabello","highway":"trunk","ref":"T-1"},"geometry":{"type":"LineString","coordinates":[[-68.09144,10.30652],[-68.09211,10.3086],[-68.08981,10.31405],[-68.08917,10.31824],[-68.0938,10.32152],[-68.09457,10.32476],[-68.09758,10.32921],[-68.10366,10.33518],[-68.1024,10.34385],[-68.09768,10.34737],[-68.09795,10.35247],[-68.0935,10.35883],[-68.09466,10.36419],[-68.09407,10.36829],[-68.09803,10.37499],[-68.0981,10.38],[-68.10083,10.38792],[-68.10087,10.39555],[-68.10906,10.4107],[-68.10783,10.41802],[-68.11084,10.42601],[-68.11076,10.43217],[-68.11278,10.43851]]}},{"type":"Feature","id":"way/361585144","properties":{"name":"Distribuidor Las Trincheras","highway":"trunk_link"},"geometry":{"type":"LineString","coordinates":[[-68.09008,10.30477],[-68.08677,10.305]]}},{"type":"Feature","id":"way/361585145","properties":{"name":"Distribuidor Las Trincheras","highway":"trunk_link"},"geometry":{"type":"LineString","coordinates":[[-68.09135,10.30627],[-68.09008,10.30477]]}},{"type":"Feature","id":"way/361585146","properties":{"name":"Autopista Valencia - Puerto Cabello","highway":"trunk","ref":"T-1"},"geometry":{"type":"LineString","coordinates":[[-68.08939,10.3054],[-68.07857,10.30208],[-68.06653,10.30089],[-68.06052,10.30215],[-68.0444,10.29871]]}},{"type":"Feature","id":"way/361585572","properties":{"name":"Distribuidor Las Trincheras","highway":"trunk_link"},"geometry":{"type":"LineString","coordinates":[[-68.0894,10.30597],[-68.09129,10.30642]]}},{"type":"Feature","id":"way/361611956","properties":{"name":"Avenida Circunvalaci\u00f3n del Mar","highway":"primary","ref":"T-3"},"geometry":{"type":"LineString","coordinates":[[-68.05296,10.47436],[-68.09364,10.47774],[-68.10325,10.48054],[-68.10704,10.47968]]}},{"type":"Feature","id":"way/361623462","properties":{"name":"Via Mor\u00f3n-El Palito","highway":"trunk","ref":"T-1;T-3"},"geometry":{"type":"LineString","coordinates":[[-68.17692,10.48835],[-68.17017,10.48472],[-68.16181,10.48485]]}},{"type":"Feature","id":"way/361623463","properties":{"name":"Avenida Principal de Palma Sola","highway":"trunk","ref":"T-1;T-3"},"geometry":{"type":"LineString","coordinates":[[-68.17314,10.48634],[-68.17912,10.49007],[-68.18341,10.49801],[-68.18686,10.50007]]}},{"type":"Feature","id":"way/361623464","properties":{"name":"Carretera Nacional Mor\u00f3n - Tucacas","highway":"trunk","ref":"T-3"},"geometry":{"type":"LineString","coordinates":[[-68.18845,10.50566],[-68.19005,10.50418]]}},{"type":"Feature","id":"way/361623465","properties":{"name":"Distribuidor CAVIM","highway":"trunk_link"},"geometry":{"type":"LineString","coordinates":[[-68.17862,10.48988],[-68.17669,10.48943],[-68.17669,10.48875],[-68.17777,10.48899]]}},{"type":"Feature","id":"way/361623466","properties":{"name":"Distribuidor CAVIM","highway":"trunk_link"},"geometry":{"type":"LineString","coordinates":[[-68.17928,10.4898],[-68.17862,10.48988]]}},{"type":"Feature","id":"way/361639031","properties":{"name":"Autopista Circunvalaci\u00f3n del Este","highway":"motorway","ref":"T-1"},"geometry":{"type":"LineString","coordinates":[[-67.99473,10.18969],[-67.99578,10.19051]]}},{"type":"Feature","id":"way/361639491","properties":{"name":"Autopista Circunvalaci\u00f3n del Este","highway":"motorway","ref":"T-1"},"geometry":{"type":"LineString","coordinates":[[-67.99729,10.19141],[-67.99627,10.1907]]}},{"type":"Feature","id":"way/361639492","properties":{"name":"Autopista Circunvalaci\u00f3n del Este","highway":"motorway","ref":"T-1"},"geometry":{"type":"LineString","coordinates":[[-67.99952,10.19315],[-67.99729,10.19141]]}},{"type":"Feature","id":"way/361641156","properties":{"name":"Autopista Circunvalaci\u00f3n del Este","highway":"motorway","ref":"T-1"},"geometry":{"type":"LineString","coordinates":[[-68.00057,10.19413],[-68.00146,10.19707]]}},{"type":"Feature","id":"way/361641157","properties":{"name":"Autopista Circunvalaci\u00f3n del Este","highway":"motorway","ref":"T-1"},"geometry":{"type":"LineString","coordinates":[[-68.00157,10.19836],[-68.00139,10.19499],[-67.99952,10.19315]]}},{"type":"Feature","id":"way/361641158","properties":{"name":"Autopista Circunvalaci\u00f3n del Este","highway":"motorway","ref":"T-1"},"geometry":{"type":"LineString","coordinates":[[-68.00146,10.19901],[-68.0014,10.20588]]}},{"type":"Feature","id":"way/361641159","properties":{"name":"Autopista Circunvalaci\u00f3n del Este","highway":"motorway","ref":"T-1"},"geometry":{"type":"LineString","coordinates":[[-68.00155,10.20002],[-68.00157,10.19836]]}},{"type":"Feature","id":"way/361641160","properties":{"name":"Autopista Circunvalaci\u00f3n del Este","highway":"motorway","ref":"T-1"},"geometry":{"type":"LineString","coordinates":[[-68.00146,10.19707],[-68.00146,10.19901]]}},{"type":"Feature","id":"way/361641161","properties":{"name":"Autopista Circunvalaci\u00f3n del Este","highway":"motorway","ref":"T-1"},"geometry":{"type":"LineString","coordinates":[[-68.00152,10.20372],[-68.00155,10.20002]]}},{"type":"Feature","id":"way/361641162","properties":{"name":"Avenida Rojas Queipo","highway":"tertiary"},"geometry":{"type":"LineString","coordinates":[[-68.00126,10.1986],[-68.00077,10.19858]]}},{"type":"Feature","id":"way/361642106","properties":{"name":"Autopista Circunvalaci\u00f3n del Este","highway":"motorway","ref":"T-1"},"geometry":{"type":"LineString","coordinates":[[-68.00175,10.21358],[-68.00248,10.21703]]}},{"type":"Feature","id":"way/361642107","properties":{"name":"Autopista Circunvalaci\u00f3n del Este","highway":"motorway","ref":"T-1"},"geometry":{"type":"LineString","coordinates":[[-68.00225,10.21541],[-68.00159,10.21208]]}},{"type":"Feature","id":"way/361642108","properties":{"name":"Autopista Circunvalaci\u00f3n del Este","highway":"motorway","ref":"T-1"},"geometry":{"type":"LineString","coordinates":[[-68.00136,10.21017],[-68.00175,10.21358]]}},{"type":"Feature","id":"way/361642109","properties":{"name":"Autopista Circunvalaci\u00f3n del Este","highway":"motorway","ref":"T-1"},"geometry":{"type":"LineString","coordinates":[[-68.00159,10.21208],[-68.00152,10.20372]]}},{"type":"Feature","id":"way/361642252","properties":{"name":"Autopista Circunvalaci\u00f3n del Este","highway":"motorway","ref":"T-1"},"geometry":{"type":"LineString","coordinates":[[-68.00296,10.21879],[-68.00225,10.21541]]}},{"type":"Feature","id":"way/361642256","properties":{"name":"Autopista Circunvalaci\u00f3n del Este","highway":"motorway","ref":"T-1"},"geometry":{"type":"LineString","coordinates":[[-68.0014,10.20588],[-68.00136,10.21017]]}},{"type":"Feature","id":"way/361651518","properties":{"name":"Autopista Circunvalaci\u00f3n del Este","highway":"motorway","ref":"T-1"},"geometry":{"type":"LineString","coordinates":[[-68.00331,10.22103],[-68.00394,10.22523],[-68.00205,10.2317]]}},{"type":"Feature","id":"way/361651519","properties":{"name":"Autopista Circunvalaci\u00f3n del Este","highway":"motorway","ref":"T-1"},"geometry":{"type":"LineString","coordinates":[[-68.00205,10.2317],[-68.00142,10.23383]]}},{"type":"Feature","id":"way/361651520","properties":{"name":"Autopista Circunvalaci\u00f3n del Este","highway":"motorway","ref":"T-1"},"geometry":{"type":"LineString","coordinates":[[-68.00248,10.21703],[-68.00331,10.22103]]}},{"type":"Feature","id":"way/361651521","properties":{"name":"Autopista Circunvalaci\u00f3n del Este","highway":"motorway","ref":"T-1"},"geometry":{"type":"LineString","coordinates":[[-68.00129,10.23687],[-68.00146,10.23417]]}},{"type":"Feature","id":"way/361651522","properties":{"name":"Autopista Circunvalaci\u00f3n del Este","highway":"motorway","ref":"T-1"},"geometry":{"type":"LineString","coordinates":[[-68.00168,10.24024],[-68.00129,10.23687]]}},{"type":"Feature","id":"way/361821579","properties":{"name":"Autopista Circunvalaci\u00f3n del Este","highway":"motorway","ref":"T-1"},"geometry":{"type":"LineString","coordinates":[[-68.00303,10.24906],[-68.00403,10.25235]]}},{"type":"Feature","id":"way/361821580","properties":{"name":"Autopista Circunvalaci\u00f3n del Este","highway":"motorway","ref":"T-1"},"geometry":{"type":"LineString","coordinates":[[-68.00403,10.25235],[-68.00481,10.255]]}},{"type":"Feature","id":"way/361821581","properties":{"name":"Autopista Circunvalaci\u00f3n del Este","highway":"motorway","ref":"T-1"},"geometry":{"type":"LineString","coordinates":[[-68.00584,10.2622],[-68.00568,10.25826]]}},{"type":"Feature","id":"way/361821582","properties":{"name":"Autopista Circunvalaci\u00f3n del Este","highway":"motorway","ref":"T-1"},"geometry":{"type":"LineString","coordinates":[[-68.00568,10.25826],[-68.00515,10.25575]]}},{"type":"Feature","id":"way/361948987","properties":{"name":"Autopista Valencia - Puerto Cabello","highway":"trunk","ref":"T-1"},"geometry":{"type":"LineString","coordinates":[[-68.04401,10.29869],[-68.06052,10.30226],[-68.06654,10.301],[-68.07856,10.30218],[-68.08937,10.30551]]}},{"type":"Feature","id":"way/362088047","properties":{"highway":"primary","ref":"L-1"},"geometry":{"type":"LineString","coordinates":[[-67.8817,10.22588],[-67.88133,10.22564]]}},{"type":"Feature","id":"way/363050942","properties":{"name":"Autopista Valencia - Puerto Cabello","highway":"trunk","ref":"T-1"},"geometry":{"type":"LineString","coordinates":[[-68.02225,10.27759],[-68.02792,10.2831],[-68.02946,10.2883]]}},{"type":"Feature","id":"way/363050943","properties":{"name":"Autopista Valencia - Puerto Cabello","highway":"trunk","ref":"T-1"},"geometry":{"type":"LineString","coordinates":[[-68.03794,10.29665],[-68.0317,10.29379]]}},{"type":"Feature","id":"way/363054067","properties":{"name":"Avenida Principal de El Palito","highway":"trunk","ref":"T-1"},"geometry":{"type":"LineString","coordinates":[[-68.11088,10.46903],[-68.11109,10.46611]]}},{"type":"Feature","id":"way/363158320","properties":{"name":"V\u00eda El Toco","highway":"secondary"},"geometry":{"type":"LineString","coordinates":[[-67.90298,10.25061],[-67.90192,10.25095]]}},{"type":"Feature","id":"way/364587021","properties":{"name":"Via Mor\u00f3n-El Palito","highway":"trunk","ref":"T-1;T-3"},"geometry":{"type":"LineString","coordinates":[[-68.14337,10.48021],[-68.15171,10.48291]]}},{"type":"Feature","id":"way/364587029","properties":{"name":"Via Mor\u00f3n-El Palito","highway":"trunk","ref":"T-1;T-3"},"geometry":{"type":"LineString","coordinates":[[-68.12863,10.48041],[-68.11965,10.47938]]}},{"type":"Feature","id":"way/364588322","properties":{"name":"Avenida Principal de Mor\u00f3n","highway":"primary","ref":"T-1"},"geometry":{"type":"LineString","coordinates":[[-68.19586,10.48944],[-68.19295,10.4883],[-68.18201,10.48941]]}},{"type":"Feature","id":"way/364588454","properties":{"name":"Carretera Nacional Mor\u00f3n - Tucacas","highway":"trunk","ref":"T-3"},"geometry":{"type":"LineString","coordinates":[[-68.20762,10.53728],[-68.20193,10.53312],[-68.19464,10.52255],[-68.1874,10.51729],[-68.18643,10.50943],[-68.18794,10.50639]]}},{"type":"Feature","id":"way/365010519","properties":{"name":"Distribuidor Refiner\u00eda","highway":"trunk_link"},"geometry":{"type":"LineString","coordinates":[[-68.12837,10.48147],[-68.13257,10.48052]]}},{"type":"Feature","id":"way/365023417","properties":{"name":"Via Mor\u00f3n-El Palito","highway":"trunk","ref":"T-1;T-3"},"geometry":{"type":"LineString","coordinates":[[-68.1519,10.4824],[-68.14656,10.48024],[-68.14337,10.48012]]}},{"type":"Feature","id":"way/365024096","properties":{"name":"Avenida Circunvalaci\u00f3n del Mar","highway":"primary","ref":"T-3"},"geometry":{"type":"LineString","coordinates":[[-68.10534,10.48004],[-68.10297,10.48036],[-68.0939,10.47765],[-68.05153,10.47411]]}},{"type":"Feature","id":"way/365158148","properties":{"name":"Avenida del Puerto","highway":"primary","ref":"R-2"},"geometry":{"type":"LineString","coordinates":[[-68.00209,10.46476],[-67.9939,10.46763],[-67.99178,10.46745],[-67.99077,10.46562]]}},{"type":"Feature","id":"way/368637574","properties":{"name":"Autopista Sorpesa-Muelles","highway":"primary","ref":"T-3"},"geometry":{"type":"LineString","coordinates":[[-68.04012,10.46829],[-68.04037,10.46839]]}},{"type":"Feature","id":"way/368637576","properties":{"name":"Autopista Sorpesa-Muelles","highway":"primary","ref":"T-3"},"geometry":{"type":"LineString","coordinates":[[-68.04017,10.46818],[-68.03952,10.46801]]}},{"type":"Feature","id":"way/368637578","properties":{"name":"Autopista Sorpesa-Muelles","highway":"primary","ref":"T-3"},"geometry":{"type":"LineString","coordinates":[[-68.03951,10.46812],[-68.04012,10.46829]]}},{"type":"Feature","id":"way/368637581","properties":{"name":"Autopista Sorpesa-Muelles","highway":"primary","ref":"T-3"},"geometry":{"type":"LineString","coordinates":[[-68.03952,10.46801],[-68.02582,10.46716]]}},{"type":"Feature","id":"way/369126394","properties":{"name":"Carretera Vieja Valencia - Puerto Cabello","highway":"secondary","ref":"L-1"},"geometry":{"type":"LineString","coordinates":[[-68.06659,10.30079],[-68.06663,10.30114]]}},{"type":"Feature","id":"way/370655684","properties":{"name":"Autopista Centro Occidental","highway":"trunk","ref":"T-1"},"geometry":{"type":"LineString","coordinates":[[-68.26381,10.46968],[-68.2512,10.47133],[-68.23031,10.47846],[-68.22616,10.48182],[-68.21843,10.48583],[-68.19882,10.50075],[-68.19491,10.5016]]}},{"type":"Feature","id":"way/370791057","properties":{"name":"Autopista Valencia - Puerto Cabello","highway":"trunk","ref":"T-1"},"geometry":{"type":"LineString","coordinates":[[-68.03832,10.29677],[-68.03794,10.29665]]}},{"type":"Feature","id":"way/370791061","properties":{"name":"Autopista Valencia - Puerto Cabello","highway":"trunk","ref":"T-1"},"geometry":{"type":"LineString","coordinates":[[-68.03791,10.29677],[-68.03826,10.29688]]}},{"type":"Feature","id":"way/370791065","properties":{"name":"Autopista Valencia - Puerto Cabello","highway":"trunk","ref":"T-1"},"geometry":{"type":"LineString","coordinates":[[-68.03826,10.29688],[-68.03935,10.29719]]}},{"type":"Feature","id":"way/370791076","properties":{"name":"Avenida Principal","highway":"secondary","ref":"L-1"},"geometry":{"type":"LineString","coordinates":[[-68.01899,10.27961],[-68.02759,10.28814],[-68.03055,10.28887]]}},{"type":"Feature","id":"way/370791093","properties":{"name":"Calle Valmore Rodr\u00edguez","highway":"tertiary"},"geometry":{"type":"LineString","coordinates":[[-68.01858,10.27878],[-68.01869,10.27968]]}},{"type":"Feature","id":"way/370791114","properties":{"highway":"tertiary"},"geometry":{"type":"LineString","coordinates":[[-68.0383,10.29574],[-68.03654,10.29889],[-68.02266,10.29456]]}},{"type":"Feature","id":"way/370791122","properties":{"highway":"tertiary"},"geometry":{"type":"LineString","coordinates":[[-68.02217,10.29418],[-68.02266,10.29456]]}},{"type":"Feature","id":"way/370791123","properties":{"highway":"tertiary"},"geometry":{"type":"LineString","coordinates":[[-68.02266,10.29456],[-68.0222,10.29411]]}},{"type":"Feature","id":"way/370930734","properties":{"name":"Avenida Jeferson","highway":"tertiary"},"geometry":{"type":"LineString","coordinates":[[-68.01812,10.12371],[-68.02083,10.12364]]}},{"type":"Feature","id":"way/370934758","properties":{"name":"Avenida Cede\u00f1o","highway":"secondary","ref":"L-1"},"geometry":{"type":"LineString","coordinates":[[-67.99671,10.18974],[-67.99542,10.19144]]}},{"type":"Feature","id":"way/370934761","properties":{"name":"Avenida 105 Cede\u00f1o","highway":"secondary","ref":"L-1"},"geometry":{"type":"LineString","coordinates":[[-67.99585,10.19096],[-67.99862,10.188]]}},{"type":"Feature","id":"way/370934764","properties":{"name":"Paseo Cuatricentenario","highway":"tertiary","ref":"R-22"},"geometry":{"type":"LineString","coordinates":[[-68.01038,10.19373],[-68.01056,10.1938]]}},{"type":"Feature","id":"way/370942660","properties":{"highway":"tertiary"},"geometry":{"type":"LineString","coordinates":[[-68.02341,10.21322],[-68.02053,10.21155],[-68.01612,10.21062]]}},{"type":"Feature","id":"way/370954335","properties":{"name":"Avenida 181 Valencia","highway":"tertiary"},"geometry":{"type":"LineString","coordinates":[[-68.00449,10.25541],[-68.00933,10.25332]]}},{"type":"Feature","id":"way/370954336","properties":{"name":"Avenida 181 Valencia","highway":"tertiary"},"geometry":{"type":"LineString","coordinates":[[-68.00926,10.25325],[-68.00446,10.25529]]}},{"type":"Feature","id":"way/370954339","properties":{"name":"Avenida Arturo Michelena","highway":"tertiary"},"geometry":{"type":"LineString","coordinates":[[-67.99705,10.21338],[-67.99821,10.22178],[-67.99778,10.23337]]}},{"type":"Feature","id":"way/370954340","properties":{"name":"Avenida Arturo Michelena","highway":"tertiary"},"geometry":{"type":"LineString","coordinates":[[-67.9979,10.23337],[-67.99831,10.22177],[-67.99705,10.21338]]}},{"type":"Feature","id":"way/370954341","properties":{"name":"Avenida El Trigal","highway":"tertiary"},"geometry":{"type":"LineString","coordinates":[[-67.99704,10.21358],[-68.00058,10.21303]]}},{"type":"Feature","id":"way/370969985","properties":{"name":"Avenida 109 Ar\u00e1nzazu","highway":"tertiary"},"geometry":{"type":"LineString","coordinates":[[-68.01831,10.13036],[-68.01806,10.12005]]}},{"type":"Feature","id":"way/370969997","properties":{"name":"Avenida Jeferson","highway":"tertiary"},"geometry":{"type":"LineString","coordinates":[[-68.02277,10.12298],[-68.02755,10.12096]]}},{"type":"Feature","id":"way/370970028","properties":{"name":"Avenida Jeferson","highway":"tertiary"},"geometry":{"type":"LineString","coordinates":[[-68.02279,10.12289],[-68.02082,10.12357]]}},{"type":"Feature","id":"way/370972822","properties":{"name":"Carretera Los Guayos-Guigue","highway":"secondary","ref":"R-9"},"geometry":{"type":"LineString","coordinates":[[-67.92512,10.1743],[-67.92009,10.17002]]}},{"type":"Feature","id":"way/370972823","properties":{"name":"Carretera Nacional Valencia - Guacara","highway":"primary","ref":"L-1"},"geometry":{"type":"LineString","coordinates":[[-67.88806,10.21965],[-67.88251,10.22376]]}},{"type":"Feature","id":"way/370972825","properties":{"name":"Avenida Francisco de Miranda","highway":"primary"},"geometry":{"type":"LineString","coordinates":[[-67.88823,10.22007],[-67.8916,10.2286]]}},{"type":"Feature","id":"way/370972827","properties":{"highway":"primary_link"},"geometry":{"type":"LineString","coordinates":[[-67.96307,10.20298],[-67.96311,10.20325]]}},{"type":"Feature","id":"way/370972830","properties":{"name":"Carretera Nacional Valencia - Guacara","highway":"primary","ref":"L-1"},"geometry":{"type":"LineString","coordinates":[[-67.88812,10.21976],[-67.88825,10.21965]]}},{"type":"Feature","id":"way/370972832","properties":{"name":"Avenida Arterial II","highway":"tertiary"},"geometry":{"type":"LineString","coordinates":[[-67.95082,10.18942],[-67.9513,10.19563],[-67.95258,10.19899]]}},{"type":"Feature","id":"way/374438513","properties":{"name":"Avenida Industrial Michelena","highway":"primary","ref":"T-11;L-6"},"geometry":{"type":"LineString","coordinates":[[-67.93456,10.14],[-67.93019,10.13742]]}},{"type":"Feature","id":"way/374439665","properties":{"name":"Carretera Nacional Villa de Cura - G\u00fcig\u00fce","highway":"primary","ref":"T-11"},"geometry":{"type":"LineString","coordinates":[[-67.77621,10.0839],[-67.76919,10.08357],[-67.76541,10.0807],[-67.76073,10.08008],[-67.75002,10.08442],[-67.74196,10.08501],[-67.73988,10.08716],[-67.72903,10.09309],[-67.71936,10.09285],[-67.71217,10.0984],[-67.70861,10.09958],[-67.70817,10.10234],[-67.70582,10.10291],[-67.70111,10.10167],[-67.69897,10.10202],[-67.69511,10.1004],[-67.6932,10.10121],[-67.69266,10.10083],[-67.69374,10.1006],[-67.69251,10.10044],[-67.6909,10.10268],[-67.68636,10.10384],[-67.68004,10.10877],[-67.67783,10.10737],[-67.67399,10.10759],[-67.67284,10.10636],[-67.66809,10.10736],[-67.66302,10.10417],[-67.65349,10.10159],[-67.64751,10.10154]]}},{"type":"Feature","id":"way/374694581","properties":{"name":"Autopista Regional del Centro","highway":"motorway","ref":"T-1"},"geometry":{"type":"LineString","coordinates":[[-67.7926,10.26226],[-67.80225,10.26048]]}},{"type":"Feature","id":"way/375582873","properties":{"name":"Carretera Nacional Tinaquillo - Campo Carabobo","highway":"trunk","ref":"T-5"},"geometry":{"type":"LineString","coordinates":[[-68.17174,10.0018],[-68.18676,9.99593],[-68.18799,9.99214],[-68.19797,9.98155],[-68.20596,9.9782],[-68.20603,9.97493],[-68.20985,9.9684],[-68.21649,9.96478]]}},{"type":"Feature","id":"way/375587635","properties":{"name":"Carretera Nacional Tinaquillo - Campo Carabobo","highway":"trunk","ref":"T-5"},"geometry":{"type":"LineString","coordinates":[[-68.17174,10.0018],[-68.1662,10.00217]]}},{"type":"Feature","id":"way/375632452","properties":{"name":"Distribuidor San Blas","highway":"tertiary","ref":"T-5;L-1"},"geometry":{"type":"LineString","coordinates":[[-67.98345,10.18116],[-67.98602,10.18055]]}},{"type":"Feature","id":"way/375742786","properties":{"name":"Distribuidor Ma\u00f1ongo","highway":"motorway_link"},"geometry":{"type":"LineString","coordinates":[[-68.00187,10.23396],[-68.00187,10.23366]]}},{"type":"Feature","id":"way/375742787","properties":{"name":"Distribuidor Ma\u00f1ongo","highway":"motorway_link"},"geometry":{"type":"LineString","coordinates":[[-68.00109,10.23367],[-68.00105,10.23394]]}},{"type":"Feature","id":"way/375742788","properties":{"name":"Distribuidor Ma\u00f1ongo","highway":"motorway_link"},"geometry":{"type":"LineString","coordinates":[[-68.00182,10.23425],[-68.00209,10.23412]]}},{"type":"Feature","id":"way/375879760","properties":{"name":"Autopista B\u00e1rbula - Guacara","highway":"trunk","ref":"L-1"},"geometry":{"type":"LineString","coordinates":[[-67.92388,10.27942],[-67.91778,10.27204],[-67.91997,10.26349],[-67.91733,10.25487]]}},{"type":"Feature","id":"way/375879763","properties":{"name":"Distribuidor Corpoven","highway":"trunk_link"},"geometry":{"type":"LineString","coordinates":[[-67.91128,10.24939],[-67.91226,10.24924]]}},{"type":"Feature","id":"way/375879766","properties":{"name":"Distribuidor Corpoven","highway":"trunk_link"},"geometry":{"type":"LineString","coordinates":[[-67.91242,10.2484],[-67.91216,10.248]]}},{"type":"Feature","id":"way/375879954","properties":{"name":"Autopista B\u00e1rbula - Guacara","highway":"trunk","ref":"L-1"},"geometry":{"type":"LineString","coordinates":[[-67.94548,10.28044],[-67.95491,10.27873]]}},{"type":"Feature","id":"way/375880909","properties":{"name":"Autopista B\u00e1rbula - Guacara","highway":"trunk","ref":"L-1"},"geometry":{"type":"LineString","coordinates":[[-67.95501,10.27869],[-67.96381,10.27623]]}},{"type":"Feature","id":"way/376026467","properties":{"name":"Distribuidor El Cambur","highway":"trunk_link"},"geometry":{"type":"LineString","coordinates":[[-68.10366,10.40031],[-68.10423,10.39999]]}},{"type":"Feature","id":"way/376026468","properties":{"name":"Distribuidor El Cambur","highway":"trunk_link"},"geometry":{"type":"LineString","coordinates":[[-68.10311,10.40059],[-68.10366,10.40031]]}},{"type":"Feature","id":"way/376130473","properties":{"name":"Autopista Regional del Centro","highway":"motorway","ref":"T-1"},"geometry":{"type":"LineString","coordinates":[[-67.82568,10.25477],[-67.80249,10.26022]]}},{"type":"Feature","id":"way/376132237","properties":{"name":"Autopista Regional del Centro","highway":"motorway","ref":"T-1"},"geometry":{"type":"LineString","coordinates":[[-67.86655,10.23896],[-67.87639,10.2343]]}},{"type":"Feature","id":"way/376136777","properties":{"highway":"motorway_link"},"geometry":{"type":"LineString","coordinates":[[-67.93037,10.19711],[-67.92902,10.19838]]}},{"type":"Feature","id":"way/376136779","properties":{"highway":"motorway_link"},"geometry":{"type":"LineString","coordinates":[[-67.93336,10.19632],[-67.93415,10.1957]]}},{"type":"Feature","id":"way/376136787","properties":{"name":"Autopista Regional del Centro","highway":"motorway","ref":"T-1"},"geometry":{"type":"LineString","coordinates":[[-67.93678,10.1939],[-67.93091,10.19671],[-67.92289,10.20349]]}},{"type":"Feature","id":"way/376140838","properties":{"name":"Autopista Regional del Centro","highway":"motorway","ref":"T-1"},"geometry":{"type":"LineString","coordinates":[[-67.9283,10.19938],[-67.93765,10.19384]]}},{"type":"Feature","id":"way/376145182","properties":{"name":"Autopista Regional del Centro","highway":"motorway","ref":"T-1"},"geometry":{"type":"LineString","coordinates":[[-67.94283,10.19042],[-67.93923,10.19245]]}},{"type":"Feature","id":"way/376145183","properties":{"name":"Autopista Regional del Centro","highway":"motorway","ref":"T-1"},"geometry":{"type":"LineString","coordinates":[[-67.92289,10.20349],[-67.91704,10.20827]]}},{"type":"Feature","id":"way/376994691","properties":{"highway":"tertiary","ref":"R-3"},"geometry":{"type":"LineString","coordinates":[[-68.40231,10.1502],[-68.40082,10.15029]]}},{"type":"Feature","id":"way/377158243","properties":{"name":"Carretera Nacional Valencia - Guacara","highway":"secondary","ref":"L-1"},"geometry":{"type":"LineString","coordinates":[[-67.96787,10.18344],[-67.94386,10.1874]]}},{"type":"Feature","id":"way/377183198","properties":{"name":"Distribuidor Industrial II","highway":"motorway_link"},"geometry":{"type":"LineString","coordinates":[[-67.96845,10.18329],[-67.96679,10.18431]]}},{"type":"Feature","id":"way/380684024","properties":{"name":"Retorno de Campo Carabobo","highway":"trunk_link","ref":"T-5"},"geometry":{"type":"LineString","coordinates":[[-68.16823,10.00446],[-68.16857,10.00269],[-68.1662,10.00217]]}},{"type":"Feature","id":"way/380972807","properties":{"name":"Redoma de Palma Sola","highway":"trunk","ref":"T-1;T-3"},"geometry":{"type":"LineString","coordinates":[[-68.18968,10.50183],[-68.18759,10.50289]]}},{"type":"Feature","id":"way/380972808","properties":{"name":"Carretera Nacional Mor\u00f3n - Tucacas","highway":"trunk","ref":"T-3"},"geometry":{"type":"LineString","coordinates":[[-68.18815,10.5046],[-68.18794,10.50639]]}},{"type":"Feature","id":"way/381168761","properties":{"highway":"primary_link"},"geometry":{"type":"LineString","coordinates":[[-67.72781,10.28937],[-67.72808,10.28959]]}},{"type":"Feature","id":"way/381313613","properties":{"name":"Distribuidor La Encrucijada","highway":"trunk_link"},"geometry":{"type":"LineString","coordinates":[[-68.10705,10.07391],[-68.11093,10.07384]]}},{"type":"Feature","id":"way/381313640","properties":{"name":"Carretera Regional Bejuma - Canoabo","highway":"primary","ref":"L-4;R-13"},"geometry":{"type":"LineString","coordinates":[[-68.28197,10.17137],[-68.27474,10.16502]]}},{"type":"Feature","id":"way/383616938","properties":{"name":"Distribuidor La Encrucijada","highway":"trunk_link"},"geometry":{"type":"LineString","coordinates":[[-68.11093,10.07384],[-68.10722,10.07269]]}},{"type":"Feature","id":"way/383616939","properties":{"name":"Distribuidor La Encrucijada","highway":"trunk_link"},"geometry":{"type":"LineString","coordinates":[[-68.10705,10.07391],[-68.10722,10.07269]]}},{"type":"Feature","id":"way/383616957","properties":{"name":"Distribuidor La Encrucijada","highway":"trunk_link"},"geometry":{"type":"LineString","coordinates":[[-68.10409,10.071],[-68.10297,10.07345]]}},{"type":"Feature","id":"way/383616960","properties":{"name":"Carretera Panamericana Nirgua - Tocuyito","highway":"trunk","ref":"T-11"},"geometry":{"type":"LineString","coordinates":[[-68.21871,10.16527],[-68.21979,10.16363],[-68.21948,10.16139],[-68.22472,10.15663],[-68.2246,10.15513],[-68.2219,10.15437],[-68.219,10.1507],[-68.21667,10.15003],[-68.2123,10.15055],[-68.20808,10.14778],[-68.20159,10.14608],[-68.19607,10.14213],[-68.19545,10.13816],[-68.19299,10.13588],[-68.19479,10.13309],[-68.19385,10.12955],[-68.19584,10.12664],[-68.19585,10.12068],[-68.19374,10.11761],[-68.19729,10.11504],[-68.19823,10.11255],[-68.19643,10.11194],[-68.19278,10.11277],[-68.18957,10.11025],[-68.1856,10.11002],[-68.17859,10.11614],[-68.17455,10.11788],[-68.17352,10.12167],[-68.17008,10.12047],[-68.17002,10.11923],[-68.1739,10.11432],[-68.177,10.10721],[-68.17431,10.09659],[-68.17031,10.09278],[-68.1638,10.09235],[-68.16013,10.08948],[-68.15827,10.08431],[-68.15791,10.07841],[-68.15429,10.07291],[-68.14498,10.06919],[-68.13163,10.06978],[-68.11656,10.07349],[-68.11093,10.07384]]}},{"type":"Feature","id":"way/383616961","properties":{"name":"Distribuidor La Encrucijada","highway":"trunk_link"},"geometry":{"type":"LineString","coordinates":[[-68.10606,10.07156],[-68.10477,10.07084]]}},{"type":"Feature","id":"way/383616968","properties":{"name":"Distribuidor La Encrucijada","highway":"trunk_link"},"geometry":{"type":"LineString","coordinates":[[-68.10606,10.07156],[-68.10551,10.07012]]}},{"type":"Feature","id":"way/383616969","properties":{"name":"Distribuidor La Encrucijada","highway":"trunk_link"},"geometry":{"type":"LineString","coordinates":[[-68.10477,10.07084],[-68.10409,10.071]]}},{"type":"Feature","id":"way/384085806","properties":{"name":"Distribuidor San Blas","highway":"trunk_link"},"geometry":{"type":"LineString","coordinates":[[-67.98798,10.18021],[-67.98763,10.18021]]}},{"type":"Feature","id":"way/384085807","properties":{"name":"Avenida Lara","highway":"tertiary","ref":"L-1"},"geometry":{"type":"LineString","coordinates":[[-67.99517,10.17908],[-67.99096,10.17965]]}},{"type":"Feature","id":"way/384085809","properties":{"name":"Avenida Lara","highway":"tertiary","ref":"L-1"},"geometry":{"type":"LineString","coordinates":[[-67.99581,10.17914],[-67.99593,10.17912]]}},{"type":"Feature","id":"way/384085810","properties":{"name":"Avenida Lara","highway":"tertiary","ref":"L-1"},"geometry":{"type":"LineString","coordinates":[[-67.99868,10.1789],[-67.99853,10.17892]]}},{"type":"Feature","id":"way/384085813","properties":{"name":"Avenida Lara","highway":"tertiary","ref":"L-1"},"geometry":{"type":"LineString","coordinates":[[-67.99096,10.17965],[-67.98874,10.17992]]}},{"type":"Feature","id":"way/384085815","properties":{"name":"Distribuidor San Blas","highway":"motorway_link"},"geometry":{"type":"LineString","coordinates":[[-67.98712,10.18022],[-67.98666,10.17961],[-67.98742,10.1797]]}},{"type":"Feature","id":"way/384085817","properties":{"name":"Avenida Lara","highway":"tertiary","ref":"L-1"},"geometry":{"type":"LineString","coordinates":[[-67.99579,10.179],[-67.99543,10.17904]]}},{"type":"Feature","id":"way/384085820","properties":{"name":"Distribuidor San Blas","highway":"trunk_link"},"geometry":{"type":"LineString","coordinates":[[-67.98874,10.17992],[-67.98742,10.17811]]}},{"type":"Feature","id":"way/384085822","properties":{"name":"Avenida Lara","highway":"tertiary","ref":"T-1;L-1"},"geometry":{"type":"LineString","coordinates":[[-67.98874,10.17992],[-67.98775,10.18007]]}},{"type":"Feature","id":"way/384102889","properties":{"name":"Avenida Las Ferias","highway":"tertiary"},"geometry":{"type":"LineString","coordinates":[[-68.00071,10.16294],[-68.00069,10.16286]]}},{"type":"Feature","id":"way/384102891","properties":{"name":"Avenida 100 Bol\u00edvar Sur","highway":"tertiary"},"geometry":{"type":"LineString","coordinates":[[-68.00056,10.16294],[-68.00298,10.17815]]}},{"type":"Feature","id":"way/384259886","properties":{"highway":"trunk_link"},"geometry":{"type":"LineString","coordinates":[[-68.13625,10.03086],[-68.13507,10.03199]]}},{"type":"Feature","id":"way/384259891","properties":{"highway":"trunk_link"},"geometry":{"type":"LineString","coordinates":[[-68.13395,10.03287],[-68.13501,10.03241]]}},{"type":"Feature","id":"way/385027152","properties":{"name":"Avenida Las Ferias","highway":"tertiary"},"geometry":{"type":"LineString","coordinates":[[-68.00312,10.17822],[-68.0031,10.17813]]}},{"type":"Feature","id":"way/385027166","properties":{"name":"Avenida Lara","highway":"tertiary","ref":"L-1"},"geometry":{"type":"LineString","coordinates":[[-67.99943,10.17894],[-67.99954,10.17892]]}},{"type":"Feature","id":"way/390825671","properties":{"name":"Eje Rural de Algarrobal","highway":"trunk_link"},"geometry":{"type":"LineString","coordinates":[[-68.1611,10.01019],[-68.16183,10.01024]]}},{"type":"Feature","id":"way/392134321","properties":{"name":"Avenida Bol\u00edvar Norte","highway":"secondary","ref":"L-1"},"geometry":{"type":"LineString","coordinates":[[-68.00759,10.20891],[-68.00852,10.21473]]}},{"type":"Feature","id":"way/406518659","properties":{"highway":"primary_link","ref":"T-11;L-6"},"geometry":{"type":"LineString","coordinates":[[-67.96263,10.16456],[-67.96209,10.1646]]}},{"type":"Feature","id":"way/406670384","properties":{"name":"Autopista B\u00e1rbula - Guacara","highway":"trunk","ref":"R-1"},"geometry":{"type":"LineString","coordinates":[[-67.94522,10.28049],[-67.94548,10.28044]]}},{"type":"Feature","id":"way/406670385","properties":{"name":"Autopista B\u00e1rbula - Guacara","highway":"trunk","ref":"R-1"},"geometry":{"type":"LineString","coordinates":[[-67.94546,10.28034],[-67.9452,10.28039]]}},{"type":"Feature","id":"way/406670387","properties":{"name":"Autopista B\u00e1rbula - Guacara","highway":"trunk","ref":"L-1"},"geometry":{"type":"LineString","coordinates":[[-67.9452,10.28039],[-67.93399,10.28247],[-67.92434,10.27968]]}},{"type":"Feature","id":"way/406670388","properties":{"name":"Autopista B\u00e1rbula - Guacara","highway":"trunk","ref":"L-1"},"geometry":{"type":"LineString","coordinates":[[-67.9243,10.27977],[-67.93397,10.28258],[-67.94522,10.28049]]}},{"type":"Feature","id":"way/406685953","properties":{"name":"Avenida del Puerto","highway":"primary","ref":"R-2"},"geometry":{"type":"LineString","coordinates":[[-67.99077,10.46562],[-67.99121,10.46745],[-67.99361,10.46774],[-68.00301,10.4648]]}},{"type":"Feature","id":"way/406834322","properties":{"name":"Calle Carabobo","highway":"primary","ref":"L-1"},"geometry":{"type":"LineString","coordinates":[[-67.88133,10.22564],[-67.88071,10.22574]]}},{"type":"Feature","id":"way/406834323","properties":{"name":"Calle Lovera","highway":"primary","ref":"L-1"},"geometry":{"type":"LineString","coordinates":[[-67.87141,10.22689],[-67.87178,10.22798]]}},{"type":"Feature","id":"way/406834324","properties":{"name":"Carretera Nacional Valencia - Guacara","highway":"primary","ref":"L-1"},"geometry":{"type":"LineString","coordinates":[[-67.8824,10.22385],[-67.88251,10.22376]]}},{"type":"Feature","id":"way/406834325","properties":{"highway":"primary","ref":"L-1"},"geometry":{"type":"LineString","coordinates":[[-67.88167,10.22612],[-67.8817,10.22588]]}},{"type":"Feature","id":"way/406835028","properties":{"name":"Avenida Bol\u00edvar","highway":"primary","ref":"L-1"},"geometry":{"type":"LineString","coordinates":[[-67.78385,10.26285],[-67.79463,10.26062]]}},{"type":"Feature","id":"way/406835617","properties":{"name":"Carretera Nacional San Joaqu\u00edn - Mariara","highway":"primary","ref":"L-1"},"geometry":{"type":"LineString","coordinates":[[-67.72874,10.28932],[-67.72905,10.28913]]}},{"type":"Feature","id":"way/406835628","properties":{"name":"Carretera Nacional San Joaqu\u00edn - Mariara","highway":"primary","ref":"L-1"},"geometry":{"type":"LineString","coordinates":[[-67.72905,10.28913],[-67.72887,10.28919]]}},{"type":"Feature","id":"way/406990470","properties":{"highway":"tertiary"},"geometry":{"type":"LineString","coordinates":[[-67.99785,10.14823],[-67.99926,10.14686]]}},{"type":"Feature","id":"way/406991896","properties":{"name":"Avenida Ar\u00e1nzazu","highway":"secondary"},"geometry":{"type":"LineString","coordinates":[[-68.01323,10.159],[-68.01334,10.15887]]}},{"type":"Feature","id":"way/406991897","properties":{"name":"Avenida Ar\u00e1nzazu","highway":"secondary"},"geometry":{"type":"LineString","coordinates":[[-68.01337,10.15831],[-68.01296,10.15877]]}},{"type":"Feature","id":"way/406992934","properties":{"highway":"tertiary"},"geometry":{"type":"LineString","coordinates":[[-68.00122,10.14141],[-68.00108,10.14077]]}},{"type":"Feature","id":"way/406992935","properties":{"highway":"tertiary"},"geometry":{"type":"LineString","coordinates":[[-68.00108,10.14077],[-68.00088,10.14062]]}},{"type":"Feature","id":"way/406992936","properties":{"highway":"tertiary"},"geometry":{"type":"LineString","coordinates":[[-68.00157,10.1431],[-68.00122,10.14141]]}},{"type":"Feature","id":"way/406992937","properties":{"highway":"tertiary"},"geometry":{"type":"LineString","coordinates":[[-68.00088,10.14062],[-68.00129,10.14286]]}},{"type":"Feature","id":"way/406993964","properties":{"highway":"primary_link","ref":"T-11;L-6"},"geometry":{"type":"LineString","coordinates":[[-67.95599,10.15453],[-67.95635,10.15455]]}},{"type":"Feature","id":"way/406993967","properties":{"highway":"primary_link"},"geometry":{"type":"LineString","coordinates":[[-67.95611,10.15427],[-67.95599,10.15453]]}},{"type":"Feature","id":"way/406995371","properties":{"name":"Avenida Urdaneta","highway":"primary","ref":"T-11;L-6"},"geometry":{"type":"LineString","coordinates":[[-67.93456,10.14],[-67.93428,10.14181]]}},{"type":"Feature","id":"way/406996012","properties":{"name":"Carretera Regional Valencia - G\u00fcig\u00fce","highway":"primary","ref":"T-11"},"geometry":{"type":"LineString","coordinates":[[-67.87835,10.09235],[-67.87726,10.09154]]}},{"type":"Feature","id":"way/406996013","properties":{"name":"Carretera Intercomunal","highway":"secondary","ref":"T-11"},"geometry":{"type":"LineString","coordinates":[[-67.87835,10.09235],[-67.87866,10.09151]]}},{"type":"Feature","id":"way/406996014","properties":{"name":"Carretera Regional Valencia - G\u00fcig\u00fce","highway":"primary","ref":"T-11"},"geometry":{"type":"LineString","coordinates":[[-67.87926,10.09501],[-67.87835,10.09235]]}},{"type":"Feature","id":"way/406996256","properties":{"name":"Autopista Regional del Centro","highway":"motorway","ref":"T-1"},"geometry":{"type":"LineString","coordinates":[[-67.96914,10.18403],[-67.97013,10.18387]]}},{"type":"Feature","id":"way/407062700","properties":{"name":"Carretera Valencia - Dos Bocas","highway":"tertiary"},"geometry":{"type":"LineString","coordinates":[[-67.95687,9.90307],[-67.95947,9.90673],[-67.96491,9.91],[-67.96767,9.91884],[-67.96941,9.91925],[-67.97114,9.91836],[-67.97384,9.92098],[-67.97766,9.92065],[-67.97808,9.91976],[-67.98283,9.91978],[-67.98272,9.92676],[-67.98504,9.93152],[-67.98463,9.93736],[-67.98594,9.93817],[-67.98463,9.94119],[-67.98635,9.94184],[-67.98415,9.94531],[-67.98643,9.94822],[-67.98757,9.95229],[-67.99114,9.95466],[-67.99525,9.95557],[-67.99865,9.96258],[-67.99968,9.96375],[-68.0011,9.96366],[-67.99951,9.96532],[-67.99823,9.96939],[-67.99884,9.97143],[-68.00029,9.97202],[-67.99966,9.97392],[-68.00143,9.97401],[-67.99914,9.97769],[-67.99907,9.97864],[-68.00049,9.97914],[-67.99879,9.97933],[-67.99735,9.98103],[-67.9976,9.98498],[-67.99652,9.98735],[-67.99809,9.98999],[-67.99938,9.99027],[-67.99782,9.99108],[-67.99861,9.99559],[-68.00553,10.00578],[-68.00738,10.01981],[-68.00994,10.02944],[-68.01198,10.03581],[-68.01979,10.05159],[-68.01866,10.05461],[-68.01819,10.06097],[-68.00878,10.07431],[-68.00715,10.07832],[-68.00723,10.08063]]}},{"type":"Feature","id":"way/408005326","properties":{"name":"Distribuidor La Encrucijada","highway":"trunk_link"},"geometry":{"type":"LineString","coordinates":[[-68.10722,10.07269],[-68.10606,10.07156]]}},{"type":"Feature","id":"way/408006322","properties":{"highway":"trunk_link"},"geometry":{"type":"LineString","coordinates":[[-68.08414,10.09892],[-68.08395,10.0994]]}},{"type":"Feature","id":"way/408006323","properties":{"highway":"trunk_link"},"geometry":{"type":"LineString","coordinates":[[-68.08606,10.09708],[-68.08522,10.09769]]}},{"type":"Feature","id":"way/408006325","properties":{"highway":"trunk_link"},"geometry":{"type":"LineString","coordinates":[[-68.08611,10.09715],[-68.08724,10.09642]]}},{"type":"Feature","id":"way/408006441","properties":{"highway":"trunk_link"},"geometry":{"type":"LineString","coordinates":[[-68.09356,10.08821],[-68.09449,10.08728]]}},{"type":"Feature","id":"way/408007100","properties":{"highway":"trunk_link"},"geometry":{"type":"LineString","coordinates":[[-68.07967,10.10428],[-68.08005,10.10408]]}},{"type":"Feature","id":"way/408007101","properties":{"highway":"trunk_link"},"geometry":{"type":"LineString","coordinates":[[-68.08084,10.10324],[-68.08103,10.1028]]}},{"type":"Feature","id":"way/408007102","properties":{"highway":"trunk_link"},"geometry":{"type":"LineString","coordinates":[[-68.07498,10.10944],[-68.07388,10.11042]]}},{"type":"Feature","id":"way/408007103","properties":{"highway":"trunk_link"},"geometry":{"type":"LineString","coordinates":[[-68.07249,10.11246],[-68.07362,10.1114]]}},{"type":"Feature","id":"way/408007104","properties":{"name":"Avenida Valencia - Campo Carabobo","highway":"tertiary","ref":"R-7;R-25"},"geometry":{"type":"LineString","coordinates":[[-68.09493,10.08587],[-68.09117,10.09099]]}},{"type":"Feature","id":"way/408007446","properties":{"highway":"trunk_link"},"geometry":{"type":"LineString","coordinates":[[-68.06301,10.12277],[-68.06244,10.12372]]}},{"type":"Feature","id":"way/408007449","properties":{"highway":"trunk_link"},"geometry":{"type":"LineString","coordinates":[[-68.06559,10.12105],[-68.06644,10.11934]]}},{"type":"Feature","id":"way/408007450","properties":{"highway":"trunk_link"},"geometry":{"type":"LineString","coordinates":[[-68.06632,10.11926],[-68.06473,10.12027]]}},{"type":"Feature","id":"way/408021906","properties":{"name":"Distribuidor San Blas","highway":"motorway","ref":"T-1"},"geometry":{"type":"LineString","coordinates":[[-67.98791,10.18314],[-67.98784,10.18277]]}},{"type":"Feature","id":"way/408021907","properties":{"name":"Distribuidor San Blas","highway":"motorway","ref":"T-1"},"geometry":{"type":"LineString","coordinates":[[-67.98293,10.18109],[-67.98175,10.18152]]}},{"type":"Feature","id":"way/408021908","properties":{"name":"Distribuidor San Blas","highway":"motorway","ref":"T-1"},"geometry":{"type":"LineString","coordinates":[[-67.98112,10.18188],[-67.98297,10.18116]]}},{"type":"Feature","id":"way/408021909","properties":{"name":"Distribuidor San Blas","highway":"motorway","ref":"T-1"},"geometry":{"type":"LineString","coordinates":[[-67.98777,10.18279],[-67.98815,10.18421]]}},{"type":"Feature","id":"way/408021910","properties":{"name":"Avenida Valencia - Campo Carabobo","highway":"trunk","ref":"T-5"},"geometry":{"type":"LineString","coordinates":[[-68.09794,10.0819],[-68.09159,10.09098]]}},{"type":"Feature","id":"way/408021911","properties":{"name":"Avenida Valencia - Campo Carabobo","highway":"trunk","ref":"T-5"},"geometry":{"type":"LineString","coordinates":[[-68.09172,10.09103],[-68.09805,10.08199]]}},{"type":"Feature","id":"way/408034998","properties":{"name":"Avenida La Paz","highway":"primary_link"},"geometry":{"type":"LineString","coordinates":[[-68.04397,10.47359],[-68.04333,10.47349]]}},{"type":"Feature","id":"way/408743250","properties":{"name":"Avenida Valencia - Campo Carabobo","highway":"tertiary"},"geometry":{"type":"LineString","coordinates":[[-68.04145,10.14725],[-68.03859,10.14902]]}},{"type":"Feature","id":"way/408746669","properties":{"highway":"trunk_link"},"geometry":{"type":"LineString","coordinates":[[-68.06179,10.12426],[-68.06143,10.12491]]}},{"type":"Feature","id":"way/408746676","properties":{"highway":"tertiary"},"geometry":{"type":"LineString","coordinates":[[-68.06324,10.12315],[-68.06425,10.12247]]}},{"type":"Feature","id":"way/409877573","properties":{"name":"AVENIDA PRINCIPAL","highway":"tertiary"},"geometry":{"type":"LineString","coordinates":[[-67.91601,10.18615],[-67.91652,10.18522]]}},{"type":"Feature","id":"way/410048661","properties":{"name":"Via Mor\u00f3n-El Palito","highway":"trunk","ref":"T-1;T-3"},"geometry":{"type":"LineString","coordinates":[[-68.12864,10.48051],[-68.12895,10.48052]]}},{"type":"Feature","id":"way/410048662","properties":{"name":"Via Mor\u00f3n-El Palito","highway":"trunk","ref":"T-1;T-3"},"geometry":{"type":"LineString","coordinates":[[-68.12896,10.48042],[-68.12863,10.48041]]}},{"type":"Feature","id":"way/410048664","properties":{"name":"Via Mor\u00f3n-El Palito","highway":"trunk","ref":"T-1;T-3"},"geometry":{"type":"LineString","coordinates":[[-68.11963,10.47951],[-68.12864,10.48051]]}},{"type":"Feature","id":"way/410048665","properties":{"name":"Avenida Circunvalaci\u00f3n del Mar","highway":"primary","ref":"T-3"},"geometry":{"type":"LineString","coordinates":[[-68.10797,10.47899],[-68.10534,10.48004]]}},{"type":"Feature","id":"way/410049784","properties":{"highway":"primary_link"},"geometry":{"type":"LineString","coordinates":[[-68.10263,10.47964],[-68.10252,10.48002]]}},{"type":"Feature","id":"way/410049787","properties":{"highway":"primary_link"},"geometry":{"type":"LineString","coordinates":[[-68.10252,10.48002],[-68.10219,10.48014]]}},{"type":"Feature","id":"way/410049789","properties":{"highway":"primary_link"},"geometry":{"type":"LineString","coordinates":[[-68.10143,10.48001],[-68.10231,10.48066]]}},{"type":"Feature","id":"way/410049790","properties":{"highway":"primary_link"},"geometry":{"type":"LineString","coordinates":[[-68.10277,10.48031],[-68.10252,10.48002]]}},{"type":"Feature","id":"way/410049791","properties":{"highway":"primary_link"},"geometry":{"type":"LineString","coordinates":[[-68.10231,10.48066],[-68.10289,10.48048]]}},{"type":"Feature","id":"way/410049952","properties":{"highway":"primary_link"},"geometry":{"type":"LineString","coordinates":[[-68.09612,10.47851],[-68.09858,10.47911]]}},{"type":"Feature","id":"way/410051399","properties":{"highway":"primary_link"},"geometry":{"type":"LineString","coordinates":[[-68.09014,10.47795],[-68.09211,10.47759]]}},{"type":"Feature","id":"way/410053756","properties":{"name":"Autopista Sorpesa-Muelles","highway":"primary","ref":"T-3"},"geometry":{"type":"LineString","coordinates":[[-68.02582,10.46716],[-68.02549,10.46711]]}},{"type":"Feature","id":"way/410053758","properties":{"name":"Autopista Sorpesa-Muelles","highway":"primary","ref":"T-3"},"geometry":{"type":"LineString","coordinates":[[-68.0255,10.46722],[-68.02583,10.46727]]}},{"type":"Feature","id":"way/410053761","properties":{"name":"Distribuidor El Cangrejo","highway":"primary_link"},"geometry":{"type":"LineString","coordinates":[[-68.00347,10.46487],[-68.0038,10.46499]]}},{"type":"Feature","id":"way/410053762","properties":{"name":"Distribuidor El Cangrejo","highway":"primary_link"},"geometry":{"type":"LineString","coordinates":[[-68.00344,10.46496],[-68.00373,10.46508]]}},{"type":"Feature","id":"way/410053763","properties":{"name":"Distribuidor El Cangrejo","highway":"primary_link"},"geometry":{"type":"LineString","coordinates":[[-68.00406,10.4646],[-68.00384,10.4646]]}},{"type":"Feature","id":"way/410053764","properties":{"name":"Distribuidor El Cangrejo","highway":"primary_link"},"geometry":{"type":"LineString","coordinates":[[-68.00385,10.46492],[-68.0035,10.46481]]}},{"type":"Feature","id":"way/410053766","properties":{"name":"Distribuidor El Cangrejo","highway":"primary_link"},"geometry":{"type":"LineString","coordinates":[[-68.00579,10.46417],[-68.00406,10.4646]]}},{"type":"Feature","id":"way/410053768","properties":{"name":"Distribuidor El Cangrejo","highway":"primary_link"},"geometry":{"type":"LineString","coordinates":[[-68.0035,10.46481],[-68.00291,10.46469]]}},{"type":"Feature","id":"way/410056019","properties":{"name":"Avenida Principal de El Palito","highway":"trunk","ref":"T-1"},"geometry":{"type":"LineString","coordinates":[[-68.11063,10.46904],[-68.11068,10.46966]]}},{"type":"Feature","id":"way/410056020","properties":{"name":"Avenida Principal de El Palito","highway":"trunk","ref":"T-1"},"geometry":{"type":"LineString","coordinates":[[-68.11092,10.46965],[-68.11088,10.46903]]}},{"type":"Feature","id":"way/410056027","properties":{"name":"Avenida Principal de El Palito","highway":"trunk","ref":"T-1"},"geometry":{"type":"LineString","coordinates":[[-68.11068,10.46617],[-68.11063,10.46904]]}},{"type":"Feature","id":"way/410056290","properties":{"name":"Autopista Valencia - Puerto Cabello","highway":"trunk","ref":"T-1"},"geometry":{"type":"LineString","coordinates":[[-68.09153,10.30647],[-68.09143,10.30635]]}},{"type":"Feature","id":"way/410056291","properties":{"name":"Autopista Valencia - Puerto Cabello","highway":"trunk","ref":"T-1"},"geometry":{"type":"LineString","coordinates":[[-68.08958,10.30543],[-68.08939,10.3054]]}},{"type":"Feature","id":"way/410056292","properties":{"name":"Autopista Valencia - Puerto Cabello","highway":"trunk","ref":"T-1"},"geometry":{"type":"LineString","coordinates":[[-68.09133,10.3064],[-68.09144,10.30652]]}},{"type":"Feature","id":"way/410056293","properties":{"name":"Autopista Valencia - Puerto Cabello","highway":"trunk","ref":"T-1"},"geometry":{"type":"LineString","coordinates":[[-68.09143,10.30635],[-68.08958,10.30543]]}},{"type":"Feature","id":"way/410056294","properties":{"name":"Autopista Valencia - Puerto Cabello","highway":"trunk","ref":"T-1"},"geometry":{"type":"LineString","coordinates":[[-68.08937,10.30551],[-68.08958,10.30553]]}},{"type":"Feature","id":"way/410056295","properties":{"name":"Autopista Valencia - Puerto Cabello","highway":"trunk","ref":"T-1"},"geometry":{"type":"LineString","coordinates":[[-68.08958,10.30553],[-68.09133,10.3064]]}},{"type":"Feature","id":"way/410056306","properties":{"name":"Distribuidor Las Trincheras","highway":"trunk_link"},"geometry":{"type":"LineString","coordinates":[[-68.09129,10.30642],[-68.0914,10.30654]]}},{"type":"Feature","id":"way/410056311","properties":{"name":"Distribuidor Las Trincheras","highway":"trunk_link"},"geometry":{"type":"LineString","coordinates":[[-68.0914,10.30654],[-68.0917,10.30687]]}},{"type":"Feature","id":"way/410060042","properties":{"name":"Avenida 102 Universidad","highway":"secondary","ref":"L-1"},"geometry":{"type":"LineString","coordinates":[[-68.01715,10.27022],[-68.01744,10.27223]]}},{"type":"Feature","id":"way/410063299","properties":{"name":"Avenida San Jos\u00e9 de Tarbes","highway":"tertiary","ref":"R-6"},"geometry":{"type":"LineString","coordinates":[[-68.00193,10.21273],[-68.00142,10.21281]]}},{"type":"Feature","id":"way/410063300","properties":{"name":"Avenida San Jos\u00e9 de Tarbes","highway":"tertiary","ref":"R-6"},"geometry":{"type":"LineString","coordinates":[[-68.00359,10.21257],[-68.00377,10.21255]]}},{"type":"Feature","id":"way/410063301","properties":{"name":"Avenida San Jos\u00e9 de Tarbes","highway":"tertiary","ref":"R-6"},"geometry":{"type":"LineString","coordinates":[[-68.00144,10.21289],[-68.00194,10.21281]]}},{"type":"Feature","id":"way/410063302","properties":{"name":"Avenida San Jos\u00e9 de Tarbes","highway":"tertiary","ref":"R-6"},"geometry":{"type":"LineString","coordinates":[[-68.00299,10.21266],[-68.00359,10.21257]]}},{"type":"Feature","id":"way/410063303","properties":{"name":"Avenida San Jos\u00e9 de Tarbes","highway":"tertiary","ref":"R-6"},"geometry":{"type":"LineString","coordinates":[[-68.00351,10.21247],[-68.00298,10.21256]]}},{"type":"Feature","id":"way/410063304","properties":{"name":"Avenida San Jos\u00e9 de Tarbes","highway":"tertiary","ref":"R-6"},"geometry":{"type":"LineString","coordinates":[[-68.00194,10.21281],[-68.00299,10.21266]]}},{"type":"Feature","id":"way/410063305","properties":{"name":"Avenida San Jos\u00e9 de Tarbes","highway":"tertiary","ref":"R-6"},"geometry":{"type":"LineString","coordinates":[[-68.00142,10.21281],[-68.00139,10.21281]]}},{"type":"Feature","id":"way/410063884","properties":{"name":"Avenida Arturo Michelena","highway":"tertiary"},"geometry":{"type":"LineString","coordinates":[[-67.99982,10.2],[-68.00081,10.1988]]}},{"type":"Feature","id":"way/410065155","properties":{"highway":"tertiary","ref":"R-22"},"geometry":{"type":"LineString","coordinates":[[-68.01026,10.19312],[-68.01028,10.1934]]}},{"type":"Feature","id":"way/410065156","properties":{"highway":"tertiary","ref":"R-6"},"geometry":{"type":"LineString","coordinates":[[-68.01038,10.19373],[-68.01036,10.19601]]}},{"type":"Feature","id":"way/410066310","properties":{"name":"Avenida Valencia - Campo Carabobo","highway":"tertiary","ref":"R-6"},"geometry":{"type":"LineString","coordinates":[[-68.03897,10.1493],[-68.03895,10.14959]]}},{"type":"Feature","id":"way/410094403","properties":{"name":"Avenida Bol\u00edvar","highway":"secondary","ref":"L-1"},"geometry":{"type":"LineString","coordinates":[[-67.94336,10.18747],[-67.94029,10.18823]]}},{"type":"Feature","id":"way/410094404","properties":{"name":"Distribuidor Industrial II","highway":"secondary","ref":"L-1"},"geometry":{"type":"LineString","coordinates":[[-67.96897,10.18319],[-67.96845,10.18329]]}},{"type":"Feature","id":"way/410095179","properties":{"name":"Carretera Nacional Valencia - Guacara","highway":"primary","ref":"L-1"},"geometry":{"type":"LineString","coordinates":[[-67.88817,10.21957],[-67.88806,10.21965]]}},{"type":"Feature","id":"way/410095181","properties":{"name":"Carretera Nacional Valencia - Guacara","highway":"secondary","ref":"L-1"},"geometry":{"type":"LineString","coordinates":[[-67.88825,10.21965],[-67.89438,10.21571]]}},{"type":"Feature","id":"way/410096077","properties":{"highway":"motorway_link"},"geometry":{"type":"LineString","coordinates":[[-67.90893,10.21533],[-67.91119,10.2142]]}},{"type":"Feature","id":"way/410096081","properties":{"highway":"motorway_link"},"geometry":{"type":"LineString","coordinates":[[-67.91119,10.2142],[-67.91193,10.21264]]}},{"type":"Feature","id":"way/410096341","properties":{"highway":"trunk_link"},"geometry":{"type":"LineString","coordinates":[[-68.04674,10.1415],[-68.04579,10.14233]]}},{"type":"Feature","id":"way/410096342","properties":{"highway":"trunk_link"},"geometry":{"type":"LineString","coordinates":[[-68.04618,10.14254],[-68.04691,10.14152]]}},{"type":"Feature","id":"way/410096343","properties":{"name":"Avenida Valencia - Campo Carabobo","highway":"tertiary","ref":"R-6"},"geometry":{"type":"LineString","coordinates":[[-68.04579,10.14233],[-68.04219,10.14639]]}},{"type":"Feature","id":"way/410096469","properties":{"highway":"trunk_link"},"geometry":{"type":"LineString","coordinates":[[-68.03859,10.14902],[-68.038,10.14934]]}},{"type":"Feature","id":"way/410097985","properties":{"name":"Carretera Yagua - La Cumaca","highway":"tertiary"},"geometry":{"type":"LineString","coordinates":[[-67.94548,10.27975],[-67.94801,10.27908]]}},{"type":"Feature","id":"way/410097990","properties":{"name":"Distribuidor La Cumaca","highway":"trunk_link"},"geometry":{"type":"LineString","coordinates":[[-67.94807,10.27979],[-67.94693,10.27916]]}},{"type":"Feature","id":"way/410097991","properties":{"name":"Retorno de Bosqueserino","highway":"trunk_link"},"geometry":{"type":"LineString","coordinates":[[-67.98031,10.27226],[-67.9796,10.27262],[-67.98033,10.27269]]}},{"type":"Feature","id":"way/410098398","properties":{"name":"Avenida Ruiz Pineda","highway":"secondary"},"geometry":{"type":"LineString","coordinates":[[-67.91255,10.24814],[-67.91244,10.24823]]}},{"type":"Feature","id":"way/410098399","properties":{"name":"Distribuidor Corpoven","highway":"trunk_link"},"geometry":{"type":"LineString","coordinates":[[-67.91293,10.24831],[-67.91255,10.24814]]}},{"type":"Feature","id":"way/410098400","properties":{"name":"Avenida Ruiz Pineda","highway":"secondary"},"geometry":{"type":"LineString","coordinates":[[-67.91244,10.24823],[-67.91113,10.24934],[-67.90876,10.24946]]}},{"type":"Feature","id":"way/410101169","properties":{"highway":"primary_link"},"geometry":{"type":"LineString","coordinates":[[-67.96408,10.2232],[-67.96397,10.22376]]}},{"type":"Feature","id":"way/410101170","properties":{"highway":"primary_link"},"geometry":{"type":"LineString","coordinates":[[-67.96584,10.23153],[-67.96596,10.231]]}},{"type":"Feature","id":"way/410101172","properties":{"highway":"primary_link"},"geometry":{"type":"LineString","coordinates":[[-67.96316,10.26087],[-67.96296,10.26058]]}},{"type":"Feature","id":"way/410101175","properties":{"highway":"primary_link"},"geometry":{"type":"LineString","coordinates":[[-67.96415,10.22466],[-67.96446,10.22507]]}},{"type":"Feature","id":"way/410101178","properties":{"highway":"primary_link"},"geometry":{"type":"LineString","coordinates":[[-67.96254,10.26775],[-67.96249,10.26635]]}},{"type":"Feature","id":"way/410102951","properties":{"highway":"motorway_link"},"geometry":{"type":"LineString","coordinates":[[-67.80444,10.25984],[-67.80226,10.25995]]}},{"type":"Feature","id":"way/410314725","properties":{"name":"Carretera Nacional Mor\u00f3n - Tucacas","highway":"trunk","ref":"T-3"},"geometry":{"type":"LineString","coordinates":[[-68.20784,10.53758],[-68.20762,10.53728]]}},{"type":"Feature","id":"way/419594923","properties":{"name":"Distribuidor Lomas del Este","highway":"motorway_link"},"geometry":{"type":"LineString","coordinates":[[-67.99542,10.19144],[-67.9956,10.19156]]}},{"type":"Feature","id":"way/421149525","properties":{"name":"V\u00eda Principal de Lagunita","highway":"tertiary"},"geometry":{"type":"LineString","coordinates":[[-67.89486,9.92443],[-67.8882,9.92376],[-67.8864,9.92657],[-67.88528,9.92688],[-67.8811,9.92652],[-67.87959,9.92379]]}},{"type":"Feature","id":"way/422238020","properties":{"name":"V\u00eda Principal de Noguera","highway":"secondary","ref":"L-6"},"geometry":{"type":"LineString","coordinates":[[-67.92642,10.05514],[-67.92322,10.05024],[-67.92205,10.05085],[-67.91805,10.05022],[-67.91707,10.04741]]}},{"type":"Feature","id":"way/426143466","properties":{"name":"Rampa del Forum","highway":"motorway_link"},"geometry":{"type":"LineString","coordinates":[[-68.00337,10.2208],[-68.00335,10.21957]]}},{"type":"Feature","id":"way/426146016","properties":{"highway":"motorway_link"},"geometry":{"type":"LineString","coordinates":[[-68.00432,10.22231],[-68.00354,10.22157]]}},{"type":"Feature","id":"way/426146018","properties":{"highway":"motorway_link"},"geometry":{"type":"LineString","coordinates":[[-68.00396,10.22354],[-68.00393,10.22304]]}},{"type":"Feature","id":"way/441856568","properties":{"name":"Carretera Nacional Tinaquillo - Campo Carabobo","highway":"trunk","ref":"T-5"},"geometry":{"type":"LineString","coordinates":[[-68.21649,9.96478],[-68.21674,9.9647]]}},{"type":"Feature","id":"way/441856578","properties":{"name":"Carretera Nacional Tinaquillo - Campo Carabobo","highway":"trunk","ref":"T-5"},"geometry":{"type":"LineString","coordinates":[[-68.22244,9.96585],[-68.22271,9.96571]]}},{"type":"Feature","id":"way/441856584","properties":{"name":"Carretera Nacional Tinaquillo - Campo Carabobo","highway":"trunk","ref":"T-5"},"geometry":{"type":"LineString","coordinates":[[-68.22447,9.96522],[-68.22485,9.96511]]}},{"type":"Feature","id":"way/441856587","properties":{"name":"Carretera Nacional Tinaquillo - Campo Carabobo","highway":"trunk","ref":"T-5"},"geometry":{"type":"LineString","coordinates":[[-68.22271,9.96571],[-68.22447,9.96522]]}},{"type":"Feature","id":"way/447447138","properties":{"name":"Avenida Principal de Palma Sola","highway":"trunk","ref":"T-1;T-3"},"geometry":{"type":"LineString","coordinates":[[-68.18695,10.49997],[-68.18345,10.49788],[-68.17954,10.49038],[-68.17692,10.48835]]}},{"type":"Feature","id":"way/471698798","properties":{"name":"Peaje de Guacara / Veh\u00edculos Livianos / Canal Prepagado / Carril 1","highway":"motorway","ref":"T-1"},"geometry":{"type":"LineString","coordinates":[[-67.83294,10.25242],[-67.83588,10.25113]]}},{"type":"Feature","id":"way/471698799","properties":{"name":"Autopista Regional del Centro","highway":"motorway","ref":"T-1"},"geometry":{"type":"LineString","coordinates":[[-67.83588,10.25113],[-67.85045,10.24311],[-67.86655,10.23896]]}},{"type":"Feature","id":"way/472445558","properties":{"name":"Peaje de Guacara / Veh\u00edculos Livianos / Canal Prepagado / Carril 1","highway":"motorway","ref":"T-1"},"geometry":{"type":"LineString","coordinates":[[-67.83693,10.25047],[-67.83318,10.25215]]}},{"type":"Feature","id":"way/472445566","properties":{"name":"Autopista Regional del Centro","highway":"motorway","ref":"T-1"},"geometry":{"type":"LineString","coordinates":[[-67.83318,10.25215],[-67.82568,10.25477]]}},{"type":"Feature","id":"way/474102848","properties":{"name":"Autopista Valencia - Puerto Cabello","highway":"trunk","ref":"T-1"},"geometry":{"type":"LineString","coordinates":[[-68.11306,10.43903],[-68.11286,10.43847]]}},{"type":"Feature","id":"way/474102849","properties":{"name":"Autopista Valencia - Puerto Cabello","highway":"trunk","ref":"T-1"},"geometry":{"type":"LineString","coordinates":[[-68.11298,10.43908],[-68.11363,10.44096]]}},{"type":"Feature","id":"way/474102850","properties":{"name":"Autopista Valencia - Puerto Cabello","highway":"trunk","ref":"T-1"},"geometry":{"type":"LineString","coordinates":[[-68.11278,10.43851],[-68.11298,10.43908]]}},{"type":"Feature","id":"way/474102852","properties":{"name":"Carretera Vieja Valencia - Puerto Cabello","highway":"secondary","ref":"L-1"},"geometry":{"type":"LineString","coordinates":[[-68.09707,10.35898],[-68.09676,10.35915]]}},{"type":"Feature","id":"way/474102853","properties":{"name":"Carretera Vieja Valencia - Puerto Cabello","highway":"secondary","ref":"L-1"},"geometry":{"type":"LineString","coordinates":[[-68.09977,10.35034],[-68.09973,10.35069]]}},{"type":"Feature","id":"way/474102854","properties":{"name":"Carretera Vieja Valencia - Puerto Cabello","highway":"secondary","ref":"L-1"},"geometry":{"type":"LineString","coordinates":[[-68.09973,10.35069],[-68.09944,10.35292],[-68.09702,10.35439],[-68.09707,10.35898]]}},{"type":"Feature","id":"way/475695382","properties":{"highway":"primary_link"},"geometry":{"type":"LineString","coordinates":[[-67.96419,10.21358],[-67.9644,10.21342]]}},{"type":"Feature","id":"way/475695386","properties":{"highway":"primary_link"},"geometry":{"type":"LineString","coordinates":[[-67.96455,10.21139],[-67.96479,10.21138]]}},{"type":"Feature","id":"way/479383538","properties":{"highway":"primary_link"},"geometry":{"type":"LineString","coordinates":[[-67.96213,10.26933],[-67.96254,10.26775]]}},{"type":"Feature","id":"way/501466640","properties":{"name":"Avenida Lara","highway":"tertiary","ref":"L-1"},"geometry":{"type":"LineString","coordinates":[[-67.99098,10.17976],[-67.99207,10.17961]]}},{"type":"Feature","id":"way/501466643","properties":{"name":"Avenida Lara","highway":"tertiary","ref":"L-1"},"geometry":{"type":"LineString","coordinates":[[-67.99593,10.17912],[-67.99854,10.17908]]}},{"type":"Feature","id":"way/501466757","properties":{"name":"Avenida 105 Cedeno","highway":"secondary","ref":"L-1"},"geometry":{"type":"LineString","coordinates":[[-68.00967,10.18607],[-68.00792,10.18629]]}},{"type":"Feature","id":"way/501466761","properties":{"name":"Avenida 105 Cedeno","highway":"secondary","ref":"L-1"},"geometry":{"type":"LineString","coordinates":[[-68.00792,10.18629],[-68.00607,10.1865]]}},{"type":"Feature","id":"way/501466763","properties":{"name":"Avenida 105 Cedeno","highway":"secondary","ref":"L-1"},"geometry":{"type":"LineString","coordinates":[[-68.007,10.1865],[-68.00888,10.18626]]}},{"type":"Feature","id":"way/501466765","properties":{"name":"Avenida 105 Cedeno","highway":"secondary","ref":"L-1"},"geometry":{"type":"LineString","coordinates":[[-68.00607,10.1865],[-68.00251,10.18694]]}},{"type":"Feature","id":"way/501466767","properties":{"name":"Avenida 105 Cedeno","highway":"secondary","ref":"L-1"},"geometry":{"type":"LineString","coordinates":[[-68.00517,10.1867],[-68.007,10.1865]]}},{"type":"Feature","id":"way/501467141","properties":{"name":"Avenida 105 Cedeno","highway":"secondary","ref":"L-1"},"geometry":{"type":"LineString","coordinates":[[-68.00343,10.18691],[-68.00517,10.1867]]}},{"type":"Feature","id":"way/501467143","properties":{"name":"Avenida 105 Cedeno","highway":"secondary","ref":"L-1"},"geometry":{"type":"LineString","coordinates":[[-68.00251,10.18694],[-68.00092,10.18729]]}},{"type":"Feature","id":"way/501467145","properties":{"name":"Avenida 105 Cedeno","highway":"secondary","ref":"L-1"},"geometry":{"type":"LineString","coordinates":[[-68.00172,10.1872],[-68.00343,10.18691]]}},{"type":"Feature","id":"way/501467147","properties":{"name":"Avenida 105 Cedeno","highway":"secondary","ref":"L-1"},"geometry":{"type":"LineString","coordinates":[[-68.00092,10.18729],[-67.99932,10.18769]]}},{"type":"Feature","id":"way/509472685","properties":{"name":"Distribuidor: Naguanagua","highway":"motorway_link"},"geometry":{"type":"LineString","coordinates":[[-68.00557,10.25504],[-68.00528,10.25469]]}},{"type":"Feature","id":"way/509483904","properties":{"highway":"motorway_link"},"geometry":{"type":"LineString","coordinates":[[-67.80518,10.25991],[-67.80514,10.2597]]}},{"type":"Feature","id":"way/509483912","properties":{"name":"Carretera Nacional San Joaqu\u00edn - Mariara","highway":"primary","ref":"L-1"},"geometry":{"type":"LineString","coordinates":[[-67.72905,10.28913],[-67.7419,10.28236],[-67.76293,10.28169],[-67.77626,10.26775],[-67.78237,10.26457],[-67.78385,10.26285]]}},{"type":"Feature","id":"way/509483924","properties":{"highway":"motorway_link"},"geometry":{"type":"LineString","coordinates":[[-67.70724,10.28063],[-67.70551,10.28]]}},{"type":"Feature","id":"way/509483925","properties":{"highway":"motorway_link"},"geometry":{"type":"LineString","coordinates":[[-67.70526,10.27997],[-67.70378,10.28021]]}},{"type":"Feature","id":"way/509483928","properties":{"name":"Carretera Nacional Maracay - Mariara","highway":"primary","ref":"L-1"},"geometry":{"type":"LineString","coordinates":[[-67.6755,10.25713],[-67.67445,10.2607],[-67.67157,10.2623],[-67.66767,10.26727],[-67.66733,10.26916],[-67.66864,10.2733],[-67.66765,10.27694],[-67.66905,10.27804],[-67.68205,10.27902],[-67.68735,10.28124]]}},{"type":"Feature","id":"way/509485547","properties":{"name":"Autopista Regional del Centro","highway":"motorway","ref":"T-1"},"geometry":{"type":"LineString","coordinates":[[-67.6666,10.27106],[-67.66769,10.2714]]}},{"type":"Feature","id":"way/509485548","properties":{"name":"T\u00fanel La Cabrera","highway":"motorway","ref":"T-1"},"geometry":{"type":"LineString","coordinates":[[-67.66667,10.27088],[-67.66218,10.26973]]}},{"type":"Feature","id":"way/510773890","properties":{"name":"V\u00eda a Vigirima","highway":"secondary","ref":"L-5"},"geometry":{"type":"LineString","coordinates":[[-67.88069,10.23482],[-67.89061,10.25113]]}},{"type":"Feature","id":"way/510773891","properties":{"name":"Distribuidor Negro Primero","highway":"motorway_link"},"geometry":{"type":"LineString","coordinates":[[-67.8794,10.23276],[-67.87777,10.23374]]}},{"type":"Feature","id":"way/510773892","properties":{"name":"Distribuidor Negro Primero","highway":"motorway_link"},"geometry":{"type":"LineString","coordinates":[[-67.88024,10.23402],[-67.88168,10.23315]]}},{"type":"Feature","id":"way/510773893","properties":{"name":"Distribuidor Negro Primero","highway":"motorway_link"},"geometry":{"type":"LineString","coordinates":[[-67.88003,10.23385],[-67.87846,10.23445],[-67.87866,10.23379]]}},{"type":"Feature","id":"way/510773894","properties":{"highway":"secondary","ref":"L-5"},"geometry":{"type":"LineString","coordinates":[[-67.88069,10.23482],[-67.8803,10.23412]]}},{"type":"Feature","id":"way/510773895","properties":{"highway":"secondary","ref":"L-5"},"geometry":{"type":"LineString","coordinates":[[-67.87867,10.23259],[-67.88025,10.23416]]}},{"type":"Feature","id":"way/510830034","properties":{"highway":"primary_link"},"geometry":{"type":"LineString","coordinates":[[-67.96957,10.18309],[-67.96939,10.18296]]}},{"type":"Feature","id":"way/510830035","properties":{"highway":"primary_link"},"geometry":{"type":"LineString","coordinates":[[-67.96985,10.18306],[-67.96945,10.18321]]}},{"type":"Feature","id":"way/510830036","properties":{"name":"Avenida Industrial Michelena","highway":"primary","ref":"T-11;L-6"},"geometry":{"type":"LineString","coordinates":[[-67.96942,10.18311],[-67.96939,10.18296]]}},{"type":"Feature","id":"way/510830037","properties":{"name":"Distribuidor Industrial II","highway":"secondary","ref":"L-1"},"geometry":{"type":"LineString","coordinates":[[-67.96942,10.18311],[-67.96932,10.18312]]}},{"type":"Feature","id":"way/510831382","properties":{"name":"Avenida Industrial Michelena","highway":"primary","ref":"T-11;L-6;R-1"},"geometry":{"type":"LineString","coordinates":[[-67.96945,10.18321],[-67.96942,10.18311]]}},{"type":"Feature","id":"way/510831389","properties":{"highway":"primary_link"},"geometry":{"type":"LineString","coordinates":[[-67.96945,10.18321],[-67.96936,10.18331]]}},{"type":"Feature","id":"way/510832843","properties":{"highway":"tertiary","ref":"L-1"},"geometry":{"type":"LineString","coordinates":[[-67.97321,10.18356],[-67.9821,10.18176]]}},{"type":"Feature","id":"way/510856821","properties":{"highway":"trunk_link"},"geometry":{"type":"LineString","coordinates":[[-67.98665,10.17617],[-67.98717,10.17778]]}},{"type":"Feature","id":"way/510863608","properties":{"highway":"trunk_link"},"geometry":{"type":"LineString","coordinates":[[-67.98647,10.17628],[-67.98676,10.17624]]}},{"type":"Feature","id":"way/510884892","properties":{"name":"Avenida Bol\u00edvar Norte","highway":"secondary","ref":"L-1"},"geometry":{"type":"LineString","coordinates":[[-68.0111,10.22935],[-68.01025,10.22452]]}},{"type":"Feature","id":"way/511329289","properties":{"name":"Avenida Universidad","highway":"secondary","ref":"L-1"},"geometry":{"type":"LineString","coordinates":[[-68.01174,10.23469],[-68.01176,10.23481]]}},{"type":"Feature","id":"way/511329291","properties":{"name":"Avenida Universidad","highway":"secondary","ref":"L-1"},"geometry":{"type":"LineString","coordinates":[[-68.01177,10.23489],[-68.0123,10.23835]]}},{"type":"Feature","id":"way/511329293","properties":{"name":"Avenida Salvador Feo La Cruz","highway":"tertiary"},"geometry":{"type":"LineString","coordinates":[[-68.01177,10.23489],[-68.01187,10.23488]]}},{"type":"Feature","id":"way/511854628","properties":{"name":"Avenida Salvador Feo La Cruz","highway":"tertiary"},"geometry":{"type":"LineString","coordinates":[[-68.00823,10.23514],[-68.00809,10.23515]]}},{"type":"Feature","id":"way/511854629","properties":{"name":"Avenida Salvador Feo La Cruz","highway":"tertiary"},"geometry":{"type":"LineString","coordinates":[[-68.00664,10.23502],[-68.00147,10.23392]]}},{"type":"Feature","id":"way/513128823","properties":{"name":"Elevado Las Industrias","highway":"primary","ref":"T-11;L-6"},"geometry":{"type":"LineString","coordinates":[[-67.96177,10.16436],[-67.96293,10.16589]]}},{"type":"Feature","id":"way/513128828","properties":{"name":"Avenida Industrial Michelena","highway":"primary","ref":"T-11;L-6"},"geometry":{"type":"LineString","coordinates":[[-67.96249,10.16515],[-67.96221,10.16477]]}},{"type":"Feature","id":"way/513128834","properties":{"name":"Avenida Industrial Michelena","highway":"primary","ref":"T-11;L-6"},"geometry":{"type":"LineString","coordinates":[[-67.96319,10.16604],[-67.96305,10.16581]]}},{"type":"Feature","id":"way/513128836","properties":{"name":"Elevado Las Industrias","highway":"primary","ref":"T-11;L-6"},"geometry":{"type":"LineString","coordinates":[[-67.963,10.16586],[-67.96183,10.16435]]}},{"type":"Feature","id":"way/513128840","properties":{"name":"Avenida Industrial Michelena","highway":"primary","ref":"T-11;L-6"},"geometry":{"type":"LineString","coordinates":[[-67.96165,10.16394],[-67.9612,10.16253]]}},{"type":"Feature","id":"way/513128853","properties":{"name":"Avenida Industrial Michelena","highway":"primary","ref":"T-11;L-6"},"geometry":{"type":"LineString","coordinates":[[-67.96209,10.1646],[-67.96193,10.16437]]}},{"type":"Feature","id":"way/513128858","properties":{"name":"Avenida Industrial Michelena","highway":"primary","ref":"T-11;L-6"},"geometry":{"type":"LineString","coordinates":[[-67.96193,10.16437],[-67.96165,10.16394]]}},{"type":"Feature","id":"way/513128861","properties":{"name":"Avenida Industrial Michelena","highway":"primary","ref":"T-11;L-6"},"geometry":{"type":"LineString","coordinates":[[-67.96305,10.16581],[-67.96249,10.16515]]}},{"type":"Feature","id":"way/513131897","properties":{"name":"Avenida Industrial Michelena","highway":"primary","ref":"T-11;L-6"},"geometry":{"type":"LineString","coordinates":[[-67.96315,10.16611],[-67.96703,10.1703],[-67.96932,10.18312]]}},{"type":"Feature","id":"way/513752917","properties":{"highway":"primary_link"},"geometry":{"type":"LineString","coordinates":[[-67.96842,10.19651],[-67.96847,10.19608]]}},{"type":"Feature","id":"way/513754983","properties":{"highway":"primary_link"},"geometry":{"type":"LineString","coordinates":[[-67.96402,10.20884],[-67.96419,10.20896]]}},{"type":"Feature","id":"way/524714348","properties":{"name":"Avenida Ar\u00e1nzazu","highway":"secondary"},"geometry":{"type":"LineString","coordinates":[[-68.01648,10.14789],[-68.01337,10.15831]]}},{"type":"Feature","id":"way/525150022","properties":{"name":"Avenida 100 Bol\u00edvar Sur","highway":"tertiary"},"geometry":{"type":"LineString","coordinates":[[-68.00008,10.15784],[-67.99785,10.14823]]}},{"type":"Feature","id":"way/529074159","properties":{"name":"Avenida Las Ferias","highway":"tertiary"},"geometry":{"type":"LineString","coordinates":[[-68.00049,10.16253],[-68.00056,10.16294]]}},{"type":"Feature","id":"way/529074161","properties":{"name":"Avenida 100 Bol\u00edvar Sur","highway":"tertiary"},"geometry":{"type":"LineString","coordinates":[[-68.00069,10.16286],[-68.00008,10.15784]]}},{"type":"Feature","id":"way/529089336","properties":{"name":"Avenida Valencia - Campo Carabobo","highway":"tertiary","ref":"R-6"},"geometry":{"type":"LineString","coordinates":[[-68.04145,10.14725],[-68.03917,10.14887]]}},{"type":"Feature","id":"way/529091234","properties":{"highway":"trunk_link"},"geometry":{"type":"LineString","coordinates":[[-68.04378,10.14505],[-68.04438,10.14459]]}},{"type":"Feature","id":"way/529210208","properties":{"name":"Avenida Valencia - Campo Carabobo","highway":"tertiary","ref":"R-7;R-25"},"geometry":{"type":"LineString","coordinates":[[-68.09181,10.09134],[-68.09145,10.09184]]}},{"type":"Feature","id":"way/529210211","properties":{"name":"Puente de Tocuyito","highway":"tertiary","ref":"R-7"},"geometry":{"type":"LineString","coordinates":[[-68.09275,10.09164],[-68.09235,10.09155]]}},{"type":"Feature","id":"way/529210212","properties":{"name":"Avenida Valencia - Campo Carabobo","highway":"tertiary"},"geometry":{"type":"LineString","coordinates":[[-68.09181,10.09134],[-68.09449,10.08728]]}},{"type":"Feature","id":"way/529450868","properties":{"highway":"tertiary"},"geometry":{"type":"LineString","coordinates":[[-68.06559,10.12105],[-68.06504,10.12168]]}},{"type":"Feature","id":"way/530295035","properties":{"name":"Avenida Principal Nueva Valencia","highway":"tertiary"},"geometry":{"type":"LineString","coordinates":[[-68.06925,10.12534],[-68.07771,10.13267],[-68.07636,10.13746]]}},{"type":"Feature","id":"way/530295036","properties":{"name":"Avenida Principal Nueva Valencia","highway":"tertiary"},"geometry":{"type":"LineString","coordinates":[[-68.06925,10.12534],[-68.06559,10.12211]]}},{"type":"Feature","id":"way/530295037","properties":{"name":"Avenida Principal Nueva Valencia","highway":"tertiary"},"geometry":{"type":"LineString","coordinates":[[-68.06419,10.12107],[-68.06478,10.12158]]}},{"type":"Feature","id":"way/530295040","properties":{"name":"Avenida Principal Nueva Valencia","highway":"tertiary"},"geometry":{"type":"LineString","coordinates":[[-68.06559,10.12211],[-68.06504,10.12168]]}},{"type":"Feature","id":"way/530295041","properties":{"name":"Avenida Principal Nueva Valencia","highway":"tertiary"},"geometry":{"type":"LineString","coordinates":[[-68.06478,10.12158],[-68.06498,10.12175]]}},{"type":"Feature","id":"way/530295042","properties":{"name":"Avenida Principal Nueva Valencia","highway":"tertiary"},"geometry":{"type":"LineString","coordinates":[[-68.06484,10.12152],[-68.06426,10.121]]}},{"type":"Feature","id":"way/530295043","properties":{"highway":"tertiary"},"geometry":{"type":"LineString","coordinates":[[-68.06425,10.12247],[-68.06498,10.12175]]}},{"type":"Feature","id":"way/530295044","properties":{"highway":"tertiary"},"geometry":{"type":"LineString","coordinates":[[-68.06425,10.12247],[-68.06497,10.12163]]}},{"type":"Feature","id":"way/530295045","properties":{"name":"Avenida Principal Nueva Valencia","highway":"tertiary"},"geometry":{"type":"LineString","coordinates":[[-68.06498,10.12175],[-68.06925,10.12534]]}},{"type":"Feature","id":"way/530295046","properties":{"highway":"tertiary"},"geometry":{"type":"LineString","coordinates":[[-68.06498,10.12175],[-68.06504,10.12168]]}},{"type":"Feature","id":"way/530295047","properties":{"name":"Avenida Principal Nueva Valencia","highway":"tertiary"},"geometry":{"type":"LineString","coordinates":[[-68.06426,10.121],[-68.06416,10.12091]]}},{"type":"Feature","id":"way/530295048","properties":{"name":"Avenida Principal Nueva Valencia","highway":"tertiary"},"geometry":{"type":"LineString","coordinates":[[-68.06409,10.12099],[-68.06419,10.12107]]}},{"type":"Feature","id":"way/530295049","properties":{"name":"Avenida Principal Nueva Valencia","highway":"tertiary"},"geometry":{"type":"LineString","coordinates":[[-68.06504,10.12168],[-68.06484,10.12152]]}},{"type":"Feature","id":"way/531484759","properties":{"name":"Puente de Tocuyito","highway":"tertiary","ref":"R-7"},"geometry":{"type":"LineString","coordinates":[[-68.09235,10.09155],[-68.09181,10.09134]]}},{"type":"Feature","id":"way/532644078","properties":{"name":"Avenida Lara","highway":"tertiary","ref":"L-1"},"geometry":{"type":"LineString","coordinates":[[-67.99703,10.17891],[-67.99591,10.17899]]}},{"type":"Feature","id":"way/532644080","properties":{"name":"Avenida Lara","highway":"tertiary","ref":"L-1"},"geometry":{"type":"LineString","coordinates":[[-67.99207,10.17961],[-67.99581,10.17914]]}},{"type":"Feature","id":"way/532651250","properties":{"name":"Autopista Regional del Centro","highway":"motorway","ref":"T-1"},"geometry":{"type":"LineString","coordinates":[[-67.97811,10.18245],[-67.97308,10.18328]]}},{"type":"Feature","id":"way/532651252","properties":{"highway":"motorway_link"},"geometry":{"type":"LineString","coordinates":[[-67.98752,10.18196],[-67.98758,10.18312]]}},{"type":"Feature","id":"way/532651264","properties":{"name":"Retorno","highway":"primary_link"},"geometry":{"type":"LineString","coordinates":[[-67.97008,10.19259],[-67.97031,10.19281]]}},{"type":"Feature","id":"way/532655110","properties":{"highway":"primary_link"},"geometry":{"type":"LineString","coordinates":[[-67.96474,10.21168],[-67.96453,10.21155]]}},{"type":"Feature","id":"way/532655116","properties":{"highway":"primary_link"},"geometry":{"type":"LineString","coordinates":[[-67.96408,10.21311],[-67.96391,10.21309]]}},{"type":"Feature","id":"way/532655118","properties":{"highway":"primary_link"},"geometry":{"type":"LineString","coordinates":[[-67.96337,10.21739],[-67.96363,10.21739]]}},{"type":"Feature","id":"way/532657265","properties":{"highway":"primary_link"},"geometry":{"type":"LineString","coordinates":[[-67.96354,10.21961],[-67.96326,10.21963]]}},{"type":"Feature","id":"way/532659044","properties":{"name":"Arterial 4","highway":"tertiary"},"geometry":{"type":"LineString","coordinates":[[-67.95973,10.21431],[-67.95748,10.2147]]}},{"type":"Feature","id":"way/532659046","properties":{"name":"Avenida El Parque","highway":"tertiary"},"geometry":{"type":"LineString","coordinates":[[-67.95973,10.21419],[-67.95973,10.21431]]}},{"type":"Feature","id":"way/532659047","properties":{"name":"Arterial 4","highway":"tertiary"},"geometry":{"type":"LineString","coordinates":[[-67.95973,10.21431],[-67.96313,10.21429]]}},{"type":"Feature","id":"way/533522634","properties":{"name":"Avenida Arterial II","highway":"tertiary"},"geometry":{"type":"LineString","coordinates":[[-67.95135,10.1952],[-67.95093,10.18944]]}},{"type":"Feature","id":"way/533522635","properties":{"name":"Avenida Arterial II","highway":"tertiary"},"geometry":{"type":"LineString","coordinates":[[-67.95258,10.19899],[-67.95135,10.1952]]}},{"type":"Feature","id":"way/533522637","properties":{"name":"Av. Sim\u00f3n Rodr\u00edguez","highway":"tertiary"},"geometry":{"type":"LineString","coordinates":[[-67.95258,10.19899],[-67.95473,10.20729]]}},{"type":"Feature","id":"way/534133611","properties":{"highway":"primary_link"},"geometry":{"type":"LineString","coordinates":[[-67.9642,10.22191],[-67.96383,10.22127]]}},{"type":"Feature","id":"way/534588663","properties":{"highway":"primary_link"},"geometry":{"type":"LineString","coordinates":[[-67.96547,10.23055],[-67.96542,10.231]]}},{"type":"Feature","id":"way/534591823","properties":{"highway":"primary_link"},"geometry":{"type":"LineString","coordinates":[[-67.96604,10.23533],[-67.96589,10.23667]]}},{"type":"Feature","id":"way/534642491","properties":{"highway":"primary_link"},"geometry":{"type":"LineString","coordinates":[[-67.96386,10.24328],[-67.96359,10.24381]]}},{"type":"Feature","id":"way/534654651","properties":{"highway":"primary_link"},"geometry":{"type":"LineString","coordinates":[[-67.96399,10.24689],[-67.96379,10.24623]]}},{"type":"Feature","id":"way/534654683","properties":{"name":"Retorno","highway":"primary_link"},"geometry":{"type":"LineString","coordinates":[[-67.96333,10.25],[-67.96364,10.24994]]}},{"type":"Feature","id":"way/534663021","properties":{"highway":"tertiary","ref":"R-1"},"geometry":{"type":"LineString","coordinates":[[-67.95833,10.25793],[-67.95494,10.25737]]}},{"type":"Feature","id":"way/534663026","properties":{"highway":"tertiary","ref":"R-1"},"geometry":{"type":"LineString","coordinates":[[-67.95955,10.25853],[-67.96041,10.2589]]}},{"type":"Feature","id":"way/534663035","properties":{"highway":"tertiary","ref":"R-1"},"geometry":{"type":"LineString","coordinates":[[-67.95494,10.25737],[-67.95955,10.25853]]}},{"type":"Feature","id":"way/534666094","properties":{"name":"Calle P\u00e1ez","highway":"tertiary","ref":"R-1"},"geometry":{"type":"LineString","coordinates":[[-67.95475,10.25815],[-67.95494,10.25737]]}},{"type":"Feature","id":"way/534966873","properties":{"highway":"tertiary","ref":"R-1"},"geometry":{"type":"LineString","coordinates":[[-67.96041,10.2589],[-67.96056,10.25895]]}},{"type":"Feature","id":"way/535322456","properties":{"name":"Retorno","highway":"primary_link"},"geometry":{"type":"LineString","coordinates":[[-67.96296,10.26058],[-67.96278,10.26056]]}},{"type":"Feature","id":"way/535344704","properties":{"name":"Avenida Intercomunal Don Julio Centeno","highway":"primary","ref":"R-1"},"geometry":{"type":"LineString","coordinates":[[-67.96306,10.25892],[-67.96343,10.25265]]}},{"type":"Feature","id":"way/535344705","properties":{"highway":"tertiary","ref":"R-1"},"geometry":{"type":"LineString","coordinates":[[-67.96277,10.2589],[-67.96044,10.25866]]}},{"type":"Feature","id":"way/535349707","properties":{"name":"Avenida Intercomunal Don Julio Centeno","highway":"primary","ref":"R-1"},"geometry":{"type":"LineString","coordinates":[[-67.96304,10.25919],[-67.96306,10.25892]]}},{"type":"Feature","id":"way/535545870","properties":{"name":"V\u00eda a San Esteban","highway":"tertiary","ref":"R-4"},"geometry":{"type":"LineString","coordinates":[[-68.01343,10.42788],[-68.01422,10.43027],[-68.0128,10.43365],[-68.01343,10.43488],[-68.01124,10.43729],[-68.01677,10.44154],[-68.01719,10.44272],[-68.01574,10.44402],[-68.01703,10.44553],[-68.0167,10.44743],[-68.01955,10.44904],[-68.02011,10.45044],[-68.01519,10.45346],[-68.01331,10.46014]]}},{"type":"Feature","id":"way/535552207","properties":{"highway":"tertiary","ref":"R-12"},"geometry":{"type":"LineString","coordinates":[[-68.27408,10.2196],[-68.27545,10.22798],[-68.27494,10.23049]]}},{"type":"Feature","id":"way/535552213","properties":{"name":"Carretera Montalb\u00e1n - Aguirre","highway":"tertiary","ref":"R-12"},"geometry":{"type":"LineString","coordinates":[[-68.27494,10.23049],[-68.28644,10.22944],[-68.29202,10.23114],[-68.30404,10.22358],[-68.31308,10.22358],[-68.32572,10.21793]]}},{"type":"Feature","id":"way/535552224","properties":{"name":"Avenida Bol\u00edvar","highway":"tertiary","ref":"R-13"},"geometry":{"type":"LineString","coordinates":[[-68.32656,10.2138],[-68.31715,10.21153],[-68.31086,10.20799]]}},{"type":"Feature","id":"way/543212546","properties":{"highway":"tertiary","ref":"R-9"},"geometry":{"type":"LineString","coordinates":[[-67.93937,10.19212],[-67.93948,10.19301],[-67.94227,10.1914]]}},{"type":"Feature","id":"way/543212547","properties":{"highway":"motorway_link"},"geometry":{"type":"LineString","coordinates":[[-67.94263,10.1912],[-67.9437,10.19013]]}},{"type":"Feature","id":"way/543212551","properties":{"name":"Calle Negro Primero","highway":"tertiary","ref":"R-9"},"geometry":{"type":"LineString","coordinates":[[-67.94091,10.19091],[-67.94029,10.18823]]}},{"type":"Feature","id":"way/547939884","properties":{"name":"Carretera Panamericana Nirgua - Tocuyito","highway":"trunk","ref":"T-11"},"geometry":{"type":"LineString","coordinates":[[-68.41338,10.14061],[-68.41307,10.14057]]}},{"type":"Feature","id":"way/556551168","properties":{"name":"Calle Anzoategui","highway":"tertiary","ref":"R-3"},"geometry":{"type":"LineString","coordinates":[[-68.39998,10.14451],[-68.40199,10.13906]]}},{"type":"Feature","id":"way/556551170","properties":{"highway":"tertiary","ref":"R-3"},"geometry":{"type":"LineString","coordinates":[[-68.40082,10.15029],[-68.39998,10.14451]]}},{"type":"Feature","id":"way/556739419","properties":{"highway":"tertiary","ref":"R-12"},"geometry":{"type":"LineString","coordinates":[[-68.27243,10.23363],[-68.27063,10.23346]]}},{"type":"Feature","id":"way/556739421","properties":{"highway":"tertiary","ref":"R-12"},"geometry":{"type":"LineString","coordinates":[[-68.27494,10.23049],[-68.27243,10.23363]]}},{"type":"Feature","id":"way/556746119","properties":{"name":"V\u00eda Principal de Casupito","highway":"secondary","ref":"L-3"},"geometry":{"type":"LineString","coordinates":[[-68.18591,10.17055],[-68.1853,10.16858],[-68.18826,10.16518],[-68.18947,10.16047],[-68.19261,10.15444],[-68.19698,10.15083],[-68.19607,10.14213]]}},{"type":"Feature","id":"way/556746125","properties":{"highway":"tertiary","ref":"R-6"},"geometry":{"type":"LineString","coordinates":[[-68.12153,10.11098],[-68.1039,10.11967]]}},{"type":"Feature","id":"way/556746127","properties":{"highway":"tertiary","ref":"R-6"},"geometry":{"type":"LineString","coordinates":[[-68.1039,10.11967],[-68.0955,10.12541],[-68.09007,10.13043],[-68.07614,10.13758],[-68.06981,10.14209],[-68.06423,10.14408],[-68.04994,10.15274],[-68.03602,10.15354]]}},{"type":"Feature","id":"way/556746131","properties":{"highway":"tertiary","ref":"R-7"},"geometry":{"type":"LineString","coordinates":[[-68.09504,10.09227],[-68.09646,10.0994],[-68.10008,10.10527],[-68.10282,10.10775],[-68.1039,10.11967]]}},{"type":"Feature","id":"way/556746133","properties":{"name":"Calle Arvelo","highway":"tertiary"},"geometry":{"type":"LineString","coordinates":[[-68.09504,10.09227],[-68.09602,10.09209]]}},{"type":"Feature","id":"way/556746137","properties":{"name":"Avenida Valencia - Campo Carabobo","highway":"tertiary","ref":"R-7;R-25"},"geometry":{"type":"LineString","coordinates":[[-68.09067,10.09289],[-68.09145,10.09184]]}},{"type":"Feature","id":"way/556749892","properties":{"name":"Carretera Arenosa - Dominguera","highway":"tertiary","ref":"R-7"},"geometry":{"type":"LineString","coordinates":[[-68.07776,9.90286],[-68.07914,9.90159],[-68.08205,9.90143],[-68.08372,9.90336],[-68.0863,9.90431],[-68.08695,9.91276],[-68.08967,9.91944],[-68.09285,9.92233],[-68.09337,9.92932],[-68.09189,9.9317],[-68.09349,9.93304],[-68.09284,9.9376],[-68.09122,9.94101],[-68.09159,9.94576],[-68.09355,9.94839],[-68.09344,9.94988],[-68.09252,9.95071],[-68.09274,9.95469],[-68.09099,9.96101],[-68.09156,9.96407],[-68.09047,9.96605],[-68.08912,9.96573],[-68.08898,9.96706],[-68.09214,9.97247],[-68.09373,9.98423],[-68.09628,9.98736],[-68.09538,9.99052],[-68.0929,9.99346]]}},{"type":"Feature","id":"way/556749893","properties":{"name":"Avenida Valencia - Campo Carabobo","highway":"tertiary"},"geometry":{"type":"LineString","coordinates":[[-68.09069,10.09202],[-68.08414,10.09892]]}},{"type":"Feature","id":"way/556760957","properties":{"highway":"secondary","ref":"R-5"},"geometry":{"type":"LineString","coordinates":[[-68.03694,10.46201],[-68.04172,10.46475],[-68.0399,10.46726]]}},{"type":"Feature","id":"way/556760965","properties":{"highway":"secondary","ref":"R-5"},"geometry":{"type":"LineString","coordinates":[[-68.05162,10.45746],[-68.05257,10.45673]]}},{"type":"Feature","id":"way/556760967","properties":{"highway":"secondary","ref":"R-5"},"geometry":{"type":"LineString","coordinates":[[-68.05044,10.45532],[-68.05099,10.45486]]}},{"type":"Feature","id":"way/557019540","properties":{"name":"Autopista Valencia - Puerto Cabello","highway":"trunk","ref":"T-1"},"geometry":{"type":"LineString","coordinates":[[-68.02961,10.28827],[-68.02805,10.28303],[-68.02232,10.27749]]}},{"type":"Feature","id":"way/557021408","properties":{"name":"Avenida Industrial Michelena","highway":"primary","ref":"T-11;L-6;R-1"},"geometry":{"type":"LineString","coordinates":[[-67.96956,10.18367],[-67.96945,10.18321]]}},{"type":"Feature","id":"way/557026259","properties":{"name":"Avenida Jos\u00e9 Rafael Pocaterra","highway":"tertiary"},"geometry":{"type":"LineString","coordinates":[[-67.90271,10.24976],[-67.89322,10.23254],[-67.89496,10.22915],[-67.89119,10.22481]]}},{"type":"Feature","id":"way/557026267","properties":{"name":"V\u00eda a Vigirima","highway":"secondary","ref":"L-5"},"geometry":{"type":"LineString","coordinates":[[-67.89026,10.25214],[-67.89061,10.25128]]}},{"type":"Feature","id":"way/557029392","properties":{"name":"Carretera Nacional Valencia - Guacara","highway":"tertiary","ref":"L-1"},"geometry":{"type":"LineString","coordinates":[[-67.9816,10.18122],[-67.97039,10.18297]]}},{"type":"Feature","id":"way/557029393","properties":{"name":"Avenida Lara","highway":"tertiary","ref":"L-1"},"geometry":{"type":"LineString","coordinates":[[-68.01117,10.17712],[-68.01049,10.17718]]}},{"type":"Feature","id":"way/557032712","properties":{"name":"Avenida Al\u00ed Primera","highway":"secondary"},"geometry":{"type":"LineString","coordinates":[[-67.94365,10.16833],[-67.96106,10.16541]]}},{"type":"Feature","id":"way/557032715","properties":{"name":"Avenida 100 Bol\u00edvar Sur","highway":"tertiary"},"geometry":{"type":"LineString","coordinates":[[-67.99755,10.14783],[-67.9994,10.15397],[-68.00049,10.16253]]}},{"type":"Feature","id":"way/557032716","properties":{"name":"Avenida Sesquicentenario","highway":"secondary"},"geometry":{"type":"LineString","coordinates":[[-67.99603,10.14756],[-67.9917,10.14675],[-67.98785,10.14787],[-67.98449,10.15409]]}},{"type":"Feature","id":"way/557032717","properties":{"name":"Avenida Sesquicentenario","highway":"secondary"},"geometry":{"type":"LineString","coordinates":[[-67.99902,10.14695],[-68.00114,10.14525],[-68.00188,10.14212],[-68.01214,10.14124]]}},{"type":"Feature","id":"way/557035159","properties":{"name":"Avenida Industrial Michelena","highway":"primary","ref":"T-11;L-6"},"geometry":{"type":"LineString","coordinates":[[-67.92438,10.13056],[-67.92968,10.13715]]}},{"type":"Feature","id":"way/557035165","properties":{"name":"Avenida Industrial Michelena","highway":"primary","ref":"T-11"},"geometry":{"type":"LineString","coordinates":[[-67.9251,10.13099],[-67.92193,10.12977]]}},{"type":"Feature","id":"way/557035166","properties":{"name":"Avenida Industrial Michelena","highway":"primary","ref":"T-11;L-6"},"geometry":{"type":"LineString","coordinates":[[-67.92968,10.13715],[-67.93019,10.13742]]}},{"type":"Feature","id":"way/557039149","properties":{"name":"Carretera Intercomunal","highway":"secondary","ref":"T-11;L-6"},"geometry":{"type":"LineString","coordinates":[[-67.91386,10.08443],[-67.92063,10.08628],[-67.92341,10.08877],[-67.92452,10.09401],[-67.92521,10.11056],[-67.92464,10.12063]]}},{"type":"Feature","id":"way/557041353","properties":{"name":"Carretera Boquer\u00f3n - Los Naranjos","highway":"secondary","ref":"R-14"},"geometry":{"type":"LineString","coordinates":[[-67.91707,10.04741],[-67.9201,10.03919],[-67.91817,10.02873],[-67.92006,10.02803],[-67.92151,10.02586],[-67.92073,10.02305],[-67.92262,10.02228],[-67.92353,10.02314],[-67.9242,10.02193],[-67.92498,10.02225],[-67.92541,10.01966],[-67.92709,10.0175],[-67.92702,10.01479],[-67.92848,10.01372],[-67.93025,10.00991],[-67.92752,10.0072],[-67.9222,10.0057],[-67.92096,10.00047],[-67.91741,9.99804],[-67.917,9.99545],[-67.91565,9.99404],[-67.91384,9.99383],[-67.9147,9.98793],[-67.91333,9.98831],[-67.91298,9.98548],[-67.91226,9.98563],[-67.91291,9.98366],[-67.91187,9.98335],[-67.91209,9.98434],[-67.91092,9.98442],[-67.90945,9.98319],[-67.90335,9.97497],[-67.8999,9.96804],[-67.90018,9.96228],[-67.89806,9.9614],[-67.89777,9.9601],[-67.90046,9.95652]]}},{"type":"Feature","id":"way/557041355","properties":{"name":"Carretera Los Naranjos - El Pao","highway":"tertiary","ref":"R-14"},"geometry":{"type":"LineString","coordinates":[[-67.90046,9.95652],[-67.90436,9.95482],[-67.90699,9.95591],[-67.9098,9.95572],[-67.91328,9.95461],[-67.91456,9.95265],[-67.91599,9.95227],[-67.91437,9.94961],[-67.91528,9.94706],[-67.91487,9.94283],[-67.91687,9.94015],[-67.91989,9.93943],[-67.92126,9.9374],[-67.92124,9.93394],[-67.92604,9.9322],[-67.92814,9.93029],[-67.93127,9.93047],[-67.93271,9.92914],[-67.93309,9.92515],[-67.93197,9.92286],[-67.93275,9.91625],[-67.93429,9.91208],[-67.93855,9.90881],[-67.94262,9.90719],[-67.9507,9.90881],[-67.95248,9.90614],[-67.95268,9.90361],[-67.95564,9.90387],[-67.95687,9.90307]]}},{"type":"Feature","id":"way/557048749","properties":{"name":"Carretera Regional Magdaleno - Bel\u00e9n","highway":"primary","ref":"R-12"},"geometry":{"type":"LineString","coordinates":[[-67.67939,9.98927],[-67.67449,9.99107],[-67.67409,9.99604],[-67.67307,9.99703],[-67.66482,9.99935],[-67.66034,9.99852],[-67.6571,9.99659],[-67.65368,9.99772],[-67.65437,10.00066],[-67.65262,10.00298],[-67.65284,10.01021],[-67.65067,10.0199],[-67.6549,10.02543],[-67.65664,10.02614],[-67.65374,10.03393],[-67.65503,10.03587],[-67.6566,10.03607],[-67.65648,10.03821],[-67.65797,10.03955],[-67.65687,10.04589],[-67.65881,10.04857],[-67.65575,10.05221],[-67.6554,10.05871],[-67.65069,10.063],[-67.65322,10.0655],[-67.65429,10.06911],[-67.64962,10.077],[-67.65034,10.08363],[-67.65197,10.08727],[-67.65083,10.09061],[-67.65197,10.09246],[-67.65077,10.09268],[-67.65044,10.09727],[-67.64751,10.10154]]}},{"type":"Feature","id":"way/557627720","properties":{"name":"Calle M\u00e1rquez del Toro","highway":"secondary","ref":"L-5"},"geometry":{"type":"LineString","coordinates":[[-67.877,10.22621],[-67.87794,10.23259]]}},{"type":"Feature","id":"way/557627725","properties":{"name":"Avenida Piar","highway":"secondary","ref":"L-5"},"geometry":{"type":"LineString","coordinates":[[-67.87794,10.23259],[-67.87918,10.2324]]}},{"type":"Feature","id":"way/557627729","properties":{"highway":"secondary","ref":"L-5"},"geometry":{"type":"LineString","coordinates":[[-67.87918,10.2324],[-67.8791,10.23233]]}},{"type":"Feature","id":"way/582003286","properties":{"highway":"trunk_link"},"geometry":{"type":"LineString","coordinates":[[-68.14671,10.02012],[-68.14125,10.02693]]}},{"type":"Feature","id":"way/582003298","properties":{"highway":"trunk_link"},"geometry":{"type":"LineString","coordinates":[[-68.15873,10.00849],[-68.15829,10.00854]]}},{"type":"Feature","id":"way/582003299","properties":{"highway":"trunk_link"},"geometry":{"type":"LineString","coordinates":[[-68.15821,10.0086],[-68.1582,10.00901]]}},{"type":"Feature","id":"way/583801376","properties":{"highway":"primary_link"},"geometry":{"type":"LineString","coordinates":[[-67.9865,10.4577],[-67.98645,10.45767]]}},{"type":"Feature","id":"way/609065237","properties":{"name":"Avenida Intercomunal Don Julio Centeno","highway":"primary","ref":"R-1"},"geometry":{"type":"LineString","coordinates":[[-67.96191,10.27117],[-67.96232,10.26775]]}},{"type":"Feature","id":"way/609065238","properties":{"name":"Avenida Intercomunal Don Julio Centeno","highway":"primary","ref":"R-1"},"geometry":{"type":"LineString","coordinates":[[-67.96171,10.27295],[-67.96191,10.27117]]}},{"type":"Feature","id":"way/609537180","properties":{"name":"Carretera Bel\u00e9n - Manuare","highway":"secondary","ref":"L-6"},"geometry":{"type":"LineString","coordinates":[[-67.80459,9.9644],[-67.78541,9.95687],[-67.78347,9.95728],[-67.77356,9.95405],[-67.76534,9.95664],[-67.75663,9.9537],[-67.7558,9.95198],[-67.75223,9.9507]]}},{"type":"Feature","id":"way/609537182","properties":{"name":"Carretera Bel\u00e9n - Manuare","highway":"secondary","ref":"L-6"},"geometry":{"type":"LineString","coordinates":[[-67.75223,9.9507],[-67.75143,9.95293],[-67.7508,9.9523],[-67.74788,9.95531],[-67.74765,9.95699],[-67.74656,9.95687],[-67.74656,9.95914],[-67.74514,9.96354],[-67.74355,9.96432],[-67.74351,9.96636],[-67.74214,9.9667],[-67.74277,9.96741],[-67.74087,9.9674],[-67.7392,9.96948],[-67.74026,9.97148],[-67.73946,9.97249],[-67.73818,9.97037],[-67.73621,9.97122],[-67.72976,9.97007],[-67.73171,9.97468],[-67.72896,9.97609],[-67.72806,9.97773],[-67.72938,9.97943],[-67.72872,9.98328],[-67.7299,9.98447],[-67.72628,9.98465],[-67.72719,9.98588],[-67.72601,9.9864],[-67.7259,9.98754],[-67.72428,9.9876],[-67.72377,9.98944],[-67.7219,9.98832],[-67.72227,9.98942],[-67.72043,9.99087],[-67.71787,9.99125],[-67.71748,9.99003],[-67.71596,9.991],[-67.70944,9.99001],[-67.70737,9.99546],[-67.70487,9.99708],[-67.70078,9.99763],[-67.69868,9.99653]]}},{"type":"Feature","id":"way/609537185","properties":{"name":"Carretera Noguera - Manuare","highway":"secondary","ref":"L-6"},"geometry":{"type":"LineString","coordinates":[[-67.91707,10.04741],[-67.8992,10.04458],[-67.89927,10.04238],[-67.90188,10.03844],[-67.90225,10.0362],[-67.89978,10.02672],[-67.90096,10.02352],[-67.89887,10.02147],[-67.90204,10.02063],[-67.90293,10.01942],[-67.90242,10.01859],[-67.90103,10.02024],[-67.8988,10.02004],[-67.8983,10.01799],[-67.89393,10.02029],[-67.89246,10.01919],[-67.89149,10.01535],[-67.8926,10.01433],[-67.89047,10.01386],[-67.8911,10.01247],[-67.88566,10.00658],[-67.88741,10.00477],[-67.88562,10.00561],[-67.88464,10.00504],[-67.88468,10.0039],[-67.88619,10.00305],[-67.88439,10.00293],[-67.88316,10.00124],[-67.88307,9.99863],[-67.88414,9.99847],[-67.88365,9.99688],[-67.88201,9.99775],[-67.87982,9.99655],[-67.88045,9.99408],[-67.88019,9.9921],[-67.87938,9.99356],[-67.8796,9.99074],[-67.88115,9.98996],[-67.88136,9.98745],[-67.87984,9.98767],[-67.87853,9.98468],[-67.8742,9.98302],[-67.87115,9.97924],[-67.86486,9.97904],[-67.86316,9.9781],[-67.86371,9.97726],[-67.86217,9.97526],[-67.86241,9.97281],[-67.86017,9.97015],[-67.8611,9.96896],[-67.86027,9.96745],[-67.862,9.963],[-67.8609,9.96106],[-67.85865,9.9616],[-67.8581,9.96087],[-67.85069,9.96494],[-67.84021,9.96653],[-67.83999,9.96411],[-67.83782,9.96363],[-67.83339,9.96486],[-67.82276,9.96471],[-67.82055,9.9656],[-67.81539,9.96518],[-67.81507,9.96413],[-67.81269,9.96377],[-67.81178,9.96485],[-67.81113,9.96352]]}},{"type":"Feature","id":"way/609742407","properties":{"name":"Avenida Intercomunal Don Julio Centeno","highway":"primary","ref":"R-1"},"geometry":{"type":"LineString","coordinates":[[-67.96213,10.26769],[-67.96213,10.26776]]}},{"type":"Feature","id":"way/609742408","properties":{"name":"Avenida Intercomunal Don Julio Centeno","highway":"primary","ref":"R-1"},"geometry":{"type":"LineString","coordinates":[[-67.96232,10.26775],[-67.96232,10.26773]]}},{"type":"Feature","id":"way/610781552","properties":{"highway":"primary_link"},"geometry":{"type":"LineString","coordinates":[[-68.06085,10.47485],[-68.06085,10.47469]]}},{"type":"Feature","id":"way/610781566","properties":{"highway":"primary_link"},"geometry":{"type":"LineString","coordinates":[[-68.02264,10.46657],[-68.02228,10.46693]]}},{"type":"Feature","id":"way/610781567","properties":{"highway":"primary_link"},"geometry":{"type":"LineString","coordinates":[[-68.02288,10.46693],[-68.02264,10.46657]]}},{"type":"Feature","id":"way/610781573","properties":{"highway":"primary_link"},"geometry":{"type":"LineString","coordinates":[[-68.02878,10.46755],[-68.02913,10.4678]]}},{"type":"Feature","id":"way/610781597","properties":{"name":"V\u00eda a San Esteban","highway":"primary_link"},"geometry":{"type":"LineString","coordinates":[[-68.01342,10.46458],[-68.01296,10.4643]]}},{"type":"Feature","id":"way/610781608","properties":{"name":"Avenida Bol\u00edvar","highway":"tertiary","ref":"R-4"},"geometry":{"type":"LineString","coordinates":[[-68.01037,10.46462],[-68.01019,10.46316]]}},{"type":"Feature","id":"way/610781609","properties":{"name":"Avenida Bol\u00edvar","highway":"tertiary","ref":"R-4"},"geometry":{"type":"LineString","coordinates":[[-68.0101,10.46319],[-68.01029,10.46462]]}},{"type":"Feature","id":"way/611261633","properties":{"name":"Carretera Valencia - Dos Bocas","highway":"tertiary"},"geometry":{"type":"LineString","coordinates":[[-68.00054,10.11661],[-68.00089,10.11223]]}},{"type":"Feature","id":"way/611261659","properties":{"highway":"tertiary"},"geometry":{"type":"LineString","coordinates":[[-68.02829,10.12548],[-68.02843,10.12549]]}},{"type":"Feature","id":"way/611261665","properties":{"name":"Redoma Atanasio Girardot","highway":"tertiary"},"geometry":{"type":"LineString","coordinates":[[-68.0418,10.13153],[-68.04199,10.13123]]}},{"type":"Feature","id":"way/611261668","properties":{"name":"Redoma Atanasio Girardot","highway":"tertiary"},"geometry":{"type":"LineString","coordinates":[[-68.04054,10.13171],[-68.0408,10.13184]]}},{"type":"Feature","id":"way/614988814","properties":{"highway":"tertiary"},"geometry":{"type":"LineString","coordinates":[[-68.42288,10.16789],[-68.42238,10.17581]]}},{"type":"Feature","id":"way/614988868","properties":{"name":"Eje Rural Los Rastrojos","highway":"tertiary"},"geometry":{"type":"LineString","coordinates":[[-68.27842,10.31117],[-68.27475,10.31271],[-68.27329,10.31181],[-68.26879,10.31293],[-68.2672,10.31716]]}},{"type":"Feature","id":"way/615272041","properties":{"highway":"tertiary","ref":"R-7"},"geometry":{"type":"LineString","coordinates":[[-68.07776,9.90286],[-68.07742,9.90286]]}},{"type":"Feature","id":"way/615272046","properties":{"name":"V\u00eda a La Arenosa","highway":"tertiary","ref":"R-7"},"geometry":{"type":"LineString","coordinates":[[-68.0929,9.99346],[-68.09278,9.996],[-68.09144,9.99639],[-68.09267,9.99943],[-68.09157,10.00202],[-68.08918,10.00375],[-68.0897,10.00757],[-68.08796,10.00978],[-68.09039,10.01976],[-68.08995,10.02282],[-68.08641,10.0255],[-68.08692,10.0315],[-68.08326,10.04106],[-68.08327,10.04481]]}},{"type":"Feature","id":"way/628436468","properties":{"name":"Carretera Los Guayos-Guigue","highway":"secondary","ref":"R-9"},"geometry":{"type":"LineString","coordinates":[[-67.92522,10.17435],[-67.92512,10.1743]]}},{"type":"Feature","id":"way/628437501","properties":{"name":"Avenida Las Am\u00e9ricas","highway":"tertiary"},"geometry":{"type":"LineString","coordinates":[[-67.92506,10.17453],[-67.92522,10.17435]]}},{"type":"Feature","id":"way/628437502","properties":{"name":"Avenida Las Am\u00e9ricas","highway":"tertiary"},"geometry":{"type":"LineString","coordinates":[[-67.92152,10.18144],[-67.92491,10.17482]]}},{"type":"Feature","id":"way/628437503","properties":{"name":"Avenida Las Am\u00e9ricas","highway":"tertiary"},"geometry":{"type":"LineString","coordinates":[[-67.92491,10.17482],[-67.92506,10.17453]]}},{"type":"Feature","id":"way/628437504","properties":{"name":"Avenida Las Am\u00e9ricas","highway":"tertiary"},"geometry":{"type":"LineString","coordinates":[[-67.92484,10.17478],[-67.92146,10.18141]]}},{"type":"Feature","id":"way/628437506","properties":{"name":"Avenida Las Am\u00e9ricas","highway":"tertiary"},"geometry":{"type":"LineString","coordinates":[[-67.92498,10.1745],[-67.92484,10.17478]]}},{"type":"Feature","id":"way/647001985","properties":{"name":"Avenida Arterial II","highway":"tertiary"},"geometry":{"type":"LineString","coordinates":[[-67.9507,10.1876],[-67.95082,10.18942]]}},{"type":"Feature","id":"way/647001986","properties":{"name":"Avenida Arterial II","highway":"tertiary"},"geometry":{"type":"LineString","coordinates":[[-67.95081,10.18757],[-67.95077,10.18731]]}},{"type":"Feature","id":"way/647006293","properties":{"name":"Distribuidor Refiner\u00eda","highway":"trunk_link"},"geometry":{"type":"LineString","coordinates":[[-68.12837,10.48147],[-68.12873,10.48034]]}},{"type":"Feature","id":"way/658267973","properties":{"highway":"tertiary","ref":"R-22"},"geometry":{"type":"LineString","coordinates":[[-68.01035,10.19361],[-68.01038,10.19373]]}},{"type":"Feature","id":"way/658267975","properties":{"highway":"tertiary","ref":"R-22"},"geometry":{"type":"LineString","coordinates":[[-68.01056,10.1938],[-68.01053,10.19363]]}},{"type":"Feature","id":"way/658271050","properties":{"highway":"tertiary"},"geometry":{"type":"LineString","coordinates":[[-68.03794,10.18578],[-68.03807,10.18593]]}},{"type":"Feature","id":"way/658273826","properties":{"name":"Calle Valmore Rodr\u00edguez","highway":"tertiary"},"geometry":{"type":"LineString","coordinates":[[-68.01869,10.27968],[-68.01882,10.27931]]}},{"type":"Feature","id":"way/678442626","properties":{"name":"Avenida Arturo Michelena","highway":"tertiary"},"geometry":{"type":"LineString","coordinates":[[-67.99684,10.20557],[-67.99685,10.20211],[-67.99982,10.2]]}},{"type":"Feature","id":"way/679324004","properties":{"name":"Avenida Ar\u00e1nzazu","highway":"secondary"},"geometry":{"type":"LineString","coordinates":[[-68.01652,10.14773],[-68.01648,10.14789]]}},{"type":"Feature","id":"way/679324005","properties":{"name":"Avenida Ar\u00e1nzazu","highway":"secondary"},"geometry":{"type":"LineString","coordinates":[[-68.0168,10.14086],[-68.01652,10.14773]]}},{"type":"Feature","id":"way/679324020","properties":{"name":"Avenida Industrial Michelena","highway":"primary","ref":"T-11;L-6"},"geometry":{"type":"LineString","coordinates":[[-67.95993,10.15957],[-67.95988,10.15947]]}},{"type":"Feature","id":"way/679324021","properties":{"name":"Avenida Industrial Michelena","highway":"primary","ref":"T-11;L-6"},"geometry":{"type":"LineString","coordinates":[[-67.96111,10.1623],[-67.95993,10.15957]]}},{"type":"Feature","id":"way/679607500","properties":{"name":"Avenida 109 Ar\u00e1nzazu","highway":"tertiary"},"geometry":{"type":"LineString","coordinates":[[-68.01786,10.11647],[-68.01796,10.12005]]}},{"type":"Feature","id":"way/679607501","properties":{"name":"Avnida 109 Ar\u00e1nzazu","highway":"tertiary"},"geometry":{"type":"LineString","coordinates":[[-68.01796,10.12005],[-68.0182,10.13064]]}},{"type":"Feature","id":"way/679853988","properties":{"name":"Carretera Valencia - Dos Bocas","highway":"tertiary"},"geometry":{"type":"LineString","coordinates":[[-68.00066,10.10851],[-68.00089,10.11223]]}},{"type":"Feature","id":"way/679853989","properties":{"name":"Carretera Valencia - Dos Bocas","highway":"tertiary"},"geometry":{"type":"LineString","coordinates":[[-68.00071,10.10831],[-68.00066,10.10851]]}},{"type":"Feature","id":"way/681499317","properties":{"name":"Distribuidor La Cumaca","highway":"trunk_link"},"geometry":{"type":"LineString","coordinates":[[-67.9465,10.27931],[-67.94683,10.27942]]}},{"type":"Feature","id":"way/681690453","properties":{"highway":"tertiary"},"geometry":{"type":"LineString","coordinates":[[-67.84189,10.24587],[-67.84377,10.23955],[-67.84331,10.23766]]}},{"type":"Feature","id":"way/681690454","properties":{"highway":"primary_link"},"geometry":{"type":"LineString","coordinates":[[-67.84309,10.23777],[-67.8434,10.23784]]}},{"type":"Feature","id":"way/756633202","properties":{"name":"Avenida Sesquicentenario","highway":"secondary"},"geometry":{"type":"LineString","coordinates":[[-67.99603,10.14763],[-67.99902,10.14695]]}},{"type":"Feature","id":"way/756633206","properties":{"highway":"tertiary"},"geometry":{"type":"LineString","coordinates":[[-67.99483,10.14742],[-67.99755,10.14783]]}},{"type":"Feature","id":"way/756633207","properties":{"name":"Avenida Sesquicentenario","highway":"secondary"},"geometry":{"type":"LineString","coordinates":[[-67.99895,10.14688],[-67.99603,10.14756]]}},{"type":"Feature","id":"way/756660131","properties":{"name":"Avenida Andr\u00e9s Eloy Blanco","highway":"tertiary","ref":"R-6"},"geometry":{"type":"LineString","coordinates":[[-68.01018,10.19817],[-68.01019,10.19825]]}},{"type":"Feature","id":"way/756660132","properties":{"name":"Avenida Andr\u00e9s Eloy Blanco","highway":"tertiary","ref":"R-6"},"geometry":{"type":"LineString","coordinates":[[-68.01039,10.19544],[-68.01018,10.19817]]}},{"type":"Feature","id":"way/756661552","properties":{"name":"Avenida Salvador Feo La Cruz","highway":"tertiary"},"geometry":{"type":"LineString","coordinates":[[-68.01186,10.2348],[-68.01176,10.23481]]}},{"type":"Feature","id":"way/756673736","properties":{"name":"Avenida 108 Valencia","highway":"tertiary"},"geometry":{"type":"LineString","coordinates":[[-68.01444,10.25185],[-68.01432,10.25186]]}},{"type":"Feature","id":"way/756673737","properties":{"name":"Avenida 108 Valencia","highway":"tertiary"},"geometry":{"type":"LineString","coordinates":[[-68.01434,10.25197],[-68.01446,10.25196]]}},{"type":"Feature","id":"way/756673740","properties":{"name":"Avenida 102 Universidad","highway":"secondary","ref":"L-1"},"geometry":{"type":"LineString","coordinates":[[-68.01432,10.25186],[-68.01434,10.25197]]}},{"type":"Feature","id":"way/756673741","properties":{"name":"Avenida 102 Universidad","highway":"secondary","ref":"L-1"},"geometry":{"type":"LineString","coordinates":[[-68.01249,10.23962],[-68.01253,10.23988]]}},{"type":"Feature","id":"way/756677567","properties":{"highway":"tertiary","ref":"R-1"},"geometry":{"type":"LineString","coordinates":[[-67.96306,10.25892],[-67.96288,10.25891]]}},{"type":"Feature","id":"way/756677568","properties":{"highway":"tertiary","ref":"R-1"},"geometry":{"type":"LineString","coordinates":[[-67.96286,10.25918],[-67.96304,10.25919]]}},{"type":"Feature","id":"way/756678662","properties":{"name":"Distribuidor Industrial II","highway":"secondary","ref":"L-1"},"geometry":{"type":"LineString","coordinates":[[-67.96932,10.18312],[-67.96897,10.18319]]}},{"type":"Feature","id":"way/759048327","properties":{"name":"Avenida Lara","highway":"tertiary","ref":"L-1"},"geometry":{"type":"LineString","coordinates":[[-68.01129,10.17713],[-68.01117,10.17712]]}},{"type":"Feature","id":"way/763173885","properties":{"name":"Avenida Ernesto Branger","highway":"tertiary"},"geometry":{"type":"LineString","coordinates":[[-67.94926,10.17816],[-67.94923,10.1781]]}},{"type":"Feature","id":"way/763173886","properties":{"name":"Avenida Ernesto Branger","highway":"tertiary"},"geometry":{"type":"LineString","coordinates":[[-67.94952,10.17897],[-67.94926,10.17816]]}},{"type":"Feature","id":"way/763176610","properties":{"name":"Elevado Las Industrias","highway":"primary","ref":"T-11;L-6"},"geometry":{"type":"LineString","coordinates":[[-67.96297,10.16593],[-67.96315,10.16611]]}},{"type":"Feature","id":"way/763176611","properties":{"name":"Elevado Las Industrias","highway":"primary","ref":"T-11;L-6"},"geometry":{"type":"LineString","coordinates":[[-67.96319,10.16604],[-67.963,10.16586]]}},{"type":"Feature","id":"way/763176612","properties":{"name":"Elevado Las Industrias","highway":"primary","ref":"T-11;L-6"},"geometry":{"type":"LineString","coordinates":[[-67.96183,10.16435],[-67.96165,10.16394]]}},{"type":"Feature","id":"way/766653979","properties":{"name":"Avenida Principal de Ga\u00f1ango","highway":"primary","ref":"R-2"},"geometry":{"type":"LineString","coordinates":[[-67.96162,10.46889],[-67.961,10.46885]]}},{"type":"Feature","id":"way/781339569","properties":{"name":"Avenida Intercomunal Don Julio Centeno","highway":"primary","ref":"R-1"},"geometry":{"type":"LineString","coordinates":[[-67.96325,10.25261],[-67.96288,10.25891]]}},{"type":"Feature","id":"way/781339570","properties":{"name":"Avenida Intercomunal Don Julio Centeno","highway":"primary","ref":"R-1"},"geometry":{"type":"LineString","coordinates":[[-67.96344,10.2524],[-67.96385,10.24542]]}},{"type":"Feature","id":"way/781339571","properties":{"name":"Avenida Intercomunal Don Julio Centeno","highway":"primary","ref":"R-1"},"geometry":{"type":"LineString","coordinates":[[-67.96343,10.25265],[-67.96344,10.2524]]}},{"type":"Feature","id":"way/781339572","properties":{"name":"Avenida Intercomunal Don Julio Centeno","highway":"primary","ref":"R-1"},"geometry":{"type":"LineString","coordinates":[[-67.96326,10.25229],[-67.96325,10.25261]]}},{"type":"Feature","id":"way/781339573","properties":{"name":"Avenida Intercomunal Don Julio Centeno","highway":"primary","ref":"R-1"},"geometry":{"type":"LineString","coordinates":[[-67.96252,10.26595],[-67.96304,10.25919]]}},{"type":"Feature","id":"way/781339574","properties":{"name":"Avenida Intercomunal Don Julio Centeno","highway":"primary","ref":"R-1"},"geometry":{"type":"LineString","coordinates":[[-67.9625,10.26621],[-67.96252,10.26595]]}},{"type":"Feature","id":"way/781339575","properties":{"name":"Avenida Intercomunal Don Julio Centeno","highway":"primary","ref":"R-1"},"geometry":{"type":"LineString","coordinates":[[-67.96231,10.26623],[-67.96213,10.26769]]}},{"type":"Feature","id":"way/781339576","properties":{"name":"Avenida Intercomunal Don Julio Centeno","highway":"primary","ref":"R-1"},"geometry":{"type":"LineString","coordinates":[[-67.96233,10.26598],[-67.96231,10.26623]]}},{"type":"Feature","id":"way/781346636","properties":{"name":"Distribuidor San Diego","highway":"trunk_link"},"geometry":{"type":"LineString","coordinates":[[-67.96254,10.27798],[-67.96192,10.27677]]}},{"type":"Feature","id":"way/781346637","properties":{"name":"Distribuidor San Diego","highway":"trunk_link"},"geometry":{"type":"LineString","coordinates":[[-67.9626,10.278],[-67.96254,10.27798]]}},{"type":"Feature","id":"way/781346638","properties":{"name":"Distribuidor San Diego","highway":"trunk_link"},"geometry":{"type":"LineString","coordinates":[[-67.96345,10.27686],[-67.9626,10.278]]}},{"type":"Feature","id":"way/781346639","properties":{"name":"Distribuidor San Diego","highway":"trunk_link"},"geometry":{"type":"LineString","coordinates":[[-67.9634,10.27679],[-67.96345,10.27686]]}},{"type":"Feature","id":"way/781346640","properties":{"name":"Distribuidor San Diego","highway":"trunk_link"},"geometry":{"type":"LineString","coordinates":[[-67.96257,10.27808],[-67.96433,10.27665]]}},{"type":"Feature","id":"way/781346641","properties":{"name":"Distribuidor San Diego","highway":"trunk_link"},"geometry":{"type":"LineString","coordinates":[[-67.96252,10.27807],[-67.96257,10.27808]]}},{"type":"Feature","id":"way/781346642","properties":{"name":"Distribuidor San Diego","highway":"trunk_link"},"geometry":{"type":"LineString","coordinates":[[-67.96439,10.27658],[-67.96819,10.27532]]}},{"type":"Feature","id":"way/781346643","properties":{"name":"Distribuidor San Diego","highway":"trunk_link"},"geometry":{"type":"LineString","coordinates":[[-67.96433,10.27665],[-67.96439,10.27658]]}},{"type":"Feature","id":"way/781346645","properties":{"name":"Autopista B\u00e1rbula - Guacara","highway":"trunk","ref":"L-1"},"geometry":{"type":"LineString","coordinates":[[-67.96389,10.27621],[-67.98602,10.27146],[-67.99373,10.27129],[-67.9996,10.26911],[-68.00948,10.26792]]}},{"type":"Feature","id":"way/781346646","properties":{"name":"Autopista B\u00e1rbula - Guacara","highway":"trunk","ref":"R-1"},"geometry":{"type":"LineString","coordinates":[[-67.96381,10.27623],[-67.96389,10.27621]]}},{"type":"Feature","id":"way/781346647","properties":{"name":"Autopista B\u00e1rbula - Guacara","highway":"trunk","ref":"L-1"},"geometry":{"type":"LineString","coordinates":[[-67.95492,10.27861],[-67.94546,10.28034]]}},{"type":"Feature","id":"way/781346648","properties":{"name":"Autopista B\u00e1rbula - Guacara","highway":"trunk","ref":"R-1"},"geometry":{"type":"LineString","coordinates":[[-67.955,10.27858],[-67.95492,10.27861]]}},{"type":"Feature","id":"way/781346649","properties":{"name":"Autopista B\u00e1rbula - Guacara","highway":"trunk","ref":"L-1"},"geometry":{"type":"LineString","coordinates":[[-67.96378,10.27609],[-67.955,10.27858]]}},{"type":"Feature","id":"way/781346650","properties":{"name":"Autopista B\u00e1rbula - Guacara","highway":"trunk","ref":"R-1"},"geometry":{"type":"LineString","coordinates":[[-67.96386,10.27607],[-67.96378,10.27609]]}},{"type":"Feature","id":"way/781346651","properties":{"name":"Distribuidor San Diego","highway":"trunk_link"},"geometry":{"type":"LineString","coordinates":[[-67.9637,10.27571],[-67.96219,10.27475],[-67.96171,10.27295]]}},{"type":"Feature","id":"way/781346652","properties":{"name":"Distribuidor San Diego","highway":"trunk_link"},"geometry":{"type":"LineString","coordinates":[[-67.96378,10.27572],[-67.9637,10.27571]]}},{"type":"Feature","id":"way/786608138","properties":{"name":"Autopista B\u00e1rbula - Guacara","highway":"trunk","ref":"R-1"},"geometry":{"type":"LineString","coordinates":[[-67.95491,10.27873],[-67.95501,10.27869]]}},{"type":"Feature","id":"way/817863536","properties":{"name":"Avenida Al\u00ed Primera","highway":"secondary"},"geometry":{"type":"LineString","coordinates":[[-67.93139,10.1712],[-67.93076,10.1713]]}},{"type":"Feature","id":"way/817863542","properties":{"name":"Avenida Al\u00ed Primera","highway":"secondary"},"geometry":{"type":"LineString","coordinates":[[-67.93077,10.17143],[-67.9378,10.16927]]}},{"type":"Feature","id":"way/817863543","properties":{"name":"Carretera Los Guayos-Guigue","highway":"secondary","ref":"R-9"},"geometry":{"type":"LineString","coordinates":[[-67.93075,10.17964],[-67.92927,10.17682]]}},{"type":"Feature","id":"way/817863546","properties":{"name":"Avenida Al\u00ed Primera","highway":"secondary"},"geometry":{"type":"LineString","coordinates":[[-67.93076,10.1713],[-67.92644,10.17203]]}},{"type":"Feature","id":"way/817863549","properties":{"name":"Avenida Al\u00ed Primera","highway":"secondary"},"geometry":{"type":"LineString","coordinates":[[-67.93776,10.16921],[-67.93139,10.1712]]}},{"type":"Feature","id":"way/817863550","properties":{"name":"Carretera Los Guayos-Guigue","highway":"secondary","ref":"R-9"},"geometry":{"type":"LineString","coordinates":[[-67.92003,10.16994],[-67.91642,10.16454],[-67.91416,10.15848],[-67.90914,10.15722],[-67.90764,10.15406]]}},{"type":"Feature","id":"way/817961842","properties":{"name":"Carretera Los Guayos-Guigue","highway":"secondary","ref":"R-9"},"geometry":{"type":"LineString","coordinates":[[-67.92009,10.17002],[-67.92003,10.16994]]}},{"type":"Feature","id":"way/818011659","properties":{"name":"Avenida Las Am\u00e9ricas","highway":"tertiary"},"geometry":{"type":"LineString","coordinates":[[-67.92512,10.1743],[-67.92498,10.1745]]}},{"type":"Feature","id":"way/818011660","properties":{"name":"Avenida Al\u00ed Primera","highway":"secondary"},"geometry":{"type":"LineString","coordinates":[[-67.92637,10.17211],[-67.92512,10.1743]]}},{"type":"Feature","id":"way/818593575","properties":{"name":"Avenida Al\u00ed Primera","highway":"secondary"},"geometry":{"type":"LineString","coordinates":[[-67.92644,10.17203],[-67.92637,10.17211]]}},{"type":"Feature","id":"way/818593576","properties":{"name":"Avenida Al\u00ed Primera","highway":"secondary"},"geometry":{"type":"LineString","coordinates":[[-67.92529,10.17423],[-67.92636,10.17231]]}},{"type":"Feature","id":"way/818593577","properties":{"name":"Avenida Al\u00ed Primera","highway":"secondary"},"geometry":{"type":"LineString","coordinates":[[-67.92636,10.17231],[-67.93077,10.17143]]}},{"type":"Feature","id":"way/831918962","properties":{"name":"Carretera Panamericana Nirgua - Tocuyito","highway":"trunk","ref":"T-11"},"geometry":{"type":"LineString","coordinates":[[-68.21871,10.16527],[-68.21791,10.16683],[-68.21921,10.16896]]}},{"type":"Feature","id":"way/831920290","properties":{"highway":"trunk_link","ref":"T-11"},"geometry":{"type":"LineString","coordinates":[[-68.26095,10.16746],[-68.26117,10.16719]]}},{"type":"Feature","id":"way/831920291","properties":{"highway":"trunk_link"},"geometry":{"type":"LineString","coordinates":[[-68.26053,10.16737],[-68.26078,10.16753]]}},{"type":"Feature","id":"way/846146310","properties":{"name":"Avenida del Sur","highway":"trunk","ref":"T-5"},"geometry":{"type":"LineString","coordinates":[[-68.01741,10.1595],[-68.0208,10.15918]]}},{"type":"Feature","id":"way/847523279","properties":{"highway":"motorway_link"},"geometry":{"type":"LineString","coordinates":[[-67.99804,10.192],[-67.99809,10.19181]]}},{"type":"Feature","id":"way/847523280","properties":{"highway":"motorway_link"},"geometry":{"type":"LineString","coordinates":[[-67.99809,10.19181],[-67.99777,10.19179]]}},{"type":"Feature","id":"way/848986582","properties":{"highway":"tertiary","ref":"R-4"},"geometry":{"type":"LineString","coordinates":[[-68.01338,10.4617],[-68.0132,10.46163]]}},{"type":"Feature","id":"way/850843978","properties":{"name":"Avenida Arturo Michelena","highway":"tertiary"},"geometry":{"type":"LineString","coordinates":[[-67.99684,10.20557],[-67.99705,10.21338]]}},{"type":"Feature","id":"way/854140342","properties":{"highway":"tertiary"},"geometry":{"type":"LineString","coordinates":[[-68.41326,10.17744],[-68.41448,10.18267]]}},{"type":"Feature","id":"way/862364016","properties":{"name":"Autopista Regional del Centro","highway":"motorway","ref":"T-1"},"geometry":{"type":"LineString","coordinates":[[-67.79159,10.26245],[-67.7924,10.26229]]}},{"type":"Feature","id":"way/862364017","properties":{"name":"Autopista Regional del Centro","highway":"motorway","ref":"T-1"},"geometry":{"type":"LineString","coordinates":[[-67.79132,10.26251],[-67.79159,10.26245]]}},{"type":"Feature","id":"way/862364018","properties":{"name":"Autopista Regional del Centro","highway":"motorway","ref":"T-1"},"geometry":{"type":"LineString","coordinates":[[-67.79154,10.26228],[-67.79122,10.26234]]}},{"type":"Feature","id":"way/862364019","properties":{"name":"Autopista Regional del Centro","highway":"motorway","ref":"T-1"},"geometry":{"type":"LineString","coordinates":[[-67.79237,10.26212],[-67.79154,10.26228]]}},{"type":"Feature","id":"way/862364020","properties":{"name":"Autopista Regional del Centro","highway":"motorway","ref":"T-1"},"geometry":{"type":"LineString","coordinates":[[-67.79257,10.26209],[-67.79237,10.26212]]}},{"type":"Feature","id":"way/862364021","properties":{"name":"Autopista Regional del Centro","highway":"motorway","ref":"T-1"},"geometry":{"type":"LineString","coordinates":[[-67.80223,10.26027],[-67.79257,10.26209]]}},{"type":"Feature","id":"way/862364022","properties":{"name":"Autopista Regional del Centro","highway":"motorway","ref":"T-1"},"geometry":{"type":"LineString","coordinates":[[-67.7924,10.26229],[-67.7926,10.26226]]}},{"type":"Feature","id":"way/862465490","properties":{"name":"Avenida Bol\u00edvar","highway":"secondary","ref":"L-1"},"geometry":{"type":"LineString","coordinates":[[-67.9434,10.18742],[-67.9434,10.18742]]}},{"type":"Feature","id":"way/865174547","properties":{"name":"Autopista Regional del Centro","highway":"motorway","ref":"T-1"},"geometry":{"type":"LineString","coordinates":[[-67.6858,10.27637],[-67.70012,10.27986],[-67.71764,10.28205]]}},{"type":"Feature","id":"way/865413212","properties":{"name":"Carretera Regional Valencia - G\u00fcig\u00fce","highway":"primary","ref":"T-11"},"geometry":{"type":"LineString","coordinates":[[-67.92193,10.12977],[-67.91185,10.12584],[-67.90455,10.12502],[-67.89673,10.11986],[-67.89293,10.11495],[-67.8902,10.1086],[-67.88477,10.10329],[-67.88217,10.09746],[-67.88035,10.09576]]}},{"type":"Feature","id":"way/865415011","properties":{"name":"Carretera Regional Valencia - G\u00fcig\u00fce","highway":"primary","ref":"T-11"},"geometry":{"type":"LineString","coordinates":[[-67.88035,10.09576],[-67.8801,10.09559]]}},{"type":"Feature","id":"way/865415012","properties":{"name":"Carretera Regional Valencia - G\u00fcig\u00fce","highway":"primary","ref":"T-11"},"geometry":{"type":"LineString","coordinates":[[-67.8801,10.09559],[-67.87926,10.09501]]}},{"type":"Feature","id":"way/865415013","properties":{"name":"Carretera Intercomunal","highway":"secondary","ref":"T-11"},"geometry":{"type":"LineString","coordinates":[[-67.87726,10.09154],[-67.88227,10.09193],[-67.89019,10.09076],[-67.9021,10.08682],[-67.90748,10.08643],[-67.91205,10.08434],[-67.91386,10.08443]]}},{"type":"Feature","id":"way/888884061","properties":{"name":"Avenida 100 Bol\u00edvar Norte","highway":"secondary","ref":"L-1"},"geometry":{"type":"LineString","coordinates":[[-68.00783,10.20887],[-68.0075,10.20656]]}},{"type":"Feature","id":"way/888884080","properties":{"name":"Avenida Fern\u00e1ndo Figueredo","highway":"tertiary","ref":"R-6"},"geometry":{"type":"LineString","coordinates":[[-68.01024,10.19146],[-68.0112,10.18596]]}},{"type":"Feature","id":"way/888884090","properties":{"name":"Avenida 105 Cede\u00f1o","highway":"secondary","ref":"L-1"},"geometry":{"type":"LineString","coordinates":[[-67.99859,10.1879],[-67.99671,10.18974]]}},{"type":"Feature","id":"way/888884094","properties":{"name":"Avenida 105 Cedeno","highway":"secondary","ref":"L-1"},"geometry":{"type":"LineString","coordinates":[[-67.99932,10.18769],[-67.99908,10.18774]]}},{"type":"Feature","id":"way/888884101","properties":{"name":"Avenida Salvador Feo La Cruz","highway":"tertiary"},"geometry":{"type":"LineString","coordinates":[[-68.00147,10.23392],[-68.00105,10.23394]]}},{"type":"Feature","id":"way/888884104","properties":{"highway":"tertiary"},"geometry":{"type":"LineString","coordinates":[[-67.99789,10.23344],[-67.9979,10.23337]]}},{"type":"Feature","id":"way/888884105","properties":{"highway":"tertiary"},"geometry":{"type":"LineString","coordinates":[[-67.99778,10.23337],[-67.99778,10.23344]]}},{"type":"Feature","id":"way/893960703","properties":{"name":"Avenida Valencia - Campo Carabobo","highway":"trunk","ref":"T-5"},"geometry":{"type":"LineString","coordinates":[[-68.1043,10.07145],[-68.11723,10.04962],[-68.13339,10.03335],[-68.13669,10.03138]]}},{"type":"Feature","id":"way/893960704","properties":{"name":"Avenida Valencia - Campo Carabobo","highway":"trunk","ref":"T-5"},"geometry":{"type":"LineString","coordinates":[[-68.09805,10.08199],[-68.09823,10.08169]]}},{"type":"Feature","id":"way/893960706","properties":{"name":"Avenida Valencia - Campo Carabobo","highway":"trunk","ref":"T-5"},"geometry":{"type":"LineString","coordinates":[[-68.0981,10.08163],[-68.09794,10.0819]]}},{"type":"Feature","id":"way/984666720","properties":{"name":"V\u00eda a San Pablo","highway":"secondary","ref":"R-21"},"geometry":{"type":"LineString","coordinates":[[-68.3238,10.45527],[-68.32844,10.46407],[-68.33105,10.47438],[-68.33417,10.47574],[-68.33765,10.47992],[-68.33862,10.48264],[-68.34763,10.49467],[-68.35283,10.49168]]}},{"type":"Feature","id":"way/984914354","properties":{"name":"Avenida Araguita","highway":"tertiary","ref":"R-12"},"geometry":{"type":"LineString","coordinates":[[-68.32572,10.21793],[-68.32958,10.20232]]}},{"type":"Feature","id":"way/984914358","properties":{"name":"Carretera Regional Canoabo - Urama","highway":"secondary","ref":"L-4"},"geometry":{"type":"LineString","coordinates":[[-68.32213,10.45722],[-68.31958,10.45474],[-68.32087,10.45207],[-68.32513,10.45016],[-68.32475,10.44546],[-68.32217,10.44116],[-68.3251,10.43794],[-68.32046,10.4341],[-68.31896,10.43177],[-68.31892,10.42977],[-68.32021,10.42856],[-68.31992,10.42749],[-68.32176,10.42805],[-68.32317,10.42726],[-68.32117,10.42494],[-68.32351,10.42344],[-68.32401,10.42037],[-68.32295,10.41963],[-68.32558,10.41878],[-68.32439,10.41612],[-68.3261,10.41558],[-68.32788,10.41256],[-68.32559,10.40941],[-68.32579,10.40798],[-68.32413,10.40737],[-68.32514,10.40639],[-68.32418,10.40371],[-68.32542,10.40298],[-68.32569,10.40143],[-68.32417,10.39647],[-68.32743,10.39242],[-68.32647,10.38958],[-68.32746,10.38833],[-68.32726,10.38275],[-68.32441,10.38092],[-68.32414,10.37762],[-68.32145,10.37771],[-68.31827,10.37371],[-68.31804,10.37128],[-68.32042,10.37243],[-68.32217,10.37124],[-68.32067,10.36753],[-68.31891,10.36719],[-68.31643,10.36449],[-68.31608,10.36256],[-68.3128,10.36231],[-68.31317,10.35951],[-68.30995,10.35707],[-68.30582,10.35554],[-68.30216,10.35227],[-68.3022,10.34782],[-68.29072,10.33569],[-68.29433,10.33065],[-68.29176,10.32441],[-68.28687,10.30664],[-68.28472,10.3055],[-68.27983,10.30615]]}},{"type":"Feature","id":"way/984915751","properties":{"name":"V\u00eda Principal de Casupito","highway":"secondary","ref":"L-3"},"geometry":{"type":"LineString","coordinates":[[-68.19165,10.20549],[-68.1902,10.19949],[-68.19044,10.19565],[-68.18676,10.18699],[-68.1861,10.18138],[-68.18812,10.17323],[-68.18591,10.17055]]}},{"type":"Feature","id":"way/984915753","properties":{"highway":"tertiary"},"geometry":{"type":"LineString","coordinates":[[-68.27856,10.30505],[-68.27935,10.30746],[-68.27842,10.31117]]}},{"type":"Feature","id":"way/984923063","properties":{"name":"Avenida Principal de El Palito","highway":"trunk","ref":"T-1;T-3"},"geometry":{"type":"LineString","coordinates":[[-68.11075,10.47882],[-68.11059,10.47882]]}},{"type":"Feature","id":"way/984924639","properties":{"name":"Avenida Principal de El Palito","highway":"trunk","ref":"T-1;T-3"},"geometry":{"type":"LineString","coordinates":[[-68.14337,10.48012],[-68.14298,10.48013]]}},{"type":"Feature","id":"way/984924640","properties":{"name":"Avenida Principal de El Palito","highway":"trunk","ref":"T-1;T-3"},"geometry":{"type":"LineString","coordinates":[[-68.14298,10.48022],[-68.14337,10.48021]]}},{"type":"Feature","id":"way/984924641","properties":{"name":"Via Mor\u00f3n-El Palito","highway":"trunk","ref":"T-1;T-3"},"geometry":{"type":"LineString","coordinates":[[-68.14298,10.48013],[-68.12896,10.48042]]}},{"type":"Feature","id":"way/984924642","properties":{"name":"Via Mor\u00f3n-El Palito","highway":"trunk","ref":"T-1;T-3"},"geometry":{"type":"LineString","coordinates":[[-68.12895,10.48052],[-68.14298,10.48022]]}},{"type":"Feature","id":"way/984926632","properties":{"name":"Distribuidor La Cruz","highway":"primary_link"},"geometry":{"type":"LineString","coordinates":[[-68.03835,10.46782],[-68.03751,10.468]]}},{"type":"Feature","id":"way/984926633","properties":{"name":"Distribuidor La Cruz","highway":"primary_link"},"geometry":{"type":"LineString","coordinates":[[-68.03844,10.46799],[-68.03835,10.46782]]}},{"type":"Feature","id":"way/984926634","properties":{"name":"Distribuidor La Cruz","highway":"primary_link"},"geometry":{"type":"LineString","coordinates":[[-68.03792,10.46811],[-68.03894,10.46846]]}},{"type":"Feature","id":"way/984926635","properties":{"name":"Distribuidor La Cruz","highway":"primary_link"},"geometry":{"type":"LineString","coordinates":[[-68.03894,10.46846],[-68.03898,10.46809]]}},{"type":"Feature","id":"way/984926636","properties":{"name":"Distribuidor La Cruz","highway":"primary_link","ref":"T-3;R-5"},"geometry":{"type":"LineString","coordinates":[[-68.03975,10.4678],[-68.03894,10.46846]]}},{"type":"Feature","id":"way/984926637","properties":{"name":"Distribuidor La Cruz","highway":"primary_link","ref":"T-3;R-5"},"geometry":{"type":"LineString","coordinates":[[-68.03975,10.4678],[-68.0399,10.46726]]}},{"type":"Feature","id":"way/984926638","properties":{"name":"Distribuidor La Cruz","highway":"primary_link","ref":"T-3;R-5"},"geometry":{"type":"LineString","coordinates":[[-68.03942,10.46753],[-68.03975,10.4678]]}},{"type":"Feature","id":"way/984926639","properties":{"name":"Distribuidor La cruz","highway":"secondary","ref":"R-5"},"geometry":{"type":"LineString","coordinates":[[-68.03942,10.46753],[-68.0399,10.46726]]}},{"type":"Feature","id":"way/984926640","properties":{"name":"Distribuidor La cruz","highway":"secondary","ref":"R-5"},"geometry":{"type":"LineString","coordinates":[[-68.03835,10.46782],[-68.03942,10.46753]]}},{"type":"Feature","id":"way/984926641","properties":{"name":"Distribuidor El Milagro","highway":"primary_link"},"geometry":{"type":"LineString","coordinates":[[-68.04373,10.47231],[-68.04536,10.47353]]}},{"type":"Feature","id":"way/984926921","properties":{"name":"Distribuidor El Cangrejo","highway":"primary_link"},"geometry":{"type":"LineString","coordinates":[[-68.0038,10.46499],[-68.00497,10.46544]]}},{"type":"Feature","id":"way/984929670","properties":{"highway":"tertiary","ref":"R-4"},"geometry":{"type":"LineString","coordinates":[[-68.01113,10.46022],[-68.00965,10.46046]]}},{"type":"Feature","id":"way/984929671","properties":{"name":"Avenida Bol\u00edvar","highway":"tertiary","ref":"R-4"},"geometry":{"type":"LineString","coordinates":[[-68.01006,10.46241],[-68.00973,10.46045]]}},{"type":"Feature","id":"way/984929672","properties":{"name":"Avenida Bol\u00edvar","highway":"tertiary","ref":"R-4"},"geometry":{"type":"LineString","coordinates":[[-68.00965,10.46046],[-68.00999,10.46241]]}},{"type":"Feature","id":"way/984929673","properties":{"name":"Avenida Bol\u00edvar","highway":"tertiary","ref":"R-4"},"geometry":{"type":"LineString","coordinates":[[-68.01029,10.46462],[-68.0103,10.4647]]}},{"type":"Feature","id":"way/984929674","properties":{"name":"Avenida Bol\u00edvar","highway":"tertiary","ref":"R-4"},"geometry":{"type":"LineString","coordinates":[[-68.01037,10.46469],[-68.01037,10.46462]]}},{"type":"Feature","id":"way/984929676","properties":{"highway":"tertiary","ref":"R-4"},"geometry":{"type":"LineString","coordinates":[[-68.01037,10.46462],[-68.01029,10.46462]]}},{"type":"Feature","id":"way/984929677","properties":{"highway":"tertiary","ref":"R-4"},"geometry":{"type":"LineString","coordinates":[[-68.0103,10.4647],[-68.01037,10.46469]]}},{"type":"Feature","id":"way/984929679","properties":{"name":"V\u00eda a San Esteban","highway":"tertiary","ref":"R-4"},"geometry":{"type":"LineString","coordinates":[[-68.01296,10.4643],[-68.01231,10.46356],[-68.01311,10.46199]]}},{"type":"Feature","id":"way/984929681","properties":{"name":"V\u00eda a Guaiguaza","highway":"secondary","ref":"R-5"},"geometry":{"type":"LineString","coordinates":[[-68.05044,10.45532],[-68.05199,10.45243],[-68.05583,10.44881],[-68.05327,10.44489],[-68.0528,10.44225],[-68.05402,10.43766]]}},{"type":"Feature","id":"way/984931462","properties":{"name":"Distribuidor El Cangrejo","highway":"primary_link"},"geometry":{"type":"LineString","coordinates":[[-68.00301,10.4648],[-68.00347,10.46487]]}},{"type":"Feature","id":"way/984931463","properties":{"name":"Distribuidor El Cangrejo","highway":"primary_link"},"geometry":{"type":"LineString","coordinates":[[-68.00301,10.4648],[-68.00344,10.46496]]}},{"type":"Feature","id":"way/984931464","properties":{"name":"Distribuidor El Cangrejo","highway":"primary_link"},"geometry":{"type":"LineString","coordinates":[[-68.00373,10.46508],[-68.00454,10.4655]]}},{"type":"Feature","id":"way/984931465","properties":{"name":"Distribuidor El Cangrejo","highway":"primary_link"},"geometry":{"type":"LineString","coordinates":[[-68.00494,10.46582],[-68.00518,10.46606]]}},{"type":"Feature","id":"way/984931467","properties":{"name":"Avenida Principal de Ga\u00f1ango","highway":"primary","ref":"R-2"},"geometry":{"type":"LineString","coordinates":[[-67.961,10.46885],[-67.95451,10.465]]}},{"type":"Feature","id":"way/984954351","properties":{"name":"Distribuidor El Cambur","highway":"trunk_link"},"geometry":{"type":"LineString","coordinates":[[-68.10423,10.39999],[-68.10464,10.39976]]}},{"type":"Feature","id":"way/984954356","properties":{"highway":"trunk_link"},"geometry":{"type":"LineString","coordinates":[[-68.11095,10.47019],[-68.11074,10.47021]]}},{"type":"Feature","id":"way/984957881","properties":{"name":"Distribuidor Las Trincheras","highway":"trunk_link"},"geometry":{"type":"LineString","coordinates":[[-68.08477,10.30439],[-68.08935,10.30596]]}},{"type":"Feature","id":"way/984964548","properties":{"name":"Autopista Valencia - Puerto Cabello","highway":"trunk","ref":"T-1"},"geometry":{"type":"LineString","coordinates":[[-68.03123,10.29329],[-68.03096,10.2929]]}},{"type":"Feature","id":"way/984964549","properties":{"name":"Autopista Valencia - Puerto Cabello","highway":"trunk","ref":"T-1"},"geometry":{"type":"LineString","coordinates":[[-68.03081,10.29294],[-68.0311,10.29334]]}},{"type":"Feature","id":"way/984964550","properties":{"name":"Autopista Valencia - Puerto Cabello","highway":"trunk","ref":"T-1"},"geometry":{"type":"LineString","coordinates":[[-68.02954,10.28871],[-68.03081,10.29294]]}},{"type":"Feature","id":"way/984968944","properties":{"name":"Rampa","highway":"trunk_link"},"geometry":{"type":"LineString","coordinates":[[-67.90104,10.23277],[-67.90125,10.23356]]}},{"type":"Feature","id":"way/984968945","properties":{"name":"Rampa","highway":"trunk_link"},"geometry":{"type":"LineString","coordinates":[[-67.90125,10.23356],[-67.90246,10.23447]]}},{"type":"Feature","id":"way/984968946","properties":{"name":"Distribuidor Corpoven","highway":"trunk_link"},"geometry":{"type":"LineString","coordinates":[[-67.91159,10.24867],[-67.91142,10.24923]]}},{"type":"Feature","id":"way/984968948","properties":{"name":"Distribuidor Corpoven","highway":"trunk_link","ref":"T-1"},"geometry":{"type":"LineString","coordinates":[[-67.91187,10.24894],[-67.91226,10.24924]]}},{"type":"Feature","id":"way/984968949","properties":{"name":"Distribuidor Corpoven","highway":"trunk_link"},"geometry":{"type":"LineString","coordinates":[[-67.91181,10.2489],[-67.91187,10.24894]]}},{"type":"Feature","id":"way/984968950","properties":{"name":"Distribuidor Corpoven","highway":"trunk_link","ref":"T-1"},"geometry":{"type":"LineString","coordinates":[[-67.91226,10.24924],[-67.91463,10.25106]]}},{"type":"Feature","id":"way/984968951","properties":{"name":"Distribuidor Corpoven","highway":"trunk_link"},"geometry":{"type":"LineString","coordinates":[[-67.91216,10.248],[-67.91024,10.24665]]}},{"type":"Feature","id":"way/984968954","properties":{"name":"Distribuidor La Cumaca","highway":"trunk_link"},"geometry":{"type":"LineString","coordinates":[[-67.94702,10.27944],[-67.94723,10.27907]]}},{"type":"Feature","id":"way/984985772","properties":{"name":"Avenida del Sur","highway":"trunk","ref":"T-5"},"geometry":{"type":"LineString","coordinates":[[-67.98703,10.17622],[-67.98712,10.17698]]}},{"type":"Feature","id":"way/984994595","properties":{"highway":"primary_link"},"geometry":{"type":"LineString","coordinates":[[-67.84374,10.23746],[-67.84324,10.23755]]}},{"type":"Feature","id":"way/984994601","properties":{"name":"Avenida Bol\u00edvar Este","highway":"primary","ref":"L-1"},"geometry":{"type":"LineString","coordinates":[[-67.70457,10.28884],[-67.70848,10.29052]]}},{"type":"Feature","id":"way/984994612","properties":{"name":"Distribuidor Santa Clara","highway":"primary_link"},"geometry":{"type":"LineString","coordinates":[[-67.75541,10.2823],[-67.7556,10.28193]]}},{"type":"Feature","id":"way/984994613","properties":{"name":"Distribuidor Santa Clara","highway":"motorway_link"},"geometry":{"type":"LineString","coordinates":[[-67.75473,10.27764],[-67.75326,10.27544],[-67.74968,10.27811]]}},{"type":"Feature","id":"way/984994614","properties":{"name":"Distribuidor Santa Clara","highway":"primary"},"geometry":{"type":"LineString","coordinates":[[-67.75464,10.27755],[-67.75521,10.28199]]}},{"type":"Feature","id":"way/984995676","properties":{"highway":"primary","ref":"T-11"},"geometry":{"type":"LineString","coordinates":[[-67.7762,10.08355],[-67.77621,10.0839]]}},{"type":"Feature","id":"way/984995678","properties":{"name":"Avenida Bol\u00edvar","highway":"primary","ref":"T-11"},"geometry":{"type":"LineString","coordinates":[[-67.79406,10.08084],[-67.78873,10.08216]]}},{"type":"Feature","id":"way/984995679","properties":{"name":"Avenida Bol\u00edvar","highway":"primary","ref":"T-11"},"geometry":{"type":"LineString","coordinates":[[-67.78875,10.08223],[-67.79406,10.08084]]}},{"type":"Feature","id":"way/985094626","properties":{"highway":"tertiary"},"geometry":{"type":"LineString","coordinates":[[-67.90034,9.95282],[-67.90046,9.95652]]}},{"type":"Feature","id":"way/985094627","properties":{"name":"Avenida Principal de Boquer\u00f3n","highway":"secondary","ref":"L-6"},"geometry":{"type":"LineString","coordinates":[[-67.91262,10.07162],[-67.91702,10.07164],[-67.92405,10.06662],[-67.92742,10.0602],[-67.92775,10.05666],[-67.92642,10.05514]]}},{"type":"Feature","id":"way/985094628","properties":{"highway":"secondary","ref":"L-6"},"geometry":{"type":"LineString","coordinates":[[-67.81113,9.96352],[-67.80459,9.9644]]}},{"type":"Feature","id":"way/985094630","properties":{"name":"Calle Bol\u00edvar","highway":"primary","ref":"L-2"},"geometry":{"type":"LineString","coordinates":[[-67.6931,9.99037],[-67.68335,9.98979]]}},{"type":"Feature","id":"way/985101529","properties":{"highway":"trunk_link"},"geometry":{"type":"LineString","coordinates":[[-68.16183,10.01024],[-68.16213,10.00978]]}},{"type":"Feature","id":"way/985101533","properties":{"name":"Avenida Valencia - Campo Carabobo","highway":"trunk","ref":"T-5"},"geometry":{"type":"LineString","coordinates":[[-68.13662,10.03123],[-68.1333,10.03326],[-68.11712,10.04953],[-68.10587,10.0684]]}},{"type":"Feature","id":"way/985110960","properties":{"name":"Retorno","highway":"trunk_link","ref":"T-5"},"geometry":{"type":"LineString","coordinates":[[-68.03159,10.15237],[-68.03113,10.15291]]}},{"type":"Feature","id":"way/985110961","properties":{"name":"Distribuidor Las Tapias","highway":"trunk_link"},"geometry":{"type":"LineString","coordinates":[[-68.01554,10.15954],[-68.01501,10.1595]]}},{"type":"Feature","id":"way/985110963","properties":{"name":"Distribuidor Las Tapias","highway":"trunk_link"},"geometry":{"type":"LineString","coordinates":[[-68.00983,10.16017],[-68.01184,10.16029]]}},{"type":"Feature","id":"way/985110964","properties":{"name":"Distribuidor Las Tapias","highway":"trunk_link"},"geometry":{"type":"LineString","coordinates":[[-68.00975,10.15999],[-68.00811,10.16024]]}},{"type":"Feature","id":"way/985110969","properties":{"name":"Distribuidor Santa Rosa","highway":"trunk_link"},"geometry":{"type":"LineString","coordinates":[[-68.00181,10.16127],[-68.00375,10.16074]]}},{"type":"Feature","id":"way/985110970","properties":{"name":"Distribuidor Santa Rosa","highway":"trunk_link"},"geometry":{"type":"LineString","coordinates":[[-67.99693,10.16139],[-67.9986,10.1615]]}},{"type":"Feature","id":"way/985110971","properties":{"name":"Distribuidor Santa Rosa","highway":"trunk_link"},"geometry":{"type":"LineString","coordinates":[[-67.99848,10.1608],[-67.99724,10.16123]]}},{"type":"Feature","id":"way/985110972","properties":{"name":"Distribuidor Santa Rosa","highway":"trunk_link"},"geometry":{"type":"LineString","coordinates":[[-68.00341,10.16064],[-68.0022,10.16056]]}},{"type":"Feature","id":"way/985110977","properties":{"name":"Avenida Lara","highway":"tertiary","ref":"L-1"},"geometry":{"type":"LineString","coordinates":[[-67.98744,10.18031],[-67.98778,10.18019]]}},{"type":"Feature","id":"way/985110978","properties":{"name":"Distribuidor San Blas","highway":"trunk_link"},"geometry":{"type":"LineString","coordinates":[[-67.98744,10.18031],[-67.98798,10.18021]]}},{"type":"Feature","id":"way/985110979","properties":{"name":"Avenida del Sur","highway":"trunk","ref":"T-5"},"geometry":{"type":"LineString","coordinates":[[-68.04674,10.1415],[-68.04074,10.14813],[-68.03498,10.15041],[-68.02402,10.15826],[-68.02113,10.15904]]}},{"type":"Feature","id":"way/985110980","properties":{"name":"Distribuidor San Blas","highway":"motorway_link"},"geometry":{"type":"LineString","coordinates":[[-67.98752,10.18196],[-67.98815,10.18421]]}},{"type":"Feature","id":"way/985110981","properties":{"name":"Distribuidor San Blas","highway":"motorway_link"},"geometry":{"type":"LineString","coordinates":[[-67.98935,10.18542],[-67.98831,10.18375]]}},{"type":"Feature","id":"way/985110982","properties":{"name":"Avenida del Sur","highway":"trunk","ref":"T-5"},"geometry":{"type":"LineString","coordinates":[[-68.02111,10.15916],[-68.02403,10.1584],[-68.03442,10.15083],[-68.04072,10.14831],[-68.04691,10.14152]]}},{"type":"Feature","id":"way/985122008","properties":{"name":"Distribuidor San Blas","highway":"motorway_link"},"geometry":{"type":"LineString","coordinates":[[-67.98771,10.18376],[-67.98928,10.18559]]}},{"type":"Feature","id":"way/985122009","properties":{"highway":"primary_link"},"geometry":{"type":"LineString","coordinates":[[-67.96313,10.20377],[-67.96352,10.20339]]}},{"type":"Feature","id":"way/985122010","properties":{"highway":"primary_link"},"geometry":{"type":"LineString","coordinates":[[-67.96193,10.27104],[-67.96174,10.27102]]}},{"type":"Feature","id":"way/985122012","properties":{"highway":"primary_link"},"geometry":{"type":"LineString","coordinates":[[-67.96224,10.26676],[-67.96196,10.2671]]}},{"type":"Feature","id":"way/985122013","properties":{"highway":"primary_link"},"geometry":{"type":"LineString","coordinates":[[-67.96359,10.24381],[-67.96375,10.24443]]}},{"type":"Feature","id":"way/985122016","properties":{"highway":"primary_link"},"geometry":{"type":"LineString","coordinates":[[-67.96982,10.19389],[-67.96939,10.19415]]}},{"type":"Feature","id":"way/985122017","properties":{"name":"Avenida Intercomunal Don Julio Centeno","highway":"primary","ref":"T-11;L-6;R-1"},"geometry":{"type":"LineString","coordinates":[[-67.96945,10.18379],[-67.96951,10.18417]]}},{"type":"Feature","id":"way/985156858","properties":{"name":"Distribuidor Industrial I","highway":"motorway_link"},"geometry":{"type":"LineString","coordinates":[[-67.95007,10.18879],[-67.95082,10.18942]]}},{"type":"Feature","id":"way/985156859","properties":{"name":"Distribuidor Industrial I","highway":"motorway_link"},"geometry":{"type":"LineString","coordinates":[[-67.9499,10.1871],[-67.94813,10.18792]]}},{"type":"Feature","id":"way/985156860","properties":{"name":"Distribuidor Industrial I","highway":"motorway_link"},"geometry":{"type":"LineString","coordinates":[[-67.95423,10.18637],[-67.95152,10.18668]]}},{"type":"Feature","id":"way/985156869","properties":{"name":"Distribuidor Industrial II","highway":"tertiary","ref":"T-11;L-1;L-6"},"geometry":{"type":"LineString","coordinates":[[-67.96985,10.18306],[-67.96957,10.18309]]}},{"type":"Feature","id":"way/985156870","properties":{"name":"Elevado Las Industrias","highway":"primary","ref":"T-11;L-6"},"geometry":{"type":"LineString","coordinates":[[-67.96156,10.16394],[-67.96177,10.16436]]}},{"type":"Feature","id":"way/985156873","properties":{"highway":"primary_link","ref":"T-11;L-6"},"geometry":{"type":"LineString","coordinates":[[-67.95877,10.15744],[-67.95864,10.15751]]}},{"type":"Feature","id":"way/985156874","properties":{"highway":"primary_link","ref":"T-11;L-6"},"geometry":{"type":"LineString","coordinates":[[-67.95864,10.15751],[-67.9586,10.15753]]}},{"type":"Feature","id":"way/985163411","properties":{"highway":"tertiary","ref":"L-1"},"geometry":{"type":"LineString","coordinates":[[-67.99928,10.1788],[-67.99868,10.1789]]}},{"type":"Feature","id":"way/985163412","properties":{"highway":"tertiary","ref":"L-1"},"geometry":{"type":"LineString","coordinates":[[-67.99932,10.17896],[-67.99943,10.17894]]}},{"type":"Feature","id":"way/985163413","properties":{"name":"Avenida Lara","highway":"tertiary","ref":"L-1"},"geometry":{"type":"LineString","coordinates":[[-68.01115,10.17719],[-68.01126,10.1772]]}},{"type":"Feature","id":"way/985163414","properties":{"name":"Avenida Ar\u00e1nzazu","highway":"secondary","ref":"L-1;R-6"},"geometry":{"type":"LineString","coordinates":[[-68.01117,10.17712],[-68.01115,10.17719]]}},{"type":"Feature","id":"way/985163415","properties":{"name":"Avenida Ar\u00e1nzazu","highway":"secondary","ref":"L-1;R-6"},"geometry":{"type":"LineString","coordinates":[[-68.01126,10.1772],[-68.01129,10.17713]]}},{"type":"Feature","id":"way/985163416","properties":{"name":"Avenida 105 Cedeno","highway":"secondary","ref":"L-1"},"geometry":{"type":"LineString","coordinates":[[-68.01123,10.18585],[-68.01111,10.18586]]}},{"type":"Feature","id":"way/985163417","properties":{"name":"Avenida 105 Cedeno","highway":"secondary","ref":"L-1"},"geometry":{"type":"LineString","coordinates":[[-68.01108,10.18598],[-68.0112,10.18596]]}},{"type":"Feature","id":"way/985163418","properties":{"name":"Avenida Fern\u00e1ndo Figueredo","highway":"secondary","ref":"L-1;R-6"},"geometry":{"type":"LineString","coordinates":[[-68.0112,10.18596],[-68.01123,10.18585]]}},{"type":"Feature","id":"way/985163420","properties":{"name":"Avenida Fern\u00e1ndo Figueredo","highway":"tertiary","ref":"R-6"},"geometry":{"type":"LineString","coordinates":[[-68.01108,10.18598],[-68.0109,10.18662]]}},{"type":"Feature","id":"way/985163421","properties":{"name":"Avenida Fern\u00e1ndo Figueredo","highway":"secondary","ref":"L-1;R-6"},"geometry":{"type":"LineString","coordinates":[[-68.01111,10.18586],[-68.01108,10.18598]]}},{"type":"Feature","id":"way/985163422","properties":{"name":"Distribuidor Ma\u00f1ongo","highway":"motorway_link"},"geometry":{"type":"LineString","coordinates":[[-68.00187,10.23366],[-68.0022,10.2317]]}},{"type":"Feature","id":"way/985163423","properties":{"name":"Distribuidor Las Clavellinas","highway":"motorway_link"},"geometry":{"type":"LineString","coordinates":[[-68.00412,10.22386],[-68.00396,10.22354]]}},{"type":"Feature","id":"way/985165057","properties":{"name":"Calle 91 Michelena","highway":"tertiary","ref":"R-6"},"geometry":{"type":"LineString","coordinates":[[-68.01476,10.17217],[-68.01135,10.17276]]}},{"type":"Feature","id":"way/985165058","properties":{"name":"Calle 91 Michelena","highway":"tertiary","ref":"R-6"},"geometry":{"type":"LineString","coordinates":[[-68.01126,10.17283],[-68.01135,10.17283]]}},{"type":"Feature","id":"way/985172337","properties":{"name":"Avenida Valencia","highway":"tertiary","ref":"R-22"},"geometry":{"type":"LineString","coordinates":[[-68.03809,10.18568],[-68.03794,10.18578]]}},{"type":"Feature","id":"way/985172338","properties":{"name":"Avenida Valencia","highway":"tertiary","ref":"R-22"},"geometry":{"type":"LineString","coordinates":[[-68.03807,10.18593],[-68.03829,10.18577]]}},{"type":"Feature","id":"way/985172340","properties":{"name":"Avenida Carlos Sanda","highway":"tertiary","ref":"R-6"},"geometry":{"type":"LineString","coordinates":[[-68.01432,10.21094],[-68.01424,10.21095]]}},{"type":"Feature","id":"way/985172343","properties":{"name":"Avenida Carlos Sanda","highway":"tertiary","ref":"R-6"},"geometry":{"type":"LineString","coordinates":[[-68.01426,10.21105],[-68.01434,10.21104]]}},{"type":"Feature","id":"way/985172347","properties":{"name":"Avenida Al\u00ed Primera","highway":"secondary"},"geometry":{"type":"LineString","coordinates":[[-67.96106,10.16541],[-67.96208,10.16499]]}},{"type":"Feature","id":"way/985172348","properties":{"name":"Avenida Al\u00ed Primera","highway":"secondary"},"geometry":{"type":"LineString","coordinates":[[-67.96253,10.1646],[-67.962,10.16489]]}},{"type":"Feature","id":"way/985182282","properties":{"name":"Calle Valmore Rodr\u00edguez","highway":"tertiary"},"geometry":{"type":"LineString","coordinates":[[-68.0188,10.27924],[-68.01864,10.27939]]}},{"type":"Feature","id":"way/985182283","properties":{"highway":"tertiary"},"geometry":{"type":"LineString","coordinates":[[-68.02261,10.29272],[-68.02217,10.29418]]}},{"type":"Feature","id":"way/985184640","properties":{"name":"Avenida Valencia - Campo Carabobo","highway":"tertiary"},"geometry":{"type":"LineString","coordinates":[[-68.06301,10.12277],[-68.06179,10.12426]]}},{"type":"Feature","id":"way/985184641","properties":{"name":"Avenida Valencia - Campo Carabobo","highway":"tertiary"},"geometry":{"type":"LineString","coordinates":[[-68.06473,10.12027],[-68.06416,10.12091]]}},{"type":"Feature","id":"way/985184642","properties":{"name":"Avenida Valencia - Campo Carabobo","highway":"tertiary","ref":"R-7;R-25"},"geometry":{"type":"LineString","coordinates":[[-68.08724,10.09642],[-68.09067,10.09289]]}},{"type":"Feature","id":"way/985196489","properties":{"name":"Avenida Sesquicentenario","highway":"secondary"},"geometry":{"type":"LineString","coordinates":[[-68.01231,10.14123],[-68.0168,10.14086]]}},{"type":"Feature","id":"way/985198587","properties":{"name":"Avenida Los Pr\u00f3ceres","highway":"tertiary"},"geometry":{"type":"LineString","coordinates":[[-68.03358,10.12801],[-68.0285,10.12534]]}},{"type":"Feature","id":"way/985198588","properties":{"name":"Avenida Los Pr\u00f3ceres","highway":"tertiary"},"geometry":{"type":"LineString","coordinates":[[-68.02843,10.12549],[-68.03351,10.12813]]}},{"type":"Feature","id":"way/985282606","properties":{"name":"Av. Jos\u00e9 Rafael Pocaterra","highway":"tertiary"},"geometry":{"type":"LineString","coordinates":[[-67.9047,10.26295],[-67.90481,10.26171]]}},{"type":"Feature","id":"way/985282608","properties":{"name":"Avenida Jos\u00e9 Rafael Pocaterra","highway":"secondary"},"geometry":{"type":"LineString","coordinates":[[-67.90298,10.25061],[-67.90271,10.24976]]}},{"type":"Feature","id":"way/985282609","properties":{"name":"Avenida Jos\u00e9 Rafael Pocaterra","highway":"tertiary"},"geometry":{"type":"LineString","coordinates":[[-67.90448,10.25674],[-67.90419,10.25266],[-67.90298,10.25061]]}},{"type":"Feature","id":"way/985282610","properties":{"name":"Avenida Ruiz Pineda","highway":"secondary"},"geometry":{"type":"LineString","coordinates":[[-67.91286,10.24783],[-67.91255,10.24814]]}},{"type":"Feature","id":"way/985282615","properties":{"name":"Carretera Nacional Valencia - Guacara","highway":"secondary","ref":"L-1"},"geometry":{"type":"LineString","coordinates":[[-67.89824,10.2132],[-67.92199,10.19805]]}},{"type":"Feature","id":"way/985282617","properties":{"highway":"motorway_link"},"geometry":{"type":"LineString","coordinates":[[-67.9283,10.19938],[-67.93122,10.19732]]}},{"type":"Feature","id":"way/985282619","properties":{"highway":"motorway_link"},"geometry":{"type":"LineString","coordinates":[[-67.93072,10.197],[-67.93037,10.19711]]}},{"type":"Feature","id":"way/985282620","properties":{"highway":"motorway_link"},"geometry":{"type":"LineString","coordinates":[[-67.93118,10.19681],[-67.93072,10.197]]}},{"type":"Feature","id":"way/985282623","properties":{"highway":"motorway_link"},"geometry":{"type":"LineString","coordinates":[[-67.94091,10.19091],[-67.93978,10.19214]]}},{"type":"Feature","id":"way/985282631","properties":{"highway":"tertiary"},"geometry":{"type":"LineString","coordinates":[[-68.0285,10.12534],[-68.0284,10.12524]]}},{"type":"Feature","id":"way/985282632","properties":{"name":"Avenida Rafael Urdaneta","highway":"tertiary"},"geometry":{"type":"LineString","coordinates":[[-68.02843,10.12549],[-68.03028,10.12197]]}},{"type":"Feature","id":"way/985282633","properties":{"name":"Avenida Rafael Urdaneta","highway":"tertiary"},"geometry":{"type":"LineString","coordinates":[[-68.03017,10.1219],[-68.02829,10.12548]]}},{"type":"Feature","id":"way/985282637","properties":{"name":"Calle Sucre","highway":"tertiary"},"geometry":{"type":"LineString","coordinates":[[-68.09579,10.09114],[-68.09487,10.0913]]}},{"type":"Feature","id":"way/985282638","properties":{"highway":"tertiary"},"geometry":{"type":"LineString","coordinates":[[-68.09602,10.09209],[-68.09579,10.09114]]}},{"type":"Feature","id":"way/985282639","properties":{"name":"Calle Arvelo","highway":"tertiary"},"geometry":{"type":"LineString","coordinates":[[-68.09771,10.09217],[-68.09602,10.09209]]}},{"type":"Feature","id":"way/985373825","properties":{"name":"Distribuidor: Naguanagua","highway":"motorway_link"},"geometry":{"type":"LineString","coordinates":[[-68.00543,10.25507],[-68.00528,10.25469]]}},{"type":"Feature","id":"way/985373826","properties":{"name":"Distribuidor Lomas del Este","highway":"motorway_link"},"geometry":{"type":"LineString","coordinates":[[-67.99534,10.1917],[-67.9956,10.19156]]}},{"type":"Feature","id":"way/985373827","properties":{"name":"Distribuidor Industrial I","highway":"motorway_link"},"geometry":{"type":"LineString","coordinates":[[-67.95062,10.18682],[-67.9499,10.1871]]}},{"type":"Feature","id":"way/985373828","properties":{"highway":"motorway_link"},"geometry":{"type":"LineString","coordinates":[[-67.80226,10.25995],[-67.79966,10.26073]]}},{"type":"Feature","id":"way/985470926","properties":{"highway":"tertiary"},"geometry":{"type":"LineString","coordinates":[[-68.42238,10.17581],[-68.4163,10.17496],[-68.41326,10.17744]]}},{"type":"Feature","id":"way/985473877","properties":{"name":"Carretera Intercomunal","highway":"secondary","ref":"T-11;L-6"},"geometry":{"type":"LineString","coordinates":[[-67.92537,10.12864],[-67.92474,10.12987]]}},{"type":"Feature","id":"way/985473878","properties":{"name":"Avenida Industrial Michelena","highway":"primary","ref":"T-11;L-6"},"geometry":{"type":"LineString","coordinates":[[-67.96156,10.16394],[-67.96315,10.16611]]}},{"type":"Feature","id":"way/985479216","properties":{"highway":"motorway_link"},"geometry":{"type":"LineString","coordinates":[[-67.99217,10.18793],[-67.99268,10.18815]]}},{"type":"Feature","id":"way/985479217","properties":{"highway":"motorway_link"},"geometry":{"type":"LineString","coordinates":[[-67.99068,10.18663],[-67.99092,10.18701]]}},{"type":"Feature","id":"way/985493598","properties":{"name":"Distribuidor San Blas","highway":"motorway_link"},"geometry":{"type":"LineString","coordinates":[[-67.98302,10.18092],[-67.98175,10.18152]]}},{"type":"Feature","id":"way/985493599","properties":{"name":"Carretera Nacional Maracay - Mariara","highway":"primary","ref":"L-1"},"geometry":{"type":"LineString","coordinates":[[-67.67304,10.25623],[-67.67449,10.25605],[-67.6755,10.25713]]}},{"type":"Feature","id":"way/985495243","properties":{"name":"Calle Bol\u00edvar","highway":"primary","ref":"R-12"},"geometry":{"type":"LineString","coordinates":[[-67.68335,9.98979],[-67.67939,9.98927]]}},{"type":"Feature","id":"way/985507176","properties":{"name":"Avenida Industrial Michelena","highway":"primary","ref":"T-11;L-6;R-1"},"geometry":{"type":"LineString","coordinates":[[-67.96932,10.18312],[-67.96936,10.18331]]}},{"type":"Feature","id":"way/985507177","properties":{"name":"Distribuidor Industrial II","highway":"tertiary","ref":"T-11;L-1;L-6;R-1"},"geometry":{"type":"LineString","coordinates":[[-67.97039,10.18297],[-67.96985,10.18306]]}},{"type":"Feature","id":"way/985510499","properties":{"highway":"tertiary","ref":"R-4"},"geometry":{"type":"LineString","coordinates":[[-68.01037,10.46469],[-68.01179,10.46465]]}},{"type":"Feature","id":"way/985513337","properties":{"name":"Avenida San Jos\u00e9 de Tarbes","highway":"tertiary"},"geometry":{"type":"LineString","coordinates":[[-68.00139,10.21281],[-68.00062,10.21293]]}},{"type":"Feature","id":"way/985513339","properties":{"name":"Avenida Ar\u00e1nzazu","highway":"secondary","ref":"L-1;R-6"},"geometry":{"type":"LineString","coordinates":[[-68.01129,10.17713],[-68.01153,10.17572]]}},{"type":"Feature","id":"way/985513340","properties":{"name":"Avenida Ar\u00e1nzazu","highway":"secondary","ref":"L-1;R-6"},"geometry":{"type":"LineString","coordinates":[[-68.01126,10.17283],[-68.01131,10.1736]]}},{"type":"Feature","id":"way/985514422","properties":{"name":"Carretera Los Naranjos - El Pao","highway":"tertiary","ref":"R-14"},"geometry":{"type":"LineString","coordinates":[[-67.95687,9.90307],[-67.96233,9.89588],[-67.96571,9.89304],[-67.9676,9.88282],[-67.97123,9.88226],[-67.97416,9.87694]]}},{"type":"Feature","id":"way/985515505","properties":{"name":"Avenida Bol\u00edvar","highway":"secondary","ref":"L-1"},"geometry":{"type":"LineString","coordinates":[[-67.93697,10.18913],[-67.93529,10.18984]]}},{"type":"Feature","id":"way/985515506","properties":{"name":"Carretera Los Guayos-Guigue","highway":"secondary","ref":"R-9"},"geometry":{"type":"LineString","coordinates":[[-67.93211,10.18107],[-67.93179,10.18081]]}},{"type":"Feature","id":"way/985515507","properties":{"name":"Carretera Los Guayos-Guigue","highway":"secondary","ref":"R-9"},"geometry":{"type":"LineString","coordinates":[[-67.93098,10.18001],[-67.93075,10.17964]]}},{"type":"Feature","id":"way/985523775","properties":{"name":"V\u00eda a Borburata","highway":"tertiary","ref":"R-19"},"geometry":{"type":"LineString","coordinates":[[-67.96902,10.46913],[-67.96893,10.4693]]}},{"type":"Feature","id":"way/985523776","properties":{"name":"V\u00eda a Borburata","highway":"tertiary","ref":"R-19"},"geometry":{"type":"LineString","coordinates":[[-67.9691,10.4693],[-67.96902,10.46913]]}},{"type":"Feature","id":"way/987729425","properties":{"highway":"secondary"},"geometry":{"type":"LineString","coordinates":[[-67.96257,10.16474],[-67.96931,10.16154],[-67.975,10.16044]]}},{"type":"Feature","id":"way/987817368","properties":{"name":"Carretera Vieja Yaracuy - Mor\u00f3n","highway":"primary","ref":"T-1"},"geometry":{"type":"LineString","coordinates":[[-68.3225,10.45678],[-68.32229,10.45704]]}},{"type":"Feature","id":"way/987817369","properties":{"name":"Carretera Vieja Yaracuy - Mor\u00f3n","highway":"primary","ref":"T-1"},"geometry":{"type":"LineString","coordinates":[[-68.32229,10.45704],[-68.31871,10.4597],[-68.3001,10.46093],[-68.27619,10.46543],[-68.26072,10.466]]}},{"type":"Feature","id":"way/990948108","properties":{"name":"Autopista Valencia - Puerto Cabello","highway":"trunk","ref":"T-1"},"geometry":{"type":"LineString","coordinates":[[-68.03141,10.2937],[-68.03157,10.29387]]}},{"type":"Feature","id":"way/990948109","properties":{"name":"Autopista Valencia - Puerto Cabello","highway":"trunk","ref":"T-1"},"geometry":{"type":"LineString","coordinates":[[-68.0311,10.29334],[-68.03141,10.2937]]}},{"type":"Feature","id":"way/990948110","properties":{"name":"Autopista Valencia - Puerto Cabello","highway":"trunk","ref":"T-1"},"geometry":{"type":"LineString","coordinates":[[-68.0317,10.29379],[-68.03151,10.29362]]}},{"type":"Feature","id":"way/990948111","properties":{"name":"Autopista Valencia - Puerto Cabello","highway":"trunk","ref":"T-1"},"geometry":{"type":"LineString","coordinates":[[-68.03151,10.29362],[-68.03123,10.29329]]}},{"type":"Feature","id":"way/992499606","properties":{"name":"Avenida Bol\u00edvar","highway":"secondary","ref":"L-1"},"geometry":{"type":"LineString","coordinates":[[-67.93497,10.19019],[-67.9353,10.18993]]}},{"type":"Feature","id":"way/992499607","properties":{"name":"Avenida Bol\u00edvar","highway":"secondary","ref":"L-1"},"geometry":{"type":"LineString","coordinates":[[-67.93219,10.19153],[-67.93497,10.19019]]}},{"type":"Feature","id":"way/992499608","properties":{"name":"Avenida Bol\u00edvar","highway":"secondary","ref":"L-1"},"geometry":{"type":"LineString","coordinates":[[-67.9349,10.19014],[-67.93219,10.19153]]}},{"type":"Feature","id":"way/992499609","properties":{"name":"Avenida Bol\u00edvar","highway":"secondary","ref":"L-1"},"geometry":{"type":"LineString","coordinates":[[-67.9353,10.18993],[-67.94338,10.18755]]}},{"type":"Feature","id":"way/992499610","properties":{"name":"Carretera Nacional Valencia - Guacara","highway":"secondary","ref":"L-1"},"geometry":{"type":"LineString","coordinates":[[-67.94386,10.1874],[-67.94353,10.18744]]}},{"type":"Feature","id":"way/992499611","properties":{"name":"Carretera Nacional Valencia - Guacara","highway":"secondary","ref":"L-1"},"geometry":{"type":"LineString","coordinates":[[-67.94354,10.18752],[-67.94386,10.1874]]}},{"type":"Feature","id":"way/993083921","properties":{"name":"Avenida Intercomunal de El Roble","highway":"secondary","ref":"R-9"},"geometry":{"type":"LineString","coordinates":[[-67.89311,10.1225],[-67.89248,10.12176],[-67.89361,10.11597]]}},{"type":"Feature","id":"way/993083922","properties":{"name":"Avenida Intercomunal de El Roble","highway":"secondary","ref":"R-9"},"geometry":{"type":"LineString","coordinates":[[-67.89326,10.12261],[-67.89311,10.1225]]}},{"type":"Feature","id":"way/993096757","properties":{"highway":"primary_link"},"geometry":{"type":"LineString","coordinates":[[-67.96259,10.2654],[-67.96283,10.26512]]}},{"type":"Feature","id":"way/993765336","properties":{"name":"Calle Principal de Los Cayenes","highway":"primary","ref":"R-2"},"geometry":{"type":"LineString","coordinates":[[-67.93054,10.44163],[-67.92796,10.44101]]}},{"type":"Feature","id":"way/1046358064","properties":{"highway":"trunk_link"},"geometry":{"type":"LineString","coordinates":[[-68.03091,10.15233],[-68.03113,10.15291]]}},{"type":"Feature","id":"way/1046358065","properties":{"highway":"trunk_link"},"geometry":{"type":"LineString","coordinates":[[-68.03159,10.15237],[-68.03099,10.15227]]}},{"type":"Feature","id":"way/1046358067","properties":{"name":"Distribuidor La Encrucijada","highway":"trunk_link"},"geometry":{"type":"LineString","coordinates":[[-68.10567,10.07394],[-68.10705,10.07391]]}},{"type":"Feature","id":"way/1046358068","properties":{"name":"Avenida Valencia - Campo Carabobo","highway":"trunk","ref":"T-5"},"geometry":{"type":"LineString","coordinates":[[-68.09823,10.08169],[-68.1043,10.07145]]}},{"type":"Feature","id":"way/1046358069","properties":{"name":"Avenida Valencia - Campo Carabobo","highway":"trunk","ref":"T-5"},"geometry":{"type":"LineString","coordinates":[[-68.10587,10.0684],[-68.0981,10.08163]]}},{"type":"Feature","id":"way/1046359153","properties":{"name":"Avenida del Puerto","highway":"primary","ref":"R-2"},"geometry":{"type":"LineString","coordinates":[[-68.00291,10.46469],[-68.00209,10.46476]]}},{"type":"Feature","id":"way/1046359154","properties":{"name":"Distribuidor El Cangrejo","highway":"primary"},"geometry":{"type":"LineString","coordinates":[[-68.00628,10.46427],[-68.00675,10.46388]]}},{"type":"Feature","id":"way/1053308545","properties":{"name":"Carretera Miranda - Salom","highway":"tertiary","ref":"R-3"},"geometry":{"type":"LineString","coordinates":[[-68.42288,10.16789],[-68.40231,10.1502]]}},{"type":"Feature","id":"way/1053309777","properties":{"name":"Carretera Regional Bejuma - Canoabo","highway":"primary","ref":"L-4"},"geometry":{"type":"LineString","coordinates":[[-68.27856,10.30505],[-68.27633,10.30375],[-68.27472,10.30444],[-68.27352,10.30344],[-68.2721,10.30365],[-68.27187,10.30142],[-68.26742,10.29883],[-68.26521,10.29544],[-68.26277,10.29508],[-68.26101,10.29332],[-68.26081,10.29245],[-68.26205,10.29224],[-68.26339,10.28989],[-68.26495,10.28908],[-68.26385,10.28739],[-68.2619,10.28754],[-68.26204,10.28548],[-68.26005,10.28745],[-68.25847,10.28353],[-68.25941,10.27887],[-68.26144,10.27796],[-68.26072,10.27608],[-68.26224,10.27423],[-68.26197,10.27328],[-68.26513,10.27285],[-68.26389,10.27079],[-68.26449,10.26648],[-68.26897,10.26381],[-68.27049,10.26035],[-68.26715,10.25768],[-68.26588,10.25858],[-68.26114,10.25703],[-68.26239,10.25572],[-68.26172,10.25343],[-68.26594,10.25075],[-68.2637,10.24712],[-68.26905,10.24146],[-68.27386,10.22016],[-68.27883,10.21214],[-68.27997,10.20283],[-68.2779,10.19254],[-68.28368,10.17739],[-68.28197,10.17137]]}},{"type":"Feature","id":"way/1053310300","properties":{"name":"Eje Rural de Potrerito","highway":"tertiary","ref":"L-3"},"geometry":{"type":"LineString","coordinates":[[-68.1934,10.22354],[-68.19299,10.21158],[-68.19165,10.20549]]}},{"type":"Feature","id":"way/1053393905","properties":{"highway":"tertiary"},"geometry":{"type":"LineString","coordinates":[[-67.91548,10.42609],[-67.91427,10.42599]]}},{"type":"Feature","id":"way/1053393906","properties":{"name":"Calle Principal de Patanemo","highway":"tertiary","ref":"R-2"},"geometry":{"type":"LineString","coordinates":[[-67.91597,10.43005],[-67.91548,10.42609]]}},{"type":"Feature","id":"way/1053393909","properties":{"name":"Calle Principal de Los Cayenes","highway":"tertiary","ref":"R-2"},"geometry":{"type":"LineString","coordinates":[[-67.92526,10.44082],[-67.91813,10.44021]]}},{"type":"Feature","id":"way/1053431698","properties":{"name":"Avenida Andr\u00e9s Eloy Blanco","highway":"tertiary","ref":"R-6"},"geometry":{"type":"LineString","coordinates":[[-68.01032,10.19824],[-68.01032,10.19816]]}},{"type":"Feature","id":"way/1053451521","properties":{"name":"Avenida Ar\u00e1nzazu","highway":"secondary"},"geometry":{"type":"LineString","coordinates":[[-68.01683,10.14073],[-68.0168,10.14086]]}},{"type":"Feature","id":"way/1053454419","properties":{"name":"Avenida Valencia - Campo Carabobo","highway":"tertiary"},"geometry":{"type":"LineString","coordinates":[[-68.09449,10.08728],[-68.09516,10.08636]]}},{"type":"Feature","id":"way/1053455681","properties":{"highway":"secondary"},"geometry":{"type":"LineString","coordinates":[[-67.93699,10.18919],[-67.93697,10.18913]]}},{"type":"Feature","id":"way/1053455683","properties":{"name":"Avenida Ernesto Branger","highway":"tertiary"},"geometry":{"type":"LineString","coordinates":[[-67.94363,10.16824],[-67.94488,10.17476],[-67.94944,10.179]]}},{"type":"Feature","id":"way/1053458852","properties":{"highway":"primary_link","ref":"T-11;L-6"},"geometry":{"type":"LineString","coordinates":[[-67.92434,10.1304],[-67.92438,10.13056]]}},{"type":"Feature","id":"way/1053777792","properties":{"name":"Peaje de Guacara / Veh\u00edculos Pesados / Canal Multipago / Carril 5","highway":"motorway","ref":"T-1"},"geometry":{"type":"LineString","coordinates":[[-67.83294,10.25242],[-67.83588,10.25113]]}},{"type":"Feature","id":"way/1053777793","properties":{"name":"Peaje de Guacara / Veh\u00edculos Pesados / Canal Multipago / Carril 6","highway":"motorway","ref":"T-1"},"geometry":{"type":"LineString","coordinates":[[-67.83294,10.25242],[-67.83588,10.25113]]}},{"type":"Feature","id":"way/1053777794","properties":{"name":"Peaje de Guacara / Veh\u00edculos Pesados / Canal Multipago / Carril 4","highway":"motorway","ref":"T-1"},"geometry":{"type":"LineString","coordinates":[[-67.83294,10.25242],[-67.83588,10.25113]]}},{"type":"Feature","id":"way/1053777795","properties":{"name":"Peaje de Guacara / Veh\u00edculos Livianos + Motos / Canal Multipago / Carril 3","highway":"motorway","ref":"T-1"},"geometry":{"type":"LineString","coordinates":[[-67.83294,10.25242],[-67.83588,10.25113]]}},{"type":"Feature","id":"way/1053777796","properties":{"name":"Peaje de Guacara / Veh\u00edculos Livianos / Canal Prepagado / Carril 2","highway":"motorway","ref":"T-1"},"geometry":{"type":"LineString","coordinates":[[-67.83294,10.25242],[-67.83588,10.25113]]}},{"type":"Feature","id":"way/1053782501","properties":{"name":"Peaje de Guacara / Veh\u00edculos Pesados / Canal Multipago / Carril 7","highway":"motorway","ref":"T-1"},"geometry":{"type":"LineString","coordinates":[[-67.83693,10.25047],[-67.83318,10.25215]]}},{"type":"Feature","id":"way/1053782502","properties":{"name":"Peaje de Guacara / Veh\u00edculos Pesados / Canal Multipago / Carril 6","highway":"motorway","ref":"T-1"},"geometry":{"type":"LineString","coordinates":[[-67.83693,10.25047],[-67.83318,10.25215]]}},{"type":"Feature","id":"way/1053782503","properties":{"name":"Peaje de Guacara / Veh\u00edculos Pesados / Canal Multipago / Carril 5","highway":"motorway","ref":"T-1"},"geometry":{"type":"LineString","coordinates":[[-67.83693,10.25047],[-67.83318,10.25215]]}},{"type":"Feature","id":"way/1053782504","properties":{"name":"Peaje de Guacara / Veh\u00edculos Pesados / Canal Multipago / Carril 4","highway":"motorway","ref":"T-1"},"geometry":{"type":"LineString","coordinates":[[-67.83693,10.25047],[-67.83318,10.25215]]}},{"type":"Feature","id":"way/1053782505","properties":{"name":"Peaje de Guacara / Veh\u00edculos Livianos + Motos / Canal Multipago / Carril 3","highway":"motorway","ref":"T-1"},"geometry":{"type":"LineString","coordinates":[[-67.83693,10.25047],[-67.83318,10.25215]]}},{"type":"Feature","id":"way/1053782506","properties":{"name":"Peaje de Guacara / Veh\u00edculos Livianos / Canal Prepagado / Carril 2","highway":"motorway","ref":"T-1"},"geometry":{"type":"LineString","coordinates":[[-67.83693,10.25047],[-67.83318,10.25215]]}},{"type":"Feature","id":"way/1053786984","properties":{"name":"Peaje La Entrada / Veh\u00edculos Pesados / Canal Multipago / Carril 5","highway":"trunk","ref":"T-1"},"geometry":{"type":"LineString","coordinates":[[-68.0444,10.29871],[-68.03955,10.29717]]}},{"type":"Feature","id":"way/1053786985","properties":{"name":"Peaje La Entrada / Veh\u00edculos Pesados / Canal Multipago / Carril 4","highway":"trunk","ref":"T-1"},"geometry":{"type":"LineString","coordinates":[[-68.0444,10.29871],[-68.03955,10.29717]]}},{"type":"Feature","id":"way/1053786986","properties":{"name":"Peaje La Entrada / Veh\u00edculos Livianos + Motos / Canal Multipago / Carril 3","highway":"trunk","ref":"T-1"},"geometry":{"type":"LineString","coordinates":[[-68.0444,10.29871],[-68.03955,10.29717]]}},{"type":"Feature","id":"way/1053786987","properties":{"name":"Peaje La Entrada / Veh\u00edculos Livianos / Canal Prepagado / Carril 2","highway":"trunk","ref":"T-1"},"geometry":{"type":"LineString","coordinates":[[-68.0444,10.29871],[-68.03955,10.29717]]}},{"type":"Feature","id":"way/1053786988","properties":{"name":"Peaje La Entrada / Veh\u00edculos Livianos / Canal Prepagado / Carril 1","highway":"trunk","ref":"T-1"},"geometry":{"type":"LineString","coordinates":[[-68.0444,10.29871],[-68.03955,10.29717]]}},{"type":"Feature","id":"way/1053800176","properties":{"name":"Peaje La Entrada / Veh\u00edculos Pesados / Canal Multipago / Carril 5","highway":"trunk","ref":"T-1"},"geometry":{"type":"LineString","coordinates":[[-68.03935,10.29719],[-68.04401,10.29869]]}},{"type":"Feature","id":"way/1053800177","properties":{"name":"Peaje La Entrada / Veh\u00edculos Pesados / Canal Multipago / Carril 4","highway":"trunk","ref":"T-1"},"geometry":{"type":"LineString","coordinates":[[-68.03935,10.29719],[-68.04401,10.29869]]}},{"type":"Feature","id":"way/1053800178","properties":{"name":"Peaje La Entrada / Veh\u00edculos Livianos + Motos / Canal Multipago / Carril 3","highway":"trunk","ref":"T-1"},"geometry":{"type":"LineString","coordinates":[[-68.03935,10.29719],[-68.04401,10.29869]]}},{"type":"Feature","id":"way/1053800179","properties":{"name":"Peaje La Entrada / Veh\u00edculos Livianos / Canal Prepagado / Carril 2","highway":"trunk","ref":"T-1"},"geometry":{"type":"LineString","coordinates":[[-68.03935,10.29719],[-68.04401,10.29869]]}},{"type":"Feature","id":"way/1053800180","properties":{"name":"Peaje La Entrada / Veh\u00edculos Livianos / Canal Prepagado / Carril 1","highway":"trunk","ref":"T-1"},"geometry":{"type":"LineString","coordinates":[[-68.03935,10.29719],[-68.04401,10.29869]]}},{"type":"Feature","id":"way/1055748721","properties":{"name":"Distribuidor San Blas","highway":"motorway_link"},"geometry":{"type":"LineString","coordinates":[[-67.98727,10.17848],[-67.9875,10.18162]]}},{"type":"Feature","id":"way/1055766028","properties":{"highway":"trunk_link","ref":"T-5"},"geometry":{"type":"LineString","coordinates":[[-68.03113,10.15291],[-68.03023,10.15372]]}},{"type":"Feature","id":"way/1055828291","properties":{"name":"Arterial 4","highway":"tertiary"},"geometry":{"type":"LineString","coordinates":[[-67.96407,10.21419],[-67.96391,10.21418]]}},{"type":"Feature","id":"way/1056790111","properties":{"name":"Autopista Regional del Centro","highway":"motorway","ref":"T-1"},"geometry":{"type":"LineString","coordinates":[[-67.9018,10.22397],[-67.9053,10.21975]]}},{"type":"Feature","id":"way/1057034892","properties":{"name":"Autopista Regional del Centro","highway":"motorway","ref":"T-1"},"geometry":{"type":"LineString","coordinates":[[-67.97104,10.18372],[-67.97807,10.18257]]}},{"type":"Feature","id":"way/1057046555","properties":{"name":"Autopista Circunvalaci\u00f3n del Este","highway":"motorway","ref":"T-1"},"geometry":{"type":"LineString","coordinates":[[-67.98928,10.18559],[-67.99068,10.18663]]}},{"type":"Feature","id":"way/1057046556","properties":{"name":"Autopista Circunvalaci\u00f3n del Este","highway":"motorway","ref":"T-1"},"geometry":{"type":"LineString","coordinates":[[-67.99068,10.18663],[-67.99283,10.18826]]}},{"type":"Feature","id":"way/1058970376","properties":{"name":"Distribuidor San Blas","highway":"trunk"},"geometry":{"type":"LineString","coordinates":[[-67.98529,10.18019],[-67.98302,10.18092]]}},{"type":"Feature","id":"way/1059865810","properties":{"highway":"tertiary","ref":"R-4"},"geometry":{"type":"LineString","coordinates":[[-68.01181,10.46457],[-68.01037,10.46462]]}},{"type":"Feature","id":"way/1060233621","properties":{"name":"Distribuidor La Encrucijada","highway":"trunk_link"},"geometry":{"type":"LineString","coordinates":[[-68.10551,10.07012],[-68.10577,10.06892]]}},{"type":"Feature","id":"way/1070005534","properties":{"highway":"tertiary"},"geometry":{"type":"LineString","coordinates":[[-68.02059,10.45077],[-68.02021,10.45098]]}},{"type":"Feature","id":"way/1070005538","properties":{"highway":"tertiary"},"geometry":{"type":"LineString","coordinates":[[-68.02021,10.45098],[-68.01971,10.45102]]}},{"type":"Feature","id":"way/1088701798","properties":{"name":"Autopista B\u00e1rbula - Guacara","highway":"trunk","ref":"L-1"},"geometry":{"type":"LineString","coordinates":[[-67.91733,10.25487],[-67.91496,10.25123]]}},{"type":"Feature","id":"way/1088701799","properties":{"name":"Autopista B\u00e1rbula - Guacara","highway":"trunk","ref":"L-1"},"geometry":{"type":"LineString","coordinates":[[-67.91496,10.25123],[-67.9123,10.24867]]}},{"type":"Feature","id":"way/1088701800","properties":{"name":"Autopista B\u00e1rbula - Guacara","highway":"trunk","ref":"L-1"},"geometry":{"type":"LineString","coordinates":[[-67.90509,10.2419],[-67.91038,10.24698]]}},{"type":"Feature","id":"way/1088701801","properties":{"name":"Autopista B\u00e1rbula - Guacara","highway":"trunk","ref":"L-1"},"geometry":{"type":"LineString","coordinates":[[-67.91038,10.24698],[-67.91204,10.24856]]}},{"type":"Feature","id":"way/1088842265","properties":{"name":"Carretera Panamericana Nirgua - Tocuyito","highway":"trunk","ref":"T-11"},"geometry":{"type":"LineString","coordinates":[[-68.21921,10.16896],[-68.21822,10.16731],[-68.21871,10.16527]]}},{"type":"Feature","id":"way/1088842266","properties":{"name":"Carretera Panamericana Nirgua - Tocuyito","highway":"trunk","ref":"T-11"},"geometry":{"type":"LineString","coordinates":[[-68.41307,10.14057],[-68.40186,10.13906],[-68.38667,10.14067],[-68.36813,10.1513],[-68.35846,10.15155],[-68.3351,10.15462],[-68.30758,10.16317],[-68.29756,10.16458],[-68.27119,10.16551],[-68.2613,10.16715],[-68.23866,10.17309],[-68.22165,10.17126],[-68.21921,10.16896]]}},{"type":"Feature","id":"way/1145116162","properties":{"highway":"trunk_link"},"geometry":{"type":"LineString","coordinates":[[-68.09452,10.08642],[-68.0945,10.08677]]}},{"type":"Feature","id":"way/1147134641","properties":{"name":"Avenida Salvador Feo La Cruz","highway":"tertiary"},"geometry":{"type":"LineString","coordinates":[[-68.00713,10.23526],[-68.0116,10.23491]]}},{"type":"Feature","id":"way/1147134642","properties":{"name":"Avenida Salvador Feo La Cruz","highway":"tertiary"},"geometry":{"type":"LineString","coordinates":[[-68.00664,10.23512],[-68.00713,10.23526]]}},{"type":"Feature","id":"way/1147134643","properties":{"name":"Avenida Salvador Feo La Cruz","highway":"tertiary"},"geometry":{"type":"LineString","coordinates":[[-68.00809,10.23515],[-68.00717,10.23518]]}},{"type":"Feature","id":"way/1147134644","properties":{"name":"Avenida Salvador Feo La Cruz","highway":"tertiary"},"geometry":{"type":"LineString","coordinates":[[-68.00717,10.23518],[-68.00664,10.23502]]}},{"type":"Feature","id":"way/1155146327","properties":{"name":"Carretera Nacional Valencia - Guacara","highway":"secondary","ref":"L-1"},"geometry":{"type":"LineString","coordinates":[[-67.89442,10.2156],[-67.89434,10.21564]]}},{"type":"Feature","id":"way/1155146328","properties":{"name":"Carretera Nacional Valencia - Guacara","highway":"secondary","ref":"L-1"},"geometry":{"type":"LineString","coordinates":[[-67.89824,10.2132],[-67.89442,10.2156]]}},{"type":"Feature","id":"way/1155146329","properties":{"name":"Carretera Nacional Valencia - Guacara","highway":"secondary","ref":"L-1"},"geometry":{"type":"LineString","coordinates":[[-67.89438,10.21571],[-67.89446,10.21566]]}},{"type":"Feature","id":"way/1155146330","properties":{"name":"Carretera Nacional Valencia - Guacara","highway":"secondary","ref":"L-1"},"geometry":{"type":"LineString","coordinates":[[-67.89446,10.21566],[-67.89824,10.2132]]}},{"type":"Feature","id":"way/1173381668","properties":{"name":"Autopista Centro Occidental","highway":"trunk","ref":"T-1"},"geometry":{"type":"LineString","coordinates":[[-68.19182,10.50246],[-68.19477,10.50172]]}},{"type":"Feature","id":"way/1173381669","properties":{"name":"Avenida Principal de Palma Sola","highway":"trunk","ref":"T-1;T-3"},"geometry":{"type":"LineString","coordinates":[[-68.18968,10.50183],[-68.18695,10.49997]]}},{"type":"Feature","id":"way/1173381670","properties":{"name":"Avenida Principal de Palma Sola","highway":"trunk","ref":"T-1;T-3"},"geometry":{"type":"LineString","coordinates":[[-68.18686,10.50007],[-68.18759,10.50289]]}},{"type":"Feature","id":"way/1173424251","properties":{"name":"Autopista Centro Occidental","highway":"trunk","ref":"T-1"},"geometry":{"type":"LineString","coordinates":[[-68.31496,10.46358],[-68.31472,10.46358]]}},{"type":"Feature","id":"way/1173424252","properties":{"name":"Autopista Centro Occidental","highway":"trunk","ref":"T-1"},"geometry":{"type":"LineString","coordinates":[[-68.32725,10.46209],[-68.31496,10.46358]]}},{"type":"Feature","id":"way/1173424253","properties":{"name":"Autopista Centro Occidental","highway":"trunk","ref":"T-1"},"geometry":{"type":"LineString","coordinates":[[-68.31469,10.46367],[-68.31494,10.46367]]}},{"type":"Feature","id":"way/1173424254","properties":{"name":"Autopista Centro Occidental","highway":"trunk","ref":"T-1"},"geometry":{"type":"LineString","coordinates":[[-68.31494,10.46367],[-68.32729,10.46218]]}},{"type":"Feature","id":"way/1173424256","properties":{"name":"Autopista Centro Occidental","highway":"trunk","ref":"T-1"},"geometry":{"type":"LineString","coordinates":[[-68.32754,10.46204],[-68.32725,10.46209]]}},{"type":"Feature","id":"way/1173424257","properties":{"name":"Autopista Centro Occidental","highway":"trunk","ref":"T-1"},"geometry":{"type":"LineString","coordinates":[[-68.40817,10.44806],[-68.38937,10.45304],[-68.33269,10.46103]]}},{"type":"Feature","id":"way/1173424258","properties":{"name":"Autopista Centro Occidental","highway":"trunk","ref":"T-1"},"geometry":{"type":"LineString","coordinates":[[-68.32729,10.46218],[-68.32757,10.46212]]}},{"type":"Feature","id":"way/1173424259","properties":{"name":"Autopista Centro Occidental","highway":"trunk","ref":"T-1"},"geometry":{"type":"LineString","coordinates":[[-68.33271,10.46112],[-68.38938,10.45314],[-68.40815,10.44816]]}},{"type":"Feature","id":"way/1173424389","properties":{"name":"Autopista Centro Occidental","highway":"trunk","ref":"T-1"},"geometry":{"type":"LineString","coordinates":[[-68.30728,10.46357],[-68.307,10.46357]]}},{"type":"Feature","id":"way/1173424390","properties":{"name":"Autopista Centro Occidental","highway":"trunk","ref":"T-1"},"geometry":{"type":"LineString","coordinates":[[-68.30698,10.46366],[-68.30726,10.46366]]}},{"type":"Feature","id":"way/1173424391","properties":{"name":"Autopista Centro Occidental","highway":"trunk","ref":"T-1"},"geometry":{"type":"LineString","coordinates":[[-68.31472,10.46358],[-68.30728,10.46357]]}},{"type":"Feature","id":"way/1173424392","properties":{"name":"Autopista Centro Occidental","highway":"trunk","ref":"T-1"},"geometry":{"type":"LineString","coordinates":[[-68.30726,10.46366],[-68.31469,10.46367]]}},{"type":"Feature","id":"way/1173424659","properties":{"name":"Autopista Centro Occidental","highway":"trunk","ref":"T-1"},"geometry":{"type":"LineString","coordinates":[[-68.277,10.46784],[-68.27684,10.46785]]}},{"type":"Feature","id":"way/1173424660","properties":{"name":"Autopista Centro Occidental","highway":"trunk","ref":"T-1"},"geometry":{"type":"LineString","coordinates":[[-68.307,10.46357],[-68.294,10.46378],[-68.28266,10.46737],[-68.277,10.46784]]}},{"type":"Feature","id":"way/1173424661","properties":{"name":"Autopista Centro Occidental","highway":"trunk","ref":"T-1"},"geometry":{"type":"LineString","coordinates":[[-68.27685,10.46794],[-68.27701,10.46793]]}},{"type":"Feature","id":"way/1173424662","properties":{"name":"Autopista Centro Occidental","highway":"trunk","ref":"T-1"},"geometry":{"type":"LineString","coordinates":[[-68.27701,10.46793],[-68.28303,10.46737],[-68.29402,10.46386],[-68.30698,10.46366]]}},{"type":"Feature","id":"way/1173425009","properties":{"name":"Autopista Centro Occidental","highway":"trunk","ref":"T-1"},"geometry":{"type":"LineString","coordinates":[[-68.26433,10.46969],[-68.26381,10.46968]]}},{"type":"Feature","id":"way/1173425010","properties":{"name":"Autopista Centro Occidental","highway":"trunk","ref":"T-1"},"geometry":{"type":"LineString","coordinates":[[-68.27684,10.46785],[-68.26433,10.46969]]}},{"type":"Feature","id":"way/1173425011","properties":{"name":"Autopista Centro Occidental","highway":"trunk","ref":"T-1"},"geometry":{"type":"LineString","coordinates":[[-68.26381,10.46977],[-68.26433,10.46978]]}},{"type":"Feature","id":"way/1173425012","properties":{"name":"Autopista Centro Occidental","highway":"trunk","ref":"T-1"},"geometry":{"type":"LineString","coordinates":[[-68.26433,10.46978],[-68.27685,10.46794]]}},{"type":"Feature","id":"way/1173425975","properties":{"name":"Redoma de Palma Sola","highway":"trunk","ref":"T-1;T-3"},"geometry":{"type":"LineString","coordinates":[[-68.18786,10.50399],[-68.18806,10.50421]]}},{"type":"Feature","id":"way/1173425976","properties":{"name":"Carretera Nacional Mor\u00f3n - Tucacas","highway":"trunk","ref":"T-3"},"geometry":{"type":"LineString","coordinates":[[-68.18786,10.50399],[-68.18801,10.50425]]}},{"type":"Feature","id":"way/1173425977","properties":{"name":"Redoma de Palma Sola","highway":"trunk","ref":"T-1;T-3"},"geometry":{"type":"LineString","coordinates":[[-68.18806,10.50421],[-68.19005,10.50418]]}},{"type":"Feature","id":"way/1173425980","properties":{"name":"Redoma de Palma Sola","highway":"trunk","ref":"T-1;T-3"},"geometry":{"type":"LineString","coordinates":[[-68.19023,10.50228],[-68.19009,10.50213]]}},{"type":"Feature","id":"way/1173425982","properties":{"name":"Autopista Centro Occidental","highway":"trunk","ref":"T-1"},"geometry":{"type":"LineString","coordinates":[[-68.19019,10.50203],[-68.18968,10.50183]]}},{"type":"Feature","id":"way/1173425983","properties":{"name":"Autopista Centro Occidental","highway":"trunk","ref":"T-1"},"geometry":{"type":"LineString","coordinates":[[-68.19068,10.50221],[-68.19019,10.50203]]}},{"type":"Feature","id":"way/1173681510","properties":{"name":"Redoma de Palma Sola","highway":"trunk","ref":"T-1;T-3"},"geometry":{"type":"LineString","coordinates":[[-68.19009,10.50213],[-68.18968,10.50183]]}},{"type":"Feature","id":"way/1173681511","properties":{"name":"Redoma de Palma Sola","highway":"trunk","ref":"T-1;T-3"},"geometry":{"type":"LineString","coordinates":[[-68.19005,10.50418],[-68.19039,10.50371]]}},{"type":"Feature","id":"way/1173681512","properties":{"name":"Redoma de Palma Sola","highway":"trunk","ref":"T-1;T-3"},"geometry":{"type":"LineString","coordinates":[[-68.19039,10.50371],[-68.19023,10.50228]]}},{"type":"Feature","id":"way/1173681513","properties":{"name":"Redoma de Palma Sola","highway":"trunk","ref":"T-1;T-3"},"geometry":{"type":"LineString","coordinates":[[-68.18759,10.50289],[-68.18786,10.50399]]}},{"type":"Feature","id":"way/1173681514","properties":{"name":"Carretera Nacional Mor\u00f3n - Tucacas","highway":"trunk","ref":"T-3"},"geometry":{"type":"LineString","coordinates":[[-68.18794,10.50639],[-68.18845,10.50566]]}},{"type":"Feature","id":"way/1173681515","properties":{"name":"Carretera Nacional Mor\u00f3n - Tucacas","highway":"trunk","ref":"T-3"},"geometry":{"type":"LineString","coordinates":[[-68.18801,10.50425],[-68.18815,10.5046]]}},{"type":"Feature","id":"way/1173719825","properties":{"name":"Autopista Centro Occidental","highway":"trunk","ref":"T-1"},"geometry":{"type":"LineString","coordinates":[[-68.19039,10.50371],[-68.19182,10.50246]]}},{"type":"Feature","id":"way/1173719826","properties":{"name":"Autopista Centro Occidental","highway":"trunk","ref":"T-1"},"geometry":{"type":"LineString","coordinates":[[-68.19181,10.50238],[-68.19068,10.50221]]}},{"type":"Feature","id":"way/1174140361","properties":{"name":"Autopista Centro Occidental","highway":"trunk","ref":"T-1"},"geometry":{"type":"LineString","coordinates":[[-68.19491,10.5016],[-68.19469,10.50166]]}},{"type":"Feature","id":"way/1174140363","properties":{"name":"Autopista Centro Occidental","highway":"trunk","ref":"T-1"},"geometry":{"type":"LineString","coordinates":[[-68.19489,10.50169],[-68.19875,10.50089],[-68.21856,10.48584],[-68.22632,10.48182],[-68.23036,10.47858],[-68.25103,10.47147],[-68.26381,10.46977]]}},{"type":"Feature","id":"way/1174140364","properties":{"name":"Autopista Centro Occidental","highway":"trunk","ref":"T-1"},"geometry":{"type":"LineString","coordinates":[[-68.19477,10.50172],[-68.19489,10.50169]]}},{"type":"Feature","id":"way/1174140365","properties":{"name":"Autopista Centro Occidental","highway":"trunk","ref":"T-1"},"geometry":{"type":"LineString","coordinates":[[-68.19469,10.50166],[-68.19181,10.50238]]}},{"type":"Feature","id":"way/1174140400","properties":{"name":"Avenida Yaracuy","highway":"primary","ref":"T-1"},"geometry":{"type":"LineString","coordinates":[[-68.20646,10.48246],[-68.20484,10.48443]]}},{"type":"Feature","id":"way/1180263854","properties":{"name":"Avenida Valencia - Campo Carabobo","highway":"trunk","ref":"T-5"},"geometry":{"type":"LineString","coordinates":[[-68.04691,10.14152],[-68.06047,10.12621]]}},{"type":"Feature","id":"way/1180263855","properties":{"name":"Avenida Valencia - Campo Carabobo","highway":"trunk","ref":"T-5"},"geometry":{"type":"LineString","coordinates":[[-68.06047,10.12621],[-68.06052,10.12615]]}},{"type":"Feature","id":"way/1180263856","properties":{"name":"Avenida Valencia - Campo Carabobo","highway":"trunk","ref":"T-5"},"geometry":{"type":"LineString","coordinates":[[-68.06036,10.12612],[-68.04674,10.1415]]}},{"type":"Feature","id":"way/1180263857","properties":{"name":"Avenida Valencia - Campo Carabobo","highway":"trunk","ref":"T-5"},"geometry":{"type":"LineString","coordinates":[[-68.06041,10.12606],[-68.06036,10.12612]]}},{"type":"Feature","id":"way/1200767968","properties":{"name":"Avenida Al\u00ed Primera","highway":"secondary"},"geometry":{"type":"LineString","coordinates":[[-67.93806,10.16923],[-67.94365,10.16833]]}},{"type":"Feature","id":"way/1200767969","properties":{"name":"Avenida Al\u00ed Primera","highway":"secondary"},"geometry":{"type":"LineString","coordinates":[[-67.9378,10.16927],[-67.93806,10.16923]]}},{"type":"Feature","id":"way/1200767970","properties":{"name":"Avenida Al\u00ed Primera","highway":"secondary"},"geometry":{"type":"LineString","coordinates":[[-67.93804,10.16916],[-67.93776,10.16921]]}},{"type":"Feature","id":"way/1200767971","properties":{"name":"Avenida Al\u00ed Primera","highway":"secondary"},"geometry":{"type":"LineString","coordinates":[[-67.94363,10.16824],[-67.93804,10.16916]]}},{"type":"Feature","id":"way/1207498637","properties":{"highway":"secondary","ref":"L-5"},"geometry":{"type":"LineString","coordinates":[[-67.88025,10.23416],[-67.88069,10.23482]]}},{"type":"Feature","id":"way/1207498638","properties":{"name":"Distribuidor Negro Primero","highway":"motorway_link"},"geometry":{"type":"LineString","coordinates":[[-67.88025,10.23416],[-67.8803,10.23412]]}},{"type":"Feature","id":"way/1207498639","properties":{"highway":"secondary","ref":"L-5"},"geometry":{"type":"LineString","coordinates":[[-67.8803,10.23412],[-67.88024,10.23402]]}},{"type":"Feature","id":"way/1207498640","properties":{"highway":"secondary","ref":"L-5"},"geometry":{"type":"LineString","coordinates":[[-67.88024,10.23402],[-67.87918,10.2324]]}},{"type":"Feature","id":"way/1213743134","properties":{"name":"Carretera Panamericana San Felipe Mor\u00f3n","highway":"primary","ref":"T-1"},"geometry":{"type":"LineString","coordinates":[[-68.21165,10.4794],[-68.20646,10.48246]]}},{"type":"Feature","id":"way/1216059919","properties":{"name":"V\u00eda a San Esteban","highway":"tertiary","ref":"R-4"},"geometry":{"type":"LineString","coordinates":[[-68.01331,10.46014],[-68.01311,10.46199]]}},{"type":"Feature","id":"way/1216059921","properties":{"name":"Autopista Sorpesa-Muelles","highway":"primary","ref":"T-3"},"geometry":{"type":"LineString","coordinates":[[-68.04394,10.47199],[-68.04684,10.47452],[-68.05171,10.47429]]}},{"type":"Feature","id":"way/1216059922","properties":{"name":"Autopista Sorpesa-Muelles","highway":"primary","ref":"T-3"},"geometry":{"type":"LineString","coordinates":[[-68.05153,10.47411],[-68.04604,10.4736],[-68.04404,10.47193]]}},{"type":"Feature","id":"way/1216059923","properties":{"name":"Avenida Circunvalaci\u00f3n del Mar","highway":"primary","ref":"T-3"},"geometry":{"type":"LineString","coordinates":[[-68.05171,10.47429],[-68.05296,10.47436]]}},{"type":"Feature","id":"way/1216084873","properties":{"name":"Carretera Vieja Yaracuy - Mor\u00f3n","highway":"primary","ref":"T-1"},"geometry":{"type":"LineString","coordinates":[[-68.32894,10.45516],[-68.32491,10.45463],[-68.3225,10.45678]]}},{"type":"Feature","id":"way/1216084874","properties":{"name":"Carretera Vieja Yaracuy - Mor\u00f3n","highway":"primary","ref":"T-1"},"geometry":{"type":"LineString","coordinates":[[-68.32926,10.45527],[-68.32894,10.45516]]}},{"type":"Feature","id":"way/1216084880","properties":{"name":"Autopista Centro Occidental","highway":"trunk","ref":"T-1"},"geometry":{"type":"LineString","coordinates":[[-68.33256,10.46106],[-68.32754,10.46204]]}},{"type":"Feature","id":"way/1216084881","properties":{"name":"Autopista Centro Occidental","highway":"trunk","ref":"T-1"},"geometry":{"type":"LineString","coordinates":[[-68.33269,10.46103],[-68.33256,10.46106]]}},{"type":"Feature","id":"way/1216084882","properties":{"name":"Autopista Centro Occidental","highway":"trunk","ref":"T-1"},"geometry":{"type":"LineString","coordinates":[[-68.32757,10.46212],[-68.33258,10.46114]]}},{"type":"Feature","id":"way/1216084883","properties":{"name":"Autopista Centro Occidental","highway":"trunk","ref":"T-1"},"geometry":{"type":"LineString","coordinates":[[-68.33258,10.46114],[-68.33271,10.46112]]}},{"type":"Feature","id":"way/1217900220","properties":{"name":"Avenida Yaracuy","highway":"primary","ref":"T-1"},"geometry":{"type":"LineString","coordinates":[[-68.19644,10.48978],[-68.19616,10.48962]]}},{"type":"Feature","id":"way/1220183753","properties":{"name":"Avenida Ernesto Branger","highway":"tertiary"},"geometry":{"type":"LineString","coordinates":[[-67.95003,10.182],[-67.94954,10.17908]]}},{"type":"Feature","id":"way/1220183754","properties":{"name":"Avenida Ernesto Branger","highway":"tertiary"},"geometry":{"type":"LineString","coordinates":[[-67.95004,10.18207],[-67.95003,10.182]]}},{"type":"Feature","id":"way/1220183755","properties":{"name":"Avenida Ernesto Branger","highway":"tertiary"},"geometry":{"type":"LineString","coordinates":[[-67.94996,10.18209],[-67.95052,10.18604]]}},{"type":"Feature","id":"way/1220183756","properties":{"name":"Avenida Ernesto Branger","highway":"tertiary"},"geometry":{"type":"LineString","coordinates":[[-67.94995,10.18202],[-67.94996,10.18209]]}},{"type":"Feature","id":"way/1226644143","properties":{"highway":"primary","ref":"L-1"},"geometry":{"type":"LineString","coordinates":[[-67.88159,10.22623],[-67.88167,10.22612]]}},{"type":"Feature","id":"way/1226670852","properties":{"highway":"primary_link"},"geometry":{"type":"LineString","coordinates":[[-67.89099,10.22743],[-67.89124,10.22736]]}},{"type":"Feature","id":"way/1226670861","properties":{"name":"Autopista Regional del Centro","highway":"motorway","ref":"T-1"},"geometry":{"type":"LineString","coordinates":[[-67.89218,10.23015],[-67.89255,10.22996]]}},{"type":"Feature","id":"way/1228771249","properties":{"highway":"trunk_link"},"geometry":{"type":"LineString","coordinates":[[-68.04025,10.14873],[-68.04088,10.14857]]}},{"type":"Feature","id":"way/1229201847","properties":{"highway":"motorway_link"},"geometry":{"type":"LineString","coordinates":[[-67.80248,10.25982],[-67.80251,10.25995]]}},{"type":"Feature","id":"way/1229201848","properties":{"highway":"motorway_link"},"geometry":{"type":"LineString","coordinates":[[-67.80188,10.25994],[-67.80192,10.26004]]}},{"type":"Feature","id":"way/1230488993","properties":{"name":"Avenida Principal de Paraparal","highway":"tertiary"},"geometry":{"type":"LineString","coordinates":[[-67.91565,10.18833],[-67.92192,10.19809]]}},{"type":"Feature","id":"way/1230519347","properties":{"highway":"primary_link"},"geometry":{"type":"LineString","coordinates":[[-67.96954,10.18437],[-67.96966,10.18436]]}},{"type":"Feature","id":"way/1231284366","properties":{"highway":"primary_link"},"geometry":{"type":"LineString","coordinates":[[-67.88346,10.22299],[-67.88338,10.2229]]}},{"type":"Feature","id":"way/1232583175","properties":{"highway":"motorway_link"},"geometry":{"type":"LineString","coordinates":[[-67.94189,10.19117],[-67.94227,10.1914]]}},{"type":"Feature","id":"way/1234815176","properties":{"highway":"primary_link"},"geometry":{"type":"LineString","coordinates":[[-67.79428,10.26067],[-67.79431,10.26079]]}},{"type":"Feature","id":"way/1236168071","properties":{"highway":"trunk_link"},"geometry":{"type":"LineString","coordinates":[[-67.9772,10.27309],[-67.97736,10.27335]]}},{"type":"Feature","id":"way/1236460543","properties":{"highway":"trunk_link"},"geometry":{"type":"LineString","coordinates":[[-67.90344,10.23706],[-67.90326,10.23709]]}},{"type":"Feature","id":"way/1236483713","properties":{"highway":"motorway_link"},"geometry":{"type":"LineString","coordinates":[[-67.91679,10.2081],[-67.9163,10.20888]]}},{"type":"Feature","id":"way/1236536835","properties":{"highway":"motorway_link"},"geometry":{"type":"LineString","coordinates":[[-67.92289,10.20349],[-67.92189,10.20386]]}},{"type":"Feature","id":"way/1236536836","properties":{"highway":"motorway_link"},"geometry":{"type":"LineString","coordinates":[[-67.92049,10.2051],[-67.91903,10.20664]]}},{"type":"Feature","id":"way/1236761610","properties":{"name":"Carretera Nacional Guacara - San Joaqu\u00edn","highway":"primary","ref":"L-1"},"geometry":{"type":"LineString","coordinates":[[-67.80413,10.25629],[-67.80541,10.2557]]}},{"type":"Feature","id":"way/1236761611","properties":{"name":"Carretera Nacional Guacara - San Joaqu\u00edn","highway":"primary","ref":"L-1"},"geometry":{"type":"LineString","coordinates":[[-67.79463,10.26062],[-67.80413,10.25629]]}},{"type":"Feature","id":"way/1241894538","properties":{"highway":"trunk_link"},"geometry":{"type":"LineString","coordinates":[[-68.02912,10.28847],[-68.02904,10.28857]]}},{"type":"Feature","id":"way/1274767327","properties":{"name":"Avenida 102 Universidad","highway":"secondary","ref":"L-1"},"geometry":{"type":"LineString","coordinates":[[-68.01648,10.26492],[-68.01569,10.25945]]}},{"type":"Feature","id":"way/1274767328","properties":{"name":"Avenida 102 Universidad","highway":"secondary","ref":"L-1"},"geometry":{"type":"LineString","coordinates":[[-68.01635,10.26494],[-68.01641,10.26532]]}},{"type":"Feature","id":"way/1274767329","properties":{"name":"Avenida 102 Universidad","highway":"secondary","ref":"L-1"},"geometry":{"type":"LineString","coordinates":[[-68.01641,10.26532],[-68.01652,10.26602]]}},{"type":"Feature","id":"way/1274767330","properties":{"name":"Avenida 102 Universidad","highway":"secondary","ref":"L-1"},"geometry":{"type":"LineString","coordinates":[[-68.01756,10.27231],[-68.01756,10.27226]]}},{"type":"Feature","id":"way/1274767332","properties":{"name":"Avenida 102 Universidad","highway":"secondary","ref":"L-1"},"geometry":{"type":"LineString","coordinates":[[-68.01745,10.27229],[-68.01899,10.27961]]}},{"type":"Feature","id":"way/1274767333","properties":{"name":"Avenida 102 Universidad","highway":"secondary","ref":"L-1"},"geometry":{"type":"LineString","coordinates":[[-68.01744,10.27223],[-68.01745,10.27229]]}},{"type":"Feature","id":"way/1274767334","properties":{"name":"Avenida 102 Universidad","highway":"secondary","ref":"L-1"},"geometry":{"type":"LineString","coordinates":[[-68.01756,10.27226],[-68.01727,10.27022]]}},{"type":"Feature","id":"way/1274767335","properties":{"name":"Avenida 102 Universidad","highway":"secondary","ref":"L-1"},"geometry":{"type":"LineString","coordinates":[[-68.01709,10.26984],[-68.0171,10.26988]]}},{"type":"Feature","id":"way/1274767336","properties":{"name":"Avenida 102 Universidad","highway":"secondary","ref":"L-1"},"geometry":{"type":"LineString","coordinates":[[-68.01708,10.26977],[-68.01709,10.26984]]}},{"type":"Feature","id":"way/1274767338","properties":{"name":"Avenida 102 Universidad","highway":"secondary","ref":"L-1"},"geometry":{"type":"LineString","coordinates":[[-68.01719,10.26976],[-68.01686,10.26737]]}},{"type":"Feature","id":"way/1274767340","properties":{"name":"Avenida 102 Universidad","highway":"secondary","ref":"L-1"},"geometry":{"type":"LineString","coordinates":[[-68.0172,10.26984],[-68.01719,10.26976]]}},{"type":"Feature","id":"way/1274767342","properties":{"name":"Avenida 102 Universidad","highway":"secondary","ref":"L-1"},"geometry":{"type":"LineString","coordinates":[[-68.01682,10.26708],[-68.01668,10.26613]]}},{"type":"Feature","id":"way/1274767343","properties":{"name":"Avenida 102 Universidad","highway":"secondary","ref":"L-1"},"geometry":{"type":"LineString","coordinates":[[-68.01686,10.26737],[-68.01682,10.26708]]}},{"type":"Feature","id":"way/1274767344","properties":{"name":"Avenida 102 Universidad","highway":"secondary","ref":"L-1"},"geometry":{"type":"LineString","coordinates":[[-68.01668,10.26709],[-68.01673,10.2675]]}},{"type":"Feature","id":"way/1274767345","properties":{"name":"Avenida 102 Universidad","highway":"secondary","ref":"L-1"},"geometry":{"type":"LineString","coordinates":[[-68.01673,10.2675],[-68.01708,10.26977]]}},{"type":"Feature","id":"way/1274767346","properties":{"name":"Avenida 102 Universidad","highway":"secondary","ref":"L-1"},"geometry":{"type":"LineString","coordinates":[[-68.01664,10.2668],[-68.01668,10.26709]]}},{"type":"Feature","id":"way/1274767348","properties":{"name":"Avenida 102 Universidad","highway":"secondary","ref":"L-1"},"geometry":{"type":"LineString","coordinates":[[-68.01668,10.26613],[-68.01666,10.26603]]}},{"type":"Feature","id":"way/1274767349","properties":{"name":"Avenida 102 Universidad","highway":"secondary","ref":"L-1"},"geometry":{"type":"LineString","coordinates":[[-68.01666,10.26603],[-68.01648,10.26492]]}},{"type":"Feature","id":"way/1274767351","properties":{"name":"Avenida 102 Universidad","highway":"secondary","ref":"L-1"},"geometry":{"type":"LineString","coordinates":[[-68.01654,10.26613],[-68.01664,10.2668]]}},{"type":"Feature","id":"way/1274767353","properties":{"name":"Avenida 102 Universidad","highway":"secondary","ref":"L-1"},"geometry":{"type":"LineString","coordinates":[[-68.01652,10.26602],[-68.01654,10.26613]]}},{"type":"Feature","id":"way/1274767355","properties":{"name":"Avenida 102 Universidad","highway":"secondary","ref":"L-1"},"geometry":{"type":"LineString","coordinates":[[-68.01569,10.25945],[-68.01562,10.25905]]}},{"type":"Feature","id":"way/1274767356","properties":{"name":"Avenida 102 Universidad","highway":"secondary","ref":"L-1"},"geometry":{"type":"LineString","coordinates":[[-68.01562,10.25905],[-68.01507,10.25562]]}},{"type":"Feature","id":"way/1274767357","properties":{"name":"Avenida 102 Universidad","highway":"secondary","ref":"L-1"},"geometry":{"type":"LineString","coordinates":[[-68.01555,10.25946],[-68.01635,10.26494]]}},{"type":"Feature","id":"way/1274767359","properties":{"name":"Avenida 102 Universidad","highway":"secondary","ref":"L-1"},"geometry":{"type":"LineString","coordinates":[[-68.01507,10.25562],[-68.01505,10.25548]]}},{"type":"Feature","id":"way/1274767360","properties":{"name":"Avenida 102 Universidad","highway":"secondary","ref":"L-1"},"geometry":{"type":"LineString","coordinates":[[-68.01505,10.25548],[-68.0146,10.25271]]}},{"type":"Feature","id":"way/1274767361","properties":{"name":"Avenida 102 Universidad","highway":"secondary","ref":"L-1"},"geometry":{"type":"LineString","coordinates":[[-68.01494,10.25549],[-68.01497,10.25564]]}},{"type":"Feature","id":"way/1274767362","properties":{"name":"Avenida 102 Universidad","highway":"secondary","ref":"L-1"},"geometry":{"type":"LineString","coordinates":[[-68.01497,10.25564],[-68.01555,10.25946]]}},{"type":"Feature","id":"way/1274767363","properties":{"name":"Avenida Universidad","highway":"secondary","ref":"L-1"},"geometry":{"type":"LineString","coordinates":[[-68.01444,10.25185],[-68.01428,10.25063]]}},{"type":"Feature","id":"way/1274767364","properties":{"name":"Avenida Universidad","highway":"secondary","ref":"L-1"},"geometry":{"type":"LineString","coordinates":[[-68.01445,10.25188],[-68.01444,10.25185]]}},{"type":"Feature","id":"way/1274767365","properties":{"name":"Avenida Universidad","highway":"secondary","ref":"L-1"},"geometry":{"type":"LineString","coordinates":[[-68.01448,10.25207],[-68.01446,10.25196]]}},{"type":"Feature","id":"way/1274767366","properties":{"name":"Avenida Universidad","highway":"secondary","ref":"L-1"},"geometry":{"type":"LineString","coordinates":[[-68.01446,10.25196],[-68.01445,10.25188]]}},{"type":"Feature","id":"way/1274767368","properties":{"name":"Avenida Universidad","highway":"secondary","ref":"L-1"},"geometry":{"type":"LineString","coordinates":[[-68.01422,10.25018],[-68.01398,10.24834]]}},{"type":"Feature","id":"way/1274767369","properties":{"name":"Avenida Universidad","highway":"secondary","ref":"L-1"},"geometry":{"type":"LineString","coordinates":[[-68.01428,10.25063],[-68.01422,10.25018]]}},{"type":"Feature","id":"way/1274767370","properties":{"name":"Avenida 102 Universidad","highway":"secondary","ref":"L-1"},"geometry":{"type":"LineString","coordinates":[[-68.01412,10.25019],[-68.01417,10.25058]]}},{"type":"Feature","id":"way/1274767371","properties":{"name":"Avenida 102 Universidad","highway":"secondary","ref":"L-1"},"geometry":{"type":"LineString","coordinates":[[-68.01417,10.25058],[-68.01432,10.25186]]}},{"type":"Feature","id":"way/1274767372","properties":{"name":"Avenida Universidad","highway":"secondary","ref":"L-1"},"geometry":{"type":"LineString","coordinates":[[-68.01398,10.24834],[-68.01396,10.24823]]}},{"type":"Feature","id":"way/1274767373","properties":{"name":"Avenida Universidad","highway":"secondary","ref":"L-1"},"geometry":{"type":"LineString","coordinates":[[-68.01396,10.24823],[-68.01263,10.23986]]}},{"type":"Feature","id":"way/1274767378","properties":{"name":"Avenida 102 Universidad","highway":"secondary","ref":"L-1"},"geometry":{"type":"LineString","coordinates":[[-68.01384,10.24828],[-68.01412,10.25019]]}},{"type":"Feature","id":"way/1274767381","properties":{"name":"Avenida 102 Universidad","highway":"secondary","ref":"L-1"},"geometry":{"type":"LineString","coordinates":[[-68.01382,10.24814],[-68.01384,10.24828]]}},{"type":"Feature","id":"way/1274767382","properties":{"name":"Avenida Universidad","highway":"secondary","ref":"L-1"},"geometry":{"type":"LineString","coordinates":[[-68.01263,10.23986],[-68.0126,10.23968]]}},{"type":"Feature","id":"way/1274767383","properties":{"name":"Avenida 102 Universidad","highway":"secondary","ref":"L-1"},"geometry":{"type":"LineString","coordinates":[[-68.01253,10.23988],[-68.01382,10.24814]]}},{"type":"Feature","id":"way/1274767388","properties":{"name":"Avenida Universidad","highway":"secondary","ref":"L-1"},"geometry":{"type":"LineString","coordinates":[[-68.0126,10.23968],[-68.0124,10.23834]]}},{"type":"Feature","id":"way/1274767389","properties":{"name":"Avenida Universidad","highway":"secondary","ref":"L-1"},"geometry":{"type":"LineString","coordinates":[[-68.0124,10.23834],[-68.01187,10.23488]]}},{"type":"Feature","id":"way/1274767390","properties":{"name":"Avenida Universidad","highway":"secondary","ref":"L-1"},"geometry":{"type":"LineString","coordinates":[[-68.0123,10.23835],[-68.01249,10.23962]]}},{"type":"Feature","id":"way/1274767392","properties":{"name":"Avenida Universidad","highway":"secondary","ref":"L-1"},"geometry":{"type":"LineString","coordinates":[[-68.01187,10.23488],[-68.01186,10.2348]]}},{"type":"Feature","id":"way/1274767393","properties":{"name":"Avenida Universidad","highway":"secondary","ref":"L-1"},"geometry":{"type":"LineString","coordinates":[[-68.01185,10.23468],[-68.01121,10.2304]]}},{"type":"Feature","id":"way/1274767394","properties":{"name":"Avenida Universidad","highway":"secondary","ref":"L-1"},"geometry":{"type":"LineString","coordinates":[[-68.01186,10.2348],[-68.01185,10.23468]]}},{"type":"Feature","id":"way/1274767395","properties":{"name":"Avenida Salvador Feo La Cruz","highway":"tertiary"},"geometry":{"type":"LineString","coordinates":[[-68.01159,10.23483],[-68.00823,10.23514]]}},{"type":"Feature","id":"way/1274767397","properties":{"name":"Avenida Salvador Feo La Cruz","highway":"tertiary"},"geometry":{"type":"LineString","coordinates":[[-68.0116,10.23491],[-68.01177,10.23489]]}},{"type":"Feature","id":"way/1274767401","properties":{"name":"Redoma de Guaparo","highway":"secondary","ref":"L-1"},"geometry":{"type":"LineString","coordinates":[[-68.01072,10.2294],[-68.01078,10.23037]]}},{"type":"Feature","id":"way/1274767402","properties":{"name":"Redoma de Guaparo","highway":"secondary","ref":"L-1"},"geometry":{"type":"LineString","coordinates":[[-68.01078,10.23037],[-68.01121,10.2304]]}},{"type":"Feature","id":"way/1274767403","properties":{"name":"Avenida Bol\u00edvar Norte","highway":"secondary","ref":"L-1"},"geometry":{"type":"LineString","coordinates":[[-68.01075,10.22906],[-68.01072,10.2294]]}},{"type":"Feature","id":"way/1274767404","properties":{"name":"Avenida Bol\u00edvar Norte","highway":"secondary","ref":"L-1"},"geometry":{"type":"LineString","coordinates":[[-68.01002,10.22455],[-68.01075,10.22906]]}},{"type":"Feature","id":"way/1274767405","properties":{"name":"Redoma de Guaparo","highway":"secondary","ref":"L-1"},"geometry":{"type":"LineString","coordinates":[[-68.0111,10.22935],[-68.01072,10.2294]]}},{"type":"Feature","id":"way/1274767410","properties":{"name":"Avenida Bol\u00edvar Norte","highway":"secondary","ref":"L-1"},"geometry":{"type":"LineString","coordinates":[[-68.01025,10.22452],[-68.01023,10.22443]]}},{"type":"Feature","id":"way/1274767411","properties":{"name":"Avenida Bol\u00edvar Norte","highway":"secondary","ref":"L-1"},"geometry":{"type":"LineString","coordinates":[[-68.01023,10.22443],[-68.00957,10.22006]]}},{"type":"Feature","id":"way/1274767412","properties":{"name":"Avenida Bol\u00edvar Norte","highway":"secondary","ref":"L-1"},"geometry":{"type":"LineString","coordinates":[[-68.01001,10.22446],[-68.01002,10.22455]]}},{"type":"Feature","id":"way/1274767413","properties":{"name":"Avenida Bol\u00edvar Norte","highway":"secondary","ref":"L-1"},"geometry":{"type":"LineString","coordinates":[[-68.00957,10.22006],[-68.00929,10.21827]]}},{"type":"Feature","id":"way/1274767415","properties":{"name":"Avenida Bol\u00edvar Norte","highway":"secondary","ref":"L-1"},"geometry":{"type":"LineString","coordinates":[[-68.00935,10.22009],[-68.00937,10.22024]]}},{"type":"Feature","id":"way/1274767416","properties":{"name":"Avenida Bol\u00edvar Norte","highway":"secondary","ref":"L-1"},"geometry":{"type":"LineString","coordinates":[[-68.00939,10.22033],[-68.01001,10.22446]]}},{"type":"Feature","id":"way/1274767417","properties":{"name":"Avenida Bol\u00edvar Norte","highway":"secondary","ref":"L-1"},"geometry":{"type":"LineString","coordinates":[[-68.00937,10.22024],[-68.00939,10.22033]]}},{"type":"Feature","id":"way/1274767419","properties":{"name":"Avenida Bol\u00edvar Norte","highway":"secondary","ref":"L-1"},"geometry":{"type":"LineString","coordinates":[[-68.00929,10.21827],[-68.009,10.21664]]}},{"type":"Feature","id":"way/1274767420","properties":{"name":"Avenida Bol\u00edvar Norte","highway":"secondary","ref":"L-1"},"geometry":{"type":"LineString","coordinates":[[-68.00911,10.2183],[-68.00915,10.21854]]}},{"type":"Feature","id":"way/1274767423","properties":{"name":"Avenida Bol\u00edvar Norte","highway":"secondary","ref":"L-1"},"geometry":{"type":"LineString","coordinates":[[-68.00915,10.21854],[-68.00935,10.22009]]}},{"type":"Feature","id":"way/1274767424","properties":{"name":"Avenida Bol\u00edvar Norte","highway":"secondary","ref":"L-1"},"geometry":{"type":"LineString","coordinates":[[-68.00905,10.21793],[-68.00911,10.2183]]}},{"type":"Feature","id":"way/1274767426","properties":{"name":"Avenida Bol\u00edvar Norte","highway":"secondary","ref":"L-1"},"geometry":{"type":"LineString","coordinates":[[-68.009,10.21664],[-68.0089,10.21593]]}},{"type":"Feature","id":"way/1274767427","properties":{"name":"Avenida Bol\u00edvar Norte","highway":"secondary","ref":"L-1"},"geometry":{"type":"LineString","coordinates":[[-68.00887,10.21667],[-68.00905,10.21793]]}},{"type":"Feature","id":"way/1274767429","properties":{"name":"Avenida Bol\u00edvar Norte","highway":"secondary","ref":"L-1"},"geometry":{"type":"LineString","coordinates":[[-68.0089,10.21593],[-68.00888,10.21576]]}},{"type":"Feature","id":"way/1274767430","properties":{"name":"Avenida Bol\u00edvar Norte","highway":"secondary","ref":"L-1"},"geometry":{"type":"LineString","coordinates":[[-68.00888,10.21576],[-68.00879,10.21468]]}},{"type":"Feature","id":"way/1274767431","properties":{"name":"Avenida Bol\u00edvar Norte","highway":"secondary","ref":"L-1"},"geometry":{"type":"LineString","coordinates":[[-68.00875,10.21595],[-68.00887,10.21667]]}},{"type":"Feature","id":"way/1274767436","properties":{"name":"Avenida Bol\u00edvar Norte","highway":"secondary","ref":"L-1"},"geometry":{"type":"LineString","coordinates":[[-68.00879,10.21468],[-68.00783,10.20887]]}},{"type":"Feature","id":"way/1274767437","properties":{"name":"Avenida Bol\u00edvar Norte","highway":"secondary","ref":"L-1"},"geometry":{"type":"LineString","coordinates":[[-68.00852,10.21473],[-68.00875,10.21595]]}},{"type":"Feature","id":"way/1274767443","properties":{"name":"Avenida 100 Bol\u00edvar Norte","highway":"secondary","ref":"L-1"},"geometry":{"type":"LineString","coordinates":[[-68.0075,10.20656],[-68.00726,10.20533]]}},{"type":"Feature","id":"way/1274767444","properties":{"name":"Avenida 100 Bol\u00edvar Norte","highway":"secondary","ref":"L-1"},"geometry":{"type":"LineString","coordinates":[[-68.00732,10.20658],[-68.00732,10.20673]]}},{"type":"Feature","id":"way/1274767445","properties":{"name":"Avenida 100 Bol\u00edvar Norte","highway":"secondary","ref":"L-1"},"geometry":{"type":"LineString","coordinates":[[-68.00728,10.2068],[-68.00759,10.20891]]}},{"type":"Feature","id":"way/1274767446","properties":{"name":"Avenida Bol\u00edvar Norte","highway":"secondary","ref":"L-1"},"geometry":{"type":"LineString","coordinates":[[-68.00732,10.20673],[-68.00728,10.2068]]}},{"type":"Feature","id":"way/1274767447","properties":{"name":"Avenida 100 Bol\u00edvar Norte","highway":"secondary","ref":"L-1"},"geometry":{"type":"LineString","coordinates":[[-68.00726,10.20533],[-68.00698,10.20353]]}},{"type":"Feature","id":"way/1274767448","properties":{"name":"Avenida 100 Bol\u00edvar Norte","highway":"secondary","ref":"L-1"},"geometry":{"type":"LineString","coordinates":[[-68.00713,10.20536],[-68.00732,10.20658]]}},{"type":"Feature","id":"way/1274767449","properties":{"name":"Avenida 100 Bol\u00edvar Norte","highway":"secondary","ref":"L-1"},"geometry":{"type":"LineString","coordinates":[[-68.00698,10.20353],[-68.00626,10.19869]]}},{"type":"Feature","id":"way/1274767450","properties":{"name":"Avenida 100 Bol\u00edvar Norte","highway":"secondary","ref":"L-1"},"geometry":{"type":"LineString","coordinates":[[-68.00688,10.20355],[-68.00713,10.20536]]}},{"type":"Feature","id":"way/1274767451","properties":{"name":"Avenida Rojas Queipo","highway":"tertiary"},"geometry":{"type":"LineString","coordinates":[[-68.00613,10.1987],[-68.00626,10.19869]]}},{"type":"Feature","id":"way/1274767452","properties":{"name":"Avenida 100 Bol\u00edvar Norte","highway":"secondary","ref":"L-1"},"geometry":{"type":"LineString","coordinates":[[-68.00613,10.1987],[-68.00688,10.20355]]}},{"type":"Feature","id":"way/1274767453","properties":{"name":"Avenida 100 Bol\u00edvar Norte","highway":"secondary","ref":"L-1"},"geometry":{"type":"LineString","coordinates":[[-68.00612,10.1986],[-68.00613,10.1987]]}},{"type":"Feature","id":"way/1274767454","properties":{"name":"Avenida Rojas Queipo","highway":"tertiary"},"geometry":{"type":"LineString","coordinates":[[-68.00612,10.1986],[-68.00333,10.19822]]}},{"type":"Feature","id":"way/1274767455","properties":{"name":"Avenida Rojas Queipo","highway":"tertiary"},"geometry":{"type":"LineString","coordinates":[[-68.00624,10.19859],[-68.00612,10.1986]]}},{"type":"Feature","id":"way/1274767456","properties":{"name":"Avenida 100 Bol\u00edvar Norte","highway":"secondary","ref":"L-1"},"geometry":{"type":"LineString","coordinates":[[-68.00624,10.19859],[-68.00602,10.19698]]}},{"type":"Feature","id":"way/1274767457","properties":{"name":"Avenida 100 Bol\u00edvar Norte","highway":"secondary","ref":"L-1"},"geometry":{"type":"LineString","coordinates":[[-68.00626,10.19869],[-68.00624,10.19859]]}},{"type":"Feature","id":"way/1274767458","properties":{"name":"Avenida Rojas Queipo","highway":"tertiary"},"geometry":{"type":"LineString","coordinates":[[-68.00626,10.19869],[-68.01019,10.19825]]}},{"type":"Feature","id":"way/1274767460","properties":{"name":"Avenida 100 Bol\u00edvar Norte","highway":"secondary","ref":"L-1"},"geometry":{"type":"LineString","coordinates":[[-68.00602,10.19698],[-68.00548,10.19353]]}},{"type":"Feature","id":"way/1274767461","properties":{"name":"Avenida 100 Bol\u00edvar Norte","highway":"secondary","ref":"L-1"},"geometry":{"type":"LineString","coordinates":[[-68.00589,10.19699],[-68.00612,10.1986]]}},{"type":"Feature","id":"way/1274767462","properties":{"name":"Avenida Bol\u00edvar","highway":"secondary","ref":"L-1"},"geometry":{"type":"LineString","coordinates":[[-68.00586,10.19683],[-68.00589,10.19699]]}},{"type":"Feature","id":"way/1274767463","properties":{"name":"Avenida 100 Bol\u00edvar Norte","highway":"secondary","ref":"L-1"},"geometry":{"type":"LineString","coordinates":[[-68.00534,10.19351],[-68.00537,10.19364]]}},{"type":"Feature","id":"way/1274767464","properties":{"name":"Avenida 100 Bol\u00edvar Norte","highway":"secondary","ref":"L-1"},"geometry":{"type":"LineString","coordinates":[[-68.00548,10.19353],[-68.00446,10.1867]]}},{"type":"Feature","id":"way/1274767466","properties":{"name":"Avenida 100 Bol\u00edvar Norte","highway":"secondary","ref":"L-1"},"geometry":{"type":"LineString","coordinates":[[-68.00537,10.19364],[-68.00586,10.19683]]}},{"type":"Feature","id":"way/1275083967","properties":{"name":"Avenida Intercomunal Don Julio Centeno","highway":"primary","ref":"R-1"},"geometry":{"type":"LineString","coordinates":[[-67.96232,10.26773],[-67.9625,10.26621]]}},{"type":"Feature","id":"way/1275083969","properties":{"name":"Avenida Intercomunal Don Julio Centeno","highway":"primary","ref":"R-1"},"geometry":{"type":"LineString","coordinates":[[-67.96213,10.26776],[-67.96153,10.27292]]}},{"type":"Feature","id":"way/1275083972","properties":{"name":"Avenida Intercomunal Don Julio Centeno","highway":"primary","ref":"R-1"},"geometry":{"type":"LineString","coordinates":[[-67.96286,10.25918],[-67.96233,10.26598]]}},{"type":"Feature","id":"way/1275083973","properties":{"name":"Avenida Intercomunal Don Julio Centeno","highway":"primary","ref":"R-1"},"geometry":{"type":"LineString","coordinates":[[-67.96288,10.25891],[-67.96286,10.25918]]}},{"type":"Feature","id":"way/1275083974","properties":{"highway":"tertiary","ref":"R-1"},"geometry":{"type":"LineString","coordinates":[[-67.96288,10.25891],[-67.96277,10.2589]]}},{"type":"Feature","id":"way/1275083976","properties":{"name":"Avenida Intercomunal Don Julio Centeno","highway":"primary","ref":"R-1"},"geometry":{"type":"LineString","coordinates":[[-67.96386,10.24529],[-67.96451,10.2396]]}},{"type":"Feature","id":"way/1275083978","properties":{"name":"Avenida Intercomunal Don Julio Centeno","highway":"primary","ref":"R-1"},"geometry":{"type":"LineString","coordinates":[[-67.9637,10.24529],[-67.96368,10.24541]]}},{"type":"Feature","id":"way/1275083980","properties":{"name":"Avenida Intercomunal Don Julio Centeno","highway":"primary","ref":"R-1"},"geometry":{"type":"LineString","coordinates":[[-67.96368,10.24541],[-67.96326,10.25229]]}},{"type":"Feature","id":"way/1275083981","properties":{"name":"Avenida Intercomunal Don Julio Centeno","highway":"primary","ref":"R-1"},"geometry":{"type":"LineString","coordinates":[[-67.9637,10.24522],[-67.9637,10.24529]]}},{"type":"Feature","id":"way/1275083984","properties":{"name":"Avenida Intercomunal Don Julio Centeno","highway":"primary","ref":"R-1"},"geometry":{"type":"LineString","coordinates":[[-67.96385,10.24542],[-67.96386,10.24529]]}},{"type":"Feature","id":"way/1275083986","properties":{"name":"Avenida Intercomunal Don Julio Centeno","highway":"primary","ref":"R-1"},"geometry":{"type":"LineString","coordinates":[[-67.96435,10.23945],[-67.96433,10.23956]]}},{"type":"Feature","id":"way/1275083990","properties":{"name":"Avenida Intercomunal Don Julio Centeno","highway":"primary","ref":"R-1"},"geometry":{"type":"LineString","coordinates":[[-67.96451,10.2396],[-67.96453,10.23949]]}},{"type":"Feature","id":"way/1275083991","properties":{"name":"Avenida Intercomunal Don Julio Centeno","highway":"primary","ref":"R-1"},"geometry":{"type":"LineString","coordinates":[[-67.96453,10.23949],[-67.96637,10.23598],[-67.96591,10.23192]]}},{"type":"Feature","id":"way/1275083992","properties":{"name":"Avenida Intercomunal Don Julio Centeno","highway":"primary","ref":"R-1"},"geometry":{"type":"LineString","coordinates":[[-67.96433,10.23956],[-67.9637,10.24522]]}},{"type":"Feature","id":"way/1275083995","properties":{"name":"Avenida Intercomunal Don Julio Centeno","highway":"primary","ref":"R-1"},"geometry":{"type":"LineString","coordinates":[[-67.96591,10.23192],[-67.96589,10.23183]]}},{"type":"Feature","id":"way/1275083996","properties":{"name":"Avenida Intercomunal Don Julio Centeno","highway":"primary","ref":"R-1"},"geometry":{"type":"LineString","coordinates":[[-67.96584,10.23153],[-67.96528,10.22853]]}},{"type":"Feature","id":"way/1275083998","properties":{"name":"Avenida Intercomunal Don Julio Centeno","highway":"primary","ref":"R-1"},"geometry":{"type":"LineString","coordinates":[[-67.96589,10.23183],[-67.96584,10.23153]]}},{"type":"Feature","id":"way/1275084001","properties":{"name":"Avenida Intercomunal Don Julio Centeno","highway":"primary","ref":"R-1"},"geometry":{"type":"LineString","coordinates":[[-67.96574,10.23197],[-67.96622,10.23568],[-67.96435,10.23945]]}},{"type":"Feature","id":"way/1275084003","properties":{"name":"Avenida Intercomunal Don Julio Centeno","highway":"primary","ref":"R-1"},"geometry":{"type":"LineString","coordinates":[[-67.96571,10.23184],[-67.96574,10.23197]]}},{"type":"Feature","id":"way/1275084006","properties":{"name":"Avenida Intercomunal Don Julio Centeno","highway":"primary","ref":"R-1"},"geometry":{"type":"LineString","coordinates":[[-67.96528,10.22853],[-67.96526,10.22841]]}},{"type":"Feature","id":"way/1275084007","properties":{"name":"Avenida Intercomunal Don Julio Centeno","highway":"primary","ref":"R-1"},"geometry":{"type":"LineString","coordinates":[[-67.96526,10.22841],[-67.96398,10.22201]]}},{"type":"Feature","id":"way/1275084008","properties":{"name":"Avenida Intercomunal Don Julio Centeno","highway":"primary","ref":"R-1"},"geometry":{"type":"LineString","coordinates":[[-67.96508,10.22842],[-67.96511,10.22855]]}},{"type":"Feature","id":"way/1275084009","properties":{"name":"Avenida Intercomunal Don Julio Centeno","highway":"primary","ref":"R-1"},"geometry":{"type":"LineString","coordinates":[[-67.96511,10.22855],[-67.96571,10.23184]]}},{"type":"Feature","id":"way/1275098459","properties":{"name":"Avenida Intercomunal Don Julio Centeno","highway":"primary","ref":"R-1"},"geometry":{"type":"LineString","coordinates":[[-67.96357,10.21851],[-67.96381,10.22187]]}},{"type":"Feature","id":"way/1275098461","properties":{"name":"Avenida Intercomunal Don Julio Centeno","highway":"primary","ref":"R-1"},"geometry":{"type":"LineString","coordinates":[[-67.96373,10.21852],[-67.96373,10.21843]]}},{"type":"Feature","id":"way/1275098466","properties":{"name":"Avenida Intercomunal Don Julio Centeno","highway":"primary","ref":"R-1"},"geometry":{"type":"LineString","coordinates":[[-67.96373,10.21843],[-67.96405,10.2143]]}},{"type":"Feature","id":"way/1275098469","properties":{"name":"Avenida Intercomunal Don Julio Centeno","highway":"primary","ref":"R-1"},"geometry":{"type":"LineString","coordinates":[[-67.96358,10.21841],[-67.96357,10.21851]]}},{"type":"Feature","id":"way/1275098471","properties":{"name":"Avenida Intercomunal Don Julio Centeno","highway":"primary","ref":"R-1"},"geometry":{"type":"LineString","coordinates":[[-67.96405,10.2143],[-67.96407,10.21419]]}},{"type":"Feature","id":"way/1275098472","properties":{"name":"Avenida Intercomunal Don Julio Centeno","highway":"primary","ref":"R-1"},"geometry":{"type":"LineString","coordinates":[[-67.96407,10.21419],[-67.96424,10.20853]]}},{"type":"Feature","id":"way/1275098476","properties":{"name":"Arterial 4","highway":"tertiary"},"geometry":{"type":"LineString","coordinates":[[-67.96383,10.21418],[-67.95973,10.21419]]}},{"type":"Feature","id":"way/1275098477","properties":{"name":"Arterial 4","highway":"tertiary"},"geometry":{"type":"LineString","coordinates":[[-67.96391,10.21418],[-67.96383,10.21418]]}},{"type":"Feature","id":"way/1275098478","properties":{"name":"Avenida Intercomunal Don Julio Centeno","highway":"primary","ref":"R-1"},"geometry":{"type":"LineString","coordinates":[[-67.96391,10.21418],[-67.9639,10.21429]]}},{"type":"Feature","id":"way/1275098480","properties":{"name":"Arterial 4","highway":"tertiary"},"geometry":{"type":"LineString","coordinates":[[-67.9639,10.21429],[-67.96405,10.2143]]}},{"type":"Feature","id":"way/1275098481","properties":{"name":"Avenida Intercomunal Don Julio Centeno","highway":"primary","ref":"R-1"},"geometry":{"type":"LineString","coordinates":[[-67.9639,10.21429],[-67.96358,10.21841]]}},{"type":"Feature","id":"way/1275098482","properties":{"name":"Avenida Intercomunal Don Julio Centeno","highway":"primary","ref":"R-1"},"geometry":{"type":"LineString","coordinates":[[-67.96424,10.20853],[-67.9642,10.20843]]}},{"type":"Feature","id":"way/1275098484","properties":{"name":"Avenida Intercomunal Don Julio Centeno","highway":"primary","ref":"R-1"},"geometry":{"type":"LineString","coordinates":[[-67.96408,10.20858],[-67.96419,10.20896]]}},{"type":"Feature","id":"way/1275098486","properties":{"name":"Avenida Intercomunal Don Julio Centeno","highway":"primary","ref":"R-1"},"geometry":{"type":"LineString","coordinates":[[-67.96419,10.20896],[-67.96391,10.21418]]}},{"type":"Feature","id":"way/1275098487","properties":{"name":"Avenida Intercomunal Don Julio Centeno","highway":"primary","ref":"R-1"},"geometry":{"type":"LineString","coordinates":[[-67.96404,10.20847],[-67.96408,10.20858]]}},{"type":"Feature","id":"way/1275098488","properties":{"name":"Avenida Intercomunal Don Julio Centeno","highway":"primary","ref":"R-1"},"geometry":{"type":"LineString","coordinates":[[-67.9642,10.20843],[-67.96308,10.20443],[-67.9641,10.20195]]}},{"type":"Feature","id":"way/1275098489","properties":{"name":"Avenida Intercomunal Don Julio Centeno","highway":"primary","ref":"R-1"},"geometry":{"type":"LineString","coordinates":[[-67.9641,10.20195],[-67.96714,10.19787]]}},{"type":"Feature","id":"way/1275098491","properties":{"name":"Avenida Intercomunal Don Julio Centeno","highway":"primary","ref":"R-1"},"geometry":{"type":"LineString","coordinates":[[-67.96395,10.20185],[-67.96292,10.20409],[-67.96404,10.20847]]}},{"type":"Feature","id":"way/1275098492","properties":{"name":"Avenida Intercomunal Don Julio Centeno","highway":"primary","ref":"R-1"},"geometry":{"type":"LineString","coordinates":[[-67.96714,10.19787],[-67.96876,10.19566]]}},{"type":"Feature","id":"way/1275098493","properties":{"name":"Avenida Intercomunal Don Julio Centeno","highway":"primary","ref":"R-1"},"geometry":{"type":"LineString","coordinates":[[-67.967,10.19777],[-67.96395,10.20185]]}},{"type":"Feature","id":"way/1275098497","properties":{"name":"Avenida Intercomunal Don Julio Centeno","highway":"primary","ref":"R-1"},"geometry":{"type":"LineString","coordinates":[[-67.96876,10.19566],[-67.96884,10.19559]]}},{"type":"Feature","id":"way/1275098499","properties":{"name":"Avenida Intercomunal Don Julio Centeno","highway":"primary","ref":"R-1"},"geometry":{"type":"LineString","coordinates":[[-67.96884,10.19559],[-67.97031,10.19281],[-67.96963,10.18411]]}},{"type":"Feature","id":"way/1275098502","properties":{"name":"Avenida Intercomunal Don Julio Centeno","highway":"primary","ref":"R-1"},"geometry":{"type":"LineString","coordinates":[[-67.9687,10.19548],[-67.96863,10.19556]]}},{"type":"Feature","id":"way/1275098506","properties":{"name":"Avenida Intercomunal Don Julio Centeno","highway":"primary","ref":"R-1"},"geometry":{"type":"LineString","coordinates":[[-67.96863,10.19556],[-67.967,10.19777]]}},{"type":"Feature","id":"way/1275098508","properties":{"name":"Avenida Industrial Michelena","highway":"primary","ref":"T-11;L-6;R-1"},"geometry":{"type":"LineString","coordinates":[[-67.96936,10.18331],[-67.96945,10.18379]]}},{"type":"Feature","id":"way/1275098509","properties":{"name":"Distribuidor Industrial II","highway":"tertiary","ref":"T-11;L-1;L-6"},"geometry":{"type":"LineString","coordinates":[[-67.96957,10.18309],[-67.96942,10.18311]]}},{"type":"Feature","id":"way/1275098510","properties":{"name":"Avenida Industrial Michelena","highway":"primary","ref":"T-11;L-6"},"geometry":{"type":"LineString","coordinates":[[-67.96939,10.18296],[-67.96737,10.17083],[-67.96319,10.16604]]}},{"type":"Feature","id":"way/1275115010","properties":{"name":"Avenida Carlos Sanda","highway":"tertiary"},"geometry":{"type":"LineString","coordinates":[[-68.01456,10.2109],[-68.01432,10.21094]]}},{"type":"Feature","id":"way/1275115011","properties":{"name":"Avenida Carlos Sanda","highway":"tertiary","ref":"R-6"},"geometry":{"type":"LineString","coordinates":[[-68.01396,10.21099],[-68.00942,10.21212]]}},{"type":"Feature","id":"way/1275115012","properties":{"name":"Avenida Carlos Sanda","highway":"tertiary","ref":"R-6"},"geometry":{"type":"LineString","coordinates":[[-68.01415,10.21106],[-68.01426,10.21105]]}},{"type":"Feature","id":"way/1275115041","properties":{"name":"Avenida Andr\u00e9s Eloy Blanco","highway":"tertiary","ref":"R-6"},"geometry":{"type":"LineString","coordinates":[[-68.01032,10.19816],[-68.01048,10.19544]]}},{"type":"Feature","id":"way/1275115042","properties":{"name":"Avenida Rojas Queipo","highway":"tertiary"},"geometry":{"type":"LineString","coordinates":[[-68.01018,10.19817],[-68.00624,10.19859]]}},{"type":"Feature","id":"way/1275115044","properties":{"name":"Paseo Cuatricentenario","highway":"tertiary","ref":"R-22"},"geometry":{"type":"LineString","coordinates":[[-68.01053,10.19363],[-68.01035,10.19361]]}},{"type":"Feature","id":"way/1275115045","properties":{"name":"Paseo Cuatricentenario","highway":"tertiary","ref":"R-22"},"geometry":{"type":"LineString","coordinates":[[-68.01056,10.1938],[-68.01075,10.19385]]}},{"type":"Feature","id":"way/1275115046","properties":{"name":"Paseo Cuatricentenario","highway":"tertiary","ref":"R-22"},"geometry":{"type":"LineString","coordinates":[[-68.01075,10.19385],[-68.01395,10.19448]]}},{"type":"Feature","id":"way/1275115047","properties":{"highway":"tertiary","ref":"R-22"},"geometry":{"type":"LineString","coordinates":[[-68.01057,10.19397],[-68.01056,10.1938]]}},{"type":"Feature","id":"way/1275115048","properties":{"highway":"tertiary","ref":"R-6"},"geometry":{"type":"LineString","coordinates":[[-68.01048,10.19344],[-68.01021,10.19122]]}},{"type":"Feature","id":"way/1275115049","properties":{"name":"Paseo Cuatricentenario","highway":"tertiary","ref":"R-22"},"geometry":{"type":"LineString","coordinates":[[-68.0107,10.19367],[-68.01053,10.19363]]}},{"type":"Feature","id":"way/1275324777","properties":{"name":"Avenida Lara","highway":"tertiary","ref":"L-1"},"geometry":{"type":"LineString","coordinates":[[-67.99591,10.17899],[-67.99579,10.179]]}},{"type":"Feature","id":"way/1275324779","properties":{"name":"Avenida Lara","highway":"tertiary","ref":"L-1"},"geometry":{"type":"LineString","coordinates":[[-67.99543,10.17904],[-67.99517,10.17908]]}},{"type":"Feature","id":"way/1275324780","properties":{"name":"Avenida Lara","highway":"tertiary","ref":"L-1"},"geometry":{"type":"LineString","coordinates":[[-67.99854,10.17908],[-67.99869,10.17906]]}},{"type":"Feature","id":"way/1275324781","properties":{"name":"Avenida Lara","highway":"tertiary","ref":"L-1"},"geometry":{"type":"LineString","coordinates":[[-67.99853,10.17892],[-67.9983,10.17894]]}},{"type":"Feature","id":"way/1275324782","properties":{"name":"Avenida Lara","highway":"tertiary","ref":"L-1"},"geometry":{"type":"LineString","coordinates":[[-67.9983,10.17894],[-67.99703,10.17891]]}},{"type":"Feature","id":"way/1275324784","properties":{"name":"Avenida Lara","highway":"tertiary","ref":"L-1"},"geometry":{"type":"LineString","coordinates":[[-67.99954,10.17892],[-68.00031,10.17876]]}},{"type":"Feature","id":"way/1275324787","properties":{"name":"Avenida Lara","highway":"tertiary","ref":"L-1"},"geometry":{"type":"LineString","coordinates":[[-68.00031,10.17876],[-68.00124,10.17855]]}},{"type":"Feature","id":"way/1275324788","properties":{"name":"Avenida Lara","highway":"tertiary","ref":"L-1"},"geometry":{"type":"LineString","coordinates":[[-68.00028,10.17862],[-67.99935,10.17879]]}},{"type":"Feature","id":"way/1275324793","properties":{"name":"Avenida Lara","highway":"tertiary","ref":"L-1"},"geometry":{"type":"LineString","coordinates":[[-68.00124,10.17855],[-68.00211,10.1784]]}},{"type":"Feature","id":"way/1275324797","properties":{"name":"Avenida Lara","highway":"tertiary","ref":"L-1"},"geometry":{"type":"LineString","coordinates":[[-68.00122,10.17846],[-68.00028,10.17862]]}},{"type":"Feature","id":"way/1275324799","properties":{"name":"Avenida Lara","highway":"tertiary","ref":"L-1"},"geometry":{"type":"LineString","coordinates":[[-68.00211,10.1784],[-68.003,10.17824]]}},{"type":"Feature","id":"way/1275324800","properties":{"name":"Avenida Lara","highway":"tertiary","ref":"L-1"},"geometry":{"type":"LineString","coordinates":[[-68.0021,10.17831],[-68.00122,10.17846]]}},{"type":"Feature","id":"way/1275324804","properties":{"name":"Avenida Lara","highway":"tertiary","ref":"L-1"},"geometry":{"type":"LineString","coordinates":[[-68.003,10.17824],[-68.00312,10.17822]]}},{"type":"Feature","id":"way/1275324805","properties":{"name":"Avenida Lara","highway":"tertiary","ref":"L-1"},"geometry":{"type":"LineString","coordinates":[[-68.00312,10.17822],[-68.00398,10.17808]]}},{"type":"Feature","id":"way/1275324806","properties":{"name":"Avenida 100 Bol\u00edvar Sur","highway":"tertiary"},"geometry":{"type":"LineString","coordinates":[[-68.0031,10.17813],[-68.00071,10.16294]]}},{"type":"Feature","id":"way/1275324807","properties":{"name":"Avenida Lara","highway":"tertiary","ref":"L-1"},"geometry":{"type":"LineString","coordinates":[[-68.0031,10.17813],[-68.00298,10.17815]]}},{"type":"Feature","id":"way/1275324808","properties":{"name":"Avenida Las Ferias","highway":"tertiary"},"geometry":{"type":"LineString","coordinates":[[-68.00298,10.17815],[-68.003,10.17824]]}},{"type":"Feature","id":"way/1275324809","properties":{"name":"Avenida Lara","highway":"tertiary","ref":"L-1"},"geometry":{"type":"LineString","coordinates":[[-68.00298,10.17815],[-68.0021,10.17831]]}},{"type":"Feature","id":"way/1275324811","properties":{"name":"Avenida Lara","highway":"tertiary","ref":"L-1"},"geometry":{"type":"LineString","coordinates":[[-68.00398,10.17808],[-68.00497,10.17792]]}},{"type":"Feature","id":"way/1275324814","properties":{"name":"Avenida Lara","highway":"tertiary","ref":"L-1"},"geometry":{"type":"LineString","coordinates":[[-68.00397,10.17799],[-68.0031,10.17813]]}},{"type":"Feature","id":"way/1275324819","properties":{"name":"Avenida Lara","highway":"tertiary","ref":"L-1"},"geometry":{"type":"LineString","coordinates":[[-68.00497,10.17792],[-68.00589,10.17778]]}},{"type":"Feature","id":"way/1275324821","properties":{"name":"Avenida Lara","highway":"tertiary","ref":"L-1"},"geometry":{"type":"LineString","coordinates":[[-68.00495,10.17783],[-68.00397,10.17799]]}},{"type":"Feature","id":"way/1275324824","properties":{"name":"Avenida Lara","highway":"tertiary","ref":"L-1"},"geometry":{"type":"LineString","coordinates":[[-68.00588,10.17768],[-68.00495,10.17783]]}},{"type":"Feature","id":"way/1275324829","properties":{"name":"Avenida Lara","highway":"tertiary","ref":"L-1"},"geometry":{"type":"LineString","coordinates":[[-68.00589,10.17778],[-68.00632,10.17771]]}},{"type":"Feature","id":"way/1275324830","properties":{"name":"Avenida Lara","highway":"tertiary","ref":"L-1"},"geometry":{"type":"LineString","coordinates":[[-68.00632,10.17771],[-68.0068,10.17764]]}},{"type":"Feature","id":"way/1275324832","properties":{"name":"Avenida Lara","highway":"tertiary","ref":"L-1"},"geometry":{"type":"LineString","coordinates":[[-68.0068,10.17764],[-68.00764,10.17754]]}},{"type":"Feature","id":"way/1275324834","properties":{"name":"Avenida Lara","highway":"tertiary","ref":"L-1"},"geometry":{"type":"LineString","coordinates":[[-68.00679,10.17755],[-68.00588,10.17768]]}},{"type":"Feature","id":"way/1275324838","properties":{"name":"Avenida Lara","highway":"tertiary","ref":"L-1"},"geometry":{"type":"LineString","coordinates":[[-68.00764,10.17754],[-68.00857,10.17747]]}},{"type":"Feature","id":"way/1275324841","properties":{"name":"Avenida Lara","highway":"tertiary","ref":"L-1"},"geometry":{"type":"LineString","coordinates":[[-68.00762,10.17745],[-68.00679,10.17755]]}},{"type":"Feature","id":"way/1275324845","properties":{"name":"Avenida Lara","highway":"tertiary","ref":"L-1"},"geometry":{"type":"LineString","coordinates":[[-68.00857,10.17747],[-68.0105,10.17727]]}},{"type":"Feature","id":"way/1275324848","properties":{"name":"Avenida Lara","highway":"tertiary","ref":"L-1"},"geometry":{"type":"LineString","coordinates":[[-68.00854,10.17739],[-68.00762,10.17745]]}},{"type":"Feature","id":"way/1275324849","properties":{"name":"Avenida Lara","highway":"tertiary","ref":"L-1"},"geometry":{"type":"LineString","coordinates":[[-68.0105,10.17727],[-68.01058,10.17726]]}},{"type":"Feature","id":"way/1275324850","properties":{"name":"Avenida Lara","highway":"tertiary","ref":"L-1"},"geometry":{"type":"LineString","coordinates":[[-68.01049,10.17718],[-68.00854,10.17739]]}},{"type":"Feature","id":"way/1275324853","properties":{"name":"Avenida Ar\u00e1nzazu","highway":"secondary","ref":"L-1;R-6"},"geometry":{"type":"LineString","coordinates":[[-68.01142,10.17573],[-68.01117,10.17712]]}},{"type":"Feature","id":"way/1275324854","properties":{"name":"Avenida Ar\u00e1nzazu","highway":"secondary","ref":"L-1;R-6"},"geometry":{"type":"LineString","coordinates":[[-68.01153,10.17572],[-68.01147,10.17447]]}},{"type":"Feature","id":"way/1275324856","properties":{"name":"Avenida Ar\u00e1nzazu","highway":"secondary","ref":"L-1;R-6"},"geometry":{"type":"LineString","coordinates":[[-68.01138,10.17448],[-68.01139,10.17479]]}},{"type":"Feature","id":"way/1275324857","properties":{"name":"Avenida Ar\u00e1nzazu","highway":"secondary","ref":"L-1;R-6"},"geometry":{"type":"LineString","coordinates":[[-68.01139,10.17479],[-68.01142,10.17573]]}},{"type":"Feature","id":"way/1275324858","properties":{"name":"Avenida Ar\u00e1nzazu","highway":"secondary","ref":"L-1;R-6"},"geometry":{"type":"LineString","coordinates":[[-68.01147,10.17447],[-68.0114,10.17358]]}},{"type":"Feature","id":"way/1275324859","properties":{"name":"Avenida Ar\u00e1nzazu","highway":"secondary","ref":"L-1;R-6"},"geometry":{"type":"LineString","coordinates":[[-68.01131,10.1736],[-68.01138,10.17448]]}},{"type":"Feature","id":"way/1275324861","properties":{"name":"Avenida Ar\u00e1nzazu","highway":"secondary","ref":"L-1;R-6"},"geometry":{"type":"LineString","coordinates":[[-68.0114,10.17358],[-68.01135,10.17283]]}},{"type":"Feature","id":"way/1275324862","properties":{"name":"Avenida Ar\u00e1nzazu","highway":"secondary","ref":"L-1"},"geometry":{"type":"LineString","coordinates":[[-68.01126,10.17277],[-68.01126,10.17283]]}},{"type":"Feature","id":"way/1275324863","properties":{"name":"Calle 91 Michelena","highway":"tertiary","ref":"R-6"},"geometry":{"type":"LineString","coordinates":[[-68.01135,10.17276],[-68.01126,10.17277]]}},{"type":"Feature","id":"way/1275324864","properties":{"name":"Avenida Ar\u00e1nzazu","highway":"secondary","ref":"L-1;R-6"},"geometry":{"type":"LineString","coordinates":[[-68.01135,10.17283],[-68.01135,10.17276]]}},{"type":"Feature","id":"way/1275324865","properties":{"name":"Calle 91 Michelena","highway":"tertiary","ref":"R-6"},"geometry":{"type":"LineString","coordinates":[[-68.01135,10.17283],[-68.01479,10.17224]]}},{"type":"Feature","id":"way/1275334514","properties":{"name":"Paseo Cuatricentenario","highway":"tertiary","ref":"R-22"},"geometry":{"type":"LineString","coordinates":[[-68.01395,10.19448],[-68.01558,10.19482]]}},{"type":"Feature","id":"way/1275334516","properties":{"name":"Paseo Cuatricentenario","highway":"tertiary","ref":"R-22"},"geometry":{"type":"LineString","coordinates":[[-68.01407,10.19436],[-68.0107,10.19367]]}},{"type":"Feature","id":"way/1275339885","properties":{"name":"Paseo Cuatricentenario","highway":"tertiary","ref":"R-22"},"geometry":{"type":"LineString","coordinates":[[-68.01558,10.19482],[-68.0214,10.19569]]}},{"type":"Feature","id":"way/1275339887","properties":{"name":"Paseo Cuatricentenario","highway":"tertiary","ref":"R-22"},"geometry":{"type":"LineString","coordinates":[[-68.01562,10.19468],[-68.01551,10.19465]]}},{"type":"Feature","id":"way/1275339890","properties":{"name":"Paseo Cuatricentenario","highway":"tertiary","ref":"R-22"},"geometry":{"type":"LineString","coordinates":[[-68.01551,10.19465],[-68.01407,10.19436]]}},{"type":"Feature","id":"way/1275339892","properties":{"name":"Paseo Cuatricentenario","highway":"tertiary","ref":"R-22"},"geometry":{"type":"LineString","coordinates":[[-68.0214,10.19569],[-68.02156,10.19568]]}},{"type":"Feature","id":"way/1275339894","properties":{"name":"Paseo Cuatricentenario","highway":"tertiary","ref":"R-22"},"geometry":{"type":"LineString","coordinates":[[-68.02156,10.19568],[-68.02423,10.19487],[-68.03807,10.18593]]}},{"type":"Feature","id":"way/1275339895","properties":{"name":"Paseo Cuatricentenario","highway":"tertiary","ref":"R-22"},"geometry":{"type":"LineString","coordinates":[[-68.02154,10.19553],[-68.02137,10.19554]]}},{"type":"Feature","id":"way/1275339898","properties":{"name":"Paseo Cuatricentenario","highway":"tertiary","ref":"R-22"},"geometry":{"type":"LineString","coordinates":[[-68.02116,10.19556],[-68.01562,10.19468]]}},{"type":"Feature","id":"way/1275339901","properties":{"name":"Paseo Cuatricentenario","highway":"tertiary","ref":"R-22"},"geometry":{"type":"LineString","coordinates":[[-68.0218,10.1955],[-68.02154,10.19553]]}},{"type":"Feature","id":"way/1275339904","properties":{"name":"Paseo Cuatricentenario","highway":"tertiary","ref":"R-22"},"geometry":{"type":"LineString","coordinates":[[-68.02137,10.19554],[-68.02116,10.19556]]}},{"type":"Feature","id":"way/1305650832","properties":{"name":"Avenida Principal de Mor\u00f3n","highway":"primary","ref":"T-1"},"geometry":{"type":"LineString","coordinates":[[-68.19584,10.48954],[-68.19611,10.48971]]}},{"type":"Feature","id":"way/1322323067","properties":{"name":"Autopista Regional del Centro","highway":"motorway","ref":"T-1"},"geometry":{"type":"LineString","coordinates":[[-67.95524,10.18631],[-67.95546,10.18628]]}},{"type":"Feature","id":"way/1322323068","properties":{"name":"Autopista Regional del Centro","highway":"motorway","ref":"T-1"},"geometry":{"type":"LineString","coordinates":[[-67.95519,10.18621],[-67.95423,10.18637]]}},{"type":"Feature","id":"way/1322323069","properties":{"name":"Autopista Regional del Centro","highway":"motorway","ref":"T-1"},"geometry":{"type":"LineString","coordinates":[[-67.95535,10.18619],[-67.95519,10.18621]]}},{"type":"Feature","id":"way/1340261291","properties":{"name":"Avenida Al\u00ed Primera","highway":"secondary"},"geometry":{"type":"LineString","coordinates":[[-67.96208,10.16499],[-67.96257,10.16474]]}},{"type":"Feature","id":"way/1363449228","properties":{"name":"Carretera Valencia - Dos Bocas","highway":"tertiary"},"geometry":{"type":"LineString","coordinates":[[-68.00723,10.08063],[-68.00071,10.10831]]}},{"type":"Feature","id":"way/1363449232","properties":{"name":"V\u00eda El Paito","highway":"tertiary"},"geometry":{"type":"LineString","coordinates":[[-68.00088,10.14062],[-67.99981,10.13249]]}},{"type":"Feature","id":"way/1363449234","properties":{"highway":"tertiary"},"geometry":{"type":"LineString","coordinates":[[-67.99934,10.12994],[-67.99924,10.1294]]}},{"type":"Feature","id":"way/1363449238","properties":{"highway":"tertiary"},"geometry":{"type":"LineString","coordinates":[[-67.99981,10.13249],[-67.99934,10.12994]]}},{"type":"Feature","id":"way/1364168141","properties":{"name":"Carretera Panamericana San Felipe Mor\u00f3n","highway":"primary","ref":"T-1"},"geometry":{"type":"LineString","coordinates":[[-68.21658,10.47695],[-68.21165,10.4794]]}},{"type":"Feature","id":"way/1375629013","properties":{"name":"Carretera Panamericana San Felipe Mor\u00f3n","highway":"primary","ref":"T-1"},"geometry":{"type":"LineString","coordinates":[[-68.21692,10.47679],[-68.21658,10.47695]]}},{"type":"Feature","id":"way/1375629016","properties":{"name":"Carretera Panamericana San Felipe Mor\u00f3n","highway":"primary","ref":"T-1"},"geometry":{"type":"LineString","coordinates":[[-68.23825,10.47161],[-68.2356,10.47408],[-68.22949,10.47492]]}},{"type":"Feature","id":"way/1376192474","properties":{"name":"Carretera Intercomunal","highway":"secondary","ref":"T-11;L-6"},"geometry":{"type":"LineString","coordinates":[[-67.92464,10.12063],[-67.92537,10.12864]]}},{"type":"Feature","id":"way/1385794340","properties":{"highway":"trunk_link"},"geometry":{"type":"LineString","coordinates":[[-67.92495,10.27967],[-67.92479,10.27987]]}},{"type":"Feature","id":"way/1385794341","properties":{"highway":"trunk_link"},"geometry":{"type":"LineString","coordinates":[[-67.92544,10.28013],[-67.92526,10.27982]]}},{"type":"Feature","id":"way/1390602414","properties":{"name":"Avenida Bol\u00edvar Este","highway":"primary","ref":"L-1"},"geometry":{"type":"LineString","coordinates":[[-67.70848,10.29052],[-67.71067,10.29125]]}},{"type":"Feature","id":"way/1390602421","properties":{"name":"Avenida Bol\u00edvar Este","highway":"primary","ref":"L-1"},"geometry":{"type":"LineString","coordinates":[[-67.68792,10.28161],[-67.69811,10.28595]]}},{"type":"Feature","id":"way/1392868184","properties":{"name":"Avenida Bol\u00edvar Este","highway":"primary","ref":"L-1"},"geometry":{"type":"LineString","coordinates":[[-67.6988,10.28627],[-67.70214,10.28776]]}},{"type":"Feature","id":"way/1392868188","properties":{"name":"Avenida Bol\u00edvar Este","highway":"primary","ref":"L-1"},"geometry":{"type":"LineString","coordinates":[[-67.69811,10.28595],[-67.6988,10.28627]]}},{"type":"Feature","id":"way/1392868191","properties":{"name":"Avenida Bol\u00edvar Este","highway":"primary","ref":"L-1"},"geometry":{"type":"LineString","coordinates":[[-67.70244,10.28791],[-67.70344,10.28834]]}},{"type":"Feature","id":"way/1392872950","properties":{"name":"Avenida Bol\u00edvar Este","highway":"primary","ref":"L-1"},"geometry":{"type":"LineString","coordinates":[[-67.70344,10.28834],[-67.70457,10.28884]]}},{"type":"Feature","id":"way/1392872951","properties":{"name":"Avenida Bol\u00edvar Este","highway":"primary","ref":"L-1"},"geometry":{"type":"LineString","coordinates":[[-67.70214,10.28776],[-67.70244,10.28791]]}},{"type":"Feature","id":"way/1412262774","properties":{"highway":"trunk_link"},"geometry":{"type":"LineString","coordinates":[[-68.09614,10.08449],[-68.09577,10.08449]]}},{"type":"Feature","id":"way/1413590149","properties":{"name":"Elevado Las Industrias","highway":"primary","ref":"T-11;L-6"},"geometry":{"type":"LineString","coordinates":[[-67.96293,10.16589],[-67.96297,10.16593]]}},{"type":"Feature","id":"way/1417769370","properties":{"name":"Avenida Principal de El Palito","highway":"trunk","ref":"T-1"},"geometry":{"type":"LineString","coordinates":[[-68.11023,10.47723],[-68.11172,10.47506],[-68.11092,10.46965]]}},{"type":"Feature","id":"way/1417769372","properties":{"name":"Avenida Principal de El Palito","highway":"trunk","ref":"T-1"},"geometry":{"type":"LineString","coordinates":[[-68.11017,10.47714],[-68.10797,10.47899]]}},{"type":"Feature","id":"way/1426567925","properties":{"highway":"motorway_link"},"geometry":{"type":"LineString","coordinates":[[-67.81977,10.25683],[-67.82098,10.25628]]}},{"type":"Feature","id":"way/1493152378","properties":{"name":"Carretera Nacional Maracay - Mariara","highway":"primary","ref":"L-1"},"geometry":{"type":"LineString","coordinates":[[-67.68771,10.28148],[-67.68792,10.28161]]}},{"type":"Feature","id":"way/1493152379","properties":{"name":"Carretera Nacional Maracay - Mariara","highway":"primary","ref":"L-1"},"geometry":{"type":"LineString","coordinates":[[-67.68735,10.28124],[-67.68771,10.28148]]}}]}