{"type":"FeatureCollection","features":[{"type":"Feature","id":"way/30194020","properties":{"name":"Carretera Nacional Maracay - Mariara","highway":"primary","ref":"L-1"},"geometry":{"type":"LineString","coordinates":[[-67.63458,10.25328],[-67.64823,10.25478],[-67.65799,10.25468],[-67.66572,10.25729],[-67.66843,10.25635],[-67.67006,10.25778],[-67.67304,10.25623]]}},{"type":"Feature","id":"way/30215005","properties":{"name":"T\u00fanel La Cabrera","highway":"motorway","ref":"T-1"},"geometry":{"type":"LineString","coordinates":[[-67.66217,10.26987],[-67.6666,10.27106]]}},{"type":"Feature","id":"way/30215452","properties":{"name":"Distribuidor La Victoria","highway":"motorway_link"},"geometry":{"type":"LineString","coordinates":[[-67.31556,10.22366],[-67.31615,10.22263]]}},{"type":"Feature","id":"way/30215459","properties":{"name":"Distribuidor La Victoria","highway":"motorway_link"},"geometry":{"type":"LineString","coordinates":[[-67.31518,10.22262],[-67.31382,10.22211],[-67.31509,10.22135],[-67.31553,10.22416]]}},{"type":"Feature","id":"way/30215467","properties":{"name":"Distribuidor La Victoria","highway":"motorway_link"},"geometry":{"type":"LineString","coordinates":[[-67.31105,10.22312],[-67.31551,10.22401]]}},{"type":"Feature","id":"way/30215738","properties":{"name":"Autopista Regional del Centro","highway":"motorway","ref":"T-1"},"geometry":{"type":"LineString","coordinates":[[-67.61819,10.23908],[-67.62558,10.24835]]}},{"type":"Feature","id":"way/30215739","properties":{"name":"Autopista Regional del Centro","highway":"motorway","ref":"T-1"},"geometry":{"type":"LineString","coordinates":[[-67.61786,10.23868],[-67.61819,10.23908]]}},{"type":"Feature","id":"way/30215746","properties":{"name":"Autopista Regional del Centro","highway":"motorway","ref":"T-1"},"geometry":{"type":"LineString","coordinates":[[-67.61817,10.23873],[-67.61272,10.23426]]}},{"type":"Feature","id":"way/30215747","properties":{"name":"Autopista Regional del Centro","highway":"motorway","ref":"T-1"},"geometry":{"type":"LineString","coordinates":[[-67.61843,10.23906],[-67.61817,10.23873]]}},{"type":"Feature","id":"way/30215788","properties":{"name":"Autopista Regional del Centro","highway":"motorway","ref":"T-1"},"geometry":{"type":"LineString","coordinates":[[-67.61184,10.23395],[-67.5975,10.22996]]}},{"type":"Feature","id":"way/30215789","properties":{"name":"Autopista Regional del Centro","highway":"motorway","ref":"T-1"},"geometry":{"type":"LineString","coordinates":[[-67.61272,10.23426],[-67.61184,10.23395]]}},{"type":"Feature","id":"way/30215796","properties":{"name":"Autopista Regional del Centro","highway":"motorway","ref":"T-1"},"geometry":{"type":"LineString","coordinates":[[-67.61178,10.23413],[-67.61275,10.23449]]}},{"type":"Feature","id":"way/30215797","properties":{"name":"Autopista Regional del Centro","highway":"motorway","ref":"T-1"},"geometry":{"type":"LineString","coordinates":[[-67.61275,10.23449],[-67.61786,10.23868]]}},{"type":"Feature","id":"way/30215822","properties":{"name":"Autopista Regional del Centro","highway":"motorway","ref":"T-1"},"geometry":{"type":"LineString","coordinates":[[-67.5975,10.22996],[-67.59672,10.22974]]}},{"type":"Feature","id":"way/30215826","properties":{"name":"Autopista Regional del Centro","highway":"motorway","ref":"T-1"},"geometry":{"type":"LineString","coordinates":[[-67.59672,10.22974],[-67.581,10.22536]]}},{"type":"Feature","id":"way/30215831","properties":{"name":"Autopista Regional del Centro","highway":"motorway","ref":"T-1"},"geometry":{"type":"LineString","coordinates":[[-67.59746,10.23012],[-67.61178,10.23413]]}},{"type":"Feature","id":"way/30215835","properties":{"name":"Autopista Regional del Centro","highway":"motorway","ref":"T-1"},"geometry":{"type":"LineString","coordinates":[[-67.59668,10.2299],[-67.59746,10.23012]]}},{"type":"Feature","id":"way/30215893","properties":{"name":"Distribuidor Palo Negro","highway":"motorway_link"},"geometry":{"type":"LineString","coordinates":[[-67.581,10.22536],[-67.57767,10.22276]]}},{"type":"Feature","id":"way/30215894","properties":{"name":"Distribuidor Palo Negro","highway":"motorway_link"},"geometry":{"type":"LineString","coordinates":[[-67.57328,10.22337],[-67.57712,10.22596],[-67.57767,10.22276]]}},{"type":"Feature","id":"way/30215911","properties":{"name":"Distribuidor Palo Negro","highway":"primary","ref":"T-1"},"geometry":{"type":"LineString","coordinates":[[-67.57413,10.22184],[-67.57532,10.22192]]}},{"type":"Feature","id":"way/30215936","properties":{"name":"Distribuidor Palo Negro","highway":"motorway_link"},"geometry":{"type":"LineString","coordinates":[[-67.57738,10.22273],[-67.57747,10.22399],[-67.57498,10.2237]]}},{"type":"Feature","id":"way/30215952","properties":{"name":"Autopista Regional del Centro","highway":"motorway","ref":"T-1"},"geometry":{"type":"LineString","coordinates":[[-67.5776,10.22457],[-67.57797,10.22467]]}},{"type":"Feature","id":"way/30215953","properties":{"name":"Autopista Regional del Centro","highway":"motorway","ref":"T-1"},"geometry":{"type":"LineString","coordinates":[[-67.57765,10.22443],[-67.57332,10.22324]]}},{"type":"Feature","id":"way/30215954","properties":{"name":"Autopista Regional del Centro","highway":"motorway","ref":"T-1"},"geometry":{"type":"LineString","coordinates":[[-67.57797,10.22467],[-67.59668,10.2299]]}},{"type":"Feature","id":"way/30215955","properties":{"name":"Autopista Regional del Centro","highway":"motorway","ref":"T-1"},"geometry":{"type":"LineString","coordinates":[[-67.578,10.22453],[-67.57765,10.22443]]}},{"type":"Feature","id":"way/30215960","properties":{"name":"Avenida Maracay","highway":"primary","ref":"R-8"},"geometry":{"type":"LineString","coordinates":[[-67.5695,10.23483],[-67.57121,10.23282],[-67.57231,10.2274]]}},{"type":"Feature","id":"way/30215966","properties":{"name":"Avenida Maracay","highway":"primary","ref":"R-8"},"geometry":{"type":"LineString","coordinates":[[-67.5731,10.22168],[-67.57226,10.22695]]}},{"type":"Feature","id":"way/30215974","properties":{"name":"Avenida Maracay","highway":"primary","ref":"R-8"},"geometry":{"type":"LineString","coordinates":[[-67.57239,10.22698],[-67.57394,10.22195]]}},{"type":"Feature","id":"way/30215975","properties":{"name":"Avenida Maracay","highway":"primary","ref":"R-8"},"geometry":{"type":"LineString","coordinates":[[-67.57231,10.2274],[-67.57239,10.22698]]}},{"type":"Feature","id":"way/30215976","properties":{"name":"Avenida Maracay","highway":"primary","ref":"R-8"},"geometry":{"type":"LineString","coordinates":[[-67.57226,10.22695],[-67.57219,10.22737]]}},{"type":"Feature","id":"way/30215982","properties":{"name":"Avenida Maracay","highway":"primary","ref":"R-8"},"geometry":{"type":"LineString","coordinates":[[-67.57219,10.22737],[-67.57111,10.23277],[-67.56942,10.23473]]}},{"type":"Feature","id":"way/30216009","properties":{"name":"Autopista Regional del Centro","highway":"motorway","ref":"T-1"},"geometry":{"type":"LineString","coordinates":[[-67.57288,10.22327],[-67.57328,10.22337]]}},{"type":"Feature","id":"way/30216011","properties":{"name":"Autopista Regional del Centro","highway":"motorway","ref":"T-1"},"geometry":{"type":"LineString","coordinates":[[-67.57328,10.22337],[-67.5776,10.22457]]}},{"type":"Feature","id":"way/30216014","properties":{"name":"Autopista Regional del Centro","highway":"motorway","ref":"T-1"},"geometry":{"type":"LineString","coordinates":[[-67.57332,10.22324],[-67.57289,10.22312]]}},{"type":"Feature","id":"way/30216029","properties":{"name":"Avenida Los Aviadores","highway":"primary","ref":"R-8"},"geometry":{"type":"LineString","coordinates":[[-67.57426,10.22093],[-67.57475,10.21777]]}},{"type":"Feature","id":"way/30216295","properties":{"name":"Autopista Regional del Centro","highway":"motorway","ref":"T-1"},"geometry":{"type":"LineString","coordinates":[[-67.33289,10.21882],[-67.33239,10.21901]]}},{"type":"Feature","id":"way/30216297","properties":{"name":"Autopista Regional del Centro","highway":"motorway","ref":"T-1"},"geometry":{"type":"LineString","coordinates":[[-67.33239,10.21901],[-67.31632,10.22216]]}},{"type":"Feature","id":"way/30216298","properties":{"name":"Autopista Regional del Centro","highway":"motorway","ref":"T-1"},"geometry":{"type":"LineString","coordinates":[[-67.33244,10.21917],[-67.33296,10.21897]]}},{"type":"Feature","id":"way/30216301","properties":{"name":"Autopista Regional del Centro","highway":"motorway","ref":"T-1"},"geometry":{"type":"LineString","coordinates":[[-67.33296,10.21897],[-67.34122,10.21595]]}},{"type":"Feature","id":"way/30216304","properties":{"name":"Autopista Regional del Centro","highway":"motorway","ref":"T-1"},"geometry":{"type":"LineString","coordinates":[[-67.31559,10.22248],[-67.31518,10.22262]]}},{"type":"Feature","id":"way/30216305","properties":{"name":"Autopista Regional del Centro","highway":"motorway","ref":"T-1"},"geometry":{"type":"LineString","coordinates":[[-67.31518,10.22262],[-67.30734,10.22274],[-67.29961,10.22062],[-67.2936,10.22107],[-67.27997,10.22596],[-67.27392,10.22679]]}},{"type":"Feature","id":"way/30216307","properties":{"name":"Autopista Regional del Centro","highway":"motorway","ref":"T-1"},"geometry":{"type":"LineString","coordinates":[[-67.31519,10.22276],[-67.31564,10.22262]]}},{"type":"Feature","id":"way/30216308","properties":{"name":"Autopista Regional del Centro","highway":"motorway","ref":"T-1"},"geometry":{"type":"LineString","coordinates":[[-67.31635,10.22233],[-67.33244,10.21917]]}},{"type":"Feature","id":"way/30242659","properties":{"name":"Carretera Nacional Villa de Cura - G\u00fcig\u00fce","highway":"primary","ref":"T-11"},"geometry":{"type":"LineString","coordinates":[[-67.50374,10.04445],[-67.51289,10.04772],[-67.51756,10.04795],[-67.52079,10.05366],[-67.52679,10.05786],[-67.5296,10.0594],[-67.53821,10.06151],[-67.55155,10.06927],[-67.55499,10.0756],[-67.56185,10.07951],[-67.56629,10.08421],[-67.5706,10.08542],[-67.57402,10.08395],[-67.57553,10.08423],[-67.58044,10.08837],[-67.58606,10.10098],[-67.60423,10.11099]]}},{"type":"Feature","id":"way/30263098","properties":{"highway":"primary_link","ref":"L-6"},"geometry":{"type":"LineString","coordinates":[[-67.56501,10.2868],[-67.5654,10.28669]]}},{"type":"Feature","id":"way/30263100","properties":{"name":"Avenida Las Delicias","highway":"primary","ref":"L-6"},"geometry":{"type":"LineString","coordinates":[[-67.56505,10.28725],[-67.56523,10.2891]]}},{"type":"Feature","id":"way/30263102","properties":{"name":"Avenida Las Delicias","highway":"primary","ref":"L-6"},"geometry":{"type":"LineString","coordinates":[[-67.56523,10.2891],[-67.5654,10.28669]]}},{"type":"Feature","id":"way/30263103","properties":{"name":"Avenida Las Delicias","highway":"primary","ref":"L-6"},"geometry":{"type":"LineString","coordinates":[[-67.58773,10.26548],[-67.5844,10.27082],[-67.57217,10.27847],[-67.56501,10.28653]]}},{"type":"Feature","id":"way/30263104","properties":{"name":"Avenida Las Delicias","highway":"primary","ref":"L-6"},"geometry":{"type":"LineString","coordinates":[[-67.5654,10.28669],[-67.57166,10.27911],[-67.58487,10.27066],[-67.58789,10.26564]]}},{"type":"Feature","id":"way/30263106","properties":{"name":"Avenida Las Delicias","highway":"primary","ref":"L-6"},"geometry":{"type":"LineString","coordinates":[[-67.56523,10.2891],[-67.56287,10.29664],[-67.55911,10.30442],[-67.56025,10.30671],[-67.55878,10.30868],[-67.55909,10.30954]]}},{"type":"Feature","id":"way/30263176","properties":{"name":"Avenida Intercomunal Cagua - Villa de Cura","highway":"trunk","ref":"T-2;L-1"},"geometry":{"type":"LineString","coordinates":[[-67.47228,10.20336],[-67.463,10.19606]]}},{"type":"Feature","id":"way/30263238","properties":{"highway":"trunk_link"},"geometry":{"type":"LineString","coordinates":[[-67.4429,10.14663],[-67.44348,10.14639]]}},{"type":"Feature","id":"way/30263240","properties":{"highway":"trunk_link"},"geometry":{"type":"LineString","coordinates":[[-67.44348,10.14639],[-67.44296,10.14576]]}},{"type":"Feature","id":"way/30263258","properties":{"name":"Retorno de Laguna Vieja","highway":"trunk_link"},"geometry":{"type":"LineString","coordinates":[[-67.44224,10.14721],[-67.44273,10.14728]]}},{"type":"Feature","id":"way/30263264","properties":{"name":"Retorno de Laguna Vieja","highway":"trunk_link"},"geometry":{"type":"LineString","coordinates":[[-67.44289,10.14467],[-67.44236,10.14474]]}},{"type":"Feature","id":"way/30263268","properties":{"name":"Avenida Intercomunal Cagua - Villa de Cura","highway":"trunk","ref":"T-2"},"geometry":{"type":"LineString","coordinates":[[-67.49468,10.04912],[-67.49589,10.05323],[-67.49247,10.06601],[-67.48387,10.08574],[-67.47231,10.09634],[-67.46044,10.10174],[-67.45611,10.10728],[-67.45493,10.11309],[-67.45131,10.11793],[-67.44856,10.11977],[-67.44803,10.1302],[-67.44897,10.13538],[-67.44368,10.14048],[-67.44243,10.14304],[-67.44166,10.15114],[-67.45182,10.18586],[-67.45472,10.18977],[-67.46193,10.19345],[-67.4625,10.19548]]}},{"type":"Feature","id":"way/30263269","properties":{"name":"Avenida Intercomunal Cagua - Villa de Cura","highway":"trunk","ref":"T-2"},"geometry":{"type":"LineString","coordinates":[[-67.463,10.19606],[-67.46193,10.19327],[-67.45476,10.18967],[-67.4519,10.18583],[-67.44177,10.15132],[-67.44293,10.14244],[-67.44903,10.13542],[-67.44812,10.13041],[-67.44855,10.12016],[-67.45139,10.11799],[-67.45507,10.11309],[-67.45537,10.10938],[-67.4567,10.10666],[-67.4605,10.10184],[-67.47173,10.09694],[-67.48405,10.08629],[-67.48571,10.08042],[-67.49216,10.06796],[-67.49602,10.05323],[-67.495,10.04895]]}},{"type":"Feature","id":"way/34426924","properties":{"name":"Carretera Regional La Victoria - Colonia Tovar","highway":"primary","ref":"L-4"},"geometry":{"type":"LineString","coordinates":[[-67.32123,10.32391],[-67.31948,10.32556],[-67.31705,10.32585],[-67.31834,10.32662],[-67.31754,10.32756],[-67.31949,10.32758],[-67.31643,10.32895],[-67.31602,10.33033],[-67.31753,10.32988],[-67.31839,10.33166],[-67.31702,10.33205],[-67.31773,10.33255],[-67.31686,10.33504],[-67.3176,10.33535],[-67.31691,10.33728],[-67.31766,10.34078],[-67.32144,10.3465],[-67.32268,10.34671],[-67.32085,10.34707],[-67.31951,10.34596],[-67.3207,10.35038],[-67.31913,10.35253],[-67.31868,10.35565],[-67.32216,10.35791],[-67.3218,10.36207],[-67.32316,10.36448],[-67.32206,10.36945],[-67.32486,10.37428],[-67.32505,10.3787],[-67.32585,10.37923],[-67.32705,10.3782],[-67.32757,10.37938],[-67.32668,10.3811],[-67.32804,10.38455],[-67.32786,10.38816],[-67.32926,10.38972],[-67.3279,10.39213],[-67.32892,10.39498],[-67.32805,10.40067],[-67.32663,10.40373],[-67.32374,10.40372],[-67.32229,10.40515],[-67.31932,10.40506],[-67.31861,10.40622],[-67.31262,10.40731],[-67.30991,10.40589],[-67.30791,10.40722],[-67.30528,10.4055],[-67.30496,10.40627],[-67.30033,10.40528]]}},{"type":"Feature","id":"way/35388941","properties":{"highway":"secondary","ref":"L-2"},"geometry":{"type":"LineString","coordinates":[[-67.47644,10.03658],[-67.47542,10.04098]]}},{"type":"Feature","id":"way/35450982","properties":{"name":"Carretera El Consejo - El Conde","highway":"secondary","ref":"R-4"},"geometry":{"type":"LineString","coordinates":[[-67.26534,10.24024],[-67.26461,10.24236],[-67.26105,10.24585],[-67.26035,10.2499],[-67.26181,10.2559],[-67.2614,10.25816],[-67.26283,10.26044],[-67.2623,10.2638],[-67.2604,10.26701],[-67.26075,10.27002],[-67.2599,10.27206],[-67.25991,10.27337],[-67.26195,10.27552],[-67.26136,10.27688],[-67.25772,10.27816],[-67.25415,10.28247],[-67.25106,10.28281],[-67.24805,10.28156],[-67.24774,10.28052],[-67.24577,10.28048],[-67.24019,10.2852]]}},{"type":"Feature","id":"way/35799064","properties":{"name":"Carretera San Casimiro - G\u00fciripa","highway":"secondary"},"geometry":{"type":"LineString","coordinates":[[-67.01792,10.0001],[-67.01987,10.00146],[-67.02102,10.00523],[-67.01943,10.01048],[-67.01815,10.01173],[-67.02016,10.0148],[-67.01914,10.01462],[-67.01653,10.01811],[-67.0168,10.01933],[-67.01447,10.02077],[-67.01512,10.02183],[-67.01427,10.0248],[-67.01161,10.02735],[-67.01081,10.02976],[-67.01101,10.0316],[-67.01249,10.03236],[-67.01138,10.03356],[-67.01462,10.0359],[-67.01457,10.03953]]}},{"type":"Feature","id":"way/35909382","properties":{"name":"Carretera Santa Cruz - La Julia","highway":"secondary","ref":"R-16"},"geometry":{"type":"LineString","coordinates":[[-67.50806,10.18299],[-67.50286,10.19363],[-67.49917,10.19765]]}},{"type":"Feature","id":"way/35909635","properties":{"name":"Avenida Intercomunal Maracay - Turmero","highway":"primary","ref":"L-1"},"geometry":{"type":"LineString","coordinates":[[-67.5554,10.23408],[-67.52915,10.22716],[-67.52078,10.22843],[-67.51058,10.22641],[-67.50352,10.22327],[-67.50139,10.22111]]}},{"type":"Feature","id":"way/36269698","properties":{"name":"Carretera Boca de Cagua - Tiara","highway":"tertiary"},"geometry":{"type":"LineString","coordinates":[[-67.12685,10.13897],[-67.12665,10.14303],[-67.12523,10.14426],[-67.12469,10.14349],[-67.12233,10.14443],[-67.12085,10.14625],[-67.11853,10.14296],[-67.1184,10.1442],[-67.11709,10.14471],[-67.11865,10.14646],[-67.11824,10.15085],[-67.11616,10.15251],[-67.11608,10.15413],[-67.11354,10.15561],[-67.11367,10.15773],[-67.11136,10.15873],[-67.10996,10.16092],[-67.10862,10.161],[-67.10863,10.16241],[-67.10666,10.16339],[-67.10495,10.16678],[-67.10243,10.16734],[-67.09598,10.17167],[-67.09492,10.17421],[-67.09602,10.17719],[-67.10217,10.1772],[-67.10238,10.18101],[-67.09856,10.18523],[-67.09915,10.18701],[-67.10275,10.18642],[-67.10557,10.18754],[-67.10702,10.18617],[-67.10526,10.18455],[-67.10561,10.18225],[-67.10791,10.18186],[-67.11101,10.18319],[-67.11271,10.18167],[-67.11258,10.19216],[-67.11077,10.19511],[-67.11258,10.19674],[-67.11405,10.20051],[-67.11683,10.20144],[-67.11668,10.20404],[-67.11805,10.20428],[-67.11926,10.20845],[-67.12136,10.20766],[-67.12264,10.20924],[-67.1209,10.20882],[-67.12028,10.21032],[-67.11788,10.21095],[-67.11649,10.20982],[-67.11439,10.21248],[-67.11411,10.21458],[-67.10901,10.21696],[-67.10958,10.21864],[-67.10736,10.22036],[-67.10413,10.22039],[-67.10427,10.22183],[-67.10257,10.22231],[-67.0981,10.23167],[-67.0963,10.23193],[-67.09515,10.23322],[-67.09485,10.23524],[-67.09636,10.23647],[-67.09588,10.23753]]}},{"type":"Feature","id":"way/36271573","properties":{"name":"Carretera Tejer\u00edas - Tiara","highway":"secondary","ref":"L-2"},"geometry":{"type":"LineString","coordinates":[[-67.16023,10.25054],[-67.1611,10.24669],[-67.15986,10.24611],[-67.16101,10.24538],[-67.16082,10.24281],[-67.16165,10.24171],[-67.16021,10.24135],[-67.15687,10.24313],[-67.1606,10.23977],[-67.16293,10.23907],[-67.16112,10.23833],[-67.15876,10.23944],[-67.15747,10.23774],[-67.15862,10.23738],[-67.15781,10.2353],[-67.15965,10.23618],[-67.15941,10.23465],[-67.16193,10.23339],[-67.16606,10.23312],[-67.16752,10.22913],[-67.17199,10.22521],[-67.16988,10.22307],[-67.16951,10.2182],[-67.16508,10.20948],[-67.15741,10.20721]]}},{"type":"Feature","id":"way/41453591","properties":{"name":"Avenida Los Aviadores","highway":"primary","ref":"R-8"},"geometry":{"type":"LineString","coordinates":[[-67.57469,10.21775],[-67.57331,10.22074]]}},{"type":"Feature","id":"way/41453668","properties":{"highway":"secondary"},"geometry":{"type":"LineString","coordinates":[[-67.57253,10.21647],[-67.57223,10.21639]]}},{"type":"Feature","id":"way/41453670","properties":{"name":"Avenida Francisco de Miranda","highway":"tertiary"},"geometry":{"type":"LineString","coordinates":[[-67.56906,10.21252],[-67.57045,10.20355],[-67.57315,10.19945]]}},{"type":"Feature","id":"way/41453672","properties":{"highway":"secondary"},"geometry":{"type":"LineString","coordinates":[[-67.5722,10.21648],[-67.57251,10.21657]]}},{"type":"Feature","id":"way/41453678","properties":{"name":"Avenida Francisco de Miranda","highway":"tertiary"},"geometry":{"type":"LineString","coordinates":[[-67.57356,10.19457],[-67.5731,10.19942]]}},{"type":"Feature","id":"way/41453679","properties":{"name":"Avenida Los Jabillos","highway":"tertiary"},"geometry":{"type":"LineString","coordinates":[[-67.55887,10.19734],[-67.56008,10.19578],[-67.56443,10.19607],[-67.57356,10.19457]]}},{"type":"Feature","id":"way/41453860","properties":{"name":"Avenida Los Aviadores","highway":"primary","ref":"R-8"},"geometry":{"type":"LineString","coordinates":[[-67.57878,10.20634],[-67.58226,10.19637]]}},{"type":"Feature","id":"way/41453902","properties":{"name":"Avenida Los Aviadores","highway":"primary","ref":"R-8"},"geometry":{"type":"LineString","coordinates":[[-67.57868,10.2063],[-67.57844,10.20698]]}},{"type":"Feature","id":"way/41453909","properties":{"name":"Avenida Los Aviadores","highway":"primary","ref":"R-8"},"geometry":{"type":"LineString","coordinates":[[-67.57692,10.21129],[-67.57523,10.21617]]}},{"type":"Feature","id":"way/41453910","properties":{"name":"Avenida Los Aviadores","highway":"primary","ref":"R-8"},"geometry":{"type":"LineString","coordinates":[[-67.57854,10.207],[-67.57878,10.20634]]}},{"type":"Feature","id":"way/42153534","properties":{"name":"Avenida Victoria","highway":"primary","ref":"L-1"},"geometry":{"type":"LineString","coordinates":[[-67.32174,10.22895],[-67.32544,10.22678]]}},{"type":"Feature","id":"way/42166998","properties":{"highway":"tertiary","ref":"R-5"},"geometry":{"type":"LineString","coordinates":[[-67.73593,10.46448],[-67.73722,10.46408],[-67.7384,10.46735],[-67.73767,10.46859],[-67.73882,10.46962],[-67.73773,10.47108],[-67.73909,10.47272],[-67.73867,10.47501]]}},{"type":"Feature","id":"way/42167013","properties":{"name":"Carretera Regional Maracay - Ocumare","highway":"primary","ref":"L-7"},"geometry":{"type":"LineString","coordinates":[[-67.76866,10.45234],[-67.76983,10.44922],[-67.7688,10.44687],[-67.7657,10.44446],[-67.7639,10.44438],[-67.76426,10.4425],[-67.76199,10.4411],[-67.76611,10.43502],[-67.7658,10.43135],[-67.77151,10.43162],[-67.77343,10.4299],[-67.77367,10.42704],[-67.77613,10.4247],[-67.7762,10.42139],[-67.77217,10.42112],[-67.76798,10.4172],[-67.76249,10.40486],[-67.76005,10.40427],[-67.7598,10.401],[-67.75845,10.39884],[-67.75685,10.39712],[-67.75441,10.39716],[-67.75129,10.39418],[-67.74979,10.39386],[-67.74947,10.39161],[-67.7473,10.39036],[-67.74596,10.38689],[-67.74203,10.38412],[-67.74284,10.38277],[-67.74248,10.37537],[-67.74353,10.37255],[-67.74127,10.37376],[-67.73888,10.36771],[-67.7378,10.36811],[-67.7369,10.36675],[-67.73643,10.36381],[-67.73489,10.36696],[-67.73555,10.37084],[-67.73491,10.37271],[-67.73265,10.3705],[-67.73102,10.36668],[-67.72898,10.36997],[-67.72682,10.36491],[-67.72783,10.36363],[-67.7271,10.36185],[-67.72827,10.3592],[-67.72605,10.35941],[-67.72415,10.35386],[-67.72244,10.35629],[-67.72189,10.35954],[-67.72077,10.36],[-67.719,10.35595],[-67.71874,10.3513],[-67.71265,10.34435],[-67.71247,10.34627],[-67.70968,10.35012],[-67.70623,10.34867],[-67.70012,10.34946],[-67.69463,10.34746],[-67.69273,10.34866],[-67.69119,10.34847],[-67.69219,10.35345],[-67.69438,10.35518],[-67.69528,10.35802],[-67.68821,10.3483],[-67.68598,10.34934],[-67.68198,10.34798],[-67.6813,10.35083]]}},{"type":"Feature","id":"way/42882430","properties":{"name":"Avenida Bol\u00edvar","highway":"primary","ref":"L-1"},"geometry":{"type":"LineString","coordinates":[[-67.63068,10.25488],[-67.63006,10.25514]]}},{"type":"Feature","id":"way/42882557","properties":{"name":"Avenida Bol\u00edvar","highway":"primary","ref":"L-1"},"geometry":{"type":"LineString","coordinates":[[-67.57508,10.24546],[-67.58312,10.24806],[-67.59615,10.25063]]}},{"type":"Feature","id":"way/42891556","properties":{"name":"Avenida Ram\u00f3n Narv\u00e1ez","highway":"primary","ref":"L-7"},"geometry":{"type":"LineString","coordinates":[[-67.6144,10.2688],[-67.61507,10.26509]]}},{"type":"Feature","id":"way/42901411","properties":{"name":"Av. Casanova Godoy","highway":"tertiary"},"geometry":{"type":"LineString","coordinates":[[-67.53002,10.23485],[-67.54095,10.23597],[-67.54419,10.24036]]}},{"type":"Feature","id":"way/43350819","properties":{"name":"Avenida Victoria","highway":"primary","ref":"L-1"},"geometry":{"type":"LineString","coordinates":[[-67.32544,10.22678],[-67.32558,10.22672]]}},{"type":"Feature","id":"way/43350821","properties":{"name":"Avenida Victoria","highway":"primary","ref":"L-1"},"geometry":{"type":"LineString","coordinates":[[-67.32557,10.22662],[-67.32544,10.22669]]}},{"type":"Feature","id":"way/43350822","properties":{"name":"Avenida Victoria","highway":"primary","ref":"L-1"},"geometry":{"type":"LineString","coordinates":[[-67.32544,10.22669],[-67.32166,10.22889]]}},{"type":"Feature","id":"way/43350823","properties":{"name":"Avenida Soco","highway":"primary","ref":"L-4;R-11"},"geometry":{"type":"LineString","coordinates":[[-67.33335,10.22528],[-67.33334,10.22503]]}},{"type":"Feature","id":"way/43707255","properties":{"name":"Avenida Berm\u00fadez","highway":"tertiary","ref":"L-6"},"geometry":{"type":"LineString","coordinates":[[-67.5917,10.24963],[-67.5938,10.24457]]}},{"type":"Feature","id":"way/43707424","properties":{"name":"Avenida Berm\u00fadez","highway":"tertiary","ref":"L-6"},"geometry":{"type":"LineString","coordinates":[[-67.5966,10.23209],[-67.59656,10.23223]]}},{"type":"Feature","id":"way/43710147","properties":{"name":"Avenida Dr. Fransisco Montoya","highway":"secondary"},"geometry":{"type":"LineString","coordinates":[[-67.54718,10.20784],[-67.54702,10.2131]]}},{"type":"Feature","id":"way/43788645","properties":{"name":"Avenida Principal de Paya","highway":"tertiary","ref":"R-16"},"geometry":{"type":"LineString","coordinates":[[-67.45829,10.26617],[-67.46661,10.24309]]}},{"type":"Feature","id":"way/48432054","properties":{"name":"Avenida Universidad","highway":"primary","ref":"L-7"},"geometry":{"type":"LineString","coordinates":[[-67.63674,10.30355],[-67.62157,10.28271],[-67.61913,10.27659],[-67.61404,10.26891]]}},{"type":"Feature","id":"way/60906796","properties":{"name":"Retorno de Las Banderas","highway":"primary_link"},"geometry":{"type":"LineString","coordinates":[[-67.48731,10.21565],[-67.4874,10.21529]]}},{"type":"Feature","id":"way/60910892","properties":{"name":"Retorno","highway":"primary_link"},"geometry":{"type":"LineString","coordinates":[[-67.49742,10.21726],[-67.49717,10.21766]]}},{"type":"Feature","id":"way/60910893","properties":{"name":"Retorno","highway":"primary_link"},"geometry":{"type":"LineString","coordinates":[[-67.50687,10.22485],[-67.50642,10.22514]]}},{"type":"Feature","id":"way/60910905","properties":{"name":"Retorno","highway":"primary_link"},"geometry":{"type":"LineString","coordinates":[[-67.4991,10.21862],[-67.49942,10.21832]]}},{"type":"Feature","id":"way/60911962","properties":{"highway":"trunk_link"},"geometry":{"type":"LineString","coordinates":[[-67.45981,10.19284],[-67.45996,10.19235]]}},{"type":"Feature","id":"way/60911963","properties":{"highway":"trunk_link"},"geometry":{"type":"LineString","coordinates":[[-67.45942,10.19214],[-67.45919,10.19253]]}},{"type":"Feature","id":"way/61730799","properties":{"name":"Autopista Regional del Centro","highway":"motorway","ref":"T-1"},"geometry":{"type":"LineString","coordinates":[[-67.34118,10.21582],[-67.33289,10.21882]]}},{"type":"Feature","id":"way/61730800","properties":{"name":"Autopista Regional del Centro","highway":"motorway","ref":"T-1"},"geometry":{"type":"LineString","coordinates":[[-67.47634,10.20819],[-67.4759,10.20822]]}},{"type":"Feature","id":"way/61730801","properties":{"name":"Autopista Regional del Centro","highway":"motorway","ref":"T-1"},"geometry":{"type":"LineString","coordinates":[[-67.34147,10.21589],[-67.34787,10.2144],[-67.35554,10.20936],[-67.37307,10.20885]]}},{"type":"Feature","id":"way/61730802","properties":{"name":"Autopista Regional del Centro","highway":"motorway","ref":"T-1"},"geometry":{"type":"LineString","coordinates":[[-67.47753,10.20833],[-67.48009,10.20864]]}},{"type":"Feature","id":"way/61730805","properties":{"name":"Autopista Regional del Centro","highway":"motorway","ref":"T-1"},"geometry":{"type":"LineString","coordinates":[[-67.47317,10.20857],[-67.4735,10.20855]]}},{"type":"Feature","id":"way/61730807","properties":{"name":"Autopista Regional del Centro","highway":"motorway","ref":"T-1"},"geometry":{"type":"LineString","coordinates":[[-67.34122,10.21595],[-67.34147,10.21589]]}},{"type":"Feature","id":"way/61730808","properties":{"name":"Autopista Regional del Centro","highway":"motorway","ref":"T-1"},"geometry":{"type":"LineString","coordinates":[[-67.47637,10.20839],[-67.47753,10.20833]]}},{"type":"Feature","id":"way/61730809","properties":{"name":"Autopista Regional del Centro","highway":"motorway","ref":"T-1"},"geometry":{"type":"LineString","coordinates":[[-67.34144,10.21576],[-67.34118,10.21582]]}},{"type":"Feature","id":"way/61730810","properties":{"name":"Autopista Regional del Centro","highway":"motorway","ref":"T-1"},"geometry":{"type":"LineString","coordinates":[[-67.4735,10.20855],[-67.47556,10.20845]]}},{"type":"Feature","id":"way/61730811","properties":{"name":"Autopista Regional del Centro","highway":"motorway","ref":"T-1"},"geometry":{"type":"LineString","coordinates":[[-67.47752,10.20814],[-67.47634,10.20819]]}},{"type":"Feature","id":"way/64387317","properties":{"name":"Autopista Regional del Centro","highway":"motorway","ref":"T-1"},"geometry":{"type":"LineString","coordinates":[[-67.24532,10.23555],[-67.245,10.23561]]}},{"type":"Feature","id":"way/64387323","properties":{"name":"Autopista Regional del Centro","highway":"motorway","ref":"T-1"},"geometry":{"type":"LineString","coordinates":[[-67.24503,10.23575],[-67.24532,10.23569]]}},{"type":"Feature","id":"way/77746895","properties":{"name":"Carretera Colonia Tovar - El Junquito","highway":"primary","ref":"L-4"},"geometry":{"type":"LineString","coordinates":[[-67.202,10.42139],[-67.20287,10.41977],[-67.20484,10.41919],[-67.20601,10.41433],[-67.20888,10.41513],[-67.2115,10.41725],[-67.21621,10.4165],[-67.21643,10.41907],[-67.22064,10.41595],[-67.22006,10.4147],[-67.22102,10.4143],[-67.22088,10.413],[-67.21986,10.41169],[-67.22198,10.41041],[-67.22659,10.41165],[-67.22701,10.41404],[-67.22956,10.4141],[-67.2302,10.41529],[-67.23724,10.41892],[-67.24049,10.41901],[-67.24136,10.42067]]}},{"type":"Feature","id":"way/77746919","properties":{"highway":"tertiary"},"geometry":{"type":"LineString","coordinates":[[-67.17878,10.35991],[-67.18097,10.35758],[-67.18091,10.35598],[-67.18492,10.35576],[-67.18481,10.35356],[-67.18668,10.35334],[-67.18799,10.3516],[-67.19025,10.35218]]}},{"type":"Feature","id":"way/98110459","properties":{"name":"Distribuidor Tapa Tapa","highway":"motorway_link"},"geometry":{"type":"LineString","coordinates":[[-67.62575,10.24823],[-67.62555,10.24701],[-67.62671,10.24751],[-67.6249,10.25005]]}},{"type":"Feature","id":"way/103804587","properties":{"name":"Calle 11 Froilan Correa","highway":"secondary","ref":"L-3"},"geometry":{"type":"LineString","coordinates":[[-67.46124,10.19287],[-67.4615,10.18549]]}},{"type":"Feature","id":"way/107760168","properties":{"name":"Carretera Regional Maracay - Choron\u00ed","highway":"primary","ref":"L-6"},"geometry":{"type":"LineString","coordinates":[[-67.59137,10.35978],[-67.57743,10.35721],[-67.58021,10.35843],[-67.58007,10.35935],[-67.58301,10.35946],[-67.5843,10.3609],[-67.58186,10.35984],[-67.58044,10.36127],[-67.58199,10.36039],[-67.58207,10.36177],[-67.58419,10.36444],[-67.58511,10.36438],[-67.58514,10.36828],[-67.5873,10.37039],[-67.59021,10.37024],[-67.59132,10.37143],[-67.59405,10.37049],[-67.59205,10.37239],[-67.59167,10.3741],[-67.59375,10.37732],[-67.59402,10.37598],[-67.59249,10.3742],[-67.59349,10.37394],[-67.59338,10.37297],[-67.59643,10.37289],[-67.59628,10.37053],[-67.59797,10.37303],[-67.59869,10.37283],[-67.59909,10.37737],[-67.60044,10.37529],[-67.60278,10.37457],[-67.60166,10.37722],[-67.60281,10.3775],[-67.60125,10.37967],[-67.60062,10.38413],[-67.60262,10.38373],[-67.60134,10.38743],[-67.60165,10.38993],[-67.59969,10.39114],[-67.60062,10.39236],[-67.60286,10.39096],[-67.60271,10.39918],[-67.60399,10.39828],[-67.6068,10.39918],[-67.6014,10.40177],[-67.6005,10.40451],[-67.60011,10.40648],[-67.60157,10.41089],[-67.60121,10.41458],[-67.59788,10.42017],[-67.60029,10.4209],[-67.59954,10.42246],[-67.60138,10.4209],[-67.59716,10.42934],[-67.59953,10.43031],[-67.59743,10.43189],[-67.59685,10.43505],[-67.59851,10.44022],[-67.5992,10.44673],[-67.59836,10.45224],[-67.60264,10.4593],[-67.60482,10.45917],[-67.60283,10.46114],[-67.60302,10.46357],[-67.60132,10.46512],[-67.60129,10.47021],[-67.60509,10.47511],[-67.60455,10.47574],[-67.60796,10.47893]]}},{"type":"Feature","id":"way/109969338","properties":{"name":"Carretera Regional Camatagua - Barbacoas","highway":"trunk","ref":"L-8"},"geometry":{"type":"LineString","coordinates":[[-66.97015,9.47687],[-66.95187,9.49317],[-66.9128,9.50974],[-66.88774,9.52345],[-66.87929,9.54264],[-66.86371,9.5723],[-66.83542,9.61048],[-66.83072,9.63544],[-66.83509,9.66278],[-66.83476,9.66849],[-66.82901,9.68777],[-66.82555,9.69498],[-66.8177,9.70311],[-66.81631,9.70801]]}},{"type":"Feature","id":"way/111557777","properties":{"highway":"primary_link"},"geometry":{"type":"LineString","coordinates":[[-67.58525,10.27023],[-67.5849,10.27027]]}},{"type":"Feature","id":"way/117747338","properties":{"name":"Avenida Constituci\u00f3n","highway":"tertiary"},"geometry":{"type":"LineString","coordinates":[[-67.62694,10.25303],[-67.62685,10.25305]]}},{"type":"Feature","id":"way/123452111","properties":{"highway":"primary_link"},"geometry":{"type":"LineString","coordinates":[[-67.58195,10.19695],[-67.58163,10.19668]]}},{"type":"Feature","id":"way/123452118","properties":{"name":"C. Bolvar","highway":"tertiary"},"geometry":{"type":"LineString","coordinates":[[-67.58169,10.19654],[-67.57695,10.1962]]}},{"type":"Feature","id":"way/123452119","properties":{"highway":"tertiary"},"geometry":{"type":"LineString","coordinates":[[-67.58209,10.19789],[-67.58245,10.19654],[-67.58169,10.19654]]}},{"type":"Feature","id":"way/123452134","properties":{"name":"C. Puerto","highway":"tertiary"},"geometry":{"type":"LineString","coordinates":[[-67.57691,10.19654],[-67.57354,10.19625]]}},{"type":"Feature","id":"way/123516904","properties":{"name":"Avenida Principal de Palo Negro","highway":"secondary","ref":"L-3"},"geometry":{"type":"LineString","coordinates":[[-67.55218,10.16825],[-67.57433,10.16508]]}},{"type":"Feature","id":"way/123938664","properties":{"name":"Constituci\u00f3n","highway":"tertiary"},"geometry":{"type":"LineString","coordinates":[[-67.56994,10.20594],[-67.55737,10.20242]]}},{"type":"Feature","id":"way/125943265","properties":{"highway":"primary_link"},"geometry":{"type":"LineString","coordinates":[[-67.6299,10.29324],[-67.63045,10.29175]]}},{"type":"Feature","id":"way/125943941","properties":{"highway":"primary_link"},"geometry":{"type":"LineString","coordinates":[[-67.63031,10.29171],[-67.62899,10.29368]]}},{"type":"Feature","id":"way/125944159","properties":{"highway":"primary_link"},"geometry":{"type":"LineString","coordinates":[[-67.63031,10.29171],[-67.62801,10.29144]]}},{"type":"Feature","id":"way/126301539","properties":{"highway":"tertiary"},"geometry":{"type":"LineString","coordinates":[[-67.60891,10.25908],[-67.60806,10.26008]]}},{"type":"Feature","id":"way/126540472","properties":{"highway":"tertiary"},"geometry":{"type":"LineString","coordinates":[[-67.55354,10.15602],[-67.55341,10.15611]]}},{"type":"Feature","id":"way/126540530","properties":{"highway":"tertiary"},"geometry":{"type":"LineString","coordinates":[[-67.55515,10.15485],[-67.55487,10.15505]]}},{"type":"Feature","id":"way/126540602","properties":{"name":"Calle Paramaconi","highway":"secondary","ref":"L-3"},"geometry":{"type":"LineString","coordinates":[[-67.55221,10.16813],[-67.54647,10.16838]]}},{"type":"Feature","id":"way/126540646","properties":{"highway":"tertiary"},"geometry":{"type":"LineString","coordinates":[[-67.49715,10.16267],[-67.49739,10.16212]]}},{"type":"Feature","id":"way/126540667","properties":{"highway":"tertiary"},"geometry":{"type":"LineString","coordinates":[[-67.56598,10.1526],[-67.56553,10.15257]]}},{"type":"Feature","id":"way/126540711","properties":{"name":"Calle Bol\u00edvar","highway":"secondary","ref":"L-3"},"geometry":{"type":"LineString","coordinates":[[-67.51534,10.17925],[-67.51118,10.17869]]}},{"type":"Feature","id":"way/126540863","properties":{"highway":"tertiary"},"geometry":{"type":"LineString","coordinates":[[-67.55748,10.15314],[-67.55711,10.15338]]}},{"type":"Feature","id":"way/126540930","properties":{"highway":"tertiary"},"geometry":{"type":"LineString","coordinates":[[-67.50596,10.15962],[-67.50621,10.16014]]}},{"type":"Feature","id":"way/126541041","properties":{"name":"Carretera Palo Negro - Santa Cruz","highway":"secondary","ref":"L-3"},"geometry":{"type":"LineString","coordinates":[[-67.5362,10.1729],[-67.53308,10.17307],[-67.5306,10.17583],[-67.52508,10.17494],[-67.51905,10.17828]]}},{"type":"Feature","id":"way/126541055","properties":{"highway":"tertiary"},"geometry":{"type":"LineString","coordinates":[[-67.55487,10.15505],[-67.55461,10.15525]]}},{"type":"Feature","id":"way/126541127","properties":{"highway":"tertiary"},"geometry":{"type":"LineString","coordinates":[[-67.5591,10.15241],[-67.55868,10.15258]]}},{"type":"Feature","id":"way/126541133","properties":{"highway":"tertiary"},"geometry":{"type":"LineString","coordinates":[[-67.55461,10.15525],[-67.55425,10.15551]]}},{"type":"Feature","id":"way/126541188","properties":{"highway":"tertiary"},"geometry":{"type":"LineString","coordinates":[[-67.55241,10.15689],[-67.55083,10.15792]]}},{"type":"Feature","id":"way/126541221","properties":{"highway":"tertiary"},"geometry":{"type":"LineString","coordinates":[[-67.54941,10.15863],[-67.5486,10.15919]]}},{"type":"Feature","id":"way/126541319","properties":{"name":"Calle Principal","highway":"secondary","ref":"L-3"},"geometry":{"type":"LineString","coordinates":[[-67.51905,10.17828],[-67.51613,10.17948]]}},{"type":"Feature","id":"way/126541508","properties":{"highway":"tertiary"},"geometry":{"type":"LineString","coordinates":[[-67.51198,10.15657],[-67.50596,10.15962]]}},{"type":"Feature","id":"way/126541549","properties":{"highway":"tertiary"},"geometry":{"type":"LineString","coordinates":[[-67.49597,10.17227],[-67.49632,10.16637]]}},{"type":"Feature","id":"way/126541585","properties":{"highway":"tertiary"},"geometry":{"type":"LineString","coordinates":[[-67.49581,10.17479],[-67.49597,10.17227]]}},{"type":"Feature","id":"way/126541630","properties":{"highway":"tertiary"},"geometry":{"type":"LineString","coordinates":[[-67.56903,10.15311],[-67.56598,10.1526]]}},{"type":"Feature","id":"way/126541720","properties":{"highway":"tertiary"},"geometry":{"type":"LineString","coordinates":[[-67.50205,10.16054],[-67.49991,10.16147]]}},{"type":"Feature","id":"way/126541923","properties":{"highway":"tertiary"},"geometry":{"type":"LineString","coordinates":[[-67.56946,10.15319],[-67.56903,10.15311]]}},{"type":"Feature","id":"way/126542003","properties":{"name":"Calle P\u00e1ez","highway":"secondary","ref":"L-3"},"geometry":{"type":"LineString","coordinates":[[-67.54991,10.17198],[-67.55059,10.16931]]}},{"type":"Feature","id":"way/126542088","properties":{"highway":"tertiary"},"geometry":{"type":"LineString","coordinates":[[-67.5651,10.15249],[-67.56464,10.15236]]}},{"type":"Feature","id":"way/126542365","properties":{"highway":"tertiary"},"geometry":{"type":"LineString","coordinates":[[-67.55829,10.15277],[-67.5579,10.15297]]}},{"type":"Feature","id":"way/126542587","properties":{"highway":"tertiary"},"geometry":{"type":"LineString","coordinates":[[-67.49991,10.16147],[-67.49744,10.16201]]}},{"type":"Feature","id":"way/126542597","properties":{"highway":"tertiary"},"geometry":{"type":"LineString","coordinates":[[-67.50607,10.15988],[-67.50205,10.16054]]}},{"type":"Feature","id":"way/126542659","properties":{"highway":"tertiary"},"geometry":{"type":"LineString","coordinates":[[-67.55955,10.15234],[-67.5591,10.15241]]}},{"type":"Feature","id":"way/126542853","properties":{"name":"Calle La Cruz","highway":"secondary","ref":"L-3"},"geometry":{"type":"LineString","coordinates":[[-67.5073,10.18102],[-67.50832,10.18076]]}},{"type":"Feature","id":"way/126542855","properties":{"highway":"tertiary"},"geometry":{"type":"LineString","coordinates":[[-67.55656,10.15381],[-67.55639,10.15394]]}},{"type":"Feature","id":"way/126543054","properties":{"name":"Avenida G\u00fcig\u00fce","highway":"tertiary"},"geometry":{"type":"LineString","coordinates":[[-67.57353,10.19404],[-67.57713,10.18224],[-67.57622,10.1796],[-67.57576,10.16949],[-67.57433,10.16508]]}},{"type":"Feature","id":"way/126543110","properties":{"highway":"tertiary"},"geometry":{"type":"LineString","coordinates":[[-67.49989,10.16158],[-67.50219,10.16056]]}},{"type":"Feature","id":"way/126543233","properties":{"highway":"tertiary"},"geometry":{"type":"LineString","coordinates":[[-67.49566,10.17719],[-67.49581,10.17479]]}},{"type":"Feature","id":"way/126543248","properties":{"highway":"tertiary"},"geometry":{"type":"LineString","coordinates":[[-67.56329,10.15206],[-67.56284,10.15199]]}},{"type":"Feature","id":"way/126543394","properties":{"highway":"tertiary"},"geometry":{"type":"LineString","coordinates":[[-67.55341,10.15611],[-67.55241,10.15689]]}},{"type":"Feature","id":"way/126543417","properties":{"highway":"tertiary","ref":"R-9"},"geometry":{"type":"LineString","coordinates":[[-67.54801,10.16745],[-67.54812,10.16199]]}},{"type":"Feature","id":"way/126543551","properties":{"highway":"tertiary"},"geometry":{"type":"LineString","coordinates":[[-67.55711,10.15338],[-67.55676,10.15365]]}},{"type":"Feature","id":"way/126543566","properties":{"highway":"tertiary"},"geometry":{"type":"LineString","coordinates":[[-67.55425,10.15551],[-67.55354,10.15602]]}},{"type":"Feature","id":"way/126543600","properties":{"highway":"tertiary"},"geometry":{"type":"LineString","coordinates":[[-67.49739,10.16212],[-67.49744,10.16201]]}},{"type":"Feature","id":"way/126543651","properties":{"highway":"tertiary"},"geometry":{"type":"LineString","coordinates":[[-67.55639,10.15394],[-67.55603,10.15422]]}},{"type":"Feature","id":"way/126543665","properties":{"name":"Calle Coromoto","highway":"secondary","ref":"L-3"},"geometry":{"type":"LineString","coordinates":[[-67.55195,10.16942],[-67.55218,10.16825]]}},{"type":"Feature","id":"way/126543798","properties":{"highway":"tertiary"},"geometry":{"type":"LineString","coordinates":[[-67.56284,10.15199],[-67.56238,10.15203]]}},{"type":"Feature","id":"way/126543905","properties":{"highway":"tertiary"},"geometry":{"type":"LineString","coordinates":[[-67.5579,10.15297],[-67.55748,10.15314]]}},{"type":"Feature","id":"way/126543952","properties":{"highway":"tertiary"},"geometry":{"type":"LineString","coordinates":[[-67.56238,10.15203],[-67.56192,10.15208]]}},{"type":"Feature","id":"way/126543969","properties":{"highway":"tertiary"},"geometry":{"type":"LineString","coordinates":[[-67.55083,10.15792],[-67.54941,10.15863]]}},{"type":"Feature","id":"way/126543989","properties":{"highway":"tertiary"},"geometry":{"type":"LineString","coordinates":[[-67.56,10.1523],[-67.55955,10.15234]]}},{"type":"Feature","id":"way/126544011","properties":{"highway":"tertiary"},"geometry":{"type":"LineString","coordinates":[[-67.56419,10.15223],[-67.56374,10.15212]]}},{"type":"Feature","id":"way/126544136","properties":{"highway":"tertiary"},"geometry":{"type":"LineString","coordinates":[[-67.50219,10.16056],[-67.50621,10.16014]]}},{"type":"Feature","id":"way/126544145","properties":{"highway":"tertiary"},"geometry":{"type":"LineString","coordinates":[[-67.56044,10.15227],[-67.56,10.1523]]}},{"type":"Feature","id":"way/126544293","properties":{"highway":"tertiary"},"geometry":{"type":"LineString","coordinates":[[-67.56088,10.15225],[-67.56044,10.15227]]}},{"type":"Feature","id":"way/126544389","properties":{"highway":"tertiary"},"geometry":{"type":"LineString","coordinates":[[-67.56137,10.1522],[-67.56088,10.15225]]}},{"type":"Feature","id":"way/126544610","properties":{"highway":"tertiary"},"geometry":{"type":"LineString","coordinates":[[-67.56374,10.15212],[-67.56329,10.15206]]}},{"type":"Feature","id":"way/126544789","properties":{"highway":"tertiary"},"geometry":{"type":"LineString","coordinates":[[-67.55868,10.15258],[-67.55829,10.15277]]}},{"type":"Feature","id":"way/126544923","properties":{"highway":"tertiary"},"geometry":{"type":"LineString","coordinates":[[-67.55543,10.15465],[-67.55515,10.15485]]}},{"type":"Feature","id":"way/126544976","properties":{"highway":"tertiary"},"geometry":{"type":"LineString","coordinates":[[-67.56553,10.15257],[-67.5651,10.15249]]}},{"type":"Feature","id":"way/126545036","properties":{"highway":"tertiary"},"geometry":{"type":"LineString","coordinates":[[-67.56464,10.15236],[-67.56419,10.15223]]}},{"type":"Feature","id":"way/126545050","properties":{"highway":"tertiary"},"geometry":{"type":"LineString","coordinates":[[-67.55603,10.15422],[-67.5557,10.15445]]}},{"type":"Feature","id":"way/126545097","properties":{"highway":"tertiary"},"geometry":{"type":"LineString","coordinates":[[-67.55676,10.15365],[-67.55656,10.15381]]}},{"type":"Feature","id":"way/126545243","properties":{"highway":"tertiary"},"geometry":{"type":"LineString","coordinates":[[-67.49739,10.16212],[-67.49989,10.16158]]}},{"type":"Feature","id":"way/126545267","properties":{"highway":"tertiary"},"geometry":{"type":"LineString","coordinates":[[-67.56192,10.15208],[-67.56137,10.1522]]}},{"type":"Feature","id":"way/126545281","properties":{"highway":"tertiary"},"geometry":{"type":"LineString","coordinates":[[-67.49632,10.16637],[-67.49715,10.16267]]}},{"type":"Feature","id":"way/126545570","properties":{"highway":"tertiary"},"geometry":{"type":"LineString","coordinates":[[-67.5557,10.15445],[-67.55543,10.15465]]}},{"type":"Feature","id":"way/127958968","properties":{"name":"Av. Guigue","highway":"tertiary"},"geometry":{"type":"LineString","coordinates":[[-67.58002,10.2226],[-67.57878,10.21932],[-67.57528,10.21719]]}},{"type":"Feature","id":"way/127959036","properties":{"name":"Av. Intersan","highway":"tertiary"},"geometry":{"type":"LineString","coordinates":[[-67.59746,10.22953],[-67.58995,10.22744]]}},{"type":"Feature","id":"way/127959184","properties":{"name":"Av. Intersan","highway":"tertiary"},"geometry":{"type":"LineString","coordinates":[[-67.58995,10.22744],[-67.58082,10.22487]]}},{"type":"Feature","id":"way/127959539","properties":{"name":"Avenida Guigue","highway":"tertiary"},"geometry":{"type":"LineString","coordinates":[[-67.58082,10.22487],[-67.58002,10.2226]]}},{"type":"Feature","id":"way/128229927","properties":{"name":"Av. Fuerzas Aereas","highway":"tertiary"},"geometry":{"type":"LineString","coordinates":[[-67.58794,10.22515],[-67.58765,10.22681]]}},{"type":"Feature","id":"way/128947718","properties":{"highway":"tertiary","ref":"R-16"},"geometry":{"type":"LineString","coordinates":[[-67.47838,10.22499],[-67.48615,10.21535]]}},{"type":"Feature","id":"way/128947731","properties":{"name":"Avenida Ricaurte","highway":"tertiary","ref":"R-16"},"geometry":{"type":"LineString","coordinates":[[-67.47806,10.22487],[-67.47276,10.23341]]}},{"type":"Feature","id":"way/128947754","properties":{"highway":"tertiary","ref":"R-16"},"geometry":{"type":"LineString","coordinates":[[-67.47177,10.23215],[-67.47276,10.23341]]}},{"type":"Feature","id":"way/128947774","properties":{"highway":"tertiary"},"geometry":{"type":"LineString","coordinates":[[-67.47228,10.23281],[-67.47566,10.22676]]}},{"type":"Feature","id":"way/129040480","properties":{"name":"Autopista Regional del Centro","highway":"motorway","ref":"T-1"},"geometry":{"type":"LineString","coordinates":[[-67.45276,10.20816],[-67.45343,10.20829]]}},{"type":"Feature","id":"way/129040489","properties":{"name":"Autopista Regional del Centro","highway":"motorway","ref":"T-1"},"geometry":{"type":"LineString","coordinates":[[-67.45364,10.20814],[-67.45296,10.20802]]}},{"type":"Feature","id":"way/129040496","properties":{"name":"Autopista Regional del Centro","highway":"motorway","ref":"T-1"},"geometry":{"type":"LineString","coordinates":[[-67.45612,10.20873],[-67.46892,10.20879]]}},{"type":"Feature","id":"way/129040507","properties":{"name":"Autopista Regional del Centro","highway":"motorway","ref":"T-1"},"geometry":{"type":"LineString","coordinates":[[-67.44951,10.20756],[-67.4288,10.20581],[-67.42239,10.20676],[-67.4162,10.20645],[-67.40933,10.20993],[-67.40029,10.21103],[-67.39068,10.21438],[-67.3861,10.21347],[-67.37835,10.2092]]}},{"type":"Feature","id":"way/129051075","properties":{"name":"Retorno de Las Banderas","highway":"primary_link"},"geometry":{"type":"LineString","coordinates":[[-67.48544,10.21449],[-67.48517,10.21476]]}},{"type":"Feature","id":"way/129054325","properties":{"highway":"primary_link"},"geometry":{"type":"LineString","coordinates":[[-67.48654,10.21511],[-67.48613,10.21463]]}},{"type":"Feature","id":"way/129054333","properties":{"highway":"primary_link"},"geometry":{"type":"LineString","coordinates":[[-67.48613,10.21463],[-67.48578,10.21475]]}},{"type":"Feature","id":"way/129171001","properties":{"highway":"tertiary"},"geometry":{"type":"LineString","coordinates":[[-67.50727,10.22575],[-67.5072,10.22678],[-67.50169,10.22781]]}},{"type":"Feature","id":"way/129171007","properties":{"highway":"tertiary"},"geometry":{"type":"LineString","coordinates":[[-67.50171,10.22792],[-67.50723,10.22691]]}},{"type":"Feature","id":"way/129171014","properties":{"highway":"tertiary"},"geometry":{"type":"LineString","coordinates":[[-67.50139,10.22785],[-67.49973,10.22819]]}},{"type":"Feature","id":"way/129171021","properties":{"highway":"tertiary"},"geometry":{"type":"LineString","coordinates":[[-67.50723,10.22691],[-67.50809,10.22609]]}},{"type":"Feature","id":"way/129171036","properties":{"highway":"tertiary"},"geometry":{"type":"LineString","coordinates":[[-67.49973,10.22819],[-67.50141,10.22799]]}},{"type":"Feature","id":"way/129332287","properties":{"highway":"tertiary"},"geometry":{"type":"LineString","coordinates":[[-67.4983,10.2174],[-67.49811,10.21743]]}},{"type":"Feature","id":"way/129538119","properties":{"name":"C. Gonzalito","highway":"tertiary"},"geometry":{"type":"LineString","coordinates":[[-67.51993,10.21776],[-67.51667,10.22767]]}},{"type":"Feature","id":"way/129538198","properties":{"name":"C. Los Proceres","highway":"tertiary"},"geometry":{"type":"LineString","coordinates":[[-67.51667,10.22767],[-67.51166,10.22655]]}},{"type":"Feature","id":"way/129538665","properties":{"highway":"tertiary"},"geometry":{"type":"LineString","coordinates":[[-67.50169,10.22781],[-67.50169,10.22781]]}},{"type":"Feature","id":"way/129538668","properties":{"name":"Avenida Principal de Coropo","highway":"tertiary"},"geometry":{"type":"LineString","coordinates":[[-67.54097,10.20747],[-67.53671,10.20656],[-67.52979,10.21061],[-67.52763,10.21389],[-67.52055,10.21491]]}},{"type":"Feature","id":"way/129538820","properties":{"name":"C. Gonzalito","highway":"tertiary"},"geometry":{"type":"LineString","coordinates":[[-67.52055,10.21491],[-67.52042,10.2154]]}},{"type":"Feature","id":"way/129538842","properties":{"highway":"primary_link"},"geometry":{"type":"LineString","coordinates":[[-67.50723,10.22691],[-67.51022,10.22652]]}},{"type":"Feature","id":"way/129539100","properties":{"name":"C. Santiago Mari\u00f1o","highway":"tertiary"},"geometry":{"type":"LineString","coordinates":[[-67.531,10.22801],[-67.53002,10.23485]]}},{"type":"Feature","id":"way/129542171","properties":{"name":"C. Los Gueritos","highway":"tertiary"},"geometry":{"type":"LineString","coordinates":[[-67.52014,10.21641],[-67.51577,10.2153],[-67.50997,10.21571],[-67.50739,10.21728],[-67.49861,10.21743]]}},{"type":"Feature","id":"way/129556439","properties":{"name":"Avenida Aragua","highway":"tertiary"},"geometry":{"type":"LineString","coordinates":[[-67.5967,10.23212],[-67.5966,10.23209]]}},{"type":"Feature","id":"way/129646693","properties":{"name":"Retorno de Santa Mar\u00eda","highway":"trunk_link"},"geometry":{"type":"LineString","coordinates":[[-67.45897,10.10466],[-67.45867,10.10443]]}},{"type":"Feature","id":"way/129646698","properties":{"name":"Carretera Santa Cruz - M\u00facura","highway":"secondary","ref":"R-10"},"geometry":{"type":"LineString","coordinates":[[-67.51207,10.17183],[-67.51312,10.16154],[-67.50974,10.13569],[-67.50585,10.13379],[-67.50187,10.13011],[-67.49934,10.12305],[-67.49517,10.12358],[-67.4898,10.12059],[-67.48401,10.11251],[-67.48367,10.08719]]}},{"type":"Feature","id":"way/129646701","properties":{"name":"Retorno de Tamarindo","highway":"trunk_link"},"geometry":{"type":"LineString","coordinates":[[-67.46907,10.09832],[-67.46885,10.09781]]}},{"type":"Feature","id":"way/129646704","properties":{"name":"Retorno de Tamarindo","highway":"trunk_link"},"geometry":{"type":"LineString","coordinates":[[-67.46766,10.09855],[-67.46794,10.09892]]}},{"type":"Feature","id":"way/129648825","properties":{"name":"Carretera La Victoria - Tasajera","highway":"tertiary"},"geometry":{"type":"LineString","coordinates":[[-67.29065,10.18075],[-67.28879,10.18044],[-67.28802,10.18167],[-67.28546,10.18221],[-67.28558,10.18969],[-67.28405,10.18751],[-67.28033,10.19119],[-67.27524,10.18953],[-67.27416,10.18863],[-67.27492,10.18801],[-67.27167,10.18683],[-67.26896,10.18405],[-67.26547,10.18252],[-67.26008,10.17622],[-67.25473,10.17957],[-67.25304,10.1795],[-67.25094,10.17775],[-67.24986,10.17825],[-67.24393,10.17667],[-67.24348,10.17558],[-67.23232,10.17828],[-67.22997,10.17781],[-67.22719,10.17951]]}},{"type":"Feature","id":"way/129663330","properties":{"name":"Carretera Sabaneta - Tasajera","highway":"tertiary"},"geometry":{"type":"LineString","coordinates":[[-67.22719,10.17951],[-67.22871,10.17936],[-67.23149,10.18099],[-67.2322,10.18327],[-67.23355,10.18386],[-67.2354,10.18696],[-67.2342,10.18812],[-67.23476,10.19033],[-67.2306,10.19293],[-67.23151,10.19505],[-67.22871,10.19638],[-67.22978,10.19768],[-67.23019,10.20185],[-67.23648,10.19964],[-67.23575,10.20078],[-67.23774,10.20338],[-67.23622,10.20635],[-67.23782,10.20918],[-67.23725,10.21284],[-67.24012,10.21575],[-67.23797,10.21669],[-67.23834,10.21912],[-67.23722,10.22002],[-67.23965,10.22233],[-67.23865,10.2239],[-67.23992,10.22537],[-67.23887,10.22561],[-67.23844,10.22817],[-67.24045,10.22981],[-67.24379,10.23063]]}},{"type":"Feature","id":"way/129897175","properties":{"name":"Avenida Libertador","highway":"tertiary"},"geometry":{"type":"LineString","coordinates":[[-67.57372,10.19246],[-67.56623,10.19225],[-67.55998,10.19384],[-67.54645,10.20242],[-67.54447,10.20233],[-67.54126,10.20665],[-67.53994,10.20682]]}},{"type":"Feature","id":"way/140344501","properties":{"name":"Retorno","highway":"primary_link"},"geometry":{"type":"LineString","coordinates":[[-67.53308,10.22848],[-67.53323,10.22804]]}},{"type":"Feature","id":"way/141892701","properties":{"name":"Carretera Panamericana","highway":"primary","ref":"L-1"},"geometry":{"type":"LineString","coordinates":[[-67.1521,10.25272],[-67.14206,10.25721],[-67.1405,10.25874],[-67.13506,10.25954],[-67.13332,10.26172],[-67.12813,10.26191],[-67.12438,10.2635],[-67.11933,10.26805],[-67.11666,10.26852],[-67.11483,10.26779],[-67.11316,10.26886],[-67.1114,10.26793],[-67.10889,10.26896],[-67.10785,10.271],[-67.10573,10.2713],[-67.10317,10.27016],[-67.09744,10.27379]]}},{"type":"Feature","id":"way/147689141","properties":{"name":"Avenida Principal de Ocumare","highway":"primary","ref":"L-7"},"geometry":{"type":"LineString","coordinates":[[-67.76847,10.46741],[-67.77083,10.46608],[-67.77147,10.46062],[-67.76866,10.45234]]}},{"type":"Feature","id":"way/148328640","properties":{"highway":"primary","ref":"L-4"},"geometry":{"type":"LineString","coordinates":[[-67.2887,10.40754],[-67.28881,10.40963]]}},{"type":"Feature","id":"way/148328643","properties":{"highway":"tertiary"},"geometry":{"type":"LineString","coordinates":[[-67.28734,10.40792],[-67.28749,10.40758]]}},{"type":"Feature","id":"way/148328645","properties":{"name":"V\u00eda a Capachalito","highway":"tertiary"},"geometry":{"type":"LineString","coordinates":[[-67.29012,10.40098],[-67.28802,10.40438],[-67.28976,10.40493],[-67.28943,10.40561]]}},{"type":"Feature","id":"way/148328660","properties":{"highway":"primary","ref":"L-4"},"geometry":{"type":"LineString","coordinates":[[-67.28881,10.40963],[-67.29033,10.40877]]}},{"type":"Feature","id":"way/148396010","properties":{"name":"Carretera Colonia Tovar - Santa Elena","highway":"tertiary"},"geometry":{"type":"LineString","coordinates":[[-67.32892,10.39498],[-67.32953,10.39335],[-67.33096,10.39369],[-67.33239,10.39264],[-67.33565,10.39479],[-67.33661,10.39484],[-67.33691,10.3937],[-67.33998,10.39475],[-67.34159,10.3919],[-67.34264,10.39242],[-67.34337,10.39014],[-67.34869,10.38748],[-67.3511,10.38828],[-67.35359,10.38753],[-67.35563,10.38583],[-67.35892,10.38913],[-67.36581,10.38847],[-67.36866,10.39115],[-67.37096,10.39159]]}},{"type":"Feature","id":"way/148881977","properties":{"name":"Enlace Vial","highway":"primary","ref":"T-11"},"geometry":{"type":"LineString","coordinates":[[-67.49793,10.04062],[-67.49391,10.04751]]}},{"type":"Feature","id":"way/164075072","properties":{"highway":"primary_link"},"geometry":{"type":"LineString","coordinates":[[-67.34299,10.2265],[-67.34305,10.22631]]}},{"type":"Feature","id":"way/164075930","properties":{"name":"Distribuidor La Victoria","highway":"motorway_link"},"geometry":{"type":"LineString","coordinates":[[-67.3156,10.2245],[-67.31486,10.22109],[-67.31125,10.22297]]}},{"type":"Feature","id":"way/172497031","properties":{"name":"Avenida Francisco de Loreto","highway":"primary","ref":"L-1;L-4"},"geometry":{"type":"LineString","coordinates":[[-67.33346,10.22628],[-67.33715,10.22614]]}},{"type":"Feature","id":"way/172497032","properties":{"name":"Avenida Francisco de Loreto","highway":"primary","ref":"L-1;L-4"},"geometry":{"type":"LineString","coordinates":[[-67.34247,10.22613],[-67.34015,10.22594]]}},{"type":"Feature","id":"way/172497069","properties":{"name":"Padre Lazo","highway":"primary","ref":"L-4"},"geometry":{"type":"LineString","coordinates":[[-67.34086,10.22886],[-67.34095,10.22745]]}},{"type":"Feature","id":"way/172497074","properties":{"name":"Carretera Vieja San Mateo - La Victoria","highway":"primary","ref":"L-1"},"geometry":{"type":"LineString","coordinates":[[-67.3462,10.22606],[-67.35481,10.22591],[-67.35741,10.22398],[-67.35885,10.22442],[-67.3608,10.22173],[-67.36511,10.21998],[-67.36777,10.2177],[-67.36878,10.21792],[-67.37193,10.21277],[-67.37457,10.21506],[-67.38492,10.21538],[-67.39069,10.2176],[-67.39606,10.2159],[-67.40145,10.21619],[-67.40732,10.21399],[-67.41089,10.215],[-67.41574,10.21354]]}},{"type":"Feature","id":"way/172497120","properties":{"highway":"primary_link"},"geometry":{"type":"LineString","coordinates":[[-67.34203,10.22674],[-67.34245,10.22662]]}},{"type":"Feature","id":"way/172497146","properties":{"highway":"primary","ref":"L-4"},"geometry":{"type":"LineString","coordinates":[[-67.34203,10.22674],[-67.34222,10.22653]]}},{"type":"Feature","id":"way/172497149","properties":{"highway":"primary_link"},"geometry":{"type":"LineString","coordinates":[[-67.34196,10.22592],[-67.34189,10.22638]]}},{"type":"Feature","id":"way/172510897","properties":{"name":"Avenida Francisco de Miranda","highway":"primary","ref":"L-1"},"geometry":{"type":"LineString","coordinates":[[-67.32166,10.22889],[-67.31407,10.23167]]}},{"type":"Feature","id":"way/172510898","properties":{"name":"Avenida Francisco de Miranda","highway":"primary","ref":"L-1"},"geometry":{"type":"LineString","coordinates":[[-67.31359,10.23178],[-67.32174,10.22895]]}},{"type":"Feature","id":"way/172510901","properties":{"name":"Avenida Soco","highway":"primary","ref":"L-4;R-11"},"geometry":{"type":"LineString","coordinates":[[-67.33334,10.22503],[-67.33273,10.21933]]}},{"type":"Feature","id":"way/172510903","properties":{"name":"Avenida Victoria","highway":"primary","ref":"L-1"},"geometry":{"type":"LineString","coordinates":[[-67.32558,10.22672],[-67.33346,10.22628]]}},{"type":"Feature","id":"way/172510904","properties":{"name":"Avenida Victoria","highway":"primary","ref":"L-1"},"geometry":{"type":"LineString","coordinates":[[-67.33345,10.22617],[-67.32557,10.22662]]}},{"type":"Feature","id":"way/172510913","properties":{"name":"Guzman Blanco","highway":"primary","ref":"L-4;R-11"},"geometry":{"type":"LineString","coordinates":[[-67.33345,10.22617],[-67.33346,10.22628]]}},{"type":"Feature","id":"way/172510946","properties":{"name":"Avenida Bol\u00edvar","highway":"primary","ref":"L-1"},"geometry":{"type":"LineString","coordinates":[[-67.26504,10.24036],[-67.26837,10.2387],[-67.2764,10.2382],[-67.27912,10.23654]]}},{"type":"Feature","id":"way/172510947","properties":{"name":"Avenida Intercomunal de La Mora","highway":"primary","ref":"L-1"},"geometry":{"type":"LineString","coordinates":[[-67.31366,10.23167],[-67.31353,10.23165]]}},{"type":"Feature","id":"way/172510948","properties":{"name":"Avenida Intercomunal de La Mora","highway":"primary","ref":"L-1"},"geometry":{"type":"LineString","coordinates":[[-67.31353,10.23165],[-67.30005,10.23337],[-67.29458,10.23561]]}},{"type":"Feature","id":"way/172510952","properties":{"name":"Avenida Intercomunal de La Mora","highway":"primary","ref":"L-1"},"geometry":{"type":"LineString","coordinates":[[-67.31346,10.23175],[-67.31359,10.23178]]}},{"type":"Feature","id":"way/172510954","properties":{"name":"Avenida Intercomunal de La Mora","highway":"primary","ref":"L-1"},"geometry":{"type":"LineString","coordinates":[[-67.27971,10.2362],[-67.28784,10.23827],[-67.3043,10.23267],[-67.31346,10.23175]]}},{"type":"Feature","id":"way/172510955","properties":{"name":"Carretera Vieja El Consejo - Tejer\u00edas","highway":"primary","ref":"L-1"},"geometry":{"type":"LineString","coordinates":[[-67.19464,10.25139],[-67.20556,10.25021],[-67.20943,10.24757],[-67.21581,10.24887],[-67.22535,10.2477],[-67.22816,10.24606],[-67.23594,10.24545],[-67.23816,10.24662],[-67.24038,10.24518],[-67.25369,10.24364],[-67.25654,10.24189],[-67.2584,10.24211]]}},{"type":"Feature","id":"way/172510972","properties":{"highway":"primary","ref":"L-1"},"geometry":{"type":"LineString","coordinates":[[-67.41574,10.21354],[-67.42037,10.21227]]}},{"type":"Feature","id":"way/172510974","properties":{"name":"Calle Colombia","highway":"primary","ref":"L-1"},"geometry":{"type":"LineString","coordinates":[[-67.43102,10.21212],[-67.42646,10.21095],[-67.42069,10.21134]]}},{"type":"Feature","id":"way/172510980","properties":{"name":"V\u00eda Principal de La Gavillana","highway":"tertiary"},"geometry":{"type":"LineString","coordinates":[[-67.34917,10.26435],[-67.35169,10.26692],[-67.35362,10.26743],[-67.35499,10.26953],[-67.35773,10.27074],[-67.36422,10.27013],[-67.36554,10.26833],[-67.36806,10.26772]]}},{"type":"Feature","id":"way/172510995","properties":{"name":"Carretera San Mateo - Zuata","highway":"tertiary","ref":"R-11"},"geometry":{"type":"LineString","coordinates":[[-67.39975,10.16385],[-67.40039,10.16498],[-67.40565,10.16567],[-67.40702,10.16786],[-67.41007,10.16979],[-67.40889,10.17657],[-67.40945,10.17771],[-67.42595,10.1786],[-67.43303,10.18138],[-67.43256,10.18292],[-67.42917,10.18483],[-67.4266,10.18785],[-67.42134,10.18929],[-67.41813,10.19267],[-67.41572,10.19336],[-67.41248,10.19189],[-67.40971,10.19439],[-67.40342,10.19373],[-67.40534,10.19899],[-67.4087,10.20069],[-67.4105,10.20029],[-67.41102,10.20296],[-67.41556,10.20424],[-67.41638,10.20631]]}},{"type":"Feature","id":"way/172511004","properties":{"name":"Carretera Vieja San Mateo- La Encrucijada","highway":"primary","ref":"L-1"},"geometry":{"type":"LineString","coordinates":[[-67.43102,10.21212],[-67.43272,10.21274],[-67.43731,10.21142],[-67.44303,10.21166]]}},{"type":"Feature","id":"way/172511021","properties":{"highway":"secondary","ref":"L-4"},"geometry":{"type":"LineString","coordinates":[[-67.32238,10.20986],[-67.32293,10.21587]]}},{"type":"Feature","id":"way/172511038","properties":{"name":"Avenida Bol\u00edvar","highway":"primary","ref":"L-1"},"geometry":{"type":"LineString","coordinates":[[-67.27912,10.23654],[-67.27971,10.2362]]}},{"type":"Feature","id":"way/172511400","properties":{"name":"Avenida Negra Matea","highway":"primary","ref":"L-1"},"geometry":{"type":"LineString","coordinates":[[-67.316,10.22922],[-67.31618,10.23115]]}},{"type":"Feature","id":"way/172511425","properties":{"highway":"primary_link"},"geometry":{"type":"LineString","coordinates":[[-67.31715,10.23059],[-67.31629,10.23016]]}},{"type":"Feature","id":"way/172511429","properties":{"name":"Avenida Negra Matea","highway":"primary","ref":"L-1"},"geometry":{"type":"LineString","coordinates":[[-67.31605,10.22905],[-67.31574,10.22595]]}},{"type":"Feature","id":"way/172511474","properties":{"name":"Retorno","highway":"primary_link"},"geometry":{"type":"LineString","coordinates":[[-67.31006,10.23183],[-67.30987,10.23227]]}},{"type":"Feature","id":"way/172511536","properties":{"highway":"primary_link"},"geometry":{"type":"LineString","coordinates":[[-67.29952,10.23351],[-67.29941,10.23422]]}},{"type":"Feature","id":"way/172511537","properties":{"name":"Avenida Negra Matea","highway":"primary","ref":"L-1"},"geometry":{"type":"LineString","coordinates":[[-67.31598,10.22906],[-67.316,10.22922]]}},{"type":"Feature","id":"way/172511540","properties":{"name":"Avenida Intercomunal de La Mora","highway":"primary","ref":"L-1"},"geometry":{"type":"LineString","coordinates":[[-67.2797,10.23583],[-67.27949,10.23609]]}},{"type":"Feature","id":"way/172511543","properties":{"name":"Avenida Negra Matea","highway":"primary","ref":"L-1"},"geometry":{"type":"LineString","coordinates":[[-67.31634,10.23109],[-67.31607,10.22922]]}},{"type":"Feature","id":"way/172511550","properties":{"highway":"primary_link"},"geometry":{"type":"LineString","coordinates":[[-67.30088,10.23377],[-67.30046,10.2333]]}},{"type":"Feature","id":"way/172511555","properties":{"name":"Retorno","highway":"primary_link"},"geometry":{"type":"LineString","coordinates":[[-67.31048,10.23211],[-67.31051,10.2317]]}},{"type":"Feature","id":"way/172562365","properties":{"name":"Avenida Soco","highway":"primary","ref":"L-4;R-11"},"geometry":{"type":"LineString","coordinates":[[-67.33345,10.22617],[-67.33335,10.22528]]}},{"type":"Feature","id":"way/172860877","properties":{"name":"Avenida Negra Matea","highway":"primary","ref":"L-1"},"geometry":{"type":"LineString","coordinates":[[-67.31574,10.22595],[-67.31598,10.22906]]}},{"type":"Feature","id":"way/174489452","properties":{"name":"Avenida Negra Matea","highway":"primary","ref":"L-1"},"geometry":{"type":"LineString","coordinates":[[-67.31607,10.22922],[-67.31605,10.22905]]}},{"type":"Feature","id":"way/178410306","properties":{"highway":"primary","ref":"L-4"},"geometry":{"type":"LineString","coordinates":[[-67.34222,10.22653],[-67.34247,10.22613]]}},{"type":"Feature","id":"way/178410309","properties":{"name":"Calle Colombia","highway":"primary","ref":"L-1"},"geometry":{"type":"LineString","coordinates":[[-67.42041,10.21138],[-67.4198,10.21145]]}},{"type":"Feature","id":"way/178410310","properties":{"name":"Calle Colombia","highway":"primary","ref":"L-1"},"geometry":{"type":"LineString","coordinates":[[-67.42069,10.21134],[-67.42041,10.21138]]}},{"type":"Feature","id":"way/178503387","properties":{"name":"Avenida Ayacucho","highway":"tertiary"},"geometry":{"type":"LineString","coordinates":[[-67.60937,10.25871],[-67.6115,10.24907]]}},{"type":"Feature","id":"way/180105344","properties":{"name":"Avenida Bol\u00edvar","highway":"primary","ref":"L-1"},"geometry":{"type":"LineString","coordinates":[[-67.27949,10.23609],[-67.27912,10.23654]]}},{"type":"Feature","id":"way/182750984","properties":{"name":"Retorno de Las Banderas","highway":"primary_link"},"geometry":{"type":"LineString","coordinates":[[-67.48507,10.21423],[-67.48485,10.2144]]}},{"type":"Feature","id":"way/183218991","properties":{"name":"Redoma del Obelisco","highway":"primary","ref":"L-1;R-8"},"geometry":{"type":"LineString","coordinates":[[-67.56574,10.2417],[-67.56639,10.2419],[-67.56574,10.2417]]}},{"type":"Feature","id":"way/183218997","properties":{"highway":"primary_link"},"geometry":{"type":"LineString","coordinates":[[-67.56681,10.24221],[-67.56702,10.24248]]}},{"type":"Feature","id":"way/183233564","properties":{"highway":"primary_link"},"geometry":{"type":"LineString","coordinates":[[-67.56677,10.23896],[-67.566,10.23886],[-67.56652,10.23824]]}},{"type":"Feature","id":"way/183233565","properties":{"highway":"primary_link"},"geometry":{"type":"LineString","coordinates":[[-67.56759,10.23863],[-67.56685,10.23914]]}},{"type":"Feature","id":"way/183383992","properties":{"name":"Avenida Fuerzas A\u00e9reas","highway":"tertiary"},"geometry":{"type":"LineString","coordinates":[[-67.58733,10.22961],[-67.58731,10.22974]]}},{"type":"Feature","id":"way/183384014","properties":{"name":"Avenida Fuerzas A\u00e9reas","highway":"tertiary"},"geometry":{"type":"LineString","coordinates":[[-67.58606,10.25602],[-67.58752,10.24421]]}},{"type":"Feature","id":"way/200691457","properties":{"highway":"primary_link"},"geometry":{"type":"LineString","coordinates":[[-67.5678,10.23853],[-67.56772,10.23657]]}},{"type":"Feature","id":"way/200691458","properties":{"name":"Avenida Maracay","highway":"tertiary","ref":"R-8"},"geometry":{"type":"LineString","coordinates":[[-67.56578,10.242],[-67.56523,10.24576]]}},{"type":"Feature","id":"way/200691459","properties":{"name":"Avenida Maracay","highway":"primary","ref":"R-8"},"geometry":{"type":"LineString","coordinates":[[-67.56633,10.2416],[-67.56703,10.23848]]}},{"type":"Feature","id":"way/200691460","properties":{"highway":"primary_link"},"geometry":{"type":"LineString","coordinates":[[-67.5644,10.23746],[-67.56635,10.24051]]}},{"type":"Feature","id":"way/200691461","properties":{"highway":"primary_link"},"geometry":{"type":"LineString","coordinates":[[-67.5681,10.23586],[-67.56636,10.2374],[-67.56449,10.23732]]}},{"type":"Feature","id":"way/200691484","properties":{"name":"Avenida Maracay","highway":"primary","ref":"R-8"},"geometry":{"type":"LineString","coordinates":[[-67.56703,10.23848],[-67.5671,10.23821]]}},{"type":"Feature","id":"way/200691485","properties":{"name":"Avenida Maracay","highway":"primary","ref":"R-8"},"geometry":{"type":"LineString","coordinates":[[-67.56701,10.23817],[-67.56694,10.23842]]}},{"type":"Feature","id":"way/200691486","properties":{"name":"Avenida Maracay","highway":"primary","ref":"R-8"},"geometry":{"type":"LineString","coordinates":[[-67.56694,10.23842],[-67.56595,10.24149]]}},{"type":"Feature","id":"way/200691643","properties":{"name":"Autopista Regional del Centro","highway":"motorway","ref":"T-1"},"geometry":{"type":"LineString","coordinates":[[-67.63528,10.2574],[-67.64321,10.25959]]}},{"type":"Feature","id":"way/200691645","properties":{"name":"Autopista Regional del Centro","highway":"motorway","ref":"T-1"},"geometry":{"type":"LineString","coordinates":[[-67.63119,10.25489],[-67.63084,10.25454]]}},{"type":"Feature","id":"way/200691646","properties":{"name":"Autopista Regional del Centro","highway":"motorway","ref":"T-1"},"geometry":{"type":"LineString","coordinates":[[-67.63068,10.25468],[-67.63105,10.25504]]}},{"type":"Feature","id":"way/200695120","properties":{"name":"Autopista Regional del Centro","highway":"motorway","ref":"T-1"},"geometry":{"type":"LineString","coordinates":[[-67.62575,10.24823],[-67.61843,10.23906]]}},{"type":"Feature","id":"way/200695121","properties":{"name":"Autopista Regional del Centro","highway":"motorway","ref":"T-1"},"geometry":{"type":"LineString","coordinates":[[-67.62611,10.24866],[-67.62575,10.24823]]}},{"type":"Feature","id":"way/200695122","properties":{"name":"Autopista Regional del Centro","highway":"motorway","ref":"T-1"},"geometry":{"type":"LineString","coordinates":[[-67.62558,10.24835],[-67.62594,10.24882]]}},{"type":"Feature","id":"way/200695123","properties":{"name":"Autopista Regional del Centro","highway":"motorway","ref":"T-1"},"geometry":{"type":"LineString","coordinates":[[-67.62594,10.24882],[-67.63068,10.25468]]}},{"type":"Feature","id":"way/200695126","properties":{"name":"Avenida Jos\u00e9 Casanova Godoy","highway":"tertiary","ref":"R-7"},"geometry":{"type":"LineString","coordinates":[[-67.59625,10.25835],[-67.592,10.25726]]}},{"type":"Feature","id":"way/203111613","properties":{"name":"Carretera Vieja San Mateo- La Encrucijada","highway":"primary","ref":"L-1;R-19"},"geometry":{"type":"LineString","coordinates":[[-67.4625,10.19548],[-67.46242,10.19649]]}},{"type":"Feature","id":"way/203111614","properties":{"name":"Avenida Intercomunal Cagua - Villa de Cura","highway":"trunk","ref":"T-2;L-1"},"geometry":{"type":"LineString","coordinates":[[-67.4625,10.19548],[-67.47218,10.20358]]}},{"type":"Feature","id":"way/203111616","properties":{"name":"Distribuidor La Encrucijada","highway":"motorway_link"},"geometry":{"type":"LineString","coordinates":[[-67.46892,10.20879],[-67.47291,10.21003],[-67.47319,10.20694]]}},{"type":"Feature","id":"way/203367667","properties":{"highway":"tertiary"},"geometry":{"type":"LineString","coordinates":[[-67.60868,10.26119],[-67.60924,10.25916]]}},{"type":"Feature","id":"way/206844520","properties":{"name":"Distribuidor La Encrucijada","highway":"trunk","ref":"T-2;L-1"},"geometry":{"type":"LineString","coordinates":[[-67.47313,10.2065],[-67.47352,10.20545]]}},{"type":"Feature","id":"way/206844521","properties":{"name":"Distribuidor La Encrucijada","highway":"trunk","ref":"T-1"},"geometry":{"type":"LineString","coordinates":[[-67.47258,10.20545],[-67.47314,10.20749]]}},{"type":"Feature","id":"way/241868845","properties":{"name":"Avenida Aragua","highway":"tertiary"},"geometry":{"type":"LineString","coordinates":[[-67.53061,10.2169],[-67.53889,10.21724],[-67.54153,10.2194],[-67.545,10.22023]]}},{"type":"Feature","id":"way/247973532","properties":{"name":"Retorno","highway":"trunk_link"},"geometry":{"type":"LineString","coordinates":[[-67.49453,10.04816],[-67.4942,10.04823]]}},{"type":"Feature","id":"way/247993924","properties":{"highway":"trunk_link"},"geometry":{"type":"LineString","coordinates":[[-67.49391,10.04751],[-67.494,10.04789]]}},{"type":"Feature","id":"way/249169371","properties":{"name":"Retorno","highway":"trunk_link","ref":"T-2"},"geometry":{"type":"LineString","coordinates":[[-67.47141,10.02638],[-67.47174,10.02623]]}},{"type":"Feature","id":"way/249169374","properties":{"name":"Carretera Villa de Cura - La Candelaria","highway":"secondary","ref":"L-2"},"geometry":{"type":"LineString","coordinates":[[-67.47392,10.04119],[-67.47371,10.04129]]}},{"type":"Feature","id":"way/249169375","properties":{"name":"Retorno","highway":"trunk_link","ref":"T-2;T-11;L-2"},"geometry":{"type":"LineString","coordinates":[[-67.47623,10.03184],[-67.47602,10.03202]]}},{"type":"Feature","id":"way/249169393","properties":{"name":"Retorno","highway":"trunk_link","ref":"T-2"},"geometry":{"type":"LineString","coordinates":[[-67.47119,10.02529],[-67.47087,10.02545]]}},{"type":"Feature","id":"way/249169396","properties":{"name":"Retorno","highway":"trunk_link","ref":"T-2;T-11"},"geometry":{"type":"LineString","coordinates":[[-67.47657,10.03351],[-67.47698,10.03347]]}},{"type":"Feature","id":"way/249169401","properties":{"name":"Avenida Lisandro Hern\u00e1ndez","highway":"trunk","ref":"T-2"},"geometry":{"type":"LineString","coordinates":[[-67.44632,10.00962],[-67.44964,10.01218],[-67.4553,10.01286],[-67.46074,10.01547],[-67.46893,10.02263],[-67.47398,10.02949]]}},{"type":"Feature","id":"way/249169403","properties":{"name":"Carretera Villa de Cura - La Candelaria","highway":"secondary","ref":"L-2"},"geometry":{"type":"LineString","coordinates":[[-67.47371,10.04129],[-67.47186,10.04209],[-67.47058,10.04511],[-67.4703,10.04942],[-67.46849,10.05383],[-67.46332,10.05915],[-67.46166,10.05962],[-67.45715,10.0585],[-67.45181,10.061],[-67.4494,10.06112],[-67.43714,10.06704],[-67.42438,10.07671],[-67.41653,10.07827],[-67.40855,10.07745],[-67.40654,10.07861],[-67.40423,10.07854],[-67.39938,10.07618],[-67.39566,10.07688],[-67.39223,10.07617]]}},{"type":"Feature","id":"way/249174405","properties":{"name":"Carretera Nacional San Juan - Villa de Cura","highway":"trunk","ref":"T-2"},"geometry":{"type":"LineString","coordinates":[[-67.40288,9.98222],[-67.4011,9.9768],[-67.39768,9.9742]]}},{"type":"Feature","id":"way/249174406","properties":{"name":"Carretera Nacional San Juan - Villa de Cura","highway":"trunk","ref":"T-2"},"geometry":{"type":"LineString","coordinates":[[-67.36262,9.94198],[-67.36113,9.94825],[-67.36201,9.95013],[-67.37214,9.9551],[-67.37562,9.95541],[-67.37742,9.96033],[-67.38049,9.96196],[-67.38424,9.9677],[-67.39477,9.97186],[-67.39737,9.97397]]}},{"type":"Feature","id":"way/249174412","properties":{"name":"Carretera Nacional San Juan - Villa de Cura","highway":"trunk","ref":"T-2"},"geometry":{"type":"LineString","coordinates":[[-67.40288,9.98222],[-67.40699,9.98515],[-67.41747,9.98491],[-67.4212,9.98742],[-67.42195,9.99044],[-67.43061,9.99642]]}},{"type":"Feature","id":"way/249174435","properties":{"name":"Carretera Nacional San Juan - Villa de Cura","highway":"trunk","ref":"T-2"},"geometry":{"type":"LineString","coordinates":[[-67.39745,9.97405],[-67.40081,9.97661],[-67.40288,9.98222]]}},{"type":"Feature","id":"way/249176157","properties":{"name":"Carretera Nacional San Juan - Villa de Cura","highway":"trunk","ref":"T-2"},"geometry":{"type":"LineString","coordinates":[[-67.36256,9.94134],[-67.36262,9.94198]]}},{"type":"Feature","id":"way/250434621","properties":{"name":"Carretera Regional San Juan - Sebasti\u00e1n","highway":"primary","ref":"T-11"},"geometry":{"type":"LineString","coordinates":[[-67.27341,9.92007],[-67.27294,9.91969]]}},{"type":"Feature","id":"way/250434657","properties":{"name":"Carretera Regional San Juan - Sebasti\u00e1n","highway":"primary","ref":"T-11"},"geometry":{"type":"LineString","coordinates":[[-67.27294,9.91969],[-67.27087,9.9191],[-67.25195,9.92283],[-67.24783,9.92277],[-67.24595,9.92487],[-67.22812,9.93656],[-67.20643,9.93644],[-67.19657,9.93838]]}},{"type":"Feature","id":"way/251140577","properties":{"name":"Autopista Regional del Centro","highway":"motorway","ref":"T-1"},"geometry":{"type":"LineString","coordinates":[[-67.47554,10.20824],[-67.47347,10.20833]]}},{"type":"Feature","id":"way/251140578","properties":{"name":"Autopista Regional del Centro","highway":"motorway","ref":"T-1"},"geometry":{"type":"LineString","coordinates":[[-67.4759,10.20822],[-67.47554,10.20824]]}},{"type":"Feature","id":"way/251140581","properties":{"name":"Autopista Regional del Centro","highway":"motorway","ref":"T-1"},"geometry":{"type":"LineString","coordinates":[[-67.48853,10.21067],[-67.4989,10.2117]]}},{"type":"Feature","id":"way/251140582","properties":{"name":"Autopista Regional del Centro","highway":"motorway","ref":"T-1"},"geometry":{"type":"LineString","coordinates":[[-67.47593,10.20842],[-67.47637,10.20839]]}},{"type":"Feature","id":"way/251140584","properties":{"name":"Autopista Regional del Centro","highway":"motorway","ref":"T-1"},"geometry":{"type":"LineString","coordinates":[[-67.48859,10.21047],[-67.48828,10.21039]]}},{"type":"Feature","id":"way/251140585","properties":{"name":"Autopista Regional del Centro","highway":"motorway","ref":"T-1"},"geometry":{"type":"LineString","coordinates":[[-67.47347,10.20833],[-67.47308,10.20835]]}},{"type":"Feature","id":"way/251140586","properties":{"name":"Autopista Regional del Centro","highway":"motorway","ref":"T-1"},"geometry":{"type":"LineString","coordinates":[[-67.48823,10.21059],[-67.48853,10.21067]]}},{"type":"Feature","id":"way/251140589","properties":{"name":"Autopista Regional del Centro","highway":"motorway","ref":"T-1"},"geometry":{"type":"LineString","coordinates":[[-67.47556,10.20845],[-67.47593,10.20842]]}},{"type":"Feature","id":"way/251140590","properties":{"name":"Distribuidor La Encrucijada","highway":"motorway_link"},"geometry":{"type":"LineString","coordinates":[[-67.47314,10.20749],[-67.47319,10.20971],[-67.47195,10.20936],[-67.47317,10.20857]]}},{"type":"Feature","id":"way/251140892","properties":{"highway":"primary_link"},"geometry":{"type":"LineString","coordinates":[[-67.48348,10.21312],[-67.48211,10.21221]]}},{"type":"Feature","id":"way/251320661","properties":{"name":"Retorno","highway":"primary_link"},"geometry":{"type":"LineString","coordinates":[[-67.52123,10.22894],[-67.52103,10.22844]]}},{"type":"Feature","id":"way/251320679","properties":{"name":"Retorno","highway":"primary_link"},"geometry":{"type":"LineString","coordinates":[[-67.51877,10.22817],[-67.51867,10.22865]]}},{"type":"Feature","id":"way/253781495","properties":{"name":"Avenida  Jos\u00e9 Casanova Godoy","highway":"tertiary","ref":"R-7"},"geometry":{"type":"LineString","coordinates":[[-67.61018,10.26318],[-67.60892,10.2629],[-67.60466,10.26498],[-67.59914,10.25931],[-67.59625,10.25835]]}},{"type":"Feature","id":"way/258696486","properties":{"highway":"primary_link"},"geometry":{"type":"LineString","coordinates":[[-67.5725,10.22574],[-67.57177,10.22716]]}},{"type":"Feature","id":"way/258696488","properties":{"highway":"primary_link"},"geometry":{"type":"LineString","coordinates":[[-67.5729,10.22724],[-67.57259,10.22688]]}},{"type":"Feature","id":"way/258696489","properties":{"highway":"primary_link"},"geometry":{"type":"LineString","coordinates":[[-67.57177,10.22716],[-67.57196,10.2284]]}},{"type":"Feature","id":"way/258696490","properties":{"highway":"primary_link"},"geometry":{"type":"LineString","coordinates":[[-67.57204,10.22858],[-67.57291,10.22737]]}},{"type":"Feature","id":"way/258696516","properties":{"highway":"motorway_link"},"geometry":{"type":"LineString","coordinates":[[-67.57195,10.22312],[-67.57274,10.22455]]}},{"type":"Feature","id":"way/261424137","properties":{"highway":"primary","ref":"L-7;R-5"},"geometry":{"type":"LineString","coordinates":[[-67.76385,10.48376],[-67.76385,10.48376]]}},{"type":"Feature","id":"way/261424480","properties":{"highway":"tertiary"},"geometry":{"type":"LineString","coordinates":[[-67.77352,10.46842],[-67.77034,10.46637]]}},{"type":"Feature","id":"way/261428176","properties":{"highway":"primary_link","ref":"L-6"},"geometry":{"type":"LineString","coordinates":[[-67.57321,10.2784],[-67.57307,10.27809]]}},{"type":"Feature","id":"way/261428177","properties":{"highway":"primary_link"},"geometry":{"type":"LineString","coordinates":[[-67.5727,10.2785],[-67.57321,10.2784]]}},{"type":"Feature","id":"way/261538823","properties":{"highway":"primary_link"},"geometry":{"type":"LineString","coordinates":[[-67.58849,10.26444],[-67.58825,10.26449]]}},{"type":"Feature","id":"way/261539387","properties":{"name":"Avenida Jos\u00e9 Casanova Godoy","highway":"tertiary","ref":"R-7"},"geometry":{"type":"LineString","coordinates":[[-67.59196,10.25737],[-67.59881,10.25927],[-67.60468,10.26513],[-67.6079,10.26371]]}},{"type":"Feature","id":"way/261539389","properties":{"highway":"primary_link"},"geometry":{"type":"LineString","coordinates":[[-67.59215,10.25743],[-67.59217,10.25656]]}},{"type":"Feature","id":"way/261539393","properties":{"name":"Avenida Casanova Godoy","highway":"tertiary","ref":"R-7"},"geometry":{"type":"LineString","coordinates":[[-67.592,10.25726],[-67.57938,10.25451],[-67.5748,10.25186],[-67.56146,10.24774],[-67.556,10.24456]]}},{"type":"Feature","id":"way/261542660","properties":{"highway":"primary_link"},"geometry":{"type":"LineString","coordinates":[[-67.58523,10.26984],[-67.58525,10.27023]]}},{"type":"Feature","id":"way/261595414","properties":{"highway":"primary_link"},"geometry":{"type":"LineString","coordinates":[[-67.5886,10.26379],[-67.58849,10.26444]]}},{"type":"Feature","id":"way/261595415","properties":{"name":"Avenida Andr\u00e9s Bello","highway":"primary_link"},"geometry":{"type":"LineString","coordinates":[[-67.58793,10.26555],[-67.58785,10.26527]]}},{"type":"Feature","id":"way/261595486","properties":{"highway":"primary_link"},"geometry":{"type":"LineString","coordinates":[[-67.5869,10.26704],[-67.58675,10.26763]]}},{"type":"Feature","id":"way/261599440","properties":{"highway":"tertiary"},"geometry":{"type":"LineString","coordinates":[[-67.60924,10.25916],[-67.60937,10.25871]]}},{"type":"Feature","id":"way/261599444","properties":{"name":"Avenida Ayacucho","highway":"tertiary"},"geometry":{"type":"LineString","coordinates":[[-67.60937,10.25871],[-67.60891,10.25908]]}},{"type":"Feature","id":"way/261761547","properties":{"name":"Retorno","highway":"primary_link"},"geometry":{"type":"LineString","coordinates":[[-67.62921,10.294],[-67.6301,10.29349]]}},{"type":"Feature","id":"way/261775925","properties":{"highway":"primary_link"},"geometry":{"type":"LineString","coordinates":[[-67.62755,10.29102],[-67.62748,10.29212]]}},{"type":"Feature","id":"way/261775929","properties":{"highway":"primary_link"},"geometry":{"type":"LineString","coordinates":[[-67.62748,10.29212],[-67.62842,10.29266]]}},{"type":"Feature","id":"way/262115697","properties":{"name":"Avenida Ram\u00f3n Narv\u00e1ez","highway":"primary_link"},"geometry":{"type":"LineString","coordinates":[[-67.61442,10.26952],[-67.6144,10.2688]]}},{"type":"Feature","id":"way/262414229","properties":{"name":"Avenida Bol\u00edvar","highway":"primary","ref":"L-1"},"geometry":{"type":"LineString","coordinates":[[-67.56585,10.24154],[-67.56317,10.24084],[-67.55674,10.2343]]}},{"type":"Feature","id":"way/262414231","properties":{"name":"Avenida Bol\u00edvar","highway":"primary","ref":"L-1"},"geometry":{"type":"LineString","coordinates":[[-67.55726,10.23502],[-67.56278,10.24074],[-67.56577,10.24198]]}},{"type":"Feature","id":"way/262414780","properties":{"name":"Retorno","highway":"primary_link"},"geometry":{"type":"LineString","coordinates":[[-67.5563,10.23423],[-67.55633,10.23469]]}},{"type":"Feature","id":"way/262415173","properties":{"highway":"tertiary","ref":"R-7"},"geometry":{"type":"LineString","coordinates":[[-67.54292,10.23103],[-67.54262,10.2364],[-67.54422,10.24002]]}},{"type":"Feature","id":"way/262416002","properties":{"highway":"tertiary","ref":"R-7"},"geometry":{"type":"LineString","coordinates":[[-67.54432,10.23997],[-67.54272,10.23647],[-67.54316,10.23108]]}},{"type":"Feature","id":"way/262539154","properties":{"highway":"primary_link"},"geometry":{"type":"LineString","coordinates":[[-67.54292,10.2307],[-67.54184,10.23028]]}},{"type":"Feature","id":"way/262539223","properties":{"name":"Avenida Dr. Fransisco Montoya","highway":"secondary"},"geometry":{"type":"LineString","coordinates":[[-67.54393,10.22469],[-67.54258,10.23038]]}},{"type":"Feature","id":"way/262539812","properties":{"name":"Avenida Dr. Fransisco Montoya","highway":"secondary"},"geometry":{"type":"LineString","coordinates":[[-67.54338,10.22748],[-67.54499,10.22029]]}},{"type":"Feature","id":"way/262539917","properties":{"name":"Avenida Dr. Fransisco Montoya","highway":"secondary"},"geometry":{"type":"LineString","coordinates":[[-67.5458,10.21627],[-67.54575,10.2169]]}},{"type":"Feature","id":"way/262539918","properties":{"name":"Avenida Dr. Fransisco Montoya","highway":"secondary"},"geometry":{"type":"LineString","coordinates":[[-67.54575,10.2169],[-67.54503,10.22011]]}},{"type":"Feature","id":"way/262540125","properties":{"highway":"primary_link"},"geometry":{"type":"LineString","coordinates":[[-67.54316,10.23108],[-67.54292,10.2307]]}},{"type":"Feature","id":"way/262540126","properties":{"name":"Avenida Intercomunal Maracay - Turmero","highway":"primary","ref":"L-1"},"geometry":{"type":"LineString","coordinates":[[-67.50129,10.22116],[-67.50314,10.22322],[-67.50864,10.22628],[-67.52056,10.22895],[-67.52533,10.2273],[-67.52909,10.22732],[-67.55544,10.23438]]}},{"type":"Feature","id":"way/262540357","properties":{"name":"Retorno","highway":"primary_link"},"geometry":{"type":"LineString","coordinates":[[-67.54406,10.23128],[-67.54411,10.23081]]}},{"type":"Feature","id":"way/262540358","properties":{"name":"Retorno","highway":"primary_link"},"geometry":{"type":"LineString","coordinates":[[-67.5448,10.23106],[-67.54449,10.2314]]}},{"type":"Feature","id":"way/262549609","properties":{"name":"Avenida Las Delicias","highway":"primary","ref":"L-6"},"geometry":{"type":"LineString","coordinates":[[-67.59215,10.25743],[-67.59122,10.25216],[-67.5917,10.24963]]}},{"type":"Feature","id":"way/262552140","properties":{"highway":"primary_link"},"geometry":{"type":"LineString","coordinates":[[-67.59075,10.25968],[-67.59053,10.26051]]}},{"type":"Feature","id":"way/262552141","properties":{"highway":"primary_link"},"geometry":{"type":"LineString","coordinates":[[-67.59051,10.26026],[-67.59063,10.26032]]}},{"type":"Feature","id":"way/262552142","properties":{"highway":"primary_link"},"geometry":{"type":"LineString","coordinates":[[-67.59053,10.26051],[-67.59033,10.2605]]}},{"type":"Feature","id":"way/262552143","properties":{"highway":"primary_link"},"geometry":{"type":"LineString","coordinates":[[-67.59031,10.26091],[-67.59033,10.2605]]}},{"type":"Feature","id":"way/265595630","properties":{"name":"Autopista Regional del Centro","highway":"motorway","ref":"T-1"},"geometry":{"type":"LineString","coordinates":[[-67.15173,10.25154],[-67.15213,10.25137]]}},{"type":"Feature","id":"way/265595634","properties":{"name":"Carretera Panamericana","highway":"primary","ref":"L-1"},"geometry":{"type":"LineString","coordinates":[[-67.15237,10.25269],[-67.1521,10.25272]]}},{"type":"Feature","id":"way/265595637","properties":{"name":"Distribuidor Tejer\u00edas","highway":"motorway_link"},"geometry":{"type":"LineString","coordinates":[[-67.1522,10.25194],[-67.15113,10.25027],[-67.14988,10.2513]]}},{"type":"Feature","id":"way/265595639","properties":{"name":"Distribuidor Tejer\u00edas","highway":"motorway_link"},"geometry":{"type":"LineString","coordinates":[[-67.15158,10.25143],[-67.15043,10.25141],[-67.15111,10.25032],[-67.15213,10.25195]]}},{"type":"Feature","id":"way/265595641","properties":{"name":"Autopista Regional del Centro","highway":"motorway","ref":"T-1"},"geometry":{"type":"LineString","coordinates":[[-67.15205,10.25121],[-67.15166,10.25139]]}},{"type":"Feature","id":"way/265595644","properties":{"name":"Distribuidor Tejer\u00edas","highway":"motorway_link"},"geometry":{"type":"LineString","coordinates":[[-67.14988,10.2513],[-67.14965,10.25175]]}},{"type":"Feature","id":"way/265595645","properties":{"name":"Distribuidor Tejer\u00edas","highway":"motorway_link"},"geometry":{"type":"LineString","coordinates":[[-67.14965,10.25175],[-67.14764,10.25238]]}},{"type":"Feature","id":"way/265595647","properties":{"name":"Distribuidor Tejer\u00edas","highway":"motorway_link"},"geometry":{"type":"LineString","coordinates":[[-67.1522,10.25194],[-67.15292,10.25104]]}},{"type":"Feature","id":"way/265595648","properties":{"name":"Distribuidor Tejer\u00edas","highway":"motorway_link"},"geometry":{"type":"LineString","coordinates":[[-67.1503,10.25215],[-67.15213,10.25195]]}},{"type":"Feature","id":"way/265596701","properties":{"name":"Distribuidor Tejer\u00edas","highway":"primary"},"geometry":{"type":"LineString","coordinates":[[-67.15274,10.25314],[-67.15321,10.25317]]}},{"type":"Feature","id":"way/265596702","properties":{"name":"Avenida Principal de Tejer\u00edas","highway":"primary","ref":"L-1"},"geometry":{"type":"LineString","coordinates":[[-67.19464,10.25139],[-67.19129,10.25169],[-67.185,10.25444],[-67.17469,10.25423]]}},{"type":"Feature","id":"way/265596703","properties":{"name":"Avenida Principal de Tejer\u00edas","highway":"primary","ref":"L-1"},"geometry":{"type":"LineString","coordinates":[[-67.15321,10.25317],[-67.15279,10.25279]]}},{"type":"Feature","id":"way/272344647","properties":{"name":"Redoma de La Encrucijada","highway":"trunk","ref":"T-2;L-1"},"geometry":{"type":"LineString","coordinates":[[-67.47369,10.2054],[-67.47345,10.20457]]}},{"type":"Feature","id":"way/272345411","properties":{"name":"Carretera Vieja San Mateo- La Encrucijada","highway":"primary","ref":"L-1;R-19"},"geometry":{"type":"LineString","coordinates":[[-67.46286,10.19611],[-67.46242,10.19649]]}},{"type":"Feature","id":"way/272345412","properties":{"name":"Carretera Vieja San Mateo- La Encrucijada","highway":"primary","ref":"L-1;R-19"},"geometry":{"type":"LineString","coordinates":[[-67.46242,10.19649],[-67.46222,10.20342]]}},{"type":"Feature","id":"way/272345413","properties":{"name":"Distribuidor La Encrucijada","highway":"motorway_link"},"geometry":{"type":"LineString","coordinates":[[-67.47552,10.20818],[-67.47364,10.208],[-67.47319,10.20694]]}},{"type":"Feature","id":"way/272607955","properties":{"name":"Carretera Regional La Victoria - Colonia Tovar","highway":"primary","ref":"L-4"},"geometry":{"type":"LineString","coordinates":[[-67.29033,10.40877],[-67.29111,10.4099],[-67.28947,10.4106],[-67.29046,10.41163],[-67.28986,10.41271],[-67.2905,10.41555],[-67.29452,10.41401],[-67.29832,10.41455],[-67.29907,10.41221],[-67.30113,10.41128],[-67.30229,10.40717],[-67.30033,10.40528]]}},{"type":"Feature","id":"way/272607956","properties":{"highway":"primary","ref":"L-4"},"geometry":{"type":"LineString","coordinates":[[-67.29033,10.40877],[-67.2887,10.40754]]}},{"type":"Feature","id":"way/274475375","properties":{"name":"Rampa de La Encrucijada","highway":"motorway_link"},"geometry":{"type":"LineString","coordinates":[[-67.47745,10.20719],[-67.47886,10.20748],[-67.47763,10.20813]]}},{"type":"Feature","id":"way/274475378","properties":{"name":"Avenida Las Delicias","highway":"primary","ref":"L-6"},"geometry":{"type":"LineString","coordinates":[[-67.59157,10.2496],[-67.59108,10.25256],[-67.592,10.25726]]}},{"type":"Feature","id":"way/274475384","properties":{"name":"Rampa de La Encrucijada","highway":"motorway_link"},"geometry":{"type":"LineString","coordinates":[[-67.48141,10.20875],[-67.47679,10.20714]]}},{"type":"Feature","id":"way/276368749","properties":{"name":"Via Las Mercedes","highway":"tertiary"},"geometry":{"type":"LineString","coordinates":[[-67.39223,10.07617],[-67.3914,10.08367],[-67.38596,10.09047],[-67.38569,10.09213],[-67.38452,10.09256],[-67.38162,10.09899]]}},{"type":"Feature","id":"way/277199433","properties":{"highway":"primary","ref":"L-1"},"geometry":{"type":"LineString","coordinates":[[-67.31574,10.22595],[-67.31572,10.22568]]}},{"type":"Feature","id":"way/277199435","properties":{"name":"Avenida Francisco de Miranda","highway":"primary","ref":"L-1"},"geometry":{"type":"LineString","coordinates":[[-67.31407,10.23167],[-67.31366,10.23167]]}},{"type":"Feature","id":"way/281468987","properties":{"highway":"tertiary"},"geometry":{"type":"LineString","coordinates":[[-67.76866,10.48378],[-67.77313,10.47039]]}},{"type":"Feature","id":"way/284599685","properties":{"name":"Carretera Macaro - Turmero","highway":"tertiary"},"geometry":{"type":"LineString","coordinates":[[-67.48037,10.22969],[-67.48485,10.23038],[-67.49171,10.2286],[-67.49973,10.22819]]}},{"type":"Feature","id":"way/285843623","properties":{"highway":"trunk_link"},"geometry":{"type":"LineString","coordinates":[[-67.44988,10.17908],[-67.45004,10.17876]]}},{"type":"Feature","id":"way/291377145","properties":{"name":"Distribuidor Tapa Tapa","highway":"motorway_link"},"geometry":{"type":"LineString","coordinates":[[-67.62515,10.25034],[-67.62584,10.24916],[-67.62722,10.25037]]}},{"type":"Feature","id":"way/291377147","properties":{"name":"Distribuidor Tapa Tapa","highway":"primary","ref":"L-1"},"geometry":{"type":"LineString","coordinates":[[-67.6249,10.25005],[-67.62685,10.25305]]}},{"type":"Feature","id":"way/291377148","properties":{"name":"Distribuidor Tapa Tapa","highway":"motorway_link"},"geometry":{"type":"LineString","coordinates":[[-67.62515,10.25034],[-67.62494,10.24934],[-67.62674,10.24711],[-67.62343,10.24532]]}},{"type":"Feature","id":"way/291377149","properties":{"highway":"primary_link","ref":"T-1"},"geometry":{"type":"LineString","coordinates":[[-67.62913,10.25571],[-67.62916,10.2556]]}},{"type":"Feature","id":"way/291377150","properties":{"highway":"primary","ref":"L-1"},"geometry":{"type":"LineString","coordinates":[[-67.62735,10.25377],[-67.62829,10.25517]]}},{"type":"Feature","id":"way/291377152","properties":{"highway":"primary","ref":"T-1"},"geometry":{"type":"LineString","coordinates":[[-67.63006,10.25514],[-67.62899,10.25496]]}},{"type":"Feature","id":"way/291377153","properties":{"highway":"primary_link","ref":"L-1"},"geometry":{"type":"LineString","coordinates":[[-67.62845,10.2547],[-67.62823,10.25507]]}},{"type":"Feature","id":"way/301961514","properties":{"name":"Distribuidor Tejer\u00edas","highway":"primary"},"geometry":{"type":"LineString","coordinates":[[-67.15223,10.25263],[-67.15274,10.25314]]}},{"type":"Feature","id":"way/301964493","properties":{"name":"Autopista Regional del Centro","highway":"motorway","ref":"T-1"},"geometry":{"type":"LineString","coordinates":[[-67.15166,10.25139],[-67.15023,10.25207]]}},{"type":"Feature","id":"way/301964500","properties":{"name":"Autopista Regional del Centro","highway":"motorway","ref":"T-1"},"geometry":{"type":"LineString","coordinates":[[-67.0957,10.23896],[-67.10503,10.2399],[-67.1096,10.24135],[-67.12956,10.23888],[-67.13125,10.24015],[-67.13522,10.24892],[-67.1431,10.25209],[-67.14657,10.25212]]}},{"type":"Feature","id":"way/310250242","properties":{"name":"Avenida Los Aviadores","highway":"primary","ref":"R-8"},"geometry":{"type":"LineString","coordinates":[[-67.58237,10.1958],[-67.58218,10.19633]]}},{"type":"Feature","id":"way/310250243","properties":{"name":"Avenida Los Aviadores","highway":"primary","ref":"R-8"},"geometry":{"type":"LineString","coordinates":[[-67.58226,10.19637],[-67.58243,10.19586]]}},{"type":"Feature","id":"way/310250244","properties":{"name":"Avenida Los Aviadores","highway":"primary","ref":"R-8"},"geometry":{"type":"LineString","coordinates":[[-67.58243,10.19586],[-67.58324,10.19166],[-67.57931,10.16721],[-67.57742,10.16501],[-67.5743,10.16499]]}},{"type":"Feature","id":"way/310250245","properties":{"name":"Avenida Los Aviadores","highway":"primary","ref":"R-8"},"geometry":{"type":"LineString","coordinates":[[-67.58218,10.19633],[-67.57868,10.2063]]}},{"type":"Feature","id":"way/312872791","properties":{"name":"Distribuidor Tapa Tapa","highway":"motorway_link"},"geometry":{"type":"LineString","coordinates":[[-67.62357,10.24582],[-67.6249,10.25005]]}},{"type":"Feature","id":"way/331582500","properties":{"name":"Avenida Principal de Tejer\u00edas","highway":"primary","ref":"L-1"},"geometry":{"type":"LineString","coordinates":[[-67.17469,10.25423],[-67.17449,10.25428]]}},{"type":"Feature","id":"way/331582501","properties":{"name":"Avenida Principal de Tejer\u00edas","highway":"primary","ref":"L-1"},"geometry":{"type":"LineString","coordinates":[[-67.17449,10.25428],[-67.16767,10.25503],[-67.15998,10.25387],[-67.15521,10.25447],[-67.15321,10.25317]]}},{"type":"Feature","id":"way/336754602","properties":{"name":"Avenida Ram\u00f3n Narv\u00e1ez","highway":"primary","ref":"L-7"},"geometry":{"type":"LineString","coordinates":[[-67.61507,10.26509],[-67.6173,10.25527]]}},{"type":"Feature","id":"way/341205031","properties":{"name":"Autopista Regional del Centro","highway":"motorway","ref":"T-1"},"geometry":{"type":"LineString","coordinates":[[-67.14964,10.25242],[-67.1503,10.25215]]}},{"type":"Feature","id":"way/341205033","properties":{"name":"Autopista Regional del Centro","highway":"motorway","ref":"T-1"},"geometry":{"type":"LineString","coordinates":[[-67.14958,10.25233],[-67.14312,10.25199],[-67.13554,10.24903],[-67.13122,10.2399],[-67.12959,10.23878],[-67.10973,10.24124],[-67.10456,10.23971]]}},{"type":"Feature","id":"way/341205040","properties":{"name":"Autopista Regional del Centro","highway":"motorway","ref":"T-1"},"geometry":{"type":"LineString","coordinates":[[-67.15023,10.25207],[-67.14958,10.25233]]}},{"type":"Feature","id":"way/341205047","properties":{"name":"Autopista Regional del Centro","highway":"motorway","ref":"T-1"},"geometry":{"type":"LineString","coordinates":[[-67.1503,10.25215],[-67.15173,10.25154]]}},{"type":"Feature","id":"way/352607421","properties":{"name":"Autopista Regional del Centro","highway":"motorway","ref":"T-1"},"geometry":{"type":"LineString","coordinates":[[-67.37307,10.2087],[-67.35496,10.20937],[-67.3485,10.21396],[-67.34144,10.21576]]}},{"type":"Feature","id":"way/352607422","properties":{"name":"Autopista Regional del Centro","highway":"motorway","ref":"T-1"},"geometry":{"type":"LineString","coordinates":[[-67.37307,10.20885],[-67.37345,10.20883]]}},{"type":"Feature","id":"way/352607423","properties":{"name":"Autopista Regional del Centro","highway":"motorway","ref":"T-1"},"geometry":{"type":"LineString","coordinates":[[-67.37345,10.20869],[-67.37307,10.2087]]}},{"type":"Feature","id":"way/359451472","properties":{"name":"Autopista Regional del Centro","highway":"motorway","ref":"T-1"},"geometry":{"type":"LineString","coordinates":[[-67.14657,10.25212],[-67.14964,10.25242]]}},{"type":"Feature","id":"way/359451474","properties":{"name":"Autopista Regional del Centro","highway":"motorway","ref":"T-1"},"geometry":{"type":"LineString","coordinates":[[-67.245,10.23561],[-67.237,10.23859],[-67.2262,10.24055],[-67.22091,10.24263],[-67.20936,10.24267],[-67.18227,10.24997],[-67.17783,10.24931],[-67.17347,10.24739],[-67.17001,10.24793],[-67.16681,10.2506],[-67.16238,10.25101],[-67.15601,10.2501]]}},{"type":"Feature","id":"way/359451475","properties":{"name":"Autopista Regional del Centro","highway":"motorway","ref":"T-1"},"geometry":{"type":"LineString","coordinates":[[-67.27391,10.22698],[-67.28002,10.2261],[-67.29358,10.22119],[-67.29957,10.22078],[-67.3073,10.22288],[-67.31519,10.22276]]}},{"type":"Feature","id":"way/359677910","properties":{"name":"Autopista Regional del Centro","highway":"motorway","ref":"T-1"},"geometry":{"type":"LineString","coordinates":[[-67.48141,10.20875],[-67.47752,10.20814]]}},{"type":"Feature","id":"way/359905888","properties":{"name":"Autopista Regional del Centro","highway":"motorway","ref":"T-1"},"geometry":{"type":"LineString","coordinates":[[-67.581,10.22536],[-67.578,10.22453]]}},{"type":"Feature","id":"way/359905890","properties":{"name":"Autopista Regional del Centro","highway":"motorway","ref":"T-1"},"geometry":{"type":"LineString","coordinates":[[-67.56231,10.22035],[-67.56915,10.22222]]}},{"type":"Feature","id":"way/360088455","properties":{"name":"Autopista Regional del Centro","highway":"motorway","ref":"T-1"},"geometry":{"type":"LineString","coordinates":[[-67.63084,10.25454],[-67.62611,10.24866]]}},{"type":"Feature","id":"way/360344811","properties":{"name":"Autopista Regional del Centro","highway":"motorway","ref":"T-1"},"geometry":{"type":"LineString","coordinates":[[-67.4989,10.2117],[-67.49931,10.21173]]}},{"type":"Feature","id":"way/360344812","properties":{"name":"Autopista Regional del Centro","highway":"motorway","ref":"T-1"},"geometry":{"type":"LineString","coordinates":[[-67.52695,10.21627],[-67.55227,10.21755]]}},{"type":"Feature","id":"way/360344813","properties":{"name":"Autopista Regional del Centro","highway":"motorway","ref":"T-1"},"geometry":{"type":"LineString","coordinates":[[-67.4989,10.21148],[-67.48859,10.21047]]}},{"type":"Feature","id":"way/360344814","properties":{"name":"Carretera Santa Cruz - La Julia","highway":"secondary","ref":"R-16"},"geometry":{"type":"LineString","coordinates":[[-67.48838,10.21067],[-67.48613,10.21463]]}},{"type":"Feature","id":"way/360344815","properties":{"name":"Autopista Regional del Centro","highway":"motorway","ref":"T-1"},"geometry":{"type":"LineString","coordinates":[[-67.49931,10.21151],[-67.4989,10.21148]]}},{"type":"Feature","id":"way/361045299","properties":{"highway":"tertiary","ref":"R-2"},"geometry":{"type":"LineString","coordinates":[[-66.88746,9.81258],[-66.88894,9.80811]]}},{"type":"Feature","id":"way/361045301","properties":{"highway":"tertiary","ref":"R-2"},"geometry":{"type":"LineString","coordinates":[[-66.88894,9.80811],[-66.88537,9.80681]]}},{"type":"Feature","id":"way/361045302","properties":{"name":"V\u00eda a Carmen de Cura","highway":"secondary","ref":"R-15"},"geometry":{"type":"LineString","coordinates":[[-66.84054,9.79554],[-66.84248,9.7967],[-66.84894,9.7956],[-66.86928,9.79807],[-66.87935,9.79298]]}},{"type":"Feature","id":"way/363827532","properties":{"name":"Autopista Regional del Centro","highway":"motorway","ref":"T-1"},"geometry":{"type":"LineString","coordinates":[[-67.10456,10.23971],[-67.09805,10.23929]]}},{"type":"Feature","id":"way/363993207","properties":{"name":"Avenida Fuerzas Aereas","highway":"tertiary"},"geometry":{"type":"LineString","coordinates":[[-67.58745,10.22969],[-67.5875,10.22916]]}},{"type":"Feature","id":"way/363993208","properties":{"name":"Avenida Fuerzas Aereas","highway":"tertiary"},"geometry":{"type":"LineString","coordinates":[[-67.58811,10.22483],[-67.58847,10.2217],[-67.58741,10.21832],[-67.58868,10.21446]]}},{"type":"Feature","id":"way/363993209","properties":{"name":"Avenida Fuerzas Aereas","highway":"tertiary"},"geometry":{"type":"LineString","coordinates":[[-67.58793,10.22543],[-67.58741,10.22914]]}},{"type":"Feature","id":"way/363995721","properties":{"name":"Autopista Regional del Centro","highway":"motorway","ref":"T-1"},"geometry":{"type":"LineString","coordinates":[[-67.64546,10.26066],[-67.6572,10.26803],[-67.66217,10.26987]]}},{"type":"Feature","id":"way/364269392","properties":{"name":"Carril 5 / Cobretag Veh\u00edculos Pesados / Peaje La Cabrera","highway":"motorway","ref":"T-1"},"geometry":{"type":"LineString","coordinates":[[-67.64321,10.25959],[-67.64546,10.26066]]}},{"type":"Feature","id":"way/364269396","properties":{"name":"Carril 3/ Cobretag Veh\u00edculos Livianos /Peaje La Cabrera","highway":"motorway","ref":"T-1"},"geometry":{"type":"LineString","coordinates":[[-67.64321,10.25959],[-67.64546,10.26066]]}},{"type":"Feature","id":"way/364269405","properties":{"name":"Carril 2/ Cobro Manual Veh\u00edculos Livianos /Peaje La Cabrera","highway":"motorway","ref":"T-1"},"geometry":{"type":"LineString","coordinates":[[-67.64321,10.25959],[-67.64546,10.26066]]}},{"type":"Feature","id":"way/367497025","properties":{"name":"Avenida Maracay","highway":"tertiary","ref":"R-8"},"geometry":{"type":"LineString","coordinates":[[-67.5651,10.24718],[-67.56609,10.24214]]}},{"type":"Feature","id":"way/370994237","properties":{"name":"Avenida Aragua","highway":"tertiary"},"geometry":{"type":"LineString","coordinates":[[-67.5729,10.22724],[-67.56981,10.22667]]}},{"type":"Feature","id":"way/370994238","properties":{"name":"Avenida Aragua","highway":"tertiary"},"geometry":{"type":"LineString","coordinates":[[-67.54503,10.22011],[-67.54178,10.2194],[-67.53889,10.21709],[-67.53061,10.21676]]}},{"type":"Feature","id":"way/370994239","properties":{"name":"Av. Casanova Godoy","highway":"tertiary"},"geometry":{"type":"LineString","coordinates":[[-67.54419,10.24036],[-67.54495,10.2407]]}},{"type":"Feature","id":"way/370994240","properties":{"name":"Avenida Casanova Godoy","highway":"tertiary","ref":"R-7"},"geometry":{"type":"LineString","coordinates":[[-67.5559,10.24464],[-67.56158,10.24794],[-67.57449,10.25189],[-67.57931,10.25464],[-67.59196,10.25737]]}},{"type":"Feature","id":"way/370994241","properties":{"name":"Avenida Jos\u00e9 Casanova Godoy","highway":"tertiary"},"geometry":{"type":"LineString","coordinates":[[-67.54495,10.2407],[-67.54833,10.23966]]}},{"type":"Feature","id":"way/370994242","properties":{"name":"Avenida Aragua","highway":"tertiary"},"geometry":{"type":"LineString","coordinates":[[-67.545,10.22023],[-67.55991,10.22359],[-67.56625,10.22613]]}},{"type":"Feature","id":"way/370994243","properties":{"name":"Avenida Aragua","highway":"tertiary"},"geometry":{"type":"LineString","coordinates":[[-67.57177,10.22716],[-67.57599,10.2273],[-67.57873,10.22551],[-67.58346,10.22668],[-67.58731,10.22974]]}},{"type":"Feature","id":"way/370994250","properties":{"name":"Avenida Principal de Ocumare","highway":"primary","ref":"L-7"},"geometry":{"type":"LineString","coordinates":[[-67.76393,10.48332],[-67.76497,10.48112],[-67.76343,10.47704],[-67.7648,10.47122],[-67.76847,10.46741]]}},{"type":"Feature","id":"way/370994265","properties":{"highway":"primary_link"},"geometry":{"type":"LineString","coordinates":[[-67.5727,10.2785],[-67.57282,10.27881]]}},{"type":"Feature","id":"way/370994266","properties":{"name":"Av. Casanova Godoy","highway":"tertiary"},"geometry":{"type":"LineString","coordinates":[[-67.54429,10.24032],[-67.54099,10.23589],[-67.53002,10.23485]]}},{"type":"Feature","id":"way/370994269","properties":{"highway":"tertiary"},"geometry":{"type":"LineString","coordinates":[[-67.54487,10.24057],[-67.54429,10.24032]]}},{"type":"Feature","id":"way/370994272","properties":{"highway":"tertiary"},"geometry":{"type":"LineString","coordinates":[[-67.54725,10.23999],[-67.54487,10.24057]]}},{"type":"Feature","id":"way/370994274","properties":{"highway":"primary_link"},"geometry":{"type":"LineString","coordinates":[[-67.56643,10.24071],[-67.5681,10.23922],[-67.56962,10.23935]]}},{"type":"Feature","id":"way/371003499","properties":{"name":"Avenida Fuerzas Aereas","highway":"tertiary"},"geometry":{"type":"LineString","coordinates":[[-67.58859,10.21443],[-67.58728,10.21847],[-67.58839,10.22191],[-67.58801,10.22482]]}},{"type":"Feature","id":"way/371004998","properties":{"name":"Avenida Principal de Palo Negro","highway":"secondary","ref":"L-3"},"geometry":{"type":"LineString","coordinates":[[-67.5743,10.16499],[-67.55221,10.16813]]}},{"type":"Feature","id":"way/371004999","properties":{"name":"Avenida Los Aviadores","highway":"primary","ref":"R-8"},"geometry":{"type":"LineString","coordinates":[[-67.57433,10.16508],[-67.57739,10.16509],[-67.57921,10.16723],[-67.58306,10.19159],[-67.58237,10.1958]]}},{"type":"Feature","id":"way/374439661","properties":{"name":"Carretera Nacional Villa de Cura - G\u00fcig\u00fce","highway":"primary","ref":"T-11"},"geometry":{"type":"LineString","coordinates":[[-67.61966,10.10004],[-67.62492,10.10232],[-67.62801,10.10134],[-67.63596,10.10221],[-67.64751,10.10154]]}},{"type":"Feature","id":"way/374439662","properties":{"name":"Carretera Regional Palo Negro - Magdaleno","highway":"primary","ref":"L-3"},"geometry":{"type":"LineString","coordinates":[[-67.56976,10.15491],[-67.57033,10.14925],[-67.57555,10.14354],[-67.57682,10.13778],[-67.58167,10.13829],[-67.59454,10.13179],[-67.59562,10.12901],[-67.5953,10.12285],[-67.59614,10.11973],[-67.60027,10.11439],[-67.6048,10.11104]]}},{"type":"Feature","id":"way/374439665","properties":{"name":"Carretera Nacional Villa de Cura - G\u00fcig\u00fce","highway":"primary","ref":"T-11"},"geometry":{"type":"LineString","coordinates":[[-67.77621,10.0839],[-67.76919,10.08357],[-67.76541,10.0807],[-67.76073,10.08008],[-67.75002,10.08442],[-67.74196,10.08501],[-67.73988,10.08716],[-67.72903,10.09309],[-67.71936,10.09285],[-67.71217,10.0984],[-67.70861,10.09958],[-67.70817,10.10234],[-67.70582,10.10291],[-67.70111,10.10167],[-67.69897,10.10202],[-67.69511,10.1004],[-67.6932,10.10121],[-67.69266,10.10083],[-67.69374,10.1006],[-67.69251,10.10044],[-67.6909,10.10268],[-67.68636,10.10384],[-67.68004,10.10877],[-67.67783,10.10737],[-67.67399,10.10759],[-67.67284,10.10636],[-67.66809,10.10736],[-67.66302,10.10417],[-67.65349,10.10159],[-67.64751,10.10154]]}},{"type":"Feature","id":"way/375327301","properties":{"name":"Distribuidor La Encrucijada","highway":"motorway_link"},"geometry":{"type":"LineString","coordinates":[[-67.47314,10.20749],[-67.4683,10.20865]]}},{"type":"Feature","id":"way/375409906","properties":{"name":"Avenida Intercomunal Cagua - Villa de Cura","highway":"trunk","ref":"T-2;L-1"},"geometry":{"type":"LineString","coordinates":[[-67.47218,10.20358],[-67.47247,10.20487]]}},{"type":"Feature","id":"way/375416270","properties":{"name":"Redoma de La Encrucijada","highway":"trunk","ref":"T-2;L-1"},"geometry":{"type":"LineString","coordinates":[[-67.47247,10.20487],[-67.47258,10.20545]]}},{"type":"Feature","id":"way/375416271","properties":{"name":"Avenida Intercomunal Cagua - Villa de Cura","highway":"trunk","ref":"T-2;L-1"},"geometry":{"type":"LineString","coordinates":[[-67.47283,10.20388],[-67.47228,10.20336]]}},{"type":"Feature","id":"way/375416272","properties":{"name":"Redoma de La Encrucijada","highway":"trunk","ref":"T-2;L-1"},"geometry":{"type":"LineString","coordinates":[[-67.47325,10.20433],[-67.47247,10.20487]]}},{"type":"Feature","id":"way/375416273","properties":{"name":"Redoma de La Encrucijada","highway":"trunk","ref":"T-2;L-1"},"geometry":{"type":"LineString","coordinates":[[-67.47258,10.20545],[-67.47369,10.2054]]}},{"type":"Feature","id":"way/375417277","properties":{"name":"Distribuidor Palo Negro","highway":"motorway_link"},"geometry":{"type":"LineString","coordinates":[[-67.57738,10.22273],[-67.57758,10.22548],[-67.57622,10.2251],[-67.5776,10.22457]]}},{"type":"Feature","id":"way/375971387","properties":{"name":"Autopista Regional del Centro","highway":"motorway","ref":"T-1"},"geometry":{"type":"LineString","coordinates":[[-67.15599,10.25022],[-67.16244,10.25118],[-67.16707,10.25067],[-67.16997,10.24807],[-67.1734,10.24748],[-67.18206,10.25012],[-67.21033,10.24262],[-67.22068,10.24285],[-67.22642,10.24065],[-67.23704,10.23872],[-67.24503,10.23575]]}},{"type":"Feature","id":"way/375971987","properties":{"name":"Autopista Regional del Centro","highway":"motorway","ref":"T-1"},"geometry":{"type":"LineString","coordinates":[[-67.66218,10.26973],[-67.65726,10.2679],[-67.64391,10.25966],[-67.63543,10.25724]]}},{"type":"Feature","id":"way/376132240","properties":{"name":"Autopista Regional del Centro","highway":"motorway","ref":"T-1"},"geometry":{"type":"LineString","coordinates":[[-67.55249,10.21739],[-67.52712,10.21605]]}},{"type":"Feature","id":"way/377129727","properties":{"name":"Carretera Los Teques - Colonia Tovar","highway":"secondary","ref":"L-7"},"geometry":{"type":"LineString","coordinates":[[-67.17339,10.36004],[-67.17444,10.35982],[-67.17503,10.3577],[-67.17878,10.35991],[-67.17613,10.36312],[-67.17626,10.36459],[-67.17412,10.36628],[-67.18034,10.36717],[-67.17805,10.3664],[-67.17782,10.36548],[-67.18103,10.36435],[-67.18803,10.3659],[-67.19134,10.36956],[-67.19775,10.37298],[-67.19786,10.37465],[-67.19677,10.37554],[-67.1973,10.37739],[-67.196,10.37838],[-67.19671,10.38029],[-67.20139,10.38148],[-67.19984,10.3858],[-67.20132,10.38853],[-67.20829,10.3946],[-67.20857,10.39703],[-67.20929,10.39615],[-67.21124,10.39858],[-67.21458,10.39936],[-67.21457,10.40001],[-67.21589,10.39945],[-67.21828,10.40155],[-67.2177,10.40361],[-67.21949,10.40699],[-67.22164,10.40796],[-67.22459,10.4114]]}},{"type":"Feature","id":"way/377144237","properties":{"name":"Redoma del Avi\u00f3n","highway":"primary","ref":"R-8"},"geometry":{"type":"LineString","coordinates":[[-67.57326,10.22185],[-67.57428,10.22168],[-67.57412,10.22077],[-67.57313,10.2209],[-67.57326,10.22185]]}},{"type":"Feature","id":"way/377144239","properties":{"name":"Carretera Vieja San Mateo- La Encrucijada","highway":"primary","ref":"L-1"},"geometry":{"type":"LineString","coordinates":[[-67.46184,10.20375],[-67.47032,10.20414],[-67.47258,10.20545]]}},{"type":"Feature","id":"way/381232780","properties":{"name":"Avenida Lisandro Hern\u00e1ndez","highway":"trunk","ref":"T-2"},"geometry":{"type":"LineString","coordinates":[[-67.47411,10.02945],[-67.46925,10.02283],[-67.4608,10.01534],[-67.45528,10.01273],[-67.44955,10.01203],[-67.44635,10.00957]]}},{"type":"Feature","id":"way/381232813","properties":{"name":"Avenida Intercomunal Cagua - Villa de Cura","highway":"trunk","ref":"T-2"},"geometry":{"type":"LineString","coordinates":[[-67.49391,10.04751],[-67.48598,10.03991],[-67.47717,10.03719]]}},{"type":"Feature","id":"way/381267232","properties":{"name":"Carretera Regional Sebasti\u00e1n - Casimiro","highway":"primary","ref":"T-11"},"geometry":{"type":"LineString","coordinates":[[-67.18092,9.93503],[-67.17679,9.93609],[-67.16817,9.9416],[-67.16521,9.93989],[-67.15986,9.93325],[-67.14695,9.92912],[-67.14185,9.92883],[-67.12767,9.9226],[-67.09671,9.91547],[-67.08625,9.91844],[-67.06845,9.92577],[-67.05905,9.93081],[-67.0486,9.93023],[-67.04382,9.93438]]}},{"type":"Feature","id":"way/381267233","properties":{"name":"Carretera Regional Sebasti\u00e1n - Casimiro","highway":"trunk","ref":"L-5"},"geometry":{"type":"LineString","coordinates":[[-67.03971,9.94246],[-67.0399,9.94671],[-67.04116,9.94952],[-67.04003,9.95193],[-67.03795,9.95343],[-67.03867,9.95671],[-67.03758,9.96287],[-67.03476,9.96604],[-67.0347,9.97795],[-67.03294,9.97891],[-67.03284,9.98157],[-67.02842,9.98296],[-67.02728,9.9813],[-67.02298,9.98257],[-67.02225,9.98557],[-67.01902,9.98773],[-67.01887,9.9917],[-67.01691,9.99535]]}},{"type":"Feature","id":"way/381271121","properties":{"name":"Carretera Regional San Sebasti\u00e1n - Camatagua","highway":"trunk","ref":"T-11"},"geometry":{"type":"LineString","coordinates":[[-66.9553,9.88693],[-66.96074,9.88574],[-66.96601,9.89057],[-66.96694,9.89362],[-66.96946,9.89602],[-66.96901,9.89904],[-66.97076,9.90158],[-66.97446,9.90291],[-66.9761,9.9102],[-66.98043,9.91614],[-66.99707,9.92326],[-67.00796,9.92252],[-67.02505,9.92586],[-67.02985,9.92849],[-67.03457,9.92832],[-67.03839,9.9327]]}},{"type":"Feature","id":"way/389551064","properties":{"highway":"motorway_link"},"geometry":{"type":"LineString","coordinates":[[-67.57195,10.22312],[-67.57225,10.2259],[-67.57107,10.22688]]}},{"type":"Feature","id":"way/403685292","properties":{"name":"Rampa de Turmero","highway":"motorway_link"},"geometry":{"type":"LineString","coordinates":[[-67.48213,10.21208],[-67.48227,10.2097],[-67.48463,10.20975]]}},{"type":"Feature","id":"way/403685295","properties":{"name":"Rampa de La Encrucijada","highway":"motorway_link"},"geometry":{"type":"LineString","coordinates":[[-67.47679,10.20714],[-67.47583,10.20712]]}},{"type":"Feature","id":"way/406507175","properties":{"name":"Eje Rural de La Pe\u00f1ita","highway":"secondary","ref":"R-21"},"geometry":{"type":"LineString","coordinates":[[-66.58062,9.55475],[-66.58335,9.55374],[-66.59329,9.55631],[-66.59664,9.55618],[-66.60106,9.55798],[-66.61505,9.55952],[-66.61732,9.56136],[-66.624,9.58483],[-66.62434,9.59837],[-66.62657,9.6103],[-66.62921,9.61328],[-66.64013,9.61942],[-66.64876,9.62712],[-66.65352,9.6315],[-66.65655,9.63687],[-66.66069,9.6414]]}},{"type":"Feature","id":"way/406518657","properties":{"highway":"tertiary","ref":"R-16"},"geometry":{"type":"LineString","coordinates":[[-67.48528,10.21489],[-67.47806,10.22487]]}},{"type":"Feature","id":"way/406836467","properties":{"name":"Avenida Constituci\u00f3n","highway":"tertiary"},"geometry":{"type":"LineString","coordinates":[[-67.55761,10.2345],[-67.55674,10.2343]]}},{"type":"Feature","id":"way/406836468","properties":{"highway":"primary","ref":"L-1"},"geometry":{"type":"LineString","coordinates":[[-67.62829,10.25517],[-67.62795,10.2562]]}},{"type":"Feature","id":"way/406836694","properties":{"highway":"primary","ref":"L-1"},"geometry":{"type":"LineString","coordinates":[[-67.62685,10.25305],[-67.62735,10.25377]]}},{"type":"Feature","id":"way/406836695","properties":{"name":"Distribuidor Tapa Tapa","highway":"primary","ref":"T-1"},"geometry":{"type":"LineString","coordinates":[[-67.62694,10.25303],[-67.62515,10.25034]]}},{"type":"Feature","id":"way/406837313","properties":{"name":"Avenida Aragua","highway":"tertiary"},"geometry":{"type":"LineString","coordinates":[[-67.53061,10.21676],[-67.52985,10.21681]]}},{"type":"Feature","id":"way/406837314","properties":{"name":"Avenida Aragua","highway":"tertiary"},"geometry":{"type":"LineString","coordinates":[[-67.52985,10.21681],[-67.53061,10.2169]]}},{"type":"Feature","id":"way/406839662","properties":{"name":"Rampa de Turmero","highway":"motorway_link"},"geometry":{"type":"LineString","coordinates":[[-67.48009,10.20864],[-67.48215,10.20952],[-67.4818,10.21186]]}},{"type":"Feature","id":"way/406840191","properties":{"name":"Carretera: Intercomunal La Villa - La Encrucijada","highway":"trunk","ref":"T-2;L-1"},"geometry":{"type":"LineString","coordinates":[[-67.47325,10.20433],[-67.47283,10.20388]]}},{"type":"Feature","id":"way/406996134","properties":{"name":"Carretera Regional Palo Negro - Magdaleno","highway":"primary","ref":"L-3"},"geometry":{"type":"LineString","coordinates":[[-67.60423,10.11099],[-67.60424,10.11139]]}},{"type":"Feature","id":"way/406996135","properties":{"name":"Carretera Regional Villa de Cura - G\u00fcig\u00fce","highway":"primary","ref":"T-11"},"geometry":{"type":"LineString","coordinates":[[-67.60423,10.11099],[-67.6048,10.11104]]}},{"type":"Feature","id":"way/407008799","properties":{"highway":"primary_link"},"geometry":{"type":"LineString","coordinates":[[-67.58739,10.26514],[-67.58764,10.26566]]}},{"type":"Feature","id":"way/407716256","properties":{"highway":"secondary"},"geometry":{"type":"LineString","coordinates":[[-67.01718,9.99966],[-67.01764,9.99702],[-67.01691,9.99535]]}},{"type":"Feature","id":"way/407760286","properties":{"name":"Retorno","highway":"primary_link"},"geometry":{"type":"LineString","coordinates":[[-67.61787,10.27493],[-67.61804,10.27485]]}},{"type":"Feature","id":"way/407760643","properties":{"name":"Avenida Ram\u00f3n Narv\u00e1ez","highway":"primary","ref":"L-7"},"geometry":{"type":"LineString","coordinates":[[-67.61427,10.26862],[-67.61404,10.26891]]}},{"type":"Feature","id":"way/407760644","properties":{"name":"Avenida Ram\u00f3n Narv\u00e1ez","highway":"primary","ref":"L-7"},"geometry":{"type":"LineString","coordinates":[[-67.61404,10.26891],[-67.6139,10.26898]]}},{"type":"Feature","id":"way/407760645","properties":{"name":"Avenida Ram\u00f3n Narv\u00e1ez","highway":"primary","ref":"L-7"},"geometry":{"type":"LineString","coordinates":[[-67.61396,10.26909],[-67.6144,10.2688]]}},{"type":"Feature","id":"way/407760646","properties":{"name":"Avenida Ram\u00f3n Narv\u00e1ez","highway":"primary_link"},"geometry":{"type":"LineString","coordinates":[[-67.61427,10.26862],[-67.61394,10.26877]]}},{"type":"Feature","id":"way/407762970","properties":{"highway":"primary","ref":"L-7"},"geometry":{"type":"LineString","coordinates":[[-67.76393,10.48332],[-67.76379,10.48345]]}},{"type":"Feature","id":"way/407762976","properties":{"name":"Carretera Ocumare - Cata","highway":"secondary","ref":"R-5"},"geometry":{"type":"LineString","coordinates":[[-67.74337,10.48728],[-67.74459,10.48932],[-67.74343,10.49177],[-67.74468,10.4931],[-67.74797,10.49112],[-67.74949,10.49134],[-67.75045,10.49318],[-67.74916,10.49699],[-67.75085,10.49619],[-67.75223,10.49666],[-67.75381,10.4948],[-67.75388,10.49308],[-67.75564,10.49311],[-67.75705,10.49501],[-67.76007,10.49441],[-67.75964,10.49263],[-67.76144,10.49147],[-67.75982,10.48937],[-67.76001,10.48642]]}},{"type":"Feature","id":"way/407762980","properties":{"highway":"primary","ref":"L-7"},"geometry":{"type":"LineString","coordinates":[[-67.76393,10.48351],[-67.76393,10.48332]]}},{"type":"Feature","id":"way/407994694","properties":{"name":"Carretera Tejer\u00edas - Tiara","highway":"secondary","ref":"L-2"},"geometry":{"type":"LineString","coordinates":[[-67.15944,10.25387],[-67.1598,10.25218]]}},{"type":"Feature","id":"way/407994695","properties":{"name":"Carretera Tejer\u00edas - Tiara","highway":"secondary","ref":"L-2"},"geometry":{"type":"LineString","coordinates":[[-67.16016,10.25085],[-67.16023,10.25054]]}},{"type":"Feature","id":"way/407994981","properties":{"name":"Distribuidor La Encrucijada","highway":"motorway_link"},"geometry":{"type":"LineString","coordinates":[[-67.4759,10.20817],[-67.47552,10.20818]]}},{"type":"Feature","id":"way/407994982","properties":{"name":"Distribuidor La Encrucijada","highway":"motorway_link"},"geometry":{"type":"LineString","coordinates":[[-67.47634,10.20819],[-67.4759,10.20817]]}},{"type":"Feature","id":"way/409549773","properties":{"name":"Calle Bol\u00edvar","highway":"primary","ref":"L-1"},"geometry":{"type":"LineString","coordinates":[[-67.42068,10.21222],[-67.43102,10.21212]]}},{"type":"Feature","id":"way/409549774","properties":{"highway":"primary","ref":"L-1"},"geometry":{"type":"LineString","coordinates":[[-67.42037,10.21227],[-67.42068,10.21222]]}},{"type":"Feature","id":"way/410102952","properties":{"name":"Distribuidor Palo Negro","highway":"primary_link"},"geometry":{"type":"LineString","coordinates":[[-67.57343,10.22255],[-67.57463,10.22194],[-67.57711,10.22258]]}},{"type":"Feature","id":"way/410103101","properties":{"name":"Autopista Regional del Centro","highway":"motorway","ref":"T-1"},"geometry":{"type":"LineString","coordinates":[[-67.55227,10.21755],[-67.55278,10.21769]]}},{"type":"Feature","id":"way/410103102","properties":{"name":"Autopista Regional del Centro","highway":"motorway","ref":"T-1"},"geometry":{"type":"LineString","coordinates":[[-67.52067,10.21518],[-67.52036,10.21511]]}},{"type":"Feature","id":"way/410103103","properties":{"name":"Autopista Regional del Centro","highway":"motorway","ref":"T-1"},"geometry":{"type":"LineString","coordinates":[[-67.55298,10.21753],[-67.55249,10.21739]]}},{"type":"Feature","id":"way/410103104","properties":{"name":"Autopista Regional del Centro","highway":"motorway","ref":"T-1"},"geometry":{"type":"LineString","coordinates":[[-67.52032,10.21531],[-67.52058,10.21537]]}},{"type":"Feature","id":"way/410103106","properties":{"name":"Autopista Regional del Centro","highway":"motorway","ref":"T-1"},"geometry":{"type":"LineString","coordinates":[[-67.57289,10.22312],[-67.57022,10.22237]]}},{"type":"Feature","id":"way/410103107","properties":{"name":"Autopista Regional del Centro","highway":"motorway","ref":"T-1"},"geometry":{"type":"LineString","coordinates":[[-67.49931,10.21173],[-67.50359,10.21195]]}},{"type":"Feature","id":"way/410103108","properties":{"name":"Autopista Regional del Centro","highway":"motorway","ref":"T-1"},"geometry":{"type":"LineString","coordinates":[[-67.52036,10.21511],[-67.50836,10.2124]]}},{"type":"Feature","id":"way/410103639","properties":{"name":"Rampa de La Encrucijada","highway":"motorway_link"},"geometry":{"type":"LineString","coordinates":[[-67.47618,10.20745],[-67.47745,10.20719]]}},{"type":"Feature","id":"way/410104025","properties":{"name":"Distribuidor San Mateo","highway":"motorway_link"},"geometry":{"type":"LineString","coordinates":[[-67.45243,10.20831],[-67.45244,10.20855]]}},{"type":"Feature","id":"way/410104028","properties":{"name":"Distribuidor San Mateo","highway":"motorway_link"},"geometry":{"type":"LineString","coordinates":[[-67.4558,10.20849],[-67.45446,10.20804]]}},{"type":"Feature","id":"way/410104031","properties":{"name":"Distribuidor San Mateo","highway":"motorway_link"},"geometry":{"type":"LineString","coordinates":[[-67.45446,10.20804],[-67.45443,10.2077]]}},{"type":"Feature","id":"way/410104032","properties":{"name":"Distribuidor San Mateo","highway":"motorway_link"},"geometry":{"type":"LineString","coordinates":[[-67.45443,10.2077],[-67.45335,10.20767]]}},{"type":"Feature","id":"way/410104033","properties":{"name":"Distribuidor San Mateo","highway":"motorway_link"},"geometry":{"type":"LineString","coordinates":[[-67.45114,10.20789],[-67.45243,10.20831]]}},{"type":"Feature","id":"way/410105014","properties":{"name":"Carretera Panamericana","highway":"primary","ref":"L-1"},"geometry":{"type":"LineString","coordinates":[[-67.15279,10.25279],[-67.15237,10.25269]]}},{"type":"Feature","id":"way/410107333","properties":{"highway":"primary","ref":"T-1"},"geometry":{"type":"LineString","coordinates":[[-67.62899,10.25496],[-67.62845,10.2547]]}},{"type":"Feature","id":"way/410107334","properties":{"highway":"primary","ref":"T-1"},"geometry":{"type":"LineString","coordinates":[[-67.62845,10.2547],[-67.62703,10.25316]]}},{"type":"Feature","id":"way/410108143","properties":{"highway":"primary_link"},"geometry":{"type":"LineString","coordinates":[[-67.54292,10.2307],[-67.54274,10.23042]]}},{"type":"Feature","id":"way/410108144","properties":{"name":"Avenida Dr. Fransisco Montoya","highway":"secondary"},"geometry":{"type":"LineString","coordinates":[[-67.54274,10.23042],[-67.54338,10.22748]]}},{"type":"Feature","id":"way/410108145","properties":{"highway":"primary_link"},"geometry":{"type":"LineString","coordinates":[[-67.54267,10.23003],[-67.54184,10.23028]]}},{"type":"Feature","id":"way/410109035","properties":{"highway":"primary_link"},"geometry":{"type":"LineString","coordinates":[[-67.57496,10.16488],[-67.57413,10.16447]]}},{"type":"Feature","id":"way/410109036","properties":{"name":"Retorno","highway":"trunk_link"},"geometry":{"type":"LineString","coordinates":[[-67.49468,10.04912],[-67.495,10.04895]]}},{"type":"Feature","id":"way/410608499","properties":{"name":"Carretera Regional Sebasti\u00e1n - Casimiro","highway":"primary","ref":"L-5"},"geometry":{"type":"LineString","coordinates":[[-67.04382,9.93438],[-67.03971,9.94246]]}},{"type":"Feature","id":"way/410608507","properties":{"name":"Carretera Regional San Casimiro - Camatagua","highway":"trunk","ref":"L-5"},"geometry":{"type":"LineString","coordinates":[[-67.03971,9.94246],[-67.03928,9.93465],[-67.03839,9.9327]]}},{"type":"Feature","id":"way/410622371","properties":{"name":"Carretera Regional San Juan - Sebasti\u00e1n","highway":"primary","ref":"T-11"},"geometry":{"type":"LineString","coordinates":[[-67.19657,9.93838],[-67.19631,9.93843]]}},{"type":"Feature","id":"way/410622372","properties":{"name":"Carretera Regional San Juan - Sebasti\u00e1n","highway":"primary","ref":"T-11"},"geometry":{"type":"LineString","coordinates":[[-67.19631,9.93843],[-67.19524,9.93861]]}},{"type":"Feature","id":"way/410622373","properties":{"name":"Carretera Regional San Juan - Sebasti\u00e1n","highway":"primary","ref":"T-11"},"geometry":{"type":"LineString","coordinates":[[-67.18738,9.93424],[-67.18672,9.9342]]}},{"type":"Feature","id":"way/410622374","properties":{"name":"Carretera Regional San Juan - Sebasti\u00e1n","highway":"primary","ref":"T-11"},"geometry":{"type":"LineString","coordinates":[[-67.19524,9.93861],[-67.18738,9.93424]]}},{"type":"Feature","id":"way/410623857","properties":{"name":"Carretera Regional San Sebasti\u00e1n - Camatagua","highway":"trunk","ref":"T-11"},"geometry":{"type":"LineString","coordinates":[[-66.95497,9.88701],[-66.9553,9.88693]]}},{"type":"Feature","id":"way/410623859","properties":{"name":"Carretera Regional Camatagua - Altagracia","highway":"trunk","ref":"T-11"},"geometry":{"type":"LineString","coordinates":[[-66.81443,9.74874],[-66.81539,9.74868]]}},{"type":"Feature","id":"way/410623868","properties":{"name":"Carretera Regional San Sebasti\u00e1n - Camatagua","highway":"trunk","ref":"T-11"},"geometry":{"type":"LineString","coordinates":[[-66.90716,9.86035],[-66.90733,9.86048]]}},{"type":"Feature","id":"way/410623874","properties":{"name":"Carretera Regional San Sebasti\u00e1n - Camatagua","highway":"trunk","ref":"T-11"},"geometry":{"type":"LineString","coordinates":[[-66.90733,9.86048],[-66.9158,9.86291],[-66.93382,9.87367],[-66.93843,9.87733],[-66.94495,9.8795],[-66.94956,9.88559],[-66.95497,9.88701]]}},{"type":"Feature","id":"way/410623880","properties":{"name":"Carretera Regional Camatagua - Altagracia","highway":"trunk","ref":"T-11"},"geometry":{"type":"LineString","coordinates":[[-66.81283,9.74882],[-66.81443,9.74874]]}},{"type":"Feature","id":"way/410623881","properties":{"name":"Carretera Regional Camatagua - Altagracia","highway":"trunk","ref":"T-11"},"geometry":{"type":"LineString","coordinates":[[-66.88537,9.80681],[-66.8812,9.79548],[-66.87898,9.79263],[-66.86579,9.78341],[-66.85461,9.77928],[-66.84561,9.77139],[-66.83751,9.76251],[-66.83245,9.75919],[-66.82793,9.75265],[-66.82085,9.74925],[-66.81539,9.74868]]}},{"type":"Feature","id":"way/410623882","properties":{"name":"Carretera Regional San Sebasti\u00e1n - Camatagua","highway":"primary","ref":"T-11"},"geometry":{"type":"LineString","coordinates":[[-67.03839,9.9327],[-67.04172,9.93471],[-67.04382,9.93438]]}},{"type":"Feature","id":"way/410635870","properties":{"name":"Carretera Regional Sat\u00e9lite- Altagracia","highway":"primary","ref":"T-11"},"geometry":{"type":"LineString","coordinates":[[-66.66947,9.77162],[-66.67349,9.77438],[-66.68645,9.77267],[-66.70753,9.76455],[-66.71875,9.75925],[-66.72492,9.75528],[-66.73352,9.74363],[-66.73355,9.73979],[-66.73733,9.73118],[-66.738,9.71421],[-66.73975,9.71258],[-66.74382,9.71204],[-66.7497,9.71576],[-66.75925,9.71446],[-66.76853,9.71177],[-66.77205,9.71334],[-66.7728,9.71441],[-66.77308,9.72366],[-66.77776,9.72605],[-66.77964,9.72976],[-66.79044,9.73547],[-66.79569,9.74222]]}},{"type":"Feature","id":"way/410635886","properties":{"name":"Carretera Regional Camatagua - Altagracia","highway":"primary","ref":"T-11"},"geometry":{"type":"LineString","coordinates":[[-66.62716,9.72445],[-66.63069,9.72645],[-66.63375,9.72993],[-66.63727,9.73002],[-66.64048,9.73274],[-66.64139,9.73469],[-66.64697,9.73717],[-66.65498,9.74296],[-66.65782,9.74872],[-66.65947,9.7558],[-66.66499,9.75998],[-66.66544,9.76432],[-66.6689,9.77109]]}},{"type":"Feature","id":"way/410635904","properties":{"name":"Carretera Regional Camatagua - Altagracia","highway":"primary","ref":"T-11"},"geometry":{"type":"LineString","coordinates":[[-66.6689,9.77109],[-66.66947,9.77162]]}},{"type":"Feature","id":"way/410635920","properties":{"name":"Carretera Regional Camatagua - Altagracia","highway":"primary","ref":"T-11"},"geometry":{"type":"LineString","coordinates":[[-66.79569,9.74222],[-66.79596,9.74244]]}},{"type":"Feature","id":"way/410635928","properties":{"name":"Carretera Regional Camatagua - Altagracia","highway":"primary","ref":"T-11"},"geometry":{"type":"LineString","coordinates":[[-66.79596,9.74244],[-66.79881,9.74555],[-66.81001,9.74715]]}},{"type":"Feature","id":"way/410635944","properties":{"name":"Carretera Regional Camatagua - Barbacoas","highway":"primary","ref":"L-8"},"geometry":{"type":"LineString","coordinates":[[-66.81104,9.74578],[-66.81001,9.74715]]}},{"type":"Feature","id":"way/410661929","properties":{"name":"Carretera Regional Camatagua - Barbacoas","highway":"trunk","ref":"L-8"},"geometry":{"type":"LineString","coordinates":[[-66.8163,9.70835],[-66.81543,9.71584],[-66.80773,9.73299],[-66.80765,9.7352],[-66.81104,9.74578]]}},{"type":"Feature","id":"way/410661930","properties":{"name":"Carretera Regional Camatagua - Barbacoas","highway":"trunk","ref":"L-8"},"geometry":{"type":"LineString","coordinates":[[-66.81631,9.70801],[-66.8163,9.70835]]}},{"type":"Feature","id":"way/416762897","properties":{"name":"Avenida Jos\u00e9 Casanova Godoy","highway":"tertiary","ref":"R-7"},"geometry":{"type":"LineString","coordinates":[[-67.60805,10.26361],[-67.60946,10.26305],[-67.61064,10.26411]]}},{"type":"Feature","id":"way/416769606","properties":{"name":"Av. Jos\u00e9 Casanova Godoy","highway":"tertiary","ref":"R-7"},"geometry":{"type":"LineString","coordinates":[[-67.6079,10.26371],[-67.60805,10.26361]]}},{"type":"Feature","id":"way/417693232","properties":{"name":"Avenida Negra Matea","highway":"primary_link"},"geometry":{"type":"LineString","coordinates":[[-67.31593,10.23011],[-67.31492,10.23142]]}},{"type":"Feature","id":"way/417694192","properties":{"name":"Calle Anselmo Cerro","highway":"primary","ref":"L-4"},"geometry":{"type":"LineString","coordinates":[[-67.34016,10.22602],[-67.34034,10.22851]]}},{"type":"Feature","id":"way/418311505","properties":{"highway":"secondary"},"geometry":{"type":"LineString","coordinates":[[-67.57506,10.2171],[-67.57486,10.21703]]}},{"type":"Feature","id":"way/418311508","properties":{"name":"Avenida Los Aviadores","highway":"primary","ref":"R-8"},"geometry":{"type":"LineString","coordinates":[[-67.5753,10.21619],[-67.57702,10.2113]]}},{"type":"Feature","id":"way/418311509","properties":{"highway":"primary","ref":"R-8"},"geometry":{"type":"LineString","coordinates":[[-67.57506,10.2171],[-67.57515,10.21683]]}},{"type":"Feature","id":"way/418311510","properties":{"name":"Avenida Los Aviadores","highway":"primary","ref":"R-8"},"geometry":{"type":"LineString","coordinates":[[-67.57523,10.21617],[-67.57469,10.21775]]}},{"type":"Feature","id":"way/418311511","properties":{"name":"Avenida Los Aviadores","highway":"primary","ref":"R-8"},"geometry":{"type":"LineString","coordinates":[[-67.57475,10.21777],[-67.5753,10.21619]]}},{"type":"Feature","id":"way/418321155","properties":{"highway":"primary"},"geometry":{"type":"LineString","coordinates":[[-67.5755,10.2154],[-67.57492,10.21684]]}},{"type":"Feature","id":"way/418321156","properties":{"highway":"primary_link"},"geometry":{"type":"LineString","coordinates":[[-67.57492,10.21684],[-67.57464,10.21699]]}},{"type":"Feature","id":"way/418321159","properties":{"highway":"secondary"},"geometry":{"type":"LineString","coordinates":[[-67.57251,10.21657],[-67.57456,10.21706]]}},{"type":"Feature","id":"way/418321160","properties":{"highway":"primary","ref":"R-8"},"geometry":{"type":"LineString","coordinates":[[-67.57483,10.21711],[-67.57472,10.21735]]}},{"type":"Feature","id":"way/418321161","properties":{"highway":"primary"},"geometry":{"type":"LineString","coordinates":[[-67.57448,10.21865],[-67.57495,10.21741]]}},{"type":"Feature","id":"way/418321164","properties":{"highway":"primary_link"},"geometry":{"type":"LineString","coordinates":[[-67.57456,10.21706],[-67.57472,10.21735]]}},{"type":"Feature","id":"way/418321171","properties":{"highway":"primary_link"},"geometry":{"type":"LineString","coordinates":[[-67.57528,10.21719],[-67.57515,10.21683]]}},{"type":"Feature","id":"way/418321172","properties":{"highway":"primary_link"},"geometry":{"type":"LineString","coordinates":[[-67.57495,10.21741],[-67.57528,10.21719]]}},{"type":"Feature","id":"way/418324685","properties":{"highway":"primary_link"},"geometry":{"type":"LineString","coordinates":[[-67.58174,10.18276],[-67.58167,10.18399]]}},{"type":"Feature","id":"way/418324686","properties":{"highway":"primary_link"},"geometry":{"type":"LineString","coordinates":[[-67.58212,10.18447],[-67.58196,10.18408]]}},{"type":"Feature","id":"way/418324692","properties":{"highway":"primary_link"},"geometry":{"type":"LineString","coordinates":[[-67.58174,10.18431],[-67.58216,10.18535]]}},{"type":"Feature","id":"way/418324694","properties":{"highway":"primary_link"},"geometry":{"type":"LineString","coordinates":[[-67.58324,10.19166],[-67.5829,10.19055]]}},{"type":"Feature","id":"way/418324696","properties":{"highway":"primary_link"},"geometry":{"type":"LineString","coordinates":[[-67.58175,10.18454],[-67.58191,10.18451]]}},{"type":"Feature","id":"way/418683027","properties":{"name":"Avenida Dr. Fransisco Montoya","highway":"secondary"},"geometry":{"type":"LineString","coordinates":[[-67.54499,10.22029],[-67.54393,10.22469]]}},{"type":"Feature","id":"way/418683052","properties":{"name":"Avenida Dr. Fransisco Montoya","highway":"secondary"},"geometry":{"type":"LineString","coordinates":[[-67.54702,10.2131],[-67.5458,10.21627]]}},{"type":"Feature","id":"way/418742980","properties":{"name":"Avenida Principal de Coropo","highway":"secondary"},"geometry":{"type":"LineString","coordinates":[[-67.54718,10.20784],[-67.56905,10.21261]]}},{"type":"Feature","id":"way/418788796","properties":{"name":"Avenida Venezuela","highway":"tertiary"},"geometry":{"type":"LineString","coordinates":[[-67.55601,10.20959],[-67.55767,10.19943],[-67.55889,10.19911]]}},{"type":"Feature","id":"way/418788815","properties":{"name":"Avenida Principal de Coropo","highway":"secondary"},"geometry":{"type":"LineString","coordinates":[[-67.56906,10.21252],[-67.54718,10.20784]]}},{"type":"Feature","id":"way/420619336","properties":{"name":"Rampa de Turmero","highway":"motorway_link"},"geometry":{"type":"LineString","coordinates":[[-67.4818,10.21186],[-67.4819,10.21206]]}},{"type":"Feature","id":"way/430830213","properties":{"name":"Distribuidor San Mateo","highway":"motorway_link"},"geometry":{"type":"LineString","coordinates":[[-67.45243,10.20831],[-67.45276,10.2084]]}},{"type":"Feature","id":"way/430830214","properties":{"name":"Distribuidor San Mateo","highway":"motorway_link"},"geometry":{"type":"LineString","coordinates":[[-67.45283,10.20841],[-67.45462,10.20847]]}},{"type":"Feature","id":"way/430830215","properties":{"name":"Distribuidor San Mateo","highway":"motorway_link"},"geometry":{"type":"LineString","coordinates":[[-67.45446,10.20804],[-67.45398,10.20786]]}},{"type":"Feature","id":"way/430830216","properties":{"name":"Autopista Regional del Centro","highway":"motorway","ref":"T-1"},"geometry":{"type":"LineString","coordinates":[[-67.47308,10.20835],[-67.45611,10.20854]]}},{"type":"Feature","id":"way/430830217","properties":{"name":"Autopista Regional del Centro","highway":"motorway","ref":"T-1"},"geometry":{"type":"LineString","coordinates":[[-67.37827,10.20934],[-67.38937,10.21456],[-67.40032,10.21117],[-67.40936,10.21005],[-67.41622,10.20656],[-67.42241,10.2069],[-67.42883,10.20595],[-67.44943,10.20773]]}},{"type":"Feature","id":"way/430830218","properties":{"name":"Autopista Regional del Centro","highway":"motorway","ref":"T-1"},"geometry":{"type":"LineString","coordinates":[[-67.45114,10.20789],[-67.45276,10.20816]]}},{"type":"Feature","id":"way/435077146","properties":{"name":"Carretera Vieja San Mateo- La Encrucijada","highway":"primary","ref":"L-1"},"geometry":{"type":"LineString","coordinates":[[-67.45443,10.2077],[-67.45384,10.20785]]}},{"type":"Feature","id":"way/435077147","properties":{"name":"Carretera Vieja San Mateo- La Encrucijada","highway":"primary","ref":"L-1"},"geometry":{"type":"LineString","coordinates":[[-67.44303,10.21166],[-67.44594,10.21138],[-67.45248,10.20859]]}},{"type":"Feature","id":"way/441684870","properties":{"name":"Carretera Nacional de Los Llanos","highway":"trunk","ref":"T-13"},"geometry":{"type":"LineString","coordinates":[[-66.59196,9.39409],[-66.59145,9.39407]]}},{"type":"Feature","id":"way/441684871","properties":{"name":"Carretera Nacional de Los Llanos","highway":"trunk","ref":"T-13"},"geometry":{"type":"LineString","coordinates":[[-67.03245,9.37169],[-66.93907,9.38138],[-66.92068,9.38144],[-66.91497,9.3835],[-66.90671,9.38442],[-66.89491,9.38421],[-66.83266,9.38816],[-66.6705,9.39038],[-66.65084,9.38837],[-66.59196,9.39409]]}},{"type":"Feature","id":"way/441926787","properties":{"name":"Carretera Regional Camatagua - Altagracia","highway":"primary","ref":"T-11"},"geometry":{"type":"LineString","coordinates":[[-66.62716,9.72445],[-66.62703,9.72438]]}},{"type":"Feature","id":"way/441926788","properties":{"name":"Carretera Regional Camatagua - Altagracia","highway":"primary","ref":"T-11"},"geometry":{"type":"LineString","coordinates":[[-66.62703,9.72438],[-66.62512,9.72355],[-66.62231,9.7243],[-66.6188,9.72736],[-66.58795,9.74057],[-66.58424,9.74057],[-66.57949,9.73829],[-66.57447,9.7377],[-66.56771,9.73981],[-66.55938,9.74044],[-66.55481,9.73835],[-66.54772,9.73749],[-66.54277,9.73468],[-66.53767,9.73715],[-66.5327,9.73649],[-66.53122,9.74007],[-66.5293,9.74144]]}},{"type":"Feature","id":"way/446407645","properties":{"name":"Distribuidor La Victoria","highway":"motorway_link","ref":"T-1;L-1"},"geometry":{"type":"LineString","coordinates":[[-67.31572,10.22568],[-67.31569,10.22537]]}},{"type":"Feature","id":"way/457771088","properties":{"name":"Avenida Constituci\u00f3n","highway":"tertiary"},"geometry":{"type":"LineString","coordinates":[[-67.5725,10.24041],[-67.57516,10.24137]]}},{"type":"Feature","id":"way/464794924","properties":{"name":"V\u00eda a Carmen de Cura","highway":"secondary","ref":"R-15"},"geometry":{"type":"LineString","coordinates":[[-66.84002,9.79551],[-66.83501,9.79613]]}},{"type":"Feature","id":"way/464794925","properties":{"name":"V\u00eda a Carmen de Cura","highway":"secondary","ref":"R-15"},"geometry":{"type":"LineString","coordinates":[[-66.84054,9.79554],[-66.84002,9.79551]]}},{"type":"Feature","id":"way/471737079","properties":{"name":"Distribuidor La Victoria","highway":"motorway_link"},"geometry":{"type":"LineString","coordinates":[[-67.31567,10.22521],[-67.3156,10.2245]]}},{"type":"Feature","id":"way/471737085","properties":{"name":"Distribuidor La Victoria","highway":"motorway_link"},"geometry":{"type":"LineString","coordinates":[[-67.31569,10.22537],[-67.31567,10.22521]]}},{"type":"Feature","id":"way/472433930","properties":{"name":"Carril 6 / Cobretag Veh\u00edculos Pesados / Peaje La Cabrera","highway":"motorway","ref":"T-1"},"geometry":{"type":"LineString","coordinates":[[-67.64321,10.25959],[-67.64546,10.26066]]}},{"type":"Feature","id":"way/481241876","properties":{"name":"Retorno","highway":"primary_link"},"geometry":{"type":"LineString","coordinates":[[-67.53189,10.22771],[-67.53102,10.22771],[-67.53149,10.22815]]}},{"type":"Feature","id":"way/499514302","properties":{"highway":"motorway_link"},"geometry":{"type":"LineString","coordinates":[[-67.57195,10.22638],[-67.57179,10.22681]]}},{"type":"Feature","id":"way/499514303","properties":{"highway":"primary_link"},"geometry":{"type":"LineString","coordinates":[[-67.57179,10.22681],[-67.57134,10.22694]]}},{"type":"Feature","id":"way/499514305","properties":{"highway":"primary_link"},"geometry":{"type":"LineString","coordinates":[[-67.57249,10.2273],[-67.57259,10.22688]]}},{"type":"Feature","id":"way/506575549","properties":{"highway":"tertiary","ref":"R-16"},"geometry":{"type":"LineString","coordinates":[[-67.47276,10.23341],[-67.47356,10.23405]]}},{"type":"Feature","id":"way/506575551","properties":{"name":"Avenida Principal de La Guzm\u00e1n","highway":"tertiary","ref":"R-16"},"geometry":{"type":"LineString","coordinates":[[-67.47927,10.25145],[-67.47789,10.24397],[-67.47328,10.23594],[-67.47356,10.23405]]}},{"type":"Feature","id":"way/509485548","properties":{"name":"T\u00fanel La Cabrera","highway":"motorway","ref":"T-1"},"geometry":{"type":"LineString","coordinates":[[-67.66667,10.27088],[-67.66218,10.26973]]}},{"type":"Feature","id":"way/510037676","properties":{"name":"Retorno","highway":"primary_link"},"geometry":{"type":"LineString","coordinates":[[-67.63062,10.29421],[-67.62972,10.29469]]}},{"type":"Feature","id":"way/518910255","properties":{"name":"Avenida Bol\u00edvar","highway":"primary","ref":"L-1"},"geometry":{"type":"LineString","coordinates":[[-67.60952,10.25352],[-67.60712,10.25301]]}},{"type":"Feature","id":"way/518910257","properties":{"name":"Avenida Bol\u00edvar","highway":"primary","ref":"L-1"},"geometry":{"type":"LineString","coordinates":[[-67.61411,10.25464],[-67.62639,10.2568],[-67.62913,10.25571]]}},{"type":"Feature","id":"way/518910259","properties":{"name":"Avenida Bol\u00edvar","highway":"primary","ref":"L-1"},"geometry":{"type":"LineString","coordinates":[[-67.60712,10.25301],[-67.60469,10.25249]]}},{"type":"Feature","id":"way/518910261","properties":{"name":"Avenida Bol\u00edvar","highway":"primary","ref":"L-1"},"geometry":{"type":"LineString","coordinates":[[-67.60589,10.25282],[-67.60829,10.25335]]}},{"type":"Feature","id":"way/518910263","properties":{"name":"Avenida Bol\u00edvar","highway":"primary","ref":"L-1"},"geometry":{"type":"LineString","coordinates":[[-67.60469,10.25249],[-67.59881,10.25115]]}},{"type":"Feature","id":"way/518910265","properties":{"name":"Avenida Bol\u00edvar","highway":"primary","ref":"L-1"},"geometry":{"type":"LineString","coordinates":[[-67.60207,10.25202],[-67.60589,10.25282]]}},{"type":"Feature","id":"way/518910267","properties":{"name":"Avenida Bol\u00edvar","highway":"primary","ref":"L-1"},"geometry":{"type":"LineString","coordinates":[[-67.6,10.25153],[-67.60207,10.25202]]}},{"type":"Feature","id":"way/518910269","properties":{"name":"Avenida Bol\u00edvar","highway":"primary","ref":"L-1"},"geometry":{"type":"LineString","coordinates":[[-67.59881,10.25115],[-67.59774,10.2509]]}},{"type":"Feature","id":"way/518910277","properties":{"name":"Avenida Bol\u00edvar","highway":"primary","ref":"L-1"},"geometry":{"type":"LineString","coordinates":[[-67.59615,10.25063],[-67.6,10.25153]]}},{"type":"Feature","id":"way/518910288","properties":{"name":"Avenida Bol\u00edvar","highway":"primary","ref":"L-1"},"geometry":{"type":"LineString","coordinates":[[-67.59477,10.25024],[-67.58289,10.24788],[-67.57486,10.24515]]}},{"type":"Feature","id":"way/519068834","properties":{"name":"Avenida Fuerzas Aereas","highway":"tertiary"},"geometry":{"type":"LineString","coordinates":[[-67.5875,10.22916],[-67.58803,10.22545]]}},{"type":"Feature","id":"way/519068835","properties":{"name":"Avenida Fuerzas Aereas","highway":"tertiary"},"geometry":{"type":"LineString","coordinates":[[-67.58741,10.22914],[-67.58733,10.22961]]}},{"type":"Feature","id":"way/519081290","properties":{"name":"Carretera Cata - Cuyagua","highway":"secondary","ref":"R-5"},"geometry":{"type":"LineString","coordinates":[[-67.73867,10.47501],[-67.73822,10.48157],[-67.73666,10.48258],[-67.73353,10.48316],[-67.73146,10.48235],[-67.7305,10.48356],[-67.7277,10.48181],[-67.72748,10.48252],[-67.7241,10.48219],[-67.72619,10.4814],[-67.72291,10.48049],[-67.7196,10.48177],[-67.72166,10.4835],[-67.72161,10.48533],[-67.72386,10.48752],[-67.72361,10.48837],[-67.72602,10.49051],[-67.7287,10.49126],[-67.72744,10.49232],[-67.72293,10.49052],[-67.72009,10.48648],[-67.71784,10.48604],[-67.71599,10.48397],[-67.71461,10.48409],[-67.7146,10.48548],[-67.71289,10.48605],[-67.71284,10.48736],[-67.7098,10.48819],[-67.70921,10.49071],[-67.70817,10.49004],[-67.70608,10.49088],[-67.70576,10.49227],[-67.70537,10.48991],[-67.70237,10.49037],[-67.70321,10.48903],[-67.6994,10.49034],[-67.7008,10.49133],[-67.69787,10.49179],[-67.69814,10.48981],[-67.69716,10.48829],[-67.69999,10.48747],[-67.70035,10.48463]]}},{"type":"Feature","id":"way/526590928","properties":{"name":"Calle Col\u00f3n","highway":"primary","ref":"L-4"},"geometry":{"type":"LineString","coordinates":[[-67.3418,10.23088],[-67.34143,10.23066]]}},{"type":"Feature","id":"way/526590929","properties":{"name":"Padre Lazo","highway":"primary","ref":"L-4"},"geometry":{"type":"LineString","coordinates":[[-67.34143,10.23066],[-67.34086,10.22886]]}},{"type":"Feature","id":"way/526765577","properties":{"name":"Avenida Bol\u00edvar","highway":"primary","ref":"L-1"},"geometry":{"type":"LineString","coordinates":[[-67.59774,10.2509],[-67.59477,10.25024]]}},{"type":"Feature","id":"way/533775527","properties":{"name":"Carretera Carayaca - Colonia Tovar","highway":"secondary","ref":"L-6"},"geometry":{"type":"LineString","coordinates":[[-67.20677,10.44636],[-67.20835,10.44697],[-67.21422,10.44207],[-67.21685,10.44153],[-67.22132,10.4377],[-67.22118,10.43638],[-67.22268,10.43515],[-67.22237,10.4365],[-67.22358,10.43611],[-67.22505,10.43301],[-67.22701,10.43265],[-67.22844,10.42825],[-67.23116,10.42993],[-67.2343,10.42595],[-67.23598,10.42683],[-67.23568,10.42592],[-67.23714,10.42442],[-67.23838,10.42518],[-67.23961,10.42422],[-67.24136,10.42067]]}},{"type":"Feature","id":"way/542435594","properties":{"name":"Carretera Vieja San Mateo- La Encrucijada","highway":"primary","ref":"L-1"},"geometry":{"type":"LineString","coordinates":[[-67.45443,10.2077],[-67.4577,10.20684],[-67.45894,10.20472],[-67.46184,10.20375]]}},{"type":"Feature","id":"way/542435595","properties":{"highway":"primary","ref":"L-1"},"geometry":{"type":"LineString","coordinates":[[-67.34245,10.22662],[-67.34381,10.22637]]}},{"type":"Feature","id":"way/543338708","properties":{"name":"Carretera Regional Camatagua - Barbacoas","highway":"trunk","ref":"L-8"},"geometry":{"type":"LineString","coordinates":[[-66.81104,9.74578],[-66.81283,9.74882]]}},{"type":"Feature","id":"way/553297220","properties":{"name":"Carretera Regional La Victoria - Zuata","highway":"primary","ref":"R-11"},"geometry":{"type":"LineString","coordinates":[[-67.39146,10.16999],[-67.38122,10.17753],[-67.37728,10.18252],[-67.37594,10.18233],[-67.37567,10.18651],[-67.36797,10.18879],[-67.36564,10.19396],[-67.36526,10.19874],[-67.36268,10.19894],[-67.35829,10.20839],[-67.35263,10.20981],[-67.34771,10.21408],[-67.34337,10.21388],[-67.34111,10.21641]]}},{"type":"Feature","id":"way/557045022","properties":{"name":"Carretera Regional Villa de Cura - G\u00fcig\u00fce","highway":"primary","ref":"T-11"},"geometry":{"type":"LineString","coordinates":[[-67.6048,10.11104],[-67.60691,10.10944],[-67.60925,10.10225],[-67.61058,10.10069]]}},{"type":"Feature","id":"way/557048749","properties":{"name":"Carretera Regional Magdaleno - Bel\u00e9n","highway":"primary","ref":"R-12"},"geometry":{"type":"LineString","coordinates":[[-67.67939,9.98927],[-67.67449,9.99107],[-67.67409,9.99604],[-67.67307,9.99703],[-67.66482,9.99935],[-67.66034,9.99852],[-67.6571,9.99659],[-67.65368,9.99772],[-67.65437,10.00066],[-67.65262,10.00298],[-67.65284,10.01021],[-67.65067,10.0199],[-67.6549,10.02543],[-67.65664,10.02614],[-67.65374,10.03393],[-67.65503,10.03587],[-67.6566,10.03607],[-67.65648,10.03821],[-67.65797,10.03955],[-67.65687,10.04589],[-67.65881,10.04857],[-67.65575,10.05221],[-67.6554,10.05871],[-67.65069,10.063],[-67.65322,10.0655],[-67.65429,10.06911],[-67.64962,10.077],[-67.65034,10.08363],[-67.65197,10.08727],[-67.65083,10.09061],[-67.65197,10.09246],[-67.65077,10.09268],[-67.65044,10.09727],[-67.64751,10.10154]]}},{"type":"Feature","id":"way/557485923","properties":{"name":"Carretera Vieja El Consejo - Tejer\u00edas","highway":"primary","ref":"L-1"},"geometry":{"type":"LineString","coordinates":[[-67.25978,10.24181],[-67.26504,10.24036]]}},{"type":"Feature","id":"way/557485928","properties":{"name":"Carretera Vieja El Consejo - Tejer\u00edas","highway":"primary","ref":"L-1"},"geometry":{"type":"LineString","coordinates":[[-67.2584,10.24211],[-67.25978,10.24181]]}},{"type":"Feature","id":"way/557727925","properties":{"highway":"primary_link"},"geometry":{"type":"LineString","coordinates":[[-67.58196,10.18408],[-67.58204,10.18398]]}},{"type":"Feature","id":"way/557727927","properties":{"highway":"primary_link"},"geometry":{"type":"LineString","coordinates":[[-67.58241,10.19073],[-67.58306,10.19159]]}},{"type":"Feature","id":"way/557727929","properties":{"highway":"primary_link"},"geometry":{"type":"LineString","coordinates":[[-67.58279,10.18991],[-67.58228,10.1906]]}},{"type":"Feature","id":"way/557727931","properties":{"highway":"primary_link"},"geometry":{"type":"LineString","coordinates":[[-67.57443,10.16542],[-67.57465,10.16503]]}},{"type":"Feature","id":"way/557729991","properties":{"highway":"primary_link","ref":"R-8"},"geometry":{"type":"LineString","coordinates":[[-67.58169,10.19654],[-67.58163,10.19668]]}},{"type":"Feature","id":"way/557729992","properties":{"highway":"primary_link"},"geometry":{"type":"LineString","coordinates":[[-67.58163,10.19668],[-67.58165,10.19779]]}},{"type":"Feature","id":"way/557729993","properties":{"highway":"primary_link"},"geometry":{"type":"LineString","coordinates":[[-67.58236,10.19712],[-67.58202,10.19703]]}},{"type":"Feature","id":"way/557729994","properties":{"highway":"primary_link"},"geometry":{"type":"LineString","coordinates":[[-67.58155,10.19838],[-67.58209,10.19789]]}},{"type":"Feature","id":"way/557729995","properties":{"name":"Avenida Los Aviadores","highway":"primary","ref":"R-8"},"geometry":{"type":"LineString","coordinates":[[-67.57701,10.21101],[-67.57692,10.21129]]}},{"type":"Feature","id":"way/557729996","properties":{"name":"Avenida Los Aviadores","highway":"primary","ref":"R-8"},"geometry":{"type":"LineString","coordinates":[[-67.57844,10.20698],[-67.57701,10.21101]]}},{"type":"Feature","id":"way/557729997","properties":{"name":"Avenida Los Aviadores","highway":"primary","ref":"R-8"},"geometry":{"type":"LineString","coordinates":[[-67.57712,10.21102],[-67.57854,10.207]]}},{"type":"Feature","id":"way/557729998","properties":{"name":"Avenida Los Aviadores","highway":"primary","ref":"R-8"},"geometry":{"type":"LineString","coordinates":[[-67.57702,10.2113],[-67.57712,10.21102]]}},{"type":"Feature","id":"way/557730000","properties":{"highway":"tertiary"},"geometry":{"type":"LineString","coordinates":[[-67.57528,10.21719],[-67.57506,10.2171]]}},{"type":"Feature","id":"way/557730001","properties":{"highway":"tertiary"},"geometry":{"type":"LineString","coordinates":[[-67.57503,10.21716],[-67.57528,10.21719]]}},{"type":"Feature","id":"way/561027246","properties":{"name":"Avenida Ram\u00f3n Narv\u00e1ez","highway":"primary","ref":"L-7"},"geometry":{"type":"LineString","coordinates":[[-67.61721,10.25525],[-67.61427,10.26862]]}},{"type":"Feature","id":"way/561027249","properties":{"name":"Avenida Universidad","highway":"primary","ref":"L-7"},"geometry":{"type":"LineString","coordinates":[[-67.6139,10.26898],[-67.61898,10.27666],[-67.62156,10.28299],[-67.63669,10.3036]]}},{"type":"Feature","id":"way/561027262","properties":{"name":"Carretera Cata - Cuyagua","highway":"secondary","ref":"R-5"},"geometry":{"type":"LineString","coordinates":[[-67.73867,10.47501],[-67.74399,10.47426],[-67.74617,10.47548],[-67.7452,10.4762],[-67.7453,10.47839],[-67.74382,10.47917],[-67.74505,10.48035],[-67.74495,10.48338],[-67.74337,10.48728]]}},{"type":"Feature","id":"way/561116453","properties":{"highway":"tertiary","ref":"R-16"},"geometry":{"type":"LineString","coordinates":[[-67.47356,10.23405],[-67.47669,10.22957],[-67.47838,10.22499]]}},{"type":"Feature","id":"way/561116454","properties":{"name":"Calle Carre\u00f1o","highway":"tertiary"},"geometry":{"type":"LineString","coordinates":[[-67.4754,10.22663],[-67.47177,10.23215]]}},{"type":"Feature","id":"way/561120767","properties":{"name":"Avenida 07 Sucre","highway":"secondary","ref":"L-3"},"geometry":{"type":"LineString","coordinates":[[-67.46937,10.18587],[-67.46068,10.18544]]}},{"type":"Feature","id":"way/561120768","properties":{"name":"Calle 10 Independencia","highway":"secondary","ref":"L-3"},"geometry":{"type":"LineString","coordinates":[[-67.46068,10.18544],[-67.46065,10.18613]]}},{"type":"Feature","id":"way/561120769","properties":{"name":"Calle 10 Independencia","highway":"secondary","ref":"L-3"},"geometry":{"type":"LineString","coordinates":[[-67.46065,10.18613],[-67.46062,10.1926]]}},{"type":"Feature","id":"way/561120770","properties":{"highway":"secondary","ref":"L-3"},"geometry":{"type":"LineString","coordinates":[[-67.47083,10.1868],[-67.47083,10.18583]]}},{"type":"Feature","id":"way/561120771","properties":{"name":"Carretera Santa Cruz - Cagua","highway":"secondary","ref":"L-3"},"geometry":{"type":"LineString","coordinates":[[-67.47083,10.18583],[-67.47702,10.18284],[-67.48012,10.17867],[-67.48229,10.17777],[-67.48589,10.17371],[-67.5073,10.18102]]}},{"type":"Feature","id":"way/561120779","properties":{"name":"Avenida 06 San Juan","highway":"secondary","ref":"L-3"},"geometry":{"type":"LineString","coordinates":[[-67.46065,10.18613],[-67.47083,10.1868]]}},{"type":"Feature","id":"way/561123131","properties":{"name":"Calle Oriente","highway":"secondary","ref":"L-3"},"geometry":{"type":"LineString","coordinates":[[-67.50762,10.17822],[-67.5073,10.18102]]}},{"type":"Feature","id":"way/561123134","properties":{"name":"Calle Bol\u00edvar","highway":"secondary","ref":"L-3"},"geometry":{"type":"LineString","coordinates":[[-67.50762,10.17822],[-67.50946,10.17846]]}},{"type":"Feature","id":"way/561123135","properties":{"name":"Calle Mari\u00f1o","highway":"secondary","ref":"L-3"},"geometry":{"type":"LineString","coordinates":[[-67.50922,10.18065],[-67.50946,10.17846]]}},{"type":"Feature","id":"way/561123139","properties":{"name":"Calle Coromoto","highway":"secondary","ref":"L-3"},"geometry":{"type":"LineString","coordinates":[[-67.55218,10.16825],[-67.55221,10.16813]]}},{"type":"Feature","id":"way/561123140","properties":{"name":"Calle Bol\u00edvar","highway":"secondary","ref":"L-3"},"geometry":{"type":"LineString","coordinates":[[-67.53561,10.17024],[-67.54991,10.17198]]}},{"type":"Feature","id":"way/561123142","properties":{"name":"Calle Rondon","highway":"secondary","ref":"L-3"},"geometry":{"type":"LineString","coordinates":[[-67.55059,10.16931],[-67.55195,10.16942]]}},{"type":"Feature","id":"way/561123144","properties":{"name":"Calle Rivas D\u00e1vila","highway":"secondary","ref":"L-3"},"geometry":{"type":"LineString","coordinates":[[-67.54647,10.16838],[-67.54633,10.17066]]}},{"type":"Feature","id":"way/561123145","properties":{"name":"Calle Gran Dem\u00f3crata","highway":"secondary","ref":"L-3"},"geometry":{"type":"LineString","coordinates":[[-67.54633,10.17066],[-67.53584,10.16933]]}},{"type":"Feature","id":"way/561123163","properties":{"name":"Calle Piar","highway":"secondary","ref":"L-3"},"geometry":{"type":"LineString","coordinates":[[-67.5362,10.1729],[-67.53584,10.16933]]}},{"type":"Feature","id":"way/561125022","properties":{"name":"Calle Hern\u00e1ndez Nadal","highway":"secondary","ref":"R-10"},"geometry":{"type":"LineString","coordinates":[[-67.51118,10.17869],[-67.51207,10.17183]]}},{"type":"Feature","id":"way/561125023","properties":{"name":"Calle Bol\u00edvar","highway":"secondary","ref":"L-3"},"geometry":{"type":"LineString","coordinates":[[-67.51118,10.17869],[-67.50946,10.17846]]}},{"type":"Feature","id":"way/561125024","properties":{"name":"Carretera Santa Cruz - M\u00facura","highway":"secondary","ref":"R-10"},"geometry":{"type":"LineString","coordinates":[[-67.48367,10.08719],[-67.48361,10.08689]]}},{"type":"Feature","id":"way/561125025","properties":{"name":"Carretera Santa Cruz - M\u00facura","highway":"secondary","ref":"R-10"},"geometry":{"type":"LineString","coordinates":[[-67.48335,10.08714],[-67.48367,10.08719]]}},{"type":"Feature","id":"way/561125027","properties":{"name":"Retorno de La Horqueta","highway":"trunk_link"},"geometry":{"type":"LineString","coordinates":[[-67.48211,10.0875],[-67.48245,10.08784]]}},{"type":"Feature","id":"way/561125028","properties":{"name":"Retorno de La Horqueta","highway":"trunk_link"},"geometry":{"type":"LineString","coordinates":[[-67.48415,10.08611],[-67.48377,10.0859]]}},{"type":"Feature","id":"way/561125029","properties":{"name":"Retorno de M\u00facura","highway":"trunk_link"},"geometry":{"type":"LineString","coordinates":[[-67.49108,10.06972],[-67.49151,10.06978]]}},{"type":"Feature","id":"way/561125030","properties":{"name":"Retorno de M\u00facura","highway":"trunk_link"},"geometry":{"type":"LineString","coordinates":[[-67.49222,10.06762],[-67.49183,10.06751]]}},{"type":"Feature","id":"way/561345526","properties":{"name":"Retorno de Santa Mar\u00eda","highway":"trunk_link"},"geometry":{"type":"LineString","coordinates":[[-67.45791,10.10511],[-67.45823,10.10539]]}},{"type":"Feature","id":"way/561345528","properties":{"name":"Retorno de Bella Vista","highway":"trunk_link"},"geometry":{"type":"LineString","coordinates":[[-67.44861,10.12701],[-67.44813,10.12696]]}},{"type":"Feature","id":"way/561345529","properties":{"name":"Retorno de Bella Vista","highway":"trunk_link"},"geometry":{"type":"LineString","coordinates":[[-67.44812,10.12771],[-67.44853,10.12779]]}},{"type":"Feature","id":"way/561348788","properties":{"name":"Carretera La Victoria - Candelaria","highway":"secondary","ref":"L-4"},"geometry":{"type":"LineString","coordinates":[[-67.24067,10.12315],[-67.24153,10.12611],[-67.25271,10.13126],[-67.25978,10.13714],[-67.26391,10.14318],[-67.26567,10.14774],[-67.26807,10.1497],[-67.26854,10.15124],[-67.27057,10.15227],[-67.27136,10.15506],[-67.27668,10.15811],[-67.28104,10.15758],[-67.28123,10.15954],[-67.28272,10.15965],[-67.28459,10.16561],[-67.28688,10.16824],[-67.28744,10.17038],[-67.28764,10.16906],[-67.29106,10.16919],[-67.28976,10.17056],[-67.29487,10.17319],[-67.29289,10.17364],[-67.29394,10.17571],[-67.29377,10.17721],[-67.29254,10.17806],[-67.29344,10.17873],[-67.29305,10.18002],[-67.29069,10.18081],[-67.29542,10.18174],[-67.29731,10.17907],[-67.29893,10.17864],[-67.30003,10.1794],[-67.29969,10.18108],[-67.30123,10.18307],[-67.30295,10.1836],[-67.30407,10.18191],[-67.30602,10.18292],[-67.30618,10.18472],[-67.30748,10.18564],[-67.30677,10.18678],[-67.30875,10.18763],[-67.3069,10.19137],[-67.30887,10.19347],[-67.30964,10.19688],[-67.31665,10.20125],[-67.31814,10.20311],[-67.31815,10.20608],[-67.32042,10.20582],[-67.319,10.2065],[-67.31867,10.20778],[-67.32238,10.20986]]}},{"type":"Feature","id":"way/561352754","properties":{"name":"Carretera San Mateo - Zuata","highway":"tertiary","ref":"R-11"},"geometry":{"type":"LineString","coordinates":[[-67.41733,10.20837],[-67.41805,10.20972]]}},{"type":"Feature","id":"way/561352755","properties":{"name":"Carretera San Mateo - Zuata","highway":"tertiary","ref":"R-11"},"geometry":{"type":"LineString","coordinates":[[-67.41638,10.20631],[-67.41646,10.20666]]}},{"type":"Feature","id":"way/561352766","properties":{"name":"Calle Rudecindo Canel\u00f3n","highway":"primary","ref":"R-11"},"geometry":{"type":"LineString","coordinates":[[-67.33956,10.21683],[-67.33273,10.21933]]}},{"type":"Feature","id":"way/561352770","properties":{"name":"Avenida Francisco de Loreto","highway":"primary","ref":"L-1"},"geometry":{"type":"LineString","coordinates":[[-67.34016,10.22602],[-67.34245,10.22662]]}},{"type":"Feature","id":"way/561352771","properties":{"name":"Avenida Francisco de Loreto","highway":"primary","ref":"L-1;L-4"},"geometry":{"type":"LineString","coordinates":[[-67.33715,10.22614],[-67.338,10.22611]]}},{"type":"Feature","id":"way/561352773","properties":{"name":"Calle Col\u00f3n","highway":"primary","ref":"L-4"},"geometry":{"type":"LineString","coordinates":[[-67.34143,10.23066],[-67.34046,10.23052]]}},{"type":"Feature","id":"way/561352774","properties":{"name":"Calle Anselmo Cerro","highway":"primary","ref":"L-4"},"geometry":{"type":"LineString","coordinates":[[-67.34034,10.22851],[-67.34046,10.23052]]}},{"type":"Feature","id":"way/561352775","properties":{"name":"Avenida Francisco de Loreto","highway":"primary","ref":"L-1;L-4"},"geometry":{"type":"LineString","coordinates":[[-67.34015,10.22594],[-67.33345,10.22617]]}},{"type":"Feature","id":"way/561352776","properties":{"name":"Anselmo Cerro","highway":"primary","ref":"L-4"},"geometry":{"type":"LineString","coordinates":[[-67.34015,10.22594],[-67.34016,10.22602]]}},{"type":"Feature","id":"way/561352778","properties":{"name":"P\u00e1ez","highway":"primary","ref":"L-4"},"geometry":{"type":"LineString","coordinates":[[-67.34095,10.22745],[-67.34203,10.22674]]}},{"type":"Feature","id":"way/561363322","properties":{"name":"Distribuidor Tejer\u00edas","highway":"primary"},"geometry":{"type":"LineString","coordinates":[[-67.15274,10.25314],[-67.15279,10.25279]]}},{"type":"Feature","id":"way/561767193","properties":{"highway":"tertiary"},"geometry":{"type":"LineString","coordinates":[[-67.39026,10.37028],[-67.39441,10.37074],[-67.39642,10.37192],[-67.39509,10.37551],[-67.39913,10.37802],[-67.40089,10.37582]]}},{"type":"Feature","id":"way/561767195","properties":{"name":"V\u00eda Principal de San Luis","highway":"tertiary"},"geometry":{"type":"LineString","coordinates":[[-67.37096,10.39159],[-67.37207,10.39026],[-67.37053,10.38989],[-67.37634,10.38337],[-67.37603,10.38173],[-67.37454,10.38162],[-67.37458,10.37964],[-67.37304,10.37976],[-67.37308,10.37854],[-67.37709,10.37187]]}},{"type":"Feature","id":"way/561767197","properties":{"name":"Carretera Colonia Tovar - El Junquito","highway":"primary","ref":"L-4"},"geometry":{"type":"LineString","coordinates":[[-67.24136,10.42067],[-67.24685,10.42299],[-67.24769,10.42192],[-67.24707,10.42039],[-67.24797,10.41966],[-67.25336,10.41901],[-67.25483,10.42075],[-67.2589,10.4211],[-67.26566,10.41835],[-67.26673,10.41662],[-67.26838,10.41902],[-67.2697,10.41788],[-67.26944,10.4161],[-67.2704,10.41455],[-67.27397,10.41411],[-67.27732,10.41175],[-67.27785,10.41275],[-67.27928,10.41211],[-67.27982,10.41295],[-67.28308,10.41151],[-67.28591,10.41161],[-67.28881,10.40963]]}},{"type":"Feature","id":"way/561767199","properties":{"name":"Calle Bol\u00edvar","highway":"tertiary"},"geometry":{"type":"LineString","coordinates":[[-67.28734,10.40792],[-67.2887,10.40754]]}},{"type":"Feature","id":"way/561789981","properties":{"name":"Carretera Tejer\u00edas - Tiara","highway":"secondary","ref":"L-2"},"geometry":{"type":"LineString","coordinates":[[-67.1598,10.25218],[-67.15991,10.25177]]}},{"type":"Feature","id":"way/561789982","properties":{"name":"Carretera Tejer\u00edas - Tiara","highway":"secondary","ref":"L-2"},"geometry":{"type":"LineString","coordinates":[[-67.15991,10.25177],[-67.16016,10.25085]]}},{"type":"Feature","id":"way/561789983","properties":{"name":"Carretera Principal de Tiara","highway":"secondary","ref":"L-2"},"geometry":{"type":"LineString","coordinates":[[-67.12716,10.13884],[-67.12749,10.137],[-67.13086,10.14008],[-67.13197,10.14014],[-67.13384,10.13817],[-67.1345,10.1396],[-67.13541,10.13821],[-67.13707,10.1385],[-67.13788,10.13596],[-67.13961,10.13552],[-67.14011,10.13681],[-67.14181,10.13373],[-67.14593,10.13156],[-67.14723,10.13169],[-67.15307,10.12836],[-67.15734,10.12832]]}},{"type":"Feature","id":"way/561789984","properties":{"name":"Carretera Tiara - La Candelaria","highway":"secondary","ref":"L-2"},"geometry":{"type":"LineString","coordinates":[[-67.23585,10.12301],[-67.22847,10.128],[-67.22285,10.12759],[-67.22285,10.12559],[-67.22149,10.12516],[-67.2202,10.12544],[-67.21886,10.12736],[-67.2146,10.12728],[-67.20826,10.12362],[-67.20747,10.12499],[-67.20671,10.12336],[-67.20226,10.12374],[-67.20237,10.12284],[-67.2071,10.12151],[-67.20693,10.11921],[-67.20333,10.11452],[-67.19974,10.11511],[-67.19693,10.11384],[-67.19454,10.11426],[-67.19376,10.11685],[-67.19224,10.11609],[-67.18611,10.11753],[-67.18619,10.12017],[-67.18404,10.12341],[-67.18456,10.12453],[-67.17989,10.12492],[-67.17463,10.1238],[-67.16902,10.12479],[-67.16581,10.12208]]}},{"type":"Feature","id":"way/561789985","properties":{"name":"Carretera Tiara - La Candelaria","highway":"secondary","ref":"L-2"},"geometry":{"type":"LineString","coordinates":[[-67.23635,10.12295],[-67.24067,10.12315]]}},{"type":"Feature","id":"way/561789986","properties":{"name":"Carretera Tiara - La Candelaria","highway":"secondary","ref":"L-2"},"geometry":{"type":"LineString","coordinates":[[-67.23635,10.12295],[-67.23585,10.12301]]}},{"type":"Feature","id":"way/561789987","properties":{"name":"Carretera Principal de Tiara","highway":"secondary","ref":"L-2"},"geometry":{"type":"LineString","coordinates":[[-67.16581,10.12208],[-67.16315,10.12216],[-67.15734,10.12832]]}},{"type":"Feature","id":"way/561800918","properties":{"highway":"secondary"},"geometry":{"type":"LineString","coordinates":[[-67.01792,10.0001],[-67.01718,9.99966]]}},{"type":"Feature","id":"way/561803743","properties":{"name":"V\u00eda a Boca de Zuata","highway":"tertiary"},"geometry":{"type":"LineString","coordinates":[[-67.02369,9.92566],[-67.02302,9.92465],[-67.02695,9.91979],[-67.03015,9.91988],[-67.03174,9.91802],[-67.03694,9.91804],[-67.04013,9.91562],[-67.04112,9.91351],[-67.04079,9.90953],[-67.03915,9.90778],[-67.03958,9.90662],[-67.0414,9.90594],[-67.04271,9.90328],[-67.05024,9.9],[-67.05799,9.8936],[-67.06478,9.8923],[-67.07067,9.88914],[-67.07266,9.8893],[-67.07356,9.88804],[-67.07914,9.88833]]}},{"type":"Feature","id":"way/561803744","properties":{"name":"V\u00eda a Mor\u00edn","highway":"secondary","ref":"R-3"},"geometry":{"type":"LineString","coordinates":[[-66.97735,9.91229],[-66.97261,9.91664],[-66.97194,9.92154],[-66.96652,9.92326],[-66.96598,9.92534],[-66.96317,9.92796],[-66.95586,9.93052],[-66.95169,9.92615],[-66.94908,9.92591],[-66.94658,9.92384],[-66.94634,9.91834],[-66.94315,9.91745],[-66.94039,9.91783],[-66.93948,9.91693],[-66.93745,9.91717],[-66.93275,9.91565],[-66.9235,9.91843]]}},{"type":"Feature","id":"way/561803745","properties":{"name":"Carretera Ocumare del Tuy - Mor\u00edn","highway":"tertiary","ref":"R-3"},"geometry":{"type":"LineString","coordinates":[[-66.91854,9.91894],[-66.91922,9.92104],[-66.91807,9.92402],[-66.90863,9.91839],[-66.90698,9.91932],[-66.90117,9.91898],[-66.88887,9.92442],[-66.88421,9.9253],[-66.88008,9.92472],[-66.87832,9.92605],[-66.87769,9.92514],[-66.87511,9.92639],[-66.86601,9.93286],[-66.86675,9.93412],[-66.86494,9.93657],[-66.8625,9.93782],[-66.85941,9.94262],[-66.85939,9.94432],[-66.85543,9.94433],[-66.85394,9.94517],[-66.85258,9.95057],[-66.85111,9.9505],[-66.84748,9.95777],[-66.84659,9.96197],[-66.84437,9.96384],[-66.84461,9.96584],[-66.84352,9.9653],[-66.84062,9.9669],[-66.83955,9.96657],[-66.83574,9.96946],[-66.83361,9.96851],[-66.8302,9.97248],[-66.82689,9.97294],[-66.8255,9.97573],[-66.82791,9.97818],[-66.82786,9.97966],[-66.82404,9.98415],[-66.82252,9.9844]]}},{"type":"Feature","id":"way/561803749","properties":{"name":"Carretera Ocumare del Tuy - Mor\u00edn","highway":"tertiary","ref":"R-12"},"geometry":{"type":"LineString","coordinates":[[-66.80641,10.02453],[-66.80471,10.0232],[-66.80504,10.02166],[-66.80259,10.0173],[-66.80235,10.0143],[-66.80527,10.01447],[-66.80619,10.01352],[-66.80815,10.01495],[-66.81261,10.01168],[-66.81287,10.00912],[-66.81111,10.00616],[-66.81497,10.00508],[-66.8163,10.00382],[-66.81727,9.99991],[-66.81643,9.99636],[-66.81909,9.99775],[-66.82084,9.9964],[-66.82059,9.99481],[-66.81904,9.9952],[-66.81826,9.99215],[-66.81911,9.99077],[-66.82083,9.99072],[-66.82165,9.98745],[-66.82354,9.98719],[-66.82226,9.98662],[-66.82252,9.9844]]}},{"type":"Feature","id":"way/561809539","properties":{"highway":"tertiary","ref":"R-2"},"geometry":{"type":"LineString","coordinates":[[-66.9039,9.78646],[-66.90528,9.78738],[-66.91041,9.78681]]}},{"type":"Feature","id":"way/561809542","properties":{"highway":"tertiary","ref":"R-2"},"geometry":{"type":"LineString","coordinates":[[-66.91041,9.78681],[-66.91059,9.7943],[-66.90763,9.79972],[-66.88894,9.80811]]}},{"type":"Feature","id":"way/561809546","properties":{"highway":"tertiary","ref":"R-2"},"geometry":{"type":"LineString","coordinates":[[-66.87935,9.79298],[-66.89935,9.78961],[-66.90106,9.78589],[-66.9039,9.78646]]}},{"type":"Feature","id":"way/561825395","properties":{"name":"Eje Rural de La Pe\u00f1ita","highway":"secondary","ref":"R-1"},"geometry":{"type":"LineString","coordinates":[[-66.66069,9.6414],[-66.66062,9.64447],[-66.66401,9.65602],[-66.66438,9.66224],[-66.66846,9.66575],[-66.66878,9.66755],[-66.66386,9.67569],[-66.66058,9.69255],[-66.66292,9.69743],[-66.66296,9.70094],[-66.65704,9.71429],[-66.65713,9.71971],[-66.6512,9.72838],[-66.64631,9.73146],[-66.64475,9.73447]]}},{"type":"Feature","id":"way/561825396","properties":{"name":"Eje Rural de La Pe\u00f1ita","highway":"secondary","ref":"R-1"},"geometry":{"type":"LineString","coordinates":[[-66.64475,9.73447],[-66.64219,9.73524]]}},{"type":"Feature","id":"way/561825397","properties":{"name":"Eje Rural de La Pe\u00f1ita","highway":"secondary","ref":"R-1"},"geometry":{"type":"LineString","coordinates":[[-66.64475,9.73447],[-66.64593,9.73673]]}},{"type":"Feature","id":"way/598051714","properties":{"name":"V\u00eda a Gu\u00e1sima","highway":"tertiary"},"geometry":{"type":"LineString","coordinates":[[-66.83986,9.64612],[-66.83952,9.6531]]}},{"type":"Feature","id":"way/598051717","properties":{"name":"V\u00eda a Gu\u00e1sima","highway":"tertiary"},"geometry":{"type":"LineString","coordinates":[[-66.83986,9.64612],[-66.83261,9.64785]]}},{"type":"Feature","id":"way/604714088","properties":{"highway":"tertiary"},"geometry":{"type":"LineString","coordinates":[[-67.20466,10.3625],[-67.20377,10.36231],[-67.20241,10.36437],[-67.19953,10.36596],[-67.20175,10.37015],[-67.20034,10.37125],[-67.19804,10.37018],[-67.19884,10.37186],[-67.19806,10.37167],[-67.19791,10.37369]]}},{"type":"Feature","id":"way/604714090","properties":{"highway":"tertiary"},"geometry":{"type":"LineString","coordinates":[[-67.19025,10.35218],[-67.19666,10.35145],[-67.20171,10.35692],[-67.20246,10.3615],[-67.20466,10.3625]]}},{"type":"Feature","id":"way/606028341","properties":{"highway":"tertiary"},"geometry":{"type":"LineString","coordinates":[[-67.24043,10.12305],[-67.24028,10.11594],[-67.24366,10.11427],[-67.24245,10.11354],[-67.24446,10.10946],[-67.24228,10.10832],[-67.24499,10.10588],[-67.24222,10.10596],[-67.24322,10.1048],[-67.24177,10.10474],[-67.2389,10.09775],[-67.23744,10.09575],[-67.23593,10.09615],[-67.23593,10.09452],[-67.23495,10.09391]]}},{"type":"Feature","id":"way/606028345","properties":{"highway":"tertiary"},"geometry":{"type":"LineString","coordinates":[[-67.37707,10.1018],[-67.37329,10.09884]]}},{"type":"Feature","id":"way/646996163","properties":{"name":"Distribuidor San Mateo","highway":"motorway_link"},"geometry":{"type":"LineString","coordinates":[[-67.45349,10.2081],[-67.45349,10.20803]]}},{"type":"Feature","id":"way/678753363","properties":{"name":"Carretera Vieja San Mateo- La Encrucijada","highway":"primary","ref":"L-1"},"geometry":{"type":"LineString","coordinates":[[-67.46222,10.20342],[-67.46184,10.20375]]}},{"type":"Feature","id":"way/679275785","properties":{"name":"Redoma de La Encrucijada","highway":"trunk","ref":"T-2;L-1"},"geometry":{"type":"LineString","coordinates":[[-67.47345,10.20457],[-67.47325,10.20433]]}},{"type":"Feature","id":"way/679290177","properties":{"name":"Carretera Regional La Victoria - Zuata","highway":"primary","ref":"R-11"},"geometry":{"type":"LineString","coordinates":[[-67.39155,10.16985],[-67.39146,10.16999]]}},{"type":"Feature","id":"way/679290184","properties":{"name":"Carretera Vieja San Mateo - La Victoria","highway":"primary","ref":"L-1"},"geometry":{"type":"LineString","coordinates":[[-67.34598,10.22607],[-67.3462,10.22606]]}},{"type":"Feature","id":"way/679290185","properties":{"name":"Carretera Vieja San Mateo - La Victoria","highway":"primary","ref":"L-1"},"geometry":{"type":"LineString","coordinates":[[-67.34381,10.22637],[-67.34598,10.22607]]}},{"type":"Feature","id":"way/679909119","properties":{"name":"Rampa de Tapa Tapa","highway":"motorway_link"},"geometry":{"type":"LineString","coordinates":[[-67.6302,10.25516],[-67.63229,10.25608]]}},{"type":"Feature","id":"way/679909120","properties":{"name":"Rampa de Tapa Tapa","highway":"motorway_link"},"geometry":{"type":"LineString","coordinates":[[-67.63131,10.25453],[-67.6343,10.25581],[-67.63405,10.2566],[-67.63301,10.25631]]}},{"type":"Feature","id":"way/679909121","properties":{"highway":"primary_link"},"geometry":{"type":"LineString","coordinates":[[-67.6331,10.2533],[-67.6328,10.25298]]}},{"type":"Feature","id":"way/679914336","properties":{"name":"Avenida Universidad","highway":"primary","ref":"L-7"},"geometry":{"type":"LineString","coordinates":[[-67.6413,10.31046],[-67.64358,10.31536]]}},{"type":"Feature","id":"way/680089463","properties":{"name":"Av. Ayacucho","highway":"tertiary"},"geometry":{"type":"LineString","coordinates":[[-67.61139,10.24883],[-67.6114,10.24904]]}},{"type":"Feature","id":"way/680089465","properties":{"name":"Av. Ayacucho","highway":"tertiary"},"geometry":{"type":"LineString","coordinates":[[-67.6115,10.24907],[-67.61154,10.24888]]}},{"type":"Feature","id":"way/680098540","properties":{"highway":"primary_link"},"geometry":{"type":"LineString","coordinates":[[-67.61705,10.25531],[-67.61715,10.25557]]}},{"type":"Feature","id":"way/680098541","properties":{"name":"Avenida Ram\u00f3n Narv\u00e1ez","highway":"primary_link"},"geometry":{"type":"LineString","coordinates":[[-67.61727,10.25505],[-67.617,10.2552]]}},{"type":"Feature","id":"way/680098542","properties":{"name":"Avenida Ram\u00f3n Narv\u00e1ez","highway":"primary_link"},"geometry":{"type":"LineString","coordinates":[[-67.61754,10.25532],[-67.61737,10.255]]}},{"type":"Feature","id":"way/680098543","properties":{"highway":"primary_link"},"geometry":{"type":"LineString","coordinates":[[-67.61723,10.2556],[-67.61752,10.25542]]}},{"type":"Feature","id":"way/680979622","properties":{"highway":"primary_link"},"geometry":{"type":"LineString","coordinates":[[-67.62457,10.28757],[-67.62497,10.28786]]}},{"type":"Feature","id":"way/681164665","properties":{"name":"Av. Casanova Godoy","highway":"tertiary","ref":"R-7"},"geometry":{"type":"LineString","coordinates":[[-67.55579,10.24453],[-67.5559,10.24464]]}},{"type":"Feature","id":"way/681164666","properties":{"name":"Avenida Jos\u00e9 Casanova Godoy","highway":"tertiary","ref":"R-7"},"geometry":{"type":"LineString","coordinates":[[-67.54833,10.23966],[-67.55182,10.23972],[-67.55579,10.24453]]}},{"type":"Feature","id":"way/681164673","properties":{"name":"Avenida Jos\u00e9 Casanova Godoy","highway":"tertiary","ref":"R-7"},"geometry":{"type":"LineString","coordinates":[[-67.5559,10.24443],[-67.55153,10.23938],[-67.54725,10.23999]]}},{"type":"Feature","id":"way/681164681","properties":{"name":"Av. Casanova Godoy","highway":"tertiary","ref":"R-7"},"geometry":{"type":"LineString","coordinates":[[-67.556,10.24456],[-67.5559,10.24443]]}},{"type":"Feature","id":"way/681167858","properties":{"name":"Avenida Bol\u00edvar","highway":"primary","ref":"L-1"},"geometry":{"type":"LineString","coordinates":[[-67.61414,10.25455],[-67.61398,10.25451]]}},{"type":"Feature","id":"way/681167872","properties":{"name":"Avenida Bol\u00edvar","highway":"primary","ref":"L-1"},"geometry":{"type":"LineString","coordinates":[[-67.61396,10.25461],[-67.61411,10.25464]]}},{"type":"Feature","id":"way/681167879","properties":{"name":"Avenida Bol\u00edvar","highway":"primary","ref":"L-1"},"geometry":{"type":"LineString","coordinates":[[-67.60829,10.25335],[-67.61396,10.25461]]}},{"type":"Feature","id":"way/681167887","properties":{"name":"Avenida Bol\u00edvar","highway":"primary","ref":"L-1"},"geometry":{"type":"LineString","coordinates":[[-67.61398,10.25451],[-67.60952,10.25352]]}},{"type":"Feature","id":"way/681220404","properties":{"name":"Carretera Regional Villa de Cura - G\u00fcig\u00fce","highway":"primary","ref":"T-11"},"geometry":{"type":"LineString","coordinates":[[-67.5036,10.04445],[-67.50374,10.04445]]}},{"type":"Feature","id":"way/681220405","properties":{"name":"Avenida Bol\u00edvar","highway":"primary","ref":"T-11"},"geometry":{"type":"LineString","coordinates":[[-67.49793,10.04062],[-67.5036,10.04445]]}},{"type":"Feature","id":"way/701624074","properties":{"highway":"secondary"},"geometry":{"type":"LineString","coordinates":[[-67.57486,10.21703],[-67.57464,10.21699]]}},{"type":"Feature","id":"way/701624075","properties":{"highway":"primary"},"geometry":{"type":"LineString","coordinates":[[-67.57486,10.21703],[-67.57483,10.21711]]}},{"type":"Feature","id":"way/701624076","properties":{"highway":"secondary"},"geometry":{"type":"LineString","coordinates":[[-67.57483,10.21711],[-67.57503,10.21716]]}},{"type":"Feature","id":"way/701624077","properties":{"highway":"primary"},"geometry":{"type":"LineString","coordinates":[[-67.57503,10.21716],[-67.57506,10.2171]]}},{"type":"Feature","id":"way/701624078","properties":{"highway":"secondary"},"geometry":{"type":"LineString","coordinates":[[-67.57464,10.21699],[-67.57451,10.21696]]}},{"type":"Feature","id":"way/701624079","properties":{"highway":"primary"},"geometry":{"type":"LineString","coordinates":[[-67.57492,10.21684],[-67.57486,10.21703]]}},{"type":"Feature","id":"way/758178197","properties":{"highway":"primary_link","ref":"L-6"},"geometry":{"type":"LineString","coordinates":[[-67.59226,10.25344],[-67.59144,10.25376]]}},{"type":"Feature","id":"way/758180972","properties":{"highway":"primary_link"},"geometry":{"type":"LineString","coordinates":[[-67.57281,10.27806],[-67.5727,10.2785]]}},{"type":"Feature","id":"way/758180973","properties":{"highway":"primary_link","ref":"L-6"},"geometry":{"type":"LineString","coordinates":[[-67.57307,10.27809],[-67.57281,10.27806]]}},{"type":"Feature","id":"way/758190151","properties":{"highway":"trunk_link","ref":"T-2;T-11"},"geometry":{"type":"LineString","coordinates":[[-67.4916,10.04464],[-67.49138,10.04476]]}},{"type":"Feature","id":"way/762045912","properties":{"name":"Autopista Regional del Centro","highway":"motorway","ref":"T-1"},"geometry":{"type":"LineString","coordinates":[[-67.31604,10.22229],[-67.31559,10.22248]]}},{"type":"Feature","id":"way/762045913","properties":{"name":"Autopista Regional del Centro","highway":"motorway","ref":"T-1"},"geometry":{"type":"LineString","coordinates":[[-67.31632,10.22216],[-67.31604,10.22229]]}},{"type":"Feature","id":"way/762045914","properties":{"name":"Autopista Regional del Centro","highway":"motorway","ref":"T-1"},"geometry":{"type":"LineString","coordinates":[[-67.31614,10.22242],[-67.31635,10.22233]]}},{"type":"Feature","id":"way/762045915","properties":{"name":"Autopista Regional del Centro","highway":"motorway","ref":"T-1"},"geometry":{"type":"LineString","coordinates":[[-67.31564,10.22262],[-67.31614,10.22242]]}},{"type":"Feature","id":"way/762045916","properties":{"name":"Distribuidor La Victoria","highway":"motorway_link"},"geometry":{"type":"LineString","coordinates":[[-67.31642,10.22245],[-67.31815,10.22155]]}},{"type":"Feature","id":"way/762045917","properties":{"name":"Distribuidor La Victoria","highway":"motorway_link"},"geometry":{"type":"LineString","coordinates":[[-67.31615,10.22263],[-67.31642,10.22245]]}},{"type":"Feature","id":"way/762905378","properties":{"name":"Carretera Vieja San Mateo- La Encrucijada","highway":"primary","ref":"L-1;R-19"},"geometry":{"type":"LineString","coordinates":[[-67.463,10.19606],[-67.46286,10.19611]]}},{"type":"Feature","id":"way/791933326","properties":{"name":"V\u00eda a Gu\u00e1sima","highway":"tertiary"},"geometry":{"type":"LineString","coordinates":[[-66.84757,9.64894],[-66.83952,9.6531]]}},{"type":"Feature","id":"way/791933327","properties":{"name":"V\u00eda a Gu\u00e1sima","highway":"tertiary"},"geometry":{"type":"LineString","coordinates":[[-66.84802,9.64897],[-66.84757,9.64894]]}},{"type":"Feature","id":"way/848008111","properties":{"highway":"trunk_link"},"geometry":{"type":"LineString","coordinates":[[-67.44869,10.17461],[-67.44837,10.17473]]}},{"type":"Feature","id":"way/848008112","properties":{"highway":"trunk_link"},"geometry":{"type":"LineString","coordinates":[[-67.44859,10.17548],[-67.44893,10.17538]]}},{"type":"Feature","id":"way/848008113","properties":{"highway":"trunk_link"},"geometry":{"type":"LineString","coordinates":[[-67.44871,10.17571],[-67.4485,10.17596]]}},{"type":"Feature","id":"way/848637149","properties":{"highway":"primary_link"},"geometry":{"type":"LineString","coordinates":[[-67.59024,10.26066],[-67.59004,10.26074]]}},{"type":"Feature","id":"way/856714770","properties":{"name":"Carretera Santa Cruz - La Julia","highway":"secondary","ref":"R-16"},"geometry":{"type":"LineString","coordinates":[[-67.49917,10.19765],[-67.49555,10.2025]]}},{"type":"Feature","id":"way/856714771","properties":{"name":"Carretera Santa Cruz - La Julia","highway":"secondary","ref":"R-16"},"geometry":{"type":"LineString","coordinates":[[-67.49555,10.2025],[-67.48844,10.21029]]}},{"type":"Feature","id":"way/859169788","properties":{"highway":"tertiary"},"geometry":{"type":"LineString","coordinates":[[-67.77358,10.46869],[-67.77352,10.46842]]}},{"type":"Feature","id":"way/859169789","properties":{"highway":"tertiary"},"geometry":{"type":"LineString","coordinates":[[-67.77313,10.47039],[-67.77358,10.46869]]}},{"type":"Feature","id":"way/859169790","properties":{"highway":"tertiary"},"geometry":{"type":"LineString","coordinates":[[-67.77071,10.46621],[-67.77073,10.46656]]}},{"type":"Feature","id":"way/859187876","properties":{"name":"Autopista Regional del Centro","highway":"motorway","ref":"T-1"},"geometry":{"type":"LineString","coordinates":[[-67.26492,10.23053],[-67.25582,10.23207],[-67.24532,10.23555]]}},{"type":"Feature","id":"way/859187877","properties":{"name":"Autopista Regional del Centro","highway":"motorway","ref":"T-1"},"geometry":{"type":"LineString","coordinates":[[-67.26519,10.23042],[-67.26492,10.23053]]}},{"type":"Feature","id":"way/859187878","properties":{"name":"Autopista Regional del Centro","highway":"motorway","ref":"T-1"},"geometry":{"type":"LineString","coordinates":[[-67.265,10.23065],[-67.26527,10.23054]]}},{"type":"Feature","id":"way/859187879","properties":{"name":"Autopista Regional del Centro","highway":"motorway","ref":"T-1"},"geometry":{"type":"LineString","coordinates":[[-67.24532,10.23569],[-67.25718,10.23187],[-67.265,10.23065]]}},{"type":"Feature","id":"way/862550868","properties":{"name":"Autopista Regional del Centro","highway":"motorway","ref":"T-1"},"geometry":{"type":"LineString","coordinates":[[-67.45025,10.20778],[-67.45114,10.20789]]}},{"type":"Feature","id":"way/862550869","properties":{"name":"Autopista Regional del Centro","highway":"motorway","ref":"T-1"},"geometry":{"type":"LineString","coordinates":[[-67.44943,10.20773],[-67.45025,10.20778]]}},{"type":"Feature","id":"way/862550870","properties":{"name":"Autopista Regional del Centro","highway":"motorway","ref":"T-1"},"geometry":{"type":"LineString","coordinates":[[-67.45018,10.20762],[-67.44951,10.20756]]}},{"type":"Feature","id":"way/862550871","properties":{"name":"Autopista Regional del Centro","highway":"motorway","ref":"T-1"},"geometry":{"type":"LineString","coordinates":[[-67.45296,10.20802],[-67.45018,10.20762]]}},{"type":"Feature","id":"way/862550872","properties":{"name":"Autopista Regional del Centro","highway":"motorway","ref":"T-1"},"geometry":{"type":"LineString","coordinates":[[-67.37807,10.20928],[-67.37827,10.20934]]}},{"type":"Feature","id":"way/862550873","properties":{"name":"Autopista Regional del Centro","highway":"motorway","ref":"T-1"},"geometry":{"type":"LineString","coordinates":[[-67.37345,10.20883],[-67.37807,10.20928]]}},{"type":"Feature","id":"way/862550874","properties":{"name":"Autopista Regional del Centro","highway":"motorway","ref":"T-1"},"geometry":{"type":"LineString","coordinates":[[-67.37817,10.20914],[-67.37345,10.20869]]}},{"type":"Feature","id":"way/862550875","properties":{"name":"Autopista Regional del Centro","highway":"motorway","ref":"T-1"},"geometry":{"type":"LineString","coordinates":[[-67.37835,10.2092],[-67.37817,10.20914]]}},{"type":"Feature","id":"way/875324189","properties":{"name":"Calle Carre\u00f1o","highway":"tertiary","ref":"R-16"},"geometry":{"type":"LineString","coordinates":[[-67.47067,10.23366],[-67.46946,10.23609]]}},{"type":"Feature","id":"way/875338085","properties":{"name":"Retorno","highway":"primary_link"},"geometry":{"type":"LineString","coordinates":[[-67.50923,10.22638],[-67.50936,10.22598]]}},{"type":"Feature","id":"way/875340063","properties":{"name":"C. Los Proceres","highway":"tertiary"},"geometry":{"type":"LineString","coordinates":[[-67.51712,10.22787],[-67.51667,10.22767]]}},{"type":"Feature","id":"way/880764888","properties":{"name":"Carretera San Mateo - Zuata","highway":"tertiary","ref":"R-11"},"geometry":{"type":"LineString","coordinates":[[-67.41724,10.20806],[-67.41733,10.20837]]}},{"type":"Feature","id":"way/880764889","properties":{"name":"Carretera San Mateo - Zuata","highway":"tertiary","ref":"R-11"},"geometry":{"type":"LineString","coordinates":[[-67.41646,10.20666],[-67.41724,10.20806]]}},{"type":"Feature","id":"way/889984062","properties":{"name":"Avenida Aragua","highway":"tertiary"},"geometry":{"type":"LineString","coordinates":[[-67.58731,10.22974],[-67.58744,10.2298]]}},{"type":"Feature","id":"way/889984063","properties":{"name":"Avenida Fuerzas A\u00e9reas","highway":"tertiary"},"geometry":{"type":"LineString","coordinates":[[-67.58731,10.22974],[-67.58627,10.23738],[-67.58737,10.24383]]}},{"type":"Feature","id":"way/889984064","properties":{"name":"Avenida Aragua","highway":"tertiary"},"geometry":{"type":"LineString","coordinates":[[-67.58733,10.22961],[-67.58378,10.22673],[-67.57874,10.22542],[-67.57646,10.22707],[-67.5729,10.22724]]}},{"type":"Feature","id":"way/889984065","properties":{"name":"Avenida Aragua","highway":"tertiary"},"geometry":{"type":"LineString","coordinates":[[-67.58745,10.22969],[-67.58733,10.22961]]}},{"type":"Feature","id":"way/889984066","properties":{"name":"Avenida Fuerzas A\u00e9reas","highway":"tertiary"},"geometry":{"type":"LineString","coordinates":[[-67.58744,10.2298],[-67.58745,10.22969]]}},{"type":"Feature","id":"way/889984067","properties":{"name":"Avenida Aragua","highway":"tertiary"},"geometry":{"type":"LineString","coordinates":[[-67.58744,10.2298],[-67.59656,10.23223]]}},{"type":"Feature","id":"way/942842888","properties":{"name":"Carretera Nacional San Juan - Villa de Cura","highway":"trunk","ref":"T-2"},"geometry":{"type":"LineString","coordinates":[[-67.39768,9.9742],[-67.39745,9.97405]]}},{"type":"Feature","id":"way/942842889","properties":{"name":"Carretera Nacional San Juan - Villa de Cura","highway":"trunk","ref":"T-2;T-11"},"geometry":{"type":"LineString","coordinates":[[-67.39737,9.97397],[-67.39745,9.97405]]}},{"type":"Feature","id":"way/963300653","properties":{"name":"Carretera Regional C\u00faa - San Casimiro","highway":"trunk","ref":"L-5"},"geometry":{"type":"LineString","coordinates":[[-67.01475,9.99863],[-67.00964,10.00227],[-66.99462,10.00522],[-66.99194,10.00978],[-66.98426,10.01545],[-66.98118,10.0208],[-66.97655,10.02587],[-66.96643,10.03245],[-66.96339,10.0319],[-66.95963,10.03369],[-66.95808,10.03658],[-66.95336,10.03811]]}},{"type":"Feature","id":"way/973180656","properties":{"name":"Eje Rural de La Pe\u00f1ita","highway":"secondary","ref":"R-22"},"geometry":{"type":"LineString","coordinates":[[-66.58062,9.55475],[-66.58011,9.55373],[-66.58551,9.54692],[-66.58826,9.54065],[-66.59078,9.53056],[-66.5899,9.52558],[-66.59046,9.52213],[-66.58841,9.51718],[-66.5857,9.51385],[-66.58337,9.50531],[-66.57955,9.50023],[-66.58307,9.4888],[-66.58335,9.4815],[-66.58538,9.47149],[-66.58515,9.4662],[-66.58773,9.45603],[-66.58512,9.45013],[-66.57947,9.44297],[-66.58051,9.43754],[-66.58247,9.43546],[-66.58595,9.43456],[-66.59202,9.43052],[-66.59325,9.41966],[-66.60559,9.40645],[-66.61243,9.40262],[-66.6136,9.39516],[-66.61413,9.3943],[-66.61534,9.39468],[-66.61692,9.39188]]}},{"type":"Feature","id":"way/985493599","properties":{"name":"Carretera Nacional Maracay - Mariara","highway":"primary","ref":"L-1"},"geometry":{"type":"LineString","coordinates":[[-67.67304,10.25623],[-67.67449,10.25605],[-67.6755,10.25713]]}},{"type":"Feature","id":"way/985545397","properties":{"name":"Carretera Regional Camatagua - Altagracia","highway":"primary","ref":"T-11"},"geometry":{"type":"LineString","coordinates":[[-66.81001,9.74715],[-66.81283,9.74882]]}},{"type":"Feature","id":"way/985545398","properties":{"name":"Carretera Regional San Sebasti\u00e1n - Camatagua","highway":"trunk","ref":"T-11"},"geometry":{"type":"LineString","coordinates":[[-66.90716,9.86035],[-66.89312,9.84872],[-66.89398,9.83087],[-66.88537,9.80681]]}},{"type":"Feature","id":"way/985545399","properties":{"name":"Carretera Regional El Sombrero - Barbacoas","highway":"trunk","ref":"L-8"},"geometry":{"type":"LineString","coordinates":[[-66.99541,9.41568],[-66.99077,9.42649],[-66.97729,9.44625],[-66.97682,9.46991],[-66.97015,9.47687]]}},{"type":"Feature","id":"way/985568721","properties":{"name":"Carretera Regional C\u00faa - San Casimiro","highway":"trunk","ref":"L-5"},"geometry":{"type":"LineString","coordinates":[[-67.01691,9.99535],[-67.01475,9.99863]]}},{"type":"Feature","id":"way/985568722","properties":{"name":"Carretera Regional San Juan - Sebasti\u00e1n","highway":"primary","ref":"T-11"},"geometry":{"type":"LineString","coordinates":[[-67.18672,9.9342],[-67.18295,9.93556],[-67.18092,9.93503]]}},{"type":"Feature","id":"way/985568723","properties":{"name":"V\u00eda a Boca de Zuata","highway":"tertiary"},"geometry":{"type":"LineString","coordinates":[[-67.09893,9.8989],[-67.09786,9.90203],[-67.0982,9.90537],[-67.10189,9.9085],[-67.10369,9.91271],[-67.10215,9.91658]]}},{"type":"Feature","id":"way/985568724","properties":{"name":"V\u00eda Principal de Boca de Zuata","highway":"tertiary"},"geometry":{"type":"LineString","coordinates":[[-67.07914,9.88833],[-67.08494,9.88819],[-67.09059,9.88981],[-67.09478,9.8926],[-67.09893,9.8989]]}},{"type":"Feature","id":"way/985568726","properties":{"highway":"tertiary","ref":"R-3"},"geometry":{"type":"LineString","coordinates":[[-66.9235,9.91843],[-66.91854,9.91894]]}},{"type":"Feature","id":"way/985568729","properties":{"name":"Carretera La Pe\u00f1ita - El M\u00e9dano","highway":"tertiary","ref":"R-20"},"geometry":{"type":"LineString","coordinates":[[-66.58125,9.56346],[-66.58193,9.55638],[-66.58062,9.55475]]}},{"type":"Feature","id":"way/985627674","properties":{"name":"Calle Campo Elias","highway":"tertiary","ref":"R-9"},"geometry":{"type":"LineString","coordinates":[[-67.54804,10.1684],[-67.54801,10.16745]]}},{"type":"Feature","id":"way/985627680","properties":{"name":"Carretera Regional Villa de Cura - G\u00fcig\u00fce","highway":"primary","ref":"T-11"},"geometry":{"type":"LineString","coordinates":[[-67.61058,10.10069],[-67.61966,10.10004]]}},{"type":"Feature","id":"way/985627681","properties":{"highway":"trunk_link","ref":"T-2;T-11"},"geometry":{"type":"LineString","coordinates":[[-67.49037,10.04376],[-67.4903,10.04383]]}},{"type":"Feature","id":"way/985627684","properties":{"highway":"trunk_link"},"geometry":{"type":"LineString","coordinates":[[-67.48811,10.04178],[-67.48842,10.04185]]}},{"type":"Feature","id":"way/985627685","properties":{"highway":"trunk_link","ref":"T-2;T-11"},"geometry":{"type":"LineString","coordinates":[[-67.48866,10.04209],[-67.48857,10.04218]]}},{"type":"Feature","id":"way/985627687","properties":{"highway":"trunk_link"},"geometry":{"type":"LineString","coordinates":[[-67.48038,10.03829],[-67.48076,10.03828]]}},{"type":"Feature","id":"way/985627689","properties":{"name":"Avenida Lisandro Hern\u00e1ndez","highway":"trunk","ref":"T-2"},"geometry":{"type":"LineString","coordinates":[[-67.47717,10.03719],[-67.47699,10.0338]]}},{"type":"Feature","id":"way/985627690","properties":{"name":"Avenida Lisandro Hern\u00e1ndez","highway":"trunk","ref":"T-2"},"geometry":{"type":"LineString","coordinates":[[-67.47602,10.03202],[-67.47644,10.03658]]}},{"type":"Feature","id":"way/985632629","properties":{"name":"Calle Romero S\u00e1nchez","highway":"tertiary","ref":"R-11"},"geometry":{"type":"LineString","coordinates":[[-67.41805,10.20972],[-67.41855,10.21249]]}},{"type":"Feature","id":"way/985632631","properties":{"name":"Distribuidor La Victoria","highway":"motorway_link"},"geometry":{"type":"LineString","coordinates":[[-67.31553,10.22416],[-67.3156,10.2245]]}},{"type":"Feature","id":"way/985632632","properties":{"name":"Avenida Soco","highway":"secondary","ref":"L-4"},"geometry":{"type":"LineString","coordinates":[[-67.33273,10.21933],[-67.3323,10.21504]]}},{"type":"Feature","id":"way/985632633","properties":{"name":"Carretera Regional La Victoria - Zuata","highway":"primary","ref":"R-11"},"geometry":{"type":"LineString","coordinates":[[-67.34111,10.21641],[-67.33956,10.21683]]}},{"type":"Feature","id":"way/985632635","properties":{"highway":"secondary","ref":"L-4"},"geometry":{"type":"LineString","coordinates":[[-67.32293,10.21587],[-67.3323,10.21504]]}},{"type":"Feature","id":"way/985632636","properties":{"highway":"secondary","ref":"L-2"},"geometry":{"type":"LineString","coordinates":[[-67.47542,10.04098],[-67.47392,10.04119]]}},{"type":"Feature","id":"way/985651512","properties":{"name":"V\u00eda Principal de El Rosario","highway":"tertiary"},"geometry":{"type":"LineString","coordinates":[[-67.38775,10.37197],[-67.3849,10.3731],[-67.38123,10.37095],[-67.37709,10.37187]]}},{"type":"Feature","id":"way/985651513","properties":{"name":"Carretera Anaucos - Pedregal","highway":"tertiary"},"geometry":{"type":"LineString","coordinates":[[-67.39026,10.37028],[-67.38964,10.37296],[-67.38775,10.37197]]}},{"type":"Feature","id":"way/985653236","properties":{"name":"V\u00eda a Capachalito","highway":"tertiary"},"geometry":{"type":"LineString","coordinates":[[-67.28915,10.40595],[-67.28749,10.40758]]}},{"type":"Feature","id":"way/985653238","properties":{"name":"V\u00eda a Capachalito","highway":"tertiary"},"geometry":{"type":"LineString","coordinates":[[-67.29012,10.40098],[-67.28978,10.39918],[-67.28718,10.39744],[-67.29106,10.39059],[-67.29047,10.38401]]}},{"type":"Feature","id":"way/985784094","properties":{"name":"V\u00eda a Cumboto","highway":"secondary","ref":"R-6"},"geometry":{"type":"LineString","coordinates":[[-67.76511,10.41038],[-67.76952,10.41281],[-67.77508,10.42079],[-67.77788,10.42074],[-67.78265,10.41594],[-67.78517,10.41718],[-67.78619,10.41632]]}},{"type":"Feature","id":"way/985784096","properties":{"name":"Carretera Cata - Cuyagua","highway":"secondary","ref":"R-5"},"geometry":{"type":"LineString","coordinates":[[-67.70035,10.48463],[-67.70119,10.48009],[-67.70044,10.47886]]}},{"type":"Feature","id":"way/985784097","properties":{"name":"Carretera Ocumare - Cata","highway":"secondary","ref":"R-5"},"geometry":{"type":"LineString","coordinates":[[-67.76001,10.48642],[-67.76366,10.48367]]}},{"type":"Feature","id":"way/985784098","properties":{"name":"Avenida Principal","highway":"tertiary"},"geometry":{"type":"LineString","coordinates":[[-67.76679,10.48364],[-67.76866,10.48378]]}},{"type":"Feature","id":"way/985784099","properties":{"name":"Avenida Principal","highway":"tertiary"},"geometry":{"type":"LineString","coordinates":[[-67.76649,10.48367],[-67.76679,10.48364]]}},{"type":"Feature","id":"way/985784100","properties":{"name":"Avenida Principal","highway":"tertiary"},"geometry":{"type":"LineString","coordinates":[[-67.76396,10.48365],[-67.76649,10.48367]]}},{"type":"Feature","id":"way/985784102","properties":{"name":"Avenida Principal de Choron\u00ed","highway":"primary","ref":"L-6"},"geometry":{"type":"LineString","coordinates":[[-67.60796,10.47893],[-67.60744,10.48007],[-67.61137,10.48582],[-67.61105,10.48941]]}},{"type":"Feature","id":"way/985807474","properties":{"name":"Avenida Berm\u00fadez","highway":"tertiary"},"geometry":{"type":"LineString","coordinates":[[-67.59735,10.2295],[-67.5966,10.23209]]}},{"type":"Feature","id":"way/985807475","properties":{"name":"Avenida Berm\u00fadez","highway":"tertiary"},"geometry":{"type":"LineString","coordinates":[[-67.5967,10.23212],[-67.59746,10.22953]]}},{"type":"Feature","id":"way/985807478","properties":{"name":"Avenida Fuerzas Aereas","highway":"tertiary"},"geometry":{"type":"LineString","coordinates":[[-67.58803,10.22545],[-67.58811,10.22483]]}},{"type":"Feature","id":"way/985807479","properties":{"name":"Avenida Fuerzas Aereas","highway":"tertiary"},"geometry":{"type":"LineString","coordinates":[[-67.58801,10.22482],[-67.58793,10.22543]]}},{"type":"Feature","id":"way/985807486","properties":{"highway":"tertiary"},"geometry":{"type":"LineString","coordinates":[[-67.55887,10.19734],[-67.55889,10.19911]]}},{"type":"Feature","id":"way/985807487","properties":{"name":"Avenida Francisco de Miranda","highway":"secondary"},"geometry":{"type":"LineString","coordinates":[[-67.57223,10.21639],[-67.56929,10.21554],[-67.56908,10.21381]]}},{"type":"Feature","id":"way/985807488","properties":{"name":"Avenida Francisco de Miranda","highway":"secondary"},"geometry":{"type":"LineString","coordinates":[[-67.56896,10.21382],[-67.56915,10.21557],[-67.5722,10.21648]]}},{"type":"Feature","id":"way/985807492","properties":{"name":"Calle La Ceiba","highway":"tertiary"},"geometry":{"type":"LineString","coordinates":[[-67.51166,10.22655],[-67.51166,10.22662]]}},{"type":"Feature","id":"way/985807497","properties":{"name":"Avenida Aragua","highway":"tertiary"},"geometry":{"type":"LineString","coordinates":[[-67.61241,10.23624],[-67.61204,10.23617]]}},{"type":"Feature","id":"way/985807498","properties":{"name":"Avenida Aragua","highway":"tertiary"},"geometry":{"type":"LineString","coordinates":[[-67.59666,10.23225],[-67.60487,10.23483]]}},{"type":"Feature","id":"way/985807501","properties":{"name":"Avenida Andr\u00e9s Bello","highway":"primary_link"},"geometry":{"type":"LineString","coordinates":[[-67.58774,10.26549],[-67.5879,10.26545]]}},{"type":"Feature","id":"way/985807502","properties":{"highway":"primary_link","ref":"L-1"},"geometry":{"type":"LineString","coordinates":[[-67.62829,10.25517],[-67.62896,10.25568]]}},{"type":"Feature","id":"way/985808891","properties":{"highway":"tertiary"},"geometry":{"type":"LineString","coordinates":[[-67.57695,10.1962],[-67.57691,10.19654]]}},{"type":"Feature","id":"way/985811285","properties":{"highway":"primary_link"},"geometry":{"type":"LineString","coordinates":[[-67.49867,10.21767],[-67.49861,10.21743]]}},{"type":"Feature","id":"way/985811286","properties":{"highway":"tertiary"},"geometry":{"type":"LineString","coordinates":[[-67.49861,10.21743],[-67.49854,10.21741]]}},{"type":"Feature","id":"way/985811287","properties":{"name":"Avenida Universidad","highway":"tertiary"},"geometry":{"type":"LineString","coordinates":[[-67.61018,10.26318],[-67.60806,10.26008]]}},{"type":"Feature","id":"way/985811289","properties":{"name":"Avenida Universidad","highway":"tertiary"},"geometry":{"type":"LineString","coordinates":[[-67.60806,10.26008],[-67.60993,10.26305]]}},{"type":"Feature","id":"way/985812375","properties":{"name":"Avenida Principal de La Guzm\u00e1n","highway":"tertiary","ref":"R-16"},"geometry":{"type":"LineString","coordinates":[[-67.47927,10.25145],[-67.4861,10.25416],[-67.48907,10.26075]]}},{"type":"Feature","id":"way/985814840","properties":{"name":"Distribuidor Palo Negro","highway":"primary","ref":"R-8"},"geometry":{"type":"LineString","coordinates":[[-67.57528,10.22184],[-67.57433,10.22105]]}},{"type":"Feature","id":"way/985814841","properties":{"name":"Rampa de Turmero","highway":"motorway_link"},"geometry":{"type":"LineString","coordinates":[[-67.48188,10.21137],[-67.4814,10.21159]]}},{"type":"Feature","id":"way/985814842","properties":{"name":"Carretera Vieja San Mateo- La Encrucijada","highway":"primary","ref":"L-1"},"geometry":{"type":"LineString","coordinates":[[-67.46222,10.20342],[-67.4624,10.20377]]}},{"type":"Feature","id":"way/985814843","properties":{"highway":"tertiary","ref":"R-16"},"geometry":{"type":"LineString","coordinates":[[-67.46946,10.23609],[-67.47228,10.23281]]}},{"type":"Feature","id":"way/985814845","properties":{"name":"Avenida Principal de El Rosario","highway":"tertiary","ref":"R-16"},"geometry":{"type":"LineString","coordinates":[[-67.44028,10.27922],[-67.44238,10.27883],[-67.45644,10.27047],[-67.45829,10.26617]]}},{"type":"Feature","id":"way/985967214","properties":{"name":"Rampa de La Encrucijada","highway":"motorway_link"},"geometry":{"type":"LineString","coordinates":[[-67.47656,10.20781],[-67.47745,10.20719]]}},{"type":"Feature","id":"way/985973081","properties":{"name":"Avenida Intercomunal Cagua - Villa de Cura","highway":"trunk","ref":"T-2"},"geometry":{"type":"LineString","coordinates":[[-67.4859,10.04003],[-67.49468,10.04912]]}},{"type":"Feature","id":"way/985973082","properties":{"name":"Avenida Intercomunal Cagua - Villa de Cura","highway":"trunk","ref":"T-2"},"geometry":{"type":"LineString","coordinates":[[-67.495,10.04895],[-67.49391,10.04751]]}},{"type":"Feature","id":"way/986030261","properties":{"name":"Rampa de La Encrucijada","highway":"motorway_link"},"geometry":{"type":"LineString","coordinates":[[-67.47679,10.20714],[-67.47609,10.20737]]}},{"type":"Feature","id":"way/986030262","properties":{"name":"Avenida Intercomunal Maracay - Turmero","highway":"primary","ref":"T-2;L-1"},"geometry":{"type":"LineString","coordinates":[[-67.47583,10.20712],[-67.47345,10.20457]]}},{"type":"Feature","id":"way/986030263","properties":{"highway":"tertiary"},"geometry":{"type":"LineString","coordinates":[[-67.47607,10.20752],[-67.47618,10.20745]]}},{"type":"Feature","id":"way/986030264","properties":{"highway":"tertiary"},"geometry":{"type":"LineString","coordinates":[[-67.47609,10.20737],[-67.47598,10.20743]]}},{"type":"Feature","id":"way/986031958","properties":{"name":"Avenida Intercomunal Cagua - Villa de Cura","highway":"trunk","ref":"T-2"},"geometry":{"type":"LineString","coordinates":[[-67.47713,10.03733],[-67.4859,10.04003]]}},{"type":"Feature","id":"way/986031959","properties":{"name":"Avenida Lisandro Hern\u00e1ndez","highway":"trunk","ref":"T-2"},"geometry":{"type":"LineString","coordinates":[[-67.47699,10.0338],[-67.47623,10.03184]]}},{"type":"Feature","id":"way/986031960","properties":{"name":"Avenida Lisandro Hern\u00e1ndez","highway":"trunk","ref":"T-2"},"geometry":{"type":"LineString","coordinates":[[-67.47644,10.03658],[-67.47713,10.03733]]}},{"type":"Feature","id":"way/986031961","properties":{"name":"Avenida Lisandro Hern\u00e1ndez","highway":"trunk","ref":"T-2"},"geometry":{"type":"LineString","coordinates":[[-67.47398,10.02949],[-67.47602,10.03202]]}},{"type":"Feature","id":"way/986031962","properties":{"name":"Avenida Lisandro Hern\u00e1ndez","highway":"trunk","ref":"T-2"},"geometry":{"type":"LineString","coordinates":[[-67.47623,10.03184],[-67.47411,10.02945]]}},{"type":"Feature","id":"way/986034078","properties":{"name":"Avenida Francisco de Loreto","highway":"primary","ref":"L-1;L-4"},"geometry":{"type":"LineString","coordinates":[[-67.338,10.22611],[-67.34016,10.22602]]}},{"type":"Feature","id":"way/986034079","properties":{"name":"Avenida Francisco de Loreto","highway":"primary","ref":"L-1"},"geometry":{"type":"LineString","coordinates":[[-67.34381,10.22637],[-67.34247,10.22613]]}},{"type":"Feature","id":"way/986036402","properties":{"name":"Avenida Universidad","highway":"tertiary","ref":"R-7"},"geometry":{"type":"LineString","coordinates":[[-67.61404,10.26891],[-67.61018,10.26318]]}},{"type":"Feature","id":"way/986036403","properties":{"name":"Avenida Universidad","highway":"tertiary","ref":"R-7"},"geometry":{"type":"LineString","coordinates":[[-67.60993,10.26305],[-67.6139,10.26898]]}},{"type":"Feature","id":"way/986044279","properties":{"highway":"primary_link"},"geometry":{"type":"LineString","coordinates":[[-67.57259,10.22688],[-67.5726,10.22592]]}},{"type":"Feature","id":"way/986044280","properties":{"name":"Avenida Maracay","highway":"tertiary","ref":"R-7"},"geometry":{"type":"LineString","coordinates":[[-67.56523,10.24576],[-67.56497,10.24723]]}},{"type":"Feature","id":"way/986192221","properties":{"name":"Avenida Intercomunal Maracay - Turmero","highway":"primary","ref":"L-1;R-16"},"geometry":{"type":"LineString","coordinates":[[-67.4874,10.21529],[-67.48544,10.21449]]}},{"type":"Feature","id":"way/986192222","properties":{"name":"Avenida Intercomunal Maracay - Turmero","highway":"primary","ref":"L-1;R-16"},"geometry":{"type":"LineString","coordinates":[[-67.48517,10.21476],[-67.48731,10.21565]]}},{"type":"Feature","id":"way/986192223","properties":{"name":"Avenida Intercomunal Maracay - Turmero","highway":"primary","ref":"L-1"},"geometry":{"type":"LineString","coordinates":[[-67.47369,10.2054],[-67.47598,10.20743]]}},{"type":"Feature","id":"way/986192224","properties":{"name":"Avenida Intercomunal Maracay - Turmero","highway":"primary","ref":"L-1"},"geometry":{"type":"LineString","coordinates":[[-67.48544,10.21449],[-67.47618,10.20745]]}},{"type":"Feature","id":"way/988055411","properties":{"highway":"primary_link"},"geometry":{"type":"LineString","coordinates":[[-67.34281,10.22653],[-67.34285,10.22625]]}},{"type":"Feature","id":"way/991744958","properties":{"name":"Carretera Santa Cruz - La Julia","highway":"secondary","ref":"R-16"},"geometry":{"type":"LineString","coordinates":[[-67.50832,10.18076],[-67.50809,10.18254]]}},{"type":"Feature","id":"way/991744959","properties":{"name":"Carretera Santa Cruz - La Julia","highway":"secondary","ref":"R-16"},"geometry":{"type":"LineString","coordinates":[[-67.50809,10.18254],[-67.50806,10.18299]]}},{"type":"Feature","id":"way/991744966","properties":{"name":"Calle Principal","highway":"secondary","ref":"L-3"},"geometry":{"type":"LineString","coordinates":[[-67.51585,10.17934],[-67.51534,10.17925]]}},{"type":"Feature","id":"way/991744967","properties":{"name":"Calle Principal","highway":"secondary","ref":"L-3"},"geometry":{"type":"LineString","coordinates":[[-67.51613,10.17948],[-67.51585,10.17934]]}},{"type":"Feature","id":"way/991744974","properties":{"highway":"tertiary","ref":"R-9"},"geometry":{"type":"LineString","coordinates":[[-67.54817,10.16187],[-67.5486,10.15919]]}},{"type":"Feature","id":"way/991744975","properties":{"highway":"tertiary","ref":"R-9"},"geometry":{"type":"LineString","coordinates":[[-67.54812,10.16199],[-67.54817,10.16187]]}},{"type":"Feature","id":"way/991744978","properties":{"name":"Carretera Regional Palo Negro - Magdaleno","highway":"primary","ref":"L-3"},"geometry":{"type":"LineString","coordinates":[[-67.57433,10.16508],[-67.56988,10.15534]]}},{"type":"Feature","id":"way/991744979","properties":{"name":"Carretera Regional Palo Negro - Magdaleno","highway":"primary","ref":"L-3"},"geometry":{"type":"LineString","coordinates":[[-67.56988,10.15534],[-67.56976,10.15491]]}},{"type":"Feature","id":"way/992507043","properties":{"highway":"primary_link"},"geometry":{"type":"LineString","coordinates":[[-67.27949,10.23609],[-67.27971,10.2362]]}},{"type":"Feature","id":"way/1050105942","properties":{"name":"Carretera La Pe\u00f1ita - El M\u00e9dano","highway":"tertiary","ref":"R-20"},"geometry":{"type":"LineString","coordinates":[[-66.57349,9.64045],[-66.57519,9.63727],[-66.58236,9.63212],[-66.58851,9.62603],[-66.58561,9.60931],[-66.58199,9.60369],[-66.58186,9.6002],[-66.58463,9.59466],[-66.58455,9.58289],[-66.58344,9.57522],[-66.57976,9.5713],[-66.58125,9.56346]]}},{"type":"Feature","id":"way/1052566112","properties":{"name":"Calle Colombia","highway":"primary","ref":"L-1"},"geometry":{"type":"LineString","coordinates":[[-67.4198,10.21145],[-67.41904,10.21156]]}},{"type":"Feature","id":"way/1052566115","properties":{"name":"Calle Colombia","highway":"primary","ref":"L-1"},"geometry":{"type":"LineString","coordinates":[[-67.41904,10.21156],[-67.41665,10.21182],[-67.41574,10.21354]]}},{"type":"Feature","id":"way/1053492567","properties":{"name":"Carril 1 / Cobro Manual Veh\u00edculos Livianos /Peaje La Cabrera","highway":"motorway","ref":"T-1"},"geometry":{"type":"LineString","coordinates":[[-67.64321,10.25959],[-67.64546,10.26066]]}},{"type":"Feature","id":"way/1053492571","properties":{"name":"Carril 4/ Cobretag Veh\u00edculos Livianos /Peaje La Cabrera","highway":"motorway","ref":"T-1"},"geometry":{"type":"LineString","coordinates":[[-67.64321,10.25959],[-67.64546,10.26066]]}},{"type":"Feature","id":"way/1053643107","properties":{"name":"Avenida Las Delicias","highway":"primary","ref":"L-6"},"geometry":{"type":"LineString","coordinates":[[-67.56501,10.28653],[-67.56501,10.2868]]}},{"type":"Feature","id":"way/1053643108","properties":{"highway":"primary_link","ref":"L-6"},"geometry":{"type":"LineString","coordinates":[[-67.5654,10.28669],[-67.56501,10.28653]]}},{"type":"Feature","id":"way/1053669438","properties":{"name":"Via Las Mercedes","highway":"tertiary"},"geometry":{"type":"LineString","coordinates":[[-67.38162,10.09899],[-67.37707,10.1018]]}},{"type":"Feature","id":"way/1053669440","properties":{"name":"Carretera Villa de Cura - La Candelaria","highway":"secondary","ref":"L-2"},"geometry":{"type":"LineString","coordinates":[[-67.39223,10.07617],[-67.38599,10.07321],[-67.37589,10.07408],[-67.373,10.07702],[-67.36881,10.07923],[-67.34868,10.08372],[-67.33794,10.08169],[-67.33282,10.079],[-67.3303,10.08264],[-67.32956,10.08109],[-67.32624,10.08314],[-67.32431,10.08195],[-67.31861,10.08274],[-67.31704,10.08431],[-67.31511,10.08401],[-67.30995,10.08932],[-67.30699,10.09013],[-67.3063,10.09193],[-67.30301,10.09435],[-67.29526,10.0958],[-67.29572,10.09787],[-67.29452,10.09867],[-67.29468,10.09964],[-67.29198,10.09928],[-67.28844,10.102],[-67.28707,10.10131],[-67.2842,10.10207],[-67.2796,10.1002],[-67.27874,10.10105],[-67.27506,10.10049],[-67.27422,10.09947],[-67.27308,10.10053],[-67.27163,10.10036],[-67.26993,10.09929],[-67.26589,10.10156],[-67.26414,10.10391],[-67.2595,10.10382],[-67.2567,10.10609],[-67.2546,10.11068],[-67.25636,10.11618],[-67.24645,10.1193],[-67.24067,10.12315]]}},{"type":"Feature","id":"way/1053669441","properties":{"highway":"tertiary"},"geometry":{"type":"LineString","coordinates":[[-67.38149,10.10694],[-67.38353,10.10093],[-67.38162,10.09899]]}},{"type":"Feature","id":"way/1053671312","properties":{"name":"Carretera Tejer\u00edas - Tiara","highway":"secondary","ref":"L-2"},"geometry":{"type":"LineString","coordinates":[[-67.15741,10.20721],[-67.15361,10.20604],[-67.15363,10.20428],[-67.15251,10.20449],[-67.15131,10.20264],[-67.15129,10.20017],[-67.14964,10.20021],[-67.14769,10.1985],[-67.1483,10.19648],[-67.14673,10.19406],[-67.14473,10.19256],[-67.14254,10.19262],[-67.1411,10.19043],[-67.14461,10.19149],[-67.15081,10.19048],[-67.15474,10.18783],[-67.15401,10.18567],[-67.15589,10.18453],[-67.15637,10.18192],[-67.15774,10.18096],[-67.15683,10.17946],[-67.15772,10.17806],[-67.15629,10.1747],[-67.15656,10.16967],[-67.15342,10.16404],[-67.15591,10.15869],[-67.15357,10.15923],[-67.15292,10.15829],[-67.15134,10.15842],[-67.15104,10.15686],[-67.14727,10.15432],[-67.14771,10.15247],[-67.15021,10.15001],[-67.15033,10.14811],[-67.14941,10.14712],[-67.1464,10.14737],[-67.14527,10.14876],[-67.14218,10.14936],[-67.14213,10.14629],[-67.14085,10.14562],[-67.1344,10.14704],[-67.13151,10.14893],[-67.13303,10.1455],[-67.13157,10.14285],[-67.12716,10.13884]]}},{"type":"Feature","id":"way/1053675783","properties":{"highway":"tertiary"},"geometry":{"type":"LineString","coordinates":[[-67.02474,10.02142],[-67.02145,10.01688],[-67.01936,10.01521],[-67.01853,10.01548]]}},{"type":"Feature","id":"way/1053804748","properties":{"name":"Peaje de Villa de Cura / Canal Exclusivo Cobretag / Carril 1","highway":"trunk","ref":"T-2"},"geometry":{"type":"LineString","coordinates":[[-67.44377,10.00744],[-67.44632,10.00962]]}},{"type":"Feature","id":"way/1053804749","properties":{"name":"Avenida Lisandro Hern\u00e1ndez","highway":"trunk","ref":"T-2"},"geometry":{"type":"LineString","coordinates":[[-67.43061,9.99642],[-67.43471,9.99726],[-67.44377,10.00744]]}},{"type":"Feature","id":"way/1053804750","properties":{"name":"Avenida Lisandro Hern\u00e1ndez","highway":"trunk","ref":"T-2"},"geometry":{"type":"LineString","coordinates":[[-67.44383,10.00738],[-67.43491,9.9971],[-67.43061,9.99642]]}},{"type":"Feature","id":"way/1053804751","properties":{"name":"Peaje de Villa de Cura / Canal Exclusivo Cobretag / Carril 1","highway":"trunk","ref":"T-2"},"geometry":{"type":"LineString","coordinates":[[-67.44635,10.00957],[-67.44383,10.00738]]}},{"type":"Feature","id":"way/1053807985","properties":{"name":"Peaje de Villa de Cura / Canal Exclusivo C\u00f3digo QR / Carril 3","highway":"trunk","ref":"T-2"},"geometry":{"type":"LineString","coordinates":[[-67.44635,10.00957],[-67.44383,10.00738]]}},{"type":"Feature","id":"way/1053807986","properties":{"name":"Peaje de Villa de Cura / Canal Exclusivo C\u00f3digo QR / Carril 2","highway":"trunk","ref":"T-2"},"geometry":{"type":"LineString","coordinates":[[-67.44635,10.00957],[-67.44383,10.00738]]}},{"type":"Feature","id":"way/1053810948","properties":{"name":"Peaje de Villa de Cura / Canal Exclusivo C\u00f3digo QR / Carril 3","highway":"trunk","ref":"T-2"},"geometry":{"type":"LineString","coordinates":[[-67.44406,10.00771],[-67.44632,10.00962]]}},{"type":"Feature","id":"way/1053810949","properties":{"name":"Peaje de Villa de Cura / Canal Exclusivo C\u00f3digo QR / Carril 2","highway":"trunk","ref":"T-2"},"geometry":{"type":"LineString","coordinates":[[-67.44406,10.00771],[-67.44632,10.00962]]}},{"type":"Feature","id":"way/1055860475","properties":{"name":"Carril 2 / Cobro Manual / Peaje Las Tejer\u00edas","highway":"primary","ref":"T-1"},"geometry":{"type":"LineString","coordinates":[[-67.15213,10.25195],[-67.15223,10.25263]]}},{"type":"Feature","id":"way/1055860476","properties":{"name":"Carril 1 / Cobretag / Peaje Las Tejer\u00edas","highway":"primary","ref":"T-1"},"geometry":{"type":"LineString","coordinates":[[-67.15213,10.25195],[-67.15223,10.25263]]}},{"type":"Feature","id":"way/1055860477","properties":{"name":"Carril 2 / Cobro Manual / Peaje Las Tejer\u00edas","highway":"primary","ref":"T-1"},"geometry":{"type":"LineString","coordinates":[[-67.15223,10.25263],[-67.1522,10.25194]]}},{"type":"Feature","id":"way/1055860478","properties":{"name":"Carril 1 / Cobretag / Peaje Las Tejer\u00edas","highway":"primary","ref":"T-1"},"geometry":{"type":"LineString","coordinates":[[-67.15223,10.25263],[-67.1522,10.25194]]}},{"type":"Feature","id":"way/1056776054","properties":{"highway":"motorway_link"},"geometry":{"type":"LineString","coordinates":[[-67.56915,10.22222],[-67.57195,10.22312]]}},{"type":"Feature","id":"way/1056777846","properties":{"name":"Autopista Regional del Centro","highway":"motorway","ref":"T-1"},"geometry":{"type":"LineString","coordinates":[[-67.48828,10.21039],[-67.48141,10.20875]]}},{"type":"Feature","id":"way/1056777848","properties":{"name":"Autopista Regional del Centro","highway":"motorway","ref":"T-1"},"geometry":{"type":"LineString","coordinates":[[-67.46892,10.20879],[-67.47317,10.20857]]}},{"type":"Feature","id":"way/1056780413","properties":{"name":"Avenida Intercomunal Maracay - Turmero","highway":"primary","ref":"L-1"},"geometry":{"type":"LineString","coordinates":[[-67.47598,10.20743],[-67.47607,10.20752]]}},{"type":"Feature","id":"way/1056780414","properties":{"name":"Avenida Intercomunal Maracay - Turmero","highway":"primary","ref":"L-1"},"geometry":{"type":"LineString","coordinates":[[-67.47609,10.20737],[-67.47583,10.20712]]}},{"type":"Feature","id":"way/1056780415","properties":{"name":"Avenida Intercomunal Maracay - Turmero","highway":"primary","ref":"L-1"},"geometry":{"type":"LineString","coordinates":[[-67.47618,10.20745],[-67.47609,10.20737]]}},{"type":"Feature","id":"way/1056780416","properties":{"name":"Avenida Intercomunal Maracay - Turmero","highway":"primary","ref":"L-1"},"geometry":{"type":"LineString","coordinates":[[-67.47607,10.20752],[-67.48517,10.21476]]}},{"type":"Feature","id":"way/1056780418","properties":{"name":"Avenida Aragua","highway":"tertiary"},"geometry":{"type":"LineString","coordinates":[[-67.56628,10.226],[-67.5603,10.22357],[-67.54503,10.22011]]}},{"type":"Feature","id":"way/1056780420","properties":{"name":"Avenida Aragua","highway":"tertiary"},"geometry":{"type":"LineString","coordinates":[[-67.56973,10.22677],[-67.57177,10.22716]]}},{"type":"Feature","id":"way/1056780421","properties":{"highway":"primary"},"geometry":{"type":"LineString","coordinates":[[-67.57495,10.21741],[-67.57503,10.21716]]}},{"type":"Feature","id":"way/1056780422","properties":{"highway":"primary","ref":"R-8"},"geometry":{"type":"LineString","coordinates":[[-67.57515,10.21683],[-67.57552,10.21556]]}},{"type":"Feature","id":"way/1056780423","properties":{"highway":"secondary"},"geometry":{"type":"LineString","coordinates":[[-67.57451,10.21696],[-67.57253,10.21647]]}},{"type":"Feature","id":"way/1056780424","properties":{"highway":"secondary"},"geometry":{"type":"LineString","coordinates":[[-67.57456,10.21706],[-67.57483,10.21711]]}},{"type":"Feature","id":"way/1056780425","properties":{"highway":"primary","ref":"R-8"},"geometry":{"type":"LineString","coordinates":[[-67.57472,10.21735],[-67.57437,10.21863]]}},{"type":"Feature","id":"way/1056780426","properties":{"name":"Avenida Berm\u00fadez","highway":"tertiary","ref":"L-6"},"geometry":{"type":"LineString","coordinates":[[-67.59666,10.23225],[-67.5967,10.23212]]}},{"type":"Feature","id":"way/1056780427","properties":{"name":"Avenida Aragua","highway":"tertiary"},"geometry":{"type":"LineString","coordinates":[[-67.59656,10.23223],[-67.59666,10.23225]]}},{"type":"Feature","id":"way/1056780428","properties":{"name":"Avenida Berm\u00fadez","highway":"tertiary","ref":"L-6"},"geometry":{"type":"LineString","coordinates":[[-67.59656,10.23223],[-67.59371,10.24438]]}},{"type":"Feature","id":"way/1056780429","properties":{"name":"Avenida Aragua","highway":"tertiary"},"geometry":{"type":"LineString","coordinates":[[-67.5966,10.23209],[-67.59626,10.23199]]}},{"type":"Feature","id":"way/1056780430","properties":{"name":"Avenida Aragua","highway":"tertiary"},"geometry":{"type":"LineString","coordinates":[[-67.59626,10.23199],[-67.58745,10.22969]]}},{"type":"Feature","id":"way/1056780431","properties":{"name":"Avenida Aragua","highway":"tertiary"},"geometry":{"type":"LineString","coordinates":[[-67.60498,10.23475],[-67.6049,10.23472]]}},{"type":"Feature","id":"way/1056780433","properties":{"name":"Avenida Aragua","highway":"tertiary"},"geometry":{"type":"LineString","coordinates":[[-67.60496,10.23486],[-67.6052,10.23491]]}},{"type":"Feature","id":"way/1056780435","properties":{"name":"Avenida Aragua","highway":"tertiary"},"geometry":{"type":"LineString","coordinates":[[-67.6052,10.23491],[-67.60898,10.23568]]}},{"type":"Feature","id":"way/1056780436","properties":{"name":"Avenida Aragua","highway":"tertiary"},"geometry":{"type":"LineString","coordinates":[[-67.60487,10.23483],[-67.60496,10.23486]]}},{"type":"Feature","id":"way/1056780438","properties":{"name":"Avenida Aragua","highway":"tertiary"},"geometry":{"type":"LineString","coordinates":[[-67.6049,10.23472],[-67.5967,10.23212]]}},{"type":"Feature","id":"way/1056780440","properties":{"name":"Avenida Aragua","highway":"tertiary"},"geometry":{"type":"LineString","coordinates":[[-67.60898,10.23568],[-67.61244,10.23636]]}},{"type":"Feature","id":"way/1056780441","properties":{"name":"Avenida Aragua","highway":"tertiary"},"geometry":{"type":"LineString","coordinates":[[-67.60899,10.23558],[-67.60498,10.23475]]}},{"type":"Feature","id":"way/1056780443","properties":{"name":"Avenida Aragua","highway":"tertiary"},"geometry":{"type":"LineString","coordinates":[[-67.61204,10.23617],[-67.60899,10.23558]]}},{"type":"Feature","id":"way/1056780446","properties":{"name":"Avenida Constituci\u00f3n","highway":"tertiary"},"geometry":{"type":"LineString","coordinates":[[-67.62685,10.25305],[-67.62129,10.25187]]}},{"type":"Feature","id":"way/1056780447","properties":{"highway":"primary","ref":"T-1"},"geometry":{"type":"LineString","coordinates":[[-67.62703,10.25316],[-67.62694,10.25303]]}},{"type":"Feature","id":"way/1056780448","properties":{"name":"Avenida Bol\u00edvar","highway":"primary","ref":"L-1"},"geometry":{"type":"LineString","coordinates":[[-67.62916,10.2556],[-67.62896,10.25568]]}},{"type":"Feature","id":"way/1056780449","properties":{"highway":"primary_link","ref":"T-1"},"geometry":{"type":"LineString","coordinates":[[-67.62916,10.2556],[-67.62899,10.25496]]}},{"type":"Feature","id":"way/1056780450","properties":{"name":"Avenida Bol\u00edvar","highway":"primary","ref":"L-1"},"geometry":{"type":"LineString","coordinates":[[-67.62913,10.25571],[-67.63014,10.25519]]}},{"type":"Feature","id":"way/1056780451","properties":{"highway":"primary_link","ref":"L-1"},"geometry":{"type":"LineString","coordinates":[[-67.62896,10.25568],[-67.62913,10.25571]]}},{"type":"Feature","id":"way/1056780452","properties":{"name":"Avenida Bol\u00edvar","highway":"primary","ref":"L-1"},"geometry":{"type":"LineString","coordinates":[[-67.62896,10.25568],[-67.62666,10.25667],[-67.62301,10.25643],[-67.61414,10.25455]]}},{"type":"Feature","id":"way/1056780453","properties":{"name":"Avenida Bol\u00edvar","highway":"primary","ref":"L-1"},"geometry":{"type":"LineString","coordinates":[[-67.6302,10.25516],[-67.63068,10.25488]]}},{"type":"Feature","id":"way/1056790108","properties":{"name":"Autopista Regional del Centro","highway":"motorway","ref":"T-1"},"geometry":{"type":"LineString","coordinates":[[-67.4558,10.20849],[-67.45364,10.20814]]}},{"type":"Feature","id":"way/1088843353","properties":{"highway":"primary_link"},"geometry":{"type":"LineString","coordinates":[[-67.58661,10.2681],[-67.58654,10.2677]]}},{"type":"Feature","id":"way/1088844240","properties":{"name":"Calle La Cruz","highway":"secondary","ref":"L-3"},"geometry":{"type":"LineString","coordinates":[[-67.50832,10.18076],[-67.50922,10.18065]]}},{"type":"Feature","id":"way/1089522245","properties":{"highway":"primary_link"},"geometry":{"type":"LineString","coordinates":[[-67.55784,10.23559],[-67.55816,10.23534]]}},{"type":"Feature","id":"way/1096183697","properties":{"name":"Avenida Las Delicias","highway":"primary","ref":"L-6"},"geometry":{"type":"LineString","coordinates":[[-67.592,10.25726],[-67.58785,10.26528]]}},{"type":"Feature","id":"way/1096183698","properties":{"name":"Avenida Las Delicias","highway":"primary","ref":"L-6"},"geometry":{"type":"LineString","coordinates":[[-67.58785,10.26528],[-67.58773,10.26548]]}},{"type":"Feature","id":"way/1096183699","properties":{"name":"Avenida Las Delicias","highway":"primary","ref":"L-6"},"geometry":{"type":"LineString","coordinates":[[-67.58793,10.26555],[-67.59215,10.25743]]}},{"type":"Feature","id":"way/1096183700","properties":{"name":"Avenida Las Delicias","highway":"primary","ref":"L-6"},"geometry":{"type":"LineString","coordinates":[[-67.58789,10.26564],[-67.58793,10.26555]]}},{"type":"Feature","id":"way/1096183701","properties":{"name":"Avenida Andr\u00e9s Bello","highway":"primary_link"},"geometry":{"type":"LineString","coordinates":[[-67.5879,10.26545],[-67.58799,10.26543]]}},{"type":"Feature","id":"way/1096183702","properties":{"name":"Avenida Andr\u00e9s Bello","highway":"primary_link"},"geometry":{"type":"LineString","coordinates":[[-67.58773,10.26549],[-67.58774,10.26549]]}},{"type":"Feature","id":"way/1096392567","properties":{"highway":"primary_link"},"geometry":{"type":"LineString","coordinates":[[-67.59032,10.26083],[-67.59018,10.26077]]}},{"type":"Feature","id":"way/1096462741","properties":{"name":"Avenida Constituci\u00f3n","highway":"tertiary"},"geometry":{"type":"LineString","coordinates":[[-67.55726,10.23502],[-67.57218,10.24029]]}},{"type":"Feature","id":"way/1096462742","properties":{"name":"Avenida Constituci\u00f3n","highway":"tertiary"},"geometry":{"type":"LineString","coordinates":[[-67.57218,10.24029],[-67.5725,10.24041]]}},{"type":"Feature","id":"way/1096462743","properties":{"name":"Avenida Constituci\u00f3n","highway":"tertiary"},"geometry":{"type":"LineString","coordinates":[[-67.57217,10.2401],[-67.55761,10.2345]]}},{"type":"Feature","id":"way/1096462744","properties":{"name":"Avenida Constituci\u00f3n","highway":"tertiary"},"geometry":{"type":"LineString","coordinates":[[-67.57251,10.24023],[-67.57217,10.2401]]}},{"type":"Feature","id":"way/1096466431","properties":{"highway":"tertiary"},"geometry":{"type":"LineString","coordinates":[[-67.47858,10.2292],[-67.48037,10.22969]]}},{"type":"Feature","id":"way/1096466445","properties":{"name":"Avenida Intercomunal Maracay - Turmero","highway":"primary","ref":"L-1"},"geometry":{"type":"LineString","coordinates":[[-67.48731,10.21565],[-67.49829,10.21817]]}},{"type":"Feature","id":"way/1096466446","properties":{"name":"Avenida Intercomunal Maracay - Turmero","highway":"primary","ref":"L-1"},"geometry":{"type":"LineString","coordinates":[[-67.50104,10.22079],[-67.50129,10.22116]]}},{"type":"Feature","id":"way/1096466447","properties":{"name":"Avenida Intercomunal Maracay - Turmero","highway":"primary","ref":"L-1"},"geometry":{"type":"LineString","coordinates":[[-67.49833,10.2175],[-67.4874,10.21529]]}},{"type":"Feature","id":"way/1096466448","properties":{"name":"Avenida Intercomunal Maracay - Turmero","highway":"primary","ref":"L-1"},"geometry":{"type":"LineString","coordinates":[[-67.50139,10.22111],[-67.50113,10.22074]]}},{"type":"Feature","id":"way/1096466451","properties":{"name":"C. Gonzalito","highway":"tertiary"},"geometry":{"type":"LineString","coordinates":[[-67.52042,10.2154],[-67.51995,10.2176]]}},{"type":"Feature","id":"way/1096466452","properties":{"name":"C. Gonzalito","highway":"tertiary"},"geometry":{"type":"LineString","coordinates":[[-67.51995,10.2176],[-67.51993,10.21776]]}},{"type":"Feature","id":"way/1096466453","properties":{"name":"Autopista Regional del Centro","highway":"motorway","ref":"T-1"},"geometry":{"type":"LineString","coordinates":[[-67.52058,10.21537],[-67.52198,10.21569]]}},{"type":"Feature","id":"way/1096466454","properties":{"name":"Autopista Regional del Centro","highway":"motorway","ref":"T-1"},"geometry":{"type":"LineString","coordinates":[[-67.5266,10.21626],[-67.52695,10.21627]]}},{"type":"Feature","id":"way/1096466455","properties":{"name":"Autopista Regional del Centro","highway":"motorway","ref":"T-1"},"geometry":{"type":"LineString","coordinates":[[-67.52666,10.21603],[-67.52204,10.21548]]}},{"type":"Feature","id":"way/1096466456","properties":{"name":"Autopista Regional del Centro","highway":"motorway","ref":"T-1"},"geometry":{"type":"LineString","coordinates":[[-67.52712,10.21605],[-67.52666,10.21603]]}},{"type":"Feature","id":"way/1096466457","properties":{"name":"Avenida Principal de Coropo","highway":"tertiary"},"geometry":{"type":"LineString","coordinates":[[-67.54718,10.20784],[-67.54115,10.20763]]}},{"type":"Feature","id":"way/1096466458","properties":{"name":"Avenida Principal de Coropo","highway":"tertiary"},"geometry":{"type":"LineString","coordinates":[[-67.54115,10.20763],[-67.54097,10.20747]]}},{"type":"Feature","id":"way/1096466463","properties":{"name":"Avenida G\u00fcig\u00fce","highway":"tertiary"},"geometry":{"type":"LineString","coordinates":[[-67.57355,10.19445],[-67.57353,10.19404]]}},{"type":"Feature","id":"way/1096466464","properties":{"name":"Avenida G\u00fcig\u00fce","highway":"tertiary"},"geometry":{"type":"LineString","coordinates":[[-67.57356,10.19457],[-67.57355,10.19445]]}},{"type":"Feature","id":"way/1102246274","properties":{"name":"Avenida Ayacucho","highway":"tertiary"},"geometry":{"type":"LineString","coordinates":[[-67.6114,10.24904],[-67.60925,10.25878]]}},{"type":"Feature","id":"way/1110146475","properties":{"name":"Avenida Las Delicias","highway":"primary","ref":"L-6"},"geometry":{"type":"LineString","coordinates":[[-67.56058,10.3206],[-67.56119,10.32158],[-67.56208,10.32039]]}},{"type":"Feature","id":"way/1110146476","properties":{"name":"Avenida Las Delicias","highway":"primary","ref":"L-6"},"geometry":{"type":"LineString","coordinates":[[-67.56054,10.3205],[-67.56058,10.3206]]}},{"type":"Feature","id":"way/1110146491","properties":{"name":"Carretera Regional Maracay - Choron\u00ed","highway":"primary","ref":"L-6"},"geometry":{"type":"LineString","coordinates":[[-67.56208,10.32039],[-67.5674,10.32455],[-67.56959,10.33027],[-67.57204,10.33059],[-67.57466,10.3342],[-67.5773,10.33508],[-67.57717,10.33793],[-67.58119,10.33885],[-67.58393,10.34464],[-67.58494,10.34934]]}},{"type":"Feature","id":"way/1110146492","properties":{"name":"Carretera Regional Maracay - Choron\u00ed","highway":"primary","ref":"L-6"},"geometry":{"type":"LineString","coordinates":[[-67.58631,10.35091],[-67.58639,10.35099]]}},{"type":"Feature","id":"way/1110146493","properties":{"name":"Carretera Regional Maracay - Choron\u00ed","highway":"primary","ref":"L-6"},"geometry":{"type":"LineString","coordinates":[[-67.58639,10.35099],[-67.58624,10.34859],[-67.5879,10.34832],[-67.59133,10.35125],[-67.59582,10.35285],[-67.59678,10.35458],[-67.59995,10.35399],[-67.60151,10.3546],[-67.60204,10.35603],[-67.60671,10.35629],[-67.60487,10.35688],[-67.60312,10.35619],[-67.60219,10.35742],[-67.60048,10.35581],[-67.5985,10.35702],[-67.59567,10.35691],[-67.59853,10.35769],[-67.59587,10.35781],[-67.59383,10.35673],[-67.59293,10.35994],[-67.59143,10.35979]]}},{"type":"Feature","id":"way/1110146494","properties":{"name":"Carretera Regional Maracay - Choron\u00ed","highway":"primary","ref":"L-6"},"geometry":{"type":"LineString","coordinates":[[-67.59143,10.35979],[-67.59137,10.35978]]}},{"type":"Feature","id":"way/1110146498","properties":{"name":"Carretera Regional Maracay - Choron\u00ed","highway":"primary","ref":"L-6"},"geometry":{"type":"LineString","coordinates":[[-67.58498,10.34938],[-67.58631,10.35091]]}},{"type":"Feature","id":"way/1110146499","properties":{"name":"Carretera Regional Maracay - Choron\u00ed","highway":"primary","ref":"L-6"},"geometry":{"type":"LineString","coordinates":[[-67.58494,10.34934],[-67.58498,10.34938]]}},{"type":"Feature","id":"way/1110146558","properties":{"name":"Avenida Las Delicias","highway":"primary","ref":"L-6"},"geometry":{"type":"LineString","coordinates":[[-67.55916,10.30959],[-67.56085,10.31299],[-67.56054,10.3205]]}},{"type":"Feature","id":"way/1110146559","properties":{"name":"Avenida Las Delicias","highway":"primary","ref":"L-6"},"geometry":{"type":"LineString","coordinates":[[-67.55909,10.30954],[-67.55916,10.30959]]}},{"type":"Feature","id":"way/1110147326","properties":{"name":"Avenida Universidad","highway":"primary","ref":"L-7"},"geometry":{"type":"LineString","coordinates":[[-67.63975,10.30779],[-67.63981,10.30788]]}},{"type":"Feature","id":"way/1110147327","properties":{"name":"Avenida Universidad","highway":"primary","ref":"L-7"},"geometry":{"type":"LineString","coordinates":[[-67.63981,10.30788],[-67.6399,10.30803]]}},{"type":"Feature","id":"way/1110552807","properties":{"name":"Avenida Universidad","highway":"primary","ref":"L-7"},"geometry":{"type":"LineString","coordinates":[[-67.63674,10.30366],[-67.63975,10.30779]]}},{"type":"Feature","id":"way/1110552808","properties":{"name":"Avenida Universidad","highway":"primary","ref":"L-7"},"geometry":{"type":"LineString","coordinates":[[-67.63669,10.3036],[-67.63674,10.30366]]}},{"type":"Feature","id":"way/1110552809","properties":{"name":"Avenida Universidad","highway":"primary","ref":"L-7"},"geometry":{"type":"LineString","coordinates":[[-67.63975,10.30779],[-67.63679,10.30362]]}},{"type":"Feature","id":"way/1110552810","properties":{"name":"Avenida Universidad","highway":"primary","ref":"L-7"},"geometry":{"type":"LineString","coordinates":[[-67.63679,10.30362],[-67.63674,10.30355]]}},{"type":"Feature","id":"way/1110573970","properties":{"name":"Carretera Regional Maracay - Ocumare","highway":"primary","ref":"L-7"},"geometry":{"type":"LineString","coordinates":[[-67.65242,10.33231],[-67.65533,10.32282],[-67.65404,10.32227],[-67.65331,10.32354],[-67.65213,10.32135],[-67.65146,10.32375],[-67.65061,10.3239],[-67.64957,10.32252],[-67.65004,10.32026],[-67.64913,10.31956],[-67.64842,10.32089],[-67.64852,10.31868],[-67.64744,10.31734],[-67.64472,10.31665],[-67.64358,10.31536]]}},{"type":"Feature","id":"way/1110573971","properties":{"name":"Carretera Regional Maracay - Ocumare","highway":"primary","ref":"L-7"},"geometry":{"type":"LineString","coordinates":[[-67.65483,10.33866],[-67.65481,10.33861]]}},{"type":"Feature","id":"way/1110573982","properties":{"name":"Carretera Regional Maracay - Ocumare","highway":"primary","ref":"L-7"},"geometry":{"type":"LineString","coordinates":[[-67.65519,10.33893],[-67.65483,10.33866]]}},{"type":"Feature","id":"way/1110573983","properties":{"name":"Carretera Regional Maracay - Ocumare","highway":"primary","ref":"L-7"},"geometry":{"type":"LineString","coordinates":[[-67.65527,10.33891],[-67.65519,10.33893]]}},{"type":"Feature","id":"way/1110573987","properties":{"name":"Carretera Regional Maracay - Ocumare","highway":"primary","ref":"L-7"},"geometry":{"type":"LineString","coordinates":[[-67.65481,10.33861],[-67.65498,10.33748],[-67.65363,10.33612]]}},{"type":"Feature","id":"way/1110573988","properties":{"name":"Carretera Regional Maracay - Ocumare","highway":"primary","ref":"L-7"},"geometry":{"type":"LineString","coordinates":[[-67.65363,10.33612],[-67.6536,10.33606]]}},{"type":"Feature","id":"way/1110573990","properties":{"name":"Carretera Regional Maracay - Ocumare","highway":"primary","ref":"L-7"},"geometry":{"type":"LineString","coordinates":[[-67.6536,10.33606],[-67.65394,10.33404],[-67.65247,10.33239]]}},{"type":"Feature","id":"way/1110573991","properties":{"name":"Carretera Regional Maracay - Ocumare","highway":"primary","ref":"L-7"},"geometry":{"type":"LineString","coordinates":[[-67.65247,10.33239],[-67.65242,10.33231]]}},{"type":"Feature","id":"way/1110573996","properties":{"name":"Avenida Universidad","highway":"primary","ref":"L-7"},"geometry":{"type":"LineString","coordinates":[[-67.6399,10.30803],[-67.64123,10.31034]]}},{"type":"Feature","id":"way/1110573997","properties":{"name":"Avenida Universidad","highway":"primary","ref":"L-7"},"geometry":{"type":"LineString","coordinates":[[-67.64123,10.31034],[-67.6413,10.31046]]}},{"type":"Feature","id":"way/1110599418","properties":{"name":"Carretera Regional Maracay - Ocumare","highway":"primary","ref":"L-7"},"geometry":{"type":"LineString","coordinates":[[-67.68101,10.35084],[-67.67868,10.34904],[-67.67913,10.34541],[-67.67352,10.34214],[-67.66714,10.34215],[-67.66486,10.34582],[-67.66292,10.34474],[-67.66138,10.34781]]}},{"type":"Feature","id":"way/1110599419","properties":{"name":"Carretera Regional Maracay - Ocumare","highway":"primary","ref":"L-7"},"geometry":{"type":"LineString","coordinates":[[-67.6813,10.35083],[-67.68101,10.35084]]}},{"type":"Feature","id":"way/1110612959","properties":{"name":"Carretera Regional Maracay - Ocumare","highway":"primary","ref":"L-7"},"geometry":{"type":"LineString","coordinates":[[-67.66135,10.34787],[-67.66021,10.34544],[-67.66098,10.34423],[-67.66043,10.33907],[-67.66133,10.33673],[-67.66019,10.33363],[-67.65863,10.33289],[-67.65662,10.33821],[-67.65527,10.33891]]}},{"type":"Feature","id":"way/1110612960","properties":{"name":"Carretera Regional Maracay - Ocumare","highway":"primary","ref":"L-7"},"geometry":{"type":"LineString","coordinates":[[-67.66138,10.34781],[-67.66135,10.34787]]}},{"type":"Feature","id":"way/1110621808","properties":{"name":"Autopista Regional del Centro","highway":"motorway","ref":"T-1"},"geometry":{"type":"LineString","coordinates":[[-67.63105,10.25504],[-67.63492,10.2573]]}},{"type":"Feature","id":"way/1110621809","properties":{"name":"Autopista Regional del Centro","highway":"motorway","ref":"T-1"},"geometry":{"type":"LineString","coordinates":[[-67.63492,10.2573],[-67.63528,10.2574]]}},{"type":"Feature","id":"way/1110621810","properties":{"name":"Autopista Regional del Centro","highway":"motorway","ref":"T-1"},"geometry":{"type":"LineString","coordinates":[[-67.63507,10.25713],[-67.63119,10.25489]]}},{"type":"Feature","id":"way/1110621811","properties":{"name":"Autopista Regional del Centro","highway":"motorway","ref":"T-1"},"geometry":{"type":"LineString","coordinates":[[-67.63543,10.25724],[-67.63507,10.25713]]}},{"type":"Feature","id":"way/1114955836","properties":{"name":"Carretera Nacional Maracay - Mariara","highway":"primary","ref":"L-1"},"geometry":{"type":"LineString","coordinates":[[-67.63068,10.25488],[-67.63275,10.25333]]}},{"type":"Feature","id":"way/1114955837","properties":{"name":"Carretera Nacional Maracay - Mariara","highway":"primary","ref":"L-1"},"geometry":{"type":"LineString","coordinates":[[-67.63412,10.25329],[-67.63458,10.25328]]}},{"type":"Feature","id":"way/1156113019","properties":{"name":"Avenida Libertad","highway":"primary","ref":"R-11"},"geometry":{"type":"LineString","coordinates":[[-67.39185,10.16934],[-67.39155,10.16985]]}},{"type":"Feature","id":"way/1157213718","properties":{"name":"Avenida Zulia","highway":"tertiary"},"geometry":{"type":"LineString","coordinates":[[-67.24379,10.23063],[-67.2452,10.23583],[-67.24399,10.2404],[-67.24485,10.24474]]}},{"type":"Feature","id":"way/1199672569","properties":{"name":"Carril 7 / Cobro Manual Veh\u00edculos Pesados / Peaje La Cabrera","highway":"motorway","ref":"T-1"},"geometry":{"type":"LineString","coordinates":[[-67.64321,10.25959],[-67.64546,10.26066]]}},{"type":"Feature","id":"way/1199672570","properties":{"name":"Carril 8 / Cobro Manual Veh\u00edculos Pesados / Peaje La Cabrera","highway":"motorway","ref":"T-1"},"geometry":{"type":"LineString","coordinates":[[-67.64321,10.25959],[-67.64546,10.26066]]}},{"type":"Feature","id":"way/1201577113","properties":{"highway":"primary_link"},"geometry":{"type":"LineString","coordinates":[[-67.54162,10.23026],[-67.54163,10.23073]]}},{"type":"Feature","id":"way/1201610898","properties":{"highway":"primary_link"},"geometry":{"type":"LineString","coordinates":[[-67.2902,10.40865],[-67.29028,10.4086]]}},{"type":"Feature","id":"way/1204500113","properties":{"name":"Avenida Las Delicias","highway":"primary","ref":"L-6"},"geometry":{"type":"LineString","coordinates":[[-67.56501,10.2868],[-67.56505,10.28725]]}},{"type":"Feature","id":"way/1207502068","properties":{"name":"Avenida Constituci\u00f3n","highway":"tertiary"},"geometry":{"type":"LineString","coordinates":[[-67.60242,10.24606],[-67.60044,10.2455]]}},{"type":"Feature","id":"way/1207502069","properties":{"name":"Avenida Constituci\u00f3n","highway":"tertiary"},"geometry":{"type":"LineString","coordinates":[[-67.60237,10.24622],[-67.60827,10.24805]]}},{"type":"Feature","id":"way/1219908110","properties":{"highway":"primary_link"},"geometry":{"type":"LineString","coordinates":[[-67.57138,10.22706],[-67.57171,10.22749]]}},{"type":"Feature","id":"way/1219939433","properties":{"name":"Av. Guigue","highway":"tertiary"},"geometry":{"type":"LineString","coordinates":[[-67.58002,10.2226],[-67.58082,10.22487]]}},{"type":"Feature","id":"way/1221892142","properties":{"highway":"tertiary"},"geometry":{"type":"LineString","coordinates":[[-67.59102,10.24419],[-67.59104,10.24408]]}},{"type":"Feature","id":"way/1223652572","properties":{"highway":"motorway_link"},"geometry":{"type":"LineString","coordinates":[[-67.62248,10.24446],[-67.62264,10.24433]]}},{"type":"Feature","id":"way/1223702965","properties":{"name":"Avenida Berm\u00fadez","highway":"tertiary","ref":"L-6"},"geometry":{"type":"LineString","coordinates":[[-67.5918,10.24857],[-67.59157,10.2496]]}},{"type":"Feature","id":"way/1225568257","properties":{"highway":"primary_link"},"geometry":{"type":"LineString","coordinates":[[-67.57382,10.24481],[-67.57373,10.24498]]}},{"type":"Feature","id":"way/1225568258","properties":{"highway":"primary_link"},"geometry":{"type":"LineString","coordinates":[[-67.57511,10.24546],[-67.57505,10.24521]]}},{"type":"Feature","id":"way/1225811374","properties":{"name":"Avenida Bol\u00edvar","highway":"primary","ref":"L-1"},"geometry":{"type":"LineString","coordinates":[[-67.57398,10.24514],[-67.57508,10.24546]]}},{"type":"Feature","id":"way/1225811375","properties":{"name":"Avenida Bol\u00edvar","highway":"primary","ref":"L-1"},"geometry":{"type":"LineString","coordinates":[[-67.56613,10.24214],[-67.57398,10.24514]]}},{"type":"Feature","id":"way/1225811376","properties":{"name":"Avenida Bol\u00edvar","highway":"primary","ref":"L-1"},"geometry":{"type":"LineString","coordinates":[[-67.574,10.24487],[-67.5664,10.24175]]}},{"type":"Feature","id":"way/1225811377","properties":{"name":"Avenida Bol\u00edvar","highway":"primary","ref":"L-1"},"geometry":{"type":"LineString","coordinates":[[-67.57486,10.24515],[-67.574,10.24487]]}},{"type":"Feature","id":"way/1226082197","properties":{"name":"Autopista Regional del Centro","highway":"motorway","ref":"T-1"},"geometry":{"type":"LineString","coordinates":[[-67.56193,10.22024],[-67.56231,10.22035]]}},{"type":"Feature","id":"way/1226082198","properties":{"name":"Autopista Regional del Centro","highway":"motorway","ref":"T-1"},"geometry":{"type":"LineString","coordinates":[[-67.55278,10.21769],[-67.56193,10.22024]]}},{"type":"Feature","id":"way/1226082199","properties":{"name":"Avenida Francisco de Miranda","highway":"secondary"},"geometry":{"type":"LineString","coordinates":[[-67.56896,10.21367],[-67.56896,10.21382]]}},{"type":"Feature","id":"way/1226082200","properties":{"name":"Avenida Francisco de Miranda","highway":"secondary"},"geometry":{"type":"LineString","coordinates":[[-67.56896,10.21251],[-67.56896,10.21367]]}},{"type":"Feature","id":"way/1226082201","properties":{"name":"Avenida Francisco de Miranda","highway":"secondary"},"geometry":{"type":"LineString","coordinates":[[-67.56908,10.21381],[-67.56907,10.21367]]}},{"type":"Feature","id":"way/1226082202","properties":{"name":"Avenida Francisco de Miranda","highway":"secondary"},"geometry":{"type":"LineString","coordinates":[[-67.56907,10.21367],[-67.56906,10.21252]]}},{"type":"Feature","id":"way/1226117463","properties":{"highway":"motorway_link"},"geometry":{"type":"LineString","coordinates":[[-67.56992,10.22243],[-67.56996,10.2223]]}},{"type":"Feature","id":"way/1226117464","properties":{"highway":"motorway_link"},"geometry":{"type":"LineString","coordinates":[[-67.57022,10.22237],[-67.57016,10.2225]]}},{"type":"Feature","id":"way/1226654391","properties":{"name":"Avenida Intercomunal Maracay - Turmero","highway":"primary","ref":"L-1"},"geometry":{"type":"LineString","coordinates":[[-67.49843,10.21824],[-67.50104,10.22079]]}},{"type":"Feature","id":"way/1226654392","properties":{"name":"Avenida Intercomunal Maracay - Turmero","highway":"primary","ref":"L-1"},"geometry":{"type":"LineString","coordinates":[[-67.49829,10.21817],[-67.49843,10.21824]]}},{"type":"Feature","id":"way/1226654393","properties":{"name":"Avenida Intercomunal Maracay - Turmero","highway":"primary","ref":"L-1"},"geometry":{"type":"LineString","coordinates":[[-67.49854,10.21758],[-67.49833,10.2175]]}},{"type":"Feature","id":"way/1226654394","properties":{"name":"Avenida Intercomunal Maracay - Turmero","highway":"primary","ref":"L-1"},"geometry":{"type":"LineString","coordinates":[[-67.50113,10.22074],[-67.49854,10.21758]]}},{"type":"Feature","id":"way/1226654395","properties":{"highway":"tertiary"},"geometry":{"type":"LineString","coordinates":[[-67.49835,10.21741],[-67.4983,10.2174]]}},{"type":"Feature","id":"way/1226654396","properties":{"highway":"tertiary"},"geometry":{"type":"LineString","coordinates":[[-67.49854,10.21741],[-67.49835,10.21741]]}},{"type":"Feature","id":"way/1227255454","properties":{"highway":"motorway_link"},"geometry":{"type":"LineString","coordinates":[[-67.50359,10.21195],[-67.50358,10.21177]]}},{"type":"Feature","id":"way/1229191947","properties":{"highway":"motorway_link"},"geometry":{"type":"LineString","coordinates":[[-67.52198,10.21569],[-67.52204,10.21548]]}},{"type":"Feature","id":"way/1229214985","properties":{"highway":"primary_link"},"geometry":{"type":"LineString","coordinates":[[-67.5571,10.23497],[-67.55718,10.23457]]}},{"type":"Feature","id":"way/1229231603","properties":{"name":"Avenida Intercomunal Maracay - Turmero","highway":"primary","ref":"L-1"},"geometry":{"type":"LineString","coordinates":[[-67.55552,10.23411],[-67.5554,10.23408]]}},{"type":"Feature","id":"way/1229231604","properties":{"name":"Avenida Intercomunal Maracay - Turmero","highway":"primary","ref":"L-1"},"geometry":{"type":"LineString","coordinates":[[-67.55674,10.2343],[-67.55552,10.23411]]}},{"type":"Feature","id":"way/1229231605","properties":{"name":"Avenida Intercomunal Maracay - Turmero","highway":"primary","ref":"L-1"},"geometry":{"type":"LineString","coordinates":[[-67.55555,10.23442],[-67.55726,10.23502]]}},{"type":"Feature","id":"way/1229231606","properties":{"name":"Avenida Intercomunal Maracay - Turmero","highway":"primary","ref":"L-1"},"geometry":{"type":"LineString","coordinates":[[-67.55544,10.23438],[-67.55555,10.23442]]}},{"type":"Feature","id":"way/1230278418","properties":{"highway":"primary_link"},"geometry":{"type":"LineString","coordinates":[[-67.57396,10.27735],[-67.57403,10.2775]]}},{"type":"Feature","id":"way/1231029207","properties":{"highway":"tertiary"},"geometry":{"type":"LineString","coordinates":[[-67.54031,10.20676],[-67.54026,10.20696]]}},{"type":"Feature","id":"way/1231037636","properties":{"highway":"primary_link"},"geometry":{"type":"LineString","coordinates":[[-67.61514,10.26537],[-67.615,10.26536]]}},{"type":"Feature","id":"way/1232623399","properties":{"name":"Puente hacia Paya","highway":"tertiary","ref":"R-16"},"geometry":{"type":"LineString","coordinates":[[-67.46929,10.23662],[-67.46928,10.23675]]}},{"type":"Feature","id":"way/1232623400","properties":{"name":"Avenida Principal de Paya","highway":"tertiary","ref":"R-16"},"geometry":{"type":"LineString","coordinates":[[-67.46933,10.23653],[-67.46929,10.23662]]}},{"type":"Feature","id":"way/1232623401","properties":{"name":"Avenida Principal de Paya","highway":"tertiary","ref":"R-16"},"geometry":{"type":"LineString","coordinates":[[-67.46937,10.23662],[-67.46933,10.23653]]}},{"type":"Feature","id":"way/1232623402","properties":{"name":"Puente hacia Paya","highway":"tertiary","ref":"R-16"},"geometry":{"type":"LineString","coordinates":[[-67.46936,10.23675],[-67.46937,10.23662]]}},{"type":"Feature","id":"way/1232623403","properties":{"name":"Avenida Principal de Paya","highway":"tertiary","ref":"R-16"},"geometry":{"type":"LineString","coordinates":[[-67.46928,10.23675],[-67.4686,10.2391]]}},{"type":"Feature","id":"way/1232623404","properties":{"name":"Avenida Principal de Paya","highway":"tertiary","ref":"R-16"},"geometry":{"type":"LineString","coordinates":[[-67.46933,10.23653],[-67.46946,10.23609]]}},{"type":"Feature","id":"way/1232623405","properties":{"name":"Avenida Principal de Paya","highway":"tertiary","ref":"R-16"},"geometry":{"type":"LineString","coordinates":[[-67.46661,10.24309],[-67.46868,10.23915]]}},{"type":"Feature","id":"way/1233045194","properties":{"name":"Autopista Regional del Centro","highway":"motorway","ref":"T-1"},"geometry":{"type":"LineString","coordinates":[[-67.45587,10.2085],[-67.4558,10.20849]]}},{"type":"Feature","id":"way/1233045195","properties":{"name":"Autopista Regional del Centro","highway":"motorway","ref":"T-1"},"geometry":{"type":"LineString","coordinates":[[-67.45611,10.20854],[-67.45587,10.2085]]}},{"type":"Feature","id":"way/1233045196","properties":{"name":"Autopista Regional del Centro","highway":"motorway","ref":"T-1"},"geometry":{"type":"LineString","coordinates":[[-67.45583,10.20868],[-67.45612,10.20873]]}},{"type":"Feature","id":"way/1233045197","properties":{"name":"Autopista Regional del Centro","highway":"motorway","ref":"T-1"},"geometry":{"type":"LineString","coordinates":[[-67.45343,10.20829],[-67.45583,10.20868]]}},{"type":"Feature","id":"way/1236192296","properties":{"name":"Avenida Maracay","highway":"primary","ref":"R-8"},"geometry":{"type":"LineString","coordinates":[[-67.56901,10.23506],[-67.56701,10.23817]]}},{"type":"Feature","id":"way/1236192297","properties":{"name":"Avenida Maracay","highway":"primary","ref":"R-8"},"geometry":{"type":"LineString","coordinates":[[-67.56942,10.23473],[-67.56901,10.23506]]}},{"type":"Feature","id":"way/1236192298","properties":{"name":"Avenida Maracay","highway":"primary","ref":"R-8"},"geometry":{"type":"LineString","coordinates":[[-67.56909,10.23518],[-67.5695,10.23483]]}},{"type":"Feature","id":"way/1236192299","properties":{"name":"Avenida Maracay","highway":"primary","ref":"R-8"},"geometry":{"type":"LineString","coordinates":[[-67.5671,10.23821],[-67.56909,10.23518]]}},{"type":"Feature","id":"way/1236192300","properties":{"name":"Avenida Aragua","highway":"tertiary"},"geometry":{"type":"LineString","coordinates":[[-67.56664,10.22607],[-67.56628,10.226]]}},{"type":"Feature","id":"way/1236192301","properties":{"name":"Avenida Aragua","highway":"tertiary"},"geometry":{"type":"LineString","coordinates":[[-67.56981,10.22667],[-67.56664,10.22607]]}},{"type":"Feature","id":"way/1236192302","properties":{"name":"Avenida Aragua","highway":"tertiary"},"geometry":{"type":"LineString","coordinates":[[-67.56664,10.2262],[-67.56973,10.22677]]}},{"type":"Feature","id":"way/1236192303","properties":{"name":"Avenida Aragua","highway":"tertiary"},"geometry":{"type":"LineString","coordinates":[[-67.56625,10.22613],[-67.56664,10.2262]]}},{"type":"Feature","id":"way/1236470142","properties":{"highway":"primary_link"},"geometry":{"type":"LineString","coordinates":[[-67.51577,10.22754],[-67.51574,10.22766]]}},{"type":"Feature","id":"way/1239241673","properties":{"highway":"trunk_link"},"geometry":{"type":"LineString","coordinates":[[-67.49397,10.04722],[-67.49368,10.04726]]}},{"type":"Feature","id":"way/1274761616","properties":{"name":"Carretera Vieja San Mateo- La Encrucijada","highway":"primary","ref":"L-1"},"geometry":{"type":"LineString","coordinates":[[-67.45283,10.20841],[-67.45349,10.2081]]}},{"type":"Feature","id":"way/1274761617","properties":{"name":"Distribuidor San Mateo","highway":"motorway_link"},"geometry":{"type":"LineString","coordinates":[[-67.45276,10.2084],[-67.45283,10.20841]]}},{"type":"Feature","id":"way/1274761618","properties":{"name":"Carretera Vieja San Mateo- La Encrucijada","highway":"primary","ref":"L-1"},"geometry":{"type":"LineString","coordinates":[[-67.45276,10.2084],[-67.45244,10.20855]]}},{"type":"Feature","id":"way/1274761619","properties":{"name":"Carretera Vieja San Mateo- La Encrucijada","highway":"primary","ref":"L-1"},"geometry":{"type":"LineString","coordinates":[[-67.45244,10.20855],[-67.44303,10.21166]]}},{"type":"Feature","id":"way/1274761620","properties":{"name":"Carretera Vieja San Mateo- La Encrucijada","highway":"primary","ref":"L-1"},"geometry":{"type":"LineString","coordinates":[[-67.45248,10.20859],[-67.45283,10.20841]]}},{"type":"Feature","id":"way/1274761621","properties":{"name":"Carretera Vieja San Mateo- La Encrucijada","highway":"primary","ref":"L-1"},"geometry":{"type":"LineString","coordinates":[[-67.45349,10.20803],[-67.45276,10.2084]]}},{"type":"Feature","id":"way/1274761622","properties":{"name":"Distribuidor San Mateo","highway":"motorway_link"},"geometry":{"type":"LineString","coordinates":[[-67.45349,10.20803],[-67.45335,10.20767]]}},{"type":"Feature","id":"way/1274761623","properties":{"name":"Distribuidor San Mateo","highway":"motorway_link"},"geometry":{"type":"LineString","coordinates":[[-67.45335,10.20767],[-67.45153,10.20779]]}},{"type":"Feature","id":"way/1274761624","properties":{"name":"Carretera Vieja San Mateo- La Encrucijada","highway":"primary","ref":"L-1"},"geometry":{"type":"LineString","coordinates":[[-67.45349,10.2081],[-67.45398,10.20786]]}},{"type":"Feature","id":"way/1274761625","properties":{"name":"Carretera Vieja San Mateo- La Encrucijada","highway":"primary","ref":"L-1"},"geometry":{"type":"LineString","coordinates":[[-67.45384,10.20785],[-67.45349,10.20803]]}},{"type":"Feature","id":"way/1274761626","properties":{"name":"Distribuidor San Mateo","highway":"motorway_link"},"geometry":{"type":"LineString","coordinates":[[-67.45398,10.20786],[-67.45384,10.20785]]}},{"type":"Feature","id":"way/1274761627","properties":{"name":"Carretera Vieja San Mateo- La Encrucijada","highway":"primary","ref":"L-1"},"geometry":{"type":"LineString","coordinates":[[-67.45398,10.20786],[-67.45443,10.2077]]}},{"type":"Feature","id":"way/1274761628","properties":{"name":"Autopista Regional del Centro","highway":"motorway","ref":"T-1"},"geometry":{"type":"LineString","coordinates":[[-67.50359,10.21195],[-67.52032,10.21531]]}},{"type":"Feature","id":"way/1274761629","properties":{"name":"Autopista Regional del Centro","highway":"motorway","ref":"T-1"},"geometry":{"type":"LineString","coordinates":[[-67.50358,10.21177],[-67.49931,10.21151]]}},{"type":"Feature","id":"way/1274761630","properties":{"name":"Autopista Regional del Centro","highway":"motorway","ref":"T-1"},"geometry":{"type":"LineString","coordinates":[[-67.50836,10.2124],[-67.50539,10.21192]]}},{"type":"Feature","id":"way/1274761631","properties":{"name":"Autopista Regional del Centro","highway":"motorway","ref":"T-1"},"geometry":{"type":"LineString","coordinates":[[-67.50539,10.21192],[-67.50358,10.21177]]}},{"type":"Feature","id":"way/1274761632","properties":{"name":"Autopista Regional del Centro","highway":"motorway","ref":"T-1"},"geometry":{"type":"LineString","coordinates":[[-67.52198,10.21569],[-67.5266,10.21626]]}},{"type":"Feature","id":"way/1274761633","properties":{"name":"Autopista Regional del Centro","highway":"motorway","ref":"T-1"},"geometry":{"type":"LineString","coordinates":[[-67.52204,10.21548],[-67.52067,10.21518]]}},{"type":"Feature","id":"way/1274761634","properties":{"name":"Autopista Regional del Centro","highway":"motorway","ref":"T-1"},"geometry":{"type":"LineString","coordinates":[[-67.57022,10.22237],[-67.56996,10.2223]]}},{"type":"Feature","id":"way/1274761635","properties":{"name":"Autopista Regional del Centro","highway":"motorway","ref":"T-1"},"geometry":{"type":"LineString","coordinates":[[-67.57016,10.2225],[-67.57288,10.22327]]}},{"type":"Feature","id":"way/1274761636","properties":{"name":"Autopista Regional del Centro","highway":"motorway","ref":"T-1"},"geometry":{"type":"LineString","coordinates":[[-67.56992,10.22243],[-67.57016,10.2225]]}},{"type":"Feature","id":"way/1274761637","properties":{"name":"Autopista Regional del Centro","highway":"motorway","ref":"T-1"},"geometry":{"type":"LineString","coordinates":[[-67.56996,10.2223],[-67.55298,10.21753]]}},{"type":"Feature","id":"way/1279954780","properties":{"name":"Autopista Regional del Centro","highway":"motorway","ref":"T-1"},"geometry":{"type":"LineString","coordinates":[[-67.27392,10.22679],[-67.26519,10.23042]]}},{"type":"Feature","id":"way/1279954781","properties":{"name":"Autopista Regional del Centro","highway":"motorway","ref":"T-1"},"geometry":{"type":"LineString","coordinates":[[-67.26527,10.23054],[-67.27391,10.22698]]}},{"type":"Feature","id":"way/1326371366","properties":{"name":"Autopista Regional del Centro","highway":"motorway","ref":"T-1"},"geometry":{"type":"LineString","coordinates":[[-67.15213,10.25137],[-67.15512,10.25031]]}},{"type":"Feature","id":"way/1326371367","properties":{"name":"Autopista Regional del Centro","highway":"motorway","ref":"T-1"},"geometry":{"type":"LineString","coordinates":[[-67.15507,10.25019],[-67.15205,10.25121]]}},{"type":"Feature","id":"way/1326371368","properties":{"name":"Autopista Regional del Centro","highway":"motorway","ref":"T-1"},"geometry":{"type":"LineString","coordinates":[[-67.15601,10.2501],[-67.15507,10.25019]]}},{"type":"Feature","id":"way/1326371369","properties":{"name":"Autopista Regional del Centro","highway":"motorway","ref":"T-1"},"geometry":{"type":"LineString","coordinates":[[-67.15512,10.25031],[-67.15599,10.25022]]}},{"type":"Feature","id":"way/1327072466","properties":{"name":"V\u00eda a Capachalito","highway":"tertiary"},"geometry":{"type":"LineString","coordinates":[[-67.28943,10.40561],[-67.28925,10.4059]]}},{"type":"Feature","id":"way/1327072467","properties":{"name":"V\u00eda a Capachalito","highway":"tertiary"},"geometry":{"type":"LineString","coordinates":[[-67.28925,10.4059],[-67.28915,10.40595]]}},{"type":"Feature","id":"way/1343475466","properties":{"name":"Avenida Constituci\u00f3n","highway":"tertiary"},"geometry":{"type":"LineString","coordinates":[[-67.61139,10.24883],[-67.60937,10.24819]]}},{"type":"Feature","id":"way/1343475467","properties":{"name":"Avenida Constituci\u00f3n","highway":"tertiary"},"geometry":{"type":"LineString","coordinates":[[-67.61154,10.24888],[-67.61139,10.24883]]}},{"type":"Feature","id":"way/1343475468","properties":{"name":"Avenida Constituci\u00f3n","highway":"tertiary"},"geometry":{"type":"LineString","coordinates":[[-67.6115,10.24907],[-67.6192,10.25144]]}},{"type":"Feature","id":"way/1343475469","properties":{"name":"Avenida Constituci\u00f3n","highway":"tertiary"},"geometry":{"type":"LineString","coordinates":[[-67.6114,10.24904],[-67.6115,10.24907]]}},{"type":"Feature","id":"way/1343479037","properties":{"name":"Avenida Constituci\u00f3n","highway":"tertiary"},"geometry":{"type":"LineString","coordinates":[[-67.62123,10.25207],[-67.62735,10.25377]]}},{"type":"Feature","id":"way/1343479039","properties":{"name":"Avenida Constituci\u00f3n","highway":"tertiary"},"geometry":{"type":"LineString","coordinates":[[-67.62129,10.25187],[-67.61926,10.25123]]}},{"type":"Feature","id":"way/1343479042","properties":{"name":"Avenida Constituci\u00f3n","highway":"tertiary"},"geometry":{"type":"LineString","coordinates":[[-67.61926,10.25123],[-67.61154,10.24888]]}},{"type":"Feature","id":"way/1343479043","properties":{"name":"Avenida Constituci\u00f3n","highway":"tertiary"},"geometry":{"type":"LineString","coordinates":[[-67.6192,10.25144],[-67.62123,10.25207]]}},{"type":"Feature","id":"way/1343481246","properties":{"name":"Avenida Constituci\u00f3n","highway":"tertiary"},"geometry":{"type":"LineString","coordinates":[[-67.60937,10.24819],[-67.60831,10.24788]]}},{"type":"Feature","id":"way/1343481248","properties":{"name":"Avenida Constituci\u00f3n","highway":"tertiary"},"geometry":{"type":"LineString","coordinates":[[-67.60932,10.24837],[-67.6114,10.24904]]}},{"type":"Feature","id":"way/1343484205","properties":{"name":"Avenida Constituci\u00f3n","highway":"tertiary"},"geometry":{"type":"LineString","coordinates":[[-67.60827,10.24805],[-67.60836,10.24808]]}},{"type":"Feature","id":"way/1343484206","properties":{"name":"Avenida Constituci\u00f3n","highway":"tertiary"},"geometry":{"type":"LineString","coordinates":[[-67.60836,10.24808],[-67.60932,10.24837]]}},{"type":"Feature","id":"way/1343484207","properties":{"name":"Avenida Constituci\u00f3n","highway":"tertiary"},"geometry":{"type":"LineString","coordinates":[[-67.60831,10.24788],[-67.60242,10.24606]]}},{"type":"Feature","id":"way/1343485318","properties":{"name":"Avenida Constituci\u00f3n","highway":"tertiary"},"geometry":{"type":"LineString","coordinates":[[-67.60025,10.24543],[-67.59877,10.24502]]}},{"type":"Feature","id":"way/1343485319","properties":{"name":"Avenida Constituci\u00f3n","highway":"tertiary"},"geometry":{"type":"LineString","coordinates":[[-67.60044,10.2455],[-67.60025,10.24543]]}},{"type":"Feature","id":"way/1343485321","properties":{"name":"Avenida Constituci\u00f3n","highway":"tertiary"},"geometry":{"type":"LineString","coordinates":[[-67.60021,10.24558],[-67.60237,10.24622]]}},{"type":"Feature","id":"way/1343486873","properties":{"name":"Avenida Constituci\u00f3n","highway":"tertiary"},"geometry":{"type":"LineString","coordinates":[[-67.59877,10.24502],[-67.59383,10.24439]]}},{"type":"Feature","id":"way/1343486875","properties":{"name":"Avenida Constituci\u00f3n","highway":"tertiary"},"geometry":{"type":"LineString","coordinates":[[-67.59874,10.24517],[-67.60021,10.24558]]}},{"type":"Feature","id":"way/1343486876","properties":{"name":"Avenida Constituci\u00f3n","highway":"tertiary"},"geometry":{"type":"LineString","coordinates":[[-67.59371,10.24438],[-67.58745,10.24384]]}},{"type":"Feature","id":"way/1343486877","properties":{"name":"Avenida Berm\u00fadez","highway":"tertiary","ref":"L-6"},"geometry":{"type":"LineString","coordinates":[[-67.59371,10.24438],[-67.59367,10.24456]]}},{"type":"Feature","id":"way/1343486878","properties":{"name":"Avenida Constituci\u00f3n","highway":"tertiary"},"geometry":{"type":"LineString","coordinates":[[-67.59367,10.24456],[-67.5938,10.24457]]}},{"type":"Feature","id":"way/1343486879","properties":{"name":"Avenida Berm\u00fadez","highway":"tertiary","ref":"L-6"},"geometry":{"type":"LineString","coordinates":[[-67.59367,10.24456],[-67.59304,10.24738],[-67.5918,10.24857]]}},{"type":"Feature","id":"way/1343486880","properties":{"name":"Avenida Constituci\u00f3n","highway":"tertiary"},"geometry":{"type":"LineString","coordinates":[[-67.59383,10.24439],[-67.59371,10.24438]]}},{"type":"Feature","id":"way/1343488842","properties":{"name":"Avenida Berm\u00fadez","highway":"tertiary","ref":"L-6"},"geometry":{"type":"LineString","coordinates":[[-67.59383,10.24439],[-67.59666,10.23225]]}},{"type":"Feature","id":"way/1343488843","properties":{"name":"Avenida Constituci\u00f3n","highway":"tertiary"},"geometry":{"type":"LineString","coordinates":[[-67.5938,10.24457],[-67.59874,10.24517]]}},{"type":"Feature","id":"way/1343488844","properties":{"name":"Avenida Berm\u00fadez","highway":"tertiary","ref":"L-6"},"geometry":{"type":"LineString","coordinates":[[-67.5938,10.24457],[-67.59383,10.24439]]}},{"type":"Feature","id":"way/1343490268","properties":{"name":"Avenida Fuerzas A\u00e9reas","highway":"tertiary"},"geometry":{"type":"LineString","coordinates":[[-67.58743,10.24373],[-67.58637,10.2374],[-67.58744,10.2298]]}},{"type":"Feature","id":"way/1343490269","properties":{"name":"Avenida Fuerzas A\u00e9reas","highway":"tertiary"},"geometry":{"type":"LineString","coordinates":[[-67.58745,10.24384],[-67.58743,10.24373]]}},{"type":"Feature","id":"way/1343490270","properties":{"name":"Avenida Constituci\u00f3n","highway":"tertiary"},"geometry":{"type":"LineString","coordinates":[[-67.58745,10.24384],[-67.58737,10.24383]]}},{"type":"Feature","id":"way/1343490271","properties":{"name":"Avenida Constituci\u00f3n","highway":"tertiary"},"geometry":{"type":"LineString","coordinates":[[-67.5873,10.24383],[-67.58398,10.24342]]}},{"type":"Feature","id":"way/1343490272","properties":{"name":"Avenida Fuerzas A\u00e9reas","highway":"tertiary"},"geometry":{"type":"LineString","coordinates":[[-67.58737,10.24383],[-67.58741,10.244]]}},{"type":"Feature","id":"way/1343490273","properties":{"name":"Avenida Constituci\u00f3n","highway":"tertiary"},"geometry":{"type":"LineString","coordinates":[[-67.58737,10.24383],[-67.5873,10.24383]]}},{"type":"Feature","id":"way/1343490274","properties":{"name":"Avenida Constituci\u00f3n","highway":"tertiary"},"geometry":{"type":"LineString","coordinates":[[-67.58398,10.24342],[-67.58146,10.24326]]}},{"type":"Feature","id":"way/1343490275","properties":{"name":"Avenida Constituci\u00f3n","highway":"tertiary"},"geometry":{"type":"LineString","coordinates":[[-67.57931,10.24272],[-67.57595,10.24148]]}},{"type":"Feature","id":"way/1343490276","properties":{"name":"Avenida Constituci\u00f3n","highway":"tertiary"},"geometry":{"type":"LineString","coordinates":[[-67.57927,10.24287],[-67.58141,10.24339]]}},{"type":"Feature","id":"way/1343490517","properties":{"name":"Avenida Constituci\u00f3n","highway":"tertiary"},"geometry":{"type":"LineString","coordinates":[[-67.58141,10.24339],[-67.58741,10.244]]}},{"type":"Feature","id":"way/1343490520","properties":{"name":"Avenida Constituci\u00f3n","highway":"tertiary"},"geometry":{"type":"LineString","coordinates":[[-67.58146,10.24326],[-67.57931,10.24272]]}},{"type":"Feature","id":"way/1343490521","properties":{"name":"Avenida Fuerzas A\u00e9reas","highway":"tertiary"},"geometry":{"type":"LineString","coordinates":[[-67.58741,10.244],[-67.58584,10.25596]]}},{"type":"Feature","id":"way/1343490522","properties":{"name":"Avenida Constituci\u00f3n","highway":"tertiary"},"geometry":{"type":"LineString","coordinates":[[-67.58741,10.244],[-67.58748,10.244]]}},{"type":"Feature","id":"way/1343490523","properties":{"name":"Avenida Fuerzas A\u00e9reas","highway":"tertiary"},"geometry":{"type":"LineString","coordinates":[[-67.58748,10.244],[-67.58745,10.24384]]}},{"type":"Feature","id":"way/1343490524","properties":{"name":"Avenida Constituci\u00f3n","highway":"tertiary"},"geometry":{"type":"LineString","coordinates":[[-67.58748,10.244],[-67.59367,10.24456]]}},{"type":"Feature","id":"way/1343490525","properties":{"name":"Avenida Fuerzas A\u00e9reas","highway":"tertiary"},"geometry":{"type":"LineString","coordinates":[[-67.58752,10.24421],[-67.58748,10.244]]}},{"type":"Feature","id":"way/1343490685","properties":{"name":"Avenida Constituci\u00f3n","highway":"tertiary"},"geometry":{"type":"LineString","coordinates":[[-67.57595,10.24148],[-67.57588,10.24146]]}},{"type":"Feature","id":"way/1343490687","properties":{"name":"Avenida Constituci\u00f3n","highway":"tertiary"},"geometry":{"type":"LineString","coordinates":[[-67.57589,10.24163],[-67.57927,10.24287]]}},{"type":"Feature","id":"way/1343490688","properties":{"name":"Avenida Constituci\u00f3n","highway":"tertiary"},"geometry":{"type":"LineString","coordinates":[[-67.57582,10.24161],[-67.57589,10.24163]]}},{"type":"Feature","id":"way/1343490690","properties":{"name":"Avenida Constituci\u00f3n","highway":"tertiary"},"geometry":{"type":"LineString","coordinates":[[-67.57588,10.24146],[-67.57514,10.24119]]}},{"type":"Feature","id":"way/1343490692","properties":{"name":"Avenida Constituci\u00f3n","highway":"tertiary"},"geometry":{"type":"LineString","coordinates":[[-67.57514,10.24119],[-67.57251,10.24023]]}},{"type":"Feature","id":"way/1343490693","properties":{"name":"Avenida Constituci\u00f3n","highway":"tertiary"},"geometry":{"type":"LineString","coordinates":[[-67.57516,10.24137],[-67.57582,10.24161]]}},{"type":"Feature","id":"way/1345302122","properties":{"name":"Carretera Nacional Maracay - Mariara","highway":"primary","ref":"L-1"},"geometry":{"type":"LineString","coordinates":[[-67.63275,10.25333],[-67.6331,10.2533]]}},{"type":"Feature","id":"way/1345302123","properties":{"name":"Carretera Nacional Maracay - Mariara","highway":"primary","ref":"L-1"},"geometry":{"type":"LineString","coordinates":[[-67.6331,10.2533],[-67.63412,10.25329]]}},{"type":"Feature","id":"way/1345304144","properties":{"name":"Avenida Bol\u00edvar","highway":"primary","ref":"L-1"},"geometry":{"type":"LineString","coordinates":[[-67.63014,10.25519],[-67.6302,10.25516]]}},{"type":"Feature","id":"way/1345304145","properties":{"name":"Avenida Bol\u00edvar","highway":"primary","ref":"L-1"},"geometry":{"type":"LineString","coordinates":[[-67.63006,10.25514],[-67.62916,10.2556]]}},{"type":"Feature","id":"way/1349253324","properties":{"name":"Avenida Dr. Fransisco Montoya","highway":"secondary"},"geometry":{"type":"LineString","coordinates":[[-67.54503,10.22011],[-67.545,10.22023]]}},{"type":"Feature","id":"way/1349253325","properties":{"name":"Avenida Dr. Fransisco Montoya","highway":"secondary"},"geometry":{"type":"LineString","coordinates":[[-67.545,10.22023],[-67.54499,10.22029]]}},{"type":"Feature","id":"way/1349256082","properties":{"name":"Avenida Francisco de Miranda","highway":"tertiary"},"geometry":{"type":"LineString","coordinates":[[-67.57315,10.19945],[-67.57356,10.19457]]}},{"type":"Feature","id":"way/1349256084","properties":{"name":"Avenida Francisco de Miranda","highway":"tertiary"},"geometry":{"type":"LineString","coordinates":[[-67.5731,10.19942],[-67.57039,10.20355],[-67.56896,10.21251]]}},{"type":"Feature","id":"way/1384061432","properties":{"name":"Avenida 07 Sucre","highway":"secondary","ref":"L-3"},"geometry":{"type":"LineString","coordinates":[[-67.47083,10.18583],[-67.46937,10.18587]]}},{"type":"Feature","id":"way/1388884449","properties":{"name":"Retorno (Paya - Turmero)","highway":"tertiary"},"geometry":{"type":"LineString","coordinates":[[-67.46868,10.23915],[-67.4686,10.2391]]}},{"type":"Feature","id":"way/1410458607","properties":{"name":"Avenida Principal de Paya","highway":"tertiary","ref":"R-16"},"geometry":{"type":"LineString","coordinates":[[-67.46868,10.23915],[-67.4689,10.23863]]}},{"type":"Feature","id":"way/1410458608","properties":{"name":"Avenida Principal de Paya","highway":"tertiary","ref":"R-16"},"geometry":{"type":"LineString","coordinates":[[-67.4686,10.2391],[-67.46661,10.24309]]}},{"type":"Feature","id":"way/1410458609","properties":{"name":"Avenida Principal de Paya","highway":"tertiary","ref":"R-16"},"geometry":{"type":"LineString","coordinates":[[-67.4689,10.23863],[-67.46936,10.23675]]}},{"type":"Feature","id":"way/1412169557","properties":{"name":"Calle Carre\u00f1o","highway":"tertiary","ref":"R-16"},"geometry":{"type":"LineString","coordinates":[[-67.47177,10.23215],[-67.47067,10.23366]]}},{"type":"Feature","id":"way/1412917415","properties":{"name":"Carretera Santa Cruz - La Julia","highway":"secondary","ref":"R-16"},"geometry":{"type":"LineString","coordinates":[[-67.48844,10.21029],[-67.48838,10.21067]]}},{"type":"Feature","id":"way/1412917416","properties":{"name":"Distribuidor La Encrucijada","highway":"trunk","ref":"T-2;L-1"},"geometry":{"type":"LineString","coordinates":[[-67.47319,10.20694],[-67.47313,10.2065]]}},{"type":"Feature","id":"way/1413149918","properties":{"name":"Distribuidor Palo Negro","highway":"primary","ref":"R-8"},"geometry":{"type":"LineString","coordinates":[[-67.57767,10.22276],[-67.57706,10.22252]]}},{"type":"Feature","id":"way/1413149919","properties":{"name":"Autopista Regional del Centro","highway":"motorway","ref":"T-1"},"geometry":{"type":"LineString","coordinates":[[-67.56915,10.22222],[-67.56992,10.22243]]}},{"type":"Feature","id":"way/1413149920","properties":{"name":"Autopista Regional del Centro","highway":"motorway","ref":"T-1"},"geometry":{"type":"LineString","coordinates":[[-67.48009,10.20864],[-67.48823,10.21059]]}},{"type":"Feature","id":"way/1413159355","properties":{"name":"Distribuidor Palo Negro","highway":"primary","ref":"T-1"},"geometry":{"type":"LineString","coordinates":[[-67.57532,10.22192],[-67.57711,10.22258]]}},{"type":"Feature","id":"way/1413159356","properties":{"name":"Distribuidor Palo Negro","highway":"primary","ref":"T-1"},"geometry":{"type":"LineString","coordinates":[[-67.57532,10.22192],[-67.57711,10.22258]]}},{"type":"Feature","id":"way/1413159357","properties":{"name":"Distribuidor Palo Negro","highway":"primary","ref":"T-1"},"geometry":{"type":"LineString","coordinates":[[-67.57711,10.22258],[-67.57738,10.22273]]}},{"type":"Feature","id":"way/1413159358","properties":{"name":"Distribuidor Palo Negro","highway":"primary","ref":"R-8"},"geometry":{"type":"LineString","coordinates":[[-67.57645,10.22225],[-67.57528,10.22184]]}},{"type":"Feature","id":"way/1413159359","properties":{"name":"Distribuidor Palo Negro","highway":"primary","ref":"R-8"},"geometry":{"type":"LineString","coordinates":[[-67.57643,10.22228],[-67.57528,10.22184]]}},{"type":"Feature","id":"way/1413159360","properties":{"name":"Carril 2 / Cobro Manual /Peaje Palo Negro","highway":"primary","ref":"R-8"},"geometry":{"type":"LineString","coordinates":[[-67.57706,10.22252],[-67.57645,10.22225]]}},{"type":"Feature","id":"way/1413159361","properties":{"name":"Carril 1 / Cobretag /Peaje Palo Negro","highway":"primary","ref":"R-8"},"geometry":{"type":"LineString","coordinates":[[-67.57706,10.22252],[-67.57643,10.22228]]}},{"type":"Feature","id":"way/1447235493","properties":{"name":"Avenida Intercomunal de La Mora","highway":"primary","ref":"L-1"},"geometry":{"type":"LineString","coordinates":[[-67.29458,10.23561],[-67.28694,10.23825],[-67.2797,10.23583]]}},{"type":"Feature","id":"way/1476030733","properties":{"name":"Carretera Regional La Victoria - Colonia Tovar","highway":"primary","ref":"L-4"},"geometry":{"type":"LineString","coordinates":[[-67.3418,10.23088],[-67.34297,10.23082],[-67.34393,10.23342],[-67.34772,10.23664],[-67.35164,10.24775],[-67.3514,10.25084],[-67.34721,10.25761],[-67.34766,10.26073],[-67.34953,10.26241],[-67.34901,10.26542],[-67.33677,10.2795],[-67.33609,10.28459],[-67.3299,10.29356],[-67.32158,10.30214],[-67.32041,10.30727]]}},{"type":"Feature","id":"way/1476030734","properties":{"name":"Carretera Regional La Victoria - Colonia Tovar","highway":"primary","ref":"L-4"},"geometry":{"type":"LineString","coordinates":[[-67.32041,10.30727],[-67.32044,10.30752]]}},{"type":"Feature","id":"way/1476030969","properties":{"name":"Carretera Regional La Victoria - Colonia Tovar","highway":"primary","ref":"L-4"},"geometry":{"type":"LineString","coordinates":[[-67.32044,10.30752],[-67.32107,10.31803]]}},{"type":"Feature","id":"way/1476030970","properties":{"name":"Carretera Regional La Victoria - Colonia Tovar","highway":"primary","ref":"L-4"},"geometry":{"type":"LineString","coordinates":[[-67.32107,10.31803],[-67.32104,10.31845]]}},{"type":"Feature","id":"way/1476031174","properties":{"name":"Carretera Regional La Victoria - Colonia Tovar","highway":"primary","ref":"L-4"},"geometry":{"type":"LineString","coordinates":[[-67.32104,10.31845],[-67.32102,10.31976],[-67.31925,10.32155],[-67.32033,10.32285],[-67.32198,10.32201],[-67.3225,10.32341],[-67.32206,10.32507],[-67.32148,10.32433]]}},{"type":"Feature","id":"way/1476031175","properties":{"name":"Carretera Regional La Victoria - Colonia Tovar","highway":"primary","ref":"L-4"},"geometry":{"type":"LineString","coordinates":[[-67.32148,10.32433],[-67.32123,10.32391]]}},{"type":"Feature","id":"way/1476031176","properties":{"name":"Carretera Regional La Victoria - Colonia Tovar","highway":"primary","ref":"L-4"},"geometry":{"type":"LineString","coordinates":[[-67.32123,10.32391],[-67.32148,10.32433]]}}]}