{"type":"FeatureCollection","features":[{"type":"Feature","id":"way/24016370","properties":{"name":"V\u00eda Principal de El Junquito","highway":"primary","ref":"L-4"},"geometry":{"type":"LineString","coordinates":[[-67.09139,10.46134],[-67.08883,10.46064],[-67.08339,10.46256],[-67.08218,10.46202]]}},{"type":"Feature","id":"way/24016838","properties":{"name":"Avenida Carlos Soublette","highway":"primary","ref":"L-2"},"geometry":{"type":"LineString","coordinates":[[-66.9784,10.59701],[-66.97802,10.59716]]}},{"type":"Feature","id":"way/24016841","properties":{"name":"Avenida Carlos Soublette","highway":"primary","ref":"L-2"},"geometry":{"type":"LineString","coordinates":[[-66.97782,10.59735],[-66.97806,10.59725]]}},{"type":"Feature","id":"way/24016891","properties":{"name":"Avenida La Armada","highway":"secondary","ref":"L-5"},"geometry":{"type":"LineString","coordinates":[[-66.97707,10.59501],[-66.97756,10.59593]]}},{"type":"Feature","id":"way/24016909","properties":{"name":"Distribuidor El Tr\u00e9bol","highway":"primary_link"},"geometry":{"type":"LineString","coordinates":[[-66.97771,10.59729],[-66.9773,10.59669],[-66.97803,10.5968]]}},{"type":"Feature","id":"way/24016924","properties":{"name":"Distribuidor El Tr\u00e9bol","highway":"primary_link"},"geometry":{"type":"LineString","coordinates":[[-66.97835,10.59774],[-66.97782,10.59735]]}},{"type":"Feature","id":"way/24016939","properties":{"name":"Distribuidor El Tr\u00e9bol","highway":"primary_link"},"geometry":{"type":"LineString","coordinates":[[-66.97756,10.59593],[-66.97665,10.59768]]}},{"type":"Feature","id":"way/24016950","properties":{"name":"Distribuidor El Tr\u00e9bol","highway":"trunk_link"},"geometry":{"type":"LineString","coordinates":[[-66.97873,10.59698],[-66.97852,10.59764]]}},{"type":"Feature","id":"way/24016978","properties":{"name":"Distribuidor El Tr\u00e9bol","highway":"trunk_link"},"geometry":{"type":"LineString","coordinates":[[-66.9781,10.59675],[-66.97871,10.59632],[-66.97855,10.59695]]}},{"type":"Feature","id":"way/24016987","properties":{"name":"Distribuidor El Tr\u00e9bol","highway":"primary_link"},"geometry":{"type":"LineString","coordinates":[[-66.97657,10.59784],[-66.97819,10.59826]]}},{"type":"Feature","id":"way/24016996","properties":{"name":"Distribuidor El Tr\u00e9bol","highway":"trunk_link"},"geometry":{"type":"LineString","coordinates":[[-66.98077,10.59736],[-66.97948,10.59745],[-66.98023,10.59639]]}},{"type":"Feature","id":"way/24243016","properties":{"name":"Carretera Naiguat\u00e1 - Los Caracas","highway":"secondary","ref":"L-2"},"geometry":{"type":"LineString","coordinates":[[-66.57685,10.62667],[-66.5842,10.62649],[-66.58972,10.62783],[-66.59233,10.62609],[-66.60189,10.62617],[-66.60686,10.62437],[-66.61609,10.62579],[-66.61825,10.62502],[-66.62758,10.62555],[-66.64141,10.62365],[-66.64423,10.62425],[-66.65077,10.62267]]}},{"type":"Feature","id":"way/24243125","properties":{"name":"Carretera Tanaguarenas - Naiguat\u00e1","highway":"primary","ref":"L-2"},"geometry":{"type":"LineString","coordinates":[[-66.80289,10.61015],[-66.80331,10.60999]]}},{"type":"Feature","id":"way/24243126","properties":{"name":"Carretera Tanaguarenas - Naiguat\u00e1","highway":"primary"},"geometry":{"type":"LineString","coordinates":[[-66.80331,10.60999],[-66.80554,10.60963],[-66.81269,10.61108],[-66.82133,10.61031]]}},{"type":"Feature","id":"way/24243146","properties":{"name":"Puente Cerro Grande","highway":"primary","ref":"L-2"},"geometry":{"type":"LineString","coordinates":[[-66.82633,10.6093],[-66.82666,10.60943]]}},{"type":"Feature","id":"way/24243272","properties":{"highway":"primary_link"},"geometry":{"type":"LineString","coordinates":[[-66.87784,10.60913],[-66.87712,10.60893]]}},{"type":"Feature","id":"way/24243446","properties":{"name":"Avenida Principal de Vista al Mar","highway":"tertiary","ref":"R-1"},"geometry":{"type":"LineString","coordinates":[[-67.08134,10.58725],[-67.0771,10.5854],[-67.07686,10.58288],[-67.07369,10.58263],[-67.07103,10.58415],[-67.07177,10.58114]]}},{"type":"Feature","id":"way/24243488","properties":{"name":"Carretera Catia La Mar - Carayaca","highway":"secondary","ref":"L-6"},"geometry":{"type":"LineString","coordinates":[[-67.11264,10.53589],[-67.11053,10.537],[-67.10859,10.5356],[-67.10756,10.53725],[-67.10593,10.53708],[-67.10469,10.54017],[-67.10021,10.53893],[-67.09835,10.54059],[-67.09719,10.54052],[-67.09464,10.5434],[-67.08925,10.54537],[-67.09023,10.54811],[-67.08914,10.55124],[-67.09148,10.55457],[-67.09122,10.5554],[-67.08902,10.55818],[-67.08725,10.55858],[-67.0872,10.5612],[-67.08361,10.5637],[-67.08356,10.56584],[-67.08144,10.56383],[-67.07833,10.56534],[-67.0773,10.56652],[-67.07712,10.56993]]}},{"type":"Feature","id":"way/24243550","properties":{"name":"Avenida Principal de Las Tunitas","highway":"secondary","ref":"L-6"},"geometry":{"type":"LineString","coordinates":[[-67.07074,10.57947],[-67.07037,10.58152],[-67.06732,10.5827],[-67.06738,10.5854],[-67.06636,10.58608],[-67.06561,10.5853],[-67.06525,10.58728],[-67.06395,10.58677],[-67.06297,10.58772],[-67.06304,10.58475],[-67.06048,10.58722],[-67.05952,10.58652],[-67.05683,10.58826]]}},{"type":"Feature","id":"way/24243551","properties":{"name":"Carretera Catia La Mar - Carayaca","highway":"secondary","ref":"L-6"},"geometry":{"type":"LineString","coordinates":[[-67.07712,10.56993],[-67.07501,10.57018],[-67.07394,10.5685],[-67.07262,10.56958],[-67.07137,10.5691],[-67.07151,10.57294]]}},{"type":"Feature","id":"way/24243621","properties":{"name":"Avenida La Marina","highway":"secondary","ref":"L-6"},"geometry":{"type":"LineString","coordinates":[[-67.05596,10.59152],[-67.05608,10.59116]]}},{"type":"Feature","id":"way/47681860","properties":{"name":"Retorno","highway":"primary_link","ref":"L-2"},"geometry":{"type":"LineString","coordinates":[[-66.88439,10.60907],[-66.88461,10.60885]]}},{"type":"Feature","id":"way/47681861","properties":{"name":"Avenida Intercomunal de Macuto","highway":"primary","ref":"L-2"},"geometry":{"type":"LineString","coordinates":[[-66.89657,10.60398],[-66.89075,10.60569],[-66.88664,10.60899]]}},{"type":"Feature","id":"way/47681862","properties":{"highway":"primary_link","ref":"L-2"},"geometry":{"type":"LineString","coordinates":[[-66.93122,10.60227],[-66.93111,10.60261]]}},{"type":"Feature","id":"way/47681863","properties":{"highway":"primary_link","ref":"L-2"},"geometry":{"type":"LineString","coordinates":[[-66.93141,10.6027],[-66.93157,10.6024]]}},{"type":"Feature","id":"way/47681864","properties":{"highway":"primary_link","ref":"L-2"},"geometry":{"type":"LineString","coordinates":[[-66.8982,10.60421],[-66.89763,10.60435]]}},{"type":"Feature","id":"way/77746895","properties":{"name":"Carretera Colonia Tovar - El Junquito","highway":"primary","ref":"L-4"},"geometry":{"type":"LineString","coordinates":[[-67.202,10.42139],[-67.20287,10.41977],[-67.20484,10.41919],[-67.20601,10.41433],[-67.20888,10.41513],[-67.2115,10.41725],[-67.21621,10.4165],[-67.21643,10.41907],[-67.22064,10.41595],[-67.22006,10.4147],[-67.22102,10.4143],[-67.22088,10.413],[-67.21986,10.41169],[-67.22198,10.41041],[-67.22659,10.41165],[-67.22701,10.41404],[-67.22956,10.4141],[-67.2302,10.41529],[-67.23724,10.41892],[-67.24049,10.41901],[-67.24136,10.42067]]}},{"type":"Feature","id":"way/77746906","properties":{"name":"Carretera Colonia Tovar - El Junquito","highway":"primary","ref":"L-4"},"geometry":{"type":"LineString","coordinates":[[-67.16346,10.43506],[-67.16151,10.43544],[-67.15871,10.43364],[-67.15794,10.43867],[-67.15018,10.43995],[-67.14848,10.44374],[-67.1452,10.44559],[-67.14327,10.44936],[-67.13081,10.4525],[-67.12807,10.45528],[-67.12103,10.45807],[-67.11801,10.45855],[-67.11514,10.45706],[-67.11073,10.4588]]}},{"type":"Feature","id":"way/77746921","properties":{"name":"Carretera Colonia Tovar - El Junquito","highway":"primary","ref":"L-4"},"geometry":{"type":"LineString","coordinates":[[-67.202,10.42139],[-67.19979,10.42183],[-67.19773,10.42437],[-67.18757,10.42532],[-67.18405,10.42877],[-67.18008,10.42876],[-67.17651,10.43114],[-67.17229,10.43146],[-67.16849,10.43381],[-67.16346,10.43506]]}},{"type":"Feature","id":"way/78603502","properties":{"name":"Avenida Intercomunal de Macuto","highway":"primary","ref":"L-2"},"geometry":{"type":"LineString","coordinates":[[-66.88627,10.60903],[-66.88298,10.60883]]}},{"type":"Feature","id":"way/78698482","properties":{"name":"Avenida La Playa","highway":"primary","ref":"L-2"},"geometry":{"type":"LineString","coordinates":[[-66.85008,10.61899],[-66.84717,10.61936],[-66.84577,10.61862]]}},{"type":"Feature","id":"way/78706750","properties":{"name":"Distribuidor El Tr\u00e9bol","highway":"primary_link","ref":"L-6"},"geometry":{"type":"LineString","coordinates":[[-66.97819,10.59826],[-66.97874,10.59838]]}},{"type":"Feature","id":"way/78735921","properties":{"name":"Calle Real de Playa Verde","highway":"tertiary","ref":"R-7"},"geometry":{"type":"LineString","coordinates":[[-67.01314,10.61188],[-67.00722,10.61156],[-67.00357,10.60997]]}},{"type":"Feature","id":"way/78736027","properties":{"name":"Avenida Club N\u00e1utico","highway":"tertiary","ref":"R-7"},"geometry":{"type":"LineString","coordinates":[[-67.03926,10.60067],[-67.03922,10.60077]]}},{"type":"Feature","id":"way/79123061","properties":{"highway":"primary_link"},"geometry":{"type":"LineString","coordinates":[[-66.86174,10.61387],[-66.8615,10.61387]]}},{"type":"Feature","id":"way/79124839","properties":{"highway":"primary_link","ref":"L-2"},"geometry":{"type":"LineString","coordinates":[[-66.85841,10.61709],[-66.85834,10.61742]]}},{"type":"Feature","id":"way/79138342","properties":{"name":"Avenida La Playa","highway":"primary","ref":"L-2"},"geometry":{"type":"LineString","coordinates":[[-66.85161,10.61908],[-66.85123,10.61906]]}},{"type":"Feature","id":"way/79138345","properties":{"name":"Avenida La Playa","highway":"primary","ref":"L-2"},"geometry":{"type":"LineString","coordinates":[[-66.85123,10.61919],[-66.8516,10.61922]]}},{"type":"Feature","id":"way/79138349","properties":{"name":"Avenida La Playa","highway":"primary","ref":"L-2"},"geometry":{"type":"LineString","coordinates":[[-66.8516,10.61922],[-66.85862,10.61733]]}},{"type":"Feature","id":"way/79139384","properties":{"name":"Retorno","highway":"primary_link","ref":"L-2"},"geometry":{"type":"LineString","coordinates":[[-66.88513,10.60885],[-66.88509,10.60918]]}},{"type":"Feature","id":"way/79281507","properties":{"name":"Avenida Principal de Caribe","highway":"primary","ref":"L-2"},"geometry":{"type":"LineString","coordinates":[[-66.83478,10.61285],[-66.83698,10.61403]]}},{"type":"Feature","id":"way/79281537","properties":{"name":"Avenida Principal de Caribe","highway":"primary","ref":"L-2"},"geometry":{"type":"LineString","coordinates":[[-66.82666,10.60943],[-66.82696,10.60957]]}},{"type":"Feature","id":"way/79291224","properties":{"name":"Avenida Principal de Caribe","highway":"primary","ref":"L-2"},"geometry":{"type":"LineString","coordinates":[[-66.83427,10.61256],[-66.83365,10.61236]]}},{"type":"Feature","id":"way/79291225","properties":{"name":"Avenida Principal de Caribe","highway":"primary","ref":"L-2"},"geometry":{"type":"LineString","coordinates":[[-66.83482,10.61278],[-66.83427,10.61256]]}},{"type":"Feature","id":"way/79291227","properties":{"name":"Avenida Principal de Caribe","highway":"primary","ref":"L-2"},"geometry":{"type":"LineString","coordinates":[[-66.83424,10.61264],[-66.83478,10.61285]]}},{"type":"Feature","id":"way/79291278","properties":{"name":"Avenida La Playa","highway":"primary","ref":"L-2"},"geometry":{"type":"LineString","coordinates":[[-66.87033,10.61161],[-66.86434,10.61209],[-66.86174,10.61387]]}},{"type":"Feature","id":"way/79291279","properties":{"name":"Avenida La Playa","highway":"primary","ref":"L-2"},"geometry":{"type":"LineString","coordinates":[[-66.87093,10.61153],[-66.87033,10.61161]]}},{"type":"Feature","id":"way/79291281","properties":{"name":"Avenida La Playa","highway":"primary","ref":"L-2"},"geometry":{"type":"LineString","coordinates":[[-66.87033,10.61174],[-66.87103,10.61167]]}},{"type":"Feature","id":"way/79292352","properties":{"name":"Avenida La Atlantida","highway":"tertiary","ref":"R-7"},"geometry":{"type":"LineString","coordinates":[[-67.02878,10.60325],[-67.03432,10.60771]]}},{"type":"Feature","id":"way/79292889","properties":{"name":"Avenida Bicentenaria","highway":"tertiary","ref":"R-7"},"geometry":{"type":"LineString","coordinates":[[-66.99926,10.61022],[-66.9991,10.61025]]}},{"type":"Feature","id":"way/79292920","properties":{"name":"Avenida La Armada","highway":"secondary","ref":"L-6"},"geometry":{"type":"LineString","coordinates":[[-67.0264,10.60245],[-67.027,10.60269]]}},{"type":"Feature","id":"way/120105543","properties":{"name":"Avenida Jos\u00e9 Mar\u00eda Vargas","highway":"secondary"},"geometry":{"type":"LineString","coordinates":[[-66.73349,10.62075],[-66.73362,10.62092]]}},{"type":"Feature","id":"way/123008341","properties":{"name":"Avenida Bicentenaria","highway":"tertiary","ref":"R-7"},"geometry":{"type":"LineString","coordinates":[[-66.96109,10.59849],[-66.96111,10.59865]]}},{"type":"Feature","id":"way/130571164","properties":{"name":"Carretera Los Caracas - Caruao","highway":"secondary","ref":"L-2"},"geometry":{"type":"LineString","coordinates":[[-66.38061,10.60533],[-66.39075,10.61268],[-66.39561,10.61388],[-66.40605,10.61991],[-66.40805,10.62291]]}},{"type":"Feature","id":"way/170358677","properties":{"name":"Avenida Carlos Soublette","highway":"primary","ref":"L-2"},"geometry":{"type":"LineString","coordinates":[[-66.90586,10.60239],[-66.91143,10.60325],[-66.91563,10.60571]]}},{"type":"Feature","id":"way/173688635","properties":{"name":"Carretera Los Caracas - Caruao","highway":"secondary","ref":"L-2"},"geometry":{"type":"LineString","coordinates":[[-66.57246,10.62671],[-66.56899,10.62776],[-66.56667,10.62603]]}},{"type":"Feature","id":"way/201138655","properties":{"name":"Carretera Vieja Caracas - La Guaira","highway":"secondary","ref":"L-5"},"geometry":{"type":"LineString","coordinates":[[-66.97517,10.5378],[-66.97467,10.54137],[-66.97948,10.54105],[-66.97901,10.54352],[-66.98033,10.5428],[-66.98717,10.54775],[-66.98371,10.55283],[-66.98622,10.55363],[-66.98842,10.5527],[-66.99055,10.55419],[-66.99112,10.55631],[-66.99402,10.55765],[-66.99511,10.56086],[-67.00266,10.56315],[-67.00122,10.5681],[-66.99506,10.56645],[-66.98979,10.56629]]}},{"type":"Feature","id":"way/203774905","properties":{"name":"Carretera Caruao - Chuspa","highway":"secondary","ref":"L-2"},"geometry":{"type":"LineString","coordinates":[[-66.30843,10.61245],[-66.31065,10.61061],[-66.31078,10.60652],[-66.31266,10.60477],[-66.31293,10.60218],[-66.31519,10.60045],[-66.32558,10.59779],[-66.32632,10.59531],[-66.33,10.59112],[-66.33484,10.58751],[-66.3408,10.59006],[-66.34085,10.59208],[-66.34414,10.59453]]}},{"type":"Feature","id":"way/207238962","properties":{"name":"Elevado Atlantida","highway":"tertiary","ref":"R-7"},"geometry":{"type":"LineString","coordinates":[[-67.0264,10.60245],[-67.02657,10.60247]]}},{"type":"Feature","id":"way/224669410","properties":{"name":"Avenida La Armada","highway":"secondary","ref":"L-6"},"geometry":{"type":"LineString","coordinates":[[-66.97803,10.5968],[-66.97828,10.59742]]}},{"type":"Feature","id":"way/230624903","properties":{"name":"Elevado Zamora","highway":"secondary","ref":"L-2"},"geometry":{"type":"LineString","coordinates":[[-67.01736,10.60039],[-67.01763,10.60041]]}},{"type":"Feature","id":"way/238115813","properties":{"name":"Avenida Intercomunal de Macuto","highway":"primary","ref":"L-2"},"geometry":{"type":"LineString","coordinates":[[-66.89683,10.60402],[-66.89718,10.60403]]}},{"type":"Feature","id":"way/238115831","properties":{"name":"Avenida Intercomunal de Macuto","highway":"primary","ref":"L-2"},"geometry":{"type":"LineString","coordinates":[[-66.8982,10.60421],[-66.89753,10.604]]}},{"type":"Feature","id":"way/238115840","properties":{"highway":"primary_link"},"geometry":{"type":"LineString","coordinates":[[-66.88884,10.60774],[-66.88879,10.60737]]}},{"type":"Feature","id":"way/238115842","properties":{"highway":"primary_link"},"geometry":{"type":"LineString","coordinates":[[-66.88819,10.60811],[-66.88884,10.60774]]}},{"type":"Feature","id":"way/243835776","properties":{"name":"Avenida El Balneario","highway":"tertiary","ref":"R-7"},"geometry":{"type":"LineString","coordinates":[[-67.03067,10.60949],[-67.03029,10.60952]]}},{"type":"Feature","id":"way/243835780","properties":{"name":"Calle Real de Playa Verde","highway":"tertiary","ref":"R-7"},"geometry":{"type":"LineString","coordinates":[[-67.02712,10.6099],[-67.02405,10.6128],[-67.0192,10.61255]]}},{"type":"Feature","id":"way/248576391","properties":{"name":"Avenida Bicentenaria","highway":"tertiary","ref":"R-7"},"geometry":{"type":"LineString","coordinates":[[-66.9645,10.59955],[-66.96374,10.60179]]}},{"type":"Feature","id":"way/271921930","properties":{"name":"Carretera Tacoa - Puerto Maya","highway":"tertiary","ref":"R-1"},"geometry":{"type":"LineString","coordinates":[[-67.34101,10.53332],[-67.33995,10.53453],[-67.34135,10.53817],[-67.34035,10.53719],[-67.34066,10.53864],[-67.33833,10.54072],[-67.33739,10.53911],[-67.33089,10.53894],[-67.33051,10.53736],[-67.32829,10.53715],[-67.32583,10.53964],[-67.3248,10.53822],[-67.32372,10.53952],[-67.32138,10.5395],[-67.32052,10.53801],[-67.31851,10.53874],[-67.31712,10.5371],[-67.31431,10.53971],[-67.31201,10.53961],[-67.31053,10.53802],[-67.31066,10.53917],[-67.30894,10.53998],[-67.3079,10.54011],[-67.30683,10.53879],[-67.30705,10.54024],[-67.30477,10.5401],[-67.3038,10.54116],[-67.30271,10.5406],[-67.29786,10.54155],[-67.29559,10.54291],[-67.29386,10.54232],[-67.29383,10.54372],[-67.29259,10.54444],[-67.29144,10.5436],[-67.29098,10.54439],[-67.28509,10.54432],[-67.28274,10.54257],[-67.2814,10.54473],[-67.27981,10.54519],[-67.26704,10.54499],[-67.2667,10.5465],[-67.26323,10.54525],[-67.26172,10.54599],[-67.25963,10.54472],[-67.25853,10.54538],[-67.25513,10.54438],[-67.25103,10.54747],[-67.24655,10.54727],[-67.24294,10.5499],[-67.24183,10.54816],[-67.23968,10.54913]]}},{"type":"Feature","id":"way/272676323","properties":{"name":"Carretera Tacoa - Puerto Maya","highway":"tertiary","ref":"R-1"},"geometry":{"type":"LineString","coordinates":[[-67.09126,10.58025],[-67.0945,10.57894],[-67.10097,10.5806],[-67.10471,10.57789],[-67.10791,10.57803],[-67.10996,10.57582],[-67.12439,10.57119],[-67.12902,10.57097],[-67.13187,10.56963],[-67.1327,10.56818],[-67.13585,10.56974],[-67.13941,10.56928],[-67.14108,10.56639],[-67.14634,10.56609],[-67.15048,10.56363],[-67.15382,10.56337],[-67.15613,10.56022],[-67.15948,10.55857],[-67.16298,10.55795],[-67.16986,10.55925],[-67.17727,10.55668],[-67.179,10.55743],[-67.18182,10.55597],[-67.18115,10.5543],[-67.18323,10.55401],[-67.18262,10.55261],[-67.18003,10.55204],[-67.17987,10.55032],[-67.18306,10.55074],[-67.1849,10.54965],[-67.18631,10.5543],[-67.18647,10.55074],[-67.18751,10.54939],[-67.18704,10.54813],[-67.18838,10.5498],[-67.18728,10.55125],[-67.18772,10.55287],[-67.18954,10.55346],[-67.19154,10.55322],[-67.19404,10.55004],[-67.19586,10.55095],[-67.19675,10.54976],[-67.2006,10.54938],[-67.20565,10.54679],[-67.20807,10.54768],[-67.20828,10.54677],[-67.21,10.54656],[-67.21232,10.5476],[-67.21641,10.54498],[-67.21648,10.54697],[-67.2176,10.54815],[-67.22092,10.54662],[-67.2244,10.54906],[-67.23646,10.54969],[-67.23735,10.55389],[-67.23724,10.55077],[-67.23843,10.54925],[-67.23947,10.54943]]}},{"type":"Feature","id":"way/272931064","properties":{"name":"Carretera Catia La Mar - Carayaca","highway":"secondary","ref":"L-6"},"geometry":{"type":"LineString","coordinates":[[-67.11264,10.53589],[-67.11377,10.53189],[-67.11532,10.53295],[-67.11685,10.53103],[-67.11649,10.533],[-67.11798,10.53341]]}},{"type":"Feature","id":"way/272931731","properties":{"highway":"secondary","ref":"L-6"},"geometry":{"type":"LineString","coordinates":[[-67.12032,10.53318],[-67.11798,10.53341]]}},{"type":"Feature","id":"way/272931732","properties":{"highway":"secondary","ref":"L-6"},"geometry":{"type":"LineString","coordinates":[[-67.11798,10.53341],[-67.12032,10.53318]]}},{"type":"Feature","id":"way/272932458","properties":{"highway":"secondary","ref":"L-6"},"geometry":{"type":"LineString","coordinates":[[-67.12032,10.53318],[-67.12066,10.53289]]}},{"type":"Feature","id":"way/272938604","properties":{"highway":"secondary","ref":"L-6"},"geometry":{"type":"LineString","coordinates":[[-67.12112,10.53017],[-67.11943,10.53096],[-67.12066,10.53289]]}},{"type":"Feature","id":"way/272938606","properties":{"highway":"secondary","ref":"L-6"},"geometry":{"type":"LineString","coordinates":[[-67.1213,10.53235],[-67.12112,10.53017]]}},{"type":"Feature","id":"way/272939359","properties":{"name":"Carretera Carayaca - Colonia Tovar","highway":"secondary","ref":"L-6"},"geometry":{"type":"LineString","coordinates":[[-67.12112,10.53017],[-67.11941,10.5263],[-67.12189,10.52612],[-67.12139,10.52499],[-67.12233,10.52449],[-67.1201,10.52294],[-67.12037,10.52157],[-67.12181,10.52018],[-67.12432,10.52112],[-67.12242,10.51852],[-67.12609,10.51912],[-67.12892,10.51801],[-67.12969,10.51444],[-67.13223,10.51331],[-67.12897,10.51226],[-67.12799,10.51291],[-67.12773,10.5115],[-67.13475,10.509]]}},{"type":"Feature","id":"way/272963884","properties":{"name":"V\u00eda Principal de El Junquito","highway":"primary","ref":"L-4"},"geometry":{"type":"LineString","coordinates":[[-67.08218,10.46202],[-67.07752,10.46131]]}},{"type":"Feature","id":"way/272980423","properties":{"name":"Avenida Carlos Soublette","highway":"primary","ref":"L-2"},"geometry":{"type":"LineString","coordinates":[[-66.95295,10.59746],[-66.95373,10.59738]]}},{"type":"Feature","id":"way/273199377","properties":{"name":"Retorno","highway":"primary_link","ref":"L-2"},"geometry":{"type":"LineString","coordinates":[[-66.92201,10.60402],[-66.92201,10.60366]]}},{"type":"Feature","id":"way/273199378","properties":{"name":"Retorno","highway":"primary_link","ref":"L-2"},"geometry":{"type":"LineString","coordinates":[[-66.92121,10.60382],[-66.92129,10.60412]]}},{"type":"Feature","id":"way/273199379","properties":{"highway":"primary_link"},"geometry":{"type":"LineString","coordinates":[[-66.91578,10.60579],[-66.91598,10.60546]]}},{"type":"Feature","id":"way/273199380","properties":{"highway":"primary_link"},"geometry":{"type":"LineString","coordinates":[[-66.91577,10.60536],[-66.91563,10.60571]]}},{"type":"Feature","id":"way/273623953","properties":{"name":"Avenida Bicentenaria","highway":"tertiary","ref":"R-7"},"geometry":{"type":"LineString","coordinates":[[-66.98194,10.60844],[-66.97971,10.60751]]}},{"type":"Feature","id":"way/274929898","properties":{"name":"Carretera Naiguat\u00e1 - Los Caracas","highway":"secondary","ref":"L-2"},"geometry":{"type":"LineString","coordinates":[[-66.65077,10.62267],[-66.65136,10.62259]]}},{"type":"Feature","id":"way/274929899","properties":{"name":"Carretera Naiguat\u00e1 - Los Caracas","highway":"secondary","ref":"L-2"},"geometry":{"type":"LineString","coordinates":[[-66.65136,10.62259],[-66.65393,10.62304],[-66.65666,10.62197],[-66.66732,10.62115],[-66.68098,10.62286],[-66.68476,10.62189],[-66.69241,10.62226]]}},{"type":"Feature","id":"way/274933505","properties":{"name":"Puente Naiguat\u00e1","highway":"primary","ref":"L-2"},"geometry":{"type":"LineString","coordinates":[[-66.74003,10.62001],[-66.7414,10.61925]]}},{"type":"Feature","id":"way/274933506","properties":{"name":"Carretera Tanaguarenas - Naiguat\u00e1","highway":"primary","ref":"L-2"},"geometry":{"type":"LineString","coordinates":[[-66.78108,10.61241],[-66.78159,10.61248]]}},{"type":"Feature","id":"way/274933509","properties":{"name":"Carretera Tanaguarenas - Naiguat\u00e1","highway":"primary","ref":"L-2"},"geometry":{"type":"LineString","coordinates":[[-66.76617,10.61589],[-66.76926,10.61349],[-66.78108,10.61241]]}},{"type":"Feature","id":"way/274933510","properties":{"name":"Carretera Tanaguarenas - Naiguat\u00e1","highway":"primary","ref":"L-2"},"geometry":{"type":"LineString","coordinates":[[-66.78159,10.61248],[-66.79596,10.61027],[-66.80289,10.61015]]}},{"type":"Feature","id":"way/280538424","properties":{"name":"Avenida Club N\u00e1utico","highway":"tertiary","ref":"R-7"},"geometry":{"type":"LineString","coordinates":[[-67.03432,10.60771],[-67.03074,10.60948]]}},{"type":"Feature","id":"way/282389095","properties":{"name":"Avenida La Armada","highway":"secondary","ref":"L-6"},"geometry":{"type":"LineString","coordinates":[[-67.0271,10.60259],[-67.02639,10.60237]]}},{"type":"Feature","id":"way/282389097","properties":{"name":"Elevado Atlantida","highway":"tertiary","ref":"L-6;R-7"},"geometry":{"type":"LineString","coordinates":[[-67.02657,10.60247],[-67.02826,10.60306]]}},{"type":"Feature","id":"way/282389098","properties":{"name":"Elevado Zamora","highway":"secondary","ref":"L-2"},"geometry":{"type":"LineString","coordinates":[[-67.01763,10.60041],[-67.01737,10.6003]]}},{"type":"Feature","id":"way/282389099","properties":{"name":"Elevado Zamora","highway":"secondary","ref":"L-2"},"geometry":{"type":"LineString","coordinates":[[-67.01763,10.60041],[-67.01976,10.60084]]}},{"type":"Feature","id":"way/282389100","properties":{"name":"Elevado Atlantida","highway":"tertiary","ref":"L-6;R-7"},"geometry":{"type":"LineString","coordinates":[[-67.02657,10.60247],[-67.02639,10.60237]]}},{"type":"Feature","id":"way/282389101","properties":{"name":"Avenida La Marina","highway":"secondary","ref":"L-6"},"geometry":{"type":"LineString","coordinates":[[-67.05588,10.59148],[-67.04097,10.59966]]}},{"type":"Feature","id":"way/282389102","properties":{"name":"Avenida La Marina","highway":"secondary","ref":"L-6"},"geometry":{"type":"LineString","coordinates":[[-67.03926,10.60067],[-67.05596,10.59152]]}},{"type":"Feature","id":"way/282389103","properties":{"name":"Elevado Zamora","highway":"secondary","ref":"L-2"},"geometry":{"type":"LineString","coordinates":[[-67.0199,10.60083],[-67.01976,10.60084]]}},{"type":"Feature","id":"way/282389104","properties":{"name":"Elevado Zamora","highway":"secondary","ref":"L-2"},"geometry":{"type":"LineString","coordinates":[[-67.01976,10.60084],[-67.01986,10.60089]]}},{"type":"Feature","id":"way/298110854","properties":{"highway":"tertiary","ref":"R-7"},"geometry":{"type":"LineString","coordinates":[[-67.03927,10.60056],[-67.03926,10.60067]]}},{"type":"Feature","id":"way/298115990","properties":{"name":"Avenida La Marina","highway":"secondary","ref":"L-6"},"geometry":{"type":"LineString","coordinates":[[-67.05608,10.59116],[-67.05683,10.58826]]}},{"type":"Feature","id":"way/302359405","properties":{"name":"Avenida Carlos Soublette","highway":"primary","ref":"L-2"},"geometry":{"type":"LineString","coordinates":[[-66.97771,10.59729],[-66.97665,10.59768]]}},{"type":"Feature","id":"way/302359406","properties":{"name":"Autopista Caracas - La Guaira","highway":"trunk","ref":"L-2"},"geometry":{"type":"LineString","coordinates":[[-66.97963,10.59649],[-66.97855,10.59695]]}},{"type":"Feature","id":"way/305367343","properties":{"name":"Autopista Caracas - La Guaira","highway":"trunk","ref":"L-2"},"geometry":{"type":"LineString","coordinates":[[-66.97873,10.59698],[-66.98023,10.59639]]}},{"type":"Feature","id":"way/305367344","properties":{"name":"Avenida La Armada","highway":"secondary","ref":"L-6"},"geometry":{"type":"LineString","coordinates":[[-66.97828,10.59742],[-66.98046,10.59766]]}},{"type":"Feature","id":"way/305367345","properties":{"name":"Avenida La Armada","highway":"secondary","ref":"L-6"},"geometry":{"type":"LineString","coordinates":[[-66.9781,10.59675],[-66.97783,10.59585]]}},{"type":"Feature","id":"way/305367346","properties":{"name":"Avenida La Armada","highway":"secondary","ref":"L-6"},"geometry":{"type":"LineString","coordinates":[[-66.97852,10.59764],[-66.9781,10.59675]]}},{"type":"Feature","id":"way/305367348","properties":{"name":"Avenida La Armada","highway":"secondary","ref":"L-6"},"geometry":{"type":"LineString","coordinates":[[-66.98342,10.59671],[-66.98244,10.59691]]}},{"type":"Feature","id":"way/305367349","properties":{"name":"Avenida La Armada","highway":"secondary","ref":"L-6"},"geometry":{"type":"LineString","coordinates":[[-66.98077,10.59736],[-66.97852,10.59764]]}},{"type":"Feature","id":"way/305367350","properties":{"name":"Avenida Carlos Soublette","highway":"primary","ref":"L-2"},"geometry":{"type":"LineString","coordinates":[[-66.96793,10.60032],[-66.9749,10.59835]]}},{"type":"Feature","id":"way/305367351","properties":{"name":"Avenida Carlos Soublette","highway":"primary","ref":"L-2"},"geometry":{"type":"LineString","coordinates":[[-66.97657,10.59784],[-66.97782,10.59735]]}},{"type":"Feature","id":"way/306573193","properties":{"name":"Avenida La Armada","highway":"secondary","ref":"L-6"},"geometry":{"type":"LineString","coordinates":[[-67.01491,10.59879],[-67.01736,10.60039]]}},{"type":"Feature","id":"way/306573199","properties":{"name":"Avenida La Armada","highway":"secondary","ref":"L-6"},"geometry":{"type":"LineString","coordinates":[[-67.01349,10.59687],[-67.01344,10.59681]]}},{"type":"Feature","id":"way/307093539","properties":{"name":"Avenida La Armada","highway":"secondary","ref":"L-6"},"geometry":{"type":"LineString","coordinates":[[-67.02074,10.60098],[-67.0199,10.60083]]}},{"type":"Feature","id":"way/307093540","properties":{"name":"Avenida La Armada","highway":"secondary","ref":"L-6"},"geometry":{"type":"LineString","coordinates":[[-67.0222,10.60126],[-67.02074,10.60098]]}},{"type":"Feature","id":"way/307093541","properties":{"name":"Avenida La Armada","highway":"secondary","ref":"L-6"},"geometry":{"type":"LineString","coordinates":[[-67.02219,10.60133],[-67.02419,10.60172]]}},{"type":"Feature","id":"way/307093542","properties":{"name":"Avenida La Armada","highway":"secondary","ref":"L-6"},"geometry":{"type":"LineString","coordinates":[[-67.02074,10.60106],[-67.02219,10.60133]]}},{"type":"Feature","id":"way/307094398","properties":{"name":"Avenida La Playa","highway":"primary","ref":"L-2"},"geometry":{"type":"LineString","coordinates":[[-66.89763,10.60435],[-66.89757,10.60586]]}},{"type":"Feature","id":"way/307983720","properties":{"name":"Avenida La Marina","highway":"secondary","ref":"L-6"},"geometry":{"type":"LineString","coordinates":[[-67.056,10.59112],[-67.05588,10.59148]]}},{"type":"Feature","id":"way/307983721","properties":{"name":"Avenida La Marina","highway":"secondary","ref":"L-6"},"geometry":{"type":"LineString","coordinates":[[-67.05683,10.58826],[-67.056,10.59112]]}},{"type":"Feature","id":"way/308499392","properties":{"name":"Avenida La Armada","highway":"secondary","ref":"L-6"},"geometry":{"type":"LineString","coordinates":[[-67.02639,10.60237],[-67.0222,10.60126]]}},{"type":"Feature","id":"way/308499394","properties":{"name":"Avenida La Armada","highway":"secondary","ref":"L-6"},"geometry":{"type":"LineString","coordinates":[[-67.01986,10.60089],[-67.02074,10.60106]]}},{"type":"Feature","id":"way/308499396","properties":{"name":"Avenida La Armada","highway":"secondary","ref":"L-6"},"geometry":{"type":"LineString","coordinates":[[-67.01737,10.6003],[-67.01572,10.5995]]}},{"type":"Feature","id":"way/308499397","properties":{"name":"Avenida La Armada","highway":"secondary","ref":"L-6"},"geometry":{"type":"LineString","coordinates":[[-67.0199,10.60083],[-67.01737,10.6003]]}},{"type":"Feature","id":"way/308499398","properties":{"name":"Avenida La Armada","highway":"secondary","ref":"L-6"},"geometry":{"type":"LineString","coordinates":[[-67.01736,10.60039],[-67.01986,10.60089]]}},{"type":"Feature","id":"way/309153717","properties":{"name":"Avenida La Armada","highway":"secondary","ref":"L-6"},"geometry":{"type":"LineString","coordinates":[[-66.98512,10.59641],[-66.98342,10.59671]]}},{"type":"Feature","id":"way/313014290","properties":{"name":"Avenida La Armada","highway":"secondary","ref":"L-5"},"geometry":{"type":"LineString","coordinates":[[-66.97783,10.59585],[-66.97709,10.59497]]}},{"type":"Feature","id":"way/313030547","properties":{"highway":"primary_link"},"geometry":{"type":"LineString","coordinates":[[-66.93156,10.60273],[-66.9318,10.60242]]}},{"type":"Feature","id":"way/313031029","properties":{"name":"Carretera Principal de Galip\u00e1n","highway":"secondary","ref":"R-13"},"geometry":{"type":"LineString","coordinates":[[-66.90693,10.58641],[-66.90775,10.58545],[-66.90631,10.584],[-66.90487,10.57973],[-66.90229,10.57815],[-66.9006,10.5784],[-66.89932,10.57652],[-66.89989,10.57377],[-66.8989,10.57416],[-66.89701,10.57104],[-66.89456,10.56969],[-66.89464,10.56758],[-66.89538,10.56851],[-66.89541,10.56756],[-66.89642,10.56781],[-66.89581,10.56581],[-66.89669,10.56609],[-66.89419,10.56214],[-66.89585,10.56147],[-66.89444,10.56077],[-66.89554,10.55777],[-66.8953,10.55543],[-66.89791,10.55471],[-66.89607,10.55415],[-66.89579,10.55346],[-66.89777,10.55322],[-66.89512,10.55175],[-66.90144,10.55046],[-66.90141,10.54968]]}},{"type":"Feature","id":"way/313031030","properties":{"name":"Avenida \u00c1lamo","highway":"primary","ref":"L-2"},"geometry":{"type":"LineString","coordinates":[[-66.90582,10.60218],[-66.8982,10.60421]]}},{"type":"Feature","id":"way/313031412","properties":{"name":"Avenida Intercomunal de Macuto","highway":"primary","ref":"L-2"},"geometry":{"type":"LineString","coordinates":[[-66.88631,10.60913],[-66.88665,10.60909]]}},{"type":"Feature","id":"way/313031413","properties":{"name":"Avenida Intercomunal de Macuto","highway":"primary","ref":"L-2"},"geometry":{"type":"LineString","coordinates":[[-66.88665,10.60909],[-66.89129,10.60551],[-66.89683,10.60402]]}},{"type":"Feature","id":"way/313031414","properties":{"name":"Avenida Intercomunal de Macuto","highway":"primary","ref":"L-2"},"geometry":{"type":"LineString","coordinates":[[-66.88664,10.60899],[-66.88627,10.60903]]}},{"type":"Feature","id":"way/313031504","properties":{"name":"Distribuidor Macuto","highway":"primary_link"},"geometry":{"type":"LineString","coordinates":[[-66.88237,10.60936],[-66.88392,10.60898]]}},{"type":"Feature","id":"way/313031546","properties":{"name":"Distribuidor Macuto","highway":"primary_link"},"geometry":{"type":"LineString","coordinates":[[-66.88384,10.60889],[-66.88334,10.60797]]}},{"type":"Feature","id":"way/313031575","properties":{"name":"Distribuidor Macuto","highway":"primary_link"},"geometry":{"type":"LineString","coordinates":[[-66.8829,10.6083],[-66.88186,10.60878]]}},{"type":"Feature","id":"way/313032379","properties":{"highway":"primary_link"},"geometry":{"type":"LineString","coordinates":[[-66.87651,10.60869],[-66.876,10.60901]]}},{"type":"Feature","id":"way/316744708","properties":{"name":"Avenida La Armada","highway":"secondary","ref":"L-6"},"geometry":{"type":"LineString","coordinates":[[-66.98209,10.59721],[-66.98488,10.59669]]}},{"type":"Feature","id":"way/316744709","properties":{"name":"Avenida La Armada","highway":"secondary","ref":"L-6"},"geometry":{"type":"LineString","coordinates":[[-66.98046,10.59766],[-66.98209,10.59721]]}},{"type":"Feature","id":"way/316893684","properties":{"name":"Avenida El Ej\u00e9rcito","highway":"secondary","ref":"L-6"},"geometry":{"type":"LineString","coordinates":[[-67.027,10.60269],[-67.02762,10.60256]]}},{"type":"Feature","id":"way/316895475","properties":{"highway":"secondary","ref":"L-2"},"geometry":{"type":"LineString","coordinates":[[-66.73971,10.62018],[-66.73371,10.62071]]}},{"type":"Feature","id":"way/316897452","properties":{"name":"Avenida Carlos Soublette","highway":"primary","ref":"L-2"},"geometry":{"type":"LineString","coordinates":[[-66.94628,10.59778],[-66.93591,10.59797],[-66.93373,10.602],[-66.93157,10.6024]]}},{"type":"Feature","id":"way/317017774","properties":{"name":"Avenida La Armada","highway":"secondary","ref":"L-6"},"geometry":{"type":"LineString","coordinates":[[-67.01341,10.59694],[-67.01491,10.59879]]}},{"type":"Feature","id":"way/317017775","properties":{"name":"Avenida La Armada","highway":"secondary","ref":"L-6"},"geometry":{"type":"LineString","coordinates":[[-67.00216,10.59444],[-67.00336,10.59445]]}},{"type":"Feature","id":"way/317017776","properties":{"name":"Avenida La Armada","highway":"secondary","ref":"L-6"},"geometry":{"type":"LineString","coordinates":[[-67.01278,10.59616],[-67.01336,10.59687]]}},{"type":"Feature","id":"way/317017777","properties":{"name":"Avenida La Armada","highway":"secondary","ref":"L-6"},"geometry":{"type":"LineString","coordinates":[[-67.02419,10.60172],[-67.0264,10.60245]]}},{"type":"Feature","id":"way/317017778","properties":{"name":"Avenida La Armada","highway":"secondary","ref":"L-6"},"geometry":{"type":"LineString","coordinates":[[-66.99927,10.5945],[-67.00216,10.59444]]}},{"type":"Feature","id":"way/317017779","properties":{"name":"Avenida La Armada","highway":"secondary","ref":"L-6"},"geometry":{"type":"LineString","coordinates":[[-66.99637,10.59474],[-66.99829,10.59458]]}},{"type":"Feature","id":"way/317017780","properties":{"name":"Avenida La Armada","highway":"secondary","ref":"L-6"},"geometry":{"type":"LineString","coordinates":[[-67.00336,10.59445],[-67.0108,10.59468],[-67.01278,10.59616]]}},{"type":"Feature","id":"way/317751910","properties":{"name":"Avenida La Marina","highway":"secondary","ref":"L-6"},"geometry":{"type":"LineString","coordinates":[[-67.04097,10.59966],[-67.03938,10.60045]]}},{"type":"Feature","id":"way/317807709","properties":{"name":"Avenida La Armada","highway":"secondary","ref":"L-6"},"geometry":{"type":"LineString","coordinates":[[-66.98244,10.59691],[-66.98077,10.59736]]}},{"type":"Feature","id":"way/318646892","properties":{"name":"Avenida Carlos Soublette","highway":"primary","ref":"L-2"},"geometry":{"type":"LineString","coordinates":[[-66.9598,10.59819],[-66.95485,10.59722]]}},{"type":"Feature","id":"way/318646893","properties":{"name":"Avenida Carlos Soublette","highway":"tertiary","ref":"L-2"},"geometry":{"type":"LineString","coordinates":[[-66.94814,10.59778],[-66.95003,10.59763]]}},{"type":"Feature","id":"way/322159348","properties":{"name":"Elevado de Pariata","highway":"primary","ref":"L-2"},"geometry":{"type":"LineString","coordinates":[[-66.95965,10.59821],[-66.96072,10.5985]]}},{"type":"Feature","id":"way/322159349","properties":{"name":"Elevado de Pariata","highway":"primary","ref":"L-2"},"geometry":{"type":"LineString","coordinates":[[-66.96237,10.59895],[-66.96246,10.59898]]}},{"type":"Feature","id":"way/322160641","properties":{"name":"Elevado de Pariata","highway":"primary","ref":"L-2"},"geometry":{"type":"LineString","coordinates":[[-66.96239,10.59891],[-66.96218,10.59885]]}},{"type":"Feature","id":"way/322160764","properties":{"name":"Avenida Carlos Soublette","highway":"tertiary","ref":"L-2"},"geometry":{"type":"LineString","coordinates":[[-66.95965,10.59821],[-66.96246,10.59898]]}},{"type":"Feature","id":"way/322161224","properties":{"name":"Avenida Carlos Soublette","highway":"tertiary","ref":"L-2"},"geometry":{"type":"LineString","coordinates":[[-66.96248,10.59894],[-66.96109,10.59849]]}},{"type":"Feature","id":"way/322161881","properties":{"name":"Avenida Carlos Soublette","highway":"tertiary","ref":"L-2"},"geometry":{"type":"LineString","coordinates":[[-66.96109,10.59849],[-66.9598,10.59819]]}},{"type":"Feature","id":"way/322161882","properties":{"name":"Avenida Bicentenaria","highway":"tertiary","ref":"R-7"},"geometry":{"type":"LineString","coordinates":[[-66.96111,10.59865],[-66.96111,10.59874]]}},{"type":"Feature","id":"way/322161883","properties":{"name":"Avenida Bicentenaria","highway":"tertiary","ref":"R-7"},"geometry":{"type":"LineString","coordinates":[[-66.96111,10.59874],[-66.96151,10.60051]]}},{"type":"Feature","id":"way/327873436","properties":{"name":"Carretera Colonia Tovar - Puerto Cruz","highway":"tertiary","ref":"R-6"},"geometry":{"type":"LineString","coordinates":[[-67.34101,10.53332],[-67.34038,10.52562]]}},{"type":"Feature","id":"way/338038391","properties":{"name":"Carretera Los Caracas - Caruao","highway":"secondary","ref":"L-2"},"geometry":{"type":"LineString","coordinates":[[-66.57388,10.62686],[-66.57685,10.62667]]}},{"type":"Feature","id":"way/338038519","properties":{"name":"Carretera Los Caracas - Caruao","highway":"secondary","ref":"L-2"},"geometry":{"type":"LineString","coordinates":[[-66.57685,10.62667],[-66.57388,10.62686]]}},{"type":"Feature","id":"way/338038522","properties":{"name":"Carretera Los Caracas - Caruao","highway":"secondary","ref":"L-2"},"geometry":{"type":"LineString","coordinates":[[-66.57246,10.62671],[-66.57267,10.62675]]}},{"type":"Feature","id":"way/364539148","properties":{"name":"Avenida Carlos Soublette","highway":"primary","ref":"L-2"},"geometry":{"type":"LineString","coordinates":[[-66.96792,10.6002],[-66.96739,10.60022]]}},{"type":"Feature","id":"way/375086924","properties":{"name":"Avenida El Ej\u00e9rcito","highway":"secondary","ref":"L-6"},"geometry":{"type":"LineString","coordinates":[[-67.03911,10.6005],[-67.03864,10.60028]]}},{"type":"Feature","id":"way/375091933","properties":{"name":"Avenida La Playa","highway":"primary","ref":"L-2"},"geometry":{"type":"LineString","coordinates":[[-66.89757,10.60586],[-66.90036,10.60567],[-66.90586,10.60239]]}},{"type":"Feature","id":"way/375229727","properties":{"name":"Avenida La Armada","highway":"secondary","ref":"L-6"},"geometry":{"type":"LineString","coordinates":[[-66.98488,10.59669],[-66.99054,10.59525]]}},{"type":"Feature","id":"way/375629884","properties":{"name":"Avenida El Ej\u00e9rcito","highway":"secondary","ref":"L-6"},"geometry":{"type":"LineString","coordinates":[[-67.02766,10.60245],[-67.0271,10.60259]]}},{"type":"Feature","id":"way/375629885","properties":{"name":"Avenida El Ej\u00e9rcito","highway":"secondary","ref":"L-6"},"geometry":{"type":"LineString","coordinates":[[-67.02888,10.60215],[-67.02766,10.60245]]}},{"type":"Feature","id":"way/376314816","properties":{"name":"Avenida Carlos Soublette","highway":"primary","ref":"L-2"},"geometry":{"type":"LineString","coordinates":[[-66.97665,10.59768],[-66.97553,10.59805]]}},{"type":"Feature","id":"way/376318337","properties":{"name":"Distribuidor El Tr\u00e9bol","highway":"trunk_link"},"geometry":{"type":"LineString","coordinates":[[-66.97963,10.59649],[-66.97783,10.59585]]}},{"type":"Feature","id":"way/376318341","properties":{"name":"Avenida La Armada","highway":"secondary","ref":"L-6"},"geometry":{"type":"LineString","coordinates":[[-66.97756,10.59593],[-66.97803,10.5968]]}},{"type":"Feature","id":"way/376525463","properties":{"name":"Elevado de El C\u00f3nsul","highway":"primary","ref":"L-2"},"geometry":{"type":"LineString","coordinates":[[-66.94595,10.59789],[-66.94687,10.59781]]}},{"type":"Feature","id":"way/376525464","properties":{"name":"Avenida Carlos Soublette","highway":"tertiary","ref":"L-2"},"geometry":{"type":"LineString","coordinates":[[-66.95002,10.59757],[-66.94889,10.59762]]}},{"type":"Feature","id":"way/376525465","properties":{"name":"Elevado de El C\u00f3nsul","highway":"primary","ref":"L-2"},"geometry":{"type":"LineString","coordinates":[[-66.95002,10.59757],[-66.94989,10.59758]]}},{"type":"Feature","id":"way/376529129","properties":{"name":"Avenida Principal de Caribe","highway":"primary","ref":"L-2"},"geometry":{"type":"LineString","coordinates":[[-66.84577,10.61862],[-66.84412,10.61552]]}},{"type":"Feature","id":"way/376529130","properties":{"name":"Avenida La Playa","highway":"primary","ref":"L-2"},"geometry":{"type":"LineString","coordinates":[[-66.84568,10.61867],[-66.84716,10.61944],[-66.85007,10.61911]]}},{"type":"Feature","id":"way/377129727","properties":{"name":"Carretera Los Teques - Colonia Tovar","highway":"secondary","ref":"L-7"},"geometry":{"type":"LineString","coordinates":[[-67.17339,10.36004],[-67.17444,10.35982],[-67.17503,10.3577],[-67.17878,10.35991],[-67.17613,10.36312],[-67.17626,10.36459],[-67.17412,10.36628],[-67.18034,10.36717],[-67.17805,10.3664],[-67.17782,10.36548],[-67.18103,10.36435],[-67.18803,10.3659],[-67.19134,10.36956],[-67.19775,10.37298],[-67.19786,10.37465],[-67.19677,10.37554],[-67.1973,10.37739],[-67.196,10.37838],[-67.19671,10.38029],[-67.20139,10.38148],[-67.19984,10.3858],[-67.20132,10.38853],[-67.20829,10.3946],[-67.20857,10.39703],[-67.20929,10.39615],[-67.21124,10.39858],[-67.21458,10.39936],[-67.21457,10.40001],[-67.21589,10.39945],[-67.21828,10.40155],[-67.2177,10.40361],[-67.21949,10.40699],[-67.22164,10.40796],[-67.22459,10.4114]]}},{"type":"Feature","id":"way/378705136","properties":{"name":"Avenida Intercomunal de Macuto","highway":"primary","ref":"L-2"},"geometry":{"type":"LineString","coordinates":[[-66.88236,10.60889],[-66.88296,10.60892]]}},{"type":"Feature","id":"way/378705141","properties":{"name":"Avenida Intercomunal de Macuto","highway":"primary","ref":"L-2"},"geometry":{"type":"LineString","coordinates":[[-66.88298,10.60883],[-66.88237,10.60879]]}},{"type":"Feature","id":"way/378705155","properties":{"name":"Avenida Intercomunal de Macuto","highway":"primary","ref":"L-2"},"geometry":{"type":"LineString","coordinates":[[-66.88237,10.60879],[-66.87905,10.60926]]}},{"type":"Feature","id":"way/378705165","properties":{"name":"Avenida Intercomunal de Macuto","highway":"primary","ref":"L-2"},"geometry":{"type":"LineString","coordinates":[[-66.87908,10.60938],[-66.88236,10.60889]]}},{"type":"Feature","id":"way/378705168","properties":{"name":"Avenida La Playa","highway":"primary","ref":"L-2"},"geometry":{"type":"LineString","coordinates":[[-66.8767,10.60903],[-66.87309,10.61051]]}},{"type":"Feature","id":"way/378705176","properties":{"name":"Distribuidor Macuto","highway":"primary_link"},"geometry":{"type":"LineString","coordinates":[[-66.88119,10.60883],[-66.88231,10.60933]]}},{"type":"Feature","id":"way/378705177","properties":{"name":"Avenida La Playa","highway":"primary","ref":"L-2"},"geometry":{"type":"LineString","coordinates":[[-66.87103,10.61167],[-66.87317,10.61063]]}},{"type":"Feature","id":"way/378705180","properties":{"name":"Avenida Intercomunal de Macuto","highway":"primary","ref":"L-2"},"geometry":{"type":"LineString","coordinates":[[-66.88296,10.60892],[-66.88631,10.60913]]}},{"type":"Feature","id":"way/378705183","properties":{"highway":"primary_link","ref":"L-2"},"geometry":{"type":"LineString","coordinates":[[-66.88068,10.60861],[-66.88054,10.60887]]}},{"type":"Feature","id":"way/384268169","properties":{"name":"Avenida Carlos Soublette","highway":"primary","ref":"L-2"},"geometry":{"type":"LineString","coordinates":[[-66.93141,10.6027],[-66.93378,10.60207],[-66.93611,10.59804],[-66.94584,10.59789]]}},{"type":"Feature","id":"way/384268170","properties":{"name":"Avenida Carlos Soublette","highway":"primary","ref":"L-2"},"geometry":{"type":"LineString","coordinates":[[-66.91577,10.60536],[-66.90947,10.60252],[-66.90582,10.60218]]}},{"type":"Feature","id":"way/384268172","properties":{"name":"Avenida Carlos Soublette","highway":"primary","ref":"L-2"},"geometry":{"type":"LineString","coordinates":[[-66.9183,10.60526],[-66.91876,10.6049]]}},{"type":"Feature","id":"way/384268173","properties":{"name":"Avenida Carlos Soublette","highway":"primary","ref":"L-2"},"geometry":{"type":"LineString","coordinates":[[-66.9187,10.60482],[-66.91833,10.60511]]}},{"type":"Feature","id":"way/396716042","properties":{"name":"Avenida Principal de Vista al Mar","highway":"tertiary","ref":"R-1"},"geometry":{"type":"LineString","coordinates":[[-67.07177,10.58114],[-67.07074,10.57947]]}},{"type":"Feature","id":"way/396725294","properties":{"name":"Carretera Catia La Mar - Carayaca","highway":"secondary","ref":"L-6"},"geometry":{"type":"LineString","coordinates":[[-67.07074,10.57947],[-67.06992,10.5758],[-67.07309,10.57814],[-67.07151,10.57294]]}},{"type":"Feature","id":"way/397293970","properties":{"name":"Avenida Carlos Soublette","highway":"tertiary","ref":"L-2"},"geometry":{"type":"LineString","coordinates":[[-66.94819,10.59765],[-66.94731,10.5977]]}},{"type":"Feature","id":"way/411826987","properties":{"name":"Calle Real de Playa Verde","highway":"tertiary","ref":"R-7"},"geometry":{"type":"LineString","coordinates":[[-67.0192,10.61255],[-67.01314,10.61188]]}},{"type":"Feature","id":"way/411827433","properties":{"name":"Avenida La Playa","highway":"primary","ref":"L-2"},"geometry":{"type":"LineString","coordinates":[[-66.85007,10.61911],[-66.85123,10.61919]]}},{"type":"Feature","id":"way/411827440","properties":{"name":"Avenida La Playa","highway":"primary","ref":"L-2"},"geometry":{"type":"LineString","coordinates":[[-66.85123,10.61906],[-66.85008,10.61899]]}},{"type":"Feature","id":"way/416820405","properties":{"name":"Carretera Naiguat\u00e1 - Los Caracas","highway":"secondary","ref":"L-2"},"geometry":{"type":"LineString","coordinates":[[-66.69256,10.62223],[-66.6965,10.62103],[-66.70406,10.62143]]}},{"type":"Feature","id":"way/416820407","properties":{"name":"Carretera Naiguat\u00e1 - Los Caracas","highway":"secondary","ref":"L-2"},"geometry":{"type":"LineString","coordinates":[[-66.69241,10.62226],[-66.69256,10.62223]]}},{"type":"Feature","id":"way/503455848","properties":{"name":"Avenida Bicentenaria","highway":"tertiary","ref":"R-7"},"geometry":{"type":"LineString","coordinates":[[-66.96348,10.60143],[-66.96151,10.60051]]}},{"type":"Feature","id":"way/503455853","properties":{"name":"Avenida Bicentenaria","highway":"tertiary","ref":"R-7"},"geometry":{"type":"LineString","coordinates":[[-66.96374,10.60179],[-66.96502,10.60287]]}},{"type":"Feature","id":"way/503455856","properties":{"name":"Avenida Bicentenaria","highway":"tertiary","ref":"R-7"},"geometry":{"type":"LineString","coordinates":[[-66.96361,10.60169],[-66.96374,10.60179]]}},{"type":"Feature","id":"way/503455858","properties":{"name":"Avenida Bicentenaria","highway":"tertiary","ref":"R-7"},"geometry":{"type":"LineString","coordinates":[[-66.96151,10.60051],[-66.96082,10.6002]]}},{"type":"Feature","id":"way/503457018","properties":{"name":"Avenida Bicentenaria","highway":"tertiary","ref":"R-7"},"geometry":{"type":"LineString","coordinates":[[-66.98235,10.60857],[-66.98194,10.60844]]}},{"type":"Feature","id":"way/503457019","properties":{"name":"Avenida Bicentenaria","highway":"tertiary","ref":"R-7"},"geometry":{"type":"LineString","coordinates":[[-66.9939,10.61146],[-66.98898,10.61228],[-66.98253,10.6086]]}},{"type":"Feature","id":"way/503457020","properties":{"name":"Avenida Bicentenaria","highway":"tertiary","ref":"R-7"},"geometry":{"type":"LineString","coordinates":[[-66.98191,10.60854],[-66.98233,10.60866]]}},{"type":"Feature","id":"way/503457021","properties":{"name":"Avenida Bicentenaria","highway":"tertiary","ref":"R-7"},"geometry":{"type":"LineString","coordinates":[[-66.98233,10.60866],[-66.98241,10.60868]]}},{"type":"Feature","id":"way/511090869","properties":{"name":"Carretera Caracas - Galip\u00e1n","highway":"secondary","ref":"R-13"},"geometry":{"type":"LineString","coordinates":[[-66.90141,10.54968],[-66.90225,10.54707],[-66.90078,10.54405],[-66.90189,10.54427],[-66.90085,10.54276],[-66.9017,10.54083],[-66.89954,10.54013],[-66.90153,10.53871],[-66.90272,10.53457],[-66.90434,10.53297],[-66.90423,10.53111],[-66.90574,10.52865],[-66.90757,10.52809],[-66.90756,10.52615]]}},{"type":"Feature","id":"way/513953029","properties":{"name":"Carretera Tanaguarenas - Naiguat\u00e1","highway":"primary","ref":"L-2"},"geometry":{"type":"LineString","coordinates":[[-66.76588,10.6159],[-66.76617,10.61589]]}},{"type":"Feature","id":"way/513953030","properties":{"name":"Carretera Tanaguarenas - Naiguat\u00e1","highway":"primary","ref":"L-2"},"geometry":{"type":"LineString","coordinates":[[-66.7414,10.61925],[-66.74588,10.61623],[-66.74915,10.61563],[-66.75941,10.61438],[-66.76588,10.6159]]}},{"type":"Feature","id":"way/533772442","properties":{"name":"Carretera Carayaca - Colonia Tovar","highway":"secondary","ref":"L-6"},"geometry":{"type":"LineString","coordinates":[[-67.13475,10.509],[-67.12838,10.50793],[-67.12925,10.50633],[-67.13215,10.50519],[-67.13156,10.50254],[-67.13308,10.50121],[-67.13456,10.50218],[-67.14325,10.50064],[-67.14265,10.49989],[-67.1437,10.49926]]}},{"type":"Feature","id":"way/533772444","properties":{"name":"Carretera Carayaca - Colonia Tovar","highway":"secondary","ref":"L-6"},"geometry":{"type":"LineString","coordinates":[[-67.1437,10.49926],[-67.1473,10.4937],[-67.1475,10.49119],[-67.14599,10.48961],[-67.14629,10.48816],[-67.14893,10.487],[-67.15037,10.48739],[-67.1506,10.48516],[-67.15278,10.48524],[-67.1542,10.48422],[-67.15489,10.48077],[-67.15408,10.47661],[-67.15608,10.47418],[-67.15765,10.47497],[-67.15991,10.47343]]}},{"type":"Feature","id":"way/533774636","properties":{"name":"Carretera Carayaca - Colonia Tovar","highway":"secondary","ref":"L-6"},"geometry":{"type":"LineString","coordinates":[[-67.17609,10.46747],[-67.18087,10.46641],[-67.1827,10.46466],[-67.18085,10.46207],[-67.18261,10.4618],[-67.18088,10.45796],[-67.17838,10.45674],[-67.18067,10.45464],[-67.17995,10.45267],[-67.18114,10.45087],[-67.18138,10.45254],[-67.18263,10.45236]]}},{"type":"Feature","id":"way/533775526","properties":{"name":"Carretera Carayaca - Colonia Tovar","highway":"secondary","ref":"L-6"},"geometry":{"type":"LineString","coordinates":[[-67.18263,10.45236],[-67.18459,10.45117],[-67.18822,10.45361],[-67.19055,10.45392],[-67.19176,10.45342],[-67.19213,10.45197],[-67.1929,10.45283],[-67.19354,10.45178],[-67.19769,10.4502],[-67.20071,10.44989],[-67.20234,10.45084],[-67.20528,10.44768],[-67.20557,10.446],[-67.20677,10.44636]]}},{"type":"Feature","id":"way/533775527","properties":{"name":"Carretera Carayaca - Colonia Tovar","highway":"secondary","ref":"L-6"},"geometry":{"type":"LineString","coordinates":[[-67.20677,10.44636],[-67.20835,10.44697],[-67.21422,10.44207],[-67.21685,10.44153],[-67.22132,10.4377],[-67.22118,10.43638],[-67.22268,10.43515],[-67.22237,10.4365],[-67.22358,10.43611],[-67.22505,10.43301],[-67.22701,10.43265],[-67.22844,10.42825],[-67.23116,10.42993],[-67.2343,10.42595],[-67.23598,10.42683],[-67.23568,10.42592],[-67.23714,10.42442],[-67.23838,10.42518],[-67.23961,10.42422],[-67.24136,10.42067]]}},{"type":"Feature","id":"way/563386200","properties":{"name":"Carretera Colonia Tovar - Puerto Cruz","highway":"tertiary","ref":"R-6"},"geometry":{"type":"LineString","coordinates":[[-67.21715,10.44122],[-67.21845,10.44151],[-67.22535,10.43731],[-67.22978,10.43676],[-67.23257,10.43705],[-67.23575,10.4395],[-67.23751,10.43912],[-67.23948,10.44198],[-67.24107,10.44095],[-67.24255,10.44132],[-67.24757,10.44468],[-67.24889,10.45049],[-67.2594,10.45808],[-67.26158,10.4642],[-67.26372,10.46691],[-67.26905,10.47066],[-67.27434,10.47306],[-67.27701,10.47223],[-67.27364,10.4722],[-67.27164,10.46855],[-67.26724,10.46398],[-67.26944,10.46458],[-67.27504,10.46918],[-67.27677,10.46929],[-67.27508,10.46833],[-67.27196,10.46181],[-67.26911,10.45929],[-67.27271,10.46085],[-67.27357,10.46223],[-67.27278,10.45979],[-67.27735,10.46344],[-67.2806,10.46347],[-67.28274,10.46751],[-67.28337,10.46692],[-67.28584,10.46778],[-67.28609,10.46867],[-67.28857,10.4665],[-67.28842,10.46792],[-67.29162,10.47106],[-67.29571,10.47077],[-67.29807,10.47288],[-67.29761,10.47494],[-67.30012,10.47559],[-67.30081,10.47751],[-67.30233,10.4754],[-67.30531,10.47627],[-67.30643,10.47985],[-67.30965,10.48027],[-67.30849,10.4831],[-67.31182,10.48167],[-67.31147,10.483],[-67.31304,10.48428],[-67.31313,10.48612],[-67.31465,10.48464],[-67.31675,10.4853],[-67.31812,10.48357],[-67.31877,10.48589],[-67.32291,10.48878],[-67.32027,10.49087],[-67.32138,10.49338],[-67.31962,10.49326],[-67.31994,10.49504],[-67.32384,10.49628],[-67.32359,10.4985],[-67.32527,10.4985],[-67.32505,10.50056],[-67.3295,10.50537],[-67.32739,10.5066],[-67.32319,10.50589],[-67.32213,10.5068],[-67.32435,10.50993],[-67.32375,10.51092],[-67.32135,10.51019],[-67.32155,10.51212],[-67.31764,10.51146],[-67.31657,10.5125],[-67.32031,10.51416],[-67.32052,10.51544],[-67.3262,10.51696],[-67.32753,10.51983],[-67.33361,10.52412],[-67.33275,10.52478],[-67.33522,10.52615],[-67.33821,10.53077],[-67.33873,10.52805],[-67.33627,10.52434],[-67.33831,10.52257],[-67.33696,10.52369],[-67.33886,10.52311],[-67.33813,10.52416]]}},{"type":"Feature","id":"way/563386216","properties":{"name":"Carretera Colonia Tovar - Puerto Cruz","highway":"tertiary","ref":"R-6"},"geometry":{"type":"LineString","coordinates":[[-67.34038,10.52562],[-67.33813,10.52416]]}},{"type":"Feature","id":"way/563394620","properties":{"name":"Elevado Atlantida","highway":"tertiary","ref":"L-6;R-7"},"geometry":{"type":"LineString","coordinates":[[-67.02826,10.60306],[-67.02878,10.60325]]}},{"type":"Feature","id":"way/563411707","properties":{"name":"Elevado de El C\u00f3nsul","highway":"primary","ref":"L-2"},"geometry":{"type":"LineString","coordinates":[[-66.94685,10.59777],[-66.94628,10.59778]]}},{"type":"Feature","id":"way/563411713","properties":{"name":"Elevado de El C\u00f3nsul","highway":"primary","ref":"L-2"},"geometry":{"type":"LineString","coordinates":[[-66.94687,10.59781],[-66.9499,10.59761]]}},{"type":"Feature","id":"way/563411721","properties":{"name":"Elevado de El C\u00f3nsul","highway":"primary","ref":"L-2"},"geometry":{"type":"LineString","coordinates":[[-66.94989,10.59758],[-66.94685,10.59777]]}},{"type":"Feature","id":"way/563411736","properties":{"name":"Elevado de El C\u00f3nsul","highway":"primary","ref":"L-2"},"geometry":{"type":"LineString","coordinates":[[-66.9499,10.59761],[-66.95003,10.59763]]}},{"type":"Feature","id":"way/563411746","properties":{"name":"Elevado de Pariata","highway":"primary","ref":"L-2"},"geometry":{"type":"LineString","coordinates":[[-66.96072,10.5985],[-66.96217,10.5989]]}},{"type":"Feature","id":"way/563411760","properties":{"name":"Elevado de Pariata","highway":"primary","ref":"L-2"},"geometry":{"type":"LineString","coordinates":[[-66.96073,10.59846],[-66.9598,10.59819]]}},{"type":"Feature","id":"way/563411769","properties":{"name":"Elevado de Pariata","highway":"primary","ref":"L-2"},"geometry":{"type":"LineString","coordinates":[[-66.96217,10.5989],[-66.96237,10.59895]]}},{"type":"Feature","id":"way/563411777","properties":{"name":"Elevado de Pariata","highway":"primary","ref":"L-2"},"geometry":{"type":"LineString","coordinates":[[-66.96218,10.59885],[-66.96073,10.59846]]}},{"type":"Feature","id":"way/563411786","properties":{"name":"Elevado de Pariata","highway":"primary","ref":"L-2"},"geometry":{"type":"LineString","coordinates":[[-66.96248,10.59894],[-66.96239,10.59891]]}},{"type":"Feature","id":"way/563411795","properties":{"name":"Avenida Carlos Soublette","highway":"primary","ref":"L-2"},"geometry":{"type":"LineString","coordinates":[[-66.96246,10.59898],[-66.96266,10.59904]]}},{"type":"Feature","id":"way/563415873","properties":{"name":"Avenida Intercomunal de Macuto","highway":"primary","ref":"L-2"},"geometry":{"type":"LineString","coordinates":[[-66.89718,10.60403],[-66.89748,10.60416]]}},{"type":"Feature","id":"way/563415875","properties":{"name":"Avenida Intercomunal de Macuto","highway":"primary","ref":"L-2"},"geometry":{"type":"LineString","coordinates":[[-66.89748,10.60416],[-66.89763,10.60435]]}},{"type":"Feature","id":"way/563415876","properties":{"name":"Avenida Intercomunal de Macuto","highway":"primary","ref":"L-2"},"geometry":{"type":"LineString","coordinates":[[-66.89753,10.604],[-66.89725,10.60393]]}},{"type":"Feature","id":"way/563415880","properties":{"name":"Avenida Intercomunal de Macuto","highway":"primary","ref":"L-2"},"geometry":{"type":"LineString","coordinates":[[-66.89725,10.60393],[-66.89657,10.60398]]}},{"type":"Feature","id":"way/563434687","properties":{"highway":"primary_link"},"geometry":{"type":"LineString","coordinates":[[-66.85891,10.61699],[-66.85844,10.61702]]}},{"type":"Feature","id":"way/563434708","properties":{"name":"Carretera Los Caracas - Caruao","highway":"secondary","ref":"L-2"},"geometry":{"type":"LineString","coordinates":[[-66.45874,10.6258],[-66.45952,10.62725],[-66.46232,10.62862],[-66.46549,10.62931],[-66.46765,10.6283],[-66.46709,10.62918],[-66.47016,10.6299],[-66.47328,10.62856],[-66.47329,10.62779],[-66.47633,10.62772],[-66.47601,10.62661],[-66.47882,10.62529]]}},{"type":"Feature","id":"way/600481597","properties":{"name":"V\u00eda a La Niebla","highway":"tertiary"},"geometry":{"type":"LineString","coordinates":[[-67.09623,10.49194],[-67.09561,10.491],[-67.09658,10.49041],[-67.09298,10.49039],[-67.09725,10.48913],[-67.09935,10.48977],[-67.09739,10.48811],[-67.10074,10.48745],[-67.10215,10.48409],[-67.10179,10.47952],[-67.10417,10.47765],[-67.10224,10.4733],[-67.10066,10.47322],[-67.09706,10.46978],[-67.09778,10.46711],[-67.09634,10.46235],[-67.09406,10.4621],[-67.09278,10.46043]]}},{"type":"Feature","id":"way/676106578","properties":{"name":"Avenida Jos\u00e9 Mar\u00eda Vargas","highway":"secondary"},"geometry":{"type":"LineString","coordinates":[[-66.73443,10.62134],[-66.73838,10.62349],[-66.7412,10.62331]]}},{"type":"Feature","id":"way/676106579","properties":{"name":"Avenida Jos\u00e9 Mar\u00eda Vargas","highway":"secondary"},"geometry":{"type":"LineString","coordinates":[[-66.73362,10.62092],[-66.73443,10.62134]]}},{"type":"Feature","id":"way/676106580","properties":{"name":"Avenida Jos\u00e9 Mar\u00eda Vargas","highway":"secondary"},"geometry":{"type":"LineString","coordinates":[[-66.7412,10.62331],[-66.7397,10.62057]]}},{"type":"Feature","id":"way/678718668","properties":{"highway":"secondary","ref":"L-6"},"geometry":{"type":"LineString","coordinates":[[-67.12066,10.53289],[-67.1213,10.53235]]}},{"type":"Feature","id":"way/748948238","properties":{"name":"Carretera Los Caracas - Caruao","highway":"secondary","ref":"L-2"},"geometry":{"type":"LineString","coordinates":[[-66.45548,10.62386],[-66.45682,10.62562],[-66.45842,10.62567]]}},{"type":"Feature","id":"way/748948239","properties":{"name":"Carretera Los Caracas - Caruao","highway":"secondary","ref":"L-2"},"geometry":{"type":"LineString","coordinates":[[-66.45535,10.62394],[-66.45548,10.62386]]}},{"type":"Feature","id":"way/761848407","properties":{"name":"Carretera Naiguat\u00e1 - Los Caracas","highway":"secondary","ref":"L-2"},"geometry":{"type":"LineString","coordinates":[[-66.71535,10.62131],[-66.7219,10.61858],[-66.73349,10.62075]]}},{"type":"Feature","id":"way/761848408","properties":{"name":"Carretera Naiguat\u00e1 - Los Caracas","highway":"secondary","ref":"L-2"},"geometry":{"type":"LineString","coordinates":[[-66.71499,10.62142],[-66.71535,10.62131]]}},{"type":"Feature","id":"way/762314256","properties":{"name":"Carretera Los Caracas - Caruao","highway":"secondary","ref":"L-2"},"geometry":{"type":"LineString","coordinates":[[-66.4082,10.62304],[-66.42025,10.62552],[-66.42247,10.62479],[-66.4265,10.62528],[-66.43112,10.62341],[-66.43272,10.62409],[-66.43335,10.6259],[-66.43384,10.6248],[-66.44093,10.62534],[-66.44818,10.62788],[-66.44969,10.6293],[-66.45323,10.62985],[-66.45705,10.62796],[-66.45463,10.62522],[-66.45535,10.62394]]}},{"type":"Feature","id":"way/762314257","properties":{"name":"Carretera Los Caracas - Caruao","highway":"secondary","ref":"L-2"},"geometry":{"type":"LineString","coordinates":[[-66.40805,10.62291],[-66.4082,10.62304]]}},{"type":"Feature","id":"way/764309754","properties":{"name":"Carretera Los Caracas - Caruao","highway":"secondary","ref":"L-2"},"geometry":{"type":"LineString","coordinates":[[-66.56636,10.62587],[-66.56667,10.62603]]}},{"type":"Feature","id":"way/764309755","properties":{"name":"Carretera Los Caracas - Caruao","highway":"secondary","ref":"L-2"},"geometry":{"type":"LineString","coordinates":[[-66.56601,10.62593],[-66.56636,10.62587]]}},{"type":"Feature","id":"way/783746288","properties":{"name":"Avenida Bicentenaria","highway":"tertiary","ref":"R-7"},"geometry":{"type":"LineString","coordinates":[[-66.97963,10.60758],[-66.98191,10.60854]]}},{"type":"Feature","id":"way/783746289","properties":{"name":"Avenida Bicentenaria","highway":"tertiary","ref":"R-7"},"geometry":{"type":"LineString","coordinates":[[-66.97923,10.60738],[-66.97963,10.60758]]}},{"type":"Feature","id":"way/783746290","properties":{"name":"Avenida Bicentenaria","highway":"tertiary","ref":"R-7"},"geometry":{"type":"LineString","coordinates":[[-66.97926,10.6073],[-66.97528,10.60765]]}},{"type":"Feature","id":"way/783746291","properties":{"name":"Avenida Bicentenaria","highway":"tertiary","ref":"R-7"},"geometry":{"type":"LineString","coordinates":[[-66.97971,10.60751],[-66.97926,10.6073]]}},{"type":"Feature","id":"way/784361812","properties":{"name":"Avenida Carlos Soublette","highway":"primary","ref":"L-2"},"geometry":{"type":"LineString","coordinates":[[-66.97486,10.59825],[-66.96792,10.6002]]}},{"type":"Feature","id":"way/784361814","properties":{"name":"Avenida Carlos Soublette","highway":"primary","ref":"L-2"},"geometry":{"type":"LineString","coordinates":[[-66.97556,10.59816],[-66.97657,10.59784]]}},{"type":"Feature","id":"way/784361815","properties":{"name":"Avenida Carlos Soublette","highway":"primary","ref":"L-2"},"geometry":{"type":"LineString","coordinates":[[-66.9749,10.59835],[-66.97498,10.59833]]}},{"type":"Feature","id":"way/784361817","properties":{"name":"Avenida Carlos Soublette","highway":"primary","ref":"L-2"},"geometry":{"type":"LineString","coordinates":[[-66.97498,10.59833],[-66.97556,10.59816]]}},{"type":"Feature","id":"way/784361818","properties":{"name":"Avenida Carlos Soublette","highway":"primary","ref":"L-2"},"geometry":{"type":"LineString","coordinates":[[-66.97496,10.59822],[-66.97486,10.59825]]}},{"type":"Feature","id":"way/784361819","properties":{"name":"Avenida Carlos Soublette","highway":"primary","ref":"L-2"},"geometry":{"type":"LineString","coordinates":[[-66.97553,10.59805],[-66.97496,10.59822]]}},{"type":"Feature","id":"way/784375235","properties":{"name":"Avenida La Armada","highway":"secondary","ref":"L-6"},"geometry":{"type":"LineString","coordinates":[[-66.99829,10.59458],[-66.99927,10.5945]]}},{"type":"Feature","id":"way/784375237","properties":{"name":"Avenida La Armada","highway":"secondary","ref":"L-6"},"geometry":{"type":"LineString","coordinates":[[-67.00337,10.59435],[-67.00107,10.59434]]}},{"type":"Feature","id":"way/784375238","properties":{"name":"Avenida La Armada","highway":"secondary","ref":"L-6"},"geometry":{"type":"LineString","coordinates":[[-66.99164,10.59501],[-66.98512,10.59641]]}},{"type":"Feature","id":"way/784375242","properties":{"name":"Avenida La Armada","highway":"secondary","ref":"L-6"},"geometry":{"type":"LineString","coordinates":[[-67.01344,10.59681],[-67.01109,10.59463],[-67.00565,10.5944]]}},{"type":"Feature","id":"way/784375243","properties":{"name":"Avenida La Armada","highway":"secondary","ref":"L-6"},"geometry":{"type":"LineString","coordinates":[[-67.01336,10.59687],[-67.01341,10.59694]]}},{"type":"Feature","id":"way/784375244","properties":{"name":"Avenida La Armada","highway":"secondary","ref":"L-6"},"geometry":{"type":"LineString","coordinates":[[-67.015,10.59872],[-67.01482,10.59847]]}},{"type":"Feature","id":"way/787259149","properties":{"name":"Carretera Los Caracas - Caruao","highway":"secondary","ref":"L-2"},"geometry":{"type":"LineString","coordinates":[[-66.51843,10.61874],[-66.51849,10.61733],[-66.52117,10.61693],[-66.52206,10.61479],[-66.52688,10.61469],[-66.52924,10.61663],[-66.53905,10.61812],[-66.53837,10.61902],[-66.53942,10.62032],[-66.53925,10.62297],[-66.54114,10.62178],[-66.54411,10.62415],[-66.54617,10.62393],[-66.54919,10.62569],[-66.55241,10.62489],[-66.55487,10.62548],[-66.55385,10.62404],[-66.5571,10.62552],[-66.5548,10.62396],[-66.55491,10.62303],[-66.55817,10.62385],[-66.55962,10.62584],[-66.56103,10.6247],[-66.56391,10.62599],[-66.56196,10.62146],[-66.56457,10.623],[-66.56601,10.62593]]}},{"type":"Feature","id":"way/787259150","properties":{"name":"Carretera Los Caracas - Caruao","highway":"secondary","ref":"L-2"},"geometry":{"type":"LineString","coordinates":[[-66.47882,10.62529],[-66.47898,10.62519]]}},{"type":"Feature","id":"way/793124565","properties":{"name":"Avenida El Ej\u00e9rcito","highway":"secondary","ref":"L-6"},"geometry":{"type":"LineString","coordinates":[[-67.0277,10.60254],[-67.02891,10.60224]]}},{"type":"Feature","id":"way/793124566","properties":{"name":"Avenida El Ej\u00e9rcito","highway":"secondary","ref":"L-6"},"geometry":{"type":"LineString","coordinates":[[-67.02762,10.60256],[-67.0277,10.60254]]}},{"type":"Feature","id":"way/953609420","properties":{"name":"Carretera Los Caracas - Caruao","highway":"secondary","ref":"L-2"},"geometry":{"type":"LineString","coordinates":[[-66.57267,10.62675],[-66.57369,10.62685]]}},{"type":"Feature","id":"way/953609427","properties":{"name":"Carretera Chuspa - Chirimena","highway":"secondary","ref":"L-2"},"geometry":{"type":"LineString","coordinates":[[-66.30711,10.61198],[-66.30665,10.61168]]}},{"type":"Feature","id":"way/953609428","properties":{"name":"Carretera Chuspa - Chirimena","highway":"secondary","ref":"L-2"},"geometry":{"type":"LineString","coordinates":[[-66.30843,10.61245],[-66.30711,10.61198]]}},{"type":"Feature","id":"way/953609429","properties":{"name":"Carretera Caruao - Chuspa","highway":"secondary","ref":"L-2"},"geometry":{"type":"LineString","coordinates":[[-66.34414,10.59453],[-66.34445,10.59459]]}},{"type":"Feature","id":"way/953609430","properties":{"name":"Carretera Caruao - Chuspa","highway":"secondary","ref":"L-2"},"geometry":{"type":"LineString","coordinates":[[-66.34445,10.59459],[-66.34975,10.5987],[-66.3501,10.60199],[-66.34885,10.60483]]}},{"type":"Feature","id":"way/953609431","properties":{"name":"Carretera Los Caracas - Caruao","highway":"secondary","ref":"L-2"},"geometry":{"type":"LineString","coordinates":[[-66.38023,10.60542],[-66.38061,10.60533]]}},{"type":"Feature","id":"way/953609432","properties":{"name":"Carretera Los Caracas - Caruao","highway":"secondary","ref":"L-2"},"geometry":{"type":"LineString","coordinates":[[-66.35579,10.60658],[-66.36283,10.60945],[-66.37103,10.60892],[-66.38023,10.60542]]}},{"type":"Feature","id":"way/953609436","properties":{"name":"Calle Real","highway":"secondary","ref":"L-2"},"geometry":{"type":"LineString","coordinates":[[-66.35015,10.60616],[-66.35258,10.60627]]}},{"type":"Feature","id":"way/953618340","properties":{"name":"Avenida Carlos Soublette","highway":"primary","ref":"L-2"},"geometry":{"type":"LineString","coordinates":[[-66.97802,10.59716],[-66.97771,10.59729]]}},{"type":"Feature","id":"way/953618341","properties":{"name":"Avenida Carlos Soublette","highway":"primary","ref":"L-2"},"geometry":{"type":"LineString","coordinates":[[-66.97806,10.59725],[-66.97844,10.5971]]}},{"type":"Feature","id":"way/953618342","properties":{"name":"Avenida Carlos Soublette","highway":"primary","ref":"L-2"},"geometry":{"type":"LineString","coordinates":[[-66.97855,10.59695],[-66.9784,10.59701]]}},{"type":"Feature","id":"way/953618343","properties":{"name":"Avenida Carlos Soublette","highway":"primary","ref":"L-2"},"geometry":{"type":"LineString","coordinates":[[-66.97844,10.5971],[-66.97873,10.59698]]}},{"type":"Feature","id":"way/953618357","properties":{"highway":"secondary","ref":"L-2"},"geometry":{"type":"LineString","coordinates":[[-66.73371,10.62071],[-66.73349,10.62075]]}},{"type":"Feature","id":"way/953618358","properties":{"name":"Carretera Tanaguarenas - Naiguat\u00e1","highway":"primary","ref":"L-2"},"geometry":{"type":"LineString","coordinates":[[-66.82133,10.61031],[-66.82633,10.6093]]}},{"type":"Feature","id":"way/957693663","properties":{"name":"Autopista Caracas - La Guaira","highway":"trunk","ref":"L-2"},"geometry":{"type":"LineString","coordinates":[[-66.98023,10.59639],[-66.98715,10.59375],[-66.99438,10.58919],[-66.99552,10.58657],[-66.99459,10.57973],[-66.99572,10.57815],[-66.99764,10.57776]]}},{"type":"Feature","id":"way/957693664","properties":{"name":"T\u00fanel Boquer\u00f3n II","highway":"trunk","ref":"L-2"},"geometry":{"type":"LineString","coordinates":[[-66.99764,10.57776],[-67.0022,10.57746]]}},{"type":"Feature","id":"way/957693665","properties":{"name":"Autopista Caracas - La Guaira","highway":"trunk","ref":"L-2"},"geometry":{"type":"LineString","coordinates":[[-66.99763,10.57757],[-66.99566,10.57807],[-66.99454,10.57954],[-66.99542,10.58656],[-66.99431,10.58912],[-66.98697,10.5937],[-66.97963,10.59649]]}},{"type":"Feature","id":"way/957693666","properties":{"name":"Autopista Caracas - La Guaira","highway":"trunk","ref":"L-2"},"geometry":{"type":"LineString","coordinates":[[-67.0022,10.57746],[-67.00738,10.57709],[-67.00853,10.57529],[-67.00814,10.57342]]}},{"type":"Feature","id":"way/957693667","properties":{"name":"T\u00fanel Boquer\u00f3n II","highway":"trunk","ref":"L-2"},"geometry":{"type":"LineString","coordinates":[[-67.00219,10.57726],[-66.99763,10.57757]]}},{"type":"Feature","id":"way/957693669","properties":{"name":"T\u00fanel Boquer\u00f3n I","highway":"trunk","ref":"L-2"},"geometry":{"type":"LineString","coordinates":[[-67.00489,10.55743],[-67.00525,10.56726],[-67.00799,10.57349]]}},{"type":"Feature","id":"way/957693670","properties":{"name":"Autopista Caracas - La Guaira","highway":"trunk","ref":"L-2"},"geometry":{"type":"LineString","coordinates":[[-67.00799,10.57349],[-67.00844,10.57528],[-67.00732,10.57702],[-67.00219,10.57726]]}},{"type":"Feature","id":"way/957693672","properties":{"name":"T\u00fanel Boquer\u00f3n I","highway":"trunk","ref":"L-2"},"geometry":{"type":"LineString","coordinates":[[-67.00814,10.57342],[-67.0054,10.56723],[-67.00505,10.55742]]}},{"type":"Feature","id":"way/957913007","properties":{"name":"Avenida El Balneario","highway":"tertiary","ref":"R-7"},"geometry":{"type":"LineString","coordinates":[[-67.03029,10.60952],[-67.03023,10.60954]]}},{"type":"Feature","id":"way/957913008","properties":{"name":"Avenida Club N\u00e1utico","highway":"tertiary","ref":"R-7"},"geometry":{"type":"LineString","coordinates":[[-67.03074,10.60948],[-67.03067,10.60949]]}},{"type":"Feature","id":"way/958514570","properties":{"name":"Carretera Vieja Caracas - La Guaira","highway":"secondary","ref":"L-5"},"geometry":{"type":"LineString","coordinates":[[-66.99042,10.57259],[-66.98846,10.57763],[-66.99104,10.58112],[-66.98667,10.58212],[-66.98457,10.58686],[-66.98701,10.58429],[-66.98844,10.58432],[-66.9902,10.58802],[-66.98923,10.58773],[-66.98852,10.58568],[-66.98661,10.58685],[-66.98723,10.59192],[-66.98569,10.59188],[-66.98453,10.59308],[-66.98408,10.59104],[-66.98211,10.59285],[-66.98202,10.59432],[-66.97995,10.5956],[-66.97828,10.59245],[-66.97926,10.59018]]}},{"type":"Feature","id":"way/958514571","properties":{"name":"Carretera Vieja Caracas - La Guaira","highway":"secondary","ref":"L-5"},"geometry":{"type":"LineString","coordinates":[[-66.97882,10.58975],[-66.97617,10.59443]]}},{"type":"Feature","id":"way/958519123","properties":{"name":"Carretera Vieja Caracas - La Guaira","highway":"secondary","ref":"L-5"},"geometry":{"type":"LineString","coordinates":[[-66.97926,10.59018],[-66.97916,10.58994]]}},{"type":"Feature","id":"way/958519124","properties":{"name":"Carretera Vieja Caracas - La Guaira","highway":"secondary","ref":"L-5"},"geometry":{"type":"LineString","coordinates":[[-66.97916,10.58994],[-66.97882,10.58975]]}},{"type":"Feature","id":"way/958519139","properties":{"name":"Carretera Vieja Caracas - La Guaira","highway":"secondary","ref":"L-5"},"geometry":{"type":"LineString","coordinates":[[-66.99076,10.57254],[-66.99042,10.57259]]}},{"type":"Feature","id":"way/958519140","properties":{"name":"Carretera Vieja Caracas - La Guaira","highway":"secondary","ref":"L-5"},"geometry":{"type":"LineString","coordinates":[[-66.98305,10.57421],[-66.98405,10.57274],[-66.98782,10.5735],[-66.99051,10.57148],[-66.99285,10.5727],[-66.99791,10.57291],[-66.99278,10.57336],[-66.99076,10.57254]]}},{"type":"Feature","id":"way/958519148","properties":{"name":"Carretera Vieja Caracas - La Guaira","highway":"secondary","ref":"L-5"},"geometry":{"type":"LineString","coordinates":[[-66.98979,10.56629],[-66.98933,10.56652]]}},{"type":"Feature","id":"way/958519149","properties":{"name":"Carretera Vieja Caracas - La Guaira","highway":"secondary","ref":"L-5"},"geometry":{"type":"LineString","coordinates":[[-66.98933,10.56652],[-66.98779,10.56712],[-66.98743,10.5691],[-66.98604,10.56888],[-66.98324,10.5705],[-66.98238,10.56909]]}},{"type":"Feature","id":"way/958519150","properties":{"name":"Carretera Vieja Caracas - La Guaira","highway":"secondary","ref":"L-5"},"geometry":{"type":"LineString","coordinates":[[-66.98238,10.56909],[-66.98232,10.56901]]}},{"type":"Feature","id":"way/958519151","properties":{"name":"Carretera Vieja Caracas - La Guaira","highway":"secondary","ref":"L-5"},"geometry":{"type":"LineString","coordinates":[[-66.98232,10.56901],[-66.98186,10.56833]]}},{"type":"Feature","id":"way/958519152","properties":{"name":"Carretera Vieja Caracas - La Guaira","highway":"secondary","ref":"L-5"},"geometry":{"type":"LineString","coordinates":[[-66.98186,10.56833],[-66.98162,10.56828]]}},{"type":"Feature","id":"way/958519153","properties":{"name":"Carretera Vieja Caracas - La Guaira","highway":"secondary","ref":"L-5"},"geometry":{"type":"LineString","coordinates":[[-66.98162,10.56828],[-66.9796,10.56773],[-66.98163,10.5689]]}},{"type":"Feature","id":"way/958519154","properties":{"name":"Carretera Vieja Caracas - La Guaira","highway":"secondary","ref":"L-5"},"geometry":{"type":"LineString","coordinates":[[-66.98163,10.5689],[-66.98186,10.56913]]}},{"type":"Feature","id":"way/958519155","properties":{"name":"Carretera Vieja Caracas - La Guaira","highway":"secondary","ref":"L-5"},"geometry":{"type":"LineString","coordinates":[[-66.98186,10.56913],[-66.98218,10.57087]]}},{"type":"Feature","id":"way/958519156","properties":{"name":"Carretera Vieja Caracas - La Guaira","highway":"secondary","ref":"L-5"},"geometry":{"type":"LineString","coordinates":[[-66.98218,10.57087],[-66.98224,10.57095]]}},{"type":"Feature","id":"way/958519157","properties":{"name":"Carretera Vieja Caracas - La Guaira","highway":"secondary","ref":"L-5"},"geometry":{"type":"LineString","coordinates":[[-66.98224,10.57095],[-66.9823,10.57233],[-66.98331,10.5715],[-66.9862,10.57169]]}},{"type":"Feature","id":"way/962374179","properties":{"name":"Carretera Macuto - Galip\u00e1n","highway":"secondary","ref":"R-13"},"geometry":{"type":"LineString","coordinates":[[-66.90324,10.60277],[-66.90288,10.60053],[-66.90348,10.60138],[-66.90426,10.5996],[-66.90649,10.60007],[-66.91152,10.59262],[-66.90972,10.59288],[-66.91041,10.59233],[-66.90998,10.59072],[-66.90881,10.59132],[-66.90797,10.58983],[-66.90868,10.58818],[-66.90693,10.58641]]}},{"type":"Feature","id":"way/962416295","properties":{"name":"Carretera Regional Caracas - El Junquito","highway":"primary","ref":"L-4"},"geometry":{"type":"LineString","coordinates":[[-67.07752,10.46131],[-67.07508,10.46193],[-67.07298,10.46044],[-67.06964,10.46124],[-67.06862,10.46238],[-67.07085,10.46395],[-67.06771,10.4651],[-67.06578,10.46345],[-67.06427,10.46478],[-67.06404,10.46845],[-67.05354,10.47193],[-67.04897,10.47071],[-67.04685,10.47106],[-67.04546,10.46914],[-67.04216,10.46909],[-67.03609,10.47223],[-67.03407,10.47586]]}},{"type":"Feature","id":"way/962922344","properties":{"name":"Carretera Carayaca - Colonia Tovar","highway":"secondary","ref":"L-6;R-4"},"geometry":{"type":"LineString","coordinates":[[-67.16917,10.46882],[-67.17225,10.46893],[-67.17257,10.46745],[-67.17376,10.46701],[-67.17609,10.46747]]}},{"type":"Feature","id":"way/962922345","properties":{"name":"Carretera Carayaca - Colonia Tovar","highway":"secondary","ref":"L-6"},"geometry":{"type":"LineString","coordinates":[[-67.15991,10.47343],[-67.16112,10.47184],[-67.16395,10.47197],[-67.1663,10.46941],[-67.16917,10.46882]]}},{"type":"Feature","id":"way/962922347","properties":{"name":"Carretera Tacoa - Puerto Maya","highway":"tertiary","ref":"R-1"},"geometry":{"type":"LineString","coordinates":[[-67.23947,10.54943],[-67.23968,10.54913]]}},{"type":"Feature","id":"way/962922348","properties":{"name":"Carretera Tacoa - Puerto Maya","highway":"tertiary","ref":"R-1"},"geometry":{"type":"LineString","coordinates":[[-67.08134,10.58725],[-67.08265,10.58415],[-67.09126,10.58025]]}},{"type":"Feature","id":"way/962933236","properties":{"name":"Carretera Vieja Caracas - La Guaira","highway":"secondary","ref":"L-5;R-8"},"geometry":{"type":"LineString","coordinates":[[-66.9862,10.57169],[-66.98356,10.57218],[-66.98305,10.57421]]}},{"type":"Feature","id":"way/995055915","properties":{"name":"Calle Real de Playa Verde","highway":"tertiary","ref":"R-7"},"geometry":{"type":"LineString","coordinates":[[-66.9993,10.6103],[-67.00207,10.60962]]}},{"type":"Feature","id":"way/997408463","properties":{"name":"Avenida Carlos Soublette","highway":"tertiary","ref":"L-2"},"geometry":{"type":"LineString","coordinates":[[-66.94889,10.59762],[-66.94819,10.59765]]}},{"type":"Feature","id":"way/1061220482","properties":{"name":"Avenida Carlos Soublette","highway":"primary","ref":"L-2"},"geometry":{"type":"LineString","coordinates":[[-66.96739,10.60032],[-66.96793,10.60032]]}},{"type":"Feature","id":"way/1061220483","properties":{"name":"Avenida Carlos Soublette","highway":"primary","ref":"L-2"},"geometry":{"type":"LineString","coordinates":[[-66.96739,10.60022],[-66.96267,10.59899]]}},{"type":"Feature","id":"way/1061220487","properties":{"name":"Avenida Carlos Soublette","highway":"primary","ref":"L-2"},"geometry":{"type":"LineString","coordinates":[[-66.96267,10.59899],[-66.96248,10.59894]]}},{"type":"Feature","id":"way/1061220488","properties":{"name":"Avenida Carlos Soublette","highway":"primary","ref":"L-2"},"geometry":{"type":"LineString","coordinates":[[-66.96266,10.59904],[-66.96739,10.60032]]}},{"type":"Feature","id":"way/1083643957","properties":{"name":"Avenida Carlos Soublette","highway":"primary","ref":"L-2"},"geometry":{"type":"LineString","coordinates":[[-66.95421,10.59726],[-66.95296,10.59735]]}},{"type":"Feature","id":"way/1083643958","properties":{"name":"Avenida Carlos Soublette","highway":"primary","ref":"L-2"},"geometry":{"type":"LineString","coordinates":[[-66.9542,10.59735],[-66.95965,10.59821]]}},{"type":"Feature","id":"way/1083643961","properties":{"name":"Avenida Carlos Soublette","highway":"primary","ref":"L-2"},"geometry":{"type":"LineString","coordinates":[[-66.9519,10.59742],[-66.95002,10.59757]]}},{"type":"Feature","id":"way/1083643962","properties":{"name":"Avenida Carlos Soublette","highway":"primary","ref":"L-2"},"geometry":{"type":"LineString","coordinates":[[-66.95189,10.5975],[-66.9526,10.59747]]}},{"type":"Feature","id":"way/1083643963","properties":{"name":"Avenida Carlos Soublette","highway":"primary","ref":"L-2"},"geometry":{"type":"LineString","coordinates":[[-66.9526,10.59747],[-66.95295,10.59746]]}},{"type":"Feature","id":"way/1083643964","properties":{"name":"Avenida Carlos Soublette","highway":"primary","ref":"L-2"},"geometry":{"type":"LineString","coordinates":[[-66.95259,10.59738],[-66.9519,10.59742]]}},{"type":"Feature","id":"way/1083643965","properties":{"name":"Avenida Carlos Soublette","highway":"primary","ref":"L-2"},"geometry":{"type":"LineString","coordinates":[[-66.95296,10.59735],[-66.95259,10.59738]]}},{"type":"Feature","id":"way/1083648474","properties":{"name":"Avenida Carlos Soublette","highway":"primary","ref":"L-2"},"geometry":{"type":"LineString","coordinates":[[-66.94584,10.59789],[-66.94595,10.59789]]}},{"type":"Feature","id":"way/1083648475","properties":{"name":"Avenida Carlos Soublette","highway":"tertiary","ref":"L-2"},"geometry":{"type":"LineString","coordinates":[[-66.94595,10.59789],[-66.94814,10.59778]]}},{"type":"Feature","id":"way/1083648476","properties":{"name":"Avenida Carlos Soublette","highway":"primary","ref":"L-2"},"geometry":{"type":"LineString","coordinates":[[-66.95373,10.59738],[-66.9542,10.59735]]}},{"type":"Feature","id":"way/1083648477","properties":{"name":"Avenida Carlos Soublette","highway":"primary","ref":"L-2"},"geometry":{"type":"LineString","coordinates":[[-66.95485,10.59722],[-66.95421,10.59726]]}},{"type":"Feature","id":"way/1083654404","properties":{"name":"Avenida Carlos Soublette","highway":"primary","ref":"L-2"},"geometry":{"type":"LineString","coordinates":[[-66.91578,10.60579],[-66.9183,10.60526]]}},{"type":"Feature","id":"way/1083654405","properties":{"name":"Avenida Carlos Soublette","highway":"primary","ref":"L-2"},"geometry":{"type":"LineString","coordinates":[[-66.91563,10.60571],[-66.91578,10.60579]]}},{"type":"Feature","id":"way/1083654406","properties":{"name":"Avenida Carlos Soublette","highway":"primary","ref":"L-2"},"geometry":{"type":"LineString","coordinates":[[-66.91598,10.60546],[-66.91577,10.60536]]}},{"type":"Feature","id":"way/1083654407","properties":{"name":"Avenida Carlos Soublette","highway":"primary","ref":"L-2"},"geometry":{"type":"LineString","coordinates":[[-66.91828,10.60515],[-66.91598,10.60546]]}},{"type":"Feature","id":"way/1083654408","properties":{"name":"Avenida Carlos Soublette","highway":"primary","ref":"L-2"},"geometry":{"type":"LineString","coordinates":[[-66.92129,10.60412],[-66.92201,10.60402]]}},{"type":"Feature","id":"way/1083654409","properties":{"name":"Avenida Carlos Soublette","highway":"primary","ref":"L-2"},"geometry":{"type":"LineString","coordinates":[[-66.91876,10.6049],[-66.92129,10.60412]]}},{"type":"Feature","id":"way/1083654410","properties":{"name":"Avenida Carlos Soublette","highway":"primary","ref":"L-2"},"geometry":{"type":"LineString","coordinates":[[-66.92121,10.60382],[-66.9187,10.60482]]}},{"type":"Feature","id":"way/1083654411","properties":{"name":"Avenida Carlos Soublette","highway":"primary","ref":"L-2"},"geometry":{"type":"LineString","coordinates":[[-66.92201,10.60366],[-66.92121,10.60382]]}},{"type":"Feature","id":"way/1083654412","properties":{"name":"Avenida Carlos Soublette","highway":"primary","ref":"L-2"},"geometry":{"type":"LineString","coordinates":[[-66.93111,10.60261],[-66.93141,10.6027]]}},{"type":"Feature","id":"way/1083654413","properties":{"name":"Avenida Carlos Soublette","highway":"primary","ref":"L-2"},"geometry":{"type":"LineString","coordinates":[[-66.92201,10.60402],[-66.9272,10.60198],[-66.93111,10.60261]]}},{"type":"Feature","id":"way/1083654414","properties":{"name":"Avenida Carlos Soublette","highway":"primary","ref":"L-2"},"geometry":{"type":"LineString","coordinates":[[-66.93157,10.6024],[-66.93122,10.60227]]}},{"type":"Feature","id":"way/1083654415","properties":{"name":"Avenida Carlos Soublette","highway":"primary","ref":"L-2"},"geometry":{"type":"LineString","coordinates":[[-66.93122,10.60227],[-66.92687,10.60193],[-66.92201,10.60366]]}},{"type":"Feature","id":"way/1083665679","properties":{"name":"Distribuidor El Tr\u00e9bol","highway":"primary_link"},"geometry":{"type":"LineString","coordinates":[[-66.97828,10.59742],[-66.97835,10.59774]]}},{"type":"Feature","id":"way/1086842326","properties":{"name":"Avenida El Balneario","highway":"tertiary","ref":"R-7"},"geometry":{"type":"LineString","coordinates":[[-67.03023,10.60954],[-67.02712,10.6099]]}},{"type":"Feature","id":"way/1086842327","properties":{"name":"Calle Real de Playa Verde","highway":"tertiary","ref":"R-7"},"geometry":{"type":"LineString","coordinates":[[-67.0131,10.61196],[-67.0192,10.61255]]}},{"type":"Feature","id":"way/1105929710","properties":{"name":"Avenida Carlos Soublette","highway":"primary","ref":"L-2"},"geometry":{"type":"LineString","coordinates":[[-66.95003,10.59763],[-66.95189,10.5975]]}},{"type":"Feature","id":"way/1105929711","properties":{"name":"Avenida Carlos Soublette","highway":"tertiary","ref":"L-2"},"geometry":{"type":"LineString","coordinates":[[-66.94731,10.5977],[-66.94628,10.59778]]}},{"type":"Feature","id":"way/1178757437","properties":{"name":"Avenida La Armada","highway":"secondary","ref":"L-5"},"geometry":{"type":"LineString","coordinates":[[-66.97633,10.59468],[-66.97617,10.59443]]}},{"type":"Feature","id":"way/1178757439","properties":{"name":"Avenida La Armada","highway":"secondary","ref":"L-5"},"geometry":{"type":"LineString","coordinates":[[-66.97676,10.59483],[-66.97633,10.59468]]}},{"type":"Feature","id":"way/1178757440","properties":{"name":"Avenida La Armada","highway":"secondary","ref":"L-5"},"geometry":{"type":"LineString","coordinates":[[-66.97709,10.59497],[-66.97676,10.59483]]}},{"type":"Feature","id":"way/1178757441","properties":{"name":"Avenida La Armada","highway":"secondary","ref":"L-5"},"geometry":{"type":"LineString","coordinates":[[-66.97633,10.59468],[-66.97674,10.59488]]}},{"type":"Feature","id":"way/1178757442","properties":{"name":"Avenida La Armada","highway":"secondary","ref":"L-5"},"geometry":{"type":"LineString","coordinates":[[-66.97674,10.59488],[-66.97707,10.59501]]}},{"type":"Feature","id":"way/1181211953","properties":{"name":"Avenida Carlos Soublette","highway":"primary","ref":"L-2"},"geometry":{"type":"LineString","coordinates":[[-66.91833,10.60511],[-66.91828,10.60515]]}},{"type":"Feature","id":"way/1183401850","properties":{"name":"Avenida El Balneario","highway":"tertiary","ref":"R-7"},"geometry":{"type":"LineString","coordinates":[[-67.03922,10.60077],[-67.03677,10.60363],[-67.0363,10.60686],[-67.03432,10.60771]]}},{"type":"Feature","id":"way/1183776635","properties":{"name":"Avenida Principal de Naiguat\u00e1","highway":"secondary","ref":"L-2"},"geometry":{"type":"LineString","coordinates":[[-66.70406,10.62143],[-66.70809,10.62085],[-66.7117,10.62244],[-66.71499,10.62142]]}},{"type":"Feature","id":"way/1205110943","properties":{"name":"Avenida La Playa","highway":"primary","ref":"L-2"},"geometry":{"type":"LineString","coordinates":[[-66.87905,10.60926],[-66.87675,10.60903]]}},{"type":"Feature","id":"way/1205110946","properties":{"name":"Avenida La Playa","highway":"primary","ref":"L-2"},"geometry":{"type":"LineString","coordinates":[[-66.87675,10.60915],[-66.87908,10.60938]]}},{"type":"Feature","id":"way/1205110948","properties":{"name":"Avenida La Playa","highway":"primary","ref":"L-2"},"geometry":{"type":"LineString","coordinates":[[-66.87675,10.60903],[-66.8767,10.60903]]}},{"type":"Feature","id":"way/1205110949","properties":{"name":"Avenida La Playa","highway":"primary","ref":"L-2"},"geometry":{"type":"LineString","coordinates":[[-66.8767,10.60915],[-66.87675,10.60915]]}},{"type":"Feature","id":"way/1205110951","properties":{"name":"Avenida La Playa","highway":"primary","ref":"L-2"},"geometry":{"type":"LineString","coordinates":[[-66.87317,10.61063],[-66.8767,10.60915]]}},{"type":"Feature","id":"way/1205110952","properties":{"name":"Avenida La Playa","highway":"primary","ref":"L-2"},"geometry":{"type":"LineString","coordinates":[[-66.87309,10.61051],[-66.87093,10.61153]]}},{"type":"Feature","id":"way/1205110954","properties":{"name":"Avenida La Playa","highway":"primary","ref":"L-2"},"geometry":{"type":"LineString","coordinates":[[-66.86167,10.61415],[-66.86471,10.61211],[-66.87033,10.61174]]}},{"type":"Feature","id":"way/1205110956","properties":{"name":"Avenida La Playa","highway":"primary","ref":"L-2"},"geometry":{"type":"LineString","coordinates":[[-66.86174,10.61387],[-66.86158,10.61408]]}},{"type":"Feature","id":"way/1205110958","properties":{"name":"Avenida La Playa","highway":"primary","ref":"L-2"},"geometry":{"type":"LineString","coordinates":[[-66.8615,10.61418],[-66.85891,10.61699]]}},{"type":"Feature","id":"way/1205110961","properties":{"name":"Avenida La Playa","highway":"primary","ref":"L-2"},"geometry":{"type":"LineString","coordinates":[[-66.86158,10.61408],[-66.8615,10.61418]]}},{"type":"Feature","id":"way/1205110962","properties":{"name":"Avenida La Playa","highway":"primary","ref":"L-2"},"geometry":{"type":"LineString","coordinates":[[-66.86158,10.61426],[-66.86167,10.61415]]}},{"type":"Feature","id":"way/1205110963","properties":{"name":"Avenida La Playa","highway":"primary","ref":"L-2"},"geometry":{"type":"LineString","coordinates":[[-66.85869,10.61728],[-66.86158,10.61426]]}},{"type":"Feature","id":"way/1205110965","properties":{"name":"Avenida La Playa","highway":"primary","ref":"L-2"},"geometry":{"type":"LineString","coordinates":[[-66.85891,10.61699],[-66.8586,10.61721]]}},{"type":"Feature","id":"way/1205110966","properties":{"name":"Avenida La Playa","highway":"primary","ref":"L-2"},"geometry":{"type":"LineString","coordinates":[[-66.85834,10.61742],[-66.85161,10.61908]]}},{"type":"Feature","id":"way/1205110968","properties":{"name":"Avenida La Playa","highway":"primary","ref":"L-2"},"geometry":{"type":"LineString","coordinates":[[-66.85855,10.61725],[-66.85834,10.61742]]}},{"type":"Feature","id":"way/1205110971","properties":{"name":"Avenida La Playa","highway":"primary","ref":"L-2"},"geometry":{"type":"LineString","coordinates":[[-66.8586,10.61721],[-66.85855,10.61725]]}},{"type":"Feature","id":"way/1205110972","properties":{"name":"Avenida La Playa","highway":"primary","ref":"L-2"},"geometry":{"type":"LineString","coordinates":[[-66.85862,10.61733],[-66.85869,10.61728]]}},{"type":"Feature","id":"way/1205110973","properties":{"name":"Avenida Principal de Caribe","highway":"primary","ref":"L-2"},"geometry":{"type":"LineString","coordinates":[[-66.84412,10.61552],[-66.84131,10.61471]]}},{"type":"Feature","id":"way/1205110975","properties":{"name":"Avenida Principal de Caribe","highway":"primary","ref":"L-2"},"geometry":{"type":"LineString","coordinates":[[-66.84406,10.61558],[-66.84568,10.61867]]}},{"type":"Feature","id":"way/1205110976","properties":{"name":"Avenida Principal de Caribe","highway":"primary","ref":"L-2"},"geometry":{"type":"LineString","coordinates":[[-66.84131,10.61471],[-66.84034,10.61408]]}},{"type":"Feature","id":"way/1205110977","properties":{"name":"Avenida Principal de Caribe","highway":"primary","ref":"L-2"},"geometry":{"type":"LineString","coordinates":[[-66.84126,10.61478],[-66.84406,10.61558]]}},{"type":"Feature","id":"way/1205110978","properties":{"name":"Avenida Principal de Caribe","highway":"primary","ref":"L-2"},"geometry":{"type":"LineString","coordinates":[[-66.84034,10.61408],[-66.83752,10.61424]]}},{"type":"Feature","id":"way/1205110980","properties":{"name":"Avenida Principal de Caribe","highway":"primary","ref":"L-2"},"geometry":{"type":"LineString","coordinates":[[-66.8403,10.61412],[-66.84126,10.61478]]}},{"type":"Feature","id":"way/1205110983","properties":{"name":"Avenida Principal de Caribe","highway":"primary","ref":"L-2"},"geometry":{"type":"LineString","coordinates":[[-66.83765,10.61433],[-66.8403,10.61412]]}},{"type":"Feature","id":"way/1205110985","properties":{"name":"Avenida Principal de Caribe","highway":"primary","ref":"L-2"},"geometry":{"type":"LineString","coordinates":[[-66.83752,10.61424],[-66.83703,10.61398]]}},{"type":"Feature","id":"way/1205110986","properties":{"name":"Avenida Principal de Caribe","highway":"primary","ref":"L-2"},"geometry":{"type":"LineString","coordinates":[[-66.83732,10.61424],[-66.83765,10.61433]]}},{"type":"Feature","id":"way/1205110987","properties":{"name":"Avenida Principal de Caribe","highway":"primary","ref":"L-2"},"geometry":{"type":"LineString","coordinates":[[-66.83703,10.61398],[-66.83482,10.61278]]}},{"type":"Feature","id":"way/1205110988","properties":{"name":"Avenida Principal de Caribe","highway":"primary","ref":"L-2"},"geometry":{"type":"LineString","coordinates":[[-66.83698,10.61403],[-66.83732,10.61424]]}},{"type":"Feature","id":"way/1205110989","properties":{"name":"Avenida Principal de Caribe","highway":"primary","ref":"L-2"},"geometry":{"type":"LineString","coordinates":[[-66.83365,10.61236],[-66.83117,10.61187]]}},{"type":"Feature","id":"way/1205110991","properties":{"name":"Avenida Principal de Caribe","highway":"primary","ref":"L-2"},"geometry":{"type":"LineString","coordinates":[[-66.83364,10.61245],[-66.83424,10.61264]]}},{"type":"Feature","id":"way/1205110993","properties":{"name":"Avenida Principal de Caribe","highway":"primary","ref":"L-2"},"geometry":{"type":"LineString","coordinates":[[-66.83117,10.61187],[-66.82914,10.61086]]}},{"type":"Feature","id":"way/1205110994","properties":{"name":"Avenida Principal de Caribe","highway":"primary","ref":"L-2"},"geometry":{"type":"LineString","coordinates":[[-66.83114,10.61197],[-66.83364,10.61245]]}},{"type":"Feature","id":"way/1205110995","properties":{"name":"Avenida Principal de Caribe","highway":"primary","ref":"L-2"},"geometry":{"type":"LineString","coordinates":[[-66.82914,10.61086],[-66.82723,10.60958]]}},{"type":"Feature","id":"way/1205110996","properties":{"name":"Avenida Principal de Caribe","highway":"primary","ref":"L-2"},"geometry":{"type":"LineString","coordinates":[[-66.82908,10.61092],[-66.83114,10.61197]]}},{"type":"Feature","id":"way/1205110997","properties":{"name":"Avenida Principal de Caribe","highway":"primary","ref":"L-2"},"geometry":{"type":"LineString","coordinates":[[-66.82723,10.60958],[-66.82708,10.60954]]}},{"type":"Feature","id":"way/1205110998","properties":{"name":"Avenida Principal de Caribe","highway":"primary","ref":"L-2"},"geometry":{"type":"LineString","coordinates":[[-66.82708,10.60954],[-66.82666,10.60943]]}},{"type":"Feature","id":"way/1205111001","properties":{"name":"Avenida Principal de Caribe","highway":"primary","ref":"L-2"},"geometry":{"type":"LineString","coordinates":[[-66.82718,10.60967],[-66.82908,10.61092]]}},{"type":"Feature","id":"way/1205111002","properties":{"name":"Avenida Principal de Caribe","highway":"primary","ref":"L-2"},"geometry":{"type":"LineString","coordinates":[[-66.82696,10.60957],[-66.82718,10.60967]]}},{"type":"Feature","id":"way/1205689384","properties":{"name":"Avenida El Ej\u00e9rcito","highway":"secondary","ref":"L-6"},"geometry":{"type":"LineString","coordinates":[[-67.03845,10.60029],[-67.03861,10.60035]]}},{"type":"Feature","id":"way/1205689385","properties":{"name":"Avenida El Ej\u00e9rcito","highway":"secondary","ref":"L-6"},"geometry":{"type":"LineString","coordinates":[[-67.03861,10.60035],[-67.03926,10.60067]]}},{"type":"Feature","id":"way/1205689386","properties":{"name":"Avenida El Ej\u00e9rcito","highway":"secondary","ref":"L-6"},"geometry":{"type":"LineString","coordinates":[[-67.03864,10.60028],[-67.03851,10.60022]]}},{"type":"Feature","id":"way/1205689387","properties":{"name":"Avenida El Ej\u00e9rcito","highway":"secondary","ref":"L-6"},"geometry":{"type":"LineString","coordinates":[[-67.03844,10.60019],[-67.03283,10.6012]]}},{"type":"Feature","id":"way/1205689388","properties":{"name":"Avenida El Ej\u00e9rcito","highway":"secondary","ref":"L-6"},"geometry":{"type":"LineString","coordinates":[[-67.03851,10.60022],[-67.03844,10.60019]]}},{"type":"Feature","id":"way/1205689389","properties":{"name":"Avenida El Ej\u00e9rcito","highway":"secondary","ref":"L-6"},"geometry":{"type":"LineString","coordinates":[[-67.03283,10.6012],[-67.03112,10.60157]]}},{"type":"Feature","id":"way/1205689391","properties":{"name":"Avenida El Ej\u00e9rcito","highway":"secondary","ref":"L-6"},"geometry":{"type":"LineString","coordinates":[[-67.03286,10.60128],[-67.03845,10.60029]]}},{"type":"Feature","id":"way/1205689393","properties":{"name":"Avenida El Ej\u00e9rcito","highway":"secondary","ref":"L-6"},"geometry":{"type":"LineString","coordinates":[[-67.03112,10.60157],[-67.02888,10.60215]]}},{"type":"Feature","id":"way/1205689394","properties":{"name":"Avenida El Ej\u00e9rcito","highway":"secondary","ref":"L-6"},"geometry":{"type":"LineString","coordinates":[[-67.03114,10.60166],[-67.03286,10.60128]]}},{"type":"Feature","id":"way/1205689395","properties":{"name":"Avenida El Ej\u00e9rcito","highway":"secondary","ref":"L-6"},"geometry":{"type":"LineString","coordinates":[[-67.02891,10.60224],[-67.0293,10.60214]]}},{"type":"Feature","id":"way/1205689396","properties":{"name":"Avenida El Ej\u00e9rcito","highway":"secondary","ref":"L-6"},"geometry":{"type":"LineString","coordinates":[[-67.0293,10.60214],[-67.03114,10.60166]]}},{"type":"Feature","id":"way/1205689399","properties":{"name":"Calle Real de Playa Verde","highway":"tertiary","ref":"R-7"},"geometry":{"type":"LineString","coordinates":[[-67.01297,10.61197],[-67.0131,10.61196]]}},{"type":"Feature","id":"way/1205689405","properties":{"name":"Calle Real de Playa Verde","highway":"tertiary","ref":"R-7"},"geometry":{"type":"LineString","coordinates":[[-67.00355,10.61005],[-67.00711,10.61163],[-67.01297,10.61197]]}},{"type":"Feature","id":"way/1205689406","properties":{"name":"Calle Real de Playa Verde","highway":"tertiary","ref":"R-7"},"geometry":{"type":"LineString","coordinates":[[-67.00357,10.60997],[-67.00335,10.60989]]}},{"type":"Feature","id":"way/1205689407","properties":{"name":"Calle Real de Playa Verde","highway":"tertiary","ref":"R-7"},"geometry":{"type":"LineString","coordinates":[[-67.00335,10.60989],[-67.00208,10.60953]]}},{"type":"Feature","id":"way/1205689408","properties":{"name":"Calle Real de Playa Verde","highway":"tertiary","ref":"R-7"},"geometry":{"type":"LineString","coordinates":[[-67.00207,10.60962],[-67.00355,10.61005]]}},{"type":"Feature","id":"way/1205689410","properties":{"name":"Calle Real de Playa Verde","highway":"tertiary","ref":"R-7"},"geometry":{"type":"LineString","coordinates":[[-67.00208,10.60953],[-67.00168,10.60951]]}},{"type":"Feature","id":"way/1205689411","properties":{"name":"Calle Real de Playa Verde","highway":"tertiary","ref":"R-7"},"geometry":{"type":"LineString","coordinates":[[-67.00168,10.60951],[-66.99926,10.61022]]}},{"type":"Feature","id":"way/1205689412","properties":{"name":"Avenida Bicentenaria","highway":"tertiary","ref":"R-7"},"geometry":{"type":"LineString","coordinates":[[-66.99911,10.61038],[-66.9993,10.6103]]}},{"type":"Feature","id":"way/1205689414","properties":{"name":"Avenida Bicentenaria","highway":"tertiary","ref":"R-7"},"geometry":{"type":"LineString","coordinates":[[-66.9991,10.61025],[-66.99524,10.61033],[-66.9939,10.61146]]}},{"type":"Feature","id":"way/1205689417","properties":{"name":"Avenida Bicentenaria","highway":"tertiary","ref":"R-7"},"geometry":{"type":"LineString","coordinates":[[-66.98253,10.6086],[-66.98235,10.60857]]}},{"type":"Feature","id":"way/1205689421","properties":{"name":"Avenida Bicentenaria","highway":"tertiary","ref":"R-7"},"geometry":{"type":"LineString","coordinates":[[-66.98251,10.6087],[-66.98965,10.61254],[-66.99309,10.612],[-66.9957,10.61044],[-66.99911,10.61038]]}},{"type":"Feature","id":"way/1205689422","properties":{"name":"Avenida Bicentenaria","highway":"tertiary","ref":"R-7"},"geometry":{"type":"LineString","coordinates":[[-66.98241,10.60868],[-66.98251,10.6087]]}},{"type":"Feature","id":"way/1205689424","properties":{"name":"Avenida Bicentenaria","highway":"tertiary","ref":"R-7"},"geometry":{"type":"LineString","coordinates":[[-66.97528,10.60765],[-66.97128,10.60726],[-66.96566,10.60324]]}},{"type":"Feature","id":"way/1205689426","properties":{"name":"Avenida Bicentenaria","highway":"tertiary","ref":"R-7"},"geometry":{"type":"LineString","coordinates":[[-66.97529,10.60773],[-66.97923,10.60738]]}},{"type":"Feature","id":"way/1205689428","properties":{"name":"Avenida Bicentenaria","highway":"tertiary","ref":"R-7"},"geometry":{"type":"LineString","coordinates":[[-66.9655,10.60311],[-66.9653,10.60293]]}},{"type":"Feature","id":"way/1205689430","properties":{"name":"Avenida Bicentenaria","highway":"tertiary","ref":"R-7"},"geometry":{"type":"LineString","coordinates":[[-66.96541,10.6032],[-66.96557,10.60335]]}},{"type":"Feature","id":"way/1205689434","properties":{"name":"Avenida Bicentenaria","highway":"tertiary","ref":"R-7"},"geometry":{"type":"LineString","coordinates":[[-66.96566,10.60324],[-66.9655,10.60311]]}},{"type":"Feature","id":"way/1205689435","properties":{"name":"Avenida Bicentenaria","highway":"tertiary","ref":"R-7"},"geometry":{"type":"LineString","coordinates":[[-66.96557,10.60335],[-66.97128,10.60742],[-66.97529,10.60773]]}},{"type":"Feature","id":"way/1232209707","properties":{"name":"Avenida La Armada","highway":"secondary","ref":"L-6"},"geometry":{"type":"LineString","coordinates":[[-66.99311,10.5949],[-66.99164,10.59501]]}},{"type":"Feature","id":"way/1232209708","properties":{"name":"Avenida La Armada","highway":"secondary","ref":"L-6"},"geometry":{"type":"LineString","coordinates":[[-66.99926,10.5944],[-66.99311,10.5949]]}},{"type":"Feature","id":"way/1232209709","properties":{"name":"Avenida La Armada","highway":"secondary","ref":"L-6"},"geometry":{"type":"LineString","coordinates":[[-66.99054,10.59525],[-66.99165,10.59513]]}},{"type":"Feature","id":"way/1232209710","properties":{"name":"Avenida La Armada","highway":"secondary","ref":"L-6"},"geometry":{"type":"LineString","coordinates":[[-67.00107,10.59434],[-66.99926,10.5944]]}},{"type":"Feature","id":"way/1232209711","properties":{"name":"Avenida La Armada","highway":"secondary","ref":"L-6"},"geometry":{"type":"LineString","coordinates":[[-67.00565,10.5944],[-67.00337,10.59435]]}},{"type":"Feature","id":"way/1232209713","properties":{"name":"Avenida La Armada","highway":"secondary","ref":"L-6"},"geometry":{"type":"LineString","coordinates":[[-67.01572,10.5995],[-67.0152,10.59896]]}},{"type":"Feature","id":"way/1232209714","properties":{"name":"Avenida La Armada","highway":"secondary","ref":"L-6"},"geometry":{"type":"LineString","coordinates":[[-66.99165,10.59513],[-66.99637,10.59474]]}},{"type":"Feature","id":"way/1232215556","properties":{"name":"Avenida La Armada","highway":"secondary","ref":"L-6"},"geometry":{"type":"LineString","coordinates":[[-67.0152,10.59896],[-67.015,10.59872]]}},{"type":"Feature","id":"way/1232215557","properties":{"name":"Avenida La Armada","highway":"secondary","ref":"L-6"},"geometry":{"type":"LineString","coordinates":[[-67.01482,10.59847],[-67.01349,10.59687]]}},{"type":"Feature","id":"way/1232864010","properties":{"name":"Avenida Bicentenaria","highway":"tertiary","ref":"R-7"},"geometry":{"type":"LineString","coordinates":[[-66.9653,10.60293],[-66.96514,10.60278]]}},{"type":"Feature","id":"way/1232864011","properties":{"name":"Avenida Bicentenaria","highway":"tertiary","ref":"R-7"},"geometry":{"type":"LineString","coordinates":[[-66.96514,10.60278],[-66.96348,10.60143]]}},{"type":"Feature","id":"way/1232864012","properties":{"name":"Avenida Bicentenaria","highway":"tertiary","ref":"R-7"},"geometry":{"type":"LineString","coordinates":[[-66.96519,10.60302],[-66.96541,10.6032]]}},{"type":"Feature","id":"way/1232864013","properties":{"name":"Avenida Bicentenaria","highway":"tertiary","ref":"R-7"},"geometry":{"type":"LineString","coordinates":[[-66.96502,10.60287],[-66.96519,10.60302]]}},{"type":"Feature","id":"way/1238677873","properties":{"name":"Carretera Tacoa - Puerto Maya","highway":"tertiary","ref":"R-1"},"geometry":{"type":"LineString","coordinates":[[-67.40284,10.52556],[-67.40153,10.52349],[-67.39999,10.5248],[-67.4006,10.52232],[-67.39876,10.52266],[-67.39817,10.52464],[-67.39421,10.52313],[-67.39465,10.5249],[-67.39288,10.52556],[-67.39344,10.52719],[-67.38987,10.5273],[-67.38933,10.52555],[-67.38713,10.52533],[-67.38762,10.52977],[-67.37962,10.52904],[-67.38166,10.5311],[-67.37994,10.53026],[-67.37891,10.53081],[-67.3804,10.53136],[-67.38087,10.5327],[-67.37734,10.53214],[-67.37753,10.53355],[-67.37544,10.53283],[-67.37185,10.53504],[-67.37291,10.53273],[-67.37005,10.5331],[-67.36954,10.53204],[-67.36547,10.53388],[-67.36423,10.53264],[-67.36274,10.53296],[-67.36127,10.53424],[-67.35828,10.53247],[-67.35588,10.53388],[-67.35172,10.53446],[-67.35097,10.53563],[-67.34447,10.53022],[-67.34601,10.53383],[-67.34325,10.53189],[-67.34522,10.53484],[-67.34375,10.53512],[-67.34393,10.53688],[-67.34166,10.53508],[-67.34101,10.53332]]}},{"type":"Feature","id":"way/1240616080","properties":{"name":"Carretera Los Caracas - Caruao","highway":"secondary","ref":"L-2"},"geometry":{"type":"LineString","coordinates":[[-66.57388,10.62686],[-66.57369,10.62685]]}},{"type":"Feature","id":"way/1240855448","properties":{"name":"Avenida Jos\u00e9 Mar\u00eda Vargas","highway":"secondary"},"geometry":{"type":"LineString","coordinates":[[-66.7397,10.62057],[-66.73929,10.62041]]}},{"type":"Feature","id":"way/1240855449","properties":{"name":"Avenida Jos\u00e9 Mar\u00eda Vargas","highway":"secondary"},"geometry":{"type":"LineString","coordinates":[[-66.7397,10.62057],[-66.73971,10.62018]]}},{"type":"Feature","id":"way/1240855450","properties":{"highway":"primary","ref":"L-2"},"geometry":{"type":"LineString","coordinates":[[-66.73971,10.62018],[-66.74003,10.62001]]}},{"type":"Feature","id":"way/1359354806","properties":{"name":"Calle El Almendr\u00f3n","highway":"secondary","ref":"L-2"},"geometry":{"type":"LineString","coordinates":[[-66.34909,10.60489],[-66.34904,10.60603]]}},{"type":"Feature","id":"way/1359354807","properties":{"name":"Calle Real","highway":"secondary","ref":"L-2"},"geometry":{"type":"LineString","coordinates":[[-66.34904,10.60603],[-66.35015,10.60616]]}},{"type":"Feature","id":"way/1359354809","properties":{"name":"Subida Parate Bueno","highway":"secondary","ref":"L-2"},"geometry":{"type":"LineString","coordinates":[[-66.34885,10.60483],[-66.34909,10.60489]]}},{"type":"Feature","id":"way/1359354818","properties":{"name":"Carretera Los Caracas - Caruao","highway":"secondary","ref":"L-2"},"geometry":{"type":"LineString","coordinates":[[-66.35298,10.60692],[-66.35579,10.60658]]}},{"type":"Feature","id":"way/1359354819","properties":{"name":"Carretera Los Caracas - Chuspa","highway":"secondary","ref":"L-2"},"geometry":{"type":"LineString","coordinates":[[-66.35258,10.60627],[-66.35298,10.60692]]}},{"type":"Feature","id":"way/1359541579","properties":{"name":"Avenida Bicentenaria","highway":"tertiary","ref":"R-7"},"geometry":{"type":"LineString","coordinates":[[-66.96082,10.6002],[-66.96361,10.60169]]}},{"type":"Feature","id":"way/1362358167","properties":{"name":"Carretera Los Caracas - Caruao","highway":"secondary","ref":"L-2"},"geometry":{"type":"LineString","coordinates":[[-66.45842,10.62567],[-66.45863,10.62569]]}},{"type":"Feature","id":"way/1362358168","properties":{"name":"Carretera Los Caracas - Caruao","highway":"secondary","ref":"L-2"},"geometry":{"type":"LineString","coordinates":[[-66.45863,10.62569],[-66.45874,10.6258]]}},{"type":"Feature","id":"way/1362360528","properties":{"name":"Carretera Los Caracas - Caruao","highway":"secondary","ref":"L-2"},"geometry":{"type":"LineString","coordinates":[[-66.47898,10.62519],[-66.48002,10.62443],[-66.48152,10.62582],[-66.48056,10.62764],[-66.48478,10.62925],[-66.48594,10.62858],[-66.48937,10.6295],[-66.49006,10.62759],[-66.49155,10.62783],[-66.4927,10.62998],[-66.49887,10.62946],[-66.50475,10.63069],[-66.50415,10.62798],[-66.5049,10.62699],[-66.50504,10.62839],[-66.50702,10.62942],[-66.51316,10.63],[-66.51352,10.62858],[-66.51195,10.62781],[-66.51133,10.62592],[-66.5116,10.62374],[-66.51355,10.6232],[-66.51459,10.6196],[-66.5178,10.61984],[-66.51845,10.61889]]}},{"type":"Feature","id":"way/1362360529","properties":{"name":"Carretera Los Caracas - Caruao","highway":"secondary","ref":"L-2"},"geometry":{"type":"LineString","coordinates":[[-66.51845,10.61889],[-66.51843,10.61874]]}}]}