{"type":"FeatureCollection","features":[{"type":"Feature","id":"way/30263387","properties":{"name":"Carretera S\u00e1bana de Parra - La Manzanita","highway":"secondary","ref":"R-11"},"geometry":{"type":"LineString","coordinates":[[-68.98363,10.10209],[-68.98355,10.0984],[-68.97875,10.0927],[-68.97822,10.0902],[-68.99214,10.07982],[-68.99278,10.07795],[-68.99023,10.07391],[-68.97902,10.06557],[-68.97172,10.05633],[-68.9706,9.98079],[-68.97179,9.97861],[-68.97732,9.97462],[-68.97878,9.96119]]}},{"type":"Feature","id":"way/30265446","properties":{"name":"Carretera Lara - Zulia","highway":"trunk","ref":"T-17"},"geometry":{"type":"LineString","coordinates":[[-70.45945,10.09661],[-70.43898,10.1019],[-70.43649,10.10176],[-70.42572,10.09327],[-70.42184,10.08576],[-70.4091,10.07224],[-70.38417,10.0652],[-70.35913,10.07538],[-70.33625,10.08902],[-70.30097,10.08557],[-70.28025,10.09809],[-70.25675,10.10118],[-70.22876,10.1077],[-70.22005,10.11062],[-70.1994,10.11324],[-70.19614,10.11238],[-70.17924,10.09684],[-70.14634,10.08655],[-70.12918,10.09537],[-70.1258,10.09875],[-70.11387,10.13078],[-70.1118,10.14363],[-70.11047,10.14619]]}},{"type":"Feature","id":"way/32566162","properties":{"name":"Distribuidor Guardagallo","highway":"trunk_link"},"geometry":{"type":"LineString","coordinates":[[-69.26481,10.06384],[-69.26419,10.06566]]}},{"type":"Feature","id":"way/44956054","properties":{"name":"Calle 6","highway":"tertiary"},"geometry":{"type":"LineString","coordinates":[[-69.29336,10.06027],[-69.29239,10.05968]]}},{"type":"Feature","id":"way/62381676","properties":{"name":"Carrera 20","highway":"tertiary"},"geometry":{"type":"LineString","coordinates":[[-69.29575,10.06553],[-69.2966,10.06893],[-69.30366,10.06832]]}},{"type":"Feature","id":"way/62381911","properties":{"name":"Carrera 20","highway":"tertiary"},"geometry":{"type":"LineString","coordinates":[[-69.30929,10.06773],[-69.32607,10.06629]]}},{"type":"Feature","id":"way/62422904","properties":{"name":"Avenida Los Leones","highway":"primary","ref":"T-1;T-4"},"geometry":{"type":"LineString","coordinates":[[-69.28454,10.07846],[-69.28329,10.07549],[-69.28366,10.07233]]}},{"type":"Feature","id":"way/62499896","properties":{"name":"Avenida Hernan Garmendia","highway":"secondary"},"geometry":{"type":"LineString","coordinates":[[-69.28116,10.08034],[-69.2776,10.08257]]}},{"type":"Feature","id":"way/64408638","properties":{"name":"Avenida Hernan Garmendia","highway":"secondary"},"geometry":{"type":"LineString","coordinates":[[-69.27198,10.086],[-69.27602,10.08363]]}},{"type":"Feature","id":"way/64881484","properties":{"name":"Avenida Circunvalaci\u00f3n Norte","highway":"trunk","ref":"T-1"},"geometry":{"type":"LineString","coordinates":[[-69.39475,10.07874],[-69.39913,10.07422]]}},{"type":"Feature","id":"way/64882402","properties":{"name":"Distribuidor San Francisco","highway":"trunk_link"},"geometry":{"type":"LineString","coordinates":[[-69.42043,10.04308],[-69.41892,10.04335],[-69.41906,10.04219],[-69.41977,10.04314]]}},{"type":"Feature","id":"way/64971366","properties":{"name":"Avenida Circunvalaci\u00f3n Norte","highway":"trunk","ref":"T-1"},"geometry":{"type":"LineString","coordinates":[[-69.26552,10.08827],[-69.26363,10.08393],[-69.25854,10.07927],[-69.25392,10.0785],[-69.24536,10.08055]]}},{"type":"Feature","id":"way/64971374","properties":{"name":"Avenida Venezuela","highway":"tertiary"},"geometry":{"type":"LineString","coordinates":[[-69.33341,10.07156],[-69.30982,10.0734]]}},{"type":"Feature","id":"way/65063629","properties":{"name":"Retorno","highway":"primary_link","ref":"T-1;T-4"},"geometry":{"type":"LineString","coordinates":[[-69.35561,10.06776],[-69.35547,10.06747]]}},{"type":"Feature","id":"way/65063631","properties":{"name":"Redoma del Obelisco","highway":"primary","ref":"T-1;T-4;R-15"},"geometry":{"type":"LineString","coordinates":[[-69.35675,10.06778],[-69.35798,10.06677],[-69.35709,10.06564],[-69.35584,10.06635],[-69.35675,10.06778]]}},{"type":"Feature","id":"way/65607761","properties":{"name":"Carretera Panamericana Trujillo - Lara","highway":"trunk","ref":"T-1"},"geometry":{"type":"LineString","coordinates":[[-70.44699,9.72485],[-70.43861,9.72859],[-70.42955,9.74264],[-70.42103,9.75125],[-70.41655,9.75912],[-70.41156,9.7626],[-70.40164,9.76463],[-70.39627,9.76762],[-70.38964,9.76642],[-70.38215,9.77112],[-70.37913,9.77138],[-70.37591,9.77339],[-70.36952,9.77421],[-70.36602,9.77704],[-70.36318,9.77796],[-70.36125,9.78075],[-70.36117,9.78343],[-70.35726,9.78766],[-70.35151,9.78895],[-70.34632,9.79459],[-70.34239,9.79532],[-70.33805,9.79815],[-70.33291,9.79819],[-70.33069,9.79715],[-70.32705,9.79815],[-70.31826,9.80418],[-70.31649,9.8018],[-70.31446,9.80214],[-70.30976,9.80779],[-70.31243,9.8106],[-70.31302,9.81339],[-70.30947,9.81854],[-70.3113,9.82259],[-70.31009,9.82662],[-70.2995,9.82667],[-70.29821,9.83139],[-70.29298,9.83263],[-70.28903,9.83236],[-70.28295,9.83],[-70.27182,9.8296]]}},{"type":"Feature","id":"way/65608186","properties":{"name":"Carretera Humocaros - Barbacoas","highway":"tertiary","ref":"R-5"},"geometry":{"type":"LineString","coordinates":[[-70.03799,9.71999],[-70.03836,9.7185],[-70.03468,9.71863],[-70.0342,9.71704],[-70.03302,9.71743],[-70.03267,9.71655],[-70.03116,9.7173],[-70.02799,9.7149],[-70.02857,9.70848],[-70.03001,9.7064],[-70.03019,9.6997],[-70.02398,9.7014],[-70.02329,9.70065],[-70.02372,9.69711],[-70.02262,9.6995],[-70.02247,9.69783],[-70.0203,9.69745],[-70.02007,9.69301],[-70.0153,9.69461],[-70.01615,9.68762],[-70.01457,9.68403],[-70.01783,9.68317],[-70.01924,9.68042],[-70.01912,9.67814],[-70.0181,9.67783],[-70.02029,9.6764],[-70.02257,9.67625],[-70.0242,9.67042],[-70.02744,9.66899],[-70.02283,9.66896],[-70.01879,9.67123],[-70.01336,9.66936],[-70.01091,9.66749],[-70.00405,9.66948],[-70.00373,9.66819],[-70.00218,9.66767],[-69.99645,9.66791],[-69.99794,9.66156],[-70.00014,9.66033],[-69.99903,9.65928],[-69.99922,9.65807],[-69.99688,9.65724],[-69.99909,9.65353],[-69.99806,9.65393],[-69.99842,9.65267],[-69.99716,9.65292],[-69.99624,9.65119],[-69.98901,9.65022],[-69.98272,9.65841],[-69.98127,9.65363],[-69.97595,9.65103],[-69.97026,9.65133],[-69.96921,9.65295],[-69.97078,9.65527]]}},{"type":"Feature","id":"way/69701538","properties":{"name":"Avenida Las Industrias","highway":"primary"},"geometry":{"type":"LineString","coordinates":[[-69.3579,10.0671],[-69.36504,10.06943]]}},{"type":"Feature","id":"way/72651203","properties":{"name":"Autopista Barquisimeto - Acarigua","highway":"trunk","ref":"T-4"},"geometry":{"type":"LineString","coordinates":[[-69.16632,9.77293],[-69.17033,9.77076],[-69.17907,9.75319],[-69.19043,9.74949],[-69.19336,9.74731]]}},{"type":"Feature","id":"way/73923605","properties":{"name":"Carrera Carlos Giffoni","highway":"tertiary"},"geometry":{"type":"LineString","coordinates":[[-69.39472,10.06402],[-69.39183,10.07188]]}},{"type":"Feature","id":"way/80797774","properties":{"name":"Avenida Intercomunal Barquisimeto - Tamaca","highway":"primary","ref":"L-3"},"geometry":{"type":"LineString","coordinates":[[-69.31485,10.16213],[-69.31712,10.15077],[-69.31593,10.14429],[-69.31195,10.12828],[-69.30543,10.11794],[-69.30563,10.1127],[-69.31003,10.10379]]}},{"type":"Feature","id":"way/84953700","properties":{"name":"Avenida Lara","highway":"tertiary","ref":"T-4"},"geometry":{"type":"LineString","coordinates":[[-69.28547,10.06332],[-69.27561,10.06115]]}},{"type":"Feature","id":"way/84958795","properties":{"name":"Carretera Vieja Barquisimeto - Yaritagua","highway":"secondary","ref":"R-16"},"geometry":{"type":"LineString","coordinates":[[-69.26283,10.05623],[-69.25532,10.05234],[-69.2479,10.05543],[-69.24441,10.05625],[-69.24195,10.05561],[-69.2323,10.06281],[-69.22795,10.06249],[-69.22646,10.06095],[-69.21857,10.05938],[-69.21609,10.06352],[-69.21369,10.06461],[-69.20241,10.0612]]}},{"type":"Feature","id":"way/90396751","properties":{"name":"Avenida Los Horcones","highway":"tertiary"},"geometry":{"type":"LineString","coordinates":[[-69.35429,10.05536],[-69.37406,10.04864],[-69.38708,10.04729]]}},{"type":"Feature","id":"way/90441630","properties":{"highway":"primary","ref":"R-15"},"geometry":{"type":"LineString","coordinates":[[-69.34756,10.04194],[-69.34479,10.04468],[-69.34442,10.0471]]}},{"type":"Feature","id":"way/90441638","properties":{"highway":"primary_link"},"geometry":{"type":"LineString","coordinates":[[-69.34766,10.04215],[-69.34777,10.04031]]}},{"type":"Feature","id":"way/90441642","properties":{"highway":"primary","ref":"R-15"},"geometry":{"type":"LineString","coordinates":[[-69.34701,10.04143],[-69.34756,10.04194]]}},{"type":"Feature","id":"way/90441704","properties":{"highway":"primary_link"},"geometry":{"type":"LineString","coordinates":[[-69.33945,10.04823],[-69.3401,10.0478]]}},{"type":"Feature","id":"way/90441773","properties":{"highway":"primary_link"},"geometry":{"type":"LineString","coordinates":[[-69.33881,10.04771],[-69.33945,10.04823]]}},{"type":"Feature","id":"way/90453352","properties":{"highway":"primary_link"},"geometry":{"type":"LineString","coordinates":[[-69.34428,10.04659],[-69.34392,10.04733]]}},{"type":"Feature","id":"way/90546906","properties":{"name":"Distribuidor Moyetones","highway":"trunk_link"},"geometry":{"type":"LineString","coordinates":[[-69.39359,10.07883],[-69.39442,10.07768],[-69.39458,10.07858]]}},{"type":"Feature","id":"way/90546966","properties":{"name":"Distribuidor Moyetones","highway":"trunk_link"},"geometry":{"type":"LineString","coordinates":[[-69.39818,10.07746],[-69.39806,10.07705]]}},{"type":"Feature","id":"way/90546975","properties":{"name":"Distribuidor Moyetones","highway":"trunk_link"},"geometry":{"type":"LineString","coordinates":[[-69.39397,10.07935],[-69.39269,10.0795],[-69.39404,10.07896]]}},{"type":"Feature","id":"way/90547006","properties":{"name":"Distribuidor Moyetones","highway":"trunk_link"},"geometry":{"type":"LineString","coordinates":[[-69.39859,10.07711],[-69.39806,10.07705]]}},{"type":"Feature","id":"way/90547026","properties":{"name":"Distribuidor San Francisco","highway":"trunk_link"},"geometry":{"type":"LineString","coordinates":[[-69.41938,10.04837],[-69.42354,10.04218]]}},{"type":"Feature","id":"way/90547049","properties":{"name":"Distribuidor Moyetones","highway":"trunk_link"},"geometry":{"type":"LineString","coordinates":[[-69.39813,10.07473],[-69.39525,10.077],[-69.3917,10.07821]]}},{"type":"Feature","id":"way/90610626","properties":{"name":"Calle 5","highway":"tertiary"},"geometry":{"type":"LineString","coordinates":[[-69.40539,10.04602],[-69.40387,10.03984],[-69.40457,10.03652],[-69.40401,10.03238],[-69.40236,10.02886]]}},{"type":"Feature","id":"way/90693989","properties":{"name":"Avenida Lara","highway":"tertiary"},"geometry":{"type":"LineString","coordinates":[[-69.28544,10.06345],[-69.29577,10.06565]]}},{"type":"Feature","id":"way/90694067","properties":{"name":"Distribuidor Jirajara","highway":"tertiary"},"geometry":{"type":"LineString","coordinates":[[-69.29425,10.06085],[-69.29649,10.05858],[-69.29353,10.05728]]}},{"type":"Feature","id":"way/90694156","properties":{"highway":"tertiary"},"geometry":{"type":"LineString","coordinates":[[-69.29048,10.07343],[-69.29221,10.06966],[-69.29261,10.0636]]}},{"type":"Feature","id":"way/90694339","properties":{"highway":"secondary","ref":"L-4"},"geometry":{"type":"LineString","coordinates":[[-69.30955,10.08295],[-69.30955,10.08285]]}},{"type":"Feature","id":"way/90694343","properties":{"name":"Avenida Ribere\u00f1a","highway":"primary","ref":"R-15"},"geometry":{"type":"LineString","coordinates":[[-69.28922,10.04937],[-69.28792,10.04687]]}},{"type":"Feature","id":"way/90711063","properties":{"name":"Redoma de la Divina Pastora","highway":"trunk","ref":"T-4"},"geometry":{"type":"LineString","coordinates":[[-69.26584,10.06153],[-69.26645,10.062]]}},{"type":"Feature","id":"way/90711078","properties":{"name":"Distribuidor Jirajara","highway":"primary_link"},"geometry":{"type":"LineString","coordinates":[[-69.29353,10.05728],[-69.29316,10.05603]]}},{"type":"Feature","id":"way/90711087","properties":{"name":"Distribuidor Guardagallo","highway":"trunk_link"},"geometry":{"type":"LineString","coordinates":[[-69.26195,10.0671],[-69.26425,10.06625],[-69.26507,10.06372]]}},{"type":"Feature","id":"way/90711098","properties":{"name":"Distribuidor Guardagallo","highway":"trunk_link"},"geometry":{"type":"LineString","coordinates":[[-69.26481,10.06384],[-69.26225,10.06673]]}},{"type":"Feature","id":"way/90711135","properties":{"name":"Distribuidor Guardagallo","highway":"trunk_link"},"geometry":{"type":"LineString","coordinates":[[-69.26803,10.06693],[-69.26518,10.06485],[-69.26507,10.06372]]}},{"type":"Feature","id":"way/90711218","properties":{"name":"Redoma de la Divina Pastora","highway":"trunk","ref":"T-4"},"geometry":{"type":"LineString","coordinates":[[-69.26659,10.06192],[-69.26648,10.06135]]}},{"type":"Feature","id":"way/90778496","properties":{"name":"Calle 6","highway":"tertiary"},"geometry":{"type":"LineString","coordinates":[[-69.29253,10.06359],[-69.29211,10.06966],[-69.29038,10.07341]]}},{"type":"Feature","id":"way/90778503","properties":{"name":"Calle 7","highway":"tertiary"},"geometry":{"type":"LineString","coordinates":[[-69.29239,10.05968],[-69.29159,10.06341]]}},{"type":"Feature","id":"way/90794626","properties":{"name":"Carrera 1","highway":"tertiary"},"geometry":{"type":"LineString","coordinates":[[-69.36691,10.07838],[-69.36362,10.07676],[-69.35157,10.08519]]}},{"type":"Feature","id":"way/90794635","properties":{"name":"Avenida 3","highway":"tertiary"},"geometry":{"type":"LineString","coordinates":[[-69.3702,10.07335],[-69.3708,10.07144]]}},{"type":"Feature","id":"way/90798277","properties":{"name":"Av. Argimiro Bracamontes","highway":"tertiary"},"geometry":{"type":"LineString","coordinates":[[-69.29035,10.07356],[-69.28877,10.07963]]}},{"type":"Feature","id":"way/91622048","properties":{"name":"Avenida la Salle","highway":"tertiary"},"geometry":{"type":"LineString","coordinates":[[-69.35275,10.04821],[-69.35935,10.04773],[-69.36193,10.05244]]}},{"type":"Feature","id":"way/92754867","properties":{"name":"Carrera 11","highway":"tertiary"},"geometry":{"type":"LineString","coordinates":[[-69.33553,10.08995],[-69.34847,10.08758],[-69.34943,10.0865]]}},{"type":"Feature","id":"way/92755061","properties":{"highway":"tertiary"},"geometry":{"type":"LineString","coordinates":[[-69.32974,10.09485],[-69.32906,10.09496]]}},{"type":"Feature","id":"way/92796234","properties":{"name":"Distribuidor Macuto","highway":"primary_link"},"geometry":{"type":"LineString","coordinates":[[-69.31227,10.06008],[-69.31254,10.05945]]}},{"type":"Feature","id":"way/92796243","properties":{"name":"Calle 7","highway":"tertiary"},"geometry":{"type":"LineString","coordinates":[[-69.35657,10.03675],[-69.35597,10.03531]]}},{"type":"Feature","id":"way/92796310","properties":{"name":"Avenida 2","highway":"tertiary"},"geometry":{"type":"LineString","coordinates":[[-69.35597,10.03531],[-69.36984,10.03071]]}},{"type":"Feature","id":"way/92797475","properties":{"name":"Avenida El Placer","highway":"tertiary","ref":"R-15"},"geometry":{"type":"LineString","coordinates":[[-69.23552,10.03222],[-69.244,10.03816],[-69.25266,10.03879],[-69.25616,10.04021]]}},{"type":"Feature","id":"way/92797811","properties":{"name":"Distribuidor Pol\u00edgono de Tiro","highway":"trunk_link"},"geometry":{"type":"LineString","coordinates":[[-69.30689,10.10937],[-69.30618,10.10905],[-69.3067,10.10862],[-69.30747,10.10911]]}},{"type":"Feature","id":"way/92797812","properties":{"name":"Distribuidor Pol\u00edgono de Tiro","highway":"trunk_link"},"geometry":{"type":"LineString","coordinates":[[-69.30317,10.10877],[-69.30561,10.11036],[-69.30555,10.11256]]}},{"type":"Feature","id":"way/92797813","properties":{"name":"Distribuidor Pol\u00edgono de Tiro","highway":"trunk_link"},"geometry":{"type":"LineString","coordinates":[[-69.30793,10.10944],[-69.30892,10.10986],[-69.30816,10.1107],[-69.30718,10.11047],[-69.30734,10.10958]]}},{"type":"Feature","id":"way/92797816","properties":{"name":"Distribuidor Pol\u00edgono de Tiro","highway":"trunk_link"},"geometry":{"type":"LineString","coordinates":[[-69.30796,10.10813],[-69.30527,10.10924]]}},{"type":"Feature","id":"way/92797817","properties":{"name":"Distribuidor Pol\u00edgono de Tiro","highway":"trunk_link"},"geometry":{"type":"LineString","coordinates":[[-69.30714,10.10977],[-69.30598,10.11051],[-69.30655,10.1095]]}},{"type":"Feature","id":"way/92797822","properties":{"name":"Distribuidor Pol\u00edgono de Tiro","highway":"trunk_link"},"geometry":{"type":"LineString","coordinates":[[-69.30753,10.10916],[-69.30864,10.10809],[-69.30902,10.10886],[-69.30806,10.10928]]}},{"type":"Feature","id":"way/92797824","properties":{"name":"Distribuidor Pol\u00edgono de Tiro","highway":"trunk_link"},"geometry":{"type":"LineString","coordinates":[[-69.30573,10.11242],[-69.31085,10.10852]]}},{"type":"Feature","id":"way/96493684","properties":{"name":"Avenida Cementerio","highway":"tertiary"},"geometry":{"type":"LineString","coordinates":[[-69.38792,10.04876],[-69.39331,10.06092]]}},{"type":"Feature","id":"way/96493699","properties":{"name":"Avenida Cementerio","highway":"tertiary"},"geometry":{"type":"LineString","coordinates":[[-69.39336,10.0609],[-69.38925,10.05156]]}},{"type":"Feature","id":"way/96647983","properties":{"name":"Carretera Regional Quibor - San Miguel","highway":"secondary","ref":"L-4"},"geometry":{"type":"LineString","coordinates":[[-69.57019,9.95599],[-69.56105,9.93312],[-69.55996,9.93359],[-69.55742,9.93152],[-69.5551,9.93314],[-69.55399,9.93264],[-69.55316,9.93021],[-69.54884,9.93087],[-69.54896,9.92918],[-69.54803,9.93001],[-69.54655,9.9296],[-69.54291,9.92641],[-69.54113,9.9272],[-69.54183,9.92617],[-69.54156,9.92411],[-69.53982,9.92188],[-69.53994,9.91764],[-69.54024,9.91639],[-69.54203,9.91602],[-69.54443,9.913],[-69.54386,9.91151],[-69.54515,9.9087],[-69.54336,9.90758],[-69.54285,9.90369],[-69.54177,9.90268],[-69.5407,9.90296],[-69.53895,9.89817],[-69.53927,9.89697],[-69.5413,9.8978],[-69.54199,9.89737],[-69.54134,9.89658],[-69.54565,9.89638],[-69.5443,9.89471],[-69.54478,9.8938],[-69.54612,9.89472],[-69.54516,9.89163],[-69.53421,9.88384],[-69.53081,9.8842],[-69.52931,9.88591],[-69.52346,9.88554],[-69.51855,9.88346],[-69.51894,9.88193],[-69.5166,9.87914],[-69.51646,9.87997],[-69.51582,9.87938],[-69.51557,9.87797],[-69.51347,9.87924],[-69.51339,9.87768],[-69.51126,9.88004]]}},{"type":"Feature","id":"way/96647984","properties":{"name":"V\u00eda a Las Cuibas","highway":"tertiary","ref":"R-11"},"geometry":{"type":"LineString","coordinates":[[-69.51651,9.87912],[-69.51846,9.87646],[-69.51765,9.87626],[-69.51747,9.87268],[-69.5192,9.87077],[-69.51932,9.86915],[-69.52195,9.86807],[-69.5211,9.86612],[-69.52468,9.8637],[-69.52452,9.86229]]}},{"type":"Feature","id":"way/100225321","properties":{"name":"Avenida El Placer","highway":"tertiary","ref":"R-15"},"geometry":{"type":"LineString","coordinates":[[-69.25694,10.04047],[-69.25268,10.03871],[-69.24399,10.03807],[-69.23552,10.03222]]}},{"type":"Feature","id":"way/100225335","properties":{"highway":"tertiary"},"geometry":{"type":"LineString","coordinates":[[-69.27879,10.09329],[-69.27696,10.09224],[-69.2783,10.08692],[-69.27688,10.08302]]}},{"type":"Feature","id":"way/100225416","properties":{"name":"Retorno del Polideportivo","highway":"trunk_link","ref":"T-4"},"geometry":{"type":"LineString","coordinates":[[-69.21823,9.99433],[-69.21789,9.9935],[-69.2177,9.9942]]}},{"type":"Feature","id":"way/100225428","properties":{"name":"Distribuidor Polideportivo","highway":"trunk_link"},"geometry":{"type":"LineString","coordinates":[[-69.21692,9.99133],[-69.21649,9.99016],[-69.21726,9.9894]]}},{"type":"Feature","id":"way/100225477","properties":{"highway":"tertiary"},"geometry":{"type":"LineString","coordinates":[[-69.27879,10.09329],[-69.27874,10.09897]]}},{"type":"Feature","id":"way/100225486","properties":{"name":"Carrera 6","highway":"tertiary"},"geometry":{"type":"LineString","coordinates":[[-69.27602,10.08363],[-69.27783,10.08454],[-69.27817,10.08647],[-69.27693,10.09264],[-69.27879,10.09329]]}},{"type":"Feature","id":"way/100225498","properties":{"name":"Retorno","highway":"trunk_link","ref":"T-4"},"geometry":{"type":"LineString","coordinates":[[-69.25012,10.02775],[-69.25042,10.02748]]}},{"type":"Feature","id":"way/100225513","properties":{"name":"Distribuidor Polideportivo","highway":"trunk_link"},"geometry":{"type":"LineString","coordinates":[[-69.21715,9.98931],[-69.21545,9.98925]]}},{"type":"Feature","id":"way/100225537","properties":{"name":"Avenida El Placer","highway":"primary","ref":"R-15"},"geometry":{"type":"LineString","coordinates":[[-69.26331,10.04025],[-69.28029,10.03821]]}},{"type":"Feature","id":"way/100225547","properties":{"name":"Distribuidor Polideportivo","highway":"trunk_link"},"geometry":{"type":"LineString","coordinates":[[-69.21432,9.988],[-69.21461,9.98999],[-69.21578,9.99028]]}},{"type":"Feature","id":"way/100225555","properties":{"name":"Retorno del Polideportivo","highway":"trunk_link","ref":"T-4"},"geometry":{"type":"LineString","coordinates":[[-69.21689,9.9923],[-69.21759,9.99331],[-69.21737,9.99227]]}},{"type":"Feature","id":"way/103282654","properties":{"name":"Carretera La Pastora - Carache","highway":"secondary"},"geometry":{"type":"LineString","coordinates":[[-70.25058,9.73095],[-70.2473,9.7405],[-70.24567,9.74212],[-70.24551,9.74462],[-70.24337,9.74736],[-70.24305,9.75523],[-70.24176,9.76078],[-70.23741,9.76237],[-70.22954,9.77867],[-70.22115,9.77739],[-70.21898,9.77855],[-70.21488,9.78329],[-70.21107,9.78922],[-70.21039,9.79366],[-70.20793,9.79547],[-70.20285,9.80591],[-70.19656,9.81571]]}},{"type":"Feature","id":"way/103282661","properties":{"name":"Carretera Las Veras - Pie de Cuesta","highway":"secondary","ref":"R-8"},"geometry":{"type":"LineString","coordinates":[[-70.24268,9.89348],[-70.24142,9.9342],[-70.24724,9.95088],[-70.25452,9.96162],[-70.25472,9.97254],[-70.25009,9.98421],[-70.24826,10.0098],[-70.24534,10.01795],[-70.23929,10.02571],[-70.23308,10.03144],[-70.22108,10.04836],[-70.22098,10.05217],[-70.21495,10.06266]]}},{"type":"Feature","id":"way/103282943","properties":{"highway":"tertiary","ref":"R-50"},"geometry":{"type":"LineString","coordinates":[[-70.19721,9.83776],[-70.19709,9.8367]]}},{"type":"Feature","id":"way/103283087","properties":{"name":"Carretera Humocaros - Barbacoas","highway":"tertiary","ref":"R-5"},"geometry":{"type":"LineString","coordinates":[[-70.05507,9.82362],[-70.06023,9.81744],[-70.06076,9.81245],[-70.06284,9.80836],[-70.06517,9.8062],[-70.06393,9.80286],[-70.06298,9.80412],[-70.0628,9.80313],[-70.06082,9.803],[-70.05914,9.80114],[-70.05624,9.80032],[-70.05542,9.7985],[-70.05624,9.79667],[-70.05493,9.79345],[-70.05712,9.78822],[-70.05633,9.78733],[-70.05796,9.7862],[-70.05798,9.78489],[-70.05599,9.78287],[-70.05104,9.78556],[-70.04767,9.78532],[-70.04503,9.78302],[-70.04202,9.78277],[-70.03594,9.78571],[-70.03565,9.78413],[-70.03729,9.78252],[-70.03757,9.77983],[-70.03493,9.77835],[-70.0332,9.77999],[-70.03397,9.77642],[-70.03272,9.77323],[-70.02546,9.77189],[-70.02442,9.77368],[-70.023,9.77361],[-70.02159,9.77555],[-70.02043,9.77541],[-70.02016,9.77104],[-70.02322,9.76397],[-70.02237,9.76299],[-70.01969,9.76533],[-70.02005,9.7626],[-70.0183,9.75784],[-70.01605,9.75667],[-70.01537,9.75768],[-70.01365,9.75651],[-70.01433,9.7547],[-70.01288,9.7547],[-70.01278,9.75328],[-70.01084,9.75429],[-70.01246,9.75026],[-70.01516,9.74818],[-70.01302,9.74468],[-70.0115,9.74518],[-70.01271,9.74277],[-70.01451,9.74202],[-70.01415,9.74032],[-70.01542,9.74132],[-70.0167,9.74089],[-70.0185,9.73775],[-70.01782,9.73696],[-70.02264,9.73741],[-70.02357,9.73623],[-70.02921,9.73423],[-70.0297,9.73299],[-70.03087,9.73311],[-70.03043,9.73224],[-70.03253,9.73065],[-70.03392,9.72778],[-70.03269,9.72726],[-70.03214,9.72521],[-70.03312,9.7224],[-70.03456,9.72088],[-70.03799,9.71999]]}},{"type":"Feature","id":"way/103283296","properties":{"highway":"tertiary","ref":"R-50"},"geometry":{"type":"LineString","coordinates":[[-70.19709,9.8367],[-70.18949,9.8317],[-70.18834,9.82087]]}},{"type":"Feature","id":"way/103283708","properties":{"name":"Carretera La Pastora - Jab\u00f3n","highway":"secondary","ref":"R-50"},"geometry":{"type":"LineString","coordinates":[[-70.17058,9.82943],[-70.16619,9.82249],[-70.16516,9.8184],[-70.16611,9.81711],[-70.16478,9.81712],[-70.16581,9.81508],[-70.16396,9.81468],[-70.16789,9.8118],[-70.16725,9.80868],[-70.16619,9.80865],[-70.16442,9.80528],[-70.16555,9.80414],[-70.16899,9.80369],[-70.1685,9.80132],[-70.16629,9.80083],[-70.16616,9.7995],[-70.16511,9.80102],[-70.16295,9.80111],[-70.1601,9.80618],[-70.16027,9.80345],[-70.15935,9.80254],[-70.15266,9.80353],[-70.14871,9.80564],[-70.1493,9.8045],[-70.1475,9.8052],[-70.14424,9.80866],[-70.1433,9.80835],[-70.14374,9.80663],[-70.14282,9.80577],[-70.14484,9.805],[-70.14534,9.80347],[-70.14194,9.80421],[-70.1398,9.80075],[-70.13772,9.8011],[-70.13473,9.80336],[-70.13364,9.80285],[-70.13114,9.80435],[-70.12949,9.80413],[-70.12789,9.80714],[-70.12395,9.80563]]}},{"type":"Feature","id":"way/106345175","properties":{"name":"Carretera Humocaros - Chabasqu\u00e9n","highway":"tertiary","ref":"L-5"},"geometry":{"type":"LineString","coordinates":[[-69.98781,9.60338],[-69.98595,9.60131],[-69.98674,9.59806],[-69.99127,9.59412],[-69.99157,9.59196],[-69.9965,9.59046],[-69.99898,9.58582]]}},{"type":"Feature","id":"way/106897034","properties":{"name":"Rampa de Atarigua","highway":"trunk_link"},"geometry":{"type":"LineString","coordinates":[[-69.8236,10.13216],[-69.82188,10.13079]]}},{"type":"Feature","id":"way/106897048","properties":{"name":"V\u00eda a Atarigua","highway":"tertiary"},"geometry":{"type":"LineString","coordinates":[[-69.82188,10.13079],[-69.8182,10.12954],[-69.81421,10.12357],[-69.81498,10.12096],[-69.81213,10.11228]]}},{"type":"Feature","id":"way/106897700","properties":{"name":"Carretera Trasandina El Tocuyo - Chabasqu\u00e9n","highway":"primary","ref":"T-7"},"geometry":{"type":"LineString","coordinates":[[-69.78184,9.63878],[-69.77891,9.64213],[-69.77644,9.64863],[-69.77259,9.65283],[-69.76896,9.65492],[-69.76854,9.65881],[-69.77207,9.65955],[-69.7734,9.65863],[-69.77467,9.65975],[-69.77191,9.66217],[-69.77371,9.66263],[-69.77133,9.66455],[-69.7705,9.66781],[-69.77158,9.66892],[-69.76999,9.67082],[-69.76985,9.67297],[-69.76797,9.67355],[-69.76525,9.67757],[-69.76674,9.67835],[-69.76866,9.67733],[-69.76955,9.67803],[-69.77166,9.67757],[-69.77035,9.68063],[-69.7707,9.6835],[-69.77456,9.68515],[-69.77517,9.68772],[-69.77776,9.68855],[-69.77985,9.68712],[-69.78033,9.68997],[-69.78372,9.69457],[-69.78827,9.69845],[-69.78991,9.69875],[-69.78957,9.6998]]}},{"type":"Feature","id":"way/106897758","properties":{"name":"Carretera Principal de Los Humocaros","highway":"secondary","ref":"L-5"},"geometry":{"type":"LineString","coordinates":[[-69.97032,9.678],[-69.97158,9.67629],[-69.97152,9.67418],[-69.97371,9.67216],[-69.97205,9.67009],[-69.97299,9.66764],[-69.97084,9.66563],[-69.97227,9.66258],[-69.97136,9.66131],[-69.96952,9.66106],[-69.96869,9.6595],[-69.96931,9.65819],[-69.97161,9.65894]]}},{"type":"Feature","id":"way/106897763","properties":{"name":"V\u00eda a Anzo\u00e1tegui","highway":"secondary","ref":"R-36"},"geometry":{"type":"LineString","coordinates":[[-69.88946,9.60513],[-69.88832,9.6048],[-69.88613,9.60602],[-69.88477,9.60795],[-69.88153,9.6081],[-69.87658,9.60651],[-69.87185,9.60834],[-69.87236,9.60697],[-69.87106,9.60528],[-69.86929,9.60476],[-69.86666,9.59972],[-69.86608,9.59119]]}},{"type":"Feature","id":"way/106897794","properties":{"highway":"tertiary"},"geometry":{"type":"LineString","coordinates":[[-69.88417,9.55928],[-69.8848,9.55301],[-69.88334,9.55166],[-69.88179,9.55221],[-69.88242,9.5507],[-69.87971,9.54619]]}},{"type":"Feature","id":"way/108851010","properties":{"name":"Distribuidor Bellas Artes","highway":"primary_link","ref":"R-15"},"geometry":{"type":"LineString","coordinates":[[-69.28175,10.0379],[-69.28094,10.03806]]}},{"type":"Feature","id":"way/108851050","properties":{"name":"Avenida Ribere\u00f1a","highway":"tertiary","ref":"R-14"},"geometry":{"type":"LineString","coordinates":[[-69.27861,10.02339],[-69.28205,10.03742]]}},{"type":"Feature","id":"way/108851428","properties":{"highway":"primary_link"},"geometry":{"type":"LineString","coordinates":[[-69.36856,10.06006],[-69.36861,10.06013]]}},{"type":"Feature","id":"way/108851429","properties":{"highway":"primary_link"},"geometry":{"type":"LineString","coordinates":[[-69.36749,10.06079],[-69.36745,10.06071]]}},{"type":"Feature","id":"way/108932579","properties":{"name":"Distribuidor Jirajara","highway":"primary_link"},"geometry":{"type":"LineString","coordinates":[[-69.2936,10.05599],[-69.29193,10.05496],[-69.29276,10.05433],[-69.29307,10.05565]]}},{"type":"Feature","id":"way/108932580","properties":{"name":"Distribuidor Jirajara","highway":"tertiary"},"geometry":{"type":"LineString","coordinates":[[-69.29338,10.05725],[-69.29637,10.05856],[-69.2942,10.06081]]}},{"type":"Feature","id":"way/109129422","properties":{"highway":"primary_link"},"geometry":{"type":"LineString","coordinates":[[-69.28047,10.07278],[-69.28061,10.07248]]}},{"type":"Feature","id":"way/109160470","properties":{"highway":"primary_link"},"geometry":{"type":"LineString","coordinates":[[-69.27871,10.07217],[-69.28024,10.07261]]}},{"type":"Feature","id":"way/109160478","properties":{"highway":"primary_link"},"geometry":{"type":"LineString","coordinates":[[-69.27933,10.07233],[-69.28016,10.0727]]}},{"type":"Feature","id":"way/109160759","properties":{"highway":"primary_link"},"geometry":{"type":"LineString","coordinates":[[-69.28074,10.0717],[-69.28047,10.0725]]}},{"type":"Feature","id":"way/109160760","properties":{"highway":"primary_link"},"geometry":{"type":"LineString","coordinates":[[-69.28061,10.07248],[-69.28163,10.07252]]}},{"type":"Feature","id":"way/109165328","properties":{"highway":"primary_link"},"geometry":{"type":"LineString","coordinates":[[-69.28061,10.07208],[-69.28267,10.07273]]}},{"type":"Feature","id":"way/109742922","properties":{"highway":"primary"},"geometry":{"type":"LineString","coordinates":[[-69.35547,10.06747],[-69.35169,10.06985]]}},{"type":"Feature","id":"way/109742924","properties":{"name":"Avenida la Salle","highway":"tertiary"},"geometry":{"type":"LineString","coordinates":[[-69.35303,10.04809],[-69.35273,10.04813]]}},{"type":"Feature","id":"way/109742926","properties":{"name":"Avenida la Salle","highway":"tertiary"},"geometry":{"type":"LineString","coordinates":[[-69.36209,10.05259],[-69.35991,10.04715],[-69.35303,10.04809]]}},{"type":"Feature","id":"way/109742928","properties":{"name":"Avenida Rotaria","highway":"primary","ref":"R-15"},"geometry":{"type":"LineString","coordinates":[[-69.35709,10.06564],[-69.35273,10.04813]]}},{"type":"Feature","id":"way/109742929","properties":{"highway":"primary_link"},"geometry":{"type":"LineString","coordinates":[[-69.35557,10.06626],[-69.35578,10.06676]]}},{"type":"Feature","id":"way/109742934","properties":{"highway":"primary"},"geometry":{"type":"LineString","coordinates":[[-69.3524,10.06963],[-69.35561,10.06776]]}},{"type":"Feature","id":"way/109742935","properties":{"highway":"primary_link"},"geometry":{"type":"LineString","coordinates":[[-69.35281,10.04849],[-69.35302,10.04817]]}},{"type":"Feature","id":"way/109742937","properties":{"name":"Avenida la Salle","highway":"tertiary"},"geometry":{"type":"LineString","coordinates":[[-69.35273,10.04813],[-69.35269,10.04814]]}},{"type":"Feature","id":"way/109742939","properties":{"highway":"primary_link"},"geometry":{"type":"LineString","coordinates":[[-69.35841,10.06717],[-69.35798,10.06677]]}},{"type":"Feature","id":"way/117440710","properties":{"name":"Avenida Los Horcones","highway":"tertiary"},"geometry":{"type":"LineString","coordinates":[[-69.38706,10.04719],[-69.37403,10.0485],[-69.35545,10.05413]]}},{"type":"Feature","id":"way/134382556","properties":{"name":"Avenida Circunvalaci\u00f3n Norte","highway":"trunk","ref":"T-1"},"geometry":{"type":"LineString","coordinates":[[-69.31301,10.10739],[-69.32124,10.10581],[-69.32921,10.10627],[-69.33504,10.10286]]}},{"type":"Feature","id":"way/134382557","properties":{"name":"Avenida Circunvalaci\u00f3n Norte","highway":"trunk","ref":"T-1"},"geometry":{"type":"LineString","coordinates":[[-69.26543,10.0883],[-69.2655,10.0885]]}},{"type":"Feature","id":"way/134382558","properties":{"name":"Avenida Circunvalaci\u00f3n Norte","highway":"trunk","ref":"T-1"},"geometry":{"type":"LineString","coordinates":[[-69.28108,10.10986],[-69.28175,10.1096]]}},{"type":"Feature","id":"way/134382559","properties":{"name":"Avenida Circunvalaci\u00f3n Norte","highway":"trunk","ref":"T-1"},"geometry":{"type":"LineString","coordinates":[[-69.2656,10.08847],[-69.26552,10.08827]]}},{"type":"Feature","id":"way/134382560","properties":{"name":"Avenida Circunvalaci\u00f3n Norte","highway":"trunk","ref":"T-1"},"geometry":{"type":"LineString","coordinates":[[-69.30756,10.10935],[-69.30719,10.10937]]}},{"type":"Feature","id":"way/134382561","properties":{"name":"Avenida Circunvalaci\u00f3n Norte","highway":"trunk","ref":"T-1"},"geometry":{"type":"LineString","coordinates":[[-69.28172,10.10951],[-69.28103,10.10977]]}},{"type":"Feature","id":"way/134382562","properties":{"name":"Avenida Circunvalaci\u00f3n Norte","highway":"trunk","ref":"T-1"},"geometry":{"type":"LineString","coordinates":[[-69.30718,10.10951],[-69.30755,10.10948]]}},{"type":"Feature","id":"way/134382563","properties":{"name":"Avenida Circunvalaci\u00f3n Norte","highway":"trunk","ref":"T-1"},"geometry":{"type":"LineString","coordinates":[[-69.28175,10.1096],[-69.28656,10.10798],[-69.29078,10.10849],[-69.29806,10.10752],[-69.30718,10.10951]]}},{"type":"Feature","id":"way/134382564","properties":{"name":"Avenida Circunvalaci\u00f3n Norte","highway":"trunk","ref":"T-1"},"geometry":{"type":"LineString","coordinates":[[-69.30719,10.10937],[-69.29805,10.10743],[-69.29077,10.10841],[-69.28658,10.10789],[-69.28172,10.10951]]}},{"type":"Feature","id":"way/134382565","properties":{"name":"Avenida Circunvalaci\u00f3n Norte","highway":"trunk","ref":"T-1"},"geometry":{"type":"LineString","coordinates":[[-69.2655,10.0885],[-69.27189,10.10789],[-69.2746,10.11039],[-69.27815,10.11081]]}},{"type":"Feature","id":"way/134382566","properties":{"name":"Avenida Circunvalaci\u00f3n Norte","highway":"trunk","ref":"T-1"},"geometry":{"type":"LineString","coordinates":[[-69.27813,10.11071],[-69.27462,10.11034],[-69.27198,10.10785],[-69.2656,10.08847]]}},{"type":"Feature","id":"way/134382568","properties":{"name":"Avenida Libertador","highway":"primary","ref":"T-1"},"geometry":{"type":"LineString","coordinates":[[-69.35891,10.06553],[-69.35431,10.06825]]}},{"type":"Feature","id":"way/134382569","properties":{"name":"Avenida Florencio Jim\u00e9nez","highway":"primary","ref":"T-1"},"geometry":{"type":"LineString","coordinates":[[-69.35902,10.06564],[-69.38799,10.04872],[-69.41653,10.0447]]}},{"type":"Feature","id":"way/134382572","properties":{"name":"Avenida Libertador","highway":"primary","ref":"T-1"},"geometry":{"type":"LineString","coordinates":[[-69.35441,10.06839],[-69.35902,10.06564]]}},{"type":"Feature","id":"way/134382588","properties":{"name":"Carrera 19","highway":"tertiary"},"geometry":{"type":"LineString","coordinates":[[-69.32248,10.06556],[-69.3092,10.06674]]}},{"type":"Feature","id":"way/134382596","properties":{"highway":"primary_link"},"geometry":{"type":"LineString","coordinates":[[-69.35614,10.0659],[-69.35562,10.06618]]}},{"type":"Feature","id":"way/134382610","properties":{"name":"Avenida Hernan Garmendia","highway":"secondary"},"geometry":{"type":"LineString","coordinates":[[-69.26662,10.08802],[-69.27198,10.086]]}},{"type":"Feature","id":"way/134382613","properties":{"name":"Avenida Principal de Tamaca","highway":"primary","ref":"L-3"},"geometry":{"type":"LineString","coordinates":[[-69.30966,10.18202],[-69.31485,10.16213]]}},{"type":"Feature","id":"way/134382614","properties":{"highway":"primary_link"},"geometry":{"type":"LineString","coordinates":[[-69.31013,10.12565],[-69.31112,10.12701]]}},{"type":"Feature","id":"way/134382616","properties":{"name":"Avenida Principal de Tamaca","highway":"primary","ref":"L-3"},"geometry":{"type":"LineString","coordinates":[[-69.3147,10.16188],[-69.30966,10.18202]]}},{"type":"Feature","id":"way/134382618","properties":{"name":"Distribuidor Pol\u00edgono de Tiro","highway":"trunk_link"},"geometry":{"type":"LineString","coordinates":[[-69.31275,10.10741],[-69.3104,10.10802],[-69.30894,10.10628]]}},{"type":"Feature","id":"way/135563577","properties":{"name":"Avenida Circunvalaci\u00f3n Norte","highway":"trunk","ref":"T-1"},"geometry":{"type":"LineString","coordinates":[[-69.39455,10.079],[-69.39475,10.07874]]}},{"type":"Feature","id":"way/135563580","properties":{"name":"Avenida Circunvalaci\u00f3n Norte","highway":"trunk","ref":"T-1"},"geometry":{"type":"LineString","coordinates":[[-69.39444,10.07876],[-69.39424,10.079]]}},{"type":"Feature","id":"way/135563581","properties":{"name":"Carretera Nacional Falc\u00f3n - Lara","highway":"trunk","ref":"T-4"},"geometry":{"type":"LineString","coordinates":[[-69.44386,10.10595],[-69.43129,10.09865],[-69.41373,10.0857],[-69.40904,10.07997],[-69.40684,10.07875]]}},{"type":"Feature","id":"way/135563582","properties":{"highway":"primary_link"},"geometry":{"type":"LineString","coordinates":[[-69.39007,10.07787],[-69.39005,10.07793]]}},{"type":"Feature","id":"way/135563814","properties":{"name":"Distribuidor El Trompillo","highway":"trunk_link"},"geometry":{"type":"LineString","coordinates":[[-69.33625,10.10108],[-69.33521,10.10206]]}},{"type":"Feature","id":"way/135563815","properties":{"highway":"trunk_link"},"geometry":{"type":"LineString","coordinates":[[-69.3546,10.09899],[-69.35455,10.09863]]}},{"type":"Feature","id":"way/135563816","properties":{"name":"Avenida Circunvalaci\u00f3n Norte","highway":"trunk","ref":"T-1"},"geometry":{"type":"LineString","coordinates":[[-69.33514,10.10272],[-69.33973,10.09682],[-69.3451,10.09447],[-69.34986,10.09531],[-69.35514,10.09953],[-69.35867,10.10082],[-69.36915,10.09993],[-69.37307,10.09815]]}},{"type":"Feature","id":"way/135563817","properties":{"name":"Avenida Circunvalaci\u00f3n Norte","highway":"trunk","ref":"T-1"},"geometry":{"type":"LineString","coordinates":[[-69.33498,10.1028],[-69.33193,10.10525],[-69.32886,10.10625],[-69.32145,10.10571],[-69.31296,10.10731]]}},{"type":"Feature","id":"way/135563819","properties":{"name":"Avenida Circunvalaci\u00f3n Norte","highway":"trunk","ref":"T-1"},"geometry":{"type":"LineString","coordinates":[[-69.3351,10.10265],[-69.33498,10.1028]]}},{"type":"Feature","id":"way/135563820","properties":{"name":"Avenida Circunvalaci\u00f3n Norte","highway":"trunk","ref":"T-1"},"geometry":{"type":"LineString","coordinates":[[-69.33504,10.10286],[-69.33514,10.10272]]}},{"type":"Feature","id":"way/135563821","properties":{"name":"Distribuidor El Trompillo","highway":"trunk_link"},"geometry":{"type":"LineString","coordinates":[[-69.33453,10.10206],[-69.33468,10.10259]]}},{"type":"Feature","id":"way/135564810","properties":{"name":"Distribuidor El Trompillo","highway":"trunk_link"},"geometry":{"type":"LineString","coordinates":[[-69.33428,10.10364],[-69.33558,10.10372]]}},{"type":"Feature","id":"way/135564812","properties":{"name":"Calle 6","highway":"tertiary","ref":"R-21"},"geometry":{"type":"LineString","coordinates":[[-69.33132,10.09727],[-69.334,10.09979]]}},{"type":"Feature","id":"way/135564816","properties":{"name":"Distribuidor El Trompillo","highway":"trunk_link"},"geometry":{"type":"LineString","coordinates":[[-69.33606,10.10395],[-69.33582,10.10276]]}},{"type":"Feature","id":"way/135565317","properties":{"name":"Distribuidor El Trompillo","highway":"trunk_link"},"geometry":{"type":"LineString","coordinates":[[-69.33521,10.10206],[-69.33442,10.10177]]}},{"type":"Feature","id":"way/135565319","properties":{"name":"Distribuidor El Trompillo","highway":"trunk_link"},"geometry":{"type":"LineString","coordinates":[[-69.33558,10.10372],[-69.33585,10.10392]]}},{"type":"Feature","id":"way/135591035","properties":{"name":"Distribuidor Jirajara","highway":"primary_link"},"geometry":{"type":"LineString","coordinates":[[-69.29307,10.05565],[-69.29308,10.05601]]}},{"type":"Feature","id":"way/135591037","properties":{"name":"Distribuidor Jirajara","highway":"primary_link"},"geometry":{"type":"LineString","coordinates":[[-69.29316,10.05603],[-69.29315,10.05569]]}},{"type":"Feature","id":"way/135591039","properties":{"name":"Distribuidor Jirajara","highway":"primary_link"},"geometry":{"type":"LineString","coordinates":[[-69.29315,10.05569],[-69.29293,10.05438],[-69.29041,10.05304]]}},{"type":"Feature","id":"way/135591044","properties":{"name":"Distribuidor Jirajara","highway":"primary_link"},"geometry":{"type":"LineString","coordinates":[[-69.29308,10.05601],[-69.29338,10.05725]]}},{"type":"Feature","id":"way/135592931","properties":{"name":"Carretera Regional Tamaca - Duaca","highway":"primary","ref":"L-3"},"geometry":{"type":"LineString","coordinates":[[-69.30966,10.18202],[-69.30921,10.18721],[-69.30536,10.19681],[-69.29921,10.20238],[-69.28662,10.22103],[-69.28012,10.22741],[-69.26643,10.23812],[-69.26164,10.23887],[-69.25564,10.23734],[-69.25153,10.23998],[-69.24522,10.23735],[-69.24055,10.23403],[-69.23704,10.23399],[-69.2333,10.23961],[-69.23028,10.23863],[-69.22843,10.24075],[-69.22353,10.24184],[-69.21577,10.24593],[-69.21399,10.25037],[-69.20779,10.25131],[-69.20218,10.25391],[-69.19688,10.25862],[-69.18984,10.26276]]}},{"type":"Feature","id":"way/135668424","properties":{"highway":"primary_link"},"geometry":{"type":"LineString","coordinates":[[-69.16677,10.29243],[-69.16639,10.29242]]}},{"type":"Feature","id":"way/135670890","properties":{"highway":"primary_link"},"geometry":{"type":"LineString","coordinates":[[-69.1661,10.29264],[-69.16572,10.29318]]}},{"type":"Feature","id":"way/146739910","properties":{"name":"Carretera Nacional Falc\u00f3n - Lara","highway":"trunk","ref":"T-4"},"geometry":{"type":"LineString","coordinates":[[-69.46702,10.27758],[-69.46296,10.28262],[-69.46349,10.28587],[-69.46552,10.28888],[-69.46574,10.29311],[-69.46351,10.29617],[-69.46081,10.30635],[-69.46222,10.31801],[-69.45618,10.32448],[-69.4578,10.32669],[-69.45905,10.33215],[-69.4547,10.33801],[-69.45242,10.34377],[-69.4496,10.34746],[-69.44004,10.35092],[-69.43899,10.35907],[-69.44033,10.36297],[-69.43997,10.36458],[-69.43659,10.3661],[-69.43446,10.36561],[-69.43383,10.37074],[-69.42647,10.37561],[-69.42455,10.3749],[-69.42356,10.37253],[-69.41669,10.37445],[-69.41024,10.37125],[-69.40869,10.37222],[-69.40952,10.37585],[-69.41375,10.38021],[-69.41483,10.38345],[-69.40855,10.3923],[-69.41058,10.39533],[-69.40765,10.39917],[-69.40761,10.40127],[-69.41005,10.40379],[-69.41407,10.40566],[-69.41893,10.40197],[-69.42923,10.40495],[-69.43014,10.408],[-69.42947,10.41054],[-69.43272,10.41726],[-69.43555,10.41742],[-69.44312,10.42463],[-69.45002,10.43753],[-69.44547,10.43653],[-69.44455,10.43763],[-69.4437,10.43726],[-69.44293,10.43895],[-69.44148,10.43891],[-69.44043,10.44068],[-69.44139,10.44298],[-69.43765,10.44605],[-69.4381,10.45102],[-69.43605,10.45064],[-69.43825,10.45271],[-69.44074,10.45112],[-69.4418,10.45345],[-69.44032,10.45469],[-69.43976,10.45677],[-69.43845,10.45794],[-69.43625,10.45779],[-69.43612,10.45936],[-69.43365,10.46153],[-69.43406,10.46379],[-69.43518,10.46421],[-69.43459,10.46554],[-69.43561,10.46595],[-69.4336,10.46671],[-69.43372,10.47007],[-69.43165,10.46993],[-69.43174,10.47176],[-69.43403,10.47538],[-69.43722,10.47638],[-69.44099,10.47549],[-69.44249,10.47789],[-69.44421,10.47754],[-69.44479,10.47841],[-69.44339,10.48316],[-69.44427,10.48897],[-69.44352,10.49017],[-69.44473,10.49227],[-69.44704,10.49315],[-69.44559,10.49619],[-69.44486,10.50243],[-69.44245,10.50727],[-69.44101,10.5079],[-69.44851,10.51747],[-69.44679,10.51898],[-69.44641,10.52196]]}},{"type":"Feature","id":"way/146739913","properties":{"name":"Carretera Siquisique - Biragua","highway":"secondary","ref":"L-6"},"geometry":{"type":"LineString","coordinates":[[-69.84921,10.62071],[-69.84688,10.62067],[-69.84583,10.61904],[-69.85145,10.61836],[-69.85378,10.61635],[-69.85429,10.6132],[-69.84972,10.60832],[-69.84602,10.60665],[-69.84405,10.60717],[-69.84137,10.61046],[-69.83937,10.60819],[-69.83442,10.60834],[-69.82975,10.61292],[-69.81755,10.61018],[-69.81618,10.61133],[-69.81434,10.61093],[-69.81322,10.61166],[-69.80577,10.60893],[-69.80387,10.60993],[-69.80272,10.60896],[-69.79863,10.60906],[-69.79355,10.61049],[-69.7931,10.60842],[-69.79489,10.60509],[-69.78748,10.60158],[-69.78541,10.59761],[-69.77926,10.59278],[-69.77787,10.58923],[-69.77562,10.58764],[-69.77451,10.58273],[-69.7712,10.5812],[-69.76897,10.57814],[-69.76234,10.57737],[-69.7587,10.57536],[-69.75321,10.57527],[-69.75028,10.57397],[-69.74181,10.57499],[-69.72642,10.57269],[-69.72029,10.57398],[-69.71875,10.57258],[-69.71096,10.57118],[-69.70827,10.56962]]}},{"type":"Feature","id":"way/147775902","properties":{"name":"V\u00eda al Yacamb\u00fa","highway":"tertiary","ref":"R-11"},"geometry":{"type":"LineString","coordinates":[[-69.5817,9.78991],[-69.57838,9.7881],[-69.57134,9.78949],[-69.56919,9.78793],[-69.5686,9.78867],[-69.56422,9.78782],[-69.56324,9.78845],[-69.56333,9.78693]]}},{"type":"Feature","id":"way/148255738","properties":{"name":"Carretera Jab\u00f3n - San Pedro","highway":"secondary","ref":"R-50"},"geometry":{"type":"LineString","coordinates":[[-70.08138,9.86197],[-70.08237,9.85777],[-70.08813,9.85188],[-70.08929,9.84586],[-70.08834,9.84439],[-70.08832,9.83799],[-70.0824,9.83582],[-70.08059,9.83066],[-70.08227,9.82494],[-70.08731,9.82096],[-70.08532,9.81525],[-70.08685,9.81148],[-70.08732,9.80504],[-70.08939,9.8031],[-70.09253,9.80445],[-70.09612,9.80122],[-70.10029,9.8003],[-70.10608,9.79622],[-70.10715,9.79684],[-70.10819,9.80008],[-70.11065,9.80002],[-70.11564,9.80205],[-70.11793,9.805],[-70.11918,9.804]]}},{"type":"Feature","id":"way/148283509","properties":{"name":"Carretera Duaca - Moroturo","highway":"secondary","ref":"R-3"},"geometry":{"type":"LineString","coordinates":[[-69.13171,10.31824],[-69.13134,10.31945],[-69.13312,10.32206],[-69.13282,10.32463],[-69.13423,10.32759],[-69.13258,10.3368],[-69.13773,10.34105],[-69.13944,10.34804],[-69.14227,10.35063],[-69.13914,10.35913],[-69.14002,10.36245],[-69.14105,10.36256],[-69.14123,10.36437],[-69.14217,10.36453],[-69.14214,10.36735],[-69.13965,10.3712],[-69.13433,10.37184],[-69.13402,10.37512],[-69.13205,10.37383],[-69.1331,10.37635],[-69.13036,10.38341],[-69.13385,10.38662],[-69.13246,10.38912],[-69.13246,10.397],[-69.13326,10.39564],[-69.13433,10.40212],[-69.13858,10.41131],[-69.13711,10.4137],[-69.13826,10.41689],[-69.13736,10.41823],[-69.13798,10.41963],[-69.14132,10.42103],[-69.14107,10.42797],[-69.13713,10.44097],[-69.13887,10.44745],[-69.13898,10.4532],[-69.14066,10.4553],[-69.14271,10.45486],[-69.14689,10.45718],[-69.14778,10.45998],[-69.15195,10.46077],[-69.15799,10.47316],[-69.15835,10.47488],[-69.15655,10.4759],[-69.15644,10.47888],[-69.1538,10.48002],[-69.1523,10.48216],[-69.15268,10.48461],[-69.15038,10.4869],[-69.15049,10.48874],[-69.15235,10.49261],[-69.15712,10.49499],[-69.16013,10.49795],[-69.15927,10.49816],[-69.15807,10.50453],[-69.16099,10.50695],[-69.16118,10.50954],[-69.16431,10.5144],[-69.16836,10.51706],[-69.16939,10.51914],[-69.16461,10.52905],[-69.16532,10.5333],[-69.16226,10.53768],[-69.15991,10.53852],[-69.15847,10.54047],[-69.15624,10.53932],[-69.14964,10.54013],[-69.14793,10.53891],[-69.14624,10.53961],[-69.14773,10.5448],[-69.14959,10.54683],[-69.15148,10.55444],[-69.15503,10.55557],[-69.1584,10.55939],[-69.16388,10.5602],[-69.16624,10.56274],[-69.17014,10.56394],[-69.1715,10.56576],[-69.17129,10.57508],[-69.17598,10.57454],[-69.1796,10.57589],[-69.18848,10.57327],[-69.23086,10.55591]]}},{"type":"Feature","id":"way/148646821","properties":{"highway":"tertiary","ref":"R-12"},"geometry":{"type":"LineString","coordinates":[[-69.22052,10.0416],[-69.22228,10.04093],[-69.22679,10.042],[-69.22767,10.0381],[-69.23431,10.03419],[-69.2344,10.03253],[-69.23533,10.03205]]}},{"type":"Feature","id":"way/164079983","properties":{"name":"Distribuidor Moyetones","highway":"trunk_link"},"geometry":{"type":"LineString","coordinates":[[-69.39143,10.07838],[-69.39261,10.08044],[-69.39106,10.08305]]}},{"type":"Feature","id":"way/164256493","properties":{"name":"Avenida Las Industrias","highway":"primary","ref":"T-4"},"geometry":{"type":"LineString","coordinates":[[-69.37871,10.07404],[-69.39404,10.07896]]}},{"type":"Feature","id":"way/164256494","properties":{"name":"Avenida Las Industrias","highway":"primary","ref":"T-4"},"geometry":{"type":"LineString","coordinates":[[-69.37429,10.07254],[-69.37455,10.07263]]}},{"type":"Feature","id":"way/164256495","properties":{"name":"Avenida Las Industrias","highway":"primary","ref":"T-4"},"geometry":{"type":"LineString","coordinates":[[-69.37432,10.07245],[-69.35841,10.06717]]}},{"type":"Feature","id":"way/164256496","properties":{"name":"Avenida Las Industrias","highway":"primary","ref":"T-4"},"geometry":{"type":"LineString","coordinates":[[-69.37457,10.07253],[-69.37432,10.07245]]}},{"type":"Feature","id":"way/164256508","properties":{"name":"Carrera 20","highway":"tertiary"},"geometry":{"type":"LineString","coordinates":[[-69.32607,10.06629],[-69.33282,10.06572]]}},{"type":"Feature","id":"way/164257403","properties":{"name":"Avenida 14 de Febrero","highway":"tertiary","ref":"L-8"},"geometry":{"type":"LineString","coordinates":[[-70.08177,10.17395],[-70.09218,10.16343],[-70.10019,10.15332],[-70.10017,10.15219]]}},{"type":"Feature","id":"way/164257404","properties":{"name":"Avenida Francisco de Miranda","highway":"secondary","ref":"L-8"},"geometry":{"type":"LineString","coordinates":[[-70.06406,10.14532],[-70.07025,10.15265],[-70.07122,10.15844],[-70.08173,10.174]]}},{"type":"Feature","id":"way/164257405","properties":{"name":"Avenida Francisco de Miranda","highway":"secondary","ref":"L-8"},"geometry":{"type":"LineString","coordinates":[[-70.08177,10.17395],[-70.07123,10.15832],[-70.07034,10.15259],[-70.06414,10.14534]]}},{"type":"Feature","id":"way/164257409","properties":{"highway":"tertiary","ref":"L-8"},"geometry":{"type":"LineString","coordinates":[[-70.10508,10.1503],[-70.10006,10.15223]]}},{"type":"Feature","id":"way/164257411","properties":{"name":"Distribuidor Carora","highway":"trunk_link"},"geometry":{"type":"LineString","coordinates":[[-70.10673,10.148],[-70.10632,10.1488]]}},{"type":"Feature","id":"way/164257420","properties":{"name":"Distribuidor Carora","highway":"trunk_link"},"geometry":{"type":"LineString","coordinates":[[-70.10632,10.1488],[-70.10508,10.1503]]}},{"type":"Feature","id":"way/164257421","properties":{"highway":"trunk_link"},"geometry":{"type":"LineString","coordinates":[[-70.06429,10.14633],[-70.06498,10.1456]]}},{"type":"Feature","id":"way/164257422","properties":{"name":"Distribuidor Carora","highway":"trunk_link"},"geometry":{"type":"LineString","coordinates":[[-70.10508,10.1503],[-70.10935,10.14737]]}},{"type":"Feature","id":"way/164257423","properties":{"name":"Distribuidor Carora","highway":"trunk_link"},"geometry":{"type":"LineString","coordinates":[[-70.10793,10.14707],[-70.10864,10.1475],[-70.10776,10.14827]]}},{"type":"Feature","id":"way/164257424","properties":{"name":"Distribuidor Carora","highway":"trunk_link"},"geometry":{"type":"LineString","coordinates":[[-70.10793,10.14707],[-70.10673,10.148]]}},{"type":"Feature","id":"way/164535400","properties":{"name":"Distribuidor Veragacha","highway":"trunk_link"},"geometry":{"type":"LineString","coordinates":[[-69.23989,10.08202],[-69.23905,10.08074]]}},{"type":"Feature","id":"way/164535407","properties":{"name":"Distribuidor Sabaneta","highway":"trunk_link"},"geometry":{"type":"LineString","coordinates":[[-70.02144,10.11767],[-70.01827,10.11613],[-70.01781,10.11466]]}},{"type":"Feature","id":"way/167511423","properties":{"highway":"primary_link"},"geometry":{"type":"LineString","coordinates":[[-69.3916,10.07826],[-69.39165,10.07819]]}},{"type":"Feature","id":"way/167511428","properties":{"highway":"primary_link"},"geometry":{"type":"LineString","coordinates":[[-69.39143,10.07838],[-69.39186,10.07846]]}},{"type":"Feature","id":"way/167513672","properties":{"name":"Avenida Pedro Le\u00f3n Torres","highway":"tertiary"},"geometry":{"type":"LineString","coordinates":[[-69.35587,10.06627],[-69.34936,10.0644],[-69.33281,10.06564]]}},{"type":"Feature","id":"way/169881157","properties":{"highway":"trunk_link"},"geometry":{"type":"LineString","coordinates":[[-69.26271,10.056],[-69.26262,10.05622]]}},{"type":"Feature","id":"way/170759313","properties":{"name":"V\u00eda a Algar\u00ed","highway":"tertiary","ref":"R-21"},"geometry":{"type":"LineString","coordinates":[[-69.3492,10.17168],[-69.34978,10.1734]]}},{"type":"Feature","id":"way/175592256","properties":{"name":"Autopista Cimarr\u00f3n Andresote","highway":"trunk","ref":"T-1"},"geometry":{"type":"LineString","coordinates":[[-69.26088,10.06793],[-69.26145,10.06751]]}},{"type":"Feature","id":"way/175592257","properties":{"name":"Autopista Cimarr\u00f3n Andresote","highway":"trunk","ref":"T-1"},"geometry":{"type":"LineString","coordinates":[[-69.26145,10.06751],[-69.26195,10.0671]]}},{"type":"Feature","id":"way/175592263","properties":{"name":"Distribuidor Veragacha","highway":"trunk_link"},"geometry":{"type":"LineString","coordinates":[[-69.23869,10.08047],[-69.23628,10.08092],[-69.23581,10.07999],[-69.23745,10.07853],[-69.2388,10.0802]]}},{"type":"Feature","id":"way/175592265","properties":{"name":"Autopista Cimarr\u00f3n Andresote","highway":"trunk","ref":"T-1"},"geometry":{"type":"LineString","coordinates":[[-69.26134,10.0674],[-69.26073,10.06784]]}},{"type":"Feature","id":"way/175592269","properties":{"name":"Avenida Venezuela","highway":"primary","ref":"T-1"},"geometry":{"type":"LineString","coordinates":[[-69.26195,10.0671],[-69.26419,10.06566]]}},{"type":"Feature","id":"way/175592272","properties":{"name":"Distribuidor Veragacha","highway":"trunk_link"},"geometry":{"type":"LineString","coordinates":[[-69.24049,10.08041],[-69.24102,10.08083]]}},{"type":"Feature","id":"way/175759863","properties":{"name":"Autopista Cimarr\u00f3n Andresote","highway":"trunk","ref":"T-1"},"geometry":{"type":"LineString","coordinates":[[-69.20388,10.09153],[-69.21038,10.09163],[-69.23666,10.08116],[-69.24117,10.0804]]}},{"type":"Feature","id":"way/176093849","properties":{"name":"Distribuidor San Francisco","highway":"trunk_link"},"geometry":{"type":"LineString","coordinates":[[-69.42012,10.04431],[-69.41892,10.04413],[-69.4202,10.04331]]}},{"type":"Feature","id":"way/176093850","properties":{"name":"Distribuidor San Francisco","highway":"trunk_link"},"geometry":{"type":"LineString","coordinates":[[-69.41653,10.0447],[-69.41882,10.04434],[-69.41973,10.04658]]}},{"type":"Feature","id":"way/176374637","properties":{"name":"Avenida Los Leones","highway":"primary","ref":"T-1;T-4"},"geometry":{"type":"LineString","coordinates":[[-69.28356,10.07227],[-69.28299,10.07869]]}},{"type":"Feature","id":"way/176374642","properties":{"highway":"primary_link","ref":"T-1;T-4"},"geometry":{"type":"LineString","coordinates":[[-69.28429,10.07892],[-69.28454,10.07846]]}},{"type":"Feature","id":"way/176374643","properties":{"highway":"primary_link","ref":"T-1;T-4"},"geometry":{"type":"LineString","coordinates":[[-69.28387,10.07776],[-69.28319,10.07786]]}},{"type":"Feature","id":"way/176374645","properties":{"highway":"primary_link","ref":"T-1;T-4"},"geometry":{"type":"LineString","coordinates":[[-69.28299,10.07869],[-69.28353,10.07914]]}},{"type":"Feature","id":"way/177042135","properties":{"name":"Avenida Principal de Agua Viva","highway":"tertiary","ref":"R-14"},"geometry":{"type":"LineString","coordinates":[[-69.28013,10.02269],[-69.28248,10.02341],[-69.28891,10.02819],[-69.29393,10.02891],[-69.29982,10.02292],[-69.30315,10.01787]]}},{"type":"Feature","id":"way/178111753","properties":{"name":"Calle 13","highway":"tertiary","ref":"R-21"},"geometry":{"type":"LineString","coordinates":[[-69.33414,10.08028],[-69.3345,10.08447]]}},{"type":"Feature","id":"way/178111758","properties":{"name":"Calle 13","highway":"tertiary","ref":"R-21"},"geometry":{"type":"LineString","coordinates":[[-69.33458,10.08446],[-69.33421,10.08025]]}},{"type":"Feature","id":"way/178487232","properties":{"name":"Distribuidor Valle Hondo","highway":"trunk_link"},"geometry":{"type":"LineString","coordinates":[[-69.2565,10.04138],[-69.2578,10.04296],[-69.26023,10.04361]]}},{"type":"Feature","id":"way/179343867","properties":{"name":"Carretera Trasandina Quibor - El Tocuyo","highway":"primary","ref":"T-7"},"geometry":{"type":"LineString","coordinates":[[-69.73266,9.84205],[-69.72467,9.84619],[-69.71134,9.84937],[-69.7072,9.85281],[-69.68822,9.86191]]}},{"type":"Feature","id":"way/188345577","properties":{"name":"Distribuidor El Rodeo","highway":"trunk_link"},"geometry":{"type":"LineString","coordinates":[[-69.54504,9.98171],[-69.54929,9.98114],[-69.55034,9.98011]]}},{"type":"Feature","id":"way/188345699","properties":{"name":"Distribuidor El Rodeo","highway":"trunk_link"},"geometry":{"type":"LineString","coordinates":[[-69.5529,9.98069],[-69.55085,9.97934],[-69.55108,9.97693]]}},{"type":"Feature","id":"way/188346551","properties":{"name":"V\u00eda a Altagracia","highway":"tertiary"},"geometry":{"type":"LineString","coordinates":[[-70.14939,10.26989],[-70.14458,10.26647],[-70.13736,10.2537],[-70.13455,10.25146],[-70.13172,10.24711],[-70.13915,10.23831],[-70.13919,10.23618],[-70.13371,10.23168],[-70.1293,10.22582],[-70.12287,10.22193],[-70.11654,10.21558],[-70.11323,10.21471],[-70.10957,10.21153],[-70.10328,10.20025],[-70.10218,10.1964],[-70.09926,10.19419],[-70.09409,10.18617],[-70.09006,10.18307]]}},{"type":"Feature","id":"way/188346562","properties":{"name":"Carretera Vieja","highway":"secondary","ref":"L-8"},"geometry":{"type":"LineString","coordinates":[[-69.89784,10.18758],[-69.90588,10.18863],[-69.90929,10.19058],[-69.91182,10.20147],[-69.91317,10.2026],[-69.92128,10.20006],[-69.92299,10.198],[-69.92691,10.19587],[-69.93314,10.19604]]}},{"type":"Feature","id":"way/188952868","properties":{"highway":"secondary","ref":"L-4"},"geometry":{"type":"LineString","coordinates":[[-69.31014,10.07666],[-69.31014,10.07666]]}},{"type":"Feature","id":"way/188952878","properties":{"name":"Avenida Vargas","highway":"secondary","ref":"L-4"},"geometry":{"type":"LineString","coordinates":[[-69.31051,10.08033],[-69.31014,10.07666]]}},{"type":"Feature","id":"way/203052575","properties":{"highway":"trunk_link"},"geometry":{"type":"LineString","coordinates":[[-69.90252,10.15449],[-69.9022,10.1539]]}},{"type":"Feature","id":"way/203052576","properties":{"highway":"trunk_link"},"geometry":{"type":"LineString","coordinates":[[-69.9022,10.1539],[-69.90146,10.15395]]}},{"type":"Feature","id":"way/203796343","properties":{"name":"Avenida Principal de Agua Viva","highway":"tertiary","ref":"R-14"},"geometry":{"type":"LineString","coordinates":[[-69.28013,10.02269],[-69.27964,10.02249]]}},{"type":"Feature","id":"way/210041785","properties":{"name":"Distribuidor El Ujano","highway":"trunk_link"},"geometry":{"type":"LineString","coordinates":[[-69.2645,10.08824],[-69.2646,10.08711],[-69.26532,10.08802]]}},{"type":"Feature","id":"way/210041786","properties":{"name":"Distribuidor El Ujano","highway":"trunk_link"},"geometry":{"type":"LineString","coordinates":[[-69.2652,10.08731],[-69.26584,10.08669],[-69.26631,10.08773]]}},{"type":"Feature","id":"way/210041787","properties":{"name":"Distribuidor El Ujano","highway":"trunk_link"},"geometry":{"type":"LineString","coordinates":[[-69.2664,10.08761],[-69.26471,10.08593]]}},{"type":"Feature","id":"way/210041788","properties":{"name":"Distribuidor El Ujano","highway":"trunk_link"},"geometry":{"type":"LineString","coordinates":[[-69.26691,10.08787],[-69.2664,10.08761]]}},{"type":"Feature","id":"way/210041793","properties":{"name":"Distribuidor El Ujano","highway":"trunk_link"},"geometry":{"type":"LineString","coordinates":[[-69.26452,10.08576],[-69.26454,10.08875]]}},{"type":"Feature","id":"way/210041809","properties":{"name":"Distribuidor El Ujano","highway":"trunk_link"},"geometry":{"type":"LineString","coordinates":[[-69.26631,10.08773],[-69.26647,10.08807]]}},{"type":"Feature","id":"way/217660475","properties":{"name":"Distribuidor San Francisco","highway":"trunk_link"},"geometry":{"type":"LineString","coordinates":[[-69.41993,10.04359],[-69.41973,10.04658]]}},{"type":"Feature","id":"way/217695089","properties":{"name":"Avenida Circunvalaci\u00f3n Norte","highway":"trunk","ref":"T-1"},"geometry":{"type":"LineString","coordinates":[[-69.41661,10.05135],[-69.40807,10.05565],[-69.40501,10.05823],[-69.40291,10.06244],[-69.40223,10.06962],[-69.39967,10.0735]]}},{"type":"Feature","id":"way/224604451","properties":{"highway":"trunk_link"},"geometry":{"type":"LineString","coordinates":[[-69.25424,10.03066],[-69.25412,10.03097]]}},{"type":"Feature","id":"way/256535440","properties":{"name":"Distribuidor Sabaneta","highway":"trunk","ref":"T-17"},"geometry":{"type":"LineString","coordinates":[[-70.01246,10.11875],[-70.01845,10.11715],[-70.02093,10.11748]]}},{"type":"Feature","id":"way/261469994","properties":{"name":"Retorno","highway":"trunk_link","ref":"T-4"},"geometry":{"type":"LineString","coordinates":[[-69.25106,10.02796],[-69.25087,10.02831]]}},{"type":"Feature","id":"way/264455296","properties":{"name":"Distribuidor Carora","highway":"trunk_link"},"geometry":{"type":"LineString","coordinates":[[-70.10322,10.1484],[-70.10562,10.14889],[-70.10535,10.15009]]}},{"type":"Feature","id":"way/264540556","properties":{"name":"Distribuidor Sabaneta","highway":"trunk_link"},"geometry":{"type":"LineString","coordinates":[[-70.01711,10.11577],[-70.01311,10.11825]]}},{"type":"Feature","id":"way/264540557","properties":{"name":"Distribuidor Sabaneta","highway":"trunk","ref":"T-1"},"geometry":{"type":"LineString","coordinates":[[-70.00897,10.11989],[-70.01246,10.11875]]}},{"type":"Feature","id":"way/264540558","properties":{"name":"Distribuidor Sabaneta","highway":"trunk","ref":"T-1"},"geometry":{"type":"LineString","coordinates":[[-70.02144,10.11767],[-70.01726,10.11686],[-70.01311,10.11825]]}},{"type":"Feature","id":"way/264540559","properties":{"name":"Distribuidor Sabaneta","highway":"trunk_link"},"geometry":{"type":"LineString","coordinates":[[-70.01711,10.11577],[-70.017,10.11704],[-70.01939,10.11715]]}},{"type":"Feature","id":"way/264540560","properties":{"name":"Distribuidor Sabaneta","highway":"trunk_link"},"geometry":{"type":"LineString","coordinates":[[-70.01675,10.11709],[-70.01707,10.11669]]}},{"type":"Feature","id":"way/264540561","properties":{"name":"Distribuidor Sabaneta","highway":"trunk_link"},"geometry":{"type":"LineString","coordinates":[[-70.01707,10.11669],[-70.01781,10.11466]]}},{"type":"Feature","id":"way/264540562","properties":{"name":"Distribuidor Sabaneta","highway":"trunk_link"},"geometry":{"type":"LineString","coordinates":[[-70.01246,10.11875],[-70.01675,10.11709]]}},{"type":"Feature","id":"way/264777232","properties":{"name":"Distribuidor El Rodeo","highway":"trunk_link"},"geometry":{"type":"LineString","coordinates":[[-69.55159,9.97617],[-69.545,9.9816]]}},{"type":"Feature","id":"way/264777235","properties":{"name":"Avenida Florencio Jim\u00e9nez","highway":"primary","ref":"T-7"},"geometry":{"type":"LineString","coordinates":[[-69.60574,9.93094],[-69.6012,9.93295],[-69.5882,9.94468],[-69.57986,9.94979]]}},{"type":"Feature","id":"way/264777236","properties":{"name":"Distribuidor El Rodeo","highway":"trunk_link"},"geometry":{"type":"LineString","coordinates":[[-69.55027,9.9801],[-69.54899,9.98106],[-69.54854,9.9805],[-69.54937,9.97998]]}},{"type":"Feature","id":"way/264777237","properties":{"name":"Distribuidor El Rodeo","highway":"trunk_link"},"geometry":{"type":"LineString","coordinates":[[-69.55034,9.98011],[-69.55041,9.97984]]}},{"type":"Feature","id":"way/264777238","properties":{"name":"Distribuidor El Rodeo","highway":"trunk_link"},"geometry":{"type":"LineString","coordinates":[[-69.55034,9.97983],[-69.55027,9.9801]]}},{"type":"Feature","id":"way/264777239","properties":{"name":"Distribuidor El Rodeo","highway":"trunk_link"},"geometry":{"type":"LineString","coordinates":[[-69.55041,9.97984],[-69.55108,9.97693]]}},{"type":"Feature","id":"way/264777240","properties":{"name":"Distribuidor El Rodeo","highway":"trunk_link"},"geometry":{"type":"LineString","coordinates":[[-69.55159,9.97617],[-69.55034,9.97983]]}},{"type":"Feature","id":"way/265032194","properties":{"name":"Distribuidor Veragacha","highway":"trunk_link"},"geometry":{"type":"LineString","coordinates":[[-69.23895,10.08076],[-69.24127,10.0827],[-69.24417,10.08157]]}},{"type":"Feature","id":"way/265032195","properties":{"name":"Distribuidor Veragacha","highway":"trunk_link"},"geometry":{"type":"LineString","coordinates":[[-69.23905,10.08074],[-69.23891,10.08018]]}},{"type":"Feature","id":"way/265032196","properties":{"name":"Distribuidor Veragacha","highway":"trunk_link"},"geometry":{"type":"LineString","coordinates":[[-69.2388,10.0802],[-69.23895,10.08076]]}},{"type":"Feature","id":"way/265032197","properties":{"name":"Distribuidor Veragacha","highway":"trunk_link"},"geometry":{"type":"LineString","coordinates":[[-69.23891,10.08018],[-69.23818,10.07872],[-69.23693,10.07854],[-69.23478,10.08153],[-69.23304,10.08241]]}},{"type":"Feature","id":"way/265032198","properties":{"name":"Distribuidor Veragacha","highway":"trunk_link"},"geometry":{"type":"LineString","coordinates":[[-69.24536,10.08055],[-69.24207,10.08215],[-69.24185,10.08076],[-69.24392,10.07989]]}},{"type":"Feature","id":"way/265032199","properties":{"name":"Autopista Cimarr\u00f3n Andresote","highway":"trunk","ref":"T-1"},"geometry":{"type":"LineString","coordinates":[[-69.24117,10.0804],[-69.24145,10.08038]]}},{"type":"Feature","id":"way/265032201","properties":{"name":"Autopista Cimarr\u00f3n Andresote","highway":"trunk","ref":"T-1"},"geometry":{"type":"LineString","coordinates":[[-69.24392,10.07989],[-69.26088,10.06793]]}},{"type":"Feature","id":"way/265032202","properties":{"name":"Autopista Cimarr\u00f3n Andresote","highway":"trunk","ref":"T-1"},"geometry":{"type":"LineString","coordinates":[[-69.26073,10.06784],[-69.24596,10.07878],[-69.24258,10.08016]]}},{"type":"Feature","id":"way/269627017","properties":{"highway":"tertiary"},"geometry":{"type":"LineString","coordinates":[[-69.29835,10.09747],[-69.29089,10.10495]]}},{"type":"Feature","id":"way/269713991","properties":{"highway":"tertiary"},"geometry":{"type":"LineString","coordinates":[[-69.27828,10.01881],[-69.27836,10.02234]]}},{"type":"Feature","id":"way/269717425","properties":{"name":"Avenida Universidad","highway":"tertiary"},"geometry":{"type":"LineString","coordinates":[[-69.27224,10.01836],[-69.27826,10.01874]]}},{"type":"Feature","id":"way/270598869","properties":{"highway":"tertiary"},"geometry":{"type":"LineString","coordinates":[[-69.28887,10.07965],[-69.29045,10.07358]]}},{"type":"Feature","id":"way/271237484","properties":{"name":"Calle 9 Urbanizacion La Mata","highway":"tertiary"},"geometry":{"type":"LineString","coordinates":[[-69.26752,10.02022],[-69.26506,10.0197]]}},{"type":"Feature","id":"way/271246820","properties":{"name":"Avenida La Mata","highway":"tertiary"},"geometry":{"type":"LineString","coordinates":[[-69.25928,10.01735],[-69.25904,10.01846]]}},{"type":"Feature","id":"way/271285006","properties":{"name":"Avenida Libertador","highway":"primary","ref":"T-1;T-4"},"geometry":{"type":"LineString","coordinates":[[-69.35169,10.06985],[-69.34246,10.07526]]}},{"type":"Feature","id":"way/271285020","properties":{"name":"Calle 42","highway":"tertiary"},"geometry":{"type":"LineString","coordinates":[[-69.33334,10.07168],[-69.33414,10.08028]]}},{"type":"Feature","id":"way/271285022","properties":{"name":"Calle 42","highway":"tertiary"},"geometry":{"type":"LineString","coordinates":[[-69.33421,10.08025],[-69.33342,10.07167]]}},{"type":"Feature","id":"way/272575453","properties":{"name":"Carrera 4","highway":"tertiary"},"geometry":{"type":"LineString","coordinates":[[-69.29968,10.09665],[-69.30109,10.09767],[-69.30805,10.09589],[-69.31127,10.09643]]}},{"type":"Feature","id":"way/272813424","properties":{"name":"Av. principal SAN LORENZO","highway":"secondary"},"geometry":{"type":"LineString","coordinates":[[-69.31392,10.09407],[-69.31617,10.101],[-69.31784,10.10316],[-69.32115,10.10402],[-69.32473,10.10191],[-69.32823,10.10263]]}},{"type":"Feature","id":"way/272819514","properties":{"name":"avenida 2","highway":"tertiary"},"geometry":{"type":"LineString","coordinates":[[-69.32885,10.0953],[-69.32994,10.10013],[-69.32845,10.10052],[-69.32823,10.10263]]}},{"type":"Feature","id":"way/272855931","properties":{"highway":"tertiary"},"geometry":{"type":"LineString","coordinates":[[-69.29089,10.10495],[-69.28659,10.10208],[-69.2814,10.10344]]}},{"type":"Feature","id":"way/274670430","properties":{"name":"Calle 1","highway":"tertiary"},"geometry":{"type":"LineString","coordinates":[[-69.35157,10.08519],[-69.35076,10.08624]]}},{"type":"Feature","id":"way/274678978","properties":{"name":"V\u00eda a Carorita","highway":"tertiary","ref":"R-21"},"geometry":{"type":"LineString","coordinates":[[-69.33936,10.10954],[-69.34207,10.11701],[-69.34758,10.12117],[-69.34609,10.13619],[-69.34402,10.1402],[-69.34334,10.15425],[-69.34396,10.15623]]}},{"type":"Feature","id":"way/282309344","properties":{"name":"Avenida Ribere\u00f1a","highway":"primary","ref":"R-15"},"geometry":{"type":"LineString","coordinates":[[-69.34706,10.04133],[-69.34367,10.04559],[-69.34018,10.04768],[-69.33797,10.04781],[-69.33252,10.0531],[-69.32688,10.0547],[-69.32164,10.0578],[-69.31673,10.05725],[-69.31221,10.05933]]}},{"type":"Feature","id":"way/282309345","properties":{"name":"Avenida La Salle","highway":"tertiary"},"geometry":{"type":"LineString","coordinates":[[-69.35657,10.03675],[-69.3485,10.03934],[-69.34706,10.04133]]}},{"type":"Feature","id":"way/282367758","properties":{"name":"Calle 3","highway":"tertiary"},"geometry":{"type":"LineString","coordinates":[[-69.39756,10.04707],[-69.39596,10.04062]]}},{"type":"Feature","id":"way/282397500","properties":{"name":"Carrera 7","highway":"tertiary"},"geometry":{"type":"LineString","coordinates":[[-69.38426,10.03416],[-69.38799,10.0331]]}},{"type":"Feature","id":"way/282401230","properties":{"name":"Carrera 11","highway":"tertiary"},"geometry":{"type":"LineString","coordinates":[[-69.40236,10.02886],[-69.39851,10.03093],[-69.39565,10.03122]]}},{"type":"Feature","id":"way/282405802","properties":{"name":"Carrera 11","highway":"tertiary"},"geometry":{"type":"LineString","coordinates":[[-69.40236,10.02886],[-69.40695,10.02544],[-69.40829,10.02267],[-69.41308,10.02149],[-69.42044,10.02279],[-69.43755,10.01552]]}},{"type":"Feature","id":"way/282987264","properties":{"highway":"tertiary"},"geometry":{"type":"LineString","coordinates":[[-69.4287,10.03986],[-69.42665,10.03382],[-69.42252,10.02962],[-69.42071,10.02356],[-69.42125,10.02248]]}},{"type":"Feature","id":"way/283003093","properties":{"name":"Vereda 19","highway":"tertiary"},"geometry":{"type":"LineString","coordinates":[[-69.39399,10.03369],[-69.38885,10.03498]]}},{"type":"Feature","id":"way/283006082","properties":{"name":"Calle Jose Gregorio Hernandez","highway":"tertiary"},"geometry":{"type":"LineString","coordinates":[[-69.38404,10.03352],[-69.37846,10.03549]]}},{"type":"Feature","id":"way/283006636","properties":{"name":"AVENIDA PRINCIPAL JOSAE FELIX RIBAS","highway":"tertiary"},"geometry":{"type":"LineString","coordinates":[[-69.37282,10.03201],[-69.37803,10.03201]]}},{"type":"Feature","id":"way/283206647","properties":{"name":"V\u00eda a El Tostao","highway":"tertiary"},"geometry":{"type":"LineString","coordinates":[[-69.44209,10.03319],[-69.43663,10.02231],[-69.43813,10.01816],[-69.43755,10.01552]]}},{"type":"Feature","id":"way/283212256","properties":{"name":"Carrera 11","highway":"tertiary"},"geometry":{"type":"LineString","coordinates":[[-69.43755,10.01552],[-69.44237,10.01307],[-69.44581,10.01267],[-69.44866,10.01034]]}},{"type":"Feature","id":"way/283491618","properties":{"name":"Carretera Regional Barquisimeto - Buena Vista","highway":"secondary","ref":"L-4"},"geometry":{"type":"LineString","coordinates":[[-69.46474,10.02202],[-69.46187,10.0173],[-69.46026,10.00742],[-69.46098,9.99991],[-69.45973,9.99332],[-69.45955,9.9841],[-69.45733,9.97378],[-69.46054,9.97166],[-69.46124,9.9679],[-69.46066,9.96704],[-69.45983,9.96769],[-69.45854,9.96691],[-69.45768,9.96859],[-69.45076,9.97017],[-69.44696,9.96885],[-69.4448,9.96575],[-69.44656,9.96025],[-69.44348,9.95816],[-69.4419,9.95565],[-69.43924,9.95468],[-69.43788,9.95134],[-69.43966,9.95033],[-69.43901,9.94853],[-69.44064,9.94801],[-69.43962,9.94481],[-69.44121,9.94579],[-69.44483,9.94256],[-69.445,9.94017],[-69.44771,9.93783],[-69.45482,9.93675],[-69.45441,9.93302],[-69.45711,9.93066],[-69.45786,9.92629],[-69.4602,9.92512],[-69.46362,9.92499],[-69.46537,9.92178],[-69.46659,9.92157],[-69.46645,9.91918],[-69.46819,9.91988],[-69.46957,9.91924],[-69.46928,9.91757],[-69.46845,9.91821],[-69.46973,9.91668],[-69.46807,9.91487],[-69.46954,9.914],[-69.46784,9.91169],[-69.47318,9.908],[-69.47751,9.90209],[-69.48033,9.89979],[-69.47959,9.89642]]}},{"type":"Feature","id":"way/286076014","properties":{"name":"Vereda 21","highway":"tertiary"},"geometry":{"type":"LineString","coordinates":[[-69.39565,10.03122],[-69.39369,10.03252]]}},{"type":"Feature","id":"way/286090876","properties":{"name":"Avenida Los Cerrajones","highway":"tertiary"},"geometry":{"type":"LineString","coordinates":[[-69.37846,10.03549],[-69.37803,10.03201]]}},{"type":"Feature","id":"way/287078695","properties":{"name":"Avenida Prados del Norte","highway":"tertiary","ref":"R-21"},"geometry":{"type":"LineString","coordinates":[[-69.31621,10.15586],[-69.31777,10.15594],[-69.31851,10.1573],[-69.3346,10.16051],[-69.33624,10.16018],[-69.34036,10.15611],[-69.34396,10.15623]]}},{"type":"Feature","id":"way/287079496","properties":{"name":"V\u00eda a Uribana","highway":"tertiary"},"geometry":{"type":"LineString","coordinates":[[-69.34841,10.18403],[-69.34218,10.18158],[-69.34038,10.17759],[-69.33715,10.17588],[-69.3323,10.17514],[-69.32284,10.17681]]}},{"type":"Feature","id":"way/287080283","properties":{"name":"V\u00eda a La Fila","highway":"tertiary"},"geometry":{"type":"LineString","coordinates":[[-69.32381,10.18939],[-69.32752,10.19467],[-69.33527,10.20036]]}},{"type":"Feature","id":"way/287080287","properties":{"name":"V\u00eda a La Fila","highway":"tertiary"},"geometry":{"type":"LineString","coordinates":[[-69.32381,10.18939],[-69.31904,10.18785],[-69.31487,10.18777],[-69.30926,10.18917],[-69.30834,10.18859]]}},{"type":"Feature","id":"way/287639546","properties":{"name":"V\u00eda Principal de Las Tunitas","highway":"tertiary"},"geometry":{"type":"LineString","coordinates":[[-69.30042,10.15285],[-69.29615,10.15617],[-69.29596,10.15795],[-69.2937,10.1609],[-69.29124,10.16111],[-69.28739,10.16341],[-69.28788,10.17046],[-69.28377,10.17807]]}},{"type":"Feature","id":"way/288082023","properties":{"name":"Distribuidor Bellas Artes","highway":"primary_link"},"geometry":{"type":"LineString","coordinates":[[-69.28029,10.03821],[-69.28213,10.0383],[-69.28309,10.04021]]}},{"type":"Feature","id":"way/288082026","properties":{"name":"Avenida Lara","highway":"tertiary","ref":"T-4"},"geometry":{"type":"LineString","coordinates":[[-69.26659,10.06192],[-69.27382,10.06091],[-69.28544,10.06345]]}},{"type":"Feature","id":"way/288082028","properties":{"name":"Avenida La Mata","highway":"tertiary"},"geometry":{"type":"LineString","coordinates":[[-69.25904,10.01846],[-69.25868,10.01963]]}},{"type":"Feature","id":"way/288082029","properties":{"name":"Intercomunal Brqto-Cabudare","highway":"tertiary"},"geometry":{"type":"LineString","coordinates":[[-69.25596,10.03196],[-69.25603,10.03186]]}},{"type":"Feature","id":"way/288495521","properties":{"name":"Avenida 3","highway":"tertiary"},"geometry":{"type":"LineString","coordinates":[[-69.37282,10.03201],[-69.36984,10.03071]]}},{"type":"Feature","id":"way/289902638","properties":{"name":"Eje Agr\u00edcola Las Playitas","highway":"tertiary","ref":"R-23"},"geometry":{"type":"LineString","coordinates":[[-69.28698,10.22773],[-69.30311,10.2502],[-69.31482,10.25328],[-69.32334,10.25687],[-69.32573,10.25667]]}},{"type":"Feature","id":"way/289902712","properties":{"highway":"tertiary","ref":"R-17"},"geometry":{"type":"LineString","coordinates":[[-69.18967,10.26478],[-69.19262,10.26714]]}},{"type":"Feature","id":"way/289906453","properties":{"name":"V\u00eda a Tacarig\u00fcita","highway":"tertiary"},"geometry":{"type":"LineString","coordinates":[[-69.26783,10.23798],[-69.27095,10.2424]]}},{"type":"Feature","id":"way/289909170","properties":{"name":"Avenida Principal de El Cercado","highway":"tertiary"},"geometry":{"type":"LineString","coordinates":[[-69.25102,10.10955],[-69.24743,10.11711]]}},{"type":"Feature","id":"way/290009735","properties":{"name":"Carretera Vieja","highway":"tertiary","ref":"R-18"},"geometry":{"type":"LineString","coordinates":[[-69.17854,10.27435],[-69.16496,10.28082]]}},{"type":"Feature","id":"way/290013389","properties":{"name":"calle 1","highway":"tertiary","ref":"R-18"},"geometry":{"type":"LineString","coordinates":[[-69.15187,10.28237],[-69.15239,10.2849]]}},{"type":"Feature","id":"way/291935830","properties":{"name":"Carretera El Toro - Nonavana","highway":"secondary","ref":"R-17"},"geometry":{"type":"LineString","coordinates":[[-69.18693,10.24335],[-69.18654,10.23798],[-69.18828,10.23138],[-69.1837,10.22793],[-69.18148,10.22477],[-69.18183,10.22126],[-69.18032,10.21863],[-69.18055,10.21448],[-69.18161,10.21251],[-69.18318,10.21228],[-69.1839,10.21038],[-69.18634,10.20862],[-69.19024,10.20734],[-69.19275,10.20357],[-69.18971,10.19569],[-69.18751,10.19439],[-69.18518,10.18509],[-69.18561,10.18177],[-69.18806,10.18095]]}},{"type":"Feature","id":"way/293251927","properties":{"name":"Avenida Universidad","highway":"tertiary"},"geometry":{"type":"LineString","coordinates":[[-69.27172,10.0183],[-69.26787,10.01901]]}},{"type":"Feature","id":"way/297391493","properties":{"name":"Redoma de Agua Viva, Avenida Ribere\u00f1a","highway":"tertiary","ref":"R-14"},"geometry":{"type":"LineString","coordinates":[[-69.27936,10.02336],[-69.27948,10.02225],[-69.27845,10.02224],[-69.2784,10.02322],[-69.27936,10.02336]]}},{"type":"Feature","id":"way/306914946","properties":{"name":"Retorno","highway":"primary_link"},"geometry":{"type":"LineString","coordinates":[[-69.32718,10.05493],[-69.32669,10.05479]]}},{"type":"Feature","id":"way/306931600","properties":{"name":"Distribuidor La Feria","highway":"primary_link"},"geometry":{"type":"LineString","coordinates":[[-69.30225,10.06058],[-69.30289,10.06042]]}},{"type":"Feature","id":"way/306936200","properties":{"name":"Retorno","highway":"primary_link"},"geometry":{"type":"LineString","coordinates":[[-69.32781,10.05443],[-69.32813,10.05465]]}},{"type":"Feature","id":"way/307225875","properties":{"name":"Distribuidor Valle Hondo","highway":"trunk_link"},"geometry":{"type":"LineString","coordinates":[[-69.26292,10.04076],[-69.26308,10.04127]]}},{"type":"Feature","id":"way/307225876","properties":{"name":"Distribuidor Valle Hondo","highway":"trunk_link"},"geometry":{"type":"LineString","coordinates":[[-69.26292,10.04076],[-69.25986,10.0409]]}},{"type":"Feature","id":"way/307225877","properties":{"name":"Distribuidor Valle Hondo","highway":"trunk_link"},"geometry":{"type":"LineString","coordinates":[[-69.26002,10.04171],[-69.26298,10.04138],[-69.2642,10.04018]]}},{"type":"Feature","id":"way/307225878","properties":{"name":"Distribuidor Valle Hondo","highway":"trunk_link"},"geometry":{"type":"LineString","coordinates":[[-69.26192,10.04119],[-69.26308,10.04127],[-69.2634,10.04024]]}},{"type":"Feature","id":"way/307284545","properties":{"highway":"primary_link"},"geometry":{"type":"LineString","coordinates":[[-69.32813,10.05465],[-69.32847,10.05491]]}},{"type":"Feature","id":"way/307421911","properties":{"highway":"primary_link"},"geometry":{"type":"LineString","coordinates":[[-69.32901,10.05479],[-69.32969,10.0545]]}},{"type":"Feature","id":"way/309925871","properties":{"name":"V\u00eda a Sabana Grande","highway":"secondary","ref":"R-36"},"geometry":{"type":"LineString","coordinates":[[-69.86608,9.59119],[-69.85987,9.59262],[-69.85873,9.59157],[-69.85991,9.59107],[-69.86068,9.58881],[-69.85879,9.58879]]}},{"type":"Feature","id":"way/310300299","properties":{"name":"Avenida Ribere\u00f1a","highway":"primary","ref":"R-15"},"geometry":{"type":"LineString","coordinates":[[-69.31226,10.0594],[-69.31671,10.05736],[-69.3217,10.05792],[-69.32621,10.05527],[-69.3319,10.05351],[-69.3378,10.04804],[-69.34047,10.04767],[-69.34375,10.04566],[-69.34719,10.04137]]}},{"type":"Feature","id":"way/310300312","properties":{"name":"Avenida Ribere\u00f1a","highway":"primary","ref":"R-15"},"geometry":{"type":"LineString","coordinates":[[-69.31154,10.05969],[-69.30772,10.06058],[-69.2998,10.05956],[-69.2936,10.05599]]}},{"type":"Feature","id":"way/310300320","properties":{"name":"Avenida Ribere\u00f1a","highway":"primary","ref":"R-15"},"geometry":{"type":"LineString","coordinates":[[-69.31158,10.05975],[-69.31226,10.0594]]}},{"type":"Feature","id":"way/310300322","properties":{"name":"Avenida Ribere\u00f1a","highway":"primary","ref":"R-15"},"geometry":{"type":"LineString","coordinates":[[-69.31221,10.05933],[-69.31154,10.05969]]}},{"type":"Feature","id":"way/310300328","properties":{"name":"Distribuidor Macuto","highway":"primary","ref":"L-4"},"geometry":{"type":"LineString","coordinates":[[-69.3159,10.05757],[-69.31175,10.05926]]}},{"type":"Feature","id":"way/310300331","properties":{"name":"Distribuidor Macuto","highway":"primary_link"},"geometry":{"type":"LineString","coordinates":[[-69.31224,10.05961],[-69.31564,10.05742]]}},{"type":"Feature","id":"way/310417801","properties":{"name":"Distribuidor Macuto","highway":"primary_link"},"geometry":{"type":"LineString","coordinates":[[-69.31166,10.05992],[-69.31218,10.06014]]}},{"type":"Feature","id":"way/311824552","properties":{"name":"Avenida Venezuela","highway":"primary","ref":"T-1"},"geometry":{"type":"LineString","coordinates":[[-69.26457,10.06543],[-69.26417,10.06556]]}},{"type":"Feature","id":"way/311824553","properties":{"name":"Avenida Venezuela","highway":"primary","ref":"T-1;T-4"},"geometry":{"type":"LineString","coordinates":[[-69.26419,10.06566],[-69.26459,10.06554]]}},{"type":"Feature","id":"way/311824554","properties":{"name":"Avenida Venezuela","highway":"primary","ref":"T-1"},"geometry":{"type":"LineString","coordinates":[[-69.26417,10.06556],[-69.26225,10.06673]]}},{"type":"Feature","id":"way/311824555","properties":{"name":"Avenida Venezuela","highway":"primary","ref":"T-1;T-4"},"geometry":{"type":"LineString","coordinates":[[-69.26459,10.06554],[-69.26717,10.06616],[-69.27154,10.07188],[-69.27871,10.07217]]}},{"type":"Feature","id":"way/315087451","properties":{"name":"Avenida Las Industrias","highway":"primary","ref":"T-4"},"geometry":{"type":"LineString","coordinates":[[-69.39359,10.07883],[-69.37875,10.07395]]}},{"type":"Feature","id":"way/316795555","properties":{"name":"Avenida Hernan Garmendia","highway":"secondary"},"geometry":{"type":"LineString","coordinates":[[-69.27697,10.08296],[-69.27632,10.08335]]}},{"type":"Feature","id":"way/316795556","properties":{"name":"Avenida Hernan Garmendia","highway":"secondary"},"geometry":{"type":"LineString","coordinates":[[-69.2776,10.08257],[-69.27697,10.08296]]}},{"type":"Feature","id":"way/316795557","properties":{"name":"Avenida Hernan Garmendia","highway":"secondary"},"geometry":{"type":"LineString","coordinates":[[-69.27768,10.08261],[-69.27882,10.08192]]}},{"type":"Feature","id":"way/316795558","properties":{"name":"Avenida Hernan Garmendia","highway":"secondary"},"geometry":{"type":"LineString","coordinates":[[-69.27703,10.083],[-69.27768,10.08261]]}},{"type":"Feature","id":"way/318387789","properties":{"name":"Distribuidor San Francisco","highway":"trunk_link"},"geometry":{"type":"LineString","coordinates":[[-69.41977,10.04314],[-69.41993,10.04359]]}},{"type":"Feature","id":"way/318387793","properties":{"name":"Distribuidor San Francisco","highway":"trunk_link"},"geometry":{"type":"LineString","coordinates":[[-69.41999,10.04358],[-69.41983,10.04312]]}},{"type":"Feature","id":"way/318387795","properties":{"name":"Distribuidor San Francisco","highway":"trunk_link"},"geometry":{"type":"LineString","coordinates":[[-69.41983,10.04312],[-69.41877,10.04214],[-69.4175,10.04426]]}},{"type":"Feature","id":"way/318393508","properties":{"highway":"tertiary"},"geometry":{"type":"LineString","coordinates":[[-69.45415,10.01355],[-69.46138,10.01431]]}},{"type":"Feature","id":"way/318393522","properties":{"highway":"tertiary"},"geometry":{"type":"LineString","coordinates":[[-69.46138,10.01426],[-69.45415,10.01355]]}},{"type":"Feature","id":"way/329708502","properties":{"name":"Distribuidor Macuto","highway":"primary_link"},"geometry":{"type":"LineString","coordinates":[[-69.3159,10.05757],[-69.31565,10.05747]]}},{"type":"Feature","id":"way/329708504","properties":{"name":"V\u00eda Principal de El Manzano","highway":"primary","ref":"L-4"},"geometry":{"type":"LineString","coordinates":[[-69.31587,10.05585],[-69.31565,10.05741]]}},{"type":"Feature","id":"way/338009138","properties":{"highway":"tertiary"},"geometry":{"type":"LineString","coordinates":[[-69.39756,10.04707],[-69.39756,10.04719]]}},{"type":"Feature","id":"way/339800518","properties":{"name":"Avenida Intercomunal Barquisimeto - Tamaca","highway":"primary","ref":"L-3"},"geometry":{"type":"LineString","coordinates":[[-69.31423,10.08989],[-69.31411,10.0903]]}},{"type":"Feature","id":"way/339800521","properties":{"name":"Avenida Intercomunal Barquisimeto - Tamaca","highway":"primary","ref":"L-3"},"geometry":{"type":"LineString","coordinates":[[-69.31422,10.09034],[-69.31435,10.08992]]}},{"type":"Feature","id":"way/339800528","properties":{"name":"Avenida Intercomunal Barquisimeto - Tamaca","highway":"primary","ref":"L-3"},"geometry":{"type":"LineString","coordinates":[[-69.31435,10.08992],[-69.31479,10.08411]]}},{"type":"Feature","id":"way/339800544","properties":{"name":"Avenida Intercomunal Barquisimeto - Tamaca","highway":"primary","ref":"L-3"},"geometry":{"type":"LineString","coordinates":[[-69.31411,10.0903],[-69.30993,10.10376]]}},{"type":"Feature","id":"way/339800549","properties":{"name":"Calle 6","highway":"tertiary","ref":"R-21"},"geometry":{"type":"LineString","coordinates":[[-69.32922,10.0926],[-69.32929,10.09297]]}},{"type":"Feature","id":"way/339800558","properties":{"name":"Calle 6","highway":"tertiary","ref":"R-21"},"geometry":{"type":"LineString","coordinates":[[-69.334,10.09979],[-69.33132,10.09727]]}},{"type":"Feature","id":"way/339859408","properties":{"name":"Avenida Uruguay","highway":"secondary","ref":"L-4"},"geometry":{"type":"LineString","coordinates":[[-69.30879,10.06235],[-69.3123,10.06101],[-69.31211,10.05969]]}},{"type":"Feature","id":"way/339859410","properties":{"name":"Avenida Vargas","highway":"secondary","ref":"L-4"},"geometry":{"type":"LineString","coordinates":[[-69.30868,10.06235],[-69.30999,10.0763]]}},{"type":"Feature","id":"way/342499096","properties":{"name":"Distribuidor La Feria","highway":"primary_link"},"geometry":{"type":"LineString","coordinates":[[-69.29799,10.05888],[-69.30208,10.06039]]}},{"type":"Feature","id":"way/342503106","properties":{"name":"Distribuidor La Feria","highway":"primary_link"},"geometry":{"type":"LineString","coordinates":[[-69.30296,10.06035],[-69.30334,10.05986]]}},{"type":"Feature","id":"way/343534094","properties":{"name":"Avenida Uruguay","highway":"secondary","ref":"L-4"},"geometry":{"type":"LineString","coordinates":[[-69.31211,10.05969],[-69.31196,10.0594]]}},{"type":"Feature","id":"way/343534096","properties":{"name":"Avenida Uruguay","highway":"secondary","ref":"L-4"},"geometry":{"type":"LineString","coordinates":[[-69.31175,10.05926],[-69.31203,10.05972]]}},{"type":"Feature","id":"way/344105405","properties":{"name":"Avenida Florencio Jim\u00e9nez","highway":"secondary","ref":"T-7"},"geometry":{"type":"LineString","coordinates":[[-69.61718,9.92579],[-69.60574,9.93094]]}},{"type":"Feature","id":"way/344105406","properties":{"highway":"primary_link"},"geometry":{"type":"LineString","coordinates":[[-69.60559,9.93034],[-69.60512,9.93119]]}},{"type":"Feature","id":"way/344105407","properties":{"name":"Avenida Perimetral Sur","highway":"primary","ref":"T-7"},"geometry":{"type":"LineString","coordinates":[[-69.60755,9.91441],[-69.60641,9.91575],[-69.60532,9.9249],[-69.60566,9.9311]]}},{"type":"Feature","id":"way/344105408","properties":{"name":"Avenida Perimetral Sur","highway":"primary","ref":"T-7"},"geometry":{"type":"LineString","coordinates":[[-69.60575,9.93106],[-69.60538,9.92494],[-69.60645,9.91587],[-69.60762,9.91468]]}},{"type":"Feature","id":"way/344105409","properties":{"highway":"primary_link"},"geometry":{"type":"LineString","coordinates":[[-69.60653,9.93059],[-69.60569,9.93052]]}},{"type":"Feature","id":"way/344105410","properties":{"name":"Redoma de La Tinaja","highway":"primary","ref":"T-7;R-11"},"geometry":{"type":"LineString","coordinates":[[-69.60759,9.91435],[-69.60759,9.91435]]}},{"type":"Feature","id":"way/344105411","properties":{"name":"Carretera Quibor - Cubiro","highway":"secondary","ref":"R-11"},"geometry":{"type":"LineString","coordinates":[[-69.60776,9.91388],[-69.60759,9.91435]]}},{"type":"Feature","id":"way/344105412","properties":{"name":"Carretera Quibor - Cubiro","highway":"secondary","ref":"R-11"},"geometry":{"type":"LineString","coordinates":[[-69.6079,9.91434],[-69.60776,9.91388]]}},{"type":"Feature","id":"way/344106706","properties":{"name":"Avenida Perimetral Sur","highway":"primary","ref":"T-7"},"geometry":{"type":"LineString","coordinates":[[-69.62276,9.91249],[-69.62989,9.90976],[-69.63261,9.91152]]}},{"type":"Feature","id":"way/344106707","properties":{"name":"Avenida Perimetral Sur","highway":"primary","ref":"T-7"},"geometry":{"type":"LineString","coordinates":[[-69.62238,9.91241],[-69.60792,9.91436]]}},{"type":"Feature","id":"way/344106708","properties":{"name":"Avenida Perimetral Sur","highway":"primary","ref":"T-7"},"geometry":{"type":"LineString","coordinates":[[-69.60795,9.91462],[-69.62247,9.91261]]}},{"type":"Feature","id":"way/351671796","properties":{"name":"Avenida 7","highway":"secondary","ref":"T-7"},"geometry":{"type":"LineString","coordinates":[[-69.61722,9.9259],[-69.62534,9.9244]]}},{"type":"Feature","id":"way/351671859","properties":{"highway":"tertiary"},"geometry":{"type":"LineString","coordinates":[[-69.63079,9.9296],[-69.62781,9.92498]]}},{"type":"Feature","id":"way/351683752","properties":{"name":"Carretera Regional Quibor - Sanare","highway":"primary","ref":"L-1"},"geometry":{"type":"LineString","coordinates":[[-69.62252,9.91184],[-69.62244,9.91231]]}},{"type":"Feature","id":"way/351683758","properties":{"name":"Retorno de Auyamal","highway":"trunk_link","ref":"T-1"},"geometry":{"type":"LineString","coordinates":[[-69.51624,9.99687],[-69.51698,9.99579],[-69.5152,9.99663]]}},{"type":"Feature","id":"way/351683782","properties":{"name":"Retorno","highway":"trunk_link","ref":"T-1"},"geometry":{"type":"LineString","coordinates":[[-69.48631,10.0118],[-69.48731,10.01056],[-69.48508,10.01177]]}},{"type":"Feature","id":"way/351683784","properties":{"name":"Carretera Regional Quibor - Sanare","highway":"primary","ref":"L-1"},"geometry":{"type":"LineString","coordinates":[[-69.62265,9.91227],[-69.62252,9.91184]]}},{"type":"Feature","id":"way/351683802","properties":{"name":"Avenida 6","highway":"secondary","ref":"T-7"},"geometry":{"type":"LineString","coordinates":[[-69.62742,9.92032],[-69.61718,9.92579]]}},{"type":"Feature","id":"way/351683805","properties":{"highway":"secondary","ref":"T-7"},"geometry":{"type":"LineString","coordinates":[[-69.62534,9.9244],[-69.62742,9.92032]]}},{"type":"Feature","id":"way/351683821","properties":{"highway":"trunk_link"},"geometry":{"type":"LineString","coordinates":[[-69.53299,9.98858],[-69.53399,9.98868]]}},{"type":"Feature","id":"way/351683843","properties":{"name":"Avenida Perimetral Sur","highway":"primary","ref":"T-7"},"geometry":{"type":"LineString","coordinates":[[-69.63345,9.91103],[-69.63265,9.91144],[-69.62992,9.90967],[-69.6227,9.9123]]}},{"type":"Feature","id":"way/351683860","properties":{"name":"Retorno","highway":"trunk_link","ref":"T-1"},"geometry":{"type":"LineString","coordinates":[[-69.48911,10.00976],[-69.48764,10.01067],[-69.48943,10.01027]]}},{"type":"Feature","id":"way/351683864","properties":{"name":"Retorno de La Fe","highway":"trunk_link","ref":"T-1"},"geometry":{"type":"LineString","coordinates":[[-69.53618,9.98695],[-69.53735,9.98582],[-69.53553,9.9866]]}},{"type":"Feature","id":"way/351683874","properties":{"name":"Retorno","highway":"primary_link","ref":"T-7"},"geometry":{"type":"LineString","coordinates":[[-69.5667,9.96082],[-69.5652,9.96261],[-69.56647,9.96203]]}},{"type":"Feature","id":"way/351683890","properties":{"highway":"trunk_link"},"geometry":{"type":"LineString","coordinates":[[-69.53399,9.98868],[-69.53436,9.98788]]}},{"type":"Feature","id":"way/351683908","properties":{"name":"Carretera Quibor - Cubiro","highway":"secondary","ref":"R-11"},"geometry":{"type":"LineString","coordinates":[[-69.5865,9.7935],[-69.58721,9.79524],[-69.58559,9.79696],[-69.58654,9.79683],[-69.58815,9.79965],[-69.58988,9.79964],[-69.58897,9.80027],[-69.5897,9.80111],[-69.58903,9.80332],[-69.58717,9.80324],[-69.58728,9.80445],[-69.58998,9.80421],[-69.58859,9.80817],[-69.59099,9.80785],[-69.59266,9.80871],[-69.58963,9.81482],[-69.58982,9.81605],[-69.5916,9.81576],[-69.59113,9.81998],[-69.59233,9.82545],[-69.5917,9.8275],[-69.59336,9.82841],[-69.59354,9.83156],[-69.59335,9.83819],[-69.59052,9.8444],[-69.59298,9.84491],[-69.59336,9.84407],[-69.59673,9.84409],[-69.59771,9.84325],[-69.59832,9.84497],[-69.59993,9.84422],[-69.60031,9.84758],[-69.6031,9.84738],[-69.60365,9.85015],[-69.60887,9.85892],[-69.60728,9.86878],[-69.60567,9.87269],[-69.60701,9.88115],[-69.606,9.88601],[-69.60724,9.8888],[-69.60592,9.9046],[-69.60776,9.91388]]}},{"type":"Feature","id":"way/357555549","properties":{"name":"Avenida Florencio Jim\u00e9nez","highway":"primary","ref":"T-1"},"geometry":{"type":"LineString","coordinates":[[-69.42016,10.04319],[-69.41499,10.04499],[-69.38841,10.04841],[-69.35891,10.06553]]}},{"type":"Feature","id":"way/360563993","properties":{"name":"Carretera Nacional Falc\u00f3n - Lara","highway":"trunk_link"},"geometry":{"type":"LineString","coordinates":[[-69.44352,10.10586],[-69.44379,10.1065]]}},{"type":"Feature","id":"way/360563995","properties":{"highway":"trunk_link"},"geometry":{"type":"LineString","coordinates":[[-69.44377,10.10668],[-69.44431,10.10625]]}},{"type":"Feature","id":"way/365091590","properties":{"highway":"primary_link"},"geometry":{"type":"LineString","coordinates":[[-69.57163,9.956],[-69.57019,9.95599]]}},{"type":"Feature","id":"way/365091592","properties":{"highway":"primary_link"},"geometry":{"type":"LineString","coordinates":[[-69.57031,9.95632],[-69.56992,9.95771]]}},{"type":"Feature","id":"way/365091595","properties":{"name":"Carretera Regional Quibor - San Miguel","highway":"secondary","ref":"L-4"},"geometry":{"type":"LineString","coordinates":[[-69.57068,9.95715],[-69.57059,9.95706]]}},{"type":"Feature","id":"way/365209638","properties":{"name":"Autopista Cimarr\u00f3n Andresote","highway":"trunk","ref":"T-1"},"geometry":{"type":"LineString","coordinates":[[-69.24119,10.08032],[-69.2309,10.08297],[-69.21095,10.09128],[-69.20421,10.09141]]}},{"type":"Feature","id":"way/365211284","properties":{"name":"Avenida Venezuela","highway":"primary","ref":"T-1"},"geometry":{"type":"LineString","coordinates":[[-69.26803,10.06693],[-69.26649,10.06552],[-69.26457,10.06543]]}},{"type":"Feature","id":"way/365211286","properties":{"name":"Avenida Venezuela","highway":"primary","ref":"T-1;T-4"},"geometry":{"type":"LineString","coordinates":[[-69.27943,10.07186],[-69.27188,10.07189],[-69.26998,10.07055],[-69.26803,10.06693]]}},{"type":"Feature","id":"way/365211288","properties":{"name":"Avenida Venezuela","highway":"tertiary"},"geometry":{"type":"LineString","coordinates":[[-69.28355,10.07296],[-69.29951,10.07429],[-69.30984,10.07353]]}},{"type":"Feature","id":"way/365211289","properties":{"name":"Intercomunal Barquisimeto Cabudare","highway":"trunk","ref":"T-4"},"geometry":{"type":"LineString","coordinates":[[-69.26507,10.06372],[-69.26645,10.062]]}},{"type":"Feature","id":"way/365211290","properties":{"highway":"primary_link"},"geometry":{"type":"LineString","coordinates":[[-69.27943,10.07186],[-69.27922,10.0723]]}},{"type":"Feature","id":"way/365221099","properties":{"name":"Autopista Cimarr\u00f3n Andresote","highway":"trunk","ref":"T-1"},"geometry":{"type":"LineString","coordinates":[[-69.24148,10.0803],[-69.24119,10.08032]]}},{"type":"Feature","id":"way/365221105","properties":{"name":"Distribuidor Veragacha","highway":"trunk_link"},"geometry":{"type":"LineString","coordinates":[[-69.23368,10.08229],[-69.2378,10.08123],[-69.2416,10.08283],[-69.24417,10.08157]]}},{"type":"Feature","id":"way/365221106","properties":{"name":"Distribuidor Veragacha","highway":"trunk_link"},"geometry":{"type":"LineString","coordinates":[[-69.23989,10.08202],[-69.23987,10.08105],[-69.24094,10.08095]]}},{"type":"Feature","id":"way/370984897","properties":{"name":"Avenida Hernan Garmendia","highway":"secondary"},"geometry":{"type":"LineString","coordinates":[[-69.27632,10.08335],[-69.26662,10.08802]]}},{"type":"Feature","id":"way/370984899","properties":{"name":"Avenida Hernan Garmendia","highway":"secondary"},"geometry":{"type":"LineString","coordinates":[[-69.27602,10.08363],[-69.27703,10.083]]}},{"type":"Feature","id":"way/370984902","properties":{"name":"Calle 42","highway":"tertiary"},"geometry":{"type":"LineString","coordinates":[[-69.33285,10.06558],[-69.33282,10.06572]]}},{"type":"Feature","id":"way/370984905","properties":{"name":"Avenida Ribere\u00f1a","highway":"tertiary","ref":"R-14"},"geometry":{"type":"LineString","coordinates":[[-69.28205,10.03742],[-69.28309,10.04021]]}},{"type":"Feature","id":"way/370984907","properties":{"name":"Avenida Ribere\u00f1a","highway":"tertiary","ref":"R-14"},"geometry":{"type":"LineString","coordinates":[[-69.28395,10.04124],[-69.28148,10.03519],[-69.27936,10.02336]]}},{"type":"Feature","id":"way/370984915","properties":{"name":"Avenida Uruguay","highway":"secondary","ref":"L-4"},"geometry":{"type":"LineString","coordinates":[[-69.31203,10.05972],[-69.31212,10.06106],[-69.30868,10.06235]]}},{"type":"Feature","id":"way/370984924","properties":{"name":"Avenida Vargas","highway":"secondary","ref":"L-4"},"geometry":{"type":"LineString","coordinates":[[-69.31009,10.07628],[-69.30879,10.06235]]}},{"type":"Feature","id":"way/370984930","properties":{"name":"Avenida Vargas","highway":"secondary","ref":"L-4"},"geometry":{"type":"LineString","coordinates":[[-69.31005,10.07667],[-69.31029,10.07952],[-69.30935,10.08055]]}},{"type":"Feature","id":"way/370984931","properties":{"name":"Calle 16","highway":"secondary","ref":"L-4"},"geometry":{"type":"LineString","coordinates":[[-69.30935,10.08055],[-69.30943,10.08282]]}},{"type":"Feature","id":"way/370984956","properties":{"name":"Carrera 19","highway":"tertiary"},"geometry":{"type":"LineString","coordinates":[[-69.33277,10.06473],[-69.32248,10.06556]]}},{"type":"Feature","id":"way/370984965","properties":{"name":"Avenida Universidad","highway":"tertiary"},"geometry":{"type":"LineString","coordinates":[[-69.27837,10.01844],[-69.27214,10.01828]]}},{"type":"Feature","id":"way/370984979","properties":{"name":"carrera 33","highway":"secondary"},"geometry":{"type":"LineString","coordinates":[[-69.31022,10.08052],[-69.31051,10.08033]]}},{"type":"Feature","id":"way/370984990","properties":{"highway":"tertiary"},"geometry":{"type":"LineString","coordinates":[[-69.27868,10.01886],[-69.27868,10.01886]]}},{"type":"Feature","id":"way/370984996","properties":{"name":"Avenida Universidad","highway":"tertiary"},"geometry":{"type":"LineString","coordinates":[[-69.27214,10.01828],[-69.27172,10.0183]]}},{"type":"Feature","id":"way/370985022","properties":{"highway":"tertiary"},"geometry":{"type":"LineString","coordinates":[[-69.2788,10.02206],[-69.27856,10.01893]]}},{"type":"Feature","id":"way/370990569","properties":{"name":"Avenida Rotaria","highway":"primary","ref":"R-15"},"geometry":{"type":"LineString","coordinates":[[-69.34445,10.04718],[-69.35208,10.04601],[-69.35269,10.04814]]}},{"type":"Feature","id":"way/374598836","properties":{"name":"Avenida Circunvalaci\u00f3n Norte","highway":"trunk","ref":"T-1"},"geometry":{"type":"LineString","coordinates":[[-69.24417,10.08157],[-69.24754,10.07963],[-69.25438,10.07856],[-69.25809,10.0792],[-69.26358,10.08402],[-69.26543,10.0883]]}},{"type":"Feature","id":"way/374598838","properties":{"name":"Avenida Circunvalaci\u00f3n Norte","highway":"trunk","ref":"T-1"},"geometry":{"type":"LineString","coordinates":[[-69.37297,10.0981],[-69.36897,10.09983],[-69.35868,10.10067],[-69.35522,10.09941],[-69.34946,10.09498],[-69.34435,10.09442],[-69.33965,10.09668],[-69.3351,10.10265]]}},{"type":"Feature","id":"way/374598841","properties":{"name":"Distribuidor San Francisco","highway":"trunk_link"},"geometry":{"type":"LineString","coordinates":[[-69.41938,10.04837],[-69.41999,10.04358]]}},{"type":"Feature","id":"way/374598842","properties":{"name":"Avenida Circunvalaci\u00f3n Norte","highway":"trunk","ref":"T-1"},"geometry":{"type":"LineString","coordinates":[[-69.39982,10.07366],[-69.40238,10.0697],[-69.40301,10.0628],[-69.40539,10.05812],[-69.40805,10.05588],[-69.41681,10.05153]]}},{"type":"Feature","id":"way/374607803","properties":{"name":"Carretera Nacional Falc\u00f3n - Lara","highway":"trunk","ref":"T-4"},"geometry":{"type":"LineString","coordinates":[[-69.44386,10.10595],[-69.44317,10.11106],[-69.44532,10.11386],[-69.44999,10.13853],[-69.45297,10.14197],[-69.4572,10.14293],[-69.45891,10.14586],[-69.46327,10.14821],[-69.46674,10.1522],[-69.4676,10.16043],[-69.46655,10.16293],[-69.46812,10.16763],[-69.46572,10.17608],[-69.46701,10.1793],[-69.4704,10.18179],[-69.47123,10.18644],[-69.47058,10.1889],[-69.47427,10.1911],[-69.4769,10.19856],[-69.47756,10.20461],[-69.48087,10.20668],[-69.48138,10.21167],[-69.48057,10.21465],[-69.482,10.21666],[-69.48221,10.22059],[-69.48491,10.22569],[-69.48243,10.24078],[-69.47719,10.25362]]}},{"type":"Feature","id":"way/374607805","properties":{"name":"Distribuidor Moyetones","highway":"trunk_link"},"geometry":{"type":"LineString","coordinates":[[-69.39396,10.07976],[-69.39616,10.07887]]}},{"type":"Feature","id":"way/377988843","properties":{"name":"Redoma de la Divina Pastora","highway":"trunk","ref":"T-4"},"geometry":{"type":"LineString","coordinates":[[-69.26645,10.062],[-69.26659,10.06192]]}},{"type":"Feature","id":"way/377988851","properties":{"name":"Intercomunal Barquisimeto - Cabudare","highway":"trunk","ref":"T-4"},"geometry":{"type":"LineString","coordinates":[[-69.26584,10.06168],[-69.26481,10.06384]]}},{"type":"Feature","id":"way/378448120","properties":{"name":"Avenida Principal de Agua Viva","highway":"tertiary","ref":"R-14"},"geometry":{"type":"LineString","coordinates":[[-69.27963,10.02304],[-69.28013,10.02269]]}},{"type":"Feature","id":"way/379566295","properties":{"name":"Avenida Florencio Jim\u00e9nez","highway":"trunk","ref":"T-1"},"geometry":{"type":"LineString","coordinates":[[-69.4202,10.04331],[-69.4249,10.04149]]}},{"type":"Feature","id":"way/380849367","properties":{"name":"Carretera Barbacoas - San Pedro","highway":"secondary","ref":"R-5"},"geometry":{"type":"LineString","coordinates":[[-70.08138,9.86197],[-70.07826,9.86357],[-70.07546,9.86186],[-70.07362,9.86238],[-70.07188,9.86604],[-70.06934,9.86779],[-70.07007,9.86556],[-70.06927,9.86472],[-70.06702,9.86655],[-70.06526,9.86521],[-70.06321,9.86703],[-70.06383,9.86402],[-70.06009,9.86529],[-70.06079,9.86296],[-70.06433,9.86022],[-70.06157,9.85961],[-70.06248,9.85836],[-70.06151,9.858],[-70.05764,9.85889],[-70.05818,9.85781],[-70.0552,9.85446],[-70.05609,9.85328],[-70.0546,9.85031],[-70.05521,9.84671],[-70.05302,9.84839],[-70.05165,9.84722],[-70.05282,9.84372],[-70.05193,9.84037],[-70.05395,9.83757],[-70.05345,9.83557],[-70.05465,9.83284],[-70.05425,9.83152],[-70.05118,9.83175],[-70.05226,9.82905]]}},{"type":"Feature","id":"way/387210087","properties":{"name":"Avenida Libertador","highway":"primary","ref":"T-1;T-4"},"geometry":{"type":"LineString","coordinates":[[-69.31468,10.08397],[-69.30295,10.0812],[-69.28454,10.07846]]}},{"type":"Feature","id":"way/404524779","properties":{"name":"Avenida El Placer","highway":"primary","ref":"R-15"},"geometry":{"type":"LineString","coordinates":[[-69.25994,10.04036],[-69.25941,10.04038]]}},{"type":"Feature","id":"way/404524780","properties":{"name":"Avenida El Placer","highway":"primary","ref":"R-15"},"geometry":{"type":"LineString","coordinates":[[-69.25941,10.04047],[-69.25994,10.04044]]}},{"type":"Feature","id":"way/404524787","properties":{"name":"Avenida El Placer","highway":"primary","ref":"R-15"},"geometry":{"type":"LineString","coordinates":[[-69.25994,10.04044],[-69.26331,10.04025]]}},{"type":"Feature","id":"way/404524790","properties":{"name":"Distribuidor Polideportivo","highway":"trunk_link"},"geometry":{"type":"LineString","coordinates":[[-69.21577,9.99023],[-69.21466,9.98987],[-69.21561,9.98979]]}},{"type":"Feature","id":"way/404524793","properties":{"name":"Distribuidor Polideportivo","highway":"trunk_link"},"geometry":{"type":"LineString","coordinates":[[-69.21578,9.99028],[-69.21611,9.99016]]}},{"type":"Feature","id":"way/404524795","properties":{"name":"Distribuidor Polideportivo","highway":"trunk_link"},"geometry":{"type":"LineString","coordinates":[[-69.21609,9.99011],[-69.21577,9.99023]]}},{"type":"Feature","id":"way/404524796","properties":{"name":"Distribuidor Polideportivo","highway":"trunk_link"},"geometry":{"type":"LineString","coordinates":[[-69.21611,9.99016],[-69.21726,9.9894]]}},{"type":"Feature","id":"way/406591839","properties":{"name":"Carretera El Eneal - El Toro","highway":"secondary","ref":"R-17"},"geometry":{"type":"LineString","coordinates":[[-69.18984,10.26276],[-69.18805,10.25241],[-69.18609,10.24934],[-69.18657,10.24682]]}},{"type":"Feature","id":"way/406593467","properties":{"name":"Calle 21","highway":"tertiary","ref":"R-18"},"geometry":{"type":"LineString","coordinates":[[-69.15239,10.2849],[-69.15279,10.28593]]}},{"type":"Feature","id":"way/406593472","properties":{"name":"Carretera Yaritagua - Duaca","highway":"tertiary","ref":"R-18"},"geometry":{"type":"LineString","coordinates":[[-69.15187,10.28237],[-69.14941,10.2741],[-69.15066,10.2643],[-69.15153,10.2632],[-69.15158,10.25565],[-69.14471,10.2479]]}},{"type":"Feature","id":"way/406613672","properties":{"name":"Carretera Yaritagua - Duaca","highway":"tertiary"},"geometry":{"type":"LineString","coordinates":[[-69.14471,10.2479],[-69.14123,10.24033],[-69.13803,10.23924],[-69.13985,10.23496],[-69.13664,10.22798],[-69.13157,10.22243],[-69.13091,10.22029],[-69.12868,10.21915],[-69.12725,10.21606],[-69.1233,10.21644],[-69.12327,10.21332],[-69.12206,10.21276],[-69.12171,10.20769],[-69.12067,10.20639],[-69.12273,10.20076],[-69.12253,10.19792],[-69.12205,10.19549],[-69.11971,10.19238]]}},{"type":"Feature","id":"way/406616752","properties":{"highway":"tertiary"},"geometry":{"type":"LineString","coordinates":[[-69.19395,10.22401],[-69.2002,10.22708]]}},{"type":"Feature","id":"way/406667049","properties":{"name":"Avenida Intercomunal de Cabudare","highway":"trunk","ref":"T-4"},"geometry":{"type":"LineString","coordinates":[[-69.26583,10.06122],[-69.26584,10.06168]]}},{"type":"Feature","id":"way/406667050","properties":{"name":"Avenida Lara","highway":"tertiary"},"geometry":{"type":"LineString","coordinates":[[-69.30067,10.06771],[-69.29575,10.06553]]}},{"type":"Feature","id":"way/406667052","properties":{"name":"Avenida Intercomunal de Cabudare","highway":"trunk","ref":"T-4"},"geometry":{"type":"LineString","coordinates":[[-69.26648,10.06135],[-69.26551,10.06]]}},{"type":"Feature","id":"way/406778967","properties":{"highway":"tertiary","ref":"R-17"},"geometry":{"type":"LineString","coordinates":[[-69.18928,10.264],[-69.18987,10.2646]]}},{"type":"Feature","id":"way/406778969","properties":{"highway":"tertiary","ref":"R-17"},"geometry":{"type":"LineString","coordinates":[[-69.19021,10.2642],[-69.18967,10.26478]]}},{"type":"Feature","id":"way/406778970","properties":{"highway":"tertiary","ref":"R-17"},"geometry":{"type":"LineString","coordinates":[[-69.19021,10.2642],[-69.18935,10.26388]]}},{"type":"Feature","id":"way/406801518","properties":{"name":"Carrera 4","highway":"tertiary"},"geometry":{"type":"LineString","coordinates":[[-69.31303,10.09421],[-69.31294,10.09421]]}},{"type":"Feature","id":"way/406804116","properties":{"name":"Avenida Hernan Garmendia","highway":"secondary"},"geometry":{"type":"LineString","coordinates":[[-69.26603,10.08821],[-69.26332,10.08934]]}},{"type":"Feature","id":"way/407021666","properties":{"name":"Carrera 4","highway":"tertiary","ref":"R-18"},"geometry":{"type":"LineString","coordinates":[[-69.16496,10.28082],[-69.15361,10.28565]]}},{"type":"Feature","id":"way/407745015","properties":{"name":"Distribuidor La Feria","highway":"primary_link"},"geometry":{"type":"LineString","coordinates":[[-69.30296,10.06035],[-69.3051,10.06002]]}},{"type":"Feature","id":"way/407745016","properties":{"name":"Distribuidor La Feria","highway":"primary_link"},"geometry":{"type":"LineString","coordinates":[[-69.30289,10.06042],[-69.30296,10.06035]]}},{"type":"Feature","id":"way/407745022","properties":{"name":"Distribuidor La Feria","highway":"primary_link"},"geometry":{"type":"LineString","coordinates":[[-69.30222,10.0596],[-69.30186,10.05986]]}},{"type":"Feature","id":"way/407759990","properties":{"name":"Avenida Intercomunal Barquisimeto - Tamaca","highway":"primary","ref":"L-3"},"geometry":{"type":"LineString","coordinates":[[-69.31469,10.0841],[-69.31423,10.08989]]}},{"type":"Feature","id":"way/407759991","properties":{"name":"Avenida Libertador","highway":"primary","ref":"T-1;T-4"},"geometry":{"type":"LineString","coordinates":[[-69.31479,10.08411],[-69.33327,10.08061],[-69.34248,10.07547]]}},{"type":"Feature","id":"way/407759994","properties":{"highway":"primary_link"},"geometry":{"type":"LineString","coordinates":[[-69.3151,10.08399],[-69.31493,10.08371]]}},{"type":"Feature","id":"way/407764101","properties":{"name":"Avenida Pedro Le\u00f3n Torres","highway":"tertiary"},"geometry":{"type":"LineString","coordinates":[[-69.33293,10.06572],[-69.34935,10.06449],[-69.35584,10.06635]]}},{"type":"Feature","id":"way/407961547","properties":{"name":"Avenida Intercomunal Barquisimeto - Tamaca","highway":"primary","ref":"L-3"},"geometry":{"type":"LineString","coordinates":[[-69.31003,10.10379],[-69.31422,10.09034]]}},{"type":"Feature","id":"way/407961550","properties":{"name":"Avenida Intercomunal Barquisimeto - Tamaca","highway":"primary","ref":"L-3"},"geometry":{"type":"LineString","coordinates":[[-69.30993,10.10376],[-69.30555,10.11256],[-69.30532,10.11793],[-69.31186,10.12832],[-69.31568,10.14367],[-69.31704,10.15057],[-69.3147,10.16188]]}},{"type":"Feature","id":"way/407961557","properties":{"name":"V\u00eda Principal de Las Tunas","highway":"tertiary","ref":"R-25"},"geometry":{"type":"LineString","coordinates":[[-69.30848,10.1884],[-69.30673,10.18778],[-69.30303,10.18844],[-69.29978,10.18728],[-69.28282,10.17765],[-69.27726,10.1773],[-69.26536,10.17456]]}},{"type":"Feature","id":"way/408036271","properties":{"name":"Carretera Regional Duaca - Aroa","highway":"primary","ref":"L-3"},"geometry":{"type":"LineString","coordinates":[[-69.17854,10.27435],[-69.17409,10.27949],[-69.17051,10.28876],[-69.16399,10.29432],[-69.15839,10.30096],[-69.1524,10.30189],[-69.14079,10.30721],[-69.13256,10.31784],[-69.13001,10.31911],[-69.1281,10.32156],[-69.12321,10.32293],[-69.11648,10.32768],[-69.11423,10.32783],[-69.11037,10.32589],[-69.1048,10.3263],[-69.09989,10.33296],[-69.0995,10.33627],[-69.09633,10.33766],[-69.09508,10.34306],[-69.08788,10.35005],[-69.08468,10.35029],[-69.08362,10.35595],[-69.08124,10.35689],[-69.07462,10.3646],[-69.06413,10.36791],[-69.06021,10.38116],[-69.0544,10.38329],[-69.05221,10.38607],[-69.04798,10.38775],[-69.04416,10.39064],[-69.03995,10.40416],[-69.0367,10.40962],[-69.03147,10.4127]]}},{"type":"Feature","id":"way/408277781","properties":{"highway":"primary_link"},"geometry":{"type":"LineString","coordinates":[[-69.3341,10.07988],[-69.33374,10.08027]]}},{"type":"Feature","id":"way/408277782","properties":{"highway":"primary_link"},"geometry":{"type":"LineString","coordinates":[[-69.3344,10.07997],[-69.33417,10.07975]]}},{"type":"Feature","id":"way/408701922","properties":{"highway":"primary_link","ref":"T-1;T-4"},"geometry":{"type":"LineString","coordinates":[[-69.30268,10.08089],[-69.30255,10.08115]]}},{"type":"Feature","id":"way/408998377","properties":{"highway":"tertiary"},"geometry":{"type":"LineString","coordinates":[[-69.63402,9.92402],[-69.62558,9.92544]]}},{"type":"Feature","id":"way/409832250","properties":{"name":"Carretera Lara - Zulia","highway":"trunk","ref":"T-17"},"geometry":{"type":"LineString","coordinates":[[-70.65104,10.12504],[-70.65016,10.12349],[-70.64844,10.12323]]}},{"type":"Feature","id":"way/409832251","properties":{"name":"Carretera Lara - Zulia","highway":"trunk","ref":"T-17"},"geometry":{"type":"LineString","coordinates":[[-70.65774,10.12254],[-70.65491,10.12623],[-70.65104,10.12504]]}},{"type":"Feature","id":"way/409832252","properties":{"name":"Carretera Lara Zulia","highway":"trunk","ref":"T-17"},"geometry":{"type":"LineString","coordinates":[[-70.69287,10.10753],[-70.6926,10.10814]]}},{"type":"Feature","id":"way/409832253","properties":{"name":"Carretera Lara - Zulia","highway":"trunk","ref":"T-17"},"geometry":{"type":"LineString","coordinates":[[-70.6173,10.10863],[-70.61623,10.10842]]}},{"type":"Feature","id":"way/409832254","properties":{"name":"Carretera Lara - Zulia","highway":"trunk","ref":"T-17"},"geometry":{"type":"LineString","coordinates":[[-70.46071,10.09583],[-70.46028,10.09609]]}},{"type":"Feature","id":"way/409832255","properties":{"name":"Carretera Lara - Zulia","highway":"trunk","ref":"T-17"},"geometry":{"type":"LineString","coordinates":[[-70.46076,10.0959],[-70.46141,10.09542]]}},{"type":"Feature","id":"way/409832256","properties":{"name":"Carretera Lara - Zulia","highway":"trunk","ref":"T-17"},"geometry":{"type":"LineString","coordinates":[[-70.46033,10.09616],[-70.46076,10.0959]]}},{"type":"Feature","id":"way/409832257","properties":{"name":"Carretera Lara - Zulia","highway":"trunk","ref":"T-17"},"geometry":{"type":"LineString","coordinates":[[-70.65871,10.12085],[-70.6584,10.12102]]}},{"type":"Feature","id":"way/409832258","properties":{"name":"Carretera Lara - Zulia","highway":"trunk","ref":"T-17"},"geometry":{"type":"LineString","coordinates":[[-70.6177,10.10873],[-70.6173,10.10863]]}},{"type":"Feature","id":"way/409832260","properties":{"name":"Carretera Lara - Zulia","highway":"trunk","ref":"T-17"},"geometry":{"type":"LineString","coordinates":[[-70.61623,10.10842],[-70.61728,10.10872]]}},{"type":"Feature","id":"way/409832263","properties":{"name":"Carretera Lara - Zulia","highway":"trunk","ref":"T-17"},"geometry":{"type":"LineString","coordinates":[[-70.65842,10.12132],[-70.65884,10.12103]]}},{"type":"Feature","id":"way/409832272","properties":{"name":"Carretera Lara - Zulia","highway":"trunk","ref":"T-17"},"geometry":{"type":"LineString","coordinates":[[-70.61728,10.10872],[-70.61767,10.10882]]}},{"type":"Feature","id":"way/409832277","properties":{"name":"Carretera Lara - Zulia","highway":"trunk","ref":"T-17"},"geometry":{"type":"LineString","coordinates":[[-70.46141,10.09542],[-70.46071,10.09583]]}},{"type":"Feature","id":"way/409832278","properties":{"name":"Carretera Lara - Zulia","highway":"trunk","ref":"T-17"},"geometry":{"type":"LineString","coordinates":[[-70.46028,10.09609],[-70.45945,10.09661]]}},{"type":"Feature","id":"way/409832279","properties":{"name":"Carretera Lara - Zulia","highway":"trunk","ref":"T-17"},"geometry":{"type":"LineString","coordinates":[[-70.61767,10.10882],[-70.61872,10.10918]]}},{"type":"Feature","id":"way/409832280","properties":{"name":"Carretera Lara - Zulia","highway":"trunk","ref":"T-17"},"geometry":{"type":"LineString","coordinates":[[-70.45945,10.09661],[-70.46033,10.09616]]}},{"type":"Feature","id":"way/409832281","properties":{"name":"Carretera Lara - Zulia","highway":"trunk","ref":"T-17"},"geometry":{"type":"LineString","coordinates":[[-70.61872,10.10918],[-70.6177,10.10873]]}},{"type":"Feature","id":"way/409832283","properties":{"name":"Carretera Lara - Zulia","highway":"trunk","ref":"T-17"},"geometry":{"type":"LineString","coordinates":[[-70.65884,10.12103],[-70.66044,10.11976]]}},{"type":"Feature","id":"way/409832288","properties":{"name":"Carretera Lara - Zulia","highway":"trunk","ref":"T-17"},"geometry":{"type":"LineString","coordinates":[[-70.66044,10.11976],[-70.65871,10.12085]]}},{"type":"Feature","id":"way/409832296","properties":{"name":"Carretera Lara - Zulia","highway":"trunk","ref":"T-17"},"geometry":{"type":"LineString","coordinates":[[-70.6926,10.10814],[-70.6906,10.1096],[-70.68591,10.10718],[-70.6816,10.108],[-70.67635,10.11698],[-70.67702,10.11989],[-70.67624,10.12113],[-70.67212,10.11996],[-70.66748,10.11709],[-70.66554,10.11853],[-70.66141,10.11847],[-70.66044,10.11976]]}},{"type":"Feature","id":"way/409832300","properties":{"name":"Carretera Lara - Zulia","highway":"trunk","ref":"T-17"},"geometry":{"type":"LineString","coordinates":[[-70.64844,10.12323],[-70.64564,10.1222],[-70.64414,10.11696],[-70.63775,10.11249],[-70.63284,10.11212],[-70.62991,10.10957],[-70.62218,10.11229],[-70.61872,10.10918]]}},{"type":"Feature","id":"way/409832301","properties":{"name":"Carretera Lara - Zulia","highway":"trunk","ref":"T-17"},"geometry":{"type":"LineString","coordinates":[[-70.65774,10.12254],[-70.65842,10.12132]]}},{"type":"Feature","id":"way/409832306","properties":{"name":"Carretera Lara - Zulia","highway":"trunk","ref":"T-17"},"geometry":{"type":"LineString","coordinates":[[-70.6584,10.12102],[-70.65774,10.12254]]}},{"type":"Feature","id":"way/409832311","properties":{"name":"Carretera Lara - Zulia","highway":"trunk","ref":"T-17"},"geometry":{"type":"LineString","coordinates":[[-70.61623,10.10842],[-70.61139,10.10663],[-70.59918,10.0947],[-70.58889,10.09097],[-70.58207,10.09087],[-70.57511,10.09215],[-70.568,10.09067],[-70.56125,10.09115],[-70.54178,10.08911],[-70.52855,10.09121]]}},{"type":"Feature","id":"way/409832312","properties":{"name":"Carretera Lara - Zulia","highway":"trunk","ref":"T-17"},"geometry":{"type":"LineString","coordinates":[[-70.64844,10.12323],[-70.65104,10.12504]]}},{"type":"Feature","id":"way/409832546","properties":{"name":"Distribuidor Carora","highway":"trunk_link"},"geometry":{"type":"LineString","coordinates":[[-70.11047,10.14619],[-70.10793,10.14707]]}},{"type":"Feature","id":"way/409832907","properties":{"name":"Avenida Francisco de Miranda","highway":"trunk_link"},"geometry":{"type":"LineString","coordinates":[[-70.06189,10.14473],[-70.06409,10.14619]]}},{"type":"Feature","id":"way/409832912","properties":{"name":"Carretera Lara - Zulia","highway":"trunk","ref":"T-17"},"geometry":{"type":"LineString","coordinates":[[-70.06785,10.1463],[-70.05829,10.14288]]}},{"type":"Feature","id":"way/409832923","properties":{"name":"Carretera Lara - Zulia","highway":"trunk","ref":"T-17"},"geometry":{"type":"LineString","coordinates":[[-70.05829,10.14288],[-70.06785,10.1463]]}},{"type":"Feature","id":"way/409832927","properties":{"name":"Carretera Lara - Zulia","highway":"trunk","ref":"T-17"},"geometry":{"type":"LineString","coordinates":[[-70.05829,10.14288],[-70.05537,10.14069],[-70.05023,10.13912],[-70.04769,10.13361],[-70.03634,10.12374],[-70.02144,10.11767]]}},{"type":"Feature","id":"way/409835371","properties":{"name":"Carretera Lara - Zulia","highway":"trunk","ref":"T-1"},"geometry":{"type":"LineString","coordinates":[[-69.70527,10.10744],[-69.70729,10.11284],[-69.70756,10.11705]]}},{"type":"Feature","id":"way/409835372","properties":{"name":"Carretera Lara - Zulia","highway":"trunk","ref":"T-1"},"geometry":{"type":"LineString","coordinates":[[-70.00176,10.12681],[-70.00897,10.11989]]}},{"type":"Feature","id":"way/409835373","properties":{"name":"Carretera Lara - Zulia","highway":"trunk","ref":"T-1"},"geometry":{"type":"LineString","coordinates":[[-69.67873,10.07002],[-69.69013,10.07577],[-69.69602,10.08349]]}},{"type":"Feature","id":"way/409835375","properties":{"name":"Carretera Lara - Zulia","highway":"trunk","ref":"T-1"},"geometry":{"type":"LineString","coordinates":[[-69.69633,10.08398],[-69.70509,10.10673]]}},{"type":"Feature","id":"way/409835376","properties":{"name":"Carretera Lara - Zulia","highway":"trunk","ref":"T-1"},"geometry":{"type":"LineString","coordinates":[[-69.63041,10.03415],[-69.65408,10.0412],[-69.66227,10.04936],[-69.66784,10.058]]}},{"type":"Feature","id":"way/409835377","properties":{"name":"Carretera Lara - Zulia","highway":"trunk","ref":"T-1"},"geometry":{"type":"LineString","coordinates":[[-69.70756,10.11732],[-69.7082,10.12013],[-69.71163,10.12402],[-69.71398,10.12916]]}},{"type":"Feature","id":"way/409835379","properties":{"name":"Carretera Lara - Zulia","highway":"trunk","ref":"T-1"},"geometry":{"type":"LineString","coordinates":[[-69.9928,10.13311],[-69.99301,10.13305]]}},{"type":"Feature","id":"way/409835380","properties":{"name":"Carretera Lara - Zulia","highway":"trunk","ref":"T-1"},"geometry":{"type":"LineString","coordinates":[[-69.66784,10.058],[-69.66796,10.05818]]}},{"type":"Feature","id":"way/409835381","properties":{"name":"Carretera Lara - Zulia","highway":"trunk","ref":"T-1"},"geometry":{"type":"LineString","coordinates":[[-69.69602,10.08349],[-69.69633,10.08398]]}},{"type":"Feature","id":"way/409835383","properties":{"name":"Carretera Lara - Zulia","highway":"trunk","ref":"T-1"},"geometry":{"type":"LineString","coordinates":[[-69.6784,10.06978],[-69.67873,10.07002]]}},{"type":"Feature","id":"way/409835384","properties":{"name":"Carretera Lara - Zulia","highway":"trunk","ref":"T-1"},"geometry":{"type":"LineString","coordinates":[[-69.70509,10.10673],[-69.70527,10.10744]]}},{"type":"Feature","id":"way/409835385","properties":{"name":"Carretera Lara - Zulia","highway":"trunk","ref":"T-1"},"geometry":{"type":"LineString","coordinates":[[-69.71398,10.12916],[-69.71411,10.12932]]}},{"type":"Feature","id":"way/409835386","properties":{"name":"Carretera Lara - Zulia","highway":"trunk","ref":"T-1"},"geometry":{"type":"LineString","coordinates":[[-69.70756,10.11705],[-69.70756,10.11732]]}},{"type":"Feature","id":"way/409835387","properties":{"name":"Carretera Lara - Zulia","highway":"trunk","ref":"T-1"},"geometry":{"type":"LineString","coordinates":[[-69.62968,10.03398],[-69.63041,10.03415]]}},{"type":"Feature","id":"way/409835388","properties":{"name":"Carretera Lara - Zulia","highway":"trunk","ref":"T-1"},"geometry":{"type":"LineString","coordinates":[[-70.00131,10.12694],[-70.00176,10.12681]]}},{"type":"Feature","id":"way/409835389","properties":{"name":"Carretera Lara - Zulia","highway":"trunk","ref":"T-1"},"geometry":{"type":"LineString","coordinates":[[-69.99528,10.13159],[-69.99542,10.13146]]}},{"type":"Feature","id":"way/409835390","properties":{"name":"Carretera Lara - Zulia","highway":"trunk","ref":"T-1"},"geometry":{"type":"LineString","coordinates":[[-69.5684,9.99219],[-69.57855,9.9988],[-69.58626,10.01276],[-69.59623,10.02314],[-69.60011,10.02418],[-69.60942,10.02403],[-69.62264,10.03173],[-69.62968,10.03398]]}},{"type":"Feature","id":"way/409835391","properties":{"name":"Carretera Lara - Zulia","highway":"trunk","ref":"T-1"},"geometry":{"type":"LineString","coordinates":[[-69.99301,10.13305],[-69.99528,10.13159]]}},{"type":"Feature","id":"way/409835392","properties":{"name":"Carretera Lara - Zulia","highway":"trunk","ref":"T-1"},"geometry":{"type":"LineString","coordinates":[[-69.66796,10.05818],[-69.67251,10.06443],[-69.6784,10.06978]]}},{"type":"Feature","id":"way/409835396","properties":{"name":"Carretera Lara - Zulia","highway":"trunk","ref":"T-1"},"geometry":{"type":"LineString","coordinates":[[-69.71411,10.12932],[-69.71955,10.1331],[-69.7245,10.1346]]}},{"type":"Feature","id":"way/409835400","properties":{"name":"Carretera Lara - Zulia","highway":"trunk","ref":"T-1"},"geometry":{"type":"LineString","coordinates":[[-69.99542,10.13146],[-69.9991,10.12776],[-70.00131,10.12694]]}},{"type":"Feature","id":"way/409835405","properties":{"name":"Carretera Lara - Zulia","highway":"trunk","ref":"T-1"},"geometry":{"type":"LineString","coordinates":[[-69.7245,10.1346],[-69.7302,10.13646],[-69.73743,10.14088]]}},{"type":"Feature","id":"way/409835409","properties":{"name":"Carretera Lara - Zulia","highway":"trunk","ref":"T-1"},"geometry":{"type":"LineString","coordinates":[[-69.73743,10.14088],[-69.73052,10.13642],[-69.7245,10.1346]]}},{"type":"Feature","id":"way/409835416","properties":{"name":"Avenida Florencio Jim\u00e9nez","highway":"primary","ref":"T-7"},"geometry":{"type":"LineString","coordinates":[[-69.56127,9.96826],[-69.57257,9.95521],[-69.57948,9.9505]]}},{"type":"Feature","id":"way/409838041","properties":{"name":"Avenida Florencio Jim\u00e9nez","highway":"secondary","ref":"T-7"},"geometry":{"type":"LineString","coordinates":[[-69.60575,9.93106],[-69.61722,9.9259]]}},{"type":"Feature","id":"way/409838042","properties":{"highway":"secondary","ref":"T-7"},"geometry":{"type":"LineString","coordinates":[[-69.63326,9.91136],[-69.62742,9.92032]]}},{"type":"Feature","id":"way/409838043","properties":{"name":"Avenida Perimetral Sur","highway":"primary","ref":"T-7;L-1"},"geometry":{"type":"LineString","coordinates":[[-69.6227,9.9123],[-69.6227,9.9123]]}},{"type":"Feature","id":"way/409838044","properties":{"highway":"primary_link","ref":"T-7"},"geometry":{"type":"LineString","coordinates":[[-69.63261,9.91152],[-69.63251,9.91137]]}},{"type":"Feature","id":"way/409838045","properties":{"highway":"primary_link","ref":"T-7"},"geometry":{"type":"LineString","coordinates":[[-69.63261,9.91152],[-69.63274,9.91214]]}},{"type":"Feature","id":"way/409838742","properties":{"name":"Carretera Trasandina Quibor - El Tocuyo","highway":"primary","ref":"T-7"},"geometry":{"type":"LineString","coordinates":[[-69.65934,9.87423],[-69.64946,9.8857],[-69.63326,9.91136]]}},{"type":"Feature","id":"way/409838743","properties":{"name":"Carretera Trasandina Quibor - El Tocuyo","highway":"primary","ref":"T-7"},"geometry":{"type":"LineString","coordinates":[[-69.68768,9.86214],[-69.68361,9.8637],[-69.67218,9.86409],[-69.65966,9.87389]]}},{"type":"Feature","id":"way/409838744","properties":{"name":"Carretera Trasandina Quibor - El Tocuyo","highway":"primary","ref":"T-7"},"geometry":{"type":"LineString","coordinates":[[-69.68822,9.86191],[-69.68768,9.86214]]}},{"type":"Feature","id":"way/409838745","properties":{"name":"Carretera Trasandina Quibor - El Tocuyo","highway":"primary","ref":"T-7"},"geometry":{"type":"LineString","coordinates":[[-69.73282,9.84193],[-69.73266,9.84205]]}},{"type":"Feature","id":"way/409838747","properties":{"name":"Carretera Trasandina Quibor - El Tocuyo","highway":"primary","ref":"T-7"},"geometry":{"type":"LineString","coordinates":[[-69.65966,9.87389],[-69.65934,9.87423]]}},{"type":"Feature","id":"way/409838751","properties":{"name":"Carretera Trasandina Quibor - El Tocuyo","highway":"primary","ref":"T-7"},"geometry":{"type":"LineString","coordinates":[[-69.77215,9.82673],[-69.76758,9.83352],[-69.75372,9.83924],[-69.74411,9.83931],[-69.73282,9.84193]]}},{"type":"Feature","id":"way/409839876","properties":{"name":"Calle 20","highway":"secondary"},"geometry":{"type":"LineString","coordinates":[[-69.79183,9.77811],[-69.79621,9.78073]]}},{"type":"Feature","id":"way/409845963","properties":{"highway":"tertiary","ref":"R-50"},"geometry":{"type":"LineString","coordinates":[[-70.19825,9.83678],[-70.19709,9.8367]]}},{"type":"Feature","id":"way/409854801","properties":{"name":"Avenida Florencio Jim\u00e9nez","highway":"trunk","ref":"T-1"},"geometry":{"type":"LineString","coordinates":[[-69.46693,10.02149],[-69.46663,10.02163]]}},{"type":"Feature","id":"way/409854802","properties":{"name":"Avenida Florencio Jim\u00e9nez","highway":"trunk","ref":"T-1"},"geometry":{"type":"LineString","coordinates":[[-69.46668,10.02171],[-69.46697,10.02156]]}},{"type":"Feature","id":"way/409855155","properties":{"highway":"trunk_link"},"geometry":{"type":"LineString","coordinates":[[-69.46469,10.02274],[-69.46474,10.02202]]}},{"type":"Feature","id":"way/409855156","properties":{"highway":"trunk_link"},"geometry":{"type":"LineString","coordinates":[[-69.46524,10.02233],[-69.46474,10.02202]]}},{"type":"Feature","id":"way/409855157","properties":{"highway":"trunk_link"},"geometry":{"type":"LineString","coordinates":[[-69.46474,10.02202],[-69.46434,10.02277]]}},{"type":"Feature","id":"way/409855308","properties":{"name":"Retorno","highway":"trunk_link","ref":"T-1"},"geometry":{"type":"LineString","coordinates":[[-69.45753,10.02673],[-69.45932,10.02579],[-69.45726,10.0263]]}},{"type":"Feature","id":"way/409855309","properties":{"name":"Retorno","highway":"trunk_link","ref":"T-1"},"geometry":{"type":"LineString","coordinates":[[-69.46046,10.02471],[-69.45962,10.02586],[-69.46167,10.02477]]}},{"type":"Feature","id":"way/409857686","properties":{"highway":"primary_link"},"geometry":{"type":"LineString","coordinates":[[-69.39595,10.04725],[-69.3956,10.04718]]}},{"type":"Feature","id":"way/409859508","properties":{"highway":"primary_link","ref":"T-4"},"geometry":{"type":"LineString","coordinates":[[-69.36479,10.06941],[-69.36504,10.06943]]}},{"type":"Feature","id":"way/409859510","properties":{"highway":"primary_link"},"geometry":{"type":"LineString","coordinates":[[-69.36315,10.06331],[-69.36331,10.06313]]}},{"type":"Feature","id":"way/409859511","properties":{"highway":"primary_link"},"geometry":{"type":"LineString","coordinates":[[-69.36093,10.06434],[-69.36063,10.06444]]}},{"type":"Feature","id":"way/409860056","properties":{"name":"Avenida Libertador","highway":"secondary"},"geometry":{"type":"LineString","coordinates":[[-69.27882,10.08192],[-69.28353,10.07914]]}},{"type":"Feature","id":"way/409860057","properties":{"highway":"secondary"},"geometry":{"type":"LineString","coordinates":[[-69.28299,10.07869],[-69.28116,10.08034]]}},{"type":"Feature","id":"way/409860961","properties":{"name":"Avenida Venezuela","highway":"primary","ref":"T-1;T-4"},"geometry":{"type":"LineString","coordinates":[[-69.28054,10.07234],[-69.28344,10.0729]]}},{"type":"Feature","id":"way/409860963","properties":{"highway":"primary_link"},"geometry":{"type":"LineString","coordinates":[[-69.28071,10.07154],[-69.28029,10.07169]]}},{"type":"Feature","id":"way/409860964","properties":{"highway":"primary_link"},"geometry":{"type":"LineString","coordinates":[[-69.28014,10.07285],[-69.28061,10.07248]]}},{"type":"Feature","id":"way/409863037","properties":{"name":"Avenida Lara","highway":"tertiary"},"geometry":{"type":"LineString","coordinates":[[-69.29575,10.06553],[-69.28547,10.06332]]}},{"type":"Feature","id":"way/409863039","properties":{"name":"Avenida R\u00f3mulo Gallegos - Calle 42","highway":"tertiary"},"geometry":{"type":"LineString","coordinates":[[-69.33342,10.07167],[-69.33293,10.06572]]}},{"type":"Feature","id":"way/409863040","properties":{"name":"Avenida R\u00f3mulo Gallegos - Calle 42","highway":"tertiary"},"geometry":{"type":"LineString","coordinates":[[-69.33282,10.06572],[-69.33334,10.07168]]}},{"type":"Feature","id":"way/409863041","properties":{"name":"Carrera 19","highway":"tertiary"},"geometry":{"type":"LineString","coordinates":[[-69.3092,10.06674],[-69.30067,10.06771]]}},{"type":"Feature","id":"way/409864209","properties":{"name":"Distribuidor Valle Hondo","highway":"trunk_link"},"geometry":{"type":"LineString","coordinates":[[-69.26001,10.04238],[-69.25785,10.04292],[-69.25663,10.04135],[-69.2573,10.04062]]}},{"type":"Feature","id":"way/409864210","properties":{"name":"Distribuidor Valle Hondo","highway":"trunk_link"},"geometry":{"type":"LineString","coordinates":[[-69.25616,10.04021],[-69.2565,10.04138]]}},{"type":"Feature","id":"way/409864211","properties":{"name":"Retorno","highway":"trunk_link"},"geometry":{"type":"LineString","coordinates":[[-69.25664,10.04098],[-69.25645,10.0409]]}},{"type":"Feature","id":"way/409864212","properties":{"name":"Retorno","highway":"trunk_link"},"geometry":{"type":"LineString","coordinates":[[-69.25649,10.04064],[-69.25679,10.04077]]}},{"type":"Feature","id":"way/409864213","properties":{"name":"Retorno","highway":"trunk_link"},"geometry":{"type":"LineString","coordinates":[[-69.25981,10.04309],[-69.25981,10.04287]]}},{"type":"Feature","id":"way/409864214","properties":{"name":"Distribuidor Valle Hondo","highway":"trunk_link"},"geometry":{"type":"LineString","coordinates":[[-69.25694,10.04047],[-69.2565,10.04138]]}},{"type":"Feature","id":"way/409866251","properties":{"name":"Retorno","highway":"primary_link"},"geometry":{"type":"LineString","coordinates":[[-69.26016,10.04028],[-69.26132,10.04052]]}},{"type":"Feature","id":"way/409866253","properties":{"name":"Distribuidor Valle Hondo","highway":"trunk_link"},"geometry":{"type":"LineString","coordinates":[[-69.26295,10.04068],[-69.26292,10.04076]]}},{"type":"Feature","id":"way/409866256","properties":{"name":"Retorno","highway":"primary_link"},"geometry":{"type":"LineString","coordinates":[[-69.26132,10.04052],[-69.26244,10.04031]]}},{"type":"Feature","id":"way/409866257","properties":{"highway":"trunk_link"},"geometry":{"type":"LineString","coordinates":[[-69.25956,10.04004],[-69.25938,10.04029]]}},{"type":"Feature","id":"way/409866258","properties":{"highway":"trunk_link"},"geometry":{"type":"LineString","coordinates":[[-69.25944,10.0405],[-69.25969,10.04072]]}},{"type":"Feature","id":"way/409866259","properties":{"highway":"trunk_link"},"geometry":{"type":"LineString","coordinates":[[-69.26016,10.04028],[-69.25965,10.03984]]}},{"type":"Feature","id":"way/409866262","properties":{"name":"Distribuidor Valle Hondo","highway":"trunk_link"},"geometry":{"type":"LineString","coordinates":[[-69.26258,10.0403],[-69.26295,10.04068]]}},{"type":"Feature","id":"way/409872824","properties":{"name":"Avenida El Placer","highway":"primary","ref":"R-15"},"geometry":{"type":"LineString","coordinates":[[-69.25941,10.04038],[-69.25694,10.04047]]}},{"type":"Feature","id":"way/409872825","properties":{"name":"Avenida El Placer","highway":"tertiary","ref":"R-15"},"geometry":{"type":"LineString","coordinates":[[-69.25671,10.04046],[-69.2573,10.04062]]}},{"type":"Feature","id":"way/409872826","properties":{"name":"Avenida Ribere\u00f1a","highway":"primary","ref":"R-15"},"geometry":{"type":"LineString","coordinates":[[-69.2936,10.05599],[-69.29095,10.05419],[-69.28963,10.05066]]}},{"type":"Feature","id":"way/409872827","properties":{"name":"Avenida Ribere\u00f1a","highway":"primary","ref":"R-15"},"geometry":{"type":"LineString","coordinates":[[-69.28954,10.05069],[-69.29155,10.05504],[-69.29932,10.05962],[-69.3078,10.06068],[-69.31158,10.05975]]}},{"type":"Feature","id":"way/409872828","properties":{"name":"Avenida Ribere\u00f1a","highway":"primary","ref":"R-15"},"geometry":{"type":"LineString","coordinates":[[-69.28911,10.0494],[-69.28954,10.05069]]}},{"type":"Feature","id":"way/409872829","properties":{"name":"Avenida Ribere\u00f1a","highway":"primary","ref":"R-15"},"geometry":{"type":"LineString","coordinates":[[-69.28963,10.05066],[-69.28922,10.04937]]}},{"type":"Feature","id":"way/409872834","properties":{"name":"Distribuidor Jirajara","highway":"primary_link"},"geometry":{"type":"LineString","coordinates":[[-69.29353,10.05728],[-69.29372,10.05641],[-69.29533,10.05684]]}},{"type":"Feature","id":"way/409872837","properties":{"name":"Distribuidor Jirajara","highway":"primary_link"},"geometry":{"type":"LineString","coordinates":[[-69.29052,10.0537],[-69.29338,10.05725]]}},{"type":"Feature","id":"way/409872839","properties":{"highway":"primary_link"},"geometry":{"type":"LineString","coordinates":[[-69.34509,10.04701],[-69.34435,10.04653]]}},{"type":"Feature","id":"way/409872841","properties":{"name":"Distribuidor La Feria","highway":"primary_link","ref":"R-15"},"geometry":{"type":"LineString","coordinates":[[-69.30543,10.05999],[-69.30305,10.05955]]}},{"type":"Feature","id":"way/409872844","properties":{"name":"Distribuidor La Feria","highway":"primary_link"},"geometry":{"type":"LineString","coordinates":[[-69.30334,10.05986],[-69.30332,10.05971]]}},{"type":"Feature","id":"way/409872846","properties":{"name":"Avenida La Salle","highway":"tertiary"},"geometry":{"type":"LineString","coordinates":[[-69.34719,10.04137],[-69.34852,10.03944],[-69.35659,10.03682]]}},{"type":"Feature","id":"way/409872847","properties":{"name":"Distribuidor La Feria","highway":"primary_link"},"geometry":{"type":"LineString","coordinates":[[-69.30186,10.05986],[-69.30185,10.05999]]}},{"type":"Feature","id":"way/409872849","properties":{"name":"Distribuidor La Feria","highway":"primary_link"},"geometry":{"type":"LineString","coordinates":[[-69.30332,10.05971],[-69.30305,10.05955]]}},{"type":"Feature","id":"way/409872851","properties":{"highway":"tertiary"},"geometry":{"type":"LineString","coordinates":[[-69.29428,10.06079],[-69.29336,10.06027]]}},{"type":"Feature","id":"way/409872854","properties":{"name":"Distribuidor La Feria","highway":"primary_link"},"geometry":{"type":"LineString","coordinates":[[-69.30185,10.05999],[-69.30225,10.06058]]}},{"type":"Feature","id":"way/409872855","properties":{"name":"Retorno","highway":"primary_link"},"geometry":{"type":"LineString","coordinates":[[-69.28554,10.04391],[-69.28585,10.0437]]}},{"type":"Feature","id":"way/409872856","properties":{"name":"Distribuidor Macuto","highway":"primary"},"geometry":{"type":"LineString","coordinates":[[-69.31343,10.05904],[-69.3159,10.05772]]}},{"type":"Feature","id":"way/409872857","properties":{"highway":"tertiary"},"geometry":{"type":"LineString","coordinates":[[-69.29336,10.06027],[-69.29425,10.06085]]}},{"type":"Feature","id":"way/409872859","properties":{"highway":"primary_link"},"geometry":{"type":"LineString","coordinates":[[-69.34685,10.04194],[-69.34756,10.04194]]}},{"type":"Feature","id":"way/409872861","properties":{"highway":"primary_link"},"geometry":{"type":"LineString","coordinates":[[-69.31307,10.0592],[-69.31355,10.05908]]}},{"type":"Feature","id":"way/409872862","properties":{"name":"Distribuidor Macuto","highway":"primary_link"},"geometry":{"type":"LineString","coordinates":[[-69.31181,10.05984],[-69.31143,10.05946]]}},{"type":"Feature","id":"way/409874071","properties":{"name":"Avenida Circunvalaci\u00f3n Norte","highway":"trunk","ref":"T-1"},"geometry":{"type":"LineString","coordinates":[[-69.41973,10.04658],[-69.41686,10.05115]]}},{"type":"Feature","id":"way/409874072","properties":{"name":"Avenida Circunvalaci\u00f3n Norte","highway":"trunk","ref":"T-1"},"geometry":{"type":"LineString","coordinates":[[-69.41686,10.05115],[-69.41661,10.05135]]}},{"type":"Feature","id":"way/409874073","properties":{"name":"Avenida Circunvalaci\u00f3n Norte","highway":"trunk","ref":"T-1"},"geometry":{"type":"LineString","coordinates":[[-69.41681,10.05153],[-69.41703,10.05135]]}},{"type":"Feature","id":"way/409874074","properties":{"name":"Avenida Circunvalaci\u00f3n Norte","highway":"trunk","ref":"T-1"},"geometry":{"type":"LineString","coordinates":[[-69.37337,10.09778],[-69.37297,10.0981]]}},{"type":"Feature","id":"way/409874075","properties":{"name":"Avenida Circunvalaci\u00f3n Norte","highway":"trunk","ref":"T-1"},"geometry":{"type":"LineString","coordinates":[[-69.39967,10.0735],[-69.39883,10.07416]]}},{"type":"Feature","id":"way/409874076","properties":{"name":"Avenida Circunvalaci\u00f3n Norte","highway":"trunk","ref":"T-1"},"geometry":{"type":"LineString","coordinates":[[-69.37307,10.09815],[-69.37345,10.09783]]}},{"type":"Feature","id":"way/409874077","properties":{"name":"Avenida Circunvalaci\u00f3n Norte","highway":"trunk","ref":"T-1"},"geometry":{"type":"LineString","coordinates":[[-69.39913,10.07422],[-69.39982,10.07366]]}},{"type":"Feature","id":"way/409874078","properties":{"name":"Avenida Circunvalaci\u00f3n Norte","highway":"trunk","ref":"T-1"},"geometry":{"type":"LineString","coordinates":[[-69.39424,10.079],[-69.38759,10.08722],[-69.37839,10.09223],[-69.3754,10.09533]]}},{"type":"Feature","id":"way/409874079","properties":{"name":"Avenida Circunvalaci\u00f3n Norte","highway":"trunk","ref":"T-1"},"geometry":{"type":"LineString","coordinates":[[-69.39883,10.07416],[-69.39444,10.07876]]}},{"type":"Feature","id":"way/409874080","properties":{"name":"Avenida Circunvalaci\u00f3n Norte","highway":"trunk","ref":"T-1"},"geometry":{"type":"LineString","coordinates":[[-69.3798,10.09166],[-69.38703,10.08801],[-69.39455,10.079]]}},{"type":"Feature","id":"way/409874081","properties":{"name":"Avenida Circunvalaci\u00f3n Norte","highway":"trunk","ref":"T-1"},"geometry":{"type":"LineString","coordinates":[[-69.41703,10.05135],[-69.41938,10.04837]]}},{"type":"Feature","id":"way/409875403","properties":{"name":"Avenida Circunvalaci\u00f3n Norte","highway":"trunk","ref":"T-1"},"geometry":{"type":"LineString","coordinates":[[-69.27834,10.11067],[-69.27813,10.11071]]}},{"type":"Feature","id":"way/409875405","properties":{"name":"Avenida Circunvalaci\u00f3n Norte","highway":"trunk","ref":"T-1"},"geometry":{"type":"LineString","coordinates":[[-69.27815,10.11081],[-69.27835,10.11077]]}},{"type":"Feature","id":"way/409875408","properties":{"name":"Avenida Circunvalaci\u00f3n Norte","highway":"trunk","ref":"T-1"},"geometry":{"type":"LineString","coordinates":[[-69.28103,10.10977],[-69.27834,10.11067]]}},{"type":"Feature","id":"way/409875410","properties":{"name":"Avenida Circunvalaci\u00f3n Norte","highway":"trunk","ref":"T-1"},"geometry":{"type":"LineString","coordinates":[[-69.27835,10.11077],[-69.28108,10.10986]]}},{"type":"Feature","id":"way/410316983","properties":{"name":"Avenida Las Industrias","highway":"trunk","ref":"T-4"},"geometry":{"type":"LineString","coordinates":[[-69.39404,10.07896],[-69.39818,10.07746]]}},{"type":"Feature","id":"way/410316985","properties":{"name":"Avenida Las Industrias","highway":"trunk","ref":"T-4"},"geometry":{"type":"LineString","coordinates":[[-69.39819,10.07734],[-69.39359,10.07883]]}},{"type":"Feature","id":"way/410316988","properties":{"name":"Carretera Nacional Falc\u00f3n - Lara","highway":"trunk","ref":"T-4"},"geometry":{"type":"LineString","coordinates":[[-69.40684,10.07875],[-69.40899,10.08001],[-69.41369,10.08578],[-69.43196,10.09921],[-69.44384,10.10605]]}},{"type":"Feature","id":"way/410321292","properties":{"name":"Carretera Nacional Falc\u00f3n - Lara","highway":"trunk","ref":"T-4"},"geometry":{"type":"LineString","coordinates":[[-69.44641,10.52196],[-69.44666,10.52226]]}},{"type":"Feature","id":"way/410321293","properties":{"name":"Carretera Nacional Falc\u00f3n - Lara","highway":"trunk","ref":"T-4"},"geometry":{"type":"LineString","coordinates":[[-69.40325,10.54636],[-69.39957,10.5461],[-69.38863,10.55093],[-69.38111,10.55596],[-69.36774,10.56141],[-69.36224,10.56887],[-69.34972,10.57856],[-69.34092,10.5871],[-69.33546,10.59064],[-69.27678,10.61545],[-69.26269,10.61491],[-69.2642,10.62878],[-69.26347,10.63106],[-69.2612,10.63214],[-69.26138,10.63481],[-69.25933,10.63457],[-69.2585,10.63697],[-69.25967,10.63946],[-69.26187,10.64059],[-69.26106,10.64235],[-69.26189,10.64455],[-69.26711,10.64622],[-69.26846,10.64543],[-69.27214,10.64611],[-69.27331,10.64552],[-69.27466,10.64666],[-69.27479,10.64833],[-69.27346,10.64937],[-69.27399,10.65098],[-69.27257,10.65152],[-69.27347,10.6532],[-69.27254,10.65478],[-69.27145,10.65362],[-69.27085,10.65586],[-69.26949,10.65493],[-69.2689,10.65705],[-69.26459,10.65761],[-69.26219,10.65935],[-69.25845,10.65936],[-69.2573,10.66106],[-69.25513,10.66135],[-69.24894,10.66679],[-69.24945,10.66837],[-69.25219,10.66969],[-69.24871,10.672],[-69.2505,10.67365],[-69.24692,10.67693],[-69.249,10.6779],[-69.24764,10.67919],[-69.24774,10.68052],[-69.24867,10.68056],[-69.24876,10.68174],[-69.25454,10.68375],[-69.24933,10.68835],[-69.25896,10.69453],[-69.28183,10.69702],[-69.28206,10.69812]]}},{"type":"Feature","id":"way/410321294","properties":{"name":"Carretera Nacional Falc\u00f3n - Lara","highway":"trunk","ref":"T-4"},"geometry":{"type":"LineString","coordinates":[[-69.40333,10.54626],[-69.40325,10.54636]]}},{"type":"Feature","id":"way/410321295","properties":{"name":"Carretera Nacional Falc\u00f3n - Lara","highway":"trunk","ref":"T-4"},"geometry":{"type":"LineString","coordinates":[[-69.28206,10.69812],[-69.28184,10.69884]]}},{"type":"Feature","id":"way/410321297","properties":{"name":"Carretera Nacional Falc\u00f3n - Lara","highway":"trunk","ref":"T-4"},"geometry":{"type":"LineString","coordinates":[[-69.44666,10.52226],[-69.44533,10.52601],[-69.44116,10.52633],[-69.43943,10.52913],[-69.43261,10.53044],[-69.42364,10.53458],[-69.42015,10.53478],[-69.41474,10.53732],[-69.41012,10.53688],[-69.40626,10.5386],[-69.40454,10.54097],[-69.40333,10.54626]]}},{"type":"Feature","id":"way/413333150","properties":{"name":"Calle 6","highway":"tertiary"},"geometry":{"type":"LineString","coordinates":[[-69.29261,10.0636],[-69.29334,10.06025]]}},{"type":"Feature","id":"way/413949740","properties":{"name":"Retorno","highway":"trunk_link"},"geometry":{"type":"LineString","coordinates":[[-69.26468,10.0588],[-69.26355,10.05758],[-69.26438,10.05882]]}},{"type":"Feature","id":"way/415500912","properties":{"name":"Carretera Yaritagua - Duaca","highway":"tertiary"},"geometry":{"type":"LineString","coordinates":[[-69.11971,10.19238],[-69.1154,10.19564],[-69.11766,10.19111],[-69.11837,10.18119],[-69.12123,10.1786],[-69.12252,10.173],[-69.12156,10.17101],[-69.1234,10.17041],[-69.12369,10.16885],[-69.12213,10.16564],[-69.12323,10.16091],[-69.1226,10.15646],[-69.12517,10.15459],[-69.12508,10.15284],[-69.12622,10.15233],[-69.12411,10.14829],[-69.12578,10.14642],[-69.12526,10.1428],[-69.12656,10.13866],[-69.12609,10.13621]]}},{"type":"Feature","id":"way/415533481","properties":{"highway":"tertiary"},"geometry":{"type":"LineString","coordinates":[[-69.2002,10.22708],[-69.21027,10.22647]]}},{"type":"Feature","id":"way/415533482","properties":{"name":"Carretera Malec\u00f3n - Las Veras","highway":"tertiary"},"geometry":{"type":"LineString","coordinates":[[-69.23697,10.23228],[-69.23716,10.23151],[-69.23449,10.23196],[-69.23041,10.22993],[-69.2287,10.22671],[-69.2238,10.22213],[-69.22218,10.22122],[-69.22094,10.22223]]}},{"type":"Feature","id":"way/415543130","properties":{"name":"Carretera El Tocuyo - Humocaros","highway":"primary","ref":"L-5"},"geometry":{"type":"LineString","coordinates":[[-69.79601,9.73728],[-69.79624,9.73556],[-69.79889,9.73559],[-69.81033,9.74169],[-69.81449,9.74246],[-69.81795,9.747],[-69.82398,9.75009],[-69.82646,9.74796],[-69.82973,9.74696],[-69.83288,9.74084],[-69.84006,9.73476],[-69.83679,9.73005],[-69.84025,9.72884],[-69.84931,9.71618],[-69.85652,9.70956],[-69.85888,9.70258],[-69.86456,9.69857],[-69.87067,9.69239],[-69.88139,9.67667],[-69.88564,9.67348],[-69.88732,9.6739],[-69.88925,9.6728],[-69.89148,9.66955],[-69.89899,9.66996],[-69.902,9.66754],[-69.90341,9.66459],[-69.90667,9.66593],[-69.90942,9.66499],[-69.91451,9.66555],[-69.91839,9.6675],[-69.9216,9.66755],[-69.92295,9.66943],[-69.92574,9.66851],[-69.9289,9.67016],[-69.93549,9.66868],[-69.93896,9.66963],[-69.94387,9.6728],[-69.94796,9.67413],[-69.94908,9.67778],[-69.95423,9.67979],[-69.95468,9.68239],[-69.95695,9.68391],[-69.95829,9.6881],[-69.96255,9.68503],[-69.96419,9.68603],[-69.96531,9.68443],[-69.96793,9.68615],[-69.96891,9.6849]]}},{"type":"Feature","id":"way/415548313","properties":{"name":"Carretera Regional Sanare - El Tocuyo","highway":"primary","ref":"L-1"},"geometry":{"type":"LineString","coordinates":[[-69.78891,9.70081],[-69.78474,9.6988],[-69.78061,9.70021],[-69.77853,9.69931],[-69.77522,9.70082],[-69.77135,9.70069],[-69.76885,9.7022],[-69.76469,9.7021],[-69.76261,9.7042],[-69.76091,9.70258],[-69.75886,9.70369],[-69.75645,9.70358],[-69.7535,9.70157],[-69.75266,9.69936],[-69.7509,9.69794],[-69.74991,9.69887],[-69.75051,9.70057],[-69.74938,9.70257],[-69.74562,9.70379],[-69.74525,9.70132],[-69.74476,9.70179],[-69.74375,9.69958],[-69.74057,9.69993],[-69.73706,9.7052],[-69.73546,9.70998],[-69.73267,9.71283],[-69.73057,9.71317],[-69.72842,9.71676],[-69.72654,9.71694],[-69.72512,9.7145],[-69.72098,9.71425],[-69.71788,9.71585],[-69.71661,9.71557],[-69.71486,9.71712],[-69.71323,9.71667],[-69.71182,9.71788],[-69.71141,9.7159],[-69.70807,9.71613],[-69.70553,9.71749],[-69.70442,9.71639],[-69.70179,9.71733],[-69.70052,9.71934],[-69.69769,9.71697],[-69.69735,9.71853],[-69.69353,9.72146],[-69.6903,9.72191],[-69.68621,9.72453],[-69.68498,9.72421],[-69.67832,9.73139],[-69.67577,9.73607],[-69.67539,9.73919],[-69.67335,9.74089],[-69.66963,9.73949],[-69.66892,9.73415],[-69.66552,9.73737],[-69.66228,9.73567],[-69.66033,9.73796],[-69.6593,9.73792],[-69.66029,9.74287]]}},{"type":"Feature","id":"way/415635544","properties":{"name":"V\u00eda al Yacamb\u00fa","highway":"tertiary","ref":"R-49"},"geometry":{"type":"LineString","coordinates":[[-69.65915,9.73926],[-69.6578,9.73794],[-69.6574,9.7333],[-69.65421,9.73264],[-69.65447,9.73108],[-69.65652,9.72929],[-69.65667,9.72523],[-69.65318,9.72851],[-69.65207,9.72799],[-69.65455,9.7245],[-69.65216,9.7227],[-69.6527,9.72132],[-69.6519,9.71766],[-69.6537,9.71338],[-69.65141,9.70793]]}},{"type":"Feature","id":"way/415637106","properties":{"name":"Avenida Bolivar","highway":"primary","ref":"L-1"},"geometry":{"type":"LineString","coordinates":[[-69.65303,9.75087],[-69.66083,9.74393]]}},{"type":"Feature","id":"way/415637107","properties":{"highway":"primary","ref":"L-1"},"geometry":{"type":"LineString","coordinates":[[-69.66083,9.74393],[-69.66029,9.74287]]}},{"type":"Feature","id":"way/415637109","properties":{"name":"V\u00eda al Yacamb\u00fa","highway":"tertiary","ref":"R-49"},"geometry":{"type":"LineString","coordinates":[[-69.52515,9.70008],[-69.53206,9.70023],[-69.53535,9.69732],[-69.54525,9.69338],[-69.55002,9.69384],[-69.55031,9.69495],[-69.54824,9.69546],[-69.54727,9.69697],[-69.54619,9.70106],[-69.54964,9.70743],[-69.5543,9.70533],[-69.55685,9.7086],[-69.56265,9.71031],[-69.56375,9.70757],[-69.56504,9.70824],[-69.56747,9.70567],[-69.56968,9.70631],[-69.57042,9.70907],[-69.57153,9.7076],[-69.57308,9.70849],[-69.57384,9.70481],[-69.57487,9.70766],[-69.57594,9.7052],[-69.57785,9.70466],[-69.5814,9.70561],[-69.58335,9.70323],[-69.58494,9.7033],[-69.58411,9.70496],[-69.58801,9.70269],[-69.59168,9.70763],[-69.59518,9.70718],[-69.59496,9.70453],[-69.59645,9.70445],[-69.59812,9.70164],[-69.6044,9.70335],[-69.6067,9.70233],[-69.60633,9.70055],[-69.60718,9.69908],[-69.60866,9.69867],[-69.60851,9.70023],[-69.60966,9.70063],[-69.61229,9.69651],[-69.61372,9.69616],[-69.61607,9.6968],[-69.61652,9.69907],[-69.61819,9.70104],[-69.62202,9.7002],[-69.63403,9.70249],[-69.64095,9.70051],[-69.64386,9.70157],[-69.64603,9.70093],[-69.65141,9.70793]]}},{"type":"Feature","id":"way/415812410","properties":{"highway":"tertiary"},"geometry":{"type":"LineString","coordinates":[[-69.62558,9.92544],[-69.62534,9.9244]]}},{"type":"Feature","id":"way/415823088","properties":{"name":"Calle Libertador","highway":"primary","ref":"L-1"},"geometry":{"type":"LineString","coordinates":[[-69.65329,9.7497],[-69.65339,9.74987]]}},{"type":"Feature","id":"way/415830475","properties":{"name":"Carretera Cordero - Nonavana","highway":"tertiary","ref":"R-25"},"geometry":{"type":"LineString","coordinates":[[-69.18806,10.18095],[-69.19105,10.18112],[-69.19198,10.18274],[-69.20523,10.18378],[-69.21093,10.18186],[-69.21467,10.17845],[-69.22454,10.17789],[-69.22558,10.17664],[-69.22937,10.17573],[-69.23685,10.17152],[-69.24058,10.17098],[-69.24257,10.17177]]}},{"type":"Feature","id":"way/417062047","properties":{"name":"Carretera del Dinira","highway":"tertiary"},"geometry":{"type":"LineString","coordinates":[[-69.976,9.53718],[-69.97618,9.53852],[-69.97882,9.54127],[-69.97861,9.54476],[-69.98003,9.54769],[-69.97999,9.55062],[-69.98177,9.55168],[-69.98152,9.55287],[-69.98074,9.55272]]}},{"type":"Feature","id":"way/417062077","properties":{"name":"Carretera del Dinira","highway":"tertiary"},"geometry":{"type":"LineString","coordinates":[[-69.98074,9.55272],[-69.9831,9.55632]]}},{"type":"Feature","id":"way/417590222","properties":{"highway":"primary","ref":"R-15"},"geometry":{"type":"LineString","coordinates":[[-69.34453,10.04717],[-69.34435,10.04653]]}},{"type":"Feature","id":"way/417590234","properties":{"name":"Avenida Rotaria","highway":"primary","ref":"R-15"},"geometry":{"type":"LineString","coordinates":[[-69.35269,10.04814],[-69.3562,10.06585]]}},{"type":"Feature","id":"way/417990330","properties":{"name":"Calle Santa Ana","highway":"primary","ref":"L-1"},"geometry":{"type":"LineString","coordinates":[[-69.65339,9.74987],[-69.65303,9.75087]]}},{"type":"Feature","id":"way/418092264","properties":{"name":"Carretera Regional Quibor - Sanare","highway":"primary","ref":"L-1"},"geometry":{"type":"LineString","coordinates":[[-69.64756,9.75651],[-69.64638,9.75688],[-69.64648,9.75812],[-69.64455,9.75827],[-69.64502,9.75934],[-69.64373,9.75922],[-69.64393,9.76028],[-69.643,9.76015],[-69.64248,9.76181],[-69.64045,9.76294],[-69.64057,9.77114],[-69.64245,9.77216],[-69.6436,9.77438],[-69.64614,9.77385],[-69.64745,9.77223],[-69.64824,9.77468],[-69.64609,9.77775],[-69.64573,9.78212],[-69.64419,9.78418],[-69.64597,9.78549],[-69.6459,9.78655],[-69.64217,9.78942],[-69.64121,9.79176],[-69.64394,9.79453],[-69.64281,9.7981],[-69.6409,9.79927],[-69.64105,9.80021],[-69.63752,9.80412],[-69.6323,9.80813],[-69.62601,9.81654],[-69.62531,9.81897],[-69.62607,9.82312],[-69.6202,9.83115],[-69.62045,9.83254],[-69.61823,9.83585],[-69.61899,9.83749],[-69.6129,9.84569],[-69.61365,9.8481],[-69.61159,9.85584],[-69.61208,9.86242],[-69.61466,9.87277],[-69.61713,9.87782],[-69.61971,9.89429],[-69.62132,9.89851],[-69.62252,9.91184]]}},{"type":"Feature","id":"way/418094267","properties":{"name":"Avenida Fraternidad","highway":"primary","ref":"L-1"},"geometry":{"type":"LineString","coordinates":[[-69.66029,9.74287],[-69.6588,9.74398]]}},{"type":"Feature","id":"way/418094268","properties":{"highway":"primary","ref":"L-1"},"geometry":{"type":"LineString","coordinates":[[-69.6588,9.74398],[-69.65911,9.74435]]}},{"type":"Feature","id":"way/418094269","properties":{"name":"Avenida Comercio","highway":"primary","ref":"L-1"},"geometry":{"type":"LineString","coordinates":[[-69.65911,9.74435],[-69.65329,9.7497]]}},{"type":"Feature","id":"way/421190625","properties":{"name":"Distribuidor Bellas Artes","highway":"primary_link"},"geometry":{"type":"LineString","coordinates":[[-69.28247,10.0382],[-69.28198,10.038]]}},{"type":"Feature","id":"way/421190626","properties":{"name":"Distribuidor Bellas Artes","highway":"primary_link"},"geometry":{"type":"LineString","coordinates":[[-69.28395,10.04124],[-69.28247,10.0382]]}},{"type":"Feature","id":"way/421190774","properties":{"name":"Distribuidor Bellas Artes","highway":"primary_link"},"geometry":{"type":"LineString","coordinates":[[-69.28198,10.038],[-69.28094,10.03806]]}},{"type":"Feature","id":"way/421324427","properties":{"name":"V\u00eda Principal de El Manzano","highway":"primary","ref":"L-4"},"geometry":{"type":"LineString","coordinates":[[-69.32123,10.0238],[-69.31701,10.02738],[-69.31745,10.03112],[-69.31859,10.0317],[-69.31941,10.03455],[-69.31834,10.04073],[-69.31897,10.04308],[-69.31842,10.04834],[-69.31588,10.05353],[-69.31587,10.05585]]}},{"type":"Feature","id":"way/422015202","properties":{"highway":"primary_link"},"geometry":{"type":"LineString","coordinates":[[-69.31423,10.16421],[-69.3144,10.16425]]}},{"type":"Feature","id":"way/422219730","properties":{"name":"Carretera El Potrero - Valle Hondo","highway":"tertiary","ref":"R-22"},"geometry":{"type":"LineString","coordinates":[[-69.25275,10.21396],[-69.25527,10.21171],[-69.25583,10.20469],[-69.25989,10.19516],[-69.25869,10.18916],[-69.25899,10.18162]]}},{"type":"Feature","id":"way/427647225","properties":{"name":"V\u00eda a Tacarig\u00fcita","highway":"tertiary"},"geometry":{"type":"LineString","coordinates":[[-69.27576,10.28037],[-69.27467,10.27823],[-69.27481,10.27338],[-69.2762,10.26878],[-69.27465,10.26286],[-69.27459,10.25811],[-69.27023,10.24577],[-69.27095,10.2424]]}},{"type":"Feature","id":"way/435548301","properties":{"name":"Calle Bolivar","highway":"tertiary"},"geometry":{"type":"LineString","coordinates":[[-70.08016,10.17556],[-70.09006,10.18307]]}},{"type":"Feature","id":"way/444484088","properties":{"name":"Carrera 19","highway":"tertiary"},"geometry":{"type":"LineString","coordinates":[[-69.35386,10.06315],[-69.33277,10.06473]]}},{"type":"Feature","id":"way/448863948","properties":{"highway":"primary_link"},"geometry":{"type":"LineString","coordinates":[[-69.31459,10.16218],[-69.31485,10.16213]]}},{"type":"Feature","id":"way/478476334","properties":{"highway":"tertiary"},"geometry":{"type":"LineString","coordinates":[[-70.27782,10.30891],[-70.27452,10.30131],[-70.27418,10.29652],[-70.27109,10.29428],[-70.26738,10.28779],[-70.25967,10.2806],[-70.25667,10.27635],[-70.2554,10.27274]]}},{"type":"Feature","id":"way/478488792","properties":{"name":"V\u00eda a Quebrada Arriba","highway":"secondary","ref":"L-2"},"geometry":{"type":"LineString","coordinates":[[-70.46335,10.09504],[-70.46244,10.09475]]}},{"type":"Feature","id":"way/478488796","properties":{"name":"V\u00eda a Quebrada Arriba","highway":"secondary","ref":"L-2"},"geometry":{"type":"LineString","coordinates":[[-70.53977,10.23031],[-70.54012,10.23066]]}},{"type":"Feature","id":"way/478488797","properties":{"name":"V\u00eda a Quebrada Arriba","highway":"secondary","ref":"L-2"},"geometry":{"type":"LineString","coordinates":[[-70.46331,10.09417],[-70.46335,10.09504]]}},{"type":"Feature","id":"way/478488801","properties":{"name":"V\u00eda a Quebrada Arriba","highway":"secondary","ref":"L-2"},"geometry":{"type":"LineString","coordinates":[[-70.54012,10.23066],[-70.54039,10.23092]]}},{"type":"Feature","id":"way/478488804","properties":{"highway":"tertiary","ref":"L-2"},"geometry":{"type":"LineString","coordinates":[[-70.53978,10.24072],[-70.5396,10.24003]]}},{"type":"Feature","id":"way/478895743","properties":{"name":"V\u00eda a Las Veras","highway":"secondary","ref":"R-8"},"geometry":{"type":"LineString","coordinates":[[-70.20886,10.07534],[-70.2089,10.07528]]}},{"type":"Feature","id":"way/478895744","properties":{"name":"V\u00eda a Las Veras","highway":"secondary","ref":"R-8"},"geometry":{"type":"LineString","coordinates":[[-70.18784,10.10466],[-70.18844,10.09925],[-70.19815,10.09043],[-70.20076,10.08608],[-70.20489,10.08316],[-70.20612,10.0794],[-70.20886,10.07534]]}},{"type":"Feature","id":"way/510196362","properties":{"highway":"trunk_link"},"geometry":{"type":"LineString","coordinates":[[-69.22077,10.00175],[-69.2206,10.00193]]}},{"type":"Feature","id":"way/543323275","properties":{"name":"Avenida Intercomunal de Cabudare","highway":"trunk","ref":"T-4"},"geometry":{"type":"LineString","coordinates":[[-69.26551,10.06],[-69.26488,10.0591]]}},{"type":"Feature","id":"way/543323276","properties":{"name":"Avenida Intercomunal de Cabudare","highway":"trunk","ref":"T-4"},"geometry":{"type":"LineString","coordinates":[[-69.26537,10.06007],[-69.26583,10.06122]]}},{"type":"Feature","id":"way/543323277","properties":{"name":"Avenida Intercomunal de Cabudare","highway":"trunk","ref":"T-4"},"geometry":{"type":"LineString","coordinates":[[-69.26473,10.05916],[-69.26537,10.06007]]}},{"type":"Feature","id":"way/543323278","properties":{"name":"Avenida Intercomunal de Cabudare","highway":"trunk","ref":"T-4"},"geometry":{"type":"LineString","coordinates":[[-69.2467,10.02485],[-69.24403,10.02281]]}},{"type":"Feature","id":"way/547642909","properties":{"name":"Avenida Ribere\u00f1a","highway":"primary","ref":"R-15"},"geometry":{"type":"LineString","coordinates":[[-69.28776,10.04665],[-69.28395,10.04124]]}},{"type":"Feature","id":"way/547642912","properties":{"name":"Avenida Ribere\u00f1a","highway":"primary","ref":"R-15"},"geometry":{"type":"LineString","coordinates":[[-69.28792,10.04687],[-69.28776,10.04665]]}},{"type":"Feature","id":"way/547642916","properties":{"name":"Avenida Ribere\u00f1a","highway":"primary","ref":"R-15"},"geometry":{"type":"LineString","coordinates":[[-69.28783,10.04693],[-69.28911,10.0494]]}},{"type":"Feature","id":"way/547642917","properties":{"name":"Avenida Ribere\u00f1a","highway":"primary","ref":"R-15"},"geometry":{"type":"LineString","coordinates":[[-69.28767,10.04671],[-69.28783,10.04693]]}},{"type":"Feature","id":"way/548700023","properties":{"name":"Carretera Lara - Zulia","highway":"trunk","ref":"T-17"},"geometry":{"type":"LineString","coordinates":[[-70.87939,10.04796],[-70.87172,10.04634],[-70.86819,10.04672],[-70.84842,10.04245],[-70.84368,10.03879],[-70.83973,10.04082],[-70.8343,10.04035],[-70.81264,10.03549],[-70.80916,10.03233],[-70.79956,10.02756],[-70.799,10.02438],[-70.79595,10.02003],[-70.79646,10.0145],[-70.79415,10.01016],[-70.79131,10.00928],[-70.78128,10.01563],[-70.7752,10.01783],[-70.77033,10.02457],[-70.76405,10.02425],[-70.75752,10.02805],[-70.75148,10.02928],[-70.74738,10.0349],[-70.73703,10.03679],[-70.73642,10.042],[-70.73151,10.04521],[-70.72795,10.04588],[-70.72561,10.0537],[-70.72183,10.05612],[-70.72232,10.06044],[-70.71981,10.0653],[-70.71626,10.06847],[-70.71722,10.07791]]}},{"type":"Feature","id":"way/550239644","properties":{"name":"Carretera Quebrada Arriba - Bariro","highway":"tertiary","ref":"L-2"},"geometry":{"type":"LineString","coordinates":[[-70.52679,10.24563],[-70.51879,10.26794],[-70.51141,10.26695],[-70.50792,10.26898],[-70.50262,10.2691],[-70.49827,10.27229],[-70.49195,10.28089],[-70.4918,10.28236],[-70.49381,10.28641],[-70.49224,10.29099],[-70.49472,10.29377],[-70.49453,10.29984],[-70.49157,10.30273],[-70.48646,10.31317],[-70.48313,10.32532],[-70.48332,10.33078],[-70.48525,10.33707],[-70.48879,10.34103],[-70.4908,10.35559],[-70.4956,10.36193],[-70.49388,10.36545],[-70.49257,10.37567],[-70.4909,10.38007],[-70.4921,10.38912],[-70.4949,10.39535],[-70.51036,10.40259],[-70.51964,10.40376],[-70.52777,10.4033],[-70.52806,10.4054],[-70.52903,10.40358],[-70.52955,10.40542],[-70.53108,10.4039],[-70.53367,10.40319],[-70.53614,10.40397],[-70.53624,10.40508],[-70.53751,10.40441],[-70.53749,10.40529],[-70.53999,10.40612],[-70.54145,10.40826],[-70.54504,10.40777],[-70.54689,10.4091]]}},{"type":"Feature","id":"way/550239645","properties":{"name":"V\u00eda a Quebrada Arriba","highway":"secondary","ref":"L-2"},"geometry":{"type":"LineString","coordinates":[[-70.46335,10.09504],[-70.46708,10.10042],[-70.4692,10.10701],[-70.47429,10.11285],[-70.47459,10.12244],[-70.4774,10.13119],[-70.47813,10.13713],[-70.48127,10.14345],[-70.48489,10.14715],[-70.48964,10.14769],[-70.49141,10.14892],[-70.49179,10.15869],[-70.4941,10.16629],[-70.50325,10.17631],[-70.51569,10.18159],[-70.517,10.18351],[-70.519,10.19281],[-70.52475,10.19434],[-70.53516,10.20624],[-70.53702,10.21236],[-70.53993,10.21705],[-70.53911,10.22916],[-70.53977,10.23031]]}},{"type":"Feature","id":"way/552402648","properties":{"highway":"secondary","ref":"L-7;L-8;R-7"},"geometry":{"type":"LineString","coordinates":[[-69.90892,10.15766],[-69.90382,10.17134],[-69.90447,10.17971],[-69.9011,10.18619],[-69.89784,10.18758]]}},{"type":"Feature","id":"way/552402657","properties":{"name":"Carretera Vieja","highway":"tertiary","ref":"L-8"},"geometry":{"type":"LineString","coordinates":[[-69.93314,10.19604],[-69.93641,10.19601],[-69.94065,10.19408],[-69.94744,10.19316],[-69.95244,10.1913],[-69.95696,10.19205],[-69.95913,10.19432],[-69.96619,10.19392],[-69.96798,10.19087],[-69.97652,10.18809],[-69.97937,10.18908],[-69.98148,10.19199],[-69.98447,10.19326],[-69.98815,10.19124],[-70.00743,10.18684],[-70.01276,10.18248],[-70.01539,10.18224],[-70.01774,10.18066],[-70.02241,10.18107],[-70.03577,10.1782],[-70.04841,10.1797],[-70.05412,10.17871]]}},{"type":"Feature","id":"way/552405666","properties":{"highway":"trunk_link"},"geometry":{"type":"LineString","coordinates":[[-69.7245,10.1346],[-69.72769,10.13583],[-69.72859,10.13715]]}},{"type":"Feature","id":"way/552405667","properties":{"highway":"trunk_link"},"geometry":{"type":"LineString","coordinates":[[-69.72859,10.13715],[-69.72972,10.13644]]}},{"type":"Feature","id":"way/552409827","properties":{"name":"Avenida Pedro Leon Torres","highway":"secondary","ref":"R-10"},"geometry":{"type":"LineString","coordinates":[[-69.63527,9.95433],[-69.63209,9.94326],[-69.62738,9.93479],[-69.62136,9.9265],[-69.62155,9.92316]]}},{"type":"Feature","id":"way/552409829","properties":{"name":"V\u00eda a Guadalupe","highway":"secondary","ref":"R-10"},"geometry":{"type":"LineString","coordinates":[[-69.65808,9.99478],[-69.66408,9.99278],[-69.66837,9.99652],[-69.6719,10.00719],[-69.67576,10.00768],[-69.67453,10.01399],[-69.67633,10.02015],[-69.67577,10.02522],[-69.67736,10.0307]]}},{"type":"Feature","id":"way/552411241","properties":{"name":"V\u00eda a Curarigua","highway":"secondary","ref":"R-1"},"geometry":{"type":"LineString","coordinates":[[-69.93318,9.98539],[-69.92721,9.99629],[-69.92382,9.99723],[-69.9208,10.00189],[-69.91701,10.00428],[-69.90863,10.00763],[-69.9086,10.00953],[-69.91332,10.02096],[-69.91458,10.02847],[-69.9166,10.03027],[-69.92179,10.03175],[-69.92201,10.03725],[-69.92382,10.04118],[-69.92242,10.04226],[-69.92455,10.04343],[-69.92798,10.04825],[-69.92952,10.04795],[-69.93171,10.05018],[-69.93342,10.04999],[-69.93387,10.04878],[-69.93592,10.05034],[-69.93699,10.05278],[-69.93696,10.05861],[-69.94081,10.06741],[-69.93985,10.07036],[-69.94224,10.07357],[-69.9488,10.07546],[-69.94866,10.07794],[-69.95394,10.08231],[-69.95277,10.08684],[-69.95162,10.08638],[-69.95331,10.08883],[-69.95252,10.09127],[-69.95307,10.09229],[-69.95773,10.0948],[-69.95732,10.09694],[-69.95859,10.09876],[-69.95761,10.10009],[-69.95673,10.10579],[-69.95858,10.10572],[-69.96099,10.10812],[-69.9637,10.11264],[-69.96494,10.11686],[-69.96862,10.11885],[-69.97364,10.1197],[-69.9819,10.12569],[-69.98399,10.1255],[-69.98618,10.1267],[-69.99142,10.13227],[-69.99528,10.13159]]}},{"type":"Feature","id":"way/552411243","properties":{"name":"Avenida Bolivar","highway":"primary","ref":"L-1"},"geometry":{"type":"LineString","coordinates":[[-69.65303,9.75087],[-69.64756,9.75651]]}},{"type":"Feature","id":"way/552411860","properties":{"name":"Avenida circunvalaci\u00f3n","highway":"primary","ref":"T-7"},"geometry":{"type":"LineString","coordinates":[[-69.78891,9.79663],[-69.78989,9.79544],[-69.7973,9.79429],[-69.79938,9.78972],[-69.80025,9.78359],[-69.79773,9.78006]]}},{"type":"Feature","id":"way/552417465","properties":{"highway":"secondary","ref":"R-19;R-50"},"geometry":{"type":"LineString","coordinates":[[-70.17058,9.82943],[-70.18834,9.82087]]}},{"type":"Feature","id":"way/552417467","properties":{"highway":"secondary","ref":"R-50"},"geometry":{"type":"LineString","coordinates":[[-70.12357,9.80639],[-70.12395,9.80563]]}},{"type":"Feature","id":"way/552421827","properties":{"highway":"secondary","ref":"L-4"},"geometry":{"type":"LineString","coordinates":[[-69.47981,9.89446],[-69.48785,9.8869],[-69.49005,9.88786],[-69.49076,9.88579],[-69.49599,9.88409],[-69.49894,9.88158],[-69.50049,9.88301],[-69.50332,9.87934],[-69.50702,9.87795]]}},{"type":"Feature","id":"way/552421829","properties":{"name":"V\u00eda Principal de Titicare","highway":"primary","ref":"L-4"},"geometry":{"type":"LineString","coordinates":[[-69.35498,9.98452],[-69.35347,9.98601],[-69.35293,9.98983],[-69.34974,9.98984],[-69.34773,9.99195],[-69.35034,9.99772],[-69.34778,10.0014],[-69.34476,10.00863],[-69.33915,10.01116],[-69.33674,10.0142],[-69.33459,10.01456],[-69.33559,10.01507],[-69.33066,10.01696],[-69.32323,10.02324],[-69.32123,10.0238]]}},{"type":"Feature","id":"way/552448940","properties":{"highway":"secondary","ref":"R-1"},"geometry":{"type":"LineString","coordinates":[[-69.77284,9.8557],[-69.77623,9.86234],[-69.78007,9.86606],[-69.78138,9.87239],[-69.784,9.87618],[-69.78372,9.88131],[-69.7955,9.87967],[-69.79681,9.88269],[-69.79933,9.88316]]}},{"type":"Feature","id":"way/552455051","properties":{"name":"Avenida Ribere\u00f1a","highway":"primary","ref":"R-15"},"geometry":{"type":"LineString","coordinates":[[-69.28309,10.04021],[-69.28767,10.04671]]}},{"type":"Feature","id":"way/552455052","properties":{"name":"Avenida El Placer","highway":"primary","ref":"R-15"},"geometry":{"type":"LineString","coordinates":[[-69.28094,10.03806],[-69.25994,10.04036]]}},{"type":"Feature","id":"way/552455053","properties":{"name":"Retorno","highway":"primary_link"},"geometry":{"type":"LineString","coordinates":[[-69.28029,10.03821],[-69.28175,10.0379]]}},{"type":"Feature","id":"way/552456160","properties":{"name":"Avenida El Placer","highway":"tertiary","ref":"R-15"},"geometry":{"type":"LineString","coordinates":[[-69.25616,10.04021],[-69.25671,10.04046]]}},{"type":"Feature","id":"way/552456163","properties":{"name":"Avenida El Placer","highway":"primary","ref":"R-15"},"geometry":{"type":"LineString","coordinates":[[-69.2573,10.04062],[-69.25941,10.04047]]}},{"type":"Feature","id":"way/552463242","properties":{"name":"Distribuidor Polideportivo","highway":"trunk_link"},"geometry":{"type":"LineString","coordinates":[[-69.21737,9.99227],[-69.21692,9.99133]]}},{"type":"Feature","id":"way/552463244","properties":{"name":"Distribuidor Polideportivo","highway":"trunk_link"},"geometry":{"type":"LineString","coordinates":[[-69.21715,9.98931],[-69.21609,9.99011]]}},{"type":"Feature","id":"way/552463246","properties":{"name":"Distribuidor Polideportivo","highway":"trunk_link"},"geometry":{"type":"LineString","coordinates":[[-69.21692,9.99133],[-69.21835,9.99179]]}},{"type":"Feature","id":"way/552470105","properties":{"name":"Via a Coco e' Mono","highway":"tertiary"},"geometry":{"type":"LineString","coordinates":[[-69.18614,10.03382],[-69.18716,10.03378],[-69.19271,10.03825],[-69.20096,10.03864],[-69.20111,10.04103],[-69.20359,10.04176],[-69.20563,10.0411],[-69.20763,10.03895],[-69.21087,10.03858],[-69.21388,10.04029],[-69.21555,10.03937],[-69.21804,10.03978],[-69.22052,10.0416]]}},{"type":"Feature","id":"way/552470106","properties":{"highway":"tertiary"},"geometry":{"type":"LineString","coordinates":[[-69.18585,10.03387],[-69.18275,10.03911],[-69.17985,10.04032],[-69.17764,10.0431],[-69.17535,10.05193],[-69.17274,10.05401],[-69.17056,10.05343],[-69.16864,10.05681],[-69.1638,10.05648],[-69.16376,10.0582]]}},{"type":"Feature","id":"way/552470107","properties":{"name":"Distribuidor El Ujano","highway":"trunk_link"},"geometry":{"type":"LineString","coordinates":[[-69.26631,10.08773],[-69.26603,10.08821]]}},{"type":"Feature","id":"way/552470108","properties":{"name":"Distribuidor El Ujano","highway":"trunk_link"},"geometry":{"type":"LineString","coordinates":[[-69.26654,10.08804],[-69.2664,10.08761]]}},{"type":"Feature","id":"way/552470110","properties":{"name":"Carretera Panamericana","highway":"secondary"},"geometry":{"type":"LineString","coordinates":[[-69.21904,10.10749],[-69.2291,10.10205],[-69.23415,10.1028],[-69.24138,10.10124],[-69.2425,10.10042],[-69.24377,10.09662],[-69.24275,10.09471],[-69.24391,10.09315],[-69.24635,10.0932],[-69.2526,10.09625],[-69.25473,10.09613],[-69.26332,10.08934]]}},{"type":"Feature","id":"way/552482216","properties":{"name":"Distribuidor El Trompillo","highway":"trunk_link"},"geometry":{"type":"LineString","coordinates":[[-69.33521,10.10206],[-69.33481,10.10242]]}},{"type":"Feature","id":"way/552482217","properties":{"name":"Distribuidor El Trompillo","highway":"trunk_link"},"geometry":{"type":"LineString","coordinates":[[-69.33481,10.10242],[-69.33468,10.10259]]}},{"type":"Feature","id":"way/552482218","properties":{"name":"Distribuidor El Trompillo","highway":"trunk_link"},"geometry":{"type":"LineString","coordinates":[[-69.33468,10.10259],[-69.33403,10.1038]]}},{"type":"Feature","id":"way/552482219","properties":{"name":"Distribuidor El Trompillo","highway":"trunk_link"},"geometry":{"type":"LineString","coordinates":[[-69.33558,10.10372],[-69.33571,10.10353]]}},{"type":"Feature","id":"way/552482220","properties":{"name":"Distribuidor Moyetones","highway":"trunk_link"},"geometry":{"type":"LineString","coordinates":[[-69.39574,10.07754],[-69.39744,10.07655],[-69.3969,10.07814]]}},{"type":"Feature","id":"way/552482221","properties":{"name":"Distribuidor Moyetones","highway":"trunk_link"},"geometry":{"type":"LineString","coordinates":[[-69.39806,10.07705],[-69.39758,10.07582],[-69.39884,10.07444]]}},{"type":"Feature","id":"way/552484577","properties":{"name":"Eje Rural de Algar\u00ed","highway":"tertiary","ref":"R-21"},"geometry":{"type":"LineString","coordinates":[[-69.3737,10.17972],[-69.37554,10.1792],[-69.37739,10.1758],[-69.37588,10.1726],[-69.37664,10.17074],[-69.38039,10.16755],[-69.38198,10.16294],[-69.38323,10.16205],[-69.38696,10.1608],[-69.39036,10.16133],[-69.39134,10.1593],[-69.39625,10.15785],[-69.39843,10.15591],[-69.40929,10.15498],[-69.41607,10.15248],[-69.42005,10.15205],[-69.42797,10.15374],[-69.42951,10.15276],[-69.43142,10.14781],[-69.44999,10.13853]]}},{"type":"Feature","id":"way/552484599","properties":{"name":"V\u00eda a Tacarig\u00fcita","highway":"tertiary"},"geometry":{"type":"LineString","coordinates":[[-69.26783,10.23798],[-69.26828,10.23666]]}},{"type":"Feature","id":"way/552565054","properties":{"name":"Carrera 20","highway":"tertiary"},"geometry":{"type":"LineString","coordinates":[[-69.30366,10.06832],[-69.30465,10.06819]]}},{"type":"Feature","id":"way/552565065","properties":{"name":"Carrera 20","highway":"tertiary"},"geometry":{"type":"LineString","coordinates":[[-69.30465,10.06819],[-69.30929,10.06773]]}},{"type":"Feature","id":"way/552574168","properties":{"name":"Calle 20","highway":"tertiary","ref":"R-18"},"geometry":{"type":"LineString","coordinates":[[-69.15361,10.28565],[-69.15242,10.28474]]}},{"type":"Feature","id":"way/552574170","properties":{"name":"Carrera 4","highway":"tertiary","ref":"R-18"},"geometry":{"type":"LineString","coordinates":[[-69.15361,10.28565],[-69.15279,10.28593]]}},{"type":"Feature","id":"way/552588326","properties":{"name":"V\u00eda a Siquisique","highway":"primary","ref":"L-6"},"geometry":{"type":"LineString","coordinates":[[-69.69593,10.5723],[-69.69005,10.57528],[-69.68214,10.58587],[-69.67777,10.5869],[-69.67621,10.58942],[-69.67354,10.59098],[-69.67314,10.59267],[-69.67066,10.59327],[-69.66658,10.59173],[-69.66121,10.59479],[-69.66041,10.59613],[-69.6584,10.59624],[-69.65748,10.59849],[-69.65612,10.59825]]}},{"type":"Feature","id":"way/552605307","properties":{"name":"Retorno de Cocorotico","highway":"trunk_link","ref":"T-4"},"geometry":{"type":"LineString","coordinates":[[-69.20891,9.96368],[-69.20966,9.96382]]}},{"type":"Feature","id":"way/552605308","properties":{"name":"Retorno de Cocorotico","highway":"trunk_link","ref":"T-4"},"geometry":{"type":"LineString","coordinates":[[-69.20842,9.96486],[-69.20925,9.96498]]}},{"type":"Feature","id":"way/552605320","properties":{"name":"Retorno de Aroita","highway":"trunk_link","ref":"T-4"},"geometry":{"type":"LineString","coordinates":[[-69.15544,9.83978],[-69.15612,9.83942]]}},{"type":"Feature","id":"way/552605321","properties":{"name":"Retorno de Aroita","highway":"trunk_link","ref":"T-4"},"geometry":{"type":"LineString","coordinates":[[-69.15677,9.8403],[-69.15611,9.84082]]}},{"type":"Feature","id":"way/552605322","properties":{"name":"Retorno de El Roble","highway":"trunk_link","ref":"T-4"},"geometry":{"type":"LineString","coordinates":[[-69.14318,9.80826],[-69.14371,9.80825]]}},{"type":"Feature","id":"way/552605323","properties":{"name":"Retorno de El Roble","highway":"trunk_link","ref":"T-4"},"geometry":{"type":"LineString","coordinates":[[-69.14364,9.80928],[-69.14318,9.80921]]}},{"type":"Feature","id":"way/552605326","properties":{"name":"Carretera Vieja","highway":"trunk_link"},"geometry":{"type":"LineString","coordinates":[[-69.14927,9.79113],[-69.1484,9.79184]]}},{"type":"Feature","id":"way/552605327","properties":{"highway":"trunk_link"},"geometry":{"type":"LineString","coordinates":[[-69.1484,9.79184],[-69.1488,9.7922]]}},{"type":"Feature","id":"way/552605329","properties":{"highway":"trunk_link"},"geometry":{"type":"LineString","coordinates":[[-69.14139,9.81419],[-69.14136,9.81499]]}},{"type":"Feature","id":"way/552605330","properties":{"name":"Carretera Vieja","highway":"trunk_link"},"geometry":{"type":"LineString","coordinates":[[-69.14216,9.81343],[-69.14139,9.81419]]}},{"type":"Feature","id":"way/552605332","properties":{"name":"Retorno de Sarare","highway":"trunk_link","ref":"T-4"},"geometry":{"type":"LineString","coordinates":[[-69.15662,9.77642],[-69.15689,9.77665]]}},{"type":"Feature","id":"way/552605333","properties":{"name":"Retorno de Sarare","highway":"trunk_link","ref":"T-4"},"geometry":{"type":"LineString","coordinates":[[-69.16191,9.77372],[-69.16202,9.77342]]}},{"type":"Feature","id":"way/552605335","properties":{"highway":"trunk_link"},"geometry":{"type":"LineString","coordinates":[[-69.15996,9.77441],[-69.16033,9.77445]]}},{"type":"Feature","id":"way/552605336","properties":{"highway":"trunk_link"},"geometry":{"type":"LineString","coordinates":[[-69.16033,9.77445],[-69.16055,9.77405]]}},{"type":"Feature","id":"way/552605339","properties":{"highway":"trunk_link"},"geometry":{"type":"LineString","coordinates":[[-69.16657,9.77324],[-69.16942,9.77168]]}},{"type":"Feature","id":"way/552605340","properties":{"highway":"trunk_link"},"geometry":{"type":"LineString","coordinates":[[-69.17409,9.76294],[-69.17491,9.76242]]}},{"type":"Feature","id":"way/552605341","properties":{"highway":"trunk_link"},"geometry":{"type":"LineString","coordinates":[[-69.17491,9.76242],[-69.17441,9.76228]]}},{"type":"Feature","id":"way/552605344","properties":{"highway":"trunk_link"},"geometry":{"type":"LineString","coordinates":[[-69.17899,9.75307],[-69.17832,9.75307]]}},{"type":"Feature","id":"way/552605345","properties":{"highway":"trunk_link"},"geometry":{"type":"LineString","coordinates":[[-69.17832,9.75307],[-69.1783,9.75378]]}},{"type":"Feature","id":"way/552605347","properties":{"name":"Retorno de La Miel","highway":"trunk_link","ref":"T-4"},"geometry":{"type":"LineString","coordinates":[[-69.17695,9.75591],[-69.17736,9.75607]]}},{"type":"Feature","id":"way/552605348","properties":{"name":"Retorno de La Miel","highway":"trunk_link","ref":"T-4"},"geometry":{"type":"LineString","coordinates":[[-69.17716,9.75649],[-69.17675,9.75623]]}},{"type":"Feature","id":"way/552605352","properties":{"highway":"trunk_link"},"geometry":{"type":"LineString","coordinates":[[-69.23954,9.70498],[-69.2413,9.70352]]}},{"type":"Feature","id":"way/552605353","properties":{"highway":"trunk_link"},"geometry":{"type":"LineString","coordinates":[[-69.2413,9.70352],[-69.24085,9.70322]]}},{"type":"Feature","id":"way/554590411","properties":{"name":"Avenida Lara","highway":"tertiary","ref":"T-4"},"geometry":{"type":"LineString","coordinates":[[-69.27561,10.06115],[-69.26749,10.0616],[-69.26588,10.06062]]}},{"type":"Feature","id":"way/556308206","properties":{"name":"Carretera Yaritagua - La Manzanita","highway":"secondary","ref":"R-11"},"geometry":{"type":"LineString","coordinates":[[-69.11712,10.07181],[-69.11524,10.06789],[-69.11464,10.06393],[-69.11447,10.06166],[-69.11558,10.05967],[-69.10551,10.02786],[-69.10055,10.02374],[-69.0969,10.02268],[-69.09354,10.02315],[-69.08996,10.02142],[-69.09015,10.0196],[-69.08531,10.00848],[-69.08146,9.99561],[-69.06697,9.97715],[-69.06537,9.97343],[-69.05793,9.96888],[-69.04762,9.96525],[-69.03969,9.96368],[-69.03099,9.96309],[-69.02329,9.96462],[-69.01753,9.96238],[-69.00979,9.96295],[-69.00674,9.96143],[-69.00125,9.96072],[-68.9955,9.9605],[-68.98485,9.96207],[-68.97878,9.96119]]}},{"type":"Feature","id":"way/558108340","properties":{"name":"Retorno de La Fe","highway":"trunk_link","ref":"T-1"},"geometry":{"type":"LineString","coordinates":[[-69.53904,9.98498],[-69.53746,9.98576],[-69.53904,9.98553]]}},{"type":"Feature","id":"way/558108341","properties":{"name":"Retorno","highway":"primary_link","ref":"T-7"},"geometry":{"type":"LineString","coordinates":[[-69.5773,9.95186],[-69.5782,9.95107],[-69.57762,9.95076]]}},{"type":"Feature","id":"way/558108342","properties":{"name":"Avenida Florencio Jim\u00e9nez","highway":"primary","ref":"T-7"},"geometry":{"type":"LineString","coordinates":[[-69.57932,9.94994],[-69.57533,9.95223],[-69.56574,9.96172],[-69.56116,9.96813]]}},{"type":"Feature","id":"way/558108343","properties":{"name":"Avenida Florencio Jim\u00e9nez","highway":"primary","ref":"T-7"},"geometry":{"type":"LineString","coordinates":[[-69.57986,9.94979],[-69.57932,9.94994]]}},{"type":"Feature","id":"way/558108344","properties":{"name":"Avenida Florencio Jim\u00e9nez","highway":"primary","ref":"T-7"},"geometry":{"type":"LineString","coordinates":[[-69.58015,9.95008],[-69.58818,9.94488],[-69.60098,9.93322],[-69.60575,9.93106]]}},{"type":"Feature","id":"way/558108345","properties":{"name":"Avenida Florencio Jim\u00e9nez","highway":"primary","ref":"T-7"},"geometry":{"type":"LineString","coordinates":[[-69.57948,9.9505],[-69.58015,9.95008]]}},{"type":"Feature","id":"way/558108346","properties":{"name":"Carretera Lara - Zulia","highway":"trunk","ref":"T-1"},"geometry":{"type":"LineString","coordinates":[[-69.54504,9.98171],[-69.54982,9.98],[-69.55629,9.9824]]}},{"type":"Feature","id":"way/558108347","properties":{"name":"Carretera Lara - Zulia","highway":"trunk","ref":"T-1"},"geometry":{"type":"LineString","coordinates":[[-69.5529,9.98069],[-69.54872,9.97992],[-69.545,9.9816]]}},{"type":"Feature","id":"way/590279599","properties":{"name":"Avenida La Salle","highway":"primary_link"},"geometry":{"type":"LineString","coordinates":[[-69.35303,10.04809],[-69.35267,10.04785]]}},{"type":"Feature","id":"way/591616371","properties":{"highway":"tertiary"},"geometry":{"type":"LineString","coordinates":[[-70.10006,10.15223],[-70.07443,10.16326]]}},{"type":"Feature","id":"way/619421707","properties":{"highway":"trunk_link"},"geometry":{"type":"LineString","coordinates":[[-69.2081,9.9786],[-69.20828,9.97888]]}},{"type":"Feature","id":"way/619582555","properties":{"name":"Calle 7","highway":"tertiary"},"geometry":{"type":"LineString","coordinates":[[-69.35657,10.03675],[-69.35659,10.03682]]}},{"type":"Feature","id":"way/619588277","properties":{"name":"Avenida Intercomunal de Cabudare","highway":"trunk","ref":"T-4"},"geometry":{"type":"LineString","coordinates":[[-69.25596,10.03196],[-69.25846,10.03443],[-69.26241,10.05524],[-69.26473,10.05916]]}},{"type":"Feature","id":"way/619826512","properties":{"name":"Avenida La Mata","highway":"tertiary"},"geometry":{"type":"LineString","coordinates":[[-69.25603,10.03186],[-69.25878,10.01966]]}},{"type":"Feature","id":"way/620180434","properties":{"highway":"primary_link"},"geometry":{"type":"LineString","coordinates":[[-69.28553,10.04328],[-69.2857,10.04276]]}},{"type":"Feature","id":"way/621592810","properties":{"name":"Carretera Mamporal - Yumare","highway":"tertiary"},"geometry":{"type":"LineString","coordinates":[[-68.79597,10.61658],[-68.80022,10.61951],[-68.80079,10.62218],[-68.80411,10.62497],[-68.80989,10.62712],[-68.81204,10.63006],[-68.81236,10.63216],[-68.81486,10.63477],[-68.8142,10.63666],[-68.8153,10.63828],[-68.82371,10.64624],[-68.8268,10.64437],[-68.83005,10.64415],[-68.83203,10.64575],[-68.83514,10.64624],[-68.83839,10.64953],[-68.84057,10.64669],[-68.84443,10.64488],[-68.85067,10.64671],[-68.85422,10.64641],[-68.85577,10.64739],[-68.86485,10.6488],[-68.86981,10.64625],[-68.88574,10.64528],[-68.88739,10.64385],[-68.89201,10.64312],[-68.897,10.63818],[-68.90023,10.6404],[-68.90696,10.63929],[-68.90931,10.63934],[-68.91132,10.64085],[-68.91553,10.63988],[-68.92146,10.64024],[-68.92372,10.63925],[-68.93331,10.63922],[-68.937,10.64091],[-68.94333,10.64182],[-68.94668,10.64032],[-68.95318,10.63977],[-68.95459,10.63868],[-68.95657,10.63897],[-68.95914,10.6379],[-68.96788,10.63992],[-68.97371,10.64022],[-68.97811,10.64222],[-68.98403,10.64895],[-68.98822,10.65112],[-68.98974,10.65496],[-68.99127,10.65569],[-68.99781,10.65392],[-69.00801,10.65433],[-69.01157,10.65209],[-69.01399,10.65245],[-69.01681,10.64971],[-69.01711,10.64828],[-69.01965,10.64661],[-69.0248,10.64499],[-69.03025,10.64571],[-69.03342,10.64312],[-69.03516,10.64339],[-69.03461,10.64634],[-69.03541,10.64835],[-69.03859,10.65115],[-69.04276,10.65146],[-69.0442,10.65],[-69.04499,10.65104],[-69.04647,10.64888],[-69.04876,10.65055],[-69.0501,10.64997],[-69.05021,10.64734],[-69.05164,10.64567],[-69.05832,10.64262]]}},{"type":"Feature","id":"way/624430706","properties":{"highway":"secondary","ref":"R-3"},"geometry":{"type":"LineString","coordinates":[[-69.23596,10.54963],[-69.23648,10.55347]]}},{"type":"Feature","id":"way/624430707","properties":{"name":"Eje Agr\u00edcola de Moroturo","highway":"secondary","ref":"R-3"},"geometry":{"type":"LineString","coordinates":[[-69.23648,10.55347],[-69.24806,10.54896]]}},{"type":"Feature","id":"way/625142421","properties":{"name":"Eje Rural de Los Quemados","highway":"tertiary","ref":"R-23"},"geometry":{"type":"LineString","coordinates":[[-69.34574,10.27466],[-69.34564,10.27359],[-69.34705,10.2723],[-69.34826,10.27256],[-69.34928,10.26921],[-69.35244,10.27033],[-69.35275,10.26931],[-69.35396,10.26924],[-69.35592,10.26506],[-69.35777,10.2649],[-69.35961,10.26703],[-69.36393,10.26715],[-69.36847,10.2647],[-69.36951,10.26685],[-69.37053,10.26575],[-69.37166,10.26648],[-69.37285,10.2688],[-69.37592,10.26838],[-69.37768,10.2697],[-69.38208,10.26904],[-69.3841,10.26751],[-69.38409,10.26875],[-69.3866,10.26768],[-69.38612,10.27011],[-69.38777,10.26886],[-69.38808,10.27007],[-69.39232,10.26785],[-69.39595,10.27129],[-69.40287,10.27312],[-69.40703,10.27793],[-69.40809,10.27811],[-69.40922,10.28283],[-69.41166,10.28413],[-69.41624,10.28146],[-69.41762,10.28249],[-69.42374,10.28264],[-69.4241,10.28452],[-69.42667,10.28465]]}},{"type":"Feature","id":"way/625142425","properties":{"name":"Eje Rural de Santa In\u00e9s","highway":"tertiary","ref":"R-23"},"geometry":{"type":"LineString","coordinates":[[-69.32573,10.25667],[-69.32656,10.26004],[-69.33283,10.26555]]}},{"type":"Feature","id":"way/625142486","properties":{"name":"Eje Rural de Las Mulas","highway":"tertiary","ref":"R-23"},"geometry":{"type":"LineString","coordinates":[[-69.42667,10.28465],[-69.42696,10.28593],[-69.42498,10.29022],[-69.42695,10.29522]]}},{"type":"Feature","id":"way/625146629","properties":{"name":"Retorno","highway":"trunk_link","ref":"T-1"},"geometry":{"type":"LineString","coordinates":[[-69.50669,10.00152],[-69.50636,10.00242],[-69.50828,10.00145]]}},{"type":"Feature","id":"way/625146648","properties":{"name":"Avenida Florencio Jim\u00e9nez","highway":"trunk","ref":"T-1"},"geometry":{"type":"LineString","coordinates":[[-69.545,9.9816],[-69.54192,9.984],[-69.5374,9.98547],[-69.52183,9.994],[-69.51677,9.99567],[-69.49224,10.00871],[-69.48716,10.01043],[-69.46693,10.02149]]}},{"type":"Feature","id":"way/625146658","properties":{"name":"Avenida Florencio Jim\u00e9nez","highway":"trunk","ref":"T-1"},"geometry":{"type":"LineString","coordinates":[[-69.46697,10.02156],[-69.50141,10.00429],[-69.5068,10.00242],[-69.54262,9.98372],[-69.54504,9.98171]]}},{"type":"Feature","id":"way/625146668","properties":{"name":"Avenida Florencio Jim\u00e9nez","highway":"trunk","ref":"T-1"},"geometry":{"type":"LineString","coordinates":[[-69.46663,10.02163],[-69.4344,10.03764],[-69.42043,10.04308]]}},{"type":"Feature","id":"way/625146674","properties":{"name":"Avenida Florencio Jim\u00e9nez","highway":"trunk","ref":"T-1"},"geometry":{"type":"LineString","coordinates":[[-69.4249,10.04149],[-69.45997,10.02588],[-69.46668,10.02171]]}},{"type":"Feature","id":"way/625146675","properties":{"highway":"tertiary"},"geometry":{"type":"LineString","coordinates":[[-69.4287,10.03986],[-69.42875,10.03997]]}},{"type":"Feature","id":"way/625152640","properties":{"name":"Variante Los Cristales","highway":"trunk","ref":"T-4"},"geometry":{"type":"LineString","coordinates":[[-69.21038,9.98307],[-69.20858,9.98034],[-69.20917,9.9744],[-69.2078,9.96762],[-69.20959,9.96429],[-69.21203,9.95309],[-69.21158,9.94287],[-69.21483,9.9326],[-69.21486,9.92993],[-69.2107,9.91865],[-69.20875,9.9075],[-69.20281,9.8936],[-69.19908,9.88871],[-69.19848,9.88258],[-69.19602,9.87839],[-69.19392,9.87075],[-69.18665,9.86157],[-69.17896,9.85448],[-69.17128,9.85276],[-69.16384,9.84787],[-69.15842,9.84296],[-69.15363,9.83665],[-69.14345,9.83432],[-69.13958,9.82411],[-69.14035,9.81804],[-69.14353,9.81098],[-69.14407,9.80409],[-69.1551,9.77904],[-69.16023,9.77421],[-69.16632,9.77293]]}},{"type":"Feature","id":"way/625152653","properties":{"highway":"trunk_link"},"geometry":{"type":"LineString","coordinates":[[-69.21237,9.94849],[-69.21182,9.94818]]}},{"type":"Feature","id":"way/625152654","properties":{"highway":"trunk_link"},"geometry":{"type":"LineString","coordinates":[[-69.21187,9.94888],[-69.21237,9.94849]]}},{"type":"Feature","id":"way/625152658","properties":{"highway":"trunk_link"},"geometry":{"type":"LineString","coordinates":[[-69.20836,9.97831],[-69.2081,9.9786]]}},{"type":"Feature","id":"way/625152659","properties":{"name":"Avenida Intercomunal de Cabudare","highway":"trunk","ref":"T-4"},"geometry":{"type":"LineString","coordinates":[[-69.21737,9.99227],[-69.21545,9.98925]]}},{"type":"Feature","id":"way/625285375","properties":{"name":"Carretera Nonavana - Card\u00f3n","highway":"secondary"},"geometry":{"type":"LineString","coordinates":[[-69.18078,10.16293],[-69.18085,10.16885],[-69.18287,10.16969],[-69.18609,10.16898],[-69.18695,10.17143],[-69.19044,10.17419],[-69.18806,10.18095]]}},{"type":"Feature","id":"way/625285376","properties":{"name":"Carretera Nonavana - Card\u00f3n","highway":"secondary"},"geometry":{"type":"LineString","coordinates":[[-69.16923,10.15471],[-69.17211,10.15614],[-69.17327,10.16219],[-69.17448,10.16336],[-69.18078,10.16293]]}},{"type":"Feature","id":"way/625285378","properties":{"name":"Carretera Cambural - Card\u00f3n","highway":"secondary"},"geometry":{"type":"LineString","coordinates":[[-69.1645,10.11356],[-69.1673,10.11757],[-69.17375,10.11985],[-69.17488,10.12316],[-69.17167,10.1263],[-69.17012,10.13193],[-69.16998,10.1394],[-69.17216,10.14037],[-69.17352,10.14399],[-69.17191,10.14833],[-69.17007,10.15047],[-69.16923,10.15471]]}},{"type":"Feature","id":"way/625285379","properties":{"name":"Carretera Malec\u00f3n - Valle Hondo","highway":"tertiary","ref":"R-22"},"geometry":{"type":"LineString","coordinates":[[-69.25275,10.21396],[-69.25064,10.21596],[-69.24543,10.22593],[-69.23889,10.23245]]}},{"type":"Feature","id":"way/625285384","properties":{"highway":"tertiary"},"geometry":{"type":"LineString","coordinates":[[-69.18785,10.23072],[-69.19219,10.22502],[-69.19395,10.22401]]}},{"type":"Feature","id":"way/626723008","properties":{"highway":"trunk_link"},"geometry":{"type":"LineString","coordinates":[[-69.15982,9.77392],[-69.15986,9.77422]]}},{"type":"Feature","id":"way/626723009","properties":{"highway":"trunk_link"},"geometry":{"type":"LineString","coordinates":[[-69.16026,9.77397],[-69.15982,9.77392]]}},{"type":"Feature","id":"way/627798178","properties":{"highway":"trunk_link"},"geometry":{"type":"LineString","coordinates":[[-69.19706,9.88022],[-69.19723,9.87982]]}},{"type":"Feature","id":"way/628413519","properties":{"name":"V\u00eda al Yacamb\u00fa","highway":"tertiary"},"geometry":{"type":"LineString","coordinates":[[-69.42227,9.67275],[-69.41865,9.67255],[-69.41844,9.67134],[-69.41453,9.66891],[-69.41199,9.6695],[-69.41116,9.66824],[-69.41347,9.66582],[-69.4124,9.66546],[-69.41315,9.66474],[-69.41005,9.66638],[-69.41038,9.66523],[-69.40771,9.66259],[-69.40592,9.66249],[-69.4045,9.6653],[-69.40409,9.66358],[-69.40317,9.66332],[-69.40318,9.66414],[-69.40206,9.66326],[-69.40133,9.66063],[-69.40009,9.65992],[-69.39892,9.66025],[-69.39779,9.66295],[-69.39715,9.66191]]}},{"type":"Feature","id":"way/628413576","properties":{"name":"V\u00eda al Yacamb\u00fa","highway":"tertiary"},"geometry":{"type":"LineString","coordinates":[[-69.39478,9.63645],[-69.39688,9.63519],[-69.39635,9.63061],[-69.40094,9.62145],[-69.40005,9.61881],[-69.39725,9.61535],[-69.39809,9.61363],[-69.39657,9.6114],[-69.39662,9.60982],[-69.39835,9.6071]]}},{"type":"Feature","id":"way/628413577","properties":{"name":"V\u00eda al Yacamb\u00fa","highway":"tertiary"},"geometry":{"type":"LineString","coordinates":[[-69.39831,9.65156],[-69.39983,9.64947],[-69.40134,9.65004],[-69.40299,9.64715],[-69.40087,9.646],[-69.40156,9.6445],[-69.39892,9.64272],[-69.39591,9.64244],[-69.39597,9.63791],[-69.39478,9.63645]]}},{"type":"Feature","id":"way/628419765","properties":{"name":"V\u00eda al Yacamb\u00fa","highway":"tertiary"},"geometry":{"type":"LineString","coordinates":[[-69.50781,9.68258],[-69.5094,9.68167],[-69.50505,9.68153],[-69.50331,9.67695],[-69.50073,9.67812],[-69.50029,9.67549],[-69.5015,9.67188],[-69.49826,9.67043],[-69.4976,9.66901],[-69.49845,9.66615],[-69.49651,9.66674],[-69.49825,9.66505],[-69.49588,9.66449]]}},{"type":"Feature","id":"way/628419767","properties":{"name":"V\u00eda al Yacamb\u00fa","highway":"tertiary"},"geometry":{"type":"LineString","coordinates":[[-69.49588,9.66449],[-69.4928,9.66383],[-69.4912,9.6649],[-69.48688,9.66455],[-69.48584,9.66364],[-69.48537,9.667],[-69.48332,9.66604],[-69.482,9.66782],[-69.48129,9.66725],[-69.47975,9.67336],[-69.47499,9.67213],[-69.47425,9.67349]]}},{"type":"Feature","id":"way/628419772","properties":{"name":"V\u00eda al Yacamb\u00fa","highway":"tertiary"},"geometry":{"type":"LineString","coordinates":[[-69.44392,9.66187],[-69.44301,9.66317],[-69.44406,9.66469],[-69.44399,9.66811],[-69.44512,9.66864],[-69.44401,9.66906],[-69.44508,9.67018],[-69.44359,9.67006],[-69.44148,9.67199],[-69.44059,9.67503],[-69.43855,9.67704],[-69.43882,9.67823],[-69.43512,9.67843],[-69.43395,9.6771],[-69.4302,9.67745],[-69.42929,9.67876],[-69.43013,9.67968]]}},{"type":"Feature","id":"way/628419773","properties":{"name":"V\u00eda al Yacamb\u00fa","highway":"tertiary"},"geometry":{"type":"LineString","coordinates":[[-69.47425,9.67349],[-69.47365,9.67294],[-69.47246,9.67385],[-69.47283,9.67049],[-69.47073,9.66722],[-69.47022,9.66923],[-69.46624,9.66745],[-69.46283,9.67036],[-69.45878,9.6707],[-69.45775,9.66734],[-69.45376,9.66544],[-69.45034,9.66017],[-69.4443,9.65987],[-69.44392,9.66187]]}},{"type":"Feature","id":"way/628555467","properties":{"name":"V\u00eda al Yacamb\u00fa","highway":"tertiary"},"geometry":{"type":"LineString","coordinates":[[-69.51451,9.72317],[-69.51485,9.72473],[-69.51899,9.72715],[-69.51675,9.72784]]}},{"type":"Feature","id":"way/628555473","properties":{"name":"V\u00eda al Yacamb\u00fa","highway":"tertiary"},"geometry":{"type":"LineString","coordinates":[[-69.52284,9.7121],[-69.52158,9.71507],[-69.51941,9.71335],[-69.51749,9.71397],[-69.51595,9.71108],[-69.51506,9.71294],[-69.51307,9.71176],[-69.51265,9.71885],[-69.51426,9.71916]]}},{"type":"Feature","id":"way/628570661","properties":{"name":"V\u00eda al Yacamb\u00fa","highway":"tertiary"},"geometry":{"type":"LineString","coordinates":[[-69.50781,9.68258],[-69.50784,9.68288]]}},{"type":"Feature","id":"way/628591204","properties":{"name":"V\u00eda a Tronc\u00f3n","highway":"tertiary"},"geometry":{"type":"LineString","coordinates":[[-69.58963,9.81482],[-69.58217,9.82186],[-69.57933,9.83042],[-69.57761,9.83181]]}},{"type":"Feature","id":"way/628706992","properties":{"highway":"tertiary","ref":"R-39"},"geometry":{"type":"LineString","coordinates":[[-69.36668,9.91447],[-69.3682,9.91524],[-69.37622,9.90983],[-69.37839,9.90496]]}},{"type":"Feature","id":"way/628707271","properties":{"highway":"tertiary","ref":"R-39"},"geometry":{"type":"LineString","coordinates":[[-69.36051,9.91921],[-69.36138,9.92431],[-69.3607,9.93374]]}},{"type":"Feature","id":"way/628903811","properties":{"name":"Carretera nacional","highway":"secondary"},"geometry":{"type":"LineString","coordinates":[[-69.59207,9.63397],[-69.58867,9.63597],[-69.59134,9.63711],[-69.59134,9.64071],[-69.59038,9.64145],[-69.59205,9.64137],[-69.59152,9.6424],[-69.59868,9.64498],[-69.60063,9.64802],[-69.60287,9.64735],[-69.60206,9.6486],[-69.60582,9.6494],[-69.60387,9.65011],[-69.60654,9.6516],[-69.60679,9.65303],[-69.60581,9.6542],[-69.60686,9.65395],[-69.60615,9.6545],[-69.6071,9.65549],[-69.60693,9.65814],[-69.60837,9.65972],[-69.61013,9.65586],[-69.61122,9.65562],[-69.61041,9.65627],[-69.61021,9.65986],[-69.61171,9.6613],[-69.61278,9.66538],[-69.61385,9.66566],[-69.61549,9.66444],[-69.61709,9.66491],[-69.61303,9.66839],[-69.61341,9.67205],[-69.61551,9.67385],[-69.61509,9.67716],[-69.61646,9.67745],[-69.61751,9.67985],[-69.62037,9.68162],[-69.61784,9.69144],[-69.61945,9.69252],[-69.62023,9.69455],[-69.62245,9.69457],[-69.62341,9.6962],[-69.62552,9.69653],[-69.62554,9.6992],[-69.62778,9.70178]]}},{"type":"Feature","id":"way/628903812","properties":{"highway":"tertiary"},"geometry":{"type":"LineString","coordinates":[[-69.5922,9.63099],[-69.5904,9.63089],[-69.58985,9.62921],[-69.58849,9.63006],[-69.58871,9.6281],[-69.58609,9.62946],[-69.583,9.63494],[-69.58087,9.63535],[-69.58068,9.62833],[-69.57911,9.62724],[-69.57675,9.63292],[-69.57457,9.63241],[-69.57403,9.63054],[-69.57233,9.63395],[-69.57127,9.63438],[-69.57044,9.63323],[-69.56943,9.63406],[-69.56996,9.63139],[-69.5688,9.63128],[-69.56979,9.62991],[-69.56794,9.62925],[-69.5688,9.6274],[-69.56589,9.62525],[-69.56425,9.62247],[-69.56286,9.62342],[-69.5595,9.62311],[-69.55596,9.61815],[-69.55408,9.61736],[-69.55105,9.61935],[-69.54915,9.61716],[-69.547,9.61702],[-69.54345,9.62003],[-69.54532,9.62581],[-69.54411,9.62792],[-69.53888,9.6302],[-69.5356,9.62773],[-69.53426,9.62931],[-69.52907,9.63066],[-69.52714,9.63355],[-69.52476,9.63493]]}},{"type":"Feature","id":"way/628903813","properties":{"highway":"tertiary"},"geometry":{"type":"LineString","coordinates":[[-69.60704,9.59777],[-69.60552,9.59642],[-69.60415,9.59654],[-69.60274,9.60064],[-69.60067,9.60201],[-69.60149,9.60327],[-69.60083,9.605],[-69.59798,9.60527],[-69.59751,9.60892],[-69.59976,9.61074],[-69.59981,9.61347],[-69.59908,9.6156],[-69.59667,9.61608],[-69.59516,9.61818],[-69.5948,9.61968],[-69.59589,9.62041],[-69.59525,9.62285],[-69.59666,9.62435],[-69.59515,9.62389],[-69.59608,9.625],[-69.59578,9.6277],[-69.59528,9.6285],[-69.59405,9.62769],[-69.59236,9.62865],[-69.5937,9.62919],[-69.5922,9.63099]]}},{"type":"Feature","id":"way/628903816","properties":{"highway":"tertiary"},"geometry":{"type":"LineString","coordinates":[[-69.52743,9.56362],[-69.52591,9.56352],[-69.5241,9.56164],[-69.52569,9.56007],[-69.52557,9.55824],[-69.5229,9.55481],[-69.52095,9.55467],[-69.52101,9.55246],[-69.52191,9.55178],[-69.52085,9.55128]]}},{"type":"Feature","id":"way/628903818","properties":{"highway":"tertiary"},"geometry":{"type":"LineString","coordinates":[[-69.50145,9.6726],[-69.5067,9.6708],[-69.50929,9.6664],[-69.51281,9.66718],[-69.51386,9.66625],[-69.51625,9.66655],[-69.51687,9.66465],[-69.52196,9.66158],[-69.52165,9.65664],[-69.52104,9.65727],[-69.52063,9.6561],[-69.51778,9.65716],[-69.51565,9.65452],[-69.51704,9.65357],[-69.51903,9.6485],[-69.52317,9.64714],[-69.52414,9.64582],[-69.52356,9.64353],[-69.52656,9.63938],[-69.52457,9.63755],[-69.52476,9.63493]]}},{"type":"Feature","id":"way/658300118","properties":{"name":"Distribuidor Sabaneta","highway":"trunk","ref":"T-1"},"geometry":{"type":"LineString","coordinates":[[-70.01311,10.11825],[-70.00897,10.11989]]}},{"type":"Feature","id":"way/678017787","properties":{"name":"Carretera Trasandina El Tocuyo - Chabasqu\u00e9n","highway":"primary","ref":"T-7"},"geometry":{"type":"LineString","coordinates":[[-69.78173,9.63855],[-69.78184,9.63878]]}},{"type":"Feature","id":"way/678017789","properties":{"name":"Carretera Regional Gu\u00e1rico - Villanueva","highway":"secondary"},"geometry":{"type":"LineString","coordinates":[[-69.80284,9.61576],[-69.80182,9.61361],[-69.79975,9.61473],[-69.8,9.61342],[-69.79763,9.61176],[-69.79662,9.60925],[-69.79496,9.60885]]}},{"type":"Feature","id":"way/694395345","properties":{"highway":"trunk_link"},"geometry":{"type":"LineString","coordinates":[[-69.25885,10.03546],[-69.2589,10.03496]]}},{"type":"Feature","id":"way/694395346","properties":{"highway":"trunk_link"},"geometry":{"type":"LineString","coordinates":[[-69.25843,10.03494],[-69.25861,10.03504]]}},{"type":"Feature","id":"way/694395347","properties":{"highway":"trunk_link"},"geometry":{"type":"LineString","coordinates":[[-69.2585,10.03459],[-69.2584,10.03484]]}},{"type":"Feature","id":"way/694395348","properties":{"highway":"trunk_link"},"geometry":{"type":"LineString","coordinates":[[-69.25887,10.03488],[-69.25865,10.03455]]}},{"type":"Feature","id":"way/699532473","properties":{"name":"Baj\u00f3n de Maguaza","highway":"tertiary"},"geometry":{"type":"LineString","coordinates":[[-69.69485,9.39968],[-69.69427,9.40366],[-69.69595,9.40485],[-69.69573,9.40627],[-69.69687,9.40752],[-69.69517,9.40888],[-69.69696,9.41088]]}},{"type":"Feature","id":"way/700012979","properties":{"name":"Carretera Chabasqu\u00e9n - Villanueva","highway":"tertiary"},"geometry":{"type":"LineString","coordinates":[[-69.84006,9.50667],[-69.83745,9.50903],[-69.83684,9.51135],[-69.83452,9.51302],[-69.83088,9.52128],[-69.83241,9.52555],[-69.83411,9.5268],[-69.83372,9.5302]]}},{"type":"Feature","id":"way/700313724","properties":{"name":"Carretera Trasandina El Tocuyo - Chabasqu\u00e9n","highway":"primary","ref":"T-7"},"geometry":{"type":"LineString","coordinates":[[-69.95422,9.43724],[-69.95529,9.44155],[-69.95688,9.44172],[-69.95766,9.44616],[-69.9591,9.44793],[-69.95888,9.45036],[-69.96043,9.45104],[-69.96082,9.45231],[-69.96249,9.45259],[-69.96257,9.45425],[-69.96395,9.45392],[-69.96564,9.45625],[-69.96954,9.45843],[-69.96105,9.46961],[-69.9596,9.47396],[-69.95768,9.47612],[-69.95839,9.4775],[-69.95708,9.47873],[-69.95705,9.48155],[-69.95589,9.48149],[-69.95474,9.4835],[-69.95451,9.48661],[-69.95339,9.48758],[-69.95189,9.48716],[-69.95225,9.48837],[-69.94782,9.49321],[-69.94418,9.49334],[-69.94355,9.49499],[-69.93699,9.49986],[-69.93655,9.50254],[-69.93349,9.50233],[-69.93112,9.50483],[-69.92939,9.50493],[-69.92818,9.5097],[-69.92444,9.51409],[-69.92287,9.51417],[-69.92273,9.5156],[-69.91821,9.51668],[-69.91582,9.5184],[-69.91544,9.51979],[-69.91376,9.52018],[-69.91231,9.5262],[-69.91029,9.52678],[-69.91006,9.53047],[-69.90897,9.53037],[-69.9076,9.53317],[-69.9042,9.5346],[-69.90201,9.53789],[-69.89877,9.53922],[-69.89815,9.54495],[-69.89639,9.54552],[-69.89452,9.54913],[-69.89064,9.54988],[-69.8903,9.55417],[-69.8892,9.55546],[-69.8875,9.55557],[-69.88417,9.55928]]}},{"type":"Feature","id":"way/700326174","properties":{"name":"Carretera Trasandina El Tocuyo - Chabasqu\u00e9n","highway":"primary","ref":"T-7"},"geometry":{"type":"LineString","coordinates":[[-69.85879,9.58879],[-69.85653,9.58897],[-69.85518,9.5912],[-69.85097,9.5904],[-69.85044,9.58597],[-69.84841,9.58673],[-69.84984,9.58232],[-69.84762,9.58311],[-69.84631,9.58128],[-69.84544,9.58605],[-69.84334,9.58682],[-69.83938,9.59104],[-69.83472,9.59354],[-69.83443,9.59146],[-69.8329,9.59415],[-69.83054,9.59552],[-69.82996,9.59376],[-69.82738,9.59909],[-69.82425,9.60139],[-69.82359,9.60039],[-69.81903,9.60576],[-69.81598,9.60714],[-69.81169,9.61134],[-69.80399,9.61581],[-69.80286,9.61495],[-69.80289,9.61637],[-69.79626,9.62195],[-69.79354,9.62272],[-69.79189,9.6217]]}},{"type":"Feature","id":"way/702275809","properties":{"name":"Carretera Humocaros - Chabasqu\u00e9n","highway":"tertiary"},"geometry":{"type":"LineString","coordinates":[[-70.02024,9.46533],[-70.02132,9.46754],[-70.01995,9.46868],[-70.01914,9.46793],[-70.01802,9.4687],[-70.01806,9.47026],[-70.01971,9.47095],[-70.0184,9.47495],[-70.01641,9.47334],[-70.01513,9.47374],[-70.01737,9.47626],[-70.01912,9.47642],[-70.02244,9.47323]]}},{"type":"Feature","id":"way/702288227","properties":{"name":"Carretera Humocaros - Chabasqu\u00e9n","highway":"tertiary"},"geometry":{"type":"LineString","coordinates":[[-69.99742,9.56728],[-69.99964,9.56168],[-69.99947,9.55534],[-70.00049,9.55297],[-70.00204,9.55227],[-70.0019,9.54777],[-70.00457,9.5451],[-70.00617,9.5451],[-70.00914,9.54125],[-70.00927,9.53975],[-70.01251,9.53778],[-70.01363,9.5354],[-70.0153,9.53492],[-70.01668,9.53176],[-70.01947,9.53077],[-70.01977,9.52964],[-70.01866,9.52906],[-70.01906,9.52453],[-70.02271,9.51543],[-70.0225,9.51202],[-70.02397,9.50973],[-70.02514,9.5097],[-70.02478,9.50794],[-70.02849,9.50261],[-70.03208,9.50017],[-70.03174,9.49766],[-70.02985,9.49918],[-70.02807,9.49714],[-70.02692,9.49883],[-70.0233,9.49988],[-70.02393,9.49781],[-70.02186,9.49665],[-70.02172,9.49362],[-70.01931,9.49106],[-70.01949,9.49416],[-70.01753,9.49643],[-70.01822,9.49803],[-70.01645,9.50156],[-70.01626,9.5046],[-70.01294,9.50429],[-70.01527,9.50318],[-70.014,9.50266],[-70.01473,9.50059],[-70.01335,9.50136],[-70.01133,9.49945]]}},{"type":"Feature","id":"way/702435797","properties":{"name":"Carretera del Dinira","highway":"tertiary"},"geometry":{"type":"LineString","coordinates":[[-69.97782,9.53313],[-69.96967,9.53179],[-69.96797,9.5289],[-69.9633,9.52839],[-69.9617,9.5266],[-69.96049,9.52671],[-69.96032,9.52557],[-69.95986,9.52628],[-69.95645,9.52606],[-69.94858,9.52147],[-69.93981,9.52066],[-69.93469,9.51808],[-69.93386,9.51861],[-69.93432,9.51613],[-69.93357,9.51597],[-69.93446,9.51514],[-69.93317,9.51508]]}},{"type":"Feature","id":"way/702435799","properties":{"name":"Carretera del Dinira","highway":"tertiary"},"geometry":{"type":"LineString","coordinates":[[-69.976,9.53718],[-69.97807,9.53539],[-69.97782,9.53313]]}},{"type":"Feature","id":"way/702510283","properties":{"name":"Carretera Humocaros - Chabasqu\u00e9n","highway":"tertiary"},"geometry":{"type":"LineString","coordinates":[[-70.00435,9.46339],[-70.0096,9.46299],[-70.01167,9.46472],[-70.01566,9.464],[-70.02024,9.46533]]}},{"type":"Feature","id":"way/702510284","properties":{"name":"Carretera Humocaros - Chabasqu\u00e9n","highway":"tertiary"},"geometry":{"type":"LineString","coordinates":[[-70.01752,9.48198],[-70.01607,9.48257],[-70.01405,9.48743],[-70.01396,9.49277],[-70.01315,9.49587],[-70.01141,9.4968],[-70.01133,9.49945]]}},{"type":"Feature","id":"way/703493572","properties":{"highway":"tertiary"},"geometry":{"type":"LineString","coordinates":[[-69.87971,9.54619],[-69.8789,9.54311]]}},{"type":"Feature","id":"way/704590192","properties":{"name":"Carretera del Guache","highway":"tertiary"},"geometry":{"type":"LineString","coordinates":[[-69.62125,9.55999],[-69.62052,9.55684],[-69.6189,9.55543],[-69.61966,9.55257]]}},{"type":"Feature","id":"way/704590194","properties":{"name":"Carretera del Guache","highway":"tertiary"},"geometry":{"type":"LineString","coordinates":[[-69.60209,9.54424],[-69.60044,9.5442],[-69.6004,9.54556],[-69.59896,9.54403],[-69.59993,9.54136],[-69.59731,9.53747],[-69.59637,9.53939],[-69.59506,9.53916],[-69.59298,9.54146],[-69.59175,9.54121],[-69.5898,9.53824],[-69.58488,9.53716],[-69.58164,9.53235],[-69.57866,9.53174],[-69.57193,9.52736],[-69.56758,9.52865],[-69.5666,9.5275],[-69.56686,9.52542],[-69.56598,9.526],[-69.56487,9.52519],[-69.56438,9.52623]]}},{"type":"Feature","id":"way/704701587","properties":{"highway":"tertiary"},"geometry":{"type":"LineString","coordinates":[[-69.65009,9.88482],[-69.65496,9.86529],[-69.66369,9.86282],[-69.66492,9.8616],[-69.66487,9.85061],[-69.66756,9.85078],[-69.67162,9.85495],[-69.68107,9.85282],[-69.69453,9.85712],[-69.70043,9.8558]]}},{"type":"Feature","id":"way/741632973","properties":{"name":"Avenida Venezuela","highway":"primary","ref":"T-1;T-4"},"geometry":{"type":"LineString","coordinates":[[-69.27871,10.07217],[-69.28054,10.07234]]}},{"type":"Feature","id":"way/741632974","properties":{"name":"Avenida Venezuela","highway":"primary","ref":"T-1;T-4"},"geometry":{"type":"LineString","coordinates":[[-69.28356,10.07227],[-69.27943,10.07186]]}},{"type":"Feature","id":"way/745133356","properties":{"name":"Avenida Ruiz Pineda","highway":"tertiary"},"geometry":{"type":"LineString","coordinates":[[-69.38541,10.03876],[-69.38616,10.04245]]}},{"type":"Feature","id":"way/745137358","properties":{"name":"Avenida 3","highway":"tertiary"},"geometry":{"type":"LineString","coordinates":[[-69.3702,10.07335],[-69.37017,10.07515],[-69.36691,10.07838]]}},{"type":"Feature","id":"way/746352066","properties":{"name":"Carretera Principal de Garabote Oeste","highway":"tertiary"},"geometry":{"type":"LineString","coordinates":[[-69.53963,9.51364],[-69.54322,9.5123],[-69.54546,9.51344],[-69.54605,9.51264],[-69.54994,9.51618],[-69.55138,9.5149],[-69.55143,9.51589],[-69.55272,9.51554],[-69.55448,9.51769],[-69.55635,9.51723],[-69.55706,9.5181],[-69.55639,9.51948],[-69.55906,9.52003],[-69.56099,9.52253],[-69.56026,9.52435],[-69.56334,9.52466],[-69.56438,9.52623]]}},{"type":"Feature","id":"way/747411636","properties":{"name":"Avenida Ruiz Pineda","highway":"tertiary"},"geometry":{"type":"LineString","coordinates":[[-69.38616,10.04245],[-69.38698,10.04719]]}},{"type":"Feature","id":"way/747411637","properties":{"name":"Avenida Ruiz Pineda","highway":"tertiary"},"geometry":{"type":"LineString","coordinates":[[-69.38706,10.04719],[-69.3855,10.03889]]}},{"type":"Feature","id":"way/754989240","properties":{"name":"Carrera 13c","highway":"tertiary"},"geometry":{"type":"LineString","coordinates":[[-69.35545,10.05413],[-69.35408,10.05443]]}},{"type":"Feature","id":"way/761756082","properties":{"name":"Avenida Perimetral Sur","highway":"primary","ref":"T-7"},"geometry":{"type":"LineString","coordinates":[[-69.63261,9.91152],[-69.63326,9.91136]]}},{"type":"Feature","id":"way/761761583","properties":{"name":"Carretera Regional Quibor - San Miguel","highway":"secondary","ref":"L-4"},"geometry":{"type":"LineString","coordinates":[[-69.57059,9.95706],[-69.57019,9.95599]]}},{"type":"Feature","id":"way/761768996","properties":{"name":"Avenida Cementerio","highway":"tertiary"},"geometry":{"type":"LineString","coordinates":[[-69.38799,10.04872],[-69.38788,10.04861]]}},{"type":"Feature","id":"way/761768997","properties":{"name":"Avenida Cementerio","highway":"tertiary"},"geometry":{"type":"LineString","coordinates":[[-69.38925,10.05156],[-69.38799,10.04872]]}},{"type":"Feature","id":"way/761768998","properties":{"name":"Avenida Cementerio","highway":"tertiary"},"geometry":{"type":"LineString","coordinates":[[-69.3878,10.04864],[-69.38792,10.04876]]}},{"type":"Feature","id":"way/761776475","properties":{"name":"Avenida Rotaria","highway":"primary","ref":"R-15"},"geometry":{"type":"LineString","coordinates":[[-69.35273,10.04813],[-69.35215,10.04593],[-69.34442,10.0471]]}},{"type":"Feature","id":"way/761776477","properties":{"name":"Avenida La Salle","highway":"tertiary"},"geometry":{"type":"LineString","coordinates":[[-69.35271,10.04822],[-69.35275,10.04821]]}},{"type":"Feature","id":"way/761789502","properties":{"highway":"primary","ref":"R-15"},"geometry":{"type":"LineString","coordinates":[[-69.34442,10.0471],[-69.34445,10.04718]]}},{"type":"Feature","id":"way/761789503","properties":{"highway":"primary","ref":"R-15"},"geometry":{"type":"LineString","coordinates":[[-69.34435,10.04653],[-69.34526,10.04417],[-69.34766,10.04215]]}},{"type":"Feature","id":"way/761810020","properties":{"name":"Avenida Libertador","highway":"primary","ref":"T-1;T-4"},"geometry":{"type":"LineString","coordinates":[[-69.31479,10.08397],[-69.31468,10.08397]]}},{"type":"Feature","id":"way/761810021","properties":{"name":"Avenida Libertador","highway":"primary","ref":"T-1;T-4"},"geometry":{"type":"LineString","coordinates":[[-69.31469,10.0841],[-69.31479,10.08411]]}},{"type":"Feature","id":"way/761810022","properties":{"name":"Avenida Intercomunal Barquisimeto - Tamaca","highway":"primary","ref":"L-3"},"geometry":{"type":"LineString","coordinates":[[-69.31468,10.08397],[-69.31469,10.0841]]}},{"type":"Feature","id":"way/761810023","properties":{"name":"Avenida Intercomunal Barquisimeto - Tamaca","highway":"primary","ref":"L-3"},"geometry":{"type":"LineString","coordinates":[[-69.31479,10.08411],[-69.31479,10.08397]]}},{"type":"Feature","id":"way/761820495","properties":{"highway":"secondary","ref":"L-4"},"geometry":{"type":"LineString","coordinates":[[-69.30955,10.08285],[-69.30946,10.08065]]}},{"type":"Feature","id":"way/761820496","properties":{"name":"Calle 16","highway":"secondary","ref":"L-4"},"geometry":{"type":"LineString","coordinates":[[-69.30943,10.08282],[-69.30943,10.08293]]}},{"type":"Feature","id":"way/762014637","properties":{"name":"Avenida Intercomunal de Cabudare","highway":"trunk","ref":"T-4"},"geometry":{"type":"LineString","coordinates":[[-69.24677,10.02503],[-69.25596,10.03196]]}},{"type":"Feature","id":"way/762014638","properties":{"name":"Avenida Intercomunal de Cabudare","highway":"trunk","ref":"T-4"},"geometry":{"type":"LineString","coordinates":[[-69.24665,10.02494],[-69.24677,10.02503]]}},{"type":"Feature","id":"way/762014639","properties":{"name":"Avenida Intercomunal de Cabudare","highway":"trunk","ref":"T-4"},"geometry":{"type":"LineString","coordinates":[[-69.24681,10.02493],[-69.2467,10.02485]]}},{"type":"Feature","id":"way/762014640","properties":{"name":"Avenida Intercomunal de Cabudare","highway":"trunk","ref":"T-4"},"geometry":{"type":"LineString","coordinates":[[-69.26488,10.0591],[-69.26257,10.05527],[-69.25847,10.03405],[-69.24681,10.02493]]}},{"type":"Feature","id":"way/762047017","properties":{"highway":"tertiary"},"geometry":{"type":"LineString","coordinates":[[-69.3708,10.07144],[-69.37082,10.07137]]}},{"type":"Feature","id":"way/772465282","properties":{"name":"Calle 4","highway":"tertiary"},"geometry":{"type":"LineString","coordinates":[[-69.38426,10.03416],[-69.38404,10.03352]]}},{"type":"Feature","id":"way/800657787","properties":{"name":"Carretera Humocaros - Chabasqu\u00e9n","highway":"tertiary"},"geometry":{"type":"LineString","coordinates":[[-70.02244,9.47323],[-70.02249,9.47475],[-70.02051,9.47788],[-70.02082,9.48062],[-70.01752,9.48198]]}},{"type":"Feature","id":"way/803287996","properties":{"name":"V\u00eda a Siquisique","highway":"primary","ref":"L-6"},"geometry":{"type":"LineString","coordinates":[[-69.65567,10.59817],[-69.65018,10.60347],[-69.64818,10.60344],[-69.63815,10.59637],[-69.63771,10.59415],[-69.6355,10.59264],[-69.62712,10.59504],[-69.62209,10.59386],[-69.61288,10.59804],[-69.58459,10.59769],[-69.58361,10.59957],[-69.58109,10.60092],[-69.57811,10.59995],[-69.5777,10.59876],[-69.5749,10.59704],[-69.56745,10.59696],[-69.5653,10.59821],[-69.56789,10.59952],[-69.56508,10.60055],[-69.56506,10.59908],[-69.56353,10.59942],[-69.55992,10.59675],[-69.5583,10.59757],[-69.55852,10.59642],[-69.55603,10.59554],[-69.54816,10.5945],[-69.54316,10.58445],[-69.53922,10.57969],[-69.53901,10.57773],[-69.53522,10.57405],[-69.53232,10.57299],[-69.52277,10.57607],[-69.51374,10.57666],[-69.51073,10.57814],[-69.50969,10.58085],[-69.50528,10.58223],[-69.5018,10.585],[-69.49629,10.58722],[-69.48942,10.58707],[-69.48844,10.58554],[-69.48176,10.58467],[-69.48042,10.58551],[-69.47576,10.58492],[-69.47252,10.59028],[-69.46684,10.59191],[-69.46495,10.59451],[-69.4506,10.59577],[-69.44195,10.59882],[-69.44044,10.5984],[-69.43972,10.59704],[-69.43714,10.59719],[-69.43596,10.59567],[-69.43221,10.59517],[-69.43299,10.59307],[-69.43078,10.59454],[-69.42841,10.5923],[-69.42415,10.59173],[-69.42041,10.59371],[-69.41862,10.59217],[-69.41568,10.59143],[-69.4117,10.58474],[-69.40712,10.58208],[-69.40507,10.58325],[-69.40094,10.58221],[-69.39815,10.57953],[-69.39466,10.57982],[-69.39369,10.57762],[-69.39138,10.57797],[-69.38925,10.57485],[-69.38914,10.57107],[-69.38744,10.569],[-69.38719,10.56702],[-69.38544,10.56583],[-69.38332,10.56028],[-69.38452,10.55369]]}},{"type":"Feature","id":"way/803287997","properties":{"name":"V\u00eda a Siquisique","highway":"primary","ref":"L-6"},"geometry":{"type":"LineString","coordinates":[[-69.65612,10.59825],[-69.65567,10.59817]]}},{"type":"Feature","id":"way/809845349","properties":{"highway":"trunk_link"},"geometry":{"type":"LineString","coordinates":[[-69.23677,10.01748],[-69.23684,10.01783]]}},{"type":"Feature","id":"way/810064283","properties":{"name":"Avenida Intercomunal de Cabudare","highway":"trunk","ref":"T-4"},"geometry":{"type":"LineString","coordinates":[[-69.21432,9.988],[-69.22327,10.00687],[-69.24391,10.02285]]}},{"type":"Feature","id":"way/810064287","properties":{"name":"Avenida Intercomunal de Cabudare","highway":"trunk","ref":"T-4"},"geometry":{"type":"LineString","coordinates":[[-69.24397,10.02276],[-69.22315,10.00658],[-69.21737,9.99227]]}},{"type":"Feature","id":"way/810064288","properties":{"name":"Avenida Intercomunal de Cabudare","highway":"trunk","ref":"T-4"},"geometry":{"type":"LineString","coordinates":[[-69.24403,10.02281],[-69.24397,10.02276]]}},{"type":"Feature","id":"way/810064289","properties":{"name":"Avenida Intercomunal de Cabudare","highway":"trunk","ref":"T-4"},"geometry":{"type":"LineString","coordinates":[[-69.24398,10.0229],[-69.24665,10.02494]]}},{"type":"Feature","id":"way/810064290","properties":{"name":"Avenida Intercomunal de Cabudare","highway":"trunk","ref":"T-4"},"geometry":{"type":"LineString","coordinates":[[-69.24391,10.02285],[-69.24398,10.0229]]}},{"type":"Feature","id":"way/810071187","properties":{"highway":"trunk_link"},"geometry":{"type":"LineString","coordinates":[[-69.23964,10.01917],[-69.23886,10.01891]]}},{"type":"Feature","id":"way/810235972","properties":{"name":"V\u00eda a Aregue","highway":"secondary","ref":"R-2"},"geometry":{"type":"LineString","coordinates":[[-70.03784,10.22915],[-70.04082,10.22396],[-70.04949,10.21672],[-70.04989,10.21383],[-70.05159,10.21119],[-70.05549,10.2083],[-70.05156,10.18284],[-70.05388,10.17904]]}},{"type":"Feature","id":"way/810235973","properties":{"name":"V\u00eda a Aregue","highway":"secondary","ref":"R-2"},"geometry":{"type":"LineString","coordinates":[[-70.03772,10.22952],[-70.03784,10.22915]]}},{"type":"Feature","id":"way/810235978","properties":{"name":"Avenida 14 de Febrero","highway":"secondary","ref":"L-8"},"geometry":{"type":"LineString","coordinates":[[-70.07963,10.17614],[-70.08173,10.174]]}},{"type":"Feature","id":"way/810235979","properties":{"name":"Avenida 14 de Febrero","highway":"secondary","ref":"L-8"},"geometry":{"type":"LineString","coordinates":[[-70.07941,10.17635],[-70.07963,10.17614]]}},{"type":"Feature","id":"way/817018550","properties":{"name":"Autopista Barquisimeto - Acarigua","highway":"trunk","ref":"T-4"},"geometry":{"type":"LineString","coordinates":[[-69.19315,9.74705],[-69.1893,9.74964],[-69.17899,9.75307],[-69.1693,9.77143],[-69.16458,9.77334],[-69.16102,9.77359],[-69.15662,9.77642]]}},{"type":"Feature","id":"way/817018551","properties":{"name":"Autopista Barquisimeto - Acarigua","highway":"trunk","ref":"T-4"},"geometry":{"type":"LineString","coordinates":[[-69.24394,9.68972],[-69.24337,9.69074]]}},{"type":"Feature","id":"way/817018553","properties":{"name":"Autopista Barquisimeto - Acarigua","highway":"trunk","ref":"T-4"},"geometry":{"type":"LineString","coordinates":[[-69.24352,9.69082],[-69.24409,9.68978]]}},{"type":"Feature","id":"way/833581390","properties":{"name":"Retorno","highway":"trunk_link","ref":"T-4"},"geometry":{"type":"LineString","coordinates":[[-69.15106,9.78813],[-69.15069,9.78786]]}},{"type":"Feature","id":"way/835817182","properties":{"name":"V\u00eda al Yacamb\u00fa","highway":"tertiary"},"geometry":{"type":"LineString","coordinates":[[-69.56333,9.78693],[-69.5585,9.78145],[-69.55672,9.78168],[-69.55059,9.77872],[-69.55143,9.77801],[-69.551,9.77722]]}},{"type":"Feature","id":"way/847911121","properties":{"highway":"primary_link"},"geometry":{"type":"LineString","coordinates":[[-69.78833,9.7976],[-69.78804,9.79765]]}},{"type":"Feature","id":"way/847911122","properties":{"name":"Carretera Trasandina Quibor - El Tocuyo","highway":"primary","ref":"T-7"},"geometry":{"type":"LineString","coordinates":[[-69.7883,9.79765],[-69.77215,9.82673]]}},{"type":"Feature","id":"way/849778446","properties":{"highway":"trunk_link"},"geometry":{"type":"LineString","coordinates":[[-69.4249,10.04149],[-69.42563,10.04135]]}},{"type":"Feature","id":"way/850758164","properties":{"highway":"tertiary"},"geometry":{"type":"LineString","coordinates":[[-69.63079,9.9296],[-69.64063,9.94186],[-69.65793,9.95414]]}},{"type":"Feature","id":"way/850877254","properties":{"highway":"tertiary"},"geometry":{"type":"LineString","coordinates":[[-69.68329,9.52035],[-69.68446,9.52088],[-69.68399,9.52342],[-69.68752,9.5265],[-69.68804,9.53046],[-69.68705,9.53381],[-69.68544,9.53407],[-69.68601,9.54029],[-69.68551,9.54099],[-69.68442,9.54053],[-69.68329,9.54364],[-69.68438,9.54613],[-69.68288,9.55053],[-69.68059,9.55284],[-69.68104,9.5559],[-69.67958,9.55771],[-69.67979,9.5607],[-69.67832,9.56202],[-69.68111,9.5638],[-69.68104,9.56573],[-69.68261,9.56722],[-69.68152,9.57032],[-69.6801,9.57061],[-69.68097,9.57339],[-69.67991,9.57908],[-69.68082,9.57943],[-69.68221,9.57791],[-69.68573,9.57996],[-69.68701,9.57937],[-69.68965,9.58298],[-69.69162,9.58256],[-69.69546,9.5859],[-69.69776,9.58691],[-69.70126,9.58582],[-69.70343,9.58675],[-69.70662,9.586],[-69.70917,9.58342],[-69.71572,9.58153],[-69.71521,9.57962],[-69.716,9.57901],[-69.71921,9.5777],[-69.71984,9.57878],[-69.72075,9.57756],[-69.72386,9.57795],[-69.7255,9.57674]]}},{"type":"Feature","id":"way/850877256","properties":{"highway":"tertiary"},"geometry":{"type":"LineString","coordinates":[[-69.68428,9.51669],[-69.68518,9.51865],[-69.68329,9.52035]]}},{"type":"Feature","id":"way/852311861","properties":{"highway":"tertiary"},"geometry":{"type":"LineString","coordinates":[[-69.72233,9.49652],[-69.72227,9.49138],[-69.7201,9.48947],[-69.72265,9.48879],[-69.72382,9.48581],[-69.72343,9.48389],[-69.7253,9.48307],[-69.72528,9.4814],[-69.71877,9.47372]]}},{"type":"Feature","id":"way/852416051","properties":{"highway":"tertiary"},"geometry":{"type":"LineString","coordinates":[[-69.78012,9.53222],[-69.77889,9.53121],[-69.77914,9.52613],[-69.77694,9.52744],[-69.77576,9.52706],[-69.77623,9.52595],[-69.77358,9.52781],[-69.77239,9.52798],[-69.77181,9.52702],[-69.77025,9.52825],[-69.76764,9.52825],[-69.76716,9.52659],[-69.76492,9.52562],[-69.76545,9.52403],[-69.76458,9.52368],[-69.76258,9.52512],[-69.76236,9.52683],[-69.76157,9.52664],[-69.76067,9.52851],[-69.75894,9.52938],[-69.75609,9.52829],[-69.75348,9.5286],[-69.74992,9.53084],[-69.74111,9.53136],[-69.73722,9.53291]]}},{"type":"Feature","id":"way/853186325","properties":{"highway":"tertiary"},"geometry":{"type":"LineString","coordinates":[[-69.7255,9.57674],[-69.72638,9.57494],[-69.72911,9.57373],[-69.73313,9.57012],[-69.73425,9.56704],[-69.73534,9.56961],[-69.7364,9.56843],[-69.73789,9.56943],[-69.74006,9.56819]]}},{"type":"Feature","id":"way/853186809","properties":{"highway":"tertiary"},"geometry":{"type":"LineString","coordinates":[[-69.74059,9.56853],[-69.74184,9.57088],[-69.74488,9.5732],[-69.75072,9.57273],[-69.7526,9.57446],[-69.75546,9.5731],[-69.75562,9.57608],[-69.76193,9.57746],[-69.76266,9.57519],[-69.76118,9.57466],[-69.76176,9.57249],[-69.76094,9.57067],[-69.76415,9.5646],[-69.76572,9.55635],[-69.76487,9.55285],[-69.76865,9.55426],[-69.77241,9.55179],[-69.77377,9.54564],[-69.77916,9.54085],[-69.77946,9.53571],[-69.77682,9.53572],[-69.77632,9.53473],[-69.77991,9.53204],[-69.78122,9.53347],[-69.78125,9.53504],[-69.78307,9.53396],[-69.7855,9.53624],[-69.78962,9.53483],[-69.7918,9.53599]]}},{"type":"Feature","id":"way/853186810","properties":{"highway":"tertiary"},"geometry":{"type":"LineString","coordinates":[[-69.74006,9.56819],[-69.74059,9.56853]]}},{"type":"Feature","id":"way/853193382","properties":{"highway":"tertiary"},"geometry":{"type":"LineString","coordinates":[[-69.7918,9.53599],[-69.79429,9.53624]]}},{"type":"Feature","id":"way/853194675","properties":{"name":"Carretera Chabasqu\u00e9n - Villanueva","highway":"tertiary"},"geometry":{"type":"LineString","coordinates":[[-69.83372,9.5302],[-69.83405,9.53474],[-69.83079,9.53922],[-69.81525,9.5401],[-69.81379,9.53898],[-69.81308,9.53598],[-69.81388,9.53456],[-69.81268,9.53183],[-69.81047,9.53099],[-69.80876,9.52873],[-69.80548,9.52765],[-69.80179,9.52791],[-69.79986,9.52981],[-69.79905,9.52933],[-69.79762,9.53023],[-69.79593,9.53299],[-69.79629,9.53384]]}},{"type":"Feature","id":"way/853194677","properties":{"name":"Carretera Regional Gu\u00e1rico - Villanueva","highway":"secondary"},"geometry":{"type":"LineString","coordinates":[[-69.7947,9.54079],[-69.79289,9.54496],[-69.79304,9.55134],[-69.79186,9.55326],[-69.78967,9.55374],[-69.78868,9.55499],[-69.78986,9.55557],[-69.78945,9.55801],[-69.79389,9.55745],[-69.79255,9.55864],[-69.79487,9.55832],[-69.79505,9.55948],[-69.79267,9.56289],[-69.79329,9.56745],[-69.79234,9.56937],[-69.79417,9.57098],[-69.79377,9.57867],[-69.79214,9.58452],[-69.79035,9.58713],[-69.79293,9.59006],[-69.79004,9.59313],[-69.79227,9.59403],[-69.79054,9.59422],[-69.79209,9.59561],[-69.78963,9.59592]]}},{"type":"Feature","id":"way/854390290","properties":{"name":"V\u00eda a R\u00edo Tocuyo","highway":"secondary"},"geometry":{"type":"LineString","coordinates":[[-69.93314,10.19604],[-69.93113,10.2043],[-69.92834,10.20808],[-69.92388,10.21845],[-69.92371,10.22477],[-69.91862,10.2281],[-69.9154,10.22883],[-69.91238,10.23317],[-69.91363,10.23601],[-69.91109,10.23931],[-69.91407,10.2409],[-69.91574,10.24348],[-69.91545,10.24962],[-69.91631,10.25127],[-69.92174,10.25311],[-69.92294,10.25684],[-69.92647,10.25763],[-69.92786,10.2638],[-69.93372,10.26601]]}},{"type":"Feature","id":"way/855429312","properties":{"highway":"tertiary"},"geometry":{"type":"LineString","coordinates":[[-69.60704,9.59777],[-69.60671,9.59895],[-69.60832,9.5993],[-69.60654,9.60138],[-69.60745,9.60311],[-69.61047,9.60417],[-69.61143,9.60382],[-69.61122,9.60305],[-69.61408,9.6038],[-69.61867,9.60858],[-69.61793,9.61141],[-69.6199,9.61218],[-69.62012,9.61366],[-69.61942,9.61706],[-69.61813,9.61776],[-69.62111,9.62127],[-69.62018,9.62209],[-69.6197,9.62552],[-69.62066,9.62452],[-69.6207,9.62652],[-69.62258,9.62641],[-69.62512,9.62812],[-69.6276,9.62737],[-69.63144,9.6279]]}},{"type":"Feature","id":"way/855433352","properties":{"highway":"tertiary"},"geometry":{"type":"LineString","coordinates":[[-69.63178,9.63276],[-69.63274,9.63405],[-69.63197,9.63445],[-69.62889,9.63339],[-69.62628,9.63419],[-69.62404,9.63353],[-69.62365,9.63435],[-69.6276,9.63673],[-69.62915,9.63956],[-69.63244,9.64247],[-69.6369,9.65129],[-69.63634,9.65376],[-69.6403,9.65676],[-69.64068,9.65859],[-69.63973,9.66071],[-69.64047,9.66325],[-69.63971,9.66401],[-69.6409,9.66465],[-69.64045,9.66678],[-69.64115,9.66639],[-69.64177,9.66859],[-69.64766,9.67503]]}},{"type":"Feature","id":"way/855433353","properties":{"highway":"tertiary"},"geometry":{"type":"LineString","coordinates":[[-69.63199,9.63252],[-69.63178,9.63276]]}},{"type":"Feature","id":"way/855433354","properties":{"highway":"tertiary"},"geometry":{"type":"LineString","coordinates":[[-69.63144,9.6279],[-69.63336,9.62826],[-69.63255,9.63016],[-69.63375,9.63063],[-69.6285,9.63012],[-69.63199,9.63252]]}},{"type":"Feature","id":"way/855438468","properties":{"highway":"tertiary"},"geometry":{"type":"LineString","coordinates":[[-69.66428,9.65236],[-69.66379,9.65465],[-69.66109,9.65461],[-69.66126,9.65634],[-69.66002,9.65715],[-69.66208,9.66133],[-69.65832,9.66133],[-69.6588,9.66341],[-69.65755,9.66548]]}},{"type":"Feature","id":"way/855441174","properties":{"highway":"tertiary"},"geometry":{"type":"LineString","coordinates":[[-69.64766,9.67503],[-69.64966,9.67617],[-69.65125,9.67862],[-69.64949,9.68135],[-69.65152,9.68244],[-69.6524,9.68488],[-69.65104,9.68532],[-69.65713,9.68841],[-69.65703,9.68982],[-69.65419,9.69257],[-69.65485,9.69464],[-69.65253,9.69629],[-69.65498,9.69596],[-69.65283,9.69898],[-69.65101,9.69856],[-69.64763,9.70047],[-69.65141,9.70793]]}},{"type":"Feature","id":"way/855845183","properties":{"highway":"tertiary"},"geometry":{"type":"LineString","coordinates":[[-69.54504,9.6189],[-69.54526,9.61586],[-69.54402,9.6162],[-69.54355,9.61338],[-69.54461,9.61042],[-69.54262,9.61142],[-69.54335,9.60921],[-69.54181,9.60739],[-69.54348,9.60542],[-69.54024,9.60585],[-69.54163,9.60168],[-69.54498,9.59848],[-69.54579,9.59627],[-69.54532,9.5933],[-69.54688,9.59194],[-69.54761,9.58868],[-69.54603,9.5875],[-69.54432,9.5837],[-69.54461,9.5788]]}},{"type":"Feature","id":"way/855872186","properties":{"highway":"tertiary"},"geometry":{"type":"LineString","coordinates":[[-69.54461,9.5788],[-69.54349,9.57559],[-69.54192,9.57523],[-69.54098,9.5731],[-69.53839,9.57262],[-69.53944,9.57196],[-69.53868,9.56886],[-69.53666,9.56725],[-69.53375,9.55971]]}},{"type":"Feature","id":"way/855883625","properties":{"highway":"tertiary"},"geometry":{"type":"LineString","coordinates":[[-69.52085,9.55128],[-69.52101,9.54937],[-69.51913,9.54895],[-69.51847,9.54768],[-69.51996,9.54621],[-69.5181,9.53993],[-69.51596,9.5414]]}},{"type":"Feature","id":"way/856227404","properties":{"highway":"tertiary"},"geometry":{"type":"LineString","coordinates":[[-69.69696,9.41088],[-69.69866,9.41385],[-69.69897,9.41678],[-69.6974,9.41785],[-69.69772,9.42054],[-69.69679,9.42301],[-69.69835,9.42431],[-69.69775,9.42487],[-69.69837,9.42623],[-69.7003,9.42805],[-69.69959,9.42942],[-69.70148,9.43136],[-69.69992,9.43305],[-69.6994,9.43652],[-69.69768,9.43879],[-69.69847,9.4405],[-69.70141,9.44163],[-69.70007,9.44228],[-69.70148,9.44498],[-69.70016,9.44524],[-69.70124,9.44621],[-69.69933,9.44803]]}},{"type":"Feature","id":"way/856234606","properties":{"highway":"tertiary"},"geometry":{"type":"LineString","coordinates":[[-69.7182,9.47344],[-69.72165,9.4702],[-69.72138,9.46792],[-69.71949,9.46416],[-69.71663,9.46423],[-69.71857,9.46292],[-69.71845,9.45979],[-69.72258,9.45508],[-69.72131,9.45409],[-69.71968,9.45442],[-69.72079,9.44985],[-69.72003,9.44982],[-69.72031,9.44849],[-69.71824,9.44814],[-69.71797,9.44658],[-69.71894,9.44671],[-69.71898,9.44498],[-69.71669,9.44377],[-69.71228,9.44328],[-69.71003,9.4402],[-69.70811,9.44001],[-69.70705,9.44112],[-69.70857,9.44369],[-69.70524,9.4442],[-69.7053,9.44353],[-69.69933,9.44803]]}},{"type":"Feature","id":"way/856852717","properties":{"highway":"secondary","ref":"L-4"},"geometry":{"type":"LineString","coordinates":[[-69.50743,9.87822],[-69.51002,9.87947]]}},{"type":"Feature","id":"way/856852718","properties":{"highway":"secondary","ref":"L-4"},"geometry":{"type":"LineString","coordinates":[[-69.50702,9.87795],[-69.50743,9.87822]]}},{"type":"Feature","id":"way/856852859","properties":{"highway":"tertiary"},"geometry":{"type":"LineString","coordinates":[[-69.36086,9.9215],[-69.3606,9.91917]]}},{"type":"Feature","id":"way/858169723","properties":{"name":"Carretera Regional Gu\u00e1rico - Villanueva","highway":"secondary"},"geometry":{"type":"LineString","coordinates":[[-69.79496,9.60885],[-69.78925,9.60878],[-69.7903,9.60421],[-69.78926,9.60242],[-69.78774,9.60187],[-69.7889,9.59935],[-69.78836,9.59659],[-69.78963,9.59592]]}},{"type":"Feature","id":"way/858334288","properties":{"highway":"trunk_link"},"geometry":{"type":"LineString","coordinates":[[-69.72972,10.13644],[-69.73293,10.13812]]}},{"type":"Feature","id":"way/858409724","properties":{"name":"Eje Rural de Las Mulas","highway":"tertiary","ref":"R-4"},"geometry":{"type":"LineString","coordinates":[[-69.38887,10.35862],[-69.39529,10.36596],[-69.39697,10.36615],[-69.39827,10.3678],[-69.40217,10.36724],[-69.40867,10.37274]]}},{"type":"Feature","id":"way/858641141","properties":{"highway":"secondary","ref":"L-5"},"geometry":{"type":"LineString","coordinates":[[-69.97032,9.678],[-69.97001,9.67895]]}},{"type":"Feature","id":"way/858676523","properties":{"name":"Carretera del Dinira","highway":"tertiary"},"geometry":{"type":"LineString","coordinates":[[-69.99742,9.56728],[-69.99235,9.56606],[-69.98954,9.5677],[-69.9887,9.56656],[-69.98806,9.5682],[-69.98635,9.56879],[-69.98483,9.5675],[-69.98609,9.56755],[-69.98582,9.5659],[-69.98516,9.56636],[-69.98288,9.56339],[-69.98433,9.564],[-69.98479,9.56308],[-69.98391,9.5602],[-69.98449,9.5591],[-69.98319,9.55896],[-69.9831,9.55632]]}},{"type":"Feature","id":"way/858906336","properties":{"highway":"secondary","ref":"R-1"},"geometry":{"type":"LineString","coordinates":[[-69.77287,9.85544],[-69.77284,9.8557]]}},{"type":"Feature","id":"way/858906337","properties":{"highway":"secondary","ref":"R-1"},"geometry":{"type":"LineString","coordinates":[[-69.77236,9.82646],[-69.7732,9.83091],[-69.77135,9.83979],[-69.77287,9.85544]]}},{"type":"Feature","id":"way/859162375","properties":{"highway":"primary_link"},"geometry":{"type":"LineString","coordinates":[[-69.78801,9.79772],[-69.78799,9.79805]]}},{"type":"Feature","id":"way/859162376","properties":{"name":"Carretera Trasandina Quibor - El Tocuyo","highway":"primary","ref":"T-7"},"geometry":{"type":"LineString","coordinates":[[-69.78801,9.79822],[-69.7883,9.79765]]}},{"type":"Feature","id":"way/859162377","properties":{"name":"Carretera Trasandina Quibor - El Tocuyo","highway":"primary","ref":"T-7"},"geometry":{"type":"LineString","coordinates":[[-69.77215,9.82673],[-69.78801,9.79822]]}},{"type":"Feature","id":"way/859562590","properties":{"highway":"tertiary","ref":"R-39"},"geometry":{"type":"LineString","coordinates":[[-69.37839,9.90496],[-69.38148,9.90151],[-69.38687,9.89811],[-69.39031,9.89928],[-69.39276,9.89799],[-69.39277,9.89925],[-69.39444,9.89818],[-69.393,9.90071],[-69.39523,9.90021],[-69.39687,9.89862],[-69.3965,9.89928],[-69.39775,9.89878],[-69.39681,9.89997],[-69.39941,9.89948],[-69.39888,9.89823],[-69.40129,9.89748],[-69.40141,9.89638]]}},{"type":"Feature","id":"way/859707305","properties":{"name":"V\u00eda a Aregue","highway":"tertiary","ref":"R-2"},"geometry":{"type":"LineString","coordinates":[[-70.05365,10.17876],[-70.05388,10.17904]]}},{"type":"Feature","id":"way/861041516","properties":{"name":"Variante Los Cristales","highway":"trunk","ref":"T-4"},"geometry":{"type":"LineString","coordinates":[[-69.21054,9.98326],[-69.21038,9.98307]]}},{"type":"Feature","id":"way/861041517","properties":{"name":"Variante Los Cristales","highway":"trunk","ref":"T-4"},"geometry":{"type":"LineString","coordinates":[[-69.21545,9.98925],[-69.21054,9.98326]]}},{"type":"Feature","id":"way/861041518","properties":{"name":"Variante Los Cristales","highway":"trunk","ref":"T-4"},"geometry":{"type":"LineString","coordinates":[[-69.21055,9.98343],[-69.21432,9.988]]}},{"type":"Feature","id":"way/861041519","properties":{"name":"Variante Los Cristales","highway":"trunk","ref":"T-4"},"geometry":{"type":"LineString","coordinates":[[-69.21042,9.98326],[-69.21055,9.98343]]}},{"type":"Feature","id":"way/862803042","properties":{"name":"Distribuidor Veragacha","highway":"trunk_link"},"geometry":{"type":"LineString","coordinates":[[-69.24258,10.08016],[-69.24153,10.07993]]}},{"type":"Feature","id":"way/862804750","properties":{"name":"Distribuidor Veragacha","highway":"trunk_link"},"geometry":{"type":"LineString","coordinates":[[-69.24146,10.08002],[-69.24051,10.08033]]}},{"type":"Feature","id":"way/862818052","properties":{"highway":"trunk_link"},"geometry":{"type":"LineString","coordinates":[[-69.72972,10.13644],[-69.73027,10.13632]]}},{"type":"Feature","id":"way/864390884","properties":{"name":"Avenida Universidad","highway":"tertiary"},"geometry":{"type":"LineString","coordinates":[[-69.27173,10.01837],[-69.27215,10.01835]]}},{"type":"Feature","id":"way/865370412","properties":{"highway":"primary_link"},"geometry":{"type":"LineString","coordinates":[[-69.39547,10.04744],[-69.39566,10.0475]]}},{"type":"Feature","id":"way/865478054","properties":{"name":"Carretera Lara - Zulia","highway":"trunk","ref":"T-17"},"geometry":{"type":"LineString","coordinates":[[-70.71735,10.07854],[-70.71493,10.08749],[-70.71256,10.0907],[-70.70502,10.09375],[-70.70023,10.09927],[-70.69893,10.10426],[-70.69486,10.10542],[-70.69287,10.10753]]}},{"type":"Feature","id":"way/865478055","properties":{"name":"Carretera Lara - Zulia","highway":"trunk","ref":"T-17"},"geometry":{"type":"LineString","coordinates":[[-70.71722,10.07791],[-70.71735,10.07854]]}},{"type":"Feature","id":"way/865487344","properties":{"name":"Carretera Lara - Zulia","highway":"trunk","ref":"T-1"},"geometry":{"type":"LineString","coordinates":[[-69.82086,10.13113],[-69.82799,10.13369],[-69.83835,10.13272],[-69.85282,10.13984],[-69.8589,10.14428],[-69.86492,10.14497],[-69.87348,10.14852],[-69.88072,10.14815],[-69.89052,10.1491],[-69.90892,10.15766],[-69.91639,10.15969],[-69.92146,10.15948],[-69.92554,10.16047],[-69.93225,10.15456],[-69.94888,10.15671],[-69.96883,10.15072],[-69.98119,10.14092],[-69.98566,10.1395],[-69.98876,10.13445],[-69.9928,10.13311]]}},{"type":"Feature","id":"way/865487346","properties":{"name":"Carretera Lara - Zulia","highway":"trunk","ref":"T-1"},"geometry":{"type":"LineString","coordinates":[[-69.82075,10.1311],[-69.82086,10.13113]]}},{"type":"Feature","id":"way/865487347","properties":{"name":"Carretera Lara - Zulia","highway":"trunk","ref":"T-1"},"geometry":{"type":"LineString","coordinates":[[-69.73743,10.14088],[-69.74674,10.1426],[-69.75658,10.15196],[-69.76209,10.15338],[-69.77782,10.14708],[-69.79071,10.13995],[-69.80489,10.13637],[-69.81388,10.13133],[-69.82075,10.1311]]}},{"type":"Feature","id":"way/865487350","properties":{"name":"Rampa de Atarigua","highway":"trunk_link"},"geometry":{"type":"LineString","coordinates":[[-69.82177,10.1314],[-69.82359,10.13232]]}},{"type":"Feature","id":"way/865487351","properties":{"name":"Rampa de Atarigua","highway":"trunk_link"},"geometry":{"type":"LineString","coordinates":[[-69.82359,10.13232],[-69.8236,10.13216]]}},{"type":"Feature","id":"way/874890911","properties":{"highway":"secondary","ref":"L-5"},"geometry":{"type":"LineString","coordinates":[[-69.96891,9.6849],[-69.97231,9.67953]]}},{"type":"Feature","id":"way/874890912","properties":{"highway":"secondary","ref":"L-5"},"geometry":{"type":"LineString","coordinates":[[-69.97126,9.67984],[-69.96891,9.6849]]}},{"type":"Feature","id":"way/874890913","properties":{"highway":"secondary","ref":"L-5"},"geometry":{"type":"LineString","coordinates":[[-69.97001,9.67895],[-69.97126,9.67984]]}},{"type":"Feature","id":"way/874890914","properties":{"highway":"secondary","ref":"L-5"},"geometry":{"type":"LineString","coordinates":[[-69.97231,9.67953],[-69.97032,9.678]]}},{"type":"Feature","id":"way/878639866","properties":{"name":"Avenida Libertador","highway":"primary","ref":"T-1;T-4"},"geometry":{"type":"LineString","coordinates":[[-69.28429,10.07892],[-69.30344,10.08142],[-69.31469,10.0841]]}},{"type":"Feature","id":"way/879908867","properties":{"highway":"primary_link"},"geometry":{"type":"LineString","coordinates":[[-69.2857,10.04276],[-69.28468,10.04227]]}},{"type":"Feature","id":"way/975114942","properties":{"name":"Retorno de La Luc\u00eda","highway":"trunk_link","ref":"T-4"},"geometry":{"type":"LineString","coordinates":[[-69.24161,9.70028],[-69.24122,9.70005]]}},{"type":"Feature","id":"way/975114943","properties":{"name":"Retorno de La Luc\u00eda","highway":"trunk_link","ref":"T-4"},"geometry":{"type":"LineString","coordinates":[[-69.24124,9.69982],[-69.24171,9.69968]]}},{"type":"Feature","id":"way/975119158","properties":{"name":"Carretera Trasandina El Tocuyo - Chabasqu\u00e9n","highway":"primary","ref":"T-7"},"geometry":{"type":"LineString","coordinates":[[-69.88417,9.55928],[-69.88032,9.55862],[-69.87825,9.56466],[-69.87885,9.56585],[-69.87748,9.56604],[-69.87779,9.56688],[-69.87427,9.57026],[-69.87239,9.5695],[-69.87152,9.57276],[-69.87012,9.5728],[-69.87106,9.57404],[-69.87062,9.57704],[-69.86984,9.57742],[-69.86886,9.57615],[-69.86803,9.57858],[-69.86588,9.5793],[-69.86589,9.58356],[-69.86397,9.58475],[-69.86307,9.5842],[-69.86317,9.58542],[-69.86204,9.58641],[-69.86009,9.58619],[-69.86063,9.58733],[-69.85879,9.58879]]}},{"type":"Feature","id":"way/981661608","properties":{"name":"Carretera Lara - Zulia","highway":"trunk","ref":"T-17"},"geometry":{"type":"LineString","coordinates":[[-70.88155,10.04787],[-70.88127,10.04786]]}},{"type":"Feature","id":"way/981661609","properties":{"name":"Carretera Lara - Zulia","highway":"trunk","ref":"T-17"},"geometry":{"type":"LineString","coordinates":[[-70.88127,10.04786],[-70.87939,10.04796]]}},{"type":"Feature","id":"way/981661610","properties":{"name":"Carretera Lara - Zulia","highway":"trunk","ref":"T-17"},"geometry":{"type":"LineString","coordinates":[[-70.88126,10.04802],[-70.88154,10.04803]]}},{"type":"Feature","id":"way/981661611","properties":{"name":"Carretera Lara - Zulia","highway":"trunk","ref":"T-17"},"geometry":{"type":"LineString","coordinates":[[-70.87939,10.04796],[-70.88126,10.04802]]}},{"type":"Feature","id":"way/983376417","properties":{"name":"V\u00eda a Guadalupe","highway":"secondary","ref":"R-10"},"geometry":{"type":"LineString","coordinates":[[-69.63527,9.95433],[-69.64417,9.97475],[-69.64921,9.97957],[-69.65808,9.99478]]}},{"type":"Feature","id":"way/983411981","properties":{"name":"Distribuidor Sabaneta","highway":"trunk_link"},"geometry":{"type":"LineString","coordinates":[[-70.01781,10.11466],[-70.01835,10.11329]]}},{"type":"Feature","id":"way/983411990","properties":{"name":"V\u00eda a El Empedrado","highway":"secondary"},"geometry":{"type":"LineString","coordinates":[[-70.27182,9.8296],[-70.27243,9.83166],[-70.27095,9.83332],[-70.27098,9.83549],[-70.27422,9.83852],[-70.27618,9.83753],[-70.27728,9.83999],[-70.27754,9.84516],[-70.27576,9.85122],[-70.2745,9.8522],[-70.27526,9.85676],[-70.27683,9.85944],[-70.27503,9.862],[-70.27488,9.86418],[-70.27756,9.86718],[-70.27967,9.86706],[-70.28116,9.86849],[-70.28257,9.86721]]}},{"type":"Feature","id":"way/983411998","properties":{"highway":"secondary","ref":"R-50"},"geometry":{"type":"LineString","coordinates":[[-70.11918,9.804],[-70.12011,9.80534],[-70.12357,9.80639]]}},{"type":"Feature","id":"way/983412000","properties":{"highway":"tertiary","ref":"R-5"},"geometry":{"type":"LineString","coordinates":[[-70.05226,9.82905],[-70.0552,9.82374]]}},{"type":"Feature","id":"way/983412001","properties":{"highway":"tertiary","ref":"R-5"},"geometry":{"type":"LineString","coordinates":[[-70.0552,9.82374],[-70.05507,9.82362]]}},{"type":"Feature","id":"way/983412003","properties":{"highway":"tertiary"},"geometry":{"type":"LineString","coordinates":[[-69.65793,9.95414],[-69.66014,9.95594]]}},{"type":"Feature","id":"way/983412005","properties":{"highway":"tertiary"},"geometry":{"type":"LineString","coordinates":[[-69.63402,9.92402],[-69.64141,9.92233]]}},{"type":"Feature","id":"way/983412009","properties":{"highway":"tertiary"},"geometry":{"type":"LineString","coordinates":[[-69.64141,9.92233],[-69.64508,9.92493],[-69.64823,9.92477],[-69.65464,9.92825],[-69.66213,9.9349],[-69.67101,9.93743]]}},{"type":"Feature","id":"way/983412020","properties":{"name":"V\u00eda a Atarigua","highway":"trunk_link"},"geometry":{"type":"LineString","coordinates":[[-69.82283,10.13186],[-69.82188,10.13079]]}},{"type":"Feature","id":"way/983412021","properties":{"highway":"trunk_link"},"geometry":{"type":"LineString","coordinates":[[-69.82188,10.13079],[-69.821,10.13118]]}},{"type":"Feature","id":"way/983412023","properties":{"highway":"trunk_link"},"geometry":{"type":"LineString","coordinates":[[-69.90796,10.15962],[-69.91079,10.15821]]}},{"type":"Feature","id":"way/983412024","properties":{"highway":"trunk_link"},"geometry":{"type":"LineString","coordinates":[[-69.90764,10.15706],[-69.90845,10.15863]]}},{"type":"Feature","id":"way/983412027","properties":{"highway":"secondary","ref":"L-8"},"geometry":{"type":"LineString","coordinates":[[-70.06329,10.17797],[-70.07941,10.17635]]}},{"type":"Feature","id":"way/983412060","properties":{"name":"Carretera Quebrada Arriba - Bariro","highway":"tertiary","ref":"L-2"},"geometry":{"type":"LineString","coordinates":[[-70.53978,10.24072],[-70.53664,10.24032],[-70.53454,10.24182],[-70.5289,10.24282],[-70.52679,10.24563]]}},{"type":"Feature","id":"way/983412065","properties":{"highway":"tertiary","ref":"R-38"},"geometry":{"type":"LineString","coordinates":[[-70.2951,10.29789],[-70.29744,10.29768],[-70.30162,10.29487],[-70.31144,10.28495],[-70.32055,10.28479]]}},{"type":"Feature","id":"way/983412066","properties":{"name":"V\u00eda a San Francisco","highway":"secondary","ref":"R-38"},"geometry":{"type":"LineString","coordinates":[[-70.37869,10.24671],[-70.38312,10.24182],[-70.38649,10.23503],[-70.38809,10.2339],[-70.38753,10.22723],[-70.38885,10.21818],[-70.38713,10.19095],[-70.39196,10.18071],[-70.3975,10.17916],[-70.39938,10.17381],[-70.39808,10.17207],[-70.3892,10.16627],[-70.36554,10.14421],[-70.36804,10.1258]]}},{"type":"Feature","id":"way/983412067","properties":{"name":"V\u00eda a Altagracia","highway":"tertiary"},"geometry":{"type":"LineString","coordinates":[[-70.15391,10.27601],[-70.14939,10.26989]]}},{"type":"Feature","id":"way/983412068","properties":{"name":"V\u00eda a Altagracia","highway":"tertiary"},"geometry":{"type":"LineString","coordinates":[[-70.19876,10.33214],[-70.19565,10.32497],[-70.19145,10.32167],[-70.18608,10.30893],[-70.1802,10.30473],[-70.176,10.29937],[-70.16917,10.29703],[-70.16418,10.2909],[-70.1628,10.28407],[-70.15937,10.28079],[-70.15814,10.27787],[-70.15391,10.27601]]}},{"type":"Feature","id":"way/983412072","properties":{"name":"V\u00eda a Aregue","highway":"secondary","ref":"R-2"},"geometry":{"type":"LineString","coordinates":[[-70.03496,10.23789],[-70.03772,10.22952]]}},{"type":"Feature","id":"way/983412074","properties":{"name":"Distribuidor Sabaneta","highway":"trunk_link"},"geometry":{"type":"LineString","coordinates":[[-70.01835,10.11329],[-70.01711,10.11577]]}},{"type":"Feature","id":"way/983412075","properties":{"name":"Carretera Lara - Zulia","highway":"trunk","ref":"T-1"},"geometry":{"type":"LineString","coordinates":[[-69.5684,9.99219],[-69.5623,9.98583],[-69.55631,9.98234]]}},{"type":"Feature","id":"way/983420952","properties":{"name":"Carretera Principal de Los Humocaros","highway":"secondary","ref":"L-5"},"geometry":{"type":"LineString","coordinates":[[-69.97579,9.6403],[-69.98324,9.62513],[-69.98591,9.61035]]}},{"type":"Feature","id":"way/983420954","properties":{"highway":"primary","ref":"T-7"},"geometry":{"type":"LineString","coordinates":[[-69.79173,9.62645],[-69.78971,9.62845]]}},{"type":"Feature","id":"way/983420955","properties":{"highway":"primary","ref":"T-7"},"geometry":{"type":"LineString","coordinates":[[-69.79137,9.62612],[-69.79173,9.62645]]}},{"type":"Feature","id":"way/983420956","properties":{"highway":"primary","ref":"T-7"},"geometry":{"type":"LineString","coordinates":[[-69.79189,9.6217],[-69.79261,9.6247],[-69.79137,9.62612]]}},{"type":"Feature","id":"way/983420957","properties":{"name":"Carretera Trasandina El Tocuyo - Chabasqu\u00e9n","highway":"primary","ref":"T-7"},"geometry":{"type":"LineString","coordinates":[[-69.78971,9.62845],[-69.78447,9.63312],[-69.78171,9.63663],[-69.78173,9.63855]]}},{"type":"Feature","id":"way/983420958","properties":{"name":"Carretera Trasandina El Tocuyo - Chabasqu\u00e9n","highway":"primary","ref":"T-7"},"geometry":{"type":"LineString","coordinates":[[-69.7993,9.77157],[-69.79785,9.77895]]}},{"type":"Feature","id":"way/983431314","properties":{"highway":"tertiary"},"geometry":{"type":"LineString","coordinates":[[-69.61953,9.57383],[-69.61873,9.57582],[-69.6201,9.57553],[-69.62006,9.57732],[-69.61963,9.57955],[-69.6185,9.58027],[-69.62032,9.58133],[-69.61889,9.58351],[-69.62053,9.58514],[-69.61749,9.58642],[-69.61901,9.58705],[-69.61629,9.58784],[-69.61801,9.58996],[-69.61841,9.5933],[-69.61614,9.59519],[-69.60957,9.59601],[-69.60896,9.5973],[-69.60704,9.59777]]}},{"type":"Feature","id":"way/983431315","properties":{"highway":"tertiary"},"geometry":{"type":"LineString","coordinates":[[-69.69497,9.59022],[-69.69491,9.59483],[-69.6957,9.596],[-69.69463,9.60127],[-69.69285,9.60248],[-69.69025,9.61073],[-69.68557,9.61281],[-69.68454,9.61244],[-69.68486,9.6135]]}},{"type":"Feature","id":"way/983431318","properties":{"name":"Carretera del Yacamb\u00fa","highway":"tertiary"},"geometry":{"type":"LineString","coordinates":[[-69.68486,9.6135],[-69.68397,9.61516],[-69.68427,9.61779],[-69.67882,9.6251],[-69.67912,9.62784],[-69.67703,9.62931],[-69.67306,9.63656],[-69.67498,9.63705],[-69.67369,9.64037],[-69.67213,9.64162],[-69.67152,9.64398],[-69.66924,9.64492],[-69.66771,9.64695],[-69.6641,9.64812],[-69.66523,9.65008],[-69.66428,9.65236]]}},{"type":"Feature","id":"way/983431319","properties":{"highway":"tertiary"},"geometry":{"type":"LineString","coordinates":[[-69.69416,9.58496],[-69.69402,9.5878],[-69.69579,9.58952],[-69.69497,9.59022]]}},{"type":"Feature","id":"way/983431321","properties":{"highway":"tertiary"},"geometry":{"type":"LineString","coordinates":[[-69.72601,9.51913],[-69.72724,9.52694],[-69.72992,9.52654],[-69.73256,9.52952],[-69.73378,9.52926],[-69.73393,9.52813],[-69.73488,9.53205],[-69.73722,9.53291]]}},{"type":"Feature","id":"way/983431322","properties":{"highway":"tertiary"},"geometry":{"type":"LineString","coordinates":[[-69.68428,9.51669],[-69.68521,9.5173],[-69.68849,9.51666],[-69.68935,9.51823],[-69.69019,9.51686],[-69.69017,9.51759],[-69.69109,9.5171],[-69.69547,9.51855],[-69.6956,9.51756],[-69.69845,9.51771],[-69.69822,9.5168],[-69.7,9.51456],[-69.70126,9.51505],[-69.70347,9.51302],[-69.70613,9.51325]]}},{"type":"Feature","id":"way/983431323","properties":{"highway":"tertiary"},"geometry":{"type":"LineString","coordinates":[[-69.70613,9.51325],[-69.71214,9.51756],[-69.71613,9.51707],[-69.71986,9.51806],[-69.72142,9.5173],[-69.72601,9.51913]]}},{"type":"Feature","id":"way/983431328","properties":{"highway":"tertiary"},"geometry":{"type":"LineString","coordinates":[[-69.79629,9.53384],[-69.79644,9.53557]]}},{"type":"Feature","id":"way/983431331","properties":{"highway":"tertiary"},"geometry":{"type":"LineString","coordinates":[[-69.79429,9.53624],[-69.7956,9.54027],[-69.7947,9.54079]]}},{"type":"Feature","id":"way/983431333","properties":{"highway":"tertiary"},"geometry":{"type":"LineString","coordinates":[[-69.79429,9.53624],[-69.79644,9.53557]]}},{"type":"Feature","id":"way/983433541","properties":{"highway":"tertiary"},"geometry":{"type":"LineString","coordinates":[[-69.65755,9.66548],[-69.6564,9.66595],[-69.65511,9.66487],[-69.65194,9.66769],[-69.64992,9.66529],[-69.64946,9.66647],[-69.65087,9.66783],[-69.65096,9.67407],[-69.64766,9.67503]]}},{"type":"Feature","id":"way/983433542","properties":{"name":"Carretera del Guache","highway":"tertiary"},"geometry":{"type":"LineString","coordinates":[[-69.62125,9.55999],[-69.61978,9.56201],[-69.62036,9.56386],[-69.61927,9.56514],[-69.6219,9.57099],[-69.61958,9.5716],[-69.62028,9.57361],[-69.61953,9.57383]]}},{"type":"Feature","id":"way/983433544","properties":{"highway":"tertiary"},"geometry":{"type":"LineString","coordinates":[[-69.7322,9.50024],[-69.73196,9.50405],[-69.73068,9.50673],[-69.7316,9.51023],[-69.73106,9.51257],[-69.72828,9.51575],[-69.72726,9.51573],[-69.72601,9.51913]]}},{"type":"Feature","id":"way/983433545","properties":{"highway":"tertiary"},"geometry":{"type":"LineString","coordinates":[[-69.72233,9.49652],[-69.72969,9.49841],[-69.7322,9.50024]]}},{"type":"Feature","id":"way/983433546","properties":{"highway":"tertiary"},"geometry":{"type":"LineString","coordinates":[[-69.71877,9.47372],[-69.7182,9.47344]]}},{"type":"Feature","id":"way/983442401","properties":{"highway":"tertiary"},"geometry":{"type":"LineString","coordinates":[[-69.52743,9.56362],[-69.53375,9.55971]]}},{"type":"Feature","id":"way/983442405","properties":{"name":"V\u00eda al Yacamb\u00fa","highway":"tertiary"},"geometry":{"type":"LineString","coordinates":[[-69.50784,9.68288],[-69.50915,9.68368],[-69.50885,9.68443],[-69.50726,9.68483],[-69.50665,9.68365],[-69.5056,9.68399],[-69.50609,9.6849],[-69.50459,9.68636],[-69.5066,9.68729],[-69.50463,9.68819],[-69.50761,9.68876],[-69.50593,9.69138]]}},{"type":"Feature","id":"way/983442407","properties":{"name":"V\u00eda al Yacamb\u00fa","highway":"tertiary"},"geometry":{"type":"LineString","coordinates":[[-69.42725,9.67827],[-69.43013,9.67968]]}},{"type":"Feature","id":"way/983442411","properties":{"name":"V\u00eda al Yacamb\u00fa","highway":"tertiary"},"geometry":{"type":"LineString","coordinates":[[-69.42725,9.67827],[-69.42712,9.67552],[-69.42427,9.67476],[-69.42227,9.67275]]}},{"type":"Feature","id":"way/983442412","properties":{"name":"V\u00eda al Yacamb\u00fa","highway":"tertiary"},"geometry":{"type":"LineString","coordinates":[[-69.39831,9.65156],[-69.39781,9.65584],[-69.39642,9.65746],[-69.39715,9.66191]]}},{"type":"Feature","id":"way/983442415","properties":{"name":"V\u00eda al Yacamb\u00fa","highway":"tertiary"},"geometry":{"type":"LineString","coordinates":[[-69.54912,9.77167],[-69.5494,9.77282],[-69.5503,9.77269],[-69.54855,9.77503],[-69.54947,9.77538],[-69.55124,9.7742],[-69.551,9.77722]]}},{"type":"Feature","id":"way/983442416","properties":{"name":"V\u00eda al Yacamb\u00fa","highway":"tertiary"},"geometry":{"type":"LineString","coordinates":[[-69.50852,9.71703],[-69.51001,9.71987],[-69.51451,9.72317]]}},{"type":"Feature","id":"way/983442418","properties":{"name":"V\u00eda al Yacamb\u00fa","highway":"tertiary"},"geometry":{"type":"LineString","coordinates":[[-69.51675,9.72784],[-69.51598,9.7286],[-69.51716,9.72853],[-69.51891,9.73038],[-69.52145,9.73109],[-69.52175,9.73023],[-69.52258,9.73223],[-69.52414,9.73081],[-69.52864,9.73802],[-69.53006,9.73766],[-69.53115,9.73909],[-69.53071,9.73975],[-69.53254,9.74004],[-69.53232,9.74088],[-69.53563,9.74091],[-69.53525,9.74208],[-69.53901,9.74153],[-69.53846,9.74406],[-69.54058,9.74414],[-69.53712,9.74729],[-69.53843,9.7476],[-69.5402,9.74581],[-69.54172,9.74605],[-69.54379,9.74949],[-69.5465,9.75009],[-69.54689,9.75163],[-69.55125,9.75448],[-69.54639,9.7579],[-69.54631,9.76071],[-69.54529,9.76125],[-69.54704,9.76203],[-69.54429,9.76284],[-69.54783,9.76413],[-69.5472,9.76576],[-69.54866,9.76906],[-69.54918,9.76833],[-69.54943,9.76961],[-69.5504,9.76857],[-69.54912,9.77167]]}},{"type":"Feature","id":"way/983442419","properties":{"name":"V\u00eda al Yacamb\u00fa","highway":"tertiary"},"geometry":{"type":"LineString","coordinates":[[-69.51426,9.71916],[-69.5123,9.71978],[-69.50852,9.71703]]}},{"type":"Feature","id":"way/983442420","properties":{"name":"V\u00eda al Yacamb\u00fa","highway":"tertiary"},"geometry":{"type":"LineString","coordinates":[[-69.52293,9.71187],[-69.52284,9.7121]]}},{"type":"Feature","id":"way/983442421","properties":{"name":"V\u00eda al Yacamb\u00fa","highway":"tertiary"},"geometry":{"type":"LineString","coordinates":[[-69.52515,9.70008],[-69.52671,9.70123],[-69.52717,9.70315],[-69.52858,9.70339],[-69.52864,9.70593],[-69.53092,9.70764],[-69.53156,9.70953],[-69.52962,9.70938],[-69.52993,9.71028],[-69.5291,9.71047],[-69.52707,9.70976],[-69.52567,9.71109],[-69.52559,9.71042],[-69.52479,9.71322],[-69.52416,9.70947],[-69.52526,9.70868],[-69.52449,9.70865],[-69.5231,9.70936],[-69.52293,9.71187]]}},{"type":"Feature","id":"way/983442422","properties":{"name":"V\u00eda al Yacamb\u00fa","highway":"tertiary"},"geometry":{"type":"LineString","coordinates":[[-69.50882,9.6922],[-69.51048,9.69232],[-69.51228,9.68884],[-69.51469,9.68738],[-69.51618,9.68509],[-69.51803,9.68469],[-69.51671,9.68598],[-69.51872,9.6855],[-69.51816,9.68931],[-69.51933,9.69079],[-69.51774,9.6912],[-69.51761,9.69226],[-69.52005,9.69413],[-69.52108,9.69861],[-69.52396,9.69864],[-69.52515,9.70008]]}},{"type":"Feature","id":"way/983584397","properties":{"highway":"tertiary","ref":"R-39"},"geometry":{"type":"LineString","coordinates":[[-69.36051,9.91921],[-69.36668,9.91447]]}},{"type":"Feature","id":"way/983584402","properties":{"name":"V\u00eda a R\u00edo Claro","highway":"primary","ref":"R-39"},"geometry":{"type":"LineString","coordinates":[[-69.3607,9.93374],[-69.36279,9.94485],[-69.36772,9.95662],[-69.3667,9.95717],[-69.36587,9.96167],[-69.36337,9.9652],[-69.36375,9.96772],[-69.35936,9.97765],[-69.35498,9.98452]]}},{"type":"Feature","id":"way/983584404","properties":{"highway":"secondary","ref":"L-4"},"geometry":{"type":"LineString","coordinates":[[-69.51126,9.88004],[-69.51074,9.88049]]}},{"type":"Feature","id":"way/983584405","properties":{"highway":"secondary","ref":"L-4"},"geometry":{"type":"LineString","coordinates":[[-69.51002,9.87947],[-69.51074,9.88049]]}},{"type":"Feature","id":"way/983584406","properties":{"name":"Carretera Quibor - Cubiro","highway":"tertiary","ref":"R-11"},"geometry":{"type":"LineString","coordinates":[[-69.5817,9.78991],[-69.58073,9.79074],[-69.58279,9.78993],[-69.58408,9.79083],[-69.58395,9.79193],[-69.58506,9.79187],[-69.58422,9.79309],[-69.5865,9.7935]]}},{"type":"Feature","id":"way/983591031","properties":{"name":"Distribuidor Bellas Artes","highway":"primary_link"},"geometry":{"type":"LineString","coordinates":[[-69.28205,10.03742],[-69.28175,10.0379]]}},{"type":"Feature","id":"way/983591032","properties":{"name":"Avenida Universidad","highway":"tertiary"},"geometry":{"type":"LineString","coordinates":[[-69.27215,10.01835],[-69.27224,10.01836]]}},{"type":"Feature","id":"way/983591033","properties":{"highway":"tertiary"},"geometry":{"type":"LineString","coordinates":[[-69.25597,10.03181],[-69.25589,10.0319]]}},{"type":"Feature","id":"way/983596020","properties":{"name":"Avenida El Placer","highway":"tertiary","ref":"R-15"},"geometry":{"type":"LineString","coordinates":[[-69.23552,10.03222],[-69.23533,10.03205]]}},{"type":"Feature","id":"way/983605520","properties":{"name":"Carretera Vieja Barquisimeto - Yaritagua","highway":"secondary","ref":"R-16"},"geometry":{"type":"LineString","coordinates":[[-69.26294,10.05618],[-69.26283,10.05623]]}},{"type":"Feature","id":"way/983605524","properties":{"name":"Retorno de Aroita","highway":"trunk_link","ref":"T-4"},"geometry":{"type":"LineString","coordinates":[[-69.16858,9.85104],[-69.16804,9.85122]]}},{"type":"Feature","id":"way/983605525","properties":{"name":"Retorno de Aroita","highway":"trunk_link","ref":"T-4"},"geometry":{"type":"LineString","coordinates":[[-69.16743,9.85082],[-69.16764,9.85042]]}},{"type":"Feature","id":"way/983605526","properties":{"name":"Retorno de Cujicito","highway":"trunk_link","ref":"T-4"},"geometry":{"type":"LineString","coordinates":[[-69.18915,9.86455],[-69.18884,9.86473]]}},{"type":"Feature","id":"way/983605527","properties":{"name":"Retorno de Cujicito","highway":"trunk_link","ref":"T-4"},"geometry":{"type":"LineString","coordinates":[[-69.18823,9.86403],[-69.18854,9.86382]]}},{"type":"Feature","id":"way/983605530","properties":{"name":"Variante Los Cristales","highway":"trunk","ref":"T-4"},"geometry":{"type":"LineString","coordinates":[[-69.15662,9.77642],[-69.14353,9.80445],[-69.14308,9.8109],[-69.14006,9.81786],[-69.13943,9.82482],[-69.14379,9.83498],[-69.15273,9.83674],[-69.1581,9.84318],[-69.16743,9.85082],[-69.1711,9.853],[-69.1796,9.85544],[-69.18632,9.86186],[-69.19356,9.87085],[-69.19583,9.87846],[-69.19834,9.88278],[-69.19889,9.88872],[-69.20274,9.89361],[-69.2086,9.90754],[-69.21052,9.91864],[-69.21475,9.93018],[-69.21143,9.94281],[-69.21182,9.95196],[-69.2075,9.96762],[-69.20881,9.97427],[-69.20827,9.97964],[-69.21042,9.98326]]}},{"type":"Feature","id":"way/983605536","properties":{"highway":"trunk_link","ref":"T-4"},"geometry":{"type":"LineString","coordinates":[[-69.21927,9.99526],[-69.21829,9.99492]]}},{"type":"Feature","id":"way/983694973","properties":{"name":"Autopista Barquisimeto - Acarigua","highway":"trunk","ref":"T-4"},"geometry":{"type":"LineString","coordinates":[[-69.19395,9.74639],[-69.19315,9.74705]]}},{"type":"Feature","id":"way/983694974","properties":{"name":"Autopista Barquisimeto - Acarigua","highway":"trunk","ref":"T-4"},"geometry":{"type":"LineString","coordinates":[[-69.19336,9.74731],[-69.19414,9.74667]]}},{"type":"Feature","id":"way/983694975","properties":{"name":"Autopista Barquisimeto - Acarigua","highway":"trunk","ref":"T-4"},"geometry":{"type":"LineString","coordinates":[[-69.19414,9.74667],[-69.20469,9.74015],[-69.20719,9.7374]]}},{"type":"Feature","id":"way/983694976","properties":{"name":"Autopista Barquisimeto - Acarigua","highway":"trunk","ref":"T-4"},"geometry":{"type":"LineString","coordinates":[[-69.20707,9.73724],[-69.20368,9.74044],[-69.19395,9.74639]]}},{"type":"Feature","id":"way/983694977","properties":{"name":"Autopista Barquisimeto - Acarigua","highway":"trunk","ref":"T-4"},"geometry":{"type":"LineString","coordinates":[[-69.21229,9.73124],[-69.21197,9.7316]]}},{"type":"Feature","id":"way/983694978","properties":{"name":"Autopista Barquisimeto - Acarigua","highway":"trunk","ref":"T-4"},"geometry":{"type":"LineString","coordinates":[[-69.24337,9.69074],[-69.24002,9.70412],[-69.21229,9.73124]]}},{"type":"Feature","id":"way/983694979","properties":{"name":"Autopista Barquisimeto - Acarigua","highway":"trunk","ref":"T-4"},"geometry":{"type":"LineString","coordinates":[[-69.21222,9.7318],[-69.21251,9.73148]]}},{"type":"Feature","id":"way/983694980","properties":{"name":"Autopista Barquisimeto - Acarigua","highway":"trunk","ref":"T-4"},"geometry":{"type":"LineString","coordinates":[[-69.21251,9.73148],[-69.24019,9.70429],[-69.24352,9.69082]]}},{"type":"Feature","id":"way/983694981","properties":{"name":"Retorno de Botucal","highway":"trunk_link","ref":"T-4"},"geometry":{"type":"LineString","coordinates":[[-69.2022,9.74159],[-69.20206,9.74131]]}},{"type":"Feature","id":"way/983694982","properties":{"name":"Retorno de Botucal","highway":"trunk_link","ref":"T-4"},"geometry":{"type":"LineString","coordinates":[[-69.20247,9.7411],[-69.20272,9.74131]]}},{"type":"Feature","id":"way/983700721","properties":{"name":"Eje Rural de Las Mulas","highway":"tertiary","ref":"R-4"},"geometry":{"type":"LineString","coordinates":[[-69.47001,10.27357],[-69.46227,10.27595],[-69.45635,10.27447],[-69.45131,10.2773],[-69.45004,10.28013],[-69.44614,10.28425],[-69.44259,10.29138],[-69.43959,10.29413],[-69.43669,10.29372],[-69.43279,10.29626],[-69.42695,10.29522]]}},{"type":"Feature","id":"way/983700722","properties":{"name":"Eje Agr\u00edcola de Moroturo","highway":"secondary","ref":"R-3"},"geometry":{"type":"LineString","coordinates":[[-69.24806,10.54896],[-69.27473,10.61313],[-69.2773,10.61522]]}},{"type":"Feature","id":"way/983700723","properties":{"highway":"secondary","ref":"R-3"},"geometry":{"type":"LineString","coordinates":[[-69.23033,10.54992],[-69.23596,10.54963]]}},{"type":"Feature","id":"way/983700724","properties":{"highway":"secondary","ref":"R-3"},"geometry":{"type":"LineString","coordinates":[[-69.23086,10.55591],[-69.23033,10.54992]]}},{"type":"Feature","id":"way/983700725","properties":{"highway":"secondary","ref":"L-6"},"geometry":{"type":"LineString","coordinates":[[-69.70545,10.56979],[-69.70547,10.57039]]}},{"type":"Feature","id":"way/983700726","properties":{"highway":"secondary","ref":"L-6"},"geometry":{"type":"LineString","coordinates":[[-69.70827,10.56962],[-69.70545,10.56979]]}},{"type":"Feature","id":"way/983700727","properties":{"highway":"secondary","ref":"L-6"},"geometry":{"type":"LineString","coordinates":[[-69.70547,10.57039],[-69.69894,10.571],[-69.69593,10.5723]]}},{"type":"Feature","id":"way/983700728","properties":{"name":"Carretera Siquisique - Biragua","highway":"secondary","ref":"L-6"},"geometry":{"type":"LineString","coordinates":[[-69.9445,10.58473],[-69.94047,10.58779],[-69.93031,10.58916],[-69.92541,10.59172],[-69.91112,10.59421],[-69.90413,10.59791],[-69.9022,10.60009],[-69.8857,10.60166],[-69.88219,10.60424],[-69.88119,10.6063],[-69.87242,10.60842],[-69.86443,10.61267],[-69.86094,10.61798],[-69.85715,10.61637],[-69.85079,10.62071],[-69.84921,10.62071]]}},{"type":"Feature","id":"way/983700732","properties":{"name":"Carretera Nacional Falc\u00f3n - Lara","highway":"trunk","ref":"T-4"},"geometry":{"type":"LineString","coordinates":[[-69.47719,10.25362],[-69.47774,10.26037],[-69.46702,10.27758]]}},{"type":"Feature","id":"way/983710043","properties":{"name":"V\u00eda Principal de El Potrero","highway":"tertiary","ref":"R-25"},"geometry":{"type":"LineString","coordinates":[[-69.26536,10.17456],[-69.25886,10.18175]]}},{"type":"Feature","id":"way/983710048","properties":{"name":"V\u00eda a Las Veritas","highway":"tertiary","ref":"R-25"},"geometry":{"type":"LineString","coordinates":[[-69.30042,10.15285],[-69.3026,10.15318],[-69.30514,10.15133],[-69.31656,10.14739]]}},{"type":"Feature","id":"way/983710049","properties":{"name":"Carretera El Potrero - Cordero","highway":"tertiary","ref":"R-25"},"geometry":{"type":"LineString","coordinates":[[-69.24257,10.17177],[-69.2396,10.17838],[-69.23947,10.18309]]}},{"type":"Feature","id":"way/983710050","properties":{"name":"Carretera El Potrero - Cordero","highway":"tertiary","ref":"R-25"},"geometry":{"type":"LineString","coordinates":[[-69.23947,10.18309],[-69.24363,10.1845],[-69.2458,10.18351],[-69.25542,10.18302],[-69.25886,10.18175]]}},{"type":"Feature","id":"way/983710051","properties":{"highway":"secondary","ref":"R-17"},"geometry":{"type":"LineString","coordinates":[[-69.18657,10.24682],[-69.18573,10.24463],[-69.18693,10.24335]]}},{"type":"Feature","id":"way/983710052","properties":{"highway":"tertiary"},"geometry":{"type":"LineString","coordinates":[[-69.21027,10.22647],[-69.21619,10.22457]]}},{"type":"Feature","id":"way/983710053","properties":{"highway":"tertiary"},"geometry":{"type":"LineString","coordinates":[[-69.21619,10.22457],[-69.21759,10.22154]]}},{"type":"Feature","id":"way/983710054","properties":{"highway":"tertiary"},"geometry":{"type":"LineString","coordinates":[[-69.21759,10.22154],[-69.22094,10.22223]]}},{"type":"Feature","id":"way/983710055","properties":{"name":"Carretera Malec\u00f3n - Las Veras","highway":"tertiary","ref":"R-22"},"geometry":{"type":"LineString","coordinates":[[-69.23889,10.23373],[-69.23889,10.23245]]}},{"type":"Feature","id":"way/983710062","properties":{"name":"Eje Rural de Morrocoy","highway":"tertiary","ref":"R-23"},"geometry":{"type":"LineString","coordinates":[[-69.33283,10.26555],[-69.33674,10.26571],[-69.33907,10.26849],[-69.34062,10.27264],[-69.34574,10.27466]]}},{"type":"Feature","id":"way/983710063","properties":{"highway":"tertiary","ref":"R-23"},"geometry":{"type":"LineString","coordinates":[[-69.28532,10.22234],[-69.28698,10.22773]]}},{"type":"Feature","id":"way/983710067","properties":{"name":"V\u00eda a Colmen\u00e1rez","highway":"tertiary"},"geometry":{"type":"LineString","coordinates":[[-69.27505,10.26387],[-69.278,10.26191],[-69.28377,10.26066],[-69.28821,10.26161],[-69.29264,10.26496]]}},{"type":"Feature","id":"way/983710069","properties":{"name":"V\u00eda a Uribana","highway":"tertiary"},"geometry":{"type":"LineString","coordinates":[[-69.32284,10.17681],[-69.31965,10.17711],[-69.31595,10.17533],[-69.31139,10.17611]]}},{"type":"Feature","id":"way/983712040","properties":{"highway":"primary_link","ref":"L-3;R-18"},"geometry":{"type":"LineString","coordinates":[[-69.17732,10.27493],[-69.17742,10.27524]]}},{"type":"Feature","id":"way/983712041","properties":{"highway":"primary_link"},"geometry":{"type":"LineString","coordinates":[[-69.1664,10.29273],[-69.16639,10.29242]]}},{"type":"Feature","id":"way/983712042","properties":{"highway":"primary_link"},"geometry":{"type":"LineString","coordinates":[[-69.1661,10.29264],[-69.1664,10.29273]]}},{"type":"Feature","id":"way/983720569","properties":{"name":"Distribuidor Veragacha","highway":"trunk","ref":"T-1"},"geometry":{"type":"LineString","coordinates":[[-69.24536,10.08055],[-69.24215,10.08261],[-69.23989,10.08202]]}},{"type":"Feature","id":"way/983720570","properties":{"name":"Distribuidor Veragacha","highway":"trunk_link"},"geometry":{"type":"LineString","coordinates":[[-69.24102,10.08083],[-69.24268,10.08023]]}},{"type":"Feature","id":"way/983720575","properties":{"name":"Autopista Cimarr\u00f3n Andresote","highway":"trunk","ref":"T-1"},"geometry":{"type":"LineString","coordinates":[[-69.24145,10.08038],[-69.24392,10.07989]]}},{"type":"Feature","id":"way/983720576","properties":{"name":"Autopista Cimarr\u00f3n Andresote","highway":"trunk","ref":"T-1"},"geometry":{"type":"LineString","coordinates":[[-69.24258,10.08016],[-69.24148,10.0803]]}},{"type":"Feature","id":"way/983725123","properties":{"name":"Distribuidor El Ujano","highway":"trunk_link"},"geometry":{"type":"LineString","coordinates":[[-69.26511,10.08854],[-69.2645,10.08824]]}},{"type":"Feature","id":"way/983725124","properties":{"name":"Distribuidor El Ujano","highway":"trunk_link"},"geometry":{"type":"LineString","coordinates":[[-69.26468,10.0887],[-69.2645,10.08824]]}},{"type":"Feature","id":"way/983725125","properties":{"highway":"trunk_link"},"geometry":{"type":"LineString","coordinates":[[-69.35455,10.09863],[-69.35414,10.09862]]}},{"type":"Feature","id":"way/983725126","properties":{"name":"Avenida Circunvalaci\u00f3n Norte","highway":"trunk","ref":"T-1"},"geometry":{"type":"LineString","coordinates":[[-69.3754,10.09533],[-69.37337,10.09778]]}},{"type":"Feature","id":"way/983725127","properties":{"name":"Avenida Circunvalaci\u00f3n Norte","highway":"trunk","ref":"T-1"},"geometry":{"type":"LineString","coordinates":[[-69.37345,10.09783],[-69.3798,10.09166]]}},{"type":"Feature","id":"way/983727843","properties":{"name":"Avenida Libertador","highway":"primary","ref":"T-1;T-4"},"geometry":{"type":"LineString","coordinates":[[-69.28353,10.07914],[-69.28429,10.07892]]}},{"type":"Feature","id":"way/983727844","properties":{"name":"Avenida Los Leones","highway":"tertiary","ref":"T-4"},"geometry":{"type":"LineString","coordinates":[[-69.28535,10.0633],[-69.28356,10.07227]]}},{"type":"Feature","id":"way/983727845","properties":{"name":"Avenida Los Leones","highway":"tertiary","ref":"T-4"},"geometry":{"type":"LineString","coordinates":[[-69.28366,10.07233],[-69.28547,10.06332]]}},{"type":"Feature","id":"way/983847099","properties":{"name":"Calle 3","highway":"tertiary"},"geometry":{"type":"LineString","coordinates":[[-69.39399,10.03369],[-69.39369,10.03252]]}},{"type":"Feature","id":"way/983847103","properties":{"name":"Calle 5","highway":"tertiary"},"geometry":{"type":"LineString","coordinates":[[-69.38885,10.03498],[-69.38799,10.0331]]}},{"type":"Feature","id":"way/983847104","properties":{"highway":"tertiary"},"geometry":{"type":"LineString","coordinates":[[-69.44866,10.01034],[-69.45045,10.01024],[-69.45415,10.01355]]}},{"type":"Feature","id":"way/983847105","properties":{"highway":"trunk_link"},"geometry":{"type":"LineString","coordinates":[[-69.44221,10.0335],[-69.44201,10.03387]]}},{"type":"Feature","id":"way/983847107","properties":{"name":"Vereda 7","highway":"tertiary"},"geometry":{"type":"LineString","coordinates":[[-69.39533,10.04072],[-69.39596,10.04062]]}},{"type":"Feature","id":"way/983847108","properties":{"name":"Calle 3","highway":"tertiary"},"geometry":{"type":"LineString","coordinates":[[-69.39533,10.04072],[-69.39399,10.03369]]}},{"type":"Feature","id":"way/983847117","properties":{"name":"Callej\u00f3n 5","highway":"tertiary"},"geometry":{"type":"LineString","coordinates":[[-69.29968,10.09665],[-69.29835,10.09747]]}},{"type":"Feature","id":"way/983847118","properties":{"highway":"tertiary"},"geometry":{"type":"LineString","coordinates":[[-69.27874,10.09897],[-69.27934,10.09899]]}},{"type":"Feature","id":"way/983847119","properties":{"highway":"tertiary"},"geometry":{"type":"LineString","coordinates":[[-69.27934,10.09899],[-69.28104,10.10345]]}},{"type":"Feature","id":"way/983847120","properties":{"highway":"tertiary"},"geometry":{"type":"LineString","coordinates":[[-69.2814,10.10344],[-69.28124,10.10344]]}},{"type":"Feature","id":"way/983847127","properties":{"name":"Carrera 4","highway":"tertiary"},"geometry":{"type":"LineString","coordinates":[[-69.31303,10.09421],[-69.31392,10.09407]]}},{"type":"Feature","id":"way/983847128","properties":{"highway":"tertiary"},"geometry":{"type":"LineString","coordinates":[[-69.32906,10.09496],[-69.32885,10.0953]]}},{"type":"Feature","id":"way/983847135","properties":{"name":"Carrera 1","highway":"tertiary","ref":"R-21"},"geometry":{"type":"LineString","coordinates":[[-69.3345,10.08439],[-69.3344,10.08441]]}},{"type":"Feature","id":"way/983847136","properties":{"name":"Carrera 1","highway":"tertiary","ref":"R-21"},"geometry":{"type":"LineString","coordinates":[[-69.33442,10.08449],[-69.3345,10.08447]]}},{"type":"Feature","id":"way/983847139","properties":{"name":"Calle 6","highway":"tertiary","ref":"R-21"},"geometry":{"type":"LineString","coordinates":[[-69.33481,10.10242],[-69.334,10.09979]]}},{"type":"Feature","id":"way/983847140","properties":{"name":"Calle 6","highway":"tertiary","ref":"R-21"},"geometry":{"type":"LineString","coordinates":[[-69.32929,10.09297],[-69.33132,10.09727]]}},{"type":"Feature","id":"way/983847142","properties":{"name":"Carrera 8","highway":"tertiary"},"geometry":{"type":"LineString","coordinates":[[-69.35076,10.08624],[-69.35053,10.08632]]}},{"type":"Feature","id":"way/983847151","properties":{"name":"Distribuidor Macuto","highway":"primary_link"},"geometry":{"type":"LineString","coordinates":[[-69.30991,10.06044],[-69.31117,10.06018]]}},{"type":"Feature","id":"way/983847159","properties":{"highway":"tertiary"},"geometry":{"type":"LineString","coordinates":[[-69.29045,10.07358],[-69.29048,10.07343]]}},{"type":"Feature","id":"way/983847160","properties":{"name":"Calle 6","highway":"tertiary"},"geometry":{"type":"LineString","coordinates":[[-69.29038,10.07341],[-69.29035,10.07356]]}},{"type":"Feature","id":"way/983847161","properties":{"name":"Carrera 1","highway":"tertiary"},"geometry":{"type":"LineString","coordinates":[[-69.29159,10.06341],[-69.29261,10.0636]]}},{"type":"Feature","id":"way/983847163","properties":{"name":"Avenida Las Industrias","highway":"primary","ref":"T-4"},"geometry":{"type":"LineString","coordinates":[[-69.36504,10.06943],[-69.37429,10.07254]]}},{"type":"Feature","id":"way/983847164","properties":{"name":"Avenida Las Industrias","highway":"primary"},"geometry":{"type":"LineString","coordinates":[[-69.35841,10.06717],[-69.35587,10.06627]]}},{"type":"Feature","id":"way/983847165","properties":{"name":"Carrera 33","highway":"secondary","ref":"L-4"},"geometry":{"type":"LineString","coordinates":[[-69.30946,10.08065],[-69.30981,10.08055]]}},{"type":"Feature","id":"way/983847167","properties":{"name":"Distribuidor Macuto","highway":"primary_link"},"geometry":{"type":"LineString","coordinates":[[-69.31564,10.05742],[-69.31513,10.05782]]}},{"type":"Feature","id":"way/983847168","properties":{"highway":"primary","ref":"R-15"},"geometry":{"type":"LineString","coordinates":[[-69.34766,10.04215],[-69.34706,10.04133]]}},{"type":"Feature","id":"way/983847169","properties":{"name":"Autopista Cimarr\u00f3n Andresote","highway":"trunk","ref":"T-1"},"geometry":{"type":"LineString","coordinates":[[-69.26225,10.06673],[-69.26134,10.0674]]}},{"type":"Feature","id":"way/983847170","properties":{"name":"Avenida Venezuela","highway":"primary","ref":"T-1;T-4"},"geometry":{"type":"LineString","coordinates":[[-69.28366,10.07233],[-69.28356,10.07227]]}},{"type":"Feature","id":"way/983847171","properties":{"name":"Avenida Venezuela","highway":"primary","ref":"T-1;T-4"},"geometry":{"type":"LineString","coordinates":[[-69.28344,10.0729],[-69.28355,10.07296]]}},{"type":"Feature","id":"way/983847173","properties":{"highway":"primary"},"geometry":{"type":"LineString","coordinates":[[-69.35579,10.06683],[-69.35547,10.06747]]}},{"type":"Feature","id":"way/983847174","properties":{"highway":"primary"},"geometry":{"type":"LineString","coordinates":[[-69.35561,10.06776],[-69.35638,10.06767]]}},{"type":"Feature","id":"way/983852562","properties":{"name":"Avenida Principal de El Cercado","highway":"tertiary"},"geometry":{"type":"LineString","coordinates":[[-69.25306,10.09634],[-69.25179,10.10131],[-69.25402,10.10463],[-69.25102,10.10955]]}},{"type":"Feature","id":"way/983852566","properties":{"name":"Carretera Nacional Falc\u00f3n - Lara","highway":"trunk","ref":"T-4"},"geometry":{"type":"LineString","coordinates":[[-69.40684,10.07875],[-69.40608,10.0785]]}},{"type":"Feature","id":"way/983852567","properties":{"name":"Carretera Nacional Falc\u00f3n - Lara","highway":"trunk","ref":"T-4"},"geometry":{"type":"LineString","coordinates":[[-69.39818,10.07746],[-69.40097,10.07624],[-69.40329,10.0788],[-69.40608,10.0785]]}},{"type":"Feature","id":"way/983852568","properties":{"name":"Carretera Nacional Falc\u00f3n - Lara","highway":"trunk","ref":"T-4"},"geometry":{"type":"LineString","coordinates":[[-69.40608,10.0785],[-69.40332,10.07874],[-69.40098,10.07616],[-69.39819,10.07734]]}},{"type":"Feature","id":"way/983869600","properties":{"name":"Avenida Libertador","highway":"primary","ref":"T-1"},"geometry":{"type":"LineString","coordinates":[[-69.3524,10.06963],[-69.35441,10.06839]]}},{"type":"Feature","id":"way/983869601","properties":{"name":"Avenida Libertador","highway":"primary","ref":"T-1"},"geometry":{"type":"LineString","coordinates":[[-69.35431,10.06825],[-69.35169,10.06985]]}},{"type":"Feature","id":"way/983869602","properties":{"highway":"primary_link"},"geometry":{"type":"LineString","coordinates":[[-69.3637,10.06271],[-69.36366,10.06264]]}},{"type":"Feature","id":"way/983869603","properties":{"highway":"primary_link"},"geometry":{"type":"LineString","coordinates":[[-69.36503,10.06193],[-69.365,10.06187]]}},{"type":"Feature","id":"way/983869604","properties":{"highway":"primary_link"},"geometry":{"type":"LineString","coordinates":[[-69.36431,10.06262],[-69.36428,10.06256]]}},{"type":"Feature","id":"way/983869605","properties":{"highway":"primary_link"},"geometry":{"type":"LineString","coordinates":[[-69.3676,10.06042],[-69.36756,10.06034]]}},{"type":"Feature","id":"way/983869606","properties":{"highway":"primary_link"},"geometry":{"type":"LineString","coordinates":[[-69.36846,10.05992],[-69.3684,10.05985]]}},{"type":"Feature","id":"way/983869607","properties":{"highway":"primary_link","ref":"T-1"},"geometry":{"type":"LineString","coordinates":[[-69.37157,10.05836],[-69.37153,10.0583]]}},{"type":"Feature","id":"way/983869608","properties":{"highway":"primary_link","ref":"T-1"},"geometry":{"type":"LineString","coordinates":[[-69.37771,10.05479],[-69.37767,10.05471]]}},{"type":"Feature","id":"way/983869609","properties":{"highway":"primary_link","ref":"T-1"},"geometry":{"type":"LineString","coordinates":[[-69.37787,10.05442],[-69.37761,10.05446]]}},{"type":"Feature","id":"way/983869610","properties":{"highway":"primary_link","ref":"T-1"},"geometry":{"type":"LineString","coordinates":[[-69.37983,10.05354],[-69.37979,10.05347]]}},{"type":"Feature","id":"way/983869611","properties":{"highway":"primary_link","ref":"T-1"},"geometry":{"type":"LineString","coordinates":[[-69.37968,10.05336],[-69.37963,10.05326]]}},{"type":"Feature","id":"way/983869612","properties":{"highway":"primary_link"},"geometry":{"type":"LineString","coordinates":[[-69.38683,10.04902],[-69.38674,10.04919]]}},{"type":"Feature","id":"way/983869613","properties":{"highway":"primary_link","ref":"T-1"},"geometry":{"type":"LineString","coordinates":[[-69.39048,10.04811],[-69.39091,10.04797]]}},{"type":"Feature","id":"way/983869614","properties":{"highway":"primary_link","ref":"T-1"},"geometry":{"type":"LineString","coordinates":[[-69.39033,10.04789],[-69.38986,10.0479]]}},{"type":"Feature","id":"way/983872187","properties":{"highway":"trunk_link"},"geometry":{"type":"LineString","coordinates":[[-69.19723,9.87982],[-69.19679,9.87976]]}},{"type":"Feature","id":"way/983873963","properties":{"name":"Carretera Panamericana Trujillo - Lara","highway":"trunk","ref":"T-1"},"geometry":{"type":"LineString","coordinates":[[-70.2169,9.8261],[-70.21239,9.8269],[-70.19721,9.83776],[-70.16636,9.87587],[-70.14829,9.8932],[-70.13802,9.90059],[-70.13372,9.90673],[-70.1263,9.9141],[-70.09449,9.99476],[-70.08893,10.00119],[-70.07771,10.00697],[-70.05771,10.02159],[-70.04169,10.03885],[-70.04109,10.04213],[-70.04521,10.05757],[-70.04529,10.06102],[-70.03871,10.07551],[-70.02827,10.09292],[-70.01835,10.11329]]}},{"type":"Feature","id":"way/983878939","properties":{"name":"Carretera Lara - Zulia","highway":"trunk","ref":"T-17"},"geometry":{"type":"LineString","coordinates":[[-70.11047,10.14619],[-70.10673,10.14852],[-70.09709,10.1485],[-70.08889,10.1525],[-70.08362,10.15018],[-70.07224,10.14868],[-70.06785,10.1463]]}},{"type":"Feature","id":"way/983893783","properties":{"name":"Carrera 33","highway":"secondary","ref":"L-4"},"geometry":{"type":"LineString","coordinates":[[-69.30981,10.08055],[-69.31022,10.08052]]}},{"type":"Feature","id":"way/983893784","properties":{"name":"Distribuidor Macuto","highway":"primary"},"geometry":{"type":"LineString","coordinates":[[-69.30879,10.06061],[-69.31166,10.05992]]}},{"type":"Feature","id":"way/983893785","properties":{"name":"Distribuidor Macuto","highway":"primary"},"geometry":{"type":"LineString","coordinates":[[-69.31175,10.05926],[-69.30869,10.06052]]}},{"type":"Feature","id":"way/983894972","properties":{"name":"Carretera Principal de Los Humocaros","highway":"tertiary","ref":"L-5"},"geometry":{"type":"LineString","coordinates":[[-69.98591,9.61035],[-69.98681,9.60589]]}},{"type":"Feature","id":"way/983894973","properties":{"name":"Carretera Humocaros - Chabasqu\u00e9n","highway":"tertiary","ref":"L-5"},"geometry":{"type":"LineString","coordinates":[[-69.99898,9.58582],[-70.00052,9.58371],[-69.99763,9.57967],[-69.99849,9.57408],[-69.99742,9.56728]]}},{"type":"Feature","id":"way/983894974","properties":{"name":"Carretera Humocaros - Chabasqu\u00e9n","highway":"tertiary","ref":"L-5"},"geometry":{"type":"LineString","coordinates":[[-69.98681,9.60589],[-69.98785,9.60365]]}},{"type":"Feature","id":"way/983906904","properties":{"highway":"secondary","ref":"R-1"},"geometry":{"type":"LineString","coordinates":[[-69.77227,9.8264],[-69.77236,9.82646]]}},{"type":"Feature","id":"way/983915992","properties":{"name":"V\u00eda Principal de Las Veras","highway":"secondary","ref":"R-8"},"geometry":{"type":"LineString","coordinates":[[-70.21495,10.06266],[-70.21196,10.07085],[-70.2089,10.07528]]}},{"type":"Feature","id":"way/983915993","properties":{"name":"V\u00eda Principal de Pie de Cuesta","highway":"secondary","ref":"R-8"},"geometry":{"type":"LineString","coordinates":[[-70.24342,9.88363],[-70.24268,9.89348]]}},{"type":"Feature","id":"way/983915994","properties":{"name":"Carretera La Pastora - Pie de Cuesta","highway":"secondary","ref":"R-8"},"geometry":{"type":"LineString","coordinates":[[-70.24226,9.8192],[-70.23906,9.82687],[-70.24357,9.83477],[-70.24556,9.84579],[-70.24374,9.84978],[-70.24184,9.85839],[-70.2435,9.86596],[-70.24284,9.87864],[-70.24342,9.88363]]}},{"type":"Feature","id":"way/983915999","properties":{"name":"V\u00eda a Aregue","highway":"secondary","ref":"R-2"},"geometry":{"type":"LineString","coordinates":[[-70.05388,10.17904],[-70.05412,10.17871]]}},{"type":"Feature","id":"way/984080653","properties":{"name":"Carretera Vieja Barquisimeto - Yaritagua","highway":"secondary","ref":"R-16"},"geometry":{"type":"LineString","coordinates":[[-69.20241,10.0612],[-69.19186,10.05956],[-69.18872,10.06255],[-69.17572,10.06571],[-69.16067,10.06339],[-69.15722,10.06451],[-69.15298,10.06091],[-69.14931,10.06088],[-69.14832,10.06259]]}},{"type":"Feature","id":"way/984085910","properties":{"name":"Carretera Regional Tamaca - Duaca","highway":"primary","ref":"L-3;R-17"},"geometry":{"type":"LineString","coordinates":[[-69.18984,10.26276],[-69.18928,10.264]]}},{"type":"Feature","id":"way/984085911","properties":{"name":"Carretera Regional Tamaca - Duaca","highway":"primary","ref":"L-3"},"geometry":{"type":"LineString","coordinates":[[-69.18928,10.264],[-69.18317,10.27139],[-69.17854,10.27435]]}},{"type":"Feature","id":"way/984085916","properties":{"name":"Carrera 1","highway":"tertiary","ref":"R-21"},"geometry":{"type":"LineString","coordinates":[[-69.33457,10.08437],[-69.3345,10.08439]]}},{"type":"Feature","id":"way/984085917","properties":{"name":"Carrera 1","highway":"tertiary","ref":"R-21"},"geometry":{"type":"LineString","coordinates":[[-69.3345,10.08447],[-69.33458,10.08446]]}},{"type":"Feature","id":"way/984085918","properties":{"name":"Calle 6","highway":"tertiary","ref":"R-21"},"geometry":{"type":"LineString","coordinates":[[-69.32915,10.09221],[-69.32922,10.0926]]}},{"type":"Feature","id":"way/984088954","properties":{"name":"V\u00eda a Anzo\u00e1tegui","highway":"secondary","ref":"R-26"},"geometry":{"type":"LineString","coordinates":[[-69.89454,9.6023],[-69.89251,9.602],[-69.88946,9.60513]]}},{"type":"Feature","id":"way/984095998","properties":{"name":"V\u00eda a San Francisco","highway":"secondary","ref":"R-38"},"geometry":{"type":"LineString","coordinates":[[-70.37852,10.24687],[-70.37869,10.24671]]}},{"type":"Feature","id":"way/984095999","properties":{"name":"V\u00eda a San Francisco","highway":"secondary","ref":"R-38"},"geometry":{"type":"LineString","coordinates":[[-70.32055,10.28479],[-70.33031,10.28594],[-70.35412,10.29212],[-70.35968,10.28831],[-70.36404,10.2869],[-70.37236,10.27651],[-70.37531,10.27567],[-70.37906,10.26804],[-70.37973,10.25779],[-70.37743,10.24852],[-70.37852,10.24687]]}},{"type":"Feature","id":"way/984096000","properties":{"name":"V\u00eda a San Francisco","highway":"secondary","ref":"R-38"},"geometry":{"type":"LineString","coordinates":[[-70.36804,10.1258],[-70.36811,10.12529]]}},{"type":"Feature","id":"way/984096001","properties":{"name":"V\u00eda a San Francisco","highway":"secondary","ref":"R-38"},"geometry":{"type":"LineString","coordinates":[[-70.36811,10.12529],[-70.36972,10.11207],[-70.35906,10.09062],[-70.35143,10.08005]]}},{"type":"Feature","id":"way/984684206","properties":{"name":"Carretera Manzanita - El Merey","highway":"tertiary"},"geometry":{"type":"LineString","coordinates":[[-68.97878,9.96119],[-68.98185,9.95569]]}},{"type":"Feature","id":"way/984684209","properties":{"name":"Carretera Manzanita - El Merey","highway":"tertiary"},"geometry":{"type":"LineString","coordinates":[[-68.98185,9.95569],[-68.99113,9.94036],[-68.99611,9.93537],[-68.99731,9.93176],[-68.99966,9.92978],[-68.99951,9.9203],[-68.9986,9.91768]]}},{"type":"Feature","id":"way/987591305","properties":{"name":"Carretera Regional Barquisimeto - Buena Vista","highway":"secondary","ref":"L-4"},"geometry":{"type":"LineString","coordinates":[[-69.47953,9.89606],[-69.47981,9.89446]]}},{"type":"Feature","id":"way/987591306","properties":{"name":"Carretera Regional Barquisimeto - Buena Vista","highway":"secondary","ref":"L-4"},"geometry":{"type":"LineString","coordinates":[[-69.47959,9.89642],[-69.47953,9.89606]]}},{"type":"Feature","id":"way/988643078","properties":{"highway":"trunk_link"},"geometry":{"type":"LineString","coordinates":[[-69.24246,10.02162],[-69.24235,10.02146]]}},{"type":"Feature","id":"way/988673616","properties":{"highway":"primary_link"},"geometry":{"type":"LineString","coordinates":[[-69.28047,10.0725],[-69.28014,10.07285]]}},{"type":"Feature","id":"way/989407441","properties":{"highway":"primary_link"},"geometry":{"type":"LineString","coordinates":[[-69.33424,10.08046],[-69.33438,10.08017]]}},{"type":"Feature","id":"way/989407442","properties":{"highway":"primary_link"},"geometry":{"type":"LineString","coordinates":[[-69.33388,10.08039],[-69.33415,10.08046]]}},{"type":"Feature","id":"way/993142745","properties":{"name":"Distribuidor Moyetones","highway":"trunk_link"},"geometry":{"type":"LineString","coordinates":[[-69.3917,10.07821],[-69.39165,10.07819]]}},{"type":"Feature","id":"way/1009191313","properties":{"name":"Avenida Perimetral","highway":"primary","ref":"T-7"},"geometry":{"type":"LineString","coordinates":[[-69.79773,9.78006],[-69.7977,9.78001]]}},{"type":"Feature","id":"way/1009191355","properties":{"name":"Avenida Perimetral","highway":"primary","ref":"T-7"},"geometry":{"type":"LineString","coordinates":[[-69.78882,9.7968],[-69.78856,9.79724]]}},{"type":"Feature","id":"way/1009191356","properties":{"name":"Avenida Perimetral","highway":"primary","ref":"T-7"},"geometry":{"type":"LineString","coordinates":[[-69.78891,9.79663],[-69.78882,9.7968]]}},{"type":"Feature","id":"way/1009191357","properties":{"name":"Avenida Perimetral","highway":"primary","ref":"T-7"},"geometry":{"type":"LineString","coordinates":[[-69.78856,9.79724],[-69.7883,9.79765]]}},{"type":"Feature","id":"way/1009191358","properties":{"name":"Avenida circunvalaci\u00f3n","highway":"primary","ref":"T-7"},"geometry":{"type":"LineString","coordinates":[[-69.79773,9.78006],[-69.80018,9.78321],[-69.79933,9.78967],[-69.79744,9.79385],[-69.79673,9.79463],[-69.78983,9.79539],[-69.78891,9.79663]]}},{"type":"Feature","id":"way/1009191360","properties":{"name":"Carretera Trasandina El Tocuyo - Chabasqu\u00e9n","highway":"primary","ref":"T-7"},"geometry":{"type":"LineString","coordinates":[[-69.79779,9.7792],[-69.7977,9.78001]]}},{"type":"Feature","id":"way/1009191361","properties":{"name":"Carretera Trasandina El Tocuyo - Chabasqu\u00e9n","highway":"primary","ref":"T-7"},"geometry":{"type":"LineString","coordinates":[[-69.79785,9.77895],[-69.79779,9.7792]]}},{"type":"Feature","id":"way/1046360004","properties":{"name":"Avenida Florencio Jim\u00e9nez","highway":"primary","ref":"T-1"},"geometry":{"type":"LineString","coordinates":[[-69.41653,10.0447],[-69.4202,10.04331]]}},{"type":"Feature","id":"way/1052225848","properties":{"highway":"tertiary","ref":"L-2"},"geometry":{"type":"LineString","coordinates":[[-70.54039,10.23092],[-70.5422,10.23383],[-70.5396,10.24003]]}},{"type":"Feature","id":"way/1052413389","properties":{"highway":"tertiary"},"geometry":{"type":"LineString","coordinates":[[-70.27782,10.30891],[-70.28242,10.30861],[-70.2843,10.30758],[-70.28662,10.30431],[-70.29407,10.30239],[-70.2951,10.29789]]}},{"type":"Feature","id":"way/1052414809","properties":{"name":"Avenida 14 de Febrero","highway":"secondary","ref":"L-8"},"geometry":{"type":"LineString","coordinates":[[-70.08173,10.174],[-70.08177,10.17395]]}},{"type":"Feature","id":"way/1052421217","properties":{"name":"V\u00eda a Mamporal","highway":"tertiary"},"geometry":{"type":"LineString","coordinates":[[-69.05832,10.64262],[-69.06396,10.63618],[-69.07269,10.63708],[-69.08369,10.63521],[-69.08642,10.63705],[-69.08825,10.63707],[-69.09451,10.63325],[-69.09758,10.63517],[-69.10248,10.63393],[-69.10824,10.63494],[-69.10942,10.63424],[-69.11255,10.6361],[-69.1181,10.63508],[-69.12064,10.63299],[-69.12412,10.6343],[-69.13062,10.63447],[-69.13128,10.6361],[-69.13625,10.63825],[-69.13917,10.64071],[-69.14214,10.64095],[-69.14643,10.64559],[-69.15199,10.6454],[-69.15509,10.64286],[-69.15709,10.64246],[-69.1617,10.63504],[-69.1676,10.63243],[-69.17384,10.63218],[-69.18879,10.62206],[-69.19442,10.62173],[-69.19945,10.61937],[-69.21614,10.61434],[-69.22419,10.60911],[-69.2274,10.60844],[-69.23068,10.60455],[-69.23248,10.60459],[-69.23558,10.60243],[-69.24137,10.60141],[-69.25587,10.60581],[-69.26827,10.61486]]}},{"type":"Feature","id":"way/1052421884","properties":{"name":"V\u00eda a Tucuragua","highway":"tertiary","ref":"R-17"},"geometry":{"type":"LineString","coordinates":[[-69.20746,10.29447],[-69.20591,10.29231],[-69.20792,10.28563],[-69.20489,10.28224],[-69.20429,10.27732],[-69.20154,10.27577],[-69.19932,10.27143],[-69.19596,10.27136],[-69.19262,10.26714]]}},{"type":"Feature","id":"way/1052462622","properties":{"name":"Avenida Venezuela","highway":"tertiary"},"geometry":{"type":"LineString","coordinates":[[-69.30982,10.0734],[-69.29466,10.07396],[-69.28366,10.07233]]}},{"type":"Feature","id":"way/1052462623","properties":{"name":"Avenida Venezuela","highway":"tertiary"},"geometry":{"type":"LineString","coordinates":[[-69.30984,10.07353],[-69.33342,10.07167]]}},{"type":"Feature","id":"way/1052467114","properties":{"name":"Carrera 1a","highway":"tertiary"},"geometry":{"type":"LineString","coordinates":[[-69.34943,10.0865],[-69.35053,10.08632]]}},{"type":"Feature","id":"way/1054560502","properties":{"name":"Carretera Panamericana Trujillo - Lara","highway":"trunk","ref":"T-1"},"geometry":{"type":"LineString","coordinates":[[-70.27182,9.8296],[-70.26658,9.82869],[-70.26117,9.81723],[-70.25807,9.81886],[-70.25634,9.82096],[-70.25032,9.81667],[-70.22908,9.82315],[-70.22321,9.8222],[-70.21946,9.82455]]}},{"type":"Feature","id":"way/1054573300","properties":{"name":"Peaje Sim\u00f3n Planas / Canal Exclusivo C\u00f3digo QR / Carril 2","highway":"trunk","ref":"T-4"},"geometry":{"type":"LineString","coordinates":[[-69.20719,9.7374],[-69.20914,9.73511]]}},{"type":"Feature","id":"way/1054573301","properties":{"name":"Peaje Sim\u00f3n Planas / Canal Exclusivo C\u00f3digo QR / Carril 4","highway":"trunk","ref":"T-4"},"geometry":{"type":"LineString","coordinates":[[-69.20893,9.73511],[-69.20707,9.73724]]}},{"type":"Feature","id":"way/1054573302","properties":{"name":"Peaje Sim\u00f3n Planas / Canal Exclusivo C\u00f3digo QR / Carril 3","highway":"trunk","ref":"T-4"},"geometry":{"type":"LineString","coordinates":[[-69.20893,9.73511],[-69.20707,9.73724]]}},{"type":"Feature","id":"way/1054573303","properties":{"name":"Peaje Sim\u00f3n Planas / Canal Exclusivo Cobretag / Carril 2","highway":"trunk","ref":"T-4"},"geometry":{"type":"LineString","coordinates":[[-69.20893,9.73511],[-69.20707,9.73724]]}},{"type":"Feature","id":"way/1054573304","properties":{"name":"Autopista Barquisimeto - Acarigua","highway":"trunk","ref":"T-4"},"geometry":{"type":"LineString","coordinates":[[-69.20914,9.73511],[-69.21222,9.7318]]}},{"type":"Feature","id":"way/1054573305","properties":{"name":"Autopista Barquisimeto - Acarigua","highway":"trunk","ref":"T-4"},"geometry":{"type":"LineString","coordinates":[[-69.21197,9.7316],[-69.20893,9.73511]]}},{"type":"Feature","id":"way/1054573306","properties":{"name":"Peaje Sim\u00f3n Planas / Canal Exclusivo Cobretag / Carril 1","highway":"trunk","ref":"T-4"},"geometry":{"type":"LineString","coordinates":[[-69.20893,9.73511],[-69.20707,9.73724]]}},{"type":"Feature","id":"way/1054573307","properties":{"name":"Peaje Sim\u00f3n Planas / Canal Exclusivo Cobretag / Carril 1","highway":"trunk","ref":"T-4"},"geometry":{"type":"LineString","coordinates":[[-69.20719,9.7374],[-69.20914,9.73511]]}},{"type":"Feature","id":"way/1054573308","properties":{"name":"Retorno","highway":"trunk_link","ref":"T-4"},"geometry":{"type":"LineString","coordinates":[[-69.207,9.73769],[-69.20682,9.7375]]}},{"type":"Feature","id":"way/1055542376","properties":{"name":"V\u00eda a Algar\u00ed","highway":"tertiary","ref":"R-21"},"geometry":{"type":"LineString","coordinates":[[-69.34396,10.15623],[-69.34568,10.16456],[-69.3492,10.17168]]}},{"type":"Feature","id":"way/1055542377","properties":{"name":"Eje Rural de Algar\u00ed","highway":"tertiary","ref":"R-21"},"geometry":{"type":"LineString","coordinates":[[-69.34978,10.1734],[-69.35048,10.1767],[-69.3565,10.18217],[-69.36559,10.1839],[-69.36701,10.18202],[-69.36789,10.18252],[-69.37043,10.18125],[-69.37085,10.18026],[-69.36978,10.17904],[-69.37217,10.17861],[-69.3737,10.17972]]}},{"type":"Feature","id":"way/1055818196","properties":{"name":"V\u00eda a Las Cuibas","highway":"tertiary","ref":"R-11"},"geometry":{"type":"LineString","coordinates":[[-69.56333,9.78693],[-69.56102,9.79004],[-69.55821,9.79063],[-69.55818,9.79177],[-69.55432,9.79525],[-69.55373,9.79867],[-69.55553,9.80348],[-69.55479,9.80341],[-69.55422,9.80588],[-69.55026,9.80612],[-69.54653,9.80922],[-69.54646,9.81089],[-69.54076,9.81678],[-69.54153,9.81727],[-69.5384,9.82219],[-69.5389,9.82395],[-69.53658,9.8253],[-69.53389,9.83116],[-69.53139,9.83346],[-69.53075,9.83271],[-69.53052,9.83709],[-69.53196,9.83809],[-69.52982,9.84528],[-69.5311,9.84926],[-69.52896,9.84972],[-69.52816,9.85174],[-69.52487,9.85307],[-69.52502,9.85424],[-69.52266,9.85645],[-69.52339,9.85665],[-69.52157,9.85765],[-69.52316,9.8589],[-69.52129,9.86113],[-69.52327,9.86117],[-69.52288,9.86213],[-69.52452,9.86229]]}},{"type":"Feature","id":"way/1056136415","properties":{"name":"Peaje Jacinto Lara / Canal Exclusivo C\u00f3digo QR / Carril 2","highway":"trunk","ref":"T-17"},"geometry":{"type":"LineString","coordinates":[[-70.5249,10.0917],[-70.52855,10.09121]]}},{"type":"Feature","id":"way/1056136416","properties":{"name":"Peaje Jacinto Lara / Canal Exclusivo Cobretag / Carril 1","highway":"trunk","ref":"T-17"},"geometry":{"type":"LineString","coordinates":[[-70.5249,10.0917],[-70.52855,10.09121]]}},{"type":"Feature","id":"way/1056136417","properties":{"name":"Peaje Jacinto Lara / Canal Exclusivo Cobretag / Carril 1","highway":"trunk","ref":"T-17"},"geometry":{"type":"LineString","coordinates":[[-70.52855,10.09121],[-70.5249,10.0917]]}},{"type":"Feature","id":"way/1056136418","properties":{"name":"Peaje Jacinto Lara / Canal Exclusivo C\u00f3digo QR / Carril 2","highway":"trunk","ref":"T-17"},"geometry":{"type":"LineString","coordinates":[[-70.52855,10.09121],[-70.5249,10.0917]]}},{"type":"Feature","id":"way/1056136419","properties":{"name":"Carretera Lara - Zulia","highway":"trunk","ref":"T-17"},"geometry":{"type":"LineString","coordinates":[[-70.5249,10.0917],[-70.47386,10.08738],[-70.46141,10.09542]]}},{"type":"Feature","id":"way/1060096079","properties":{"name":"Distribuidor San Francisco","highway":"trunk_link"},"geometry":{"type":"LineString","coordinates":[[-69.42354,10.04218],[-69.4249,10.04149]]}},{"type":"Feature","id":"way/1060098271","properties":{"name":"Distribuidor El Trompillo","highway":"trunk_link"},"geometry":{"type":"LineString","coordinates":[[-69.33582,10.10276],[-69.33627,10.10126]]}},{"type":"Feature","id":"way/1060098272","properties":{"name":"Distribuidor El Trompillo","highway":"trunk_link"},"geometry":{"type":"LineString","coordinates":[[-69.33585,10.10392],[-69.33624,10.10416]]}},{"type":"Feature","id":"way/1060109814","properties":{"name":"Distribuidor La Feria","highway":"primary_link","ref":"R-15"},"geometry":{"type":"LineString","coordinates":[[-69.30305,10.05955],[-69.30222,10.0596]]}},{"type":"Feature","id":"way/1060109815","properties":{"name":"Distribuidor La Feria","highway":"primary_link","ref":"R-15"},"geometry":{"type":"LineString","coordinates":[[-69.30222,10.0596],[-69.29897,10.05931]]}},{"type":"Feature","id":"way/1060112310","properties":{"name":"Distribuidor Macuto","highway":"primary"},"geometry":{"type":"LineString","coordinates":[[-69.31166,10.05992],[-69.31203,10.05972]]}},{"type":"Feature","id":"way/1060112311","properties":{"name":"Avenida Uruguay","highway":"secondary","ref":"L-4"},"geometry":{"type":"LineString","coordinates":[[-69.31196,10.0594],[-69.31185,10.0592]]}},{"type":"Feature","id":"way/1070317620","properties":{"name":"Avenida Cementerio","highway":"tertiary"},"geometry":{"type":"LineString","coordinates":[[-69.38503,10.03663],[-69.38426,10.03416]]}},{"type":"Feature","id":"way/1108025672","properties":{"highway":"trunk_link"},"geometry":{"type":"LineString","coordinates":[[-69.1522,9.78554],[-69.15187,9.78541]]}},{"type":"Feature","id":"way/1120785076","properties":{"name":"Via a Coco e' Mono","highway":"tertiary"},"geometry":{"type":"LineString","coordinates":[[-69.18585,10.03387],[-69.18605,10.03383]]}},{"type":"Feature","id":"way/1120785077","properties":{"name":"Via a Coco e' Mono","highway":"tertiary"},"geometry":{"type":"LineString","coordinates":[[-69.18605,10.03383],[-69.18614,10.03382]]}},{"type":"Feature","id":"way/1175191970","properties":{"highway":"tertiary"},"geometry":{"type":"LineString","coordinates":[[-69.28124,10.10344],[-69.28104,10.10345]]}},{"type":"Feature","id":"way/1175192014","properties":{"highway":"primary_link"},"geometry":{"type":"LineString","coordinates":[[-69.31134,10.12716],[-69.31148,10.12678]]}},{"type":"Feature","id":"way/1175192050","properties":{"highway":"primary_link"},"geometry":{"type":"LineString","coordinates":[[-69.34346,10.07467],[-69.34246,10.07476]]}},{"type":"Feature","id":"way/1175192051","properties":{"highway":"primary_link"},"geometry":{"type":"LineString","coordinates":[[-69.34246,10.07476],[-69.34221,10.0754]]}},{"type":"Feature","id":"way/1175192075","properties":{"name":"Carretera Panamericana","highway":"secondary"},"geometry":{"type":"LineString","coordinates":[[-69.21897,10.10754],[-69.21904,10.10749]]}},{"type":"Feature","id":"way/1176424608","properties":{"name":"Avenida Florencio Jim\u00e9nez","highway":"primary","ref":"T-7"},"geometry":{"type":"LineString","coordinates":[[-69.55108,9.97693],[-69.56115,9.96836]]}},{"type":"Feature","id":"way/1176424609","properties":{"name":"Avenida Florencio Jim\u00e9nez","highway":"primary","ref":"T-7"},"geometry":{"type":"LineString","coordinates":[[-69.56115,9.96836],[-69.56127,9.96826]]}},{"type":"Feature","id":"way/1176424610","properties":{"name":"Avenida Florencio Jim\u00e9nez","highway":"primary","ref":"T-7"},"geometry":{"type":"LineString","coordinates":[[-69.56105,9.96824],[-69.55159,9.97617]]}},{"type":"Feature","id":"way/1176424611","properties":{"name":"Avenida Florencio Jim\u00e9nez","highway":"primary","ref":"T-7"},"geometry":{"type":"LineString","coordinates":[[-69.56116,9.96813],[-69.56105,9.96824]]}},{"type":"Feature","id":"way/1176424623","properties":{"name":"Carretera Lara - Zulia","highway":"trunk","ref":"T-1"},"geometry":{"type":"LineString","coordinates":[[-69.55629,9.9824],[-69.56211,9.98578],[-69.5684,9.99219]]}},{"type":"Feature","id":"way/1176424624","properties":{"name":"Carretera Lara - Zulia","highway":"trunk","ref":"T-1"},"geometry":{"type":"LineString","coordinates":[[-69.55631,9.98234],[-69.5529,9.98069]]}},{"type":"Feature","id":"way/1178322783","properties":{"name":"Carrera Carlos Giffoni","highway":"tertiary"},"geometry":{"type":"LineString","coordinates":[[-69.38974,10.07745],[-69.38965,10.07772]]}},{"type":"Feature","id":"way/1178322784","properties":{"highway":"primary_link"},"geometry":{"type":"LineString","coordinates":[[-69.38654,10.07667],[-69.38658,10.07657]]}},{"type":"Feature","id":"way/1178322907","properties":{"highway":"tertiary"},"geometry":{"type":"LineString","coordinates":[[-69.37082,10.07137],[-69.37086,10.07128]]}},{"type":"Feature","id":"way/1178418816","properties":{"name":"V\u00eda a El Tostao","highway":"tertiary"},"geometry":{"type":"LineString","coordinates":[[-69.44236,10.03382],[-69.44209,10.03319]]}},{"type":"Feature","id":"way/1178418850","properties":{"name":"Avenida Florencio Jim\u00e9nez","highway":"trunk","ref":"T-1"},"geometry":{"type":"LineString","coordinates":[[-69.42043,10.04308],[-69.42016,10.04319]]}},{"type":"Feature","id":"way/1178418912","properties":{"name":"Avenida Cementerio","highway":"tertiary"},"geometry":{"type":"LineString","coordinates":[[-69.38788,10.04861],[-69.38706,10.04719]]}},{"type":"Feature","id":"way/1178418913","properties":{"name":"Avenida Cementerio","highway":"tertiary"},"geometry":{"type":"LineString","coordinates":[[-69.38698,10.04719],[-69.3878,10.04864]]}},{"type":"Feature","id":"way/1190564647","properties":{"name":"Avenida Libertador","highway":"primary","ref":"T-1;T-4"},"geometry":{"type":"LineString","coordinates":[[-69.34246,10.07526],[-69.33333,10.08046],[-69.31479,10.08397]]}},{"type":"Feature","id":"way/1190564648","properties":{"name":"Avenida Libertador","highway":"primary","ref":"T-1;T-4"},"geometry":{"type":"LineString","coordinates":[[-69.34248,10.07547],[-69.3524,10.06963]]}},{"type":"Feature","id":"way/1221918828","properties":{"highway":"primary_link"},"geometry":{"type":"LineString","coordinates":[[-69.38244,10.05202],[-69.3824,10.05194]]}},{"type":"Feature","id":"way/1222404487","properties":{"highway":"primary_link"},"geometry":{"type":"LineString","coordinates":[[-69.37485,10.05632],[-69.37489,10.05639]]}},{"type":"Feature","id":"way/1226411717","properties":{"name":"Avenida Universidad","highway":"tertiary"},"geometry":{"type":"LineString","coordinates":[[-69.26787,10.01901],[-69.27173,10.01837]]}},{"type":"Feature","id":"way/1226411718","properties":{"name":"Avenida Universidad","highway":"tertiary"},"geometry":{"type":"LineString","coordinates":[[-69.26752,10.02022],[-69.26787,10.01901]]}},{"type":"Feature","id":"way/1227289227","properties":{"name":"Avenida la Salle","highway":"tertiary"},"geometry":{"type":"LineString","coordinates":[[-69.36199,10.05259],[-69.36433,10.05853]]}},{"type":"Feature","id":"way/1227289228","properties":{"name":"Avenida la Salle","highway":"tertiary"},"geometry":{"type":"LineString","coordinates":[[-69.36193,10.05244],[-69.36199,10.05259]]}},{"type":"Feature","id":"way/1227289229","properties":{"name":"Avenida la Salle","highway":"tertiary"},"geometry":{"type":"LineString","coordinates":[[-69.36442,10.05852],[-69.36209,10.05259]]}},{"type":"Feature","id":"way/1227483925","properties":{"highway":"trunk_link"},"geometry":{"type":"LineString","coordinates":[[-69.25433,10.03072],[-69.25439,10.03103]]}},{"type":"Feature","id":"way/1228807732","properties":{"name":"Calle 5","highway":"tertiary"},"geometry":{"type":"LineString","coordinates":[[-69.40543,10.04621],[-69.40539,10.04602]]}},{"type":"Feature","id":"way/1229212934","properties":{"highway":"tertiary"},"geometry":{"type":"LineString","coordinates":[[-69.31238,10.09551],[-69.31267,10.09541]]}},{"type":"Feature","id":"way/1229212935","properties":{"highway":"tertiary"},"geometry":{"type":"LineString","coordinates":[[-69.31252,10.09565],[-69.31233,10.09558]]}},{"type":"Feature","id":"way/1232135476","properties":{"name":"V\u00eda Principal de El Manzano","highway":"primary","ref":"L-4"},"geometry":{"type":"LineString","coordinates":[[-69.31565,10.05741],[-69.31564,10.05742]]}},{"type":"Feature","id":"way/1232311661","properties":{"highway":"trunk_link"},"geometry":{"type":"LineString","coordinates":[[-69.42012,10.04705],[-69.41973,10.04728]]}},{"type":"Feature","id":"way/1232564757","properties":{"name":"Distribuidor Macuto","highway":"primary"},"geometry":{"type":"LineString","coordinates":[[-69.31203,10.05972],[-69.31211,10.05969]]}},{"type":"Feature","id":"way/1232564758","properties":{"name":"Distribuidor Macuto","highway":"primary"},"geometry":{"type":"LineString","coordinates":[[-69.31211,10.05969],[-69.31343,10.05904]]}},{"type":"Feature","id":"way/1232564760","properties":{"highway":"primary_link"},"geometry":{"type":"LineString","coordinates":[[-69.32834,10.05472],[-69.32856,10.05489]]}},{"type":"Feature","id":"way/1232812393","properties":{"name":"V\u00eda a Carorita","highway":"tertiary","ref":"R-21"},"geometry":{"type":"LineString","coordinates":[[-69.33936,10.10954],[-69.33639,10.10441]]}},{"type":"Feature","id":"way/1232812394","properties":{"name":"V\u00eda a Carorita","highway":"tertiary","ref":"R-21"},"geometry":{"type":"LineString","coordinates":[[-69.33639,10.10441],[-69.33936,10.10954]]}},{"type":"Feature","id":"way/1232812395","properties":{"name":"V\u00eda a Carorita","highway":"tertiary","ref":"R-21"},"geometry":{"type":"LineString","coordinates":[[-69.33481,10.10242],[-69.33639,10.10441]]}},{"type":"Feature","id":"way/1234254213","properties":{"highway":"trunk_link"},"geometry":{"type":"LineString","coordinates":[[-69.35433,10.09894],[-69.35442,10.09884]]}},{"type":"Feature","id":"way/1235135334","properties":{"name":"Avenida Circunvalaci\u00f3n Norte","highway":"trunk","ref":"T-1"},"geometry":{"type":"LineString","coordinates":[[-69.31296,10.10731],[-69.31278,10.10739]]}},{"type":"Feature","id":"way/1235135335","properties":{"name":"Avenida Circunvalaci\u00f3n Norte","highway":"trunk","ref":"T-1"},"geometry":{"type":"LineString","coordinates":[[-69.31278,10.10739],[-69.30756,10.10935]]}},{"type":"Feature","id":"way/1235135336","properties":{"name":"Avenida Circunvalaci\u00f3n Norte","highway":"trunk","ref":"T-1"},"geometry":{"type":"LineString","coordinates":[[-69.31282,10.10747],[-69.31301,10.10739]]}},{"type":"Feature","id":"way/1235135337","properties":{"name":"Avenida Circunvalaci\u00f3n Norte","highway":"trunk","ref":"T-1"},"geometry":{"type":"LineString","coordinates":[[-69.30755,10.10948],[-69.31282,10.10747]]}},{"type":"Feature","id":"way/1238429576","properties":{"name":"Avenida Las Industrias","highway":"primary"},"geometry":{"type":"LineString","coordinates":[[-69.35584,10.06635],[-69.3579,10.0671]]}},{"type":"Feature","id":"way/1238677769","properties":{"name":"Carretera Malec\u00f3n - Las Veras","highway":"tertiary"},"geometry":{"type":"LineString","coordinates":[[-69.23889,10.23245],[-69.23697,10.23228]]}},{"type":"Feature","id":"way/1240085470","properties":{"highway":"trunk_link"},"geometry":{"type":"LineString","coordinates":[[-69.39889,10.07441],[-69.39873,10.07424]]}},{"type":"Feature","id":"way/1240085471","properties":{"highway":"trunk_link"},"geometry":{"type":"LineString","coordinates":[[-69.39257,10.07857],[-69.39258,10.07971]]}},{"type":"Feature","id":"way/1240086524","properties":{"highway":"primary_link"},"geometry":{"type":"LineString","coordinates":[[-69.39285,10.07868],[-69.39281,10.07879]]}},{"type":"Feature","id":"way/1255703145","properties":{"name":"Carretera nacional","highway":"tertiary"},"geometry":{"type":"LineString","coordinates":[[-69.59229,9.63388],[-69.59374,9.63247],[-69.59253,9.63234],[-69.5922,9.63099]]}},{"type":"Feature","id":"way/1256112701","properties":{"highway":"tertiary"},"geometry":{"type":"LineString","coordinates":[[-69.60736,9.64613],[-69.6072,9.64493],[-69.60553,9.64407],[-69.6049,9.64468],[-69.60362,9.64273],[-69.60237,9.64323],[-69.60009,9.64145],[-69.59981,9.63995],[-69.59622,9.6434],[-69.59663,9.6444]]}},{"type":"Feature","id":"way/1256112702","properties":{"name":"V\u00eda al Yacamb\u00fa","highway":"tertiary"},"geometry":{"type":"LineString","coordinates":[[-69.50593,9.69138],[-69.50926,9.69056],[-69.50975,9.6913],[-69.50865,9.69217]]}},{"type":"Feature","id":"way/1266563422","properties":{"name":"Carrera 4","highway":"tertiary"},"geometry":{"type":"LineString","coordinates":[[-69.31127,10.09643],[-69.31263,10.09517]]}},{"type":"Feature","id":"way/1317379024","properties":{"name":"Carretera Trasandina El Tocuyo - Chabasqu\u00e9n","highway":"primary","ref":"T-7"},"geometry":{"type":"LineString","coordinates":[[-69.78904,9.70045],[-69.79094,9.70175],[-69.79269,9.70907],[-69.79577,9.71359],[-69.79512,9.72275],[-69.79321,9.7261],[-69.79354,9.73092],[-69.79169,9.73305],[-69.79369,9.73362],[-69.79437,9.73594],[-69.79601,9.73728],[-69.7969,9.74093],[-69.804,9.74909],[-69.8044,9.7509],[-69.80373,9.75556],[-69.7987,9.76931],[-69.7993,9.77157]]}},{"type":"Feature","id":"way/1317379025","properties":{"name":"Carretera Trasandina El Tocuyo - Chabasqu\u00e9n","highway":"primary","ref":"T-7"},"geometry":{"type":"LineString","coordinates":[[-69.78957,9.6998],[-69.78904,9.70045]]}},{"type":"Feature","id":"way/1348055172","properties":{"highway":"secondary","ref":"R-19"},"geometry":{"type":"LineString","coordinates":[[-70.18834,9.82087],[-70.18976,9.82011]]}},{"type":"Feature","id":"way/1348055173","properties":{"highway":"secondary","ref":"R-19"},"geometry":{"type":"LineString","coordinates":[[-70.18976,9.82011],[-70.19022,9.81988]]}},{"type":"Feature","id":"way/1435919224","properties":{"name":"Avenida Hernan Garmendia","highway":"secondary"},"geometry":{"type":"LineString","coordinates":[[-69.26662,10.08802],[-69.26603,10.08821]]}},{"type":"Feature","id":"way/1442634578","properties":{"highway":"secondary","ref":"L-8"},"geometry":{"type":"LineString","coordinates":[[-70.07936,10.1763],[-70.06329,10.17797]]}},{"type":"Feature","id":"way/1442634579","properties":{"name":"Avenida 14 de Febrero","highway":"secondary","ref":"L-8"},"geometry":{"type":"LineString","coordinates":[[-70.07957,10.17609],[-70.07936,10.1763]]}},{"type":"Feature","id":"way/1442634580","properties":{"name":"Avenida 14 de Febrero","highway":"secondary","ref":"L-8"},"geometry":{"type":"LineString","coordinates":[[-70.08173,10.17389],[-70.08168,10.17394]]}},{"type":"Feature","id":"way/1442634581","properties":{"name":"Avenida 14 de Febrero","highway":"secondary","ref":"L-8"},"geometry":{"type":"LineString","coordinates":[[-70.08168,10.17394],[-70.07957,10.17609]]}},{"type":"Feature","id":"way/1442634582","properties":{"name":"Avenida 14 de Febrero","highway":"tertiary","ref":"L-8"},"geometry":{"type":"LineString","coordinates":[[-70.10006,10.15223],[-70.10011,10.15327],[-70.09212,10.16337],[-70.08173,10.17389]]}},{"type":"Feature","id":"way/1442634583","properties":{"highway":"secondary","ref":"L-8"},"geometry":{"type":"LineString","coordinates":[[-70.05412,10.17871],[-70.06329,10.17797]]}},{"type":"Feature","id":"way/1450220324","properties":{"name":"Avenida Cementerio","highway":"tertiary"},"geometry":{"type":"LineString","coordinates":[[-69.39346,10.06127],[-69.39469,10.06411]]}},{"type":"Feature","id":"way/1450220325","properties":{"name":"Avenida Cementerio","highway":"tertiary"},"geometry":{"type":"LineString","coordinates":[[-69.39472,10.06402],[-69.39352,10.06125]]}},{"type":"Feature","id":"way/1450220326","properties":{"name":"Avenida Cementerio","highway":"tertiary"},"geometry":{"type":"LineString","coordinates":[[-69.39332,10.06094],[-69.39346,10.06127]]}},{"type":"Feature","id":"way/1450220327","properties":{"name":"Avenida Cementerio","highway":"tertiary"},"geometry":{"type":"LineString","coordinates":[[-69.39352,10.06125],[-69.39336,10.0609]]}},{"type":"Feature","id":"way/1450335997","properties":{"name":"Avenida Cementerio","highway":"tertiary"},"geometry":{"type":"LineString","coordinates":[[-69.39331,10.06092],[-69.39332,10.06094]]}},{"type":"Feature","id":"way/1450336429","properties":{"name":"Avenida Las Industrias","highway":"primary","ref":"T-4"},"geometry":{"type":"LineString","coordinates":[[-69.37455,10.07263],[-69.37839,10.07393]]}},{"type":"Feature","id":"way/1450336430","properties":{"name":"Avenida Las Industrias","highway":"primary","ref":"T-4"},"geometry":{"type":"LineString","coordinates":[[-69.37844,10.07385],[-69.37457,10.07253]]}},{"type":"Feature","id":"way/1450336433","properties":{"name":"Avenida Las Industrias","highway":"primary","ref":"T-4"},"geometry":{"type":"LineString","coordinates":[[-69.37875,10.07395],[-69.37844,10.07385]]}},{"type":"Feature","id":"way/1450336434","properties":{"name":"Avenida Las Industrias","highway":"primary","ref":"T-4"},"geometry":{"type":"LineString","coordinates":[[-69.37839,10.07393],[-69.37871,10.07404]]}},{"type":"Feature","id":"way/1455528527","properties":{"name":"Avenida Ruiz Pineda","highway":"tertiary"},"geometry":{"type":"LineString","coordinates":[[-69.38542,10.03845],[-69.38503,10.03663]]}},{"type":"Feature","id":"way/1455528528","properties":{"name":"Avenida Ruiz Pineda","highway":"tertiary"},"geometry":{"type":"LineString","coordinates":[[-69.3855,10.03889],[-69.38542,10.03845]]}},{"type":"Feature","id":"way/1455528529","properties":{"name":"Avenida Ruiz Pineda","highway":"tertiary"},"geometry":{"type":"LineString","coordinates":[[-69.38503,10.03663],[-69.38536,10.03846]]}},{"type":"Feature","id":"way/1455528530","properties":{"name":"Avenida Ruiz Pineda","highway":"tertiary"},"geometry":{"type":"LineString","coordinates":[[-69.38536,10.03846],[-69.38541,10.03876]]}},{"type":"Feature","id":"way/1456305792","properties":{"name":"Carrera Carlos Giffoni","highway":"tertiary"},"geometry":{"type":"LineString","coordinates":[[-69.3918,10.07196],[-69.38974,10.07745]]}},{"type":"Feature","id":"way/1456305793","properties":{"name":"Carrera Carlos Giffoni","highway":"tertiary"},"geometry":{"type":"LineString","coordinates":[[-69.39183,10.07188],[-69.3918,10.07196]]}},{"type":"Feature","id":"way/1473890090","properties":{"highway":"trunk"},"geometry":{"type":"LineString","coordinates":[[-69.22829,10.08431],[-69.23238,10.08275]]}},{"type":"Feature","id":"way/1473890091","properties":{"highway":"trunk"},"geometry":{"type":"LineString","coordinates":[[-69.22829,10.08431],[-69.2326,10.08267]]}},{"type":"Feature","id":"way/1473890092","properties":{"highway":"trunk"},"geometry":{"type":"LineString","coordinates":[[-69.22888,10.08401],[-69.2326,10.08267]]}},{"type":"Feature","id":"way/1485576821","properties":{"name":"Calle 9 Urbanizacion La Mata","highway":"tertiary"},"geometry":{"type":"LineString","coordinates":[[-69.26506,10.0197],[-69.25904,10.01846]]}},{"type":"Feature","id":"way/1485577017","properties":{"name":"Avenida La Mata","highway":"tertiary"},"geometry":{"type":"LineString","coordinates":[[-69.25868,10.01963],[-69.25597,10.03181]]}},{"type":"Feature","id":"way/1485577019","properties":{"name":"Avenida La Mata","highway":"tertiary"},"geometry":{"type":"LineString","coordinates":[[-69.25878,10.01966],[-69.25904,10.01846]]}},{"type":"Feature","id":"way/1510428534","properties":{"name":"Carretera Principal de Los Humocaros","highway":"secondary","ref":"L-5"},"geometry":{"type":"LineString","coordinates":[[-69.97215,9.65883],[-69.97269,9.65802],[-69.97078,9.65527]]}},{"type":"Feature","id":"way/1510428535","properties":{"name":"Carretera Principal de Los Humocaros","highway":"secondary","ref":"L-5"},"geometry":{"type":"LineString","coordinates":[[-69.97161,9.65894],[-69.97215,9.65883]]}},{"type":"Feature","id":"way/1510428537","properties":{"name":"Carretera Principal de Los Humocaros","highway":"secondary","ref":"L-5"},"geometry":{"type":"LineString","coordinates":[[-69.97078,9.65527],[-69.96902,9.65476],[-69.96917,9.64971],[-69.97565,9.64073]]}},{"type":"Feature","id":"way/1510428538","properties":{"name":"Carretera Principal de Los Humocaros","highway":"secondary","ref":"L-5"},"geometry":{"type":"LineString","coordinates":[[-69.97565,9.64073],[-69.97579,9.6403]]}},{"type":"Feature","id":"way/1510689003","properties":{"name":"Carretera Humocaros - Chabasqu\u00e9n","highway":"tertiary","ref":"L-5"},"geometry":{"type":"LineString","coordinates":[[-69.98785,9.60348],[-69.98781,9.60338]]}},{"type":"Feature","id":"way/1510689004","properties":{"name":"Carretera Humocaros - Chabasqu\u00e9n","highway":"tertiary","ref":"L-5"},"geometry":{"type":"LineString","coordinates":[[-69.98785,9.60365],[-69.98785,9.60348]]}}]}