{"type":"FeatureCollection","features":[{"type":"Feature","id":"way/102333310","properties":{"name":"V\u00eda a El Rinc\u00f3n","highway":"tertiary"},"geometry":{"type":"LineString","coordinates":[[-64.23673,10.63538],[-64.24135,10.63632],[-64.24766,10.63492],[-64.25246,10.63757],[-64.27509,10.64117],[-64.28115,10.63734],[-64.28197,10.63531]]}},{"type":"Feature","id":"way/102333344","properties":{"name":"V\u00eda a Chacopata","highway":"secondary"},"geometry":{"type":"LineString","coordinates":[[-63.77661,10.66895],[-63.77771,10.66827]]}},{"type":"Feature","id":"way/102333625","properties":{"highway":"secondary"},"geometry":{"type":"LineString","coordinates":[[-64.25507,10.57404],[-64.25614,10.57691]]}},{"type":"Feature","id":"way/102348671","properties":{"name":"Avenida Ar\u00edstides Rojas","highway":"primary","ref":"T-9"},"geometry":{"type":"LineString","coordinates":[[-64.18691,10.4696],[-64.18683,10.46857]]}},{"type":"Feature","id":"way/102348674","properties":{"name":"Calle Montes","highway":"tertiary"},"geometry":{"type":"LineString","coordinates":[[-64.17177,10.46977],[-64.17334,10.46855],[-64.17395,10.46505]]}},{"type":"Feature","id":"way/102348687","properties":{"name":"Avenida Gran Mariscal","highway":"tertiary"},"geometry":{"type":"LineString","coordinates":[[-64.15267,10.47241],[-64.16154,10.47271]]}},{"type":"Feature","id":"way/102348695","properties":{"name":"Avenida Las Palomas","highway":"secondary","ref":"L-1"},"geometry":{"type":"LineString","coordinates":[[-64.1869,10.47242],[-64.18264,10.47258],[-64.17793,10.47035]]}},{"type":"Feature","id":"way/102348696","properties":{"name":"Avenida Fern\u00e1ndez de Zerpa","highway":"tertiary"},"geometry":{"type":"LineString","coordinates":[[-64.17446,10.47404],[-64.17724,10.47836]]}},{"type":"Feature","id":"way/102348711","properties":{"name":"Avenida Ar\u00edstides Rojas","highway":"primary","ref":"T-9"},"geometry":{"type":"LineString","coordinates":[[-64.18674,10.46858],[-64.18683,10.4696]]}},{"type":"Feature","id":"way/102348749","properties":{"name":"Calle Ayacucho","highway":"tertiary"},"geometry":{"type":"LineString","coordinates":[[-64.17359,10.46493],[-64.17171,10.46973]]}},{"type":"Feature","id":"way/102348766","properties":{"name":"Avenida Perimetral","highway":"primary","ref":"T-9"},"geometry":{"type":"LineString","coordinates":[[-64.18672,10.47244],[-64.18413,10.47597],[-64.17642,10.47877]]}},{"type":"Feature","id":"way/102348803","properties":{"name":"Avenida Ar\u00edstides Rojas","highway":"primary","ref":"T-9"},"geometry":{"type":"LineString","coordinates":[[-64.18683,10.46857],[-64.18637,10.46331]]}},{"type":"Feature","id":"way/102348804","properties":{"name":"Avenida Perimetral","highway":"primary","ref":"T-9"},"geometry":{"type":"LineString","coordinates":[[-64.16365,10.47831],[-64.16811,10.47835]]}},{"type":"Feature","id":"way/102348826","properties":{"name":"Avenida Las Palomas","highway":"secondary","ref":"L-1"},"geometry":{"type":"LineString","coordinates":[[-64.17784,10.47039],[-64.18271,10.47268],[-64.18688,10.47251]]}},{"type":"Feature","id":"way/102348853","properties":{"name":"Avenida Ar\u00edstides Rojas","highway":"primary","ref":"T-9"},"geometry":{"type":"LineString","coordinates":[[-64.18625,10.46332],[-64.18674,10.46858]]}},{"type":"Feature","id":"way/102348854","properties":{"name":"Avenida Fern\u00e1ndez de Zerpa","highway":"tertiary"},"geometry":{"type":"LineString","coordinates":[[-64.17768,10.47811],[-64.17469,10.47396]]}},{"type":"Feature","id":"way/102348896","properties":{"name":"Retorno","highway":"primary_link","ref":"T-9"},"geometry":{"type":"LineString","coordinates":[[-64.18498,10.47533],[-64.18517,10.4756]]}},{"type":"Feature","id":"way/102646352","properties":{"name":"Avenida Rotaria","highway":"secondary"},"geometry":{"type":"LineString","coordinates":[[-64.15114,10.4452],[-64.13733,10.45261],[-64.12376,10.46705]]}},{"type":"Feature","id":"way/102646357","properties":{"highway":"tertiary"},"geometry":{"type":"LineString","coordinates":[[-64.17882,10.42622],[-64.17901,10.42637]]}},{"type":"Feature","id":"way/102646363","properties":{"name":"Retorno de Caig\u00fcire","highway":"primary_link","ref":"T-9"},"geometry":{"type":"LineString","coordinates":[[-64.13924,10.47218],[-64.13933,10.47188]]}},{"type":"Feature","id":"way/102646371","properties":{"name":"Retorno","highway":"primary_link","ref":"T-9"},"geometry":{"type":"LineString","coordinates":[[-64.16062,10.47742],[-64.16061,10.47771]]}},{"type":"Feature","id":"way/102646403","properties":{"name":"Avenida Rotaria","highway":"secondary"},"geometry":{"type":"LineString","coordinates":[[-64.1239,10.4672],[-64.13757,10.45255],[-64.15121,10.44527]]}},{"type":"Feature","id":"way/102646419","properties":{"name":"Carretera Nacional Cuman\u00e1 - Matur\u00edn","highway":"trunk","ref":"L-1"},"geometry":{"type":"LineString","coordinates":[[-64.13654,10.42358],[-64.13672,10.42399]]}},{"type":"Feature","id":"way/102646426","properties":{"highway":"tertiary"},"geometry":{"type":"LineString","coordinates":[[-64.17845,10.43954],[-64.17838,10.43955]]}},{"type":"Feature","id":"way/102646434","properties":{"name":"Retorno","highway":"primary_link","ref":"T-9"},"geometry":{"type":"LineString","coordinates":[[-64.16119,10.47784],[-64.16134,10.47754]]}},{"type":"Feature","id":"way/102646435","properties":{"name":"Avenida Las Industrias","highway":"tertiary"},"geometry":{"type":"LineString","coordinates":[[-64.17928,10.43989],[-64.18292,10.44026],[-64.187,10.44579]]}},{"type":"Feature","id":"way/102646440","properties":{"name":"Avenida Universidad","highway":"primary","ref":"T-9"},"geometry":{"type":"LineString","coordinates":[[-64.18326,10.45099],[-64.18718,10.44606]]}},{"type":"Feature","id":"way/102646444","properties":{"name":"Avenida Car\u00fapano","highway":"primary","ref":"T-9"},"geometry":{"type":"LineString","coordinates":[[-64.11272,10.45475],[-64.12294,10.46662]]}},{"type":"Feature","id":"way/102646471","properties":{"highway":"tertiary"},"geometry":{"type":"LineString","coordinates":[[-64.17064,10.43007],[-64.17487,10.43135]]}},{"type":"Feature","id":"way/102646481","properties":{"highway":"tertiary"},"geometry":{"type":"LineString","coordinates":[[-64.17882,10.42622],[-64.17792,10.42725]]}},{"type":"Feature","id":"way/102646485","properties":{"name":"Avenida Humboldt","highway":"secondary","ref":"L-1"},"geometry":{"type":"LineString","coordinates":[[-64.17793,10.47035],[-64.17526,10.46421]]}},{"type":"Feature","id":"way/102646486","properties":{"name":"Avenida Andr\u00e9s Eloy Blanco","highway":"primary","ref":"L-1"},"geometry":{"type":"LineString","coordinates":[[-64.17395,10.45863],[-64.17365,10.45805]]}},{"type":"Feature","id":"way/102646492","properties":{"name":"Retorno de Caig\u00fcire","highway":"primary_link","ref":"T-9"},"geometry":{"type":"LineString","coordinates":[[-64.13994,10.47181],[-64.14,10.47209]]}},{"type":"Feature","id":"way/102646498","properties":{"name":"Avenida Perimetral","highway":"primary","ref":"T-9"},"geometry":{"type":"LineString","coordinates":[[-64.16062,10.47742],[-64.15554,10.47593],[-64.15228,10.47313],[-64.14733,10.47201]]}},{"type":"Feature","id":"way/102646508","properties":{"name":"Calle Para\u00edso","highway":"tertiary"},"geometry":{"type":"LineString","coordinates":[[-64.17506,10.46361],[-64.17381,10.4645]]}},{"type":"Feature","id":"way/102646530","properties":{"name":"Avenida Arismendi","highway":"primary"},"geometry":{"type":"LineString","coordinates":[[-64.18264,10.45166],[-64.17877,10.45752]]}},{"type":"Feature","id":"way/102646534","properties":{"name":"Avenida Ar\u00edstides Rojas","highway":"primary","ref":"T-9"},"geometry":{"type":"LineString","coordinates":[[-64.18637,10.46331],[-64.1863,10.46249]]}},{"type":"Feature","id":"way/102646538","properties":{"name":"Avenida Ar\u00edstides Rojas","highway":"primary","ref":"T-9"},"geometry":{"type":"LineString","coordinates":[[-64.18576,10.45744],[-64.18618,10.4625]]}},{"type":"Feature","id":"way/102646546","properties":{"name":"Avenida Universidad","highway":"primary","ref":"T-9"},"geometry":{"type":"LineString","coordinates":[[-64.18699,10.44591],[-64.1832,10.45096]]}},{"type":"Feature","id":"way/102646564","properties":{"name":"Redona Valent\u00edn Valiente","highway":"tertiary"},"geometry":{"type":"LineString","coordinates":[[-64.15241,10.47254],[-64.15241,10.47254]]}},{"type":"Feature","id":"way/105086453","properties":{"name":"Retorno de El Indio","highway":"primary_link"},"geometry":{"type":"LineString","coordinates":[[-64.21603,10.41508],[-64.21563,10.4147]]}},{"type":"Feature","id":"way/105086457","properties":{"name":"Distribuidor El Pe\u00f1\u00f3n","highway":"trunk_link"},"geometry":{"type":"LineString","coordinates":[[-64.11616,10.455],[-64.11327,10.45524]]}},{"type":"Feature","id":"way/105086468","properties":{"name":"Avenida Antonio Jos\u00e9 de Sucre","highway":"trunk","ref":"T-9"},"geometry":{"type":"LineString","coordinates":[[-64.21411,10.41419],[-64.21038,10.41387],[-64.20664,10.41628],[-64.19827,10.41579],[-64.1943,10.4174],[-64.19043,10.41618],[-64.18723,10.41646]]}},{"type":"Feature","id":"way/105086481","properties":{"name":"Distribuidor San Luis","highway":"trunk_link"},"geometry":{"type":"LineString","coordinates":[[-64.21247,10.41411],[-64.21451,10.41518]]}},{"type":"Feature","id":"way/105086485","properties":{"name":"Retorno de El Indio","highway":"primary_link"},"geometry":{"type":"LineString","coordinates":[[-64.21432,10.41606],[-64.2148,10.41641]]}},{"type":"Feature","id":"way/105086487","properties":{"name":"Distribuidor El Pe\u00f1\u00f3n","highway":"trunk_link"},"geometry":{"type":"LineString","coordinates":[[-64.11417,10.45617],[-64.11628,10.45506]]}},{"type":"Feature","id":"way/105086505","properties":{"name":"Distribuidor San Luis","highway":"trunk_link"},"geometry":{"type":"LineString","coordinates":[[-64.2153,10.41494],[-64.21447,10.41503]]}},{"type":"Feature","id":"way/105086520","properties":{"name":"Distribuidor El Pe\u00f1\u00f3n","highway":"trunk_link"},"geometry":{"type":"LineString","coordinates":[[-64.11504,10.45731],[-64.11496,10.45604],[-64.11628,10.45506]]}},{"type":"Feature","id":"way/106757098","properties":{"name":"V\u00eda Irapa","highway":"tertiary","ref":"R-16"},"geometry":{"type":"LineString","coordinates":[[-62.57594,10.59112],[-62.57746,10.58608],[-62.58265,10.5775],[-62.58221,10.57498]]}},{"type":"Feature","id":"way/106851570","properties":{"name":"Carretera Nacional Casanay - Caripito","highway":"trunk","ref":"T-10"},"geometry":{"type":"LineString","coordinates":[[-63.31071,10.32698],[-63.31046,10.3296],[-63.31152,10.33269],[-63.31722,10.33929],[-63.3211,10.34212],[-63.32391,10.34224],[-63.32901,10.34051],[-63.33216,10.34173],[-63.33465,10.3403],[-63.3505,10.33862],[-63.35559,10.34076],[-63.36525,10.3541],[-63.36964,10.35577],[-63.3737,10.35583],[-63.37752,10.35403],[-63.39196,10.35762],[-63.40435,10.36299],[-63.40799,10.37244],[-63.41459,10.38002],[-63.41573,10.38944],[-63.41185,10.3951],[-63.41333,10.39787],[-63.41297,10.39995],[-63.40429,10.39974],[-63.39817,10.40755],[-63.39105,10.41996],[-63.39144,10.42481],[-63.39604,10.42772],[-63.40273,10.42733],[-63.40507,10.43072],[-63.40607,10.42827],[-63.4075,10.4285],[-63.40878,10.43041],[-63.41104,10.42876],[-63.41732,10.42748],[-63.42398,10.43156],[-63.42642,10.43112],[-63.42823,10.42911],[-63.43196,10.43104],[-63.43541,10.43085],[-63.44099,10.42658],[-63.44219,10.42679],[-63.44325,10.4293],[-63.44063,10.43383],[-63.44118,10.43556],[-63.43771,10.44071],[-63.43919,10.44324],[-63.44165,10.44228],[-63.44397,10.44461],[-63.44577,10.44503],[-63.44754,10.44935],[-63.44708,10.45302],[-63.4529,10.45518],[-63.45401,10.46014],[-63.45358,10.46115],[-63.44694,10.46483],[-63.44232,10.4728],[-63.44227,10.47527],[-63.43975,10.48053],[-63.4439,10.48774]]}},{"type":"Feature","id":"way/106902724","properties":{"name":"Carretera Regional Muelle de Cariaco - Santa Mar\u00eda","highway":"primary","ref":"L-2"},"geometry":{"type":"LineString","coordinates":[[-63.59446,10.29549],[-63.59445,10.29789],[-63.59708,10.30211],[-63.59675,10.30452],[-63.59872,10.30762],[-63.59709,10.3174],[-63.59292,10.3238],[-63.59011,10.32389],[-63.58894,10.32514],[-63.58705,10.32922],[-63.58696,10.33365],[-63.58496,10.33496],[-63.58462,10.33691],[-63.58139,10.33924],[-63.57975,10.34528],[-63.58026,10.34821],[-63.57917,10.35397],[-63.58072,10.35554],[-63.58595,10.35672],[-63.58891,10.355],[-63.59649,10.35373],[-63.60048,10.35085],[-63.60128,10.35288],[-63.60608,10.35397],[-63.60888,10.35659],[-63.61486,10.3578],[-63.61417,10.36036],[-63.61694,10.36312],[-63.62165,10.3632],[-63.62267,10.36662],[-63.62757,10.36729],[-63.62943,10.36901],[-63.63323,10.36905],[-63.63589,10.37261],[-63.63457,10.37831],[-63.63698,10.38109],[-63.63704,10.38359],[-63.63174,10.38835],[-63.63322,10.39004],[-63.63275,10.39153],[-63.63649,10.39496],[-63.6367,10.39934],[-63.63881,10.40175],[-63.6398,10.4048],[-63.63579,10.40668],[-63.63263,10.41145],[-63.6293,10.41177],[-63.62825,10.41449],[-63.62564,10.41631],[-63.62254,10.42558],[-63.62014,10.42791],[-63.62369,10.43572],[-63.62399,10.44066],[-63.62666,10.44104],[-63.62818,10.44261],[-63.63252,10.4421],[-63.63386,10.44379],[-63.63348,10.44583],[-63.63457,10.44894],[-63.63367,10.45064],[-63.63388,10.45372],[-63.63521,10.45501],[-63.63598,10.45799],[-63.63744,10.45746],[-63.63625,10.4609],[-63.63666,10.46226],[-63.64086,10.46361],[-63.64472,10.46218],[-63.64595,10.46566],[-63.64747,10.46641],[-63.6517,10.46542],[-63.65295,10.4673],[-63.64745,10.47276],[-63.64751,10.47452],[-63.65024,10.47443],[-63.65214,10.47583],[-63.6545,10.4749],[-63.65694,10.47564]]}},{"type":"Feature","id":"way/107382294","properties":{"name":"Eje Rural Los Altos","highway":"tertiary","ref":"R-38"},"geometry":{"type":"LineString","coordinates":[[-64.46712,10.22355],[-64.45645,10.22734]]}},{"type":"Feature","id":"way/109819516","properties":{"name":"Distribuidor La Llanada","highway":"trunk_link"},"geometry":{"type":"LineString","coordinates":[[-64.1868,10.41785],[-64.1881,10.41647]]}},{"type":"Feature","id":"way/109819520","properties":{"highway":"tertiary"},"geometry":{"type":"LineString","coordinates":[[-64.18406,10.42538],[-64.18143,10.42445]]}},{"type":"Feature","id":"way/109819534","properties":{"name":"Distribuidor La Llanada","highway":"trunk_link"},"geometry":{"type":"LineString","coordinates":[[-64.18656,10.41654],[-64.18667,10.41794]]}},{"type":"Feature","id":"way/109819552","properties":{"name":"Distribuidor La Llanada","highway":"trunk_link"},"geometry":{"type":"LineString","coordinates":[[-64.18518,10.41686],[-64.18667,10.41794]]}},{"type":"Feature","id":"way/109819903","properties":{"name":"Elevado de El Indio","highway":"primary_link","ref":"T-9"},"geometry":{"type":"LineString","coordinates":[[-64.18355,10.45195],[-64.1834,10.45182]]}},{"type":"Feature","id":"way/109819917","properties":{"name":"Elevado de El Indio","highway":"primary","ref":"T-9"},"geometry":{"type":"LineString","coordinates":[[-64.18291,10.45156],[-64.18389,10.45238]]}},{"type":"Feature","id":"way/109819923","properties":{"name":"Avenida Ar\u00edstides Rojas","highway":"primary","ref":"T-9"},"geometry":{"type":"LineString","coordinates":[[-64.18585,10.45737],[-64.18522,10.45401],[-64.18355,10.45195]]}},{"type":"Feature","id":"way/109824057","properties":{"name":"Avenida Fern\u00e1ndez de Zerpa","highway":"tertiary"},"geometry":{"type":"LineString","coordinates":[[-64.17164,10.46972],[-64.17116,10.46888]]}},{"type":"Feature","id":"way/109824088","properties":{"name":"Avenida Gran Mariscal","highway":"tertiary"},"geometry":{"type":"LineString","coordinates":[[-64.17088,10.46876],[-64.16191,10.47245]]}},{"type":"Feature","id":"way/109824148","properties":{"name":"Avenida Fern\u00e1ndez de Zerpa","highway":"tertiary"},"geometry":{"type":"LineString","coordinates":[[-64.17101,10.46895],[-64.17156,10.46977]]}},{"type":"Feature","id":"way/109824190","properties":{"name":"Redona Los Obispos","highway":"tertiary"},"geometry":{"type":"LineString","coordinates":[[-64.17176,10.4699],[-64.17176,10.4699]]}},{"type":"Feature","id":"way/109824197","properties":{"name":"Redona La Copita","highway":"tertiary"},"geometry":{"type":"LineString","coordinates":[[-64.17116,10.46888],[-64.17116,10.46888]]}},{"type":"Feature","id":"way/109964905","properties":{"name":"Distribuidor Cantarana","highway":"trunk_link"},"geometry":{"type":"LineString","coordinates":[[-64.13556,10.42491],[-64.13753,10.42607]]}},{"type":"Feature","id":"way/109964927","properties":{"name":"Avenida Cancamure","highway":"secondary"},"geometry":{"type":"LineString","coordinates":[[-64.1517,10.42954],[-64.14761,10.42492]]}},{"type":"Feature","id":"way/109964976","properties":{"name":"Distribuidor Cantarana","highway":"secondary"},"geometry":{"type":"LineString","coordinates":[[-64.14375,10.41829],[-64.14367,10.41845]]}},{"type":"Feature","id":"way/109965019","properties":{"highway":"tertiary"},"geometry":{"type":"LineString","coordinates":[[-64.16889,10.43216],[-64.16622,10.43295],[-64.16305,10.43549]]}},{"type":"Feature","id":"way/130045996","properties":{"name":"Avenida Monse\u00f1or Alfredo Jos\u00e9 Rodr\u00edguez","highway":"trunk","ref":"T-9"},"geometry":{"type":"LineString","coordinates":[[-64.11224,10.45408],[-64.10756,10.45016],[-64.09445,10.44943]]}},{"type":"Feature","id":"way/130052040","properties":{"name":"Carretera Regional Cariaco - Casanay","highway":"primary","ref":"L-5"},"geometry":{"type":"LineString","coordinates":[[-63.44212,10.49155],[-63.44718,10.49013]]}},{"type":"Feature","id":"way/130052041","properties":{"name":"Carretera Regional Cariaco - Casanay","highway":"primary","ref":"L-5"},"geometry":{"type":"LineString","coordinates":[[-63.5479,10.48693],[-63.54881,10.48759]]}},{"type":"Feature","id":"way/130059861","properties":{"name":"Carretera Regional Araya - Cariaco","highway":"primary","ref":"R-3"},"geometry":{"type":"LineString","coordinates":[[-63.61394,10.50633],[-63.63073,10.52123],[-63.64678,10.54223],[-63.65341,10.54697],[-63.65488,10.55493],[-63.65941,10.56149],[-63.66083,10.56844],[-63.66013,10.5754],[-63.66076,10.58201],[-63.65881,10.58775],[-63.65923,10.59011],[-63.65675,10.59262],[-63.65259,10.59418],[-63.65014,10.59633],[-63.64962,10.59784],[-63.65168,10.60123],[-63.65228,10.60873],[-63.64269,10.61797],[-63.64062,10.6229],[-63.64063,10.62799],[-63.63734,10.63573],[-63.64194,10.63602],[-63.643,10.63723],[-63.64597,10.63529],[-63.64771,10.6369],[-63.65124,10.63698],[-63.65371,10.63852],[-63.67221,10.63856],[-63.67311,10.63967],[-63.67456,10.63885],[-63.67604,10.64015],[-63.68559,10.64057],[-63.69206,10.64327],[-63.70157,10.64899],[-63.71035,10.65572],[-63.72855,10.64688],[-63.73338,10.64643],[-63.7365,10.6474],[-63.73781,10.65036],[-63.74039,10.6497],[-63.74488,10.65328],[-63.76441,10.65862],[-63.77673,10.66754]]}},{"type":"Feature","id":"way/179946628","properties":{"name":"Carretera Regional Santa Mar\u00eda - Caripe","highway":"primary","ref":"L-2"},"geometry":{"type":"LineString","coordinates":[[-63.55336,10.23896],[-63.55254,10.23997],[-63.54985,10.23989],[-63.5496,10.24181],[-63.54795,10.2434],[-63.54872,10.24486],[-63.55089,10.24516],[-63.55202,10.24647],[-63.55597,10.24705],[-63.55408,10.25044],[-63.55185,10.25166],[-63.55172,10.25303],[-63.55651,10.2519],[-63.55938,10.25597],[-63.5606,10.25455],[-63.56228,10.25487],[-63.56334,10.25381],[-63.56637,10.25422],[-63.5709,10.25657],[-63.57248,10.25629],[-63.57464,10.25945],[-63.5737,10.26177],[-63.57432,10.26327],[-63.57192,10.26516],[-63.57359,10.26694],[-63.57357,10.26891],[-63.5705,10.27305],[-63.57114,10.2758],[-63.57001,10.27634],[-63.5699,10.27857],[-63.56833,10.28018],[-63.57069,10.28059],[-63.5699,10.28279],[-63.57232,10.28483],[-63.57528,10.28548],[-63.57541,10.29031],[-63.57807,10.29018],[-63.58417,10.29741],[-63.58865,10.29576],[-63.58836,10.29336],[-63.59035,10.29183],[-63.59446,10.29549]]}},{"type":"Feature","id":"way/181215356","properties":{"name":"Redoma de Caig\u00fcire","highway":"primary","ref":"T-9"},"geometry":{"type":"LineString","coordinates":[[-64.14733,10.47201],[-64.14733,10.47201]]}},{"type":"Feature","id":"way/181215358","properties":{"name":"Avenida Gran Mariscal","highway":"tertiary"},"geometry":{"type":"LineString","coordinates":[[-64.15233,10.4723],[-64.14719,10.47183]]}},{"type":"Feature","id":"way/181215363","properties":{"name":"Avenida Gran Mariscal","highway":"tertiary"},"geometry":{"type":"LineString","coordinates":[[-64.14732,10.47194],[-64.15232,10.47243]]}},{"type":"Feature","id":"way/181217085","properties":{"name":"Plaza Mart\u00ed","highway":"tertiary"},"geometry":{"type":"LineString","coordinates":[[-64.16186,10.47283],[-64.16186,10.47283]]}},{"type":"Feature","id":"way/181217086","properties":{"name":"Retorno","highway":"primary_link","ref":"T-9"},"geometry":{"type":"LineString","coordinates":[[-64.17665,10.47865],[-64.17687,10.47895]]}},{"type":"Feature","id":"way/181217090","properties":{"name":"Elevado de El Indio","highway":"primary_link"},"geometry":{"type":"LineString","coordinates":[[-64.1829,10.45134],[-64.18255,10.45107]]}},{"type":"Feature","id":"way/181217091","properties":{"name":"Avenida Nueva Toledo","highway":"secondary"},"geometry":{"type":"LineString","coordinates":[[-64.1821,10.45081],[-64.17883,10.4495],[-64.1748,10.44939]]}},{"type":"Feature","id":"way/181217093","properties":{"name":"Avenida Nueva Toledo","highway":"secondary"},"geometry":{"type":"LineString","coordinates":[[-64.17485,10.44947],[-64.17865,10.44955],[-64.18193,10.45078]]}},{"type":"Feature","id":"way/181217094","properties":{"name":"Avenida Cancamure","highway":"secondary"},"geometry":{"type":"LineString","coordinates":[[-64.16343,10.44094],[-64.16791,10.44373]]}},{"type":"Feature","id":"way/181217095","properties":{"name":"Elevado de El Indio","highway":"primary_link"},"geometry":{"type":"LineString","coordinates":[[-64.18303,10.45106],[-64.18255,10.45107]]}},{"type":"Feature","id":"way/181217098","properties":{"name":"Avenida Gran Mariscal","highway":"tertiary"},"geometry":{"type":"LineString","coordinates":[[-64.16152,10.4726],[-64.15265,10.47228]]}},{"type":"Feature","id":"way/181217102","properties":{"name":"Avenida Gran Mariscal","highway":"tertiary"},"geometry":{"type":"LineString","coordinates":[[-64.16198,10.47256],[-64.17092,10.4689]]}},{"type":"Feature","id":"way/181217103","properties":{"name":"Retorno","highway":"primary_link","ref":"T-9"},"geometry":{"type":"LineString","coordinates":[[-64.1863,10.47425],[-64.18598,10.47409]]}},{"type":"Feature","id":"way/181219328","properties":{"name":"Distribuidor San Luis","highway":"trunk_link"},"geometry":{"type":"LineString","coordinates":[[-64.21447,10.41503],[-64.21416,10.41343],[-64.21175,10.41383]]}},{"type":"Feature","id":"way/181219332","properties":{"name":"Avenida Universidad","highway":"primary","ref":"T-9"},"geometry":{"type":"LineString","coordinates":[[-64.21947,10.41222],[-64.21563,10.4147]]}},{"type":"Feature","id":"way/181219336","properties":{"name":"Avenida Antonio Jos\u00e9 de Sucre","highway":"trunk","ref":"T-9"},"geometry":{"type":"LineString","coordinates":[[-64.22052,10.41089],[-64.21466,10.41417]]}},{"type":"Feature","id":"way/181219337","properties":{"name":"Avenida Universidad","highway":"primary","ref":"T-9"},"geometry":{"type":"LineString","coordinates":[[-64.2153,10.41494],[-64.21439,10.41597]]}},{"type":"Feature","id":"way/181219338","properties":{"name":"Avenida Universidad","highway":"primary","ref":"T-9"},"geometry":{"type":"LineString","coordinates":[[-64.21603,10.41508],[-64.21947,10.41222]]}},{"type":"Feature","id":"way/181219339","properties":{"name":"Avenida Universidad","highway":"primary","ref":"T-9"},"geometry":{"type":"LineString","coordinates":[[-64.21432,10.41606],[-64.21035,10.42484],[-64.20353,10.43375],[-64.1873,10.44567]]}},{"type":"Feature","id":"way/181219343","properties":{"name":"Redoma El Cristo","highway":"primary","ref":"T-9"},"geometry":{"type":"LineString","coordinates":[[-64.1874,10.44591],[-64.1874,10.44591]]}},{"type":"Feature","id":"way/181220286","properties":{"name":"Avenida Antonio Jos\u00e9 de Sucre","highway":"trunk","ref":"T-9"},"geometry":{"type":"LineString","coordinates":[[-64.18675,10.41665],[-64.18723,10.41659]]}},{"type":"Feature","id":"way/181220287","properties":{"name":"Avenida Antonio Jos\u00e9 de Sucre","highway":"trunk","ref":"T-9"},"geometry":{"type":"LineString","coordinates":[[-64.18723,10.41646],[-64.18673,10.41652]]}},{"type":"Feature","id":"way/181220288","properties":{"name":"Avenida Antonio Jos\u00e9 de Sucre","highway":"trunk","ref":"T-9"},"geometry":{"type":"LineString","coordinates":[[-64.18493,10.41675],[-64.17669,10.41784],[-64.1738,10.42015],[-64.16959,10.42145],[-64.16114,10.41792],[-64.15392,10.41926],[-64.14955,10.41858],[-64.14498,10.41953]]}},{"type":"Feature","id":"way/181220290","properties":{"name":"Distribuidor La Llanada","highway":"secondary"},"geometry":{"type":"LineString","coordinates":[[-64.1868,10.41785],[-64.18658,10.41555]]}},{"type":"Feature","id":"way/181220291","properties":{"name":"Avenida Antonio Jos\u00e9 de Sucre","highway":"trunk","ref":"T-9"},"geometry":{"type":"LineString","coordinates":[[-64.18723,10.41659],[-64.19046,10.41631],[-64.19419,10.41753],[-64.19858,10.4159],[-64.20684,10.41639],[-64.21005,10.41413],[-64.21247,10.41411]]}},{"type":"Feature","id":"way/181220292","properties":{"name":"Avenida Principal de La Llanada","highway":"secondary"},"geometry":{"type":"LineString","coordinates":[[-64.18667,10.41794],[-64.18076,10.43509],[-64.17872,10.43717],[-64.17885,10.43955]]}},{"type":"Feature","id":"way/181220293","properties":{"name":"Avenida Panamericana","highway":"secondary"},"geometry":{"type":"LineString","coordinates":[[-64.18071,10.44978],[-64.17896,10.43968]]}},{"type":"Feature","id":"way/181221538","properties":{"name":"Avenida Rotaria","highway":"secondary"},"geometry":{"type":"LineString","coordinates":[[-64.15124,10.44514],[-64.15114,10.4452]]}},{"type":"Feature","id":"way/181221539","properties":{"name":"Avenida Rotaria","highway":"secondary"},"geometry":{"type":"LineString","coordinates":[[-64.15121,10.44527],[-64.15133,10.44522]]}},{"type":"Feature","id":"way/181223389","properties":{"name":"Avenida Humboldt","highway":"secondary","ref":"L-1"},"geometry":{"type":"LineString","coordinates":[[-64.17517,10.46424],[-64.17526,10.46421]]}},{"type":"Feature","id":"way/181223396","properties":{"name":"Avenida Humboldt","highway":"secondary","ref":"L-1"},"geometry":{"type":"LineString","coordinates":[[-64.17539,10.46417],[-64.17452,10.45912]]}},{"type":"Feature","id":"way/181223397","properties":{"name":"Avenida Humboldt","highway":"secondary","ref":"L-1"},"geometry":{"type":"LineString","coordinates":[[-64.17447,10.45938],[-64.17544,10.46175],[-64.17517,10.46424]]}},{"type":"Feature","id":"way/181224458","properties":{"name":"Calle Ribas","highway":"tertiary"},"geometry":{"type":"LineString","coordinates":[[-64.17395,10.46505],[-64.17517,10.46424]]}},{"type":"Feature","id":"way/181224461","properties":{"name":"Redona Fern\u00e1ndez Zerpa","highway":"tertiary"},"geometry":{"type":"LineString","coordinates":[[-64.17463,10.47376],[-64.17463,10.47376]]}},{"type":"Feature","id":"way/181224462","properties":{"name":"Avenida Fern\u00e1ndez de Zerpa","highway":"tertiary"},"geometry":{"type":"LineString","coordinates":[[-64.17451,10.47372],[-64.17174,10.46992]]}},{"type":"Feature","id":"way/181224463","properties":{"name":"Avenida Fern\u00e1ndez de Zerpa","highway":"tertiary"},"geometry":{"type":"LineString","coordinates":[[-64.17168,10.46995],[-64.17438,10.47381]]}},{"type":"Feature","id":"way/181224467","properties":{"name":"Avenida Berm\u00fadez","highway":"tertiary"},"geometry":{"type":"LineString","coordinates":[[-64.17525,10.46349],[-64.17506,10.46361]]}},{"type":"Feature","id":"way/200050156","properties":{"highway":"trunk","ref":"T-9;L-3"},"geometry":{"type":"LineString","coordinates":[[-63.25668,10.66987],[-63.25669,10.6702]]}},{"type":"Feature","id":"way/202588367","properties":{"highway":"secondary"},"geometry":{"type":"LineString","coordinates":[[-63.14866,10.54977],[-63.14843,10.54834]]}},{"type":"Feature","id":"way/202622338","properties":{"name":"Avenida Berm\u00fadez","highway":"tertiary"},"geometry":{"type":"LineString","coordinates":[[-64.17558,10.46341],[-64.17525,10.46349]]}},{"type":"Feature","id":"way/202622339","properties":{"name":"Avenida Berm\u00fadez","highway":"tertiary"},"geometry":{"type":"LineString","coordinates":[[-64.17615,10.46336],[-64.17558,10.46341]]}},{"type":"Feature","id":"way/202622343","properties":{"name":"Calle Mari\u00f1o","highway":"tertiary"},"geometry":{"type":"LineString","coordinates":[[-64.17594,10.46412],[-64.17623,10.46409]]}},{"type":"Feature","id":"way/203394601","properties":{"name":"V\u00eda a Soro","highway":"tertiary","ref":"L-4"},"geometry":{"type":"LineString","coordinates":[[-62.44597,10.54388],[-62.44525,10.54674],[-62.44742,10.55294],[-62.43834,10.56274],[-62.43609,10.56403],[-62.43601,10.56686],[-62.43214,10.56722],[-62.43133,10.57126],[-62.42581,10.57694],[-62.42086,10.58388],[-62.42198,10.58671],[-62.42462,10.58953],[-62.42436,10.59457],[-62.42788,10.59791],[-62.42925,10.60213],[-62.43053,10.60253],[-62.43388,10.60676]]}},{"type":"Feature","id":"way/203397731","properties":{"name":"Carretera Guacarapo - Los Cachicatos","highway":"tertiary"},"geometry":{"type":"LineString","coordinates":[[-63.82861,10.55161],[-63.82665,10.55069],[-63.81992,10.55147],[-63.81717,10.55017],[-63.81141,10.5447],[-63.80354,10.54445],[-63.80141,10.53938],[-63.79279,10.53143],[-63.78601,10.53183],[-63.76899,10.52548],[-63.76238,10.52627],[-63.75461,10.52114],[-63.7498,10.51991],[-63.74802,10.51787],[-63.7468,10.51371],[-63.74249,10.51077],[-63.73834,10.49685],[-63.73719,10.49593]]}},{"type":"Feature","id":"way/206336349","properties":{"name":"Carretera Regional Car\u00fapano - R\u00edo Caribe","highway":"primary","ref":"L-3"},"geometry":{"type":"LineString","coordinates":[[-63.11412,10.70138],[-63.11693,10.70018],[-63.12372,10.69968],[-63.12576,10.70123],[-63.13159,10.70216],[-63.13399,10.7016],[-63.14183,10.70601],[-63.14649,10.70628],[-63.1529,10.70836],[-63.16036,10.71368],[-63.1627,10.71263],[-63.16398,10.71336],[-63.16956,10.70933],[-63.16999,10.70795],[-63.18001,10.70619],[-63.18919,10.69978],[-63.19138,10.70027],[-63.19852,10.69703],[-63.19953,10.69449],[-63.20433,10.69502],[-63.20899,10.69377],[-63.20873,10.69293],[-63.21062,10.69183],[-63.21023,10.69091],[-63.21301,10.68983],[-63.21752,10.68946],[-63.22043,10.69072],[-63.22085,10.68745],[-63.22303,10.68757],[-63.22282,10.68636],[-63.22409,10.68468],[-63.22831,10.68166],[-63.23081,10.67831],[-63.23216,10.67392]]}},{"type":"Feature","id":"way/206336352","properties":{"name":"Avenida Berm\u00fadez","highway":"primary","ref":"L-3"},"geometry":{"type":"LineString","coordinates":[[-63.11359,10.70011],[-63.11047,10.69679]]}},{"type":"Feature","id":"way/206430679","properties":{"name":"Retorno","highway":"primary_link","ref":"T-9"},"geometry":{"type":"LineString","coordinates":[[-64.17948,10.4776],[-64.1793,10.47729]]}},{"type":"Feature","id":"way/213595033","properties":{"name":"Carretera Vieja a R\u00edo Caribe","highway":"tertiary"},"geometry":{"type":"LineString","coordinates":[[-63.17431,10.70728],[-63.17327,10.70643],[-63.17104,10.69838],[-63.16707,10.69353],[-63.15632,10.69278],[-63.15074,10.6881],[-63.14822,10.68764],[-63.14625,10.68549],[-63.14495,10.68587],[-63.14366,10.68412],[-63.1418,10.68719],[-63.1406,10.68725],[-63.14042,10.68617],[-63.13814,10.68767],[-63.13625,10.68661],[-63.13455,10.68272],[-63.13233,10.6843],[-63.12882,10.68153],[-63.12851,10.68588],[-63.12692,10.68598],[-63.12566,10.68384],[-63.12203,10.68215],[-63.11949,10.68195],[-63.11809,10.68387]]}},{"type":"Feature","id":"way/221687011","properties":{"name":"Carretera Nacional Casanay - Caripito","highway":"trunk","ref":"T-10"},"geometry":{"type":"LineString","coordinates":[[-63.14488,10.19629],[-63.1474,10.19797],[-63.15616,10.19894],[-63.16629,10.20227]]}},{"type":"Feature","id":"way/221687013","properties":{"name":"Carretera Nacional Casanay - Caripito","highway":"trunk","ref":"T-10"},"geometry":{"type":"LineString","coordinates":[[-63.16659,10.20233],[-63.17352,10.20686]]}},{"type":"Feature","id":"way/221687023","properties":{"name":"Carretera Nacional Casanay - Caripito","highway":"trunk","ref":"T-10"},"geometry":{"type":"LineString","coordinates":[[-63.17352,10.20686],[-63.17388,10.20713]]}},{"type":"Feature","id":"way/221687031","properties":{"name":"Carretera Nacional Casanay - Caripito","highway":"trunk","ref":"T-10"},"geometry":{"type":"LineString","coordinates":[[-63.16629,10.20227],[-63.16659,10.20233]]}},{"type":"Feature","id":"way/221687034","properties":{"name":"Carretera Nacional Casanay - Caripito","highway":"trunk","ref":"T-10"},"geometry":{"type":"LineString","coordinates":[[-63.14447,10.19597],[-63.14488,10.19629]]}},{"type":"Feature","id":"way/226014905","properties":{"name":"Carretera Nacional Cuman\u00e1 - Matur\u00edn","highway":"trunk","ref":"L-1"},"geometry":{"type":"LineString","coordinates":[[-63.76969,10.16143],[-63.77846,10.16511],[-63.7804,10.16453],[-63.78452,10.16716],[-63.78613,10.16712],[-63.7863,10.16442],[-63.78928,10.16305],[-63.80095,10.16259],[-63.80234,10.16397],[-63.80627,10.16395],[-63.80748,10.1651],[-63.80798,10.16802],[-63.81043,10.16899],[-63.81717,10.17627],[-63.82332,10.17874],[-63.82901,10.17821],[-63.83144,10.17677],[-63.83049,10.17119],[-63.83374,10.16822],[-63.84013,10.16588],[-63.83765,10.17022],[-63.83764,10.17235],[-63.83667,10.17012],[-63.83486,10.17232],[-63.83767,10.17619],[-63.83712,10.17889],[-63.838,10.18075],[-63.84814,10.18959],[-63.85811,10.19177],[-63.86099,10.19362],[-63.86258,10.19605],[-63.86148,10.19896],[-63.8614,10.20111],[-63.86236,10.20189],[-63.86177,10.20557],[-63.8633,10.20843],[-63.86758,10.21145],[-63.86925,10.21461],[-63.87472,10.2177],[-63.87968,10.21716],[-63.88259,10.21851],[-63.88678,10.21694],[-63.89286,10.21634],[-63.89668,10.21761],[-63.89888,10.21963],[-63.90131,10.22578],[-63.90675,10.23027],[-63.90986,10.23145]]}},{"type":"Feature","id":"way/226014907","properties":{"name":"Carretera Nacional Cuman\u00e1 - Matur\u00edn","highway":"trunk","ref":"L-1"},"geometry":{"type":"LineString","coordinates":[[-63.93423,10.29059],[-63.93417,10.29107]]}},{"type":"Feature","id":"way/226022728","properties":{"name":"Calle Bol\u00edvar","highway":"secondary","ref":"R-18;R-21"},"geometry":{"type":"LineString","coordinates":[[-63.91478,10.25102],[-63.91483,10.25103]]}},{"type":"Feature","id":"way/226022735","properties":{"highway":"tertiary"},"geometry":{"type":"LineString","coordinates":[[-63.92479,10.22158],[-63.92902,10.22897],[-63.92958,10.23843]]}},{"type":"Feature","id":"way/226022748","properties":{"name":"Carretera Cumanacoa - San Antonio del Golfo","highway":"secondary","ref":"R-18"},"geometry":{"type":"LineString","coordinates":[[-63.91387,10.25091],[-63.91382,10.25486],[-63.91106,10.26501],[-63.9109,10.27103],[-63.90865,10.27156],[-63.90618,10.27359],[-63.89795,10.2746],[-63.89075,10.27824],[-63.87989,10.27758],[-63.87413,10.28439],[-63.87105,10.2854],[-63.86858,10.28445],[-63.85959,10.2872],[-63.85777,10.28985],[-63.85683,10.29474],[-63.85275,10.29976],[-63.8531,10.30195],[-63.85062,10.30377],[-63.84922,10.30748],[-63.85562,10.3103],[-63.85668,10.31932],[-63.85186,10.3226],[-63.85055,10.32153],[-63.84876,10.32218],[-63.84701,10.32611],[-63.83852,10.33004],[-63.83526,10.33358],[-63.82845,10.33578],[-63.82617,10.33563],[-63.81941,10.33868],[-63.81538,10.34749],[-63.81233,10.3497],[-63.81242,10.35105],[-63.81505,10.35147],[-63.81472,10.35293],[-63.81624,10.35431],[-63.81499,10.35498],[-63.81516,10.35648],[-63.81644,10.35805],[-63.81433,10.36099],[-63.81313,10.36683],[-63.80538,10.37108],[-63.80408,10.37287],[-63.79718,10.37303],[-63.792,10.37596],[-63.79099,10.37758],[-63.78406,10.38253],[-63.77202,10.38517],[-63.77184,10.38871],[-63.77357,10.39026],[-63.7737,10.39201],[-63.77309,10.39441],[-63.76971,10.39925],[-63.77215,10.39868],[-63.7726,10.40103],[-63.77802,10.40163],[-63.77786,10.40423],[-63.7795,10.40511],[-63.77309,10.41155],[-63.76875,10.41375],[-63.76857,10.41563],[-63.7695,10.41651],[-63.76855,10.42216],[-63.76668,10.42433],[-63.76812,10.42497],[-63.76853,10.42807],[-63.77007,10.42934],[-63.76907,10.43233],[-63.77023,10.43382],[-63.76887,10.43478],[-63.76921,10.43592],[-63.76715,10.43915],[-63.76849,10.44146],[-63.76703,10.44592],[-63.7688,10.44794],[-63.766,10.44959],[-63.76742,10.45068],[-63.76605,10.45121]]}},{"type":"Feature","id":"way/226022751","properties":{"highway":"tertiary"},"geometry":{"type":"LineString","coordinates":[[-63.93035,10.23846],[-63.92898,10.23849]]}},{"type":"Feature","id":"way/232984786","properties":{"name":"Carretera Regional Araya - Cariaco","highway":"primary","ref":"R-3"},"geometry":{"type":"LineString","coordinates":[[-63.77771,10.66827],[-63.7924,10.65834],[-63.80119,10.64965],[-63.80551,10.64703],[-63.81902,10.64484],[-63.82774,10.64473],[-63.83894,10.64133],[-63.8454,10.64041],[-63.87085,10.62557],[-63.8815,10.62291],[-63.89041,10.6236],[-63.8991,10.62079],[-63.91176,10.61834],[-63.91867,10.61494],[-63.92601,10.61644],[-63.93604,10.61123],[-63.94515,10.61536],[-63.95819,10.61454],[-63.96761,10.61224],[-63.97241,10.60982],[-63.9801,10.6115],[-63.98453,10.61447],[-63.99302,10.61685],[-63.99814,10.62178],[-64.00251,10.61921],[-64.00645,10.61892],[-64.01638,10.6214],[-64.01802,10.62309],[-64.01876,10.6306],[-64.02017,10.63258],[-64.0308,10.63187],[-64.04785,10.63701],[-64.05236,10.63505],[-64.05839,10.62964],[-64.06363,10.62738],[-64.06603,10.62926],[-64.07079,10.62932],[-64.07294,10.63081],[-64.07741,10.63054],[-64.07917,10.63416],[-64.08194,10.6356],[-64.0836,10.63345],[-64.0964,10.62847],[-64.09727,10.62887],[-64.09862,10.63324],[-64.10197,10.63193],[-64.10413,10.63316],[-64.10672,10.63232],[-64.10774,10.62842],[-64.11134,10.62835],[-64.11741,10.61901],[-64.12376,10.61839],[-64.12631,10.61658],[-64.1295,10.61783],[-64.13453,10.61699],[-64.13877,10.61442],[-64.14989,10.6175],[-64.15305,10.61722],[-64.1576,10.62034],[-64.16226,10.62551],[-64.1657,10.62705],[-64.17234,10.62767],[-64.18059,10.62422],[-64.18145,10.62076],[-64.17971,10.61703],[-64.18191,10.61327],[-64.21204,10.60396],[-64.21657,10.59763],[-64.22001,10.58624],[-64.22388,10.5811],[-64.22643,10.58002],[-64.22791,10.57771],[-64.23261,10.57877],[-64.23791,10.57733],[-64.24044,10.572],[-64.24723,10.56759],[-64.25576,10.57236]]}},{"type":"Feature","id":"way/232984799","properties":{"name":"Carretera Araya - Manicuare","highway":"secondary"},"geometry":{"type":"LineString","coordinates":[[-64.24322,10.5698],[-64.23599,10.57063],[-64.23428,10.56949],[-64.22908,10.56888],[-64.22723,10.5673],[-64.22654,10.56513],[-64.22193,10.56388],[-64.21665,10.5648],[-64.21507,10.56237],[-64.21116,10.56302],[-64.20756,10.55841],[-64.20728,10.55366]]}},{"type":"Feature","id":"way/237044782","properties":{"name":"Carretera Nacional Casanay - Caripito","highway":"trunk","ref":"T-10"},"geometry":{"type":"LineString","coordinates":[[-63.31055,10.32644],[-63.31071,10.32698]]}},{"type":"Feature","id":"way/237044793","properties":{"name":"Carretera Nacional Casanay - Caripito","highway":"trunk","ref":"T-10"},"geometry":{"type":"LineString","coordinates":[[-63.24592,10.3045],[-63.24802,10.30501],[-63.25598,10.31126],[-63.26146,10.30954],[-63.26747,10.31199],[-63.27171,10.31098],[-63.27831,10.31095],[-63.28122,10.31423],[-63.28392,10.3156],[-63.299,10.31759],[-63.30958,10.32396],[-63.31055,10.32644]]}},{"type":"Feature","id":"way/243713110","properties":{"highway":"tertiary","ref":"R-4"},"geometry":{"type":"LineString","coordinates":[[-63.39106,10.51286],[-63.39127,10.5159],[-63.39281,10.51778]]}},{"type":"Feature","id":"way/248900358","properties":{"highway":"tertiary","ref":"R-4"},"geometry":{"type":"LineString","coordinates":[[-63.3285,10.5976],[-63.32853,10.60219]]}},{"type":"Feature","id":"way/264891514","properties":{"name":"V\u00eda a Guariqu\u00e9n","highway":"tertiary"},"geometry":{"type":"LineString","coordinates":[[-63.39369,10.41439],[-63.3843,10.41629],[-63.37893,10.41628],[-63.37706,10.41756],[-63.37625,10.4121],[-63.36961,10.41384],[-63.36895,10.41207],[-63.37176,10.41043],[-63.37152,10.40906],[-63.36747,10.41078],[-63.35774,10.41088],[-63.35233,10.41258],[-63.34738,10.41067],[-63.34583,10.41103],[-63.3452,10.41016],[-63.34285,10.41133],[-63.34152,10.41016],[-63.33518,10.41113],[-63.33369,10.41071],[-63.3343,10.40983],[-63.33273,10.40859],[-63.3313,10.40985],[-63.33161,10.41094],[-63.32986,10.40987],[-63.32321,10.41346],[-63.31912,10.41217],[-63.31612,10.41372],[-63.31488,10.41144],[-63.31264,10.41157],[-63.31133,10.41355],[-63.3083,10.41347],[-63.30658,10.41234],[-63.30462,10.41355],[-63.30431,10.41276],[-63.30214,10.41291],[-63.30102,10.41203],[-63.29984,10.40738],[-63.29754,10.408],[-63.29287,10.40601],[-63.29184,10.40464],[-63.28808,10.40593],[-63.28508,10.40523],[-63.28236,10.4061],[-63.27807,10.40357],[-63.27692,10.40422],[-63.27568,10.40139],[-63.27786,10.39934],[-63.27834,10.39749],[-63.27685,10.39431],[-63.27229,10.39581],[-63.27097,10.39434],[-63.26962,10.39434],[-63.26877,10.39584],[-63.26565,10.39604],[-63.26365,10.39816],[-63.2616,10.39881],[-63.26213,10.39424],[-63.25703,10.39288],[-63.25562,10.39397],[-63.25487,10.39239],[-63.2533,10.39183],[-63.24979,10.39149],[-63.24939,10.39259],[-63.24816,10.39065],[-63.24937,10.38839],[-63.24764,10.38743],[-63.24199,10.38912],[-63.23916,10.38854],[-63.23554,10.38939],[-63.23158,10.38694],[-63.22931,10.38869],[-63.22664,10.38857],[-63.22582,10.38943],[-63.2194,10.38875],[-63.21858,10.38961],[-63.21274,10.38922],[-63.20783,10.39064],[-63.20553,10.39025],[-63.20469,10.38637],[-63.20244,10.38428],[-63.20224,10.38092],[-63.19924,10.3793],[-63.19583,10.3803],[-63.19396,10.38312],[-63.19459,10.38582],[-63.19272,10.38779],[-63.18542,10.38905],[-63.17975,10.39251],[-63.17638,10.39288],[-63.17378,10.38842],[-63.16966,10.38807],[-63.16769,10.38383],[-63.1602,10.38024],[-63.15873,10.37627],[-63.1555,10.37532],[-63.15491,10.37408],[-63.15272,10.37426],[-63.15204,10.37142],[-63.15036,10.37182],[-63.14874,10.36961],[-63.14612,10.36993],[-63.14497,10.36848],[-63.13982,10.36598],[-63.13855,10.36331],[-63.13568,10.36327],[-63.13399,10.35982],[-63.13103,10.35758],[-63.12574,10.3573],[-63.11765,10.35124],[-63.11378,10.34639],[-63.10778,10.34178],[-63.10393,10.33571],[-63.09832,10.33199],[-63.09782,10.33106],[-63.09872,10.32847],[-63.09225,10.32921],[-63.08839,10.32834],[-63.08526,10.32589],[-63.08067,10.32686],[-63.07785,10.32862],[-63.077,10.32553],[-63.07486,10.32581],[-63.07116,10.32452],[-63.06805,10.32185],[-63.06653,10.32182],[-63.05947,10.31745],[-63.05896,10.3161],[-63.049,10.31306],[-63.04763,10.31154],[-63.04145,10.31306],[-63.03962,10.31267],[-63.03898,10.31203],[-63.03949,10.30952],[-63.03392,10.31003],[-63.03352,10.30811],[-63.02996,10.30615],[-63.02709,10.29676],[-63.02354,10.29653],[-63.0218,10.29541],[-63.02105,10.296]]}},{"type":"Feature","id":"way/272220810","properties":{"name":"Avenida Francisco de Miranda","highway":"secondary","ref":"T-9"},"geometry":{"type":"LineString","coordinates":[[-62.30349,10.584],[-62.29566,10.58008]]}},{"type":"Feature","id":"way/272220830","properties":{"name":"V\u00eda a R\u00edo Salado","highway":"tertiary"},"geometry":{"type":"LineString","coordinates":[[-62.27427,10.60297],[-62.27095,10.60941],[-62.26916,10.61768],[-62.26348,10.61915],[-62.26079,10.62264],[-62.25915,10.62912],[-62.26103,10.63822]]}},{"type":"Feature","id":"way/272220837","properties":{"name":"Avenida Francisco de Miranda","highway":"secondary","ref":"T-9"},"geometry":{"type":"LineString","coordinates":[[-62.29563,10.58017],[-62.30226,10.58345]]}},{"type":"Feature","id":"way/285855289","properties":{"name":"Avenida Principal de San Martin","highway":"secondary"},"geometry":{"type":"LineString","coordinates":[[-63.23508,10.65881],[-63.23048,10.65297],[-63.22921,10.64758]]}},{"type":"Feature","id":"way/286987091","properties":{"name":"Calle Urica","highway":"secondary"},"geometry":{"type":"LineString","coordinates":[[-63.24024,10.66586],[-63.24343,10.6677]]}},{"type":"Feature","id":"way/286987094","properties":{"name":"Calle Quebrada La Honda","highway":"secondary"},"geometry":{"type":"LineString","coordinates":[[-63.24762,10.66872],[-63.24464,10.66689]]}},{"type":"Feature","id":"way/286990872","properties":{"name":"Avenida Principal El Muco","highway":"tertiary","ref":"R-19"},"geometry":{"type":"LineString","coordinates":[[-63.28136,10.61677],[-63.27261,10.62042],[-63.26368,10.62702]]}},{"type":"Feature","id":"way/286995108","properties":{"name":"Avenida Universidad","highway":"trunk","ref":"T-9;R-14"},"geometry":{"type":"LineString","coordinates":[[-63.25635,10.64032],[-63.25594,10.64107]]}},{"type":"Feature","id":"way/286995110","properties":{"name":"Avenida Universidad","highway":"trunk","ref":"T-9;R-14"},"geometry":{"type":"LineString","coordinates":[[-63.25603,10.64172],[-63.25675,10.64033]]}},{"type":"Feature","id":"way/286995111","properties":{"name":"Retorno","highway":"trunk_link","ref":"T-9;R-14"},"geometry":{"type":"LineString","coordinates":[[-63.25675,10.64033],[-63.25643,10.64016]]}},{"type":"Feature","id":"way/286995112","properties":{"name":"Avenida Principal Nueva","highway":"trunk","ref":"T-9"},"geometry":{"type":"LineString","coordinates":[[-63.25541,10.63091],[-63.25451,10.63136],[-63.25551,10.64017]]}},{"type":"Feature","id":"way/286995114","properties":{"name":"Avenida Perimetral","highway":"secondary","ref":"R-14"},"geometry":{"type":"LineString","coordinates":[[-63.25567,10.6417],[-63.24944,10.64309]]}},{"type":"Feature","id":"way/286995116","properties":{"name":"Avenida Perimetral","highway":"secondary","ref":"R-14"},"geometry":{"type":"LineString","coordinates":[[-63.25579,10.64257],[-63.26254,10.6434]]}},{"type":"Feature","id":"way/286995117","properties":{"highway":"secondary","ref":"R-14"},"geometry":{"type":"LineString","coordinates":[[-63.25628,10.6422],[-63.25603,10.64172]]}},{"type":"Feature","id":"way/286995119","properties":{"name":"Avenida Principal El Muco","highway":"tertiary","ref":"R-19"},"geometry":{"type":"LineString","coordinates":[[-63.25897,10.62942],[-63.2576,10.62966]]}},{"type":"Feature","id":"way/295372717","properties":{"highway":"trunk_link","ref":"T-9;T-10"},"geometry":{"type":"LineString","coordinates":[[-63.26567,10.67106],[-63.26567,10.67075]]}},{"type":"Feature","id":"way/295372720","properties":{"highway":"trunk","ref":"T-9;L-3"},"geometry":{"type":"LineString","coordinates":[[-63.25781,10.67048],[-63.25811,10.67013]]}},{"type":"Feature","id":"way/295372724","properties":{"name":"Carretera Nacional Car\u00fapano - Casanay","highway":"trunk","ref":"T-10"},"geometry":{"type":"LineString","coordinates":[[-63.42799,10.52474],[-63.42839,10.53042],[-63.4266,10.53375],[-63.42661,10.53619],[-63.42419,10.54033],[-63.4197,10.54425],[-63.42009,10.54716],[-63.42288,10.5507],[-63.42678,10.5513],[-63.42418,10.55258],[-63.42461,10.5548],[-63.42585,10.55566],[-63.42522,10.55714],[-63.42691,10.5583],[-63.42653,10.56087],[-63.42548,10.5617],[-63.42636,10.56512],[-63.42548,10.56598],[-63.42605,10.5673],[-63.42479,10.57226],[-63.42006,10.57378],[-63.41628,10.57634],[-63.41724,10.58079],[-63.4225,10.58394],[-63.4188,10.58882],[-63.41364,10.58988],[-63.41104,10.59188],[-63.4089,10.59004],[-63.40317,10.58847],[-63.39924,10.58995],[-63.39585,10.59277],[-63.39066,10.59304],[-63.38192,10.60629],[-63.36702,10.61505],[-63.35912,10.61312],[-63.35426,10.61053],[-63.3482,10.60571],[-63.34604,10.60077],[-63.33975,10.59965],[-63.33809,10.59734],[-63.335,10.59769],[-63.33258,10.59655],[-63.32967,10.60219],[-63.32192,10.60508],[-63.31833,10.6055],[-63.31715,10.60695],[-63.31415,10.6079],[-63.31127,10.60698],[-63.30518,10.60987],[-63.30333,10.61181],[-63.29995,10.61212],[-63.2816,10.61919],[-63.27551,10.62375],[-63.27197,10.62428],[-63.27099,10.626],[-63.27149,10.63363],[-63.26719,10.64175]]}},{"type":"Feature","id":"way/295372725","properties":{"highway":"trunk_link","ref":"T-9;T-10"},"geometry":{"type":"LineString","coordinates":[[-63.26432,10.67111],[-63.26453,10.67138]]}},{"type":"Feature","id":"way/295372726","properties":{"name":"Carretera Nacional Car\u00fapano - Casanay","highway":"trunk","ref":"T-10"},"geometry":{"type":"LineString","coordinates":[[-63.2654,10.67068],[-63.26474,10.66985]]}},{"type":"Feature","id":"way/295732335","properties":{"name":"Entrada a Mochima","highway":"tertiary"},"geometry":{"type":"LineString","coordinates":[[-64.34811,10.32663],[-64.3506,10.3286],[-64.34915,10.328],[-64.34765,10.32929],[-64.34741,10.33497],[-64.34626,10.33526],[-64.34702,10.33678],[-64.34665,10.34045],[-64.34816,10.34128],[-64.34771,10.34294],[-64.3453,10.3424],[-64.3442,10.34343],[-64.34408,10.34525],[-64.34227,10.34602],[-64.33824,10.34446]]}},{"type":"Feature","id":"way/302523885","properties":{"name":"Carretera Manicuare - Merito","highway":"tertiary"},"geometry":{"type":"LineString","coordinates":[[-64.16203,10.57234],[-64.16675,10.57138]]}},{"type":"Feature","id":"way/302523887","properties":{"name":"Carretera Manicuare - Merito","highway":"tertiary"},"geometry":{"type":"LineString","coordinates":[[-64.14483,10.57612],[-64.15583,10.57293],[-64.16203,10.57234]]}},{"type":"Feature","id":"way/302523938","properties":{"name":"V\u00eda a Merito","highway":"tertiary"},"geometry":{"type":"LineString","coordinates":[[-64.13629,10.57814],[-64.1342,10.58043],[-64.13578,10.5826],[-64.13532,10.58384],[-64.1372,10.58809],[-64.13627,10.5936],[-64.13771,10.59468],[-64.14039,10.59385],[-64.14002,10.59547],[-64.1419,10.59856],[-64.14168,10.60068],[-64.14331,10.60278],[-64.14184,10.60617],[-64.14291,10.60851],[-64.13888,10.61442]]}},{"type":"Feature","id":"way/302523940","properties":{"name":"Calle Principal","highway":"tertiary"},"geometry":{"type":"LineString","coordinates":[[-64.20728,10.55366],[-64.1995,10.55591]]}},{"type":"Feature","id":"way/307488729","properties":{"highway":"trunk_link","ref":"T-9;L-5"},"geometry":{"type":"LineString","coordinates":[[-63.16375,10.55767],[-63.16382,10.55823]]}},{"type":"Feature","id":"way/307489221","properties":{"highway":"trunk_link","ref":"T-9;L-5"},"geometry":{"type":"LineString","coordinates":[[-63.1471,10.55112],[-63.14713,10.55151]]}},{"type":"Feature","id":"way/313018181","properties":{"name":"Avenida Las Industrias","highway":"tertiary"},"geometry":{"type":"LineString","coordinates":[[-64.1872,10.44565],[-64.1829,10.44017],[-64.17915,10.43972]]}},{"type":"Feature","id":"way/313018183","properties":{"name":"Avenida Las Industrias","highway":"tertiary"},"geometry":{"type":"LineString","coordinates":[[-64.17915,10.43972],[-64.17896,10.4396]]}},{"type":"Feature","id":"way/313023285","properties":{"highway":"tertiary"},"geometry":{"type":"LineString","coordinates":[[-64.17885,10.43964],[-64.17896,10.43968]]}},{"type":"Feature","id":"way/313023286","properties":{"highway":"tertiary"},"geometry":{"type":"LineString","coordinates":[[-64.17885,10.43955],[-64.17845,10.43954]]}},{"type":"Feature","id":"way/313025026","properties":{"name":"Avenida Bolivariana","highway":"tertiary"},"geometry":{"type":"LineString","coordinates":[[-64.17232,10.43938],[-64.17258,10.44086]]}},{"type":"Feature","id":"way/313025028","properties":{"name":"Avenida Cancamure","highway":"secondary"},"geometry":{"type":"LineString","coordinates":[[-64.1749,10.44935],[-64.17439,10.44863]]}},{"type":"Feature","id":"way/314342211","properties":{"highway":"primary_link"},"geometry":{"type":"LineString","coordinates":[[-64.21218,10.42098],[-64.21224,10.42101]]}},{"type":"Feature","id":"way/327314588","properties":{"name":"V\u00eda a R\u00edo Chiquito","highway":"tertiary"},"geometry":{"type":"LineString","coordinates":[[-62.58599,10.59327],[-62.58887,10.59559],[-62.59102,10.59933],[-62.59076,10.60332],[-62.59514,10.61251]]}},{"type":"Feature","id":"way/327314597","properties":{"name":"V\u00eda a R\u00edo Grande","highway":"tertiary","ref":"R-7"},"geometry":{"type":"LineString","coordinates":[[-62.62172,10.59469],[-62.62083,10.59875],[-62.62135,10.60311],[-62.62623,10.61333],[-62.62607,10.61581],[-62.62816,10.62174]]}},{"type":"Feature","id":"way/327314607","properties":{"name":"V\u00eda a Maraval","highway":"tertiary","ref":"R-10"},"geometry":{"type":"LineString","coordinates":[[-62.58627,10.59223],[-62.58577,10.59612],[-62.58475,10.5962],[-62.58342,10.60022],[-62.58107,10.60204],[-62.57985,10.60469],[-62.57843,10.61284],[-62.57383,10.6146],[-62.5715,10.62214],[-62.571,10.62903],[-62.5685,10.63063]]}},{"type":"Feature","id":"way/358276946","properties":{"name":"Calle Mari\u00f1o","highway":"tertiary"},"geometry":{"type":"LineString","coordinates":[[-64.17623,10.46409],[-64.1827,10.46356]]}},{"type":"Feature","id":"way/358278861","properties":{"name":"Carretera Nacional Cuman\u00e1 - Matur\u00edn","highway":"trunk","ref":"L-1"},"geometry":{"type":"LineString","coordinates":[[-64.13622,10.42277],[-64.13654,10.42358]]}},{"type":"Feature","id":"way/364819167","properties":{"name":"Avenida Cancamure","highway":"secondary"},"geometry":{"type":"LineString","coordinates":[[-64.15993,10.43763],[-64.15511,10.4319]]}},{"type":"Feature","id":"way/364819178","properties":{"name":"Avenida Cancamure","highway":"secondary"},"geometry":{"type":"LineString","coordinates":[[-64.15511,10.4319],[-64.15993,10.43763]]}},{"type":"Feature","id":"way/364819180","properties":{"name":"Avenida Cancamure","highway":"secondary"},"geometry":{"type":"LineString","coordinates":[[-64.15993,10.43763],[-64.16343,10.44094]]}},{"type":"Feature","id":"way/366144678","properties":{"name":"Avenida Andr\u00e9s Eloy Blanco","highway":"primary","ref":"L-1"},"geometry":{"type":"LineString","coordinates":[[-64.15121,10.44527],[-64.16257,10.45476],[-64.17051,10.45651],[-64.17366,10.4583]]}},{"type":"Feature","id":"way/369002124","properties":{"name":"Eje Rural de Revilla","highway":"tertiary"},"geometry":{"type":"LineString","coordinates":[[-63.28655,10.55703],[-63.28981,10.55697],[-63.29384,10.56081],[-63.29416,10.56215],[-63.29327,10.56284],[-63.29407,10.56446],[-63.29318,10.56449],[-63.29442,10.56513],[-63.29516,10.56756]]}},{"type":"Feature","id":"way/369002126","properties":{"name":"Eje Rural de Revilla","highway":"tertiary"},"geometry":{"type":"LineString","coordinates":[[-63.29516,10.56756],[-63.29371,10.57252],[-63.29644,10.57269],[-63.29736,10.57359],[-63.29831,10.57233],[-63.2993,10.57328],[-63.29806,10.5735],[-63.29788,10.5757],[-63.2984,10.57459],[-63.3002,10.57446],[-63.30181,10.57582]]}},{"type":"Feature","id":"way/369135373","properties":{"name":"Eje Rural de Campeare","highway":"tertiary","ref":"R-4"},"geometry":{"type":"LineString","coordinates":[[-63.32827,10.59728],[-63.32778,10.59586],[-63.32857,10.59484],[-63.3309,10.59293],[-63.33462,10.59232],[-63.33728,10.5891],[-63.33477,10.58802],[-63.33629,10.58293],[-63.33579,10.57805],[-63.33807,10.57402],[-63.33945,10.57282],[-63.34086,10.57452],[-63.34405,10.57555],[-63.34382,10.57325],[-63.34892,10.57422],[-63.34835,10.57185],[-63.35173,10.57258],[-63.35366,10.57071],[-63.35213,10.56924],[-63.35417,10.56879],[-63.35476,10.56953],[-63.35615,10.56875],[-63.35662,10.56631],[-63.35552,10.56586]]}},{"type":"Feature","id":"way/369155612","properties":{"name":"Avenida Jos\u00e9 Francisco Berm\u00fadez","highway":"primary","ref":"L-3"},"geometry":{"type":"LineString","coordinates":[[-63.25218,10.66987],[-63.25669,10.6702]]}},{"type":"Feature","id":"way/373300253","properties":{"name":"Avenida G\u00f3mez Rubio","highway":"primary"},"geometry":{"type":"LineString","coordinates":[[-64.1741,10.45814],[-64.17365,10.45805]]}},{"type":"Feature","id":"way/373551309","properties":{"name":"Avenida Libertad","highway":"secondary"},"geometry":{"type":"LineString","coordinates":[[-63.24731,10.67137],[-63.24818,10.66953]]}},{"type":"Feature","id":"way/373551310","properties":{"name":"Avenida Libertad","highway":"secondary"},"geometry":{"type":"LineString","coordinates":[[-63.24818,10.66953],[-63.24837,10.66926]]}},{"type":"Feature","id":"way/373553129","properties":{"highway":"tertiary","ref":"R-19"},"geometry":{"type":"LineString","coordinates":[[-63.28136,10.61677],[-63.28218,10.61904]]}},{"type":"Feature","id":"way/374438506","properties":{"name":"Retorno","highway":"primary_link","ref":"T-9"},"geometry":{"type":"LineString","coordinates":[[-64.12313,10.46636],[-64.12294,10.46662]]}},{"type":"Feature","id":"way/374438508","properties":{"name":"Retorno","highway":"primary_link","ref":"T-9"},"geometry":{"type":"LineString","coordinates":[[-64.1242,10.46803],[-64.12446,10.46782]]}},{"type":"Feature","id":"way/374440700","properties":{"name":"Avenida Car\u00fapano","highway":"trunk","ref":"T-9"},"geometry":{"type":"LineString","coordinates":[[-64.11273,10.45465],[-64.11224,10.45408]]}},{"type":"Feature","id":"way/374440807","properties":{"name":"Avenida Monse\u00f1or Alfredo Jos\u00e9 Rodr\u00edguez","highway":"trunk","ref":"T-9"},"geometry":{"type":"LineString","coordinates":[[-64.09445,10.44943],[-64.10747,10.45025],[-64.11219,10.45412]]}},{"type":"Feature","id":"way/374440907","properties":{"name":"Avenida Car\u00fapano","highway":"trunk","ref":"T-9"},"geometry":{"type":"LineString","coordinates":[[-64.11269,10.4547],[-64.11272,10.45475]]}},{"type":"Feature","id":"way/374441419","properties":{"name":"Avenida Car\u00fapano","highway":"primary","ref":"T-9"},"geometry":{"type":"LineString","coordinates":[[-64.12313,10.46636],[-64.11504,10.45731]]}},{"type":"Feature","id":"way/374441427","properties":{"name":"Avenida Car\u00fapano","highway":"primary","ref":"T-9"},"geometry":{"type":"LineString","coordinates":[[-64.12446,10.46782],[-64.12313,10.46636]]}},{"type":"Feature","id":"way/374441546","properties":{"name":"Avenida Car\u00fapano","highway":"primary","ref":"T-9"},"geometry":{"type":"LineString","coordinates":[[-64.12697,10.47066],[-64.12446,10.46782]]}},{"type":"Feature","id":"way/374441683","properties":{"name":"Retorno de El Bosque","highway":"primary_link","ref":"T-9"},"geometry":{"type":"LineString","coordinates":[[-64.12697,10.47066],[-64.12681,10.47083]]}},{"type":"Feature","id":"way/374441688","properties":{"name":"Retorno de El Bosque","highway":"primary_link","ref":"T-9"},"geometry":{"type":"LineString","coordinates":[[-64.12745,10.47125],[-64.12758,10.47106]]}},{"type":"Feature","id":"way/374441832","properties":{"name":"Avenida Car\u00fapano","highway":"primary","ref":"T-9"},"geometry":{"type":"LineString","coordinates":[[-64.13933,10.47188],[-64.12758,10.47106]]}},{"type":"Feature","id":"way/374442130","properties":{"name":"Avenida Car\u00fapano","highway":"primary","ref":"T-9"},"geometry":{"type":"LineString","coordinates":[[-64.14715,10.47182],[-64.13994,10.47181]]}},{"type":"Feature","id":"way/374542412","properties":{"highway":"tertiary"},"geometry":{"type":"LineString","coordinates":[[-64.17266,10.44085],[-64.17258,10.44086]]}},{"type":"Feature","id":"way/374608381","properties":{"highway":"tertiary"},"geometry":{"type":"LineString","coordinates":[[-64.17901,10.42637],[-64.18014,10.42497]]}},{"type":"Feature","id":"way/374622362","properties":{"highway":"primary_link"},"geometry":{"type":"LineString","coordinates":[[-64.21576,10.41607],[-64.21577,10.41537]]}},{"type":"Feature","id":"way/374711602","properties":{"name":"V\u00eda a Catuaro","highway":"secondary","ref":"R-2"},"geometry":{"type":"LineString","coordinates":[[-63.58117,10.34146],[-63.57807,10.34181],[-63.57618,10.34606],[-63.57767,10.34676],[-63.57615,10.34823],[-63.57376,10.34968],[-63.57057,10.35009],[-63.56869,10.35236],[-63.56497,10.35157],[-63.56367,10.35252],[-63.55824,10.35249],[-63.55566,10.35524],[-63.54846,10.35698],[-63.5419,10.36002],[-63.53785,10.36585],[-63.52554,10.37853],[-63.52267,10.37997],[-63.51611,10.38776],[-63.51359,10.39011],[-63.50903,10.39188],[-63.50519,10.39463]]}},{"type":"Feature","id":"way/374712702","properties":{"name":"V\u00eda a Catuaro","highway":"secondary","ref":"R-2"},"geometry":{"type":"LineString","coordinates":[[-63.50023,10.39926],[-63.49907,10.40003],[-63.49985,10.40072],[-63.49746,10.40177],[-63.49735,10.40334],[-63.4956,10.40365],[-63.49446,10.4064],[-63.4904,10.40963],[-63.48722,10.41071],[-63.48504,10.41382],[-63.47606,10.415],[-63.47281,10.41358],[-63.46846,10.41551],[-63.4624,10.41497],[-63.45622,10.42094],[-63.44766,10.42241],[-63.44665,10.42131],[-63.44644,10.4223],[-63.44287,10.42375],[-63.44176,10.42648]]}},{"type":"Feature","id":"way/375434169","properties":{"name":"Avenida Andr\u00e9s Eloy Blanco","highway":"primary","ref":"L-1"},"geometry":{"type":"LineString","coordinates":[[-64.17365,10.45805],[-64.17173,10.45663],[-64.16266,10.45467],[-64.15133,10.44522]]}},{"type":"Feature","id":"way/375434175","properties":{"name":"Avenida G\u00f3mez Rubio","highway":"primary"},"geometry":{"type":"LineString","coordinates":[[-64.17466,10.45805],[-64.1775,10.45709],[-64.17881,10.45762]]}},{"type":"Feature","id":"way/375434190","properties":{"name":"Avenida Arismendi","highway":"primary"},"geometry":{"type":"LineString","coordinates":[[-64.18284,10.45142],[-64.18264,10.45166]]}},{"type":"Feature","id":"way/375434191","properties":{"name":"Elevado de El Indio","highway":"primary_link"},"geometry":{"type":"LineString","coordinates":[[-64.18193,10.45078],[-64.18264,10.45166]]}},{"type":"Feature","id":"way/375434720","properties":{"name":"Elevado de El Indio","highway":"primary_link","ref":"T-9"},"geometry":{"type":"LineString","coordinates":[[-64.18284,10.45142],[-64.18282,10.45159]]}},{"type":"Feature","id":"way/375435757","properties":{"highway":"primary_link"},"geometry":{"type":"LineString","coordinates":[[-64.17859,10.45751],[-64.17862,10.4578]]}},{"type":"Feature","id":"way/375435759","properties":{"name":"Avenida Arismendi","highway":"primary"},"geometry":{"type":"LineString","coordinates":[[-64.17881,10.45762],[-64.17885,10.45755]]}},{"type":"Feature","id":"way/375435763","properties":{"name":"Elevado de El Indio","highway":"primary_link","ref":"T-9"},"geometry":{"type":"LineString","coordinates":[[-64.18266,10.45178],[-64.18308,10.45176]]}},{"type":"Feature","id":"way/378232876","properties":{"name":"Avenida Jos\u00e9 Francisco Berm\u00fadez","highway":"primary","ref":"R-3"},"geometry":{"type":"LineString","coordinates":[[-63.56013,10.49676],[-63.56101,10.49711]]}},{"type":"Feature","id":"way/381474415","properties":{"highway":"tertiary"},"geometry":{"type":"LineString","coordinates":[[-64.17232,10.43938],[-64.17232,10.43938]]}},{"type":"Feature","id":"way/381474464","properties":{"highway":"tertiary"},"geometry":{"type":"LineString","coordinates":[[-64.17227,10.43882],[-64.17259,10.43597],[-64.17689,10.43376]]}},{"type":"Feature","id":"way/381480237","properties":{"highway":"primary_link","ref":"T-9"},"geometry":{"type":"LineString","coordinates":[[-64.18639,10.47256],[-64.18659,10.4728]]}},{"type":"Feature","id":"way/383210291","properties":{"name":"Retorno","highway":"trunk_link","ref":"T-9;R-14"},"geometry":{"type":"LineString","coordinates":[[-63.25549,10.64324],[-63.25583,10.64323]]}},{"type":"Feature","id":"way/383295686","properties":{"name":"Avenida Jos\u00e9 Francisco Berm\u00fadez","highway":"trunk","ref":"T-9;T-10"},"geometry":{"type":"LineString","coordinates":[[-63.2654,10.67068],[-63.26449,10.67092]]}},{"type":"Feature","id":"way/383372351","properties":{"name":"Avenida Prolongaci\u00f3n Perimetral Sur","highway":"secondary","ref":"R-14"},"geometry":{"type":"LineString","coordinates":[[-63.22293,10.66276],[-63.22656,10.66319],[-63.22737,10.66252],[-63.22811,10.65987],[-63.22695,10.65839],[-63.22768,10.6511],[-63.22691,10.64919],[-63.22921,10.64758]]}},{"type":"Feature","id":"way/383384746","properties":{"name":"Avenida Universidad","highway":"trunk","ref":"T-9"},"geometry":{"type":"LineString","coordinates":[[-63.25646,10.65742],[-63.25583,10.65659]]}},{"type":"Feature","id":"way/384404023","properties":{"name":"V\u00eda a La Rinconada","highway":"tertiary"},"geometry":{"type":"LineString","coordinates":[[-63.17104,10.69838],[-63.17405,10.69483],[-63.17369,10.69286],[-63.17549,10.68771],[-63.17406,10.68489],[-63.17539,10.67823],[-63.17408,10.67594]]}},{"type":"Feature","id":"way/384704240","properties":{"name":"V\u00eda a San Juan de Las Galdonas","highway":"secondary"},"geometry":{"type":"LineString","coordinates":[[-62.96248,10.63306],[-62.96138,10.63494],[-62.96212,10.63994],[-62.96136,10.64635],[-62.9617,10.64958],[-62.96282,10.6501],[-62.96301,10.65161],[-62.96078,10.65483],[-62.95903,10.65174],[-62.95555,10.65207],[-62.9537,10.65365],[-62.95577,10.66176]]}},{"type":"Feature","id":"way/385733663","properties":{"highway":"tertiary"},"geometry":{"type":"LineString","coordinates":[[-63.10856,10.69775],[-63.11055,10.69188]]}},{"type":"Feature","id":"way/386187674","properties":{"name":"Avenida Principal Nueva","highway":"trunk_link","ref":"T-9"},"geometry":{"type":"LineString","coordinates":[[-63.25577,10.63159],[-63.25541,10.63091]]}},{"type":"Feature","id":"way/386513064","properties":{"highway":"secondary"},"geometry":{"type":"LineString","coordinates":[[-63.15061,10.54635],[-63.15089,10.54475]]}},{"type":"Feature","id":"way/392872758","properties":{"name":"Avenida Universidad","highway":"trunk","ref":"T-9"},"geometry":{"type":"LineString","coordinates":[[-63.25666,10.6393],[-63.25639,10.6368]]}},{"type":"Feature","id":"way/392872762","properties":{"name":"Avenida Universitaria","highway":"trunk","ref":"T-9"},"geometry":{"type":"LineString","coordinates":[[-63.2582,10.65888],[-63.26061,10.66097],[-63.26156,10.66452],[-63.26004,10.6671]]}},{"type":"Feature","id":"way/395832262","properties":{"name":"Carretera Nacional Casanay - Caripito","highway":"trunk","ref":"T-10"},"geometry":{"type":"LineString","coordinates":[[-63.17388,10.20713],[-63.17863,10.21213],[-63.18249,10.21396],[-63.18584,10.21767],[-63.19047,10.22077],[-63.19908,10.23306],[-63.19981,10.23776],[-63.20166,10.23999],[-63.20219,10.24483],[-63.20876,10.2496],[-63.21161,10.24896],[-63.21294,10.25001],[-63.21734,10.2634],[-63.21683,10.26716],[-63.22053,10.26887],[-63.22049,10.27196],[-63.22232,10.27614],[-63.22106,10.28018],[-63.2258,10.28352],[-63.22776,10.28944],[-63.23628,10.29667],[-63.2396,10.30116],[-63.24328,10.30415],[-63.24541,10.30452]]}},{"type":"Feature","id":"way/396285206","properties":{"name":"Avenida R\u00f3mulo Gallegos","highway":"primary","ref":"L-3"},"geometry":{"type":"LineString","coordinates":[[-63.23282,10.67235],[-63.23642,10.67099],[-63.23856,10.67381],[-63.24031,10.67433],[-63.24333,10.67193],[-63.24565,10.67135]]}},{"type":"Feature","id":"way/403573430","properties":{"name":"Elevado de El Indio","highway":"primary"},"geometry":{"type":"LineString","coordinates":[[-64.18298,10.4515],[-64.18278,10.45135]]}},{"type":"Feature","id":"way/403573434","properties":{"name":"Elevado de El Indio","highway":"primary","ref":"T-9"},"geometry":{"type":"LineString","coordinates":[[-64.18272,10.45142],[-64.18291,10.45156]]}},{"type":"Feature","id":"way/406655232","properties":{"name":"Avenida Car\u00fapano","highway":"trunk","ref":"T-9"},"geometry":{"type":"LineString","coordinates":[[-64.11219,10.45412],[-64.11269,10.4547]]}},{"type":"Feature","id":"way/406996905","properties":{"name":"Avenida Universidad","highway":"primary","ref":"T-9"},"geometry":{"type":"LineString","coordinates":[[-64.21563,10.4147],[-64.2153,10.41494]]}},{"type":"Feature","id":"way/406996907","properties":{"name":"Distribuidor El Pe\u00f1\u00f3n","highway":"trunk_link"},"geometry":{"type":"LineString","coordinates":[[-64.11411,10.45608],[-64.11377,10.45626]]}},{"type":"Feature","id":"way/406996909","properties":{"name":"Distribuidor El Pe\u00f1\u00f3n","highway":"trunk_link"},"geometry":{"type":"LineString","coordinates":[[-64.11381,10.45636],[-64.11417,10.45617]]}},{"type":"Feature","id":"way/406996911","properties":{"name":"Avenida Universidad","highway":"primary","ref":"T-9"},"geometry":{"type":"LineString","coordinates":[[-64.21439,10.41597],[-64.21432,10.41606]]}},{"type":"Feature","id":"way/406996913","properties":{"name":"Distribuidor El Pe\u00f1\u00f3n","highway":"trunk_link"},"geometry":{"type":"LineString","coordinates":[[-64.11377,10.45626],[-64.11258,10.456],[-64.11376,10.45597]]}},{"type":"Feature","id":"way/407006392","properties":{"name":"Carretera Regional Cariaco - Casanay","highway":"primary","ref":"L-5"},"geometry":{"type":"LineString","coordinates":[[-63.5479,10.48693],[-63.5491,10.48619]]}},{"type":"Feature","id":"way/407006393","properties":{"name":"Avenida Arismendi","highway":"primary"},"geometry":{"type":"LineString","coordinates":[[-64.18282,10.45159],[-64.18289,10.45149]]}},{"type":"Feature","id":"way/407006394","properties":{"name":"Distribuidor El Pe\u00f1\u00f3n","highway":"trunk_link"},"geometry":{"type":"LineString","coordinates":[[-64.11272,10.45475],[-64.11259,10.45633],[-64.11381,10.45636]]}},{"type":"Feature","id":"way/407013381","properties":{"name":"Avenida G\u00f3mez Rubio","highway":"primary"},"geometry":{"type":"LineString","coordinates":[[-64.17414,10.45823],[-64.17466,10.45805]]}},{"type":"Feature","id":"way/407013382","properties":{"name":"Avenida G\u00f3mez Rubio","highway":"primary"},"geometry":{"type":"LineString","coordinates":[[-64.17395,10.45863],[-64.17414,10.45823]]}},{"type":"Feature","id":"way/407048113","properties":{"name":"Avenida Berm\u00fadez","highway":"tertiary"},"geometry":{"type":"LineString","coordinates":[[-64.17633,10.46333],[-64.17615,10.46336]]}},{"type":"Feature","id":"way/407048115","properties":{"name":"Avenida Andr\u00e9s Eloy Blanco","highway":"primary","ref":"L-1"},"geometry":{"type":"LineString","coordinates":[[-64.17366,10.4583],[-64.17405,10.45953]]}},{"type":"Feature","id":"way/407048121","properties":{"name":"Avenida Andr\u00e9s Eloy Blanco","highway":"primary","ref":"L-1"},"geometry":{"type":"LineString","coordinates":[[-64.17405,10.45953],[-64.17447,10.45938]]}},{"type":"Feature","id":"way/407049484","properties":{"name":"Elevado de El Indio","highway":"primary","ref":"T-9"},"geometry":{"type":"LineString","coordinates":[[-64.18357,10.45214],[-64.18389,10.45238]]}},{"type":"Feature","id":"way/407049486","properties":{"name":"Avenida Panamericana","highway":"secondary"},"geometry":{"type":"LineString","coordinates":[[-64.17885,10.43964],[-64.18065,10.44977]]}},{"type":"Feature","id":"way/407049487","properties":{"name":"Elevado de El Indio","highway":"primary_link","ref":"T-9"},"geometry":{"type":"LineString","coordinates":[[-64.18308,10.45176],[-64.18357,10.45214]]}},{"type":"Feature","id":"way/410054039","properties":{"name":"Avenida Jos\u00e9 Francisco Berm\u00fadez","highway":"primary","ref":"L-3"},"geometry":{"type":"LineString","coordinates":[[-63.25668,10.66987],[-63.25232,10.66976],[-63.2501,10.67153],[-63.24731,10.67137]]}},{"type":"Feature","id":"way/412163120","properties":{"name":"Distribuidor San Luis","highway":"trunk_link"},"geometry":{"type":"LineString","coordinates":[[-64.2145,10.41415],[-64.21413,10.4141]]}},{"type":"Feature","id":"way/412163122","properties":{"name":"Distribuidor San Luis","highway":"trunk_link"},"geometry":{"type":"LineString","coordinates":[[-64.21413,10.4141],[-64.21451,10.41518]]}},{"type":"Feature","id":"way/412163123","properties":{"name":"Avenida Antonio Jos\u00e9 de Sucre","highway":"trunk","ref":"T-9"},"geometry":{"type":"LineString","coordinates":[[-64.21415,10.41432],[-64.21451,10.4143]]}},{"type":"Feature","id":"way/412163125","properties":{"name":"Avenida Antonio Jos\u00e9 de Sucre","highway":"trunk","ref":"T-9"},"geometry":{"type":"LineString","coordinates":[[-64.21451,10.41419],[-64.21411,10.41419]]}},{"type":"Feature","id":"way/412163127","properties":{"name":"Distribuidor San Luis","highway":"trunk_link"},"geometry":{"type":"LineString","coordinates":[[-64.21466,10.41417],[-64.2145,10.41415]]}},{"type":"Feature","id":"way/412163130","properties":{"highway":"primary_link"},"geometry":{"type":"LineString","coordinates":[[-64.21518,10.41601],[-64.21576,10.41607]]}},{"type":"Feature","id":"way/412163132","properties":{"name":"Avenida Antonio Jos\u00e9 de Sucre","highway":"trunk","ref":"T-9"},"geometry":{"type":"LineString","coordinates":[[-64.21451,10.4143],[-64.21669,10.41356]]}},{"type":"Feature","id":"way/412166045","properties":{"name":"Distribuidor Cantarana","highway":"secondary"},"geometry":{"type":"LineString","coordinates":[[-64.14319,10.41926],[-64.14261,10.42016]]}},{"type":"Feature","id":"way/412166046","properties":{"name":"Distribuidor Cantarana","highway":"secondary"},"geometry":{"type":"LineString","coordinates":[[-64.14367,10.41845],[-64.14381,10.41839]]}},{"type":"Feature","id":"way/412166050","properties":{"name":"V\u00eda a Cancamure","highway":"secondary"},"geometry":{"type":"LineString","coordinates":[[-64.14381,10.41839],[-64.14498,10.41953]]}},{"type":"Feature","id":"way/412166052","properties":{"name":"Distribuidor Cantarana","highway":"trunk_link"},"geometry":{"type":"LineString","coordinates":[[-64.14348,10.41985],[-64.14319,10.41926]]}},{"type":"Feature","id":"way/412172439","properties":{"name":"Avenida Cancamure","highway":"secondary"},"geometry":{"type":"LineString","coordinates":[[-64.1748,10.44939],[-64.17485,10.44947]]}},{"type":"Feature","id":"way/412172441","properties":{"name":"Avenida Cancamure","highway":"secondary"},"geometry":{"type":"LineString","coordinates":[[-64.17365,10.44799],[-64.16795,10.44368]]}},{"type":"Feature","id":"way/412172443","properties":{"name":"Avenida Cancamure","highway":"secondary"},"geometry":{"type":"LineString","coordinates":[[-64.17495,10.44942],[-64.1749,10.44935]]}},{"type":"Feature","id":"way/412176981","properties":{"name":"Calle Mari\u00f1o","highway":"tertiary"},"geometry":{"type":"LineString","coordinates":[[-64.17539,10.46417],[-64.17594,10.46412]]}},{"type":"Feature","id":"way/412176982","properties":{"name":"Avenida G\u00f3mez Rubio","highway":"primary"},"geometry":{"type":"LineString","coordinates":[[-64.17463,10.45798],[-64.1741,10.45814]]}},{"type":"Feature","id":"way/412176985","properties":{"highway":"primary_link","ref":"L-1"},"geometry":{"type":"LineString","coordinates":[[-64.15106,10.44535],[-64.15134,10.44538]]}},{"type":"Feature","id":"way/412176986","properties":{"highway":"primary_link"},"geometry":{"type":"LineString","coordinates":[[-64.15084,10.44495],[-64.15088,10.44533]]}},{"type":"Feature","id":"way/412180067","properties":{"name":"Carretera Nacional Cuman\u00e1 - Matur\u00edn","highway":"trunk","ref":"L-1"},"geometry":{"type":"LineString","coordinates":[[-63.91873,10.25061],[-63.91971,10.25507]]}},{"type":"Feature","id":"way/412180068","properties":{"name":"Carretera Nacional Cuman\u00e1 - Matur\u00edn","highway":"trunk","ref":"L-1"},"geometry":{"type":"LineString","coordinates":[[-63.92721,10.26542],[-63.93011,10.27058],[-63.9335,10.27257],[-63.93613,10.2767],[-63.93423,10.29059]]}},{"type":"Feature","id":"way/412180069","properties":{"name":"Carretera Nacional Cuman\u00e1 - Matur\u00edn","highway":"trunk","ref":"L-1"},"geometry":{"type":"LineString","coordinates":[[-63.91861,10.24975],[-63.91878,10.24194]]}},{"type":"Feature","id":"way/412180070","properties":{"name":"Carretera Nacional Cuman\u00e1 - Matur\u00edn","highway":"trunk","ref":"L-1"},"geometry":{"type":"LineString","coordinates":[[-63.92721,10.26542],[-63.92434,10.26035],[-63.91971,10.25507]]}},{"type":"Feature","id":"way/412180071","properties":{"name":"Carretera Nacional Cuman\u00e1 - Matur\u00edn","highway":"trunk","ref":"L-1"},"geometry":{"type":"LineString","coordinates":[[-63.91971,10.25507],[-63.92721,10.26542]]}},{"type":"Feature","id":"way/412181410","properties":{"name":"Carretera Nacional Cuman\u00e1 - Matur\u00edn","highway":"trunk","ref":"L-1"},"geometry":{"type":"LineString","coordinates":[[-63.91878,10.24194],[-63.91861,10.24975]]}},{"type":"Feature","id":"way/412190258","properties":{"name":"Carretera Nacional Cuman\u00e1 - Matur\u00edn","highway":"trunk","ref":"L-1"},"geometry":{"type":"LineString","coordinates":[[-63.91011,10.23146],[-63.91265,10.23149],[-63.9145,10.23296],[-63.91878,10.24194]]}},{"type":"Feature","id":"way/412190259","properties":{"name":"Carretera Nacional Cuman\u00e1 - Matur\u00edn","highway":"trunk","ref":"L-1"},"geometry":{"type":"LineString","coordinates":[[-63.90986,10.23145],[-63.91011,10.23146]]}},{"type":"Feature","id":"way/413373117","properties":{"name":"Carretera Nacional Car\u00fapano - G\u00fciria","highway":"trunk","ref":"T-9"},"geometry":{"type":"LineString","coordinates":[[-63.16466,10.55798],[-63.1723,10.562],[-63.18269,10.56269],[-63.18892,10.56627],[-63.19552,10.56609],[-63.19764,10.57127],[-63.20169,10.57733],[-63.20195,10.58574],[-63.20069,10.591],[-63.19881,10.59368],[-63.20014,10.59465],[-63.20405,10.59353],[-63.2062,10.59524],[-63.20767,10.59444],[-63.21009,10.5961],[-63.21359,10.59244],[-63.21551,10.59271],[-63.21587,10.59377],[-63.21733,10.59389],[-63.21784,10.59633],[-63.2211,10.59613],[-63.22063,10.59861],[-63.22189,10.60036],[-63.22451,10.59901],[-63.22552,10.60288],[-63.23059,10.59767],[-63.23437,10.59841],[-63.23862,10.5969],[-63.24316,10.59745],[-63.24868,10.60462],[-63.25207,10.60692],[-63.25443,10.61327]]}},{"type":"Feature","id":"way/413373118","properties":{"name":"Avenida Principal Nueva","highway":"trunk","ref":"T-9"},"geometry":{"type":"LineString","coordinates":[[-63.25638,10.63072],[-63.25541,10.63091]]}},{"type":"Feature","id":"way/413379189","properties":{"name":"Avenida Universidad","highway":"trunk","ref":"T-9"},"geometry":{"type":"LineString","coordinates":[[-63.25617,10.6351],[-63.25638,10.63072]]}},{"type":"Feature","id":"way/413379190","properties":{"name":"Avenida Perimetral","highway":"secondary","ref":"R-14"},"geometry":{"type":"LineString","coordinates":[[-63.26094,10.64303],[-63.25628,10.6422]]}},{"type":"Feature","id":"way/413379194","properties":{"name":"Avenida Perimetral","highway":"secondary","ref":"R-14"},"geometry":{"type":"LineString","coordinates":[[-63.24944,10.64309],[-63.25366,10.64192],[-63.25548,10.64242]]}},{"type":"Feature","id":"way/413379200","properties":{"name":"Avenida Prolongaci\u00f3n Perimetral Sur","highway":"secondary","ref":"R-14"},"geometry":{"type":"LineString","coordinates":[[-63.22293,10.66276],[-63.22161,10.66379]]}},{"type":"Feature","id":"way/413379204","properties":{"name":"Avenida Prolongaci\u00f3n Perimetral Sur","highway":"secondary","ref":"R-14"},"geometry":{"type":"LineString","coordinates":[[-63.22134,10.66518],[-63.22293,10.66276]]}},{"type":"Feature","id":"way/413379209","properties":{"name":"Avenida Universitaria","highway":"trunk","ref":"T-9"},"geometry":{"type":"LineString","coordinates":[[-63.25796,10.66981],[-63.26169,10.66485],[-63.2607,10.66096],[-63.25836,10.65888]]}},{"type":"Feature","id":"way/413379210","properties":{"name":"Avenida Universidad","highway":"trunk","ref":"T-9"},"geometry":{"type":"LineString","coordinates":[[-63.26004,10.6671],[-63.25987,10.66727]]}},{"type":"Feature","id":"way/413379214","properties":{"name":"Avenida Universidad","highway":"trunk","ref":"T-9"},"geometry":{"type":"LineString","coordinates":[[-63.25987,10.66727],[-63.25743,10.66962]]}},{"type":"Feature","id":"way/413379218","properties":{"highway":"tertiary","ref":"R-19"},"geometry":{"type":"LineString","coordinates":[[-63.25739,10.6298],[-63.2576,10.62966]]}},{"type":"Feature","id":"way/413419545","properties":{"name":"Carretera Nacional Cuman\u00e1 - Car\u00fapano","highway":"trunk","ref":"T-9"},"geometry":{"type":"LineString","coordinates":[[-63.26644,10.67079],[-63.26925,10.66966],[-63.27104,10.6671],[-63.27694,10.66359],[-63.28115,10.66253]]}},{"type":"Feature","id":"way/413419555","properties":{"name":"Avenida Macarapana","highway":"secondary"},"geometry":{"type":"LineString","coordinates":[[-63.21649,10.66059],[-63.21653,10.66196],[-63.21837,10.66396],[-63.22124,10.66518]]}},{"type":"Feature","id":"way/413419557","properties":{"name":"Avenida Perimetral","highway":"secondary","ref":"R-14"},"geometry":{"type":"LineString","coordinates":[[-63.26288,10.64335],[-63.26256,10.64329]]}},{"type":"Feature","id":"way/413419558","properties":{"name":"Avenida Perimetral","highway":"secondary","ref":"R-14"},"geometry":{"type":"LineString","coordinates":[[-63.26254,10.6434],[-63.26284,10.64344]]}},{"type":"Feature","id":"way/413419559","properties":{"name":"Avenida Perimetral","highway":"secondary","ref":"R-14"},"geometry":{"type":"LineString","coordinates":[[-63.26284,10.64344],[-63.26607,10.64459]]}},{"type":"Feature","id":"way/413419560","properties":{"name":"Avenida Perimetral","highway":"secondary","ref":"R-14"},"geometry":{"type":"LineString","coordinates":[[-63.26611,10.6445],[-63.26288,10.64335]]}},{"type":"Feature","id":"way/413419565","properties":{"name":"Avenida Jos\u00e9 Francisco Berm\u00fadez","highway":"trunk","ref":"T-9;T-10"},"geometry":{"type":"LineString","coordinates":[[-63.26449,10.67092],[-63.26432,10.67111]]}},{"type":"Feature","id":"way/413419566","properties":{"name":"Avenida Jos\u00e9 Francisco Berm\u00fadez","highway":"trunk","ref":"T-9"},"geometry":{"type":"LineString","coordinates":[[-63.26432,10.67111],[-63.26363,10.67153]]}},{"type":"Feature","id":"way/413419567","properties":{"name":"Carretera Nacional Car\u00fapano - Casanay","highway":"trunk","ref":"T-10"},"geometry":{"type":"LineString","coordinates":[[-63.26474,10.66985],[-63.26449,10.67092]]}},{"type":"Feature","id":"way/413419574","properties":{"name":"Avenida Jos\u00e9 Francisco Berm\u00fadez","highway":"primary","ref":"R-3"},"geometry":{"type":"LineString","coordinates":[[-63.56101,10.49711],[-63.56017,10.49669]]}},{"type":"Feature","id":"way/413419576","properties":{"name":"V\u00eda a Chacopata","highway":"secondary"},"geometry":{"type":"LineString","coordinates":[[-63.77673,10.66754],[-63.77665,10.66875]]}},{"type":"Feature","id":"way/413419577","properties":{"name":"Avenida Jos\u00e9 Francisco Berm\u00fadez","highway":"trunk","ref":"T-9;T-10"},"geometry":{"type":"LineString","coordinates":[[-63.26567,10.67075],[-63.2654,10.67068]]}},{"type":"Feature","id":"way/413419588","properties":{"name":"Avenida Jos\u00e9 Francisco Berm\u00fadez","highway":"trunk","ref":"T-9"},"geometry":{"type":"LineString","coordinates":[[-63.26644,10.67079],[-63.26567,10.67075]]}},{"type":"Feature","id":"way/413419591","properties":{"highway":"primary_link","ref":"L-3"},"geometry":{"type":"LineString","coordinates":[[-63.24565,10.67135],[-63.2457,10.67124]]}},{"type":"Feature","id":"way/414256621","properties":{"name":"Avenida Universidad","highway":"primary","ref":"T-9"},"geometry":{"type":"LineString","coordinates":[[-64.18741,10.44581],[-64.20361,10.43377],[-64.21027,10.4251],[-64.2148,10.41641]]}},{"type":"Feature","id":"way/419137794","properties":{"highway":"secondary","ref":"R-14"},"geometry":{"type":"LineString","coordinates":[[-63.23273,10.67229],[-63.23282,10.67235]]}},{"type":"Feature","id":"way/419886283","properties":{"name":"Carretera El Pilar - Aj\u00edes","highway":"secondary"},"geometry":{"type":"LineString","coordinates":[[-63.12999,10.5089],[-63.13928,10.508],[-63.14183,10.50859],[-63.14238,10.51002]]}},{"type":"Feature","id":"way/419886285","properties":{"name":"Carretera Nacional Car\u00fapano - G\u00fciria","highway":"trunk","ref":"T-9"},"geometry":{"type":"LineString","coordinates":[[-63.14633,10.55153],[-63.14909,10.55186],[-63.1499,10.55453],[-63.15188,10.55544],[-63.15604,10.56089],[-63.16466,10.55798]]}},{"type":"Feature","id":"way/419886288","properties":{"name":"Carretera El Pilar - Aj\u00edes","highway":"secondary"},"geometry":{"type":"LineString","coordinates":[[-63.14238,10.51002],[-63.14079,10.5119],[-63.14023,10.51466],[-63.14072,10.51865],[-63.14399,10.52759],[-63.14536,10.52869],[-63.14495,10.53071],[-63.14617,10.53447],[-63.14465,10.53744]]}},{"type":"Feature","id":"way/425692678","properties":{"name":"Eje Rural de Campeare","highway":"tertiary","ref":"R-4"},"geometry":{"type":"LineString","coordinates":[[-63.3561,10.56517],[-63.35552,10.56586]]}},{"type":"Feature","id":"way/430964842","properties":{"highway":"tertiary","ref":"R-9"},"geometry":{"type":"LineString","coordinates":[[-63.59446,10.29549],[-63.59414,10.2947]]}},{"type":"Feature","id":"way/430965039","properties":{"highway":"tertiary","ref":"R-9"},"geometry":{"type":"LineString","coordinates":[[-63.59385,10.29478],[-63.59414,10.2947]]}},{"type":"Feature","id":"way/430965231","properties":{"highway":"tertiary","ref":"R-9"},"geometry":{"type":"LineString","coordinates":[[-63.59414,10.2947],[-63.59158,10.28902]]}},{"type":"Feature","id":"way/430965958","properties":{"highway":"tertiary","ref":"R-9"},"geometry":{"type":"LineString","coordinates":[[-63.59158,10.28902],[-63.59261,10.2885]]}},{"type":"Feature","id":"way/430967373","properties":{"highway":"tertiary","ref":"R-9"},"geometry":{"type":"LineString","coordinates":[[-63.59261,10.2885],[-63.59548,10.2894]]}},{"type":"Feature","id":"way/431817967","properties":{"name":"Carretera Nacional Casanay - Caripito","highway":"trunk","ref":"T-10"},"geometry":{"type":"LineString","coordinates":[[-63.24541,10.30452],[-63.24592,10.3045]]}},{"type":"Feature","id":"way/431892569","properties":{"name":"Carretera Nacional Cuman\u00e1 - Matur\u00edn","highway":"trunk","ref":"L-1"},"geometry":{"type":"LineString","coordinates":[[-63.95259,10.31391],[-63.95844,10.31472],[-63.96747,10.31906],[-63.97211,10.32393],[-63.9773,10.32483],[-63.982,10.32329],[-63.98518,10.32526],[-63.99025,10.33196],[-63.99384,10.33019],[-63.99886,10.33071],[-64.00537,10.32845],[-64.01453,10.33496],[-64.02442,10.33273],[-64.03236,10.33664],[-64.03556,10.33615],[-64.03662,10.34008],[-64.04217,10.3395],[-64.0449,10.34302],[-64.04734,10.34024],[-64.05162,10.34153],[-64.05365,10.33944],[-64.05834,10.33834],[-64.06202,10.34247],[-64.06844,10.34491],[-64.06971,10.34452],[-64.07065,10.34107],[-64.07232,10.34083],[-64.07747,10.34632],[-64.08056,10.34301],[-64.08803,10.34046],[-64.09344,10.34112],[-64.09811,10.34041],[-64.10666,10.34216],[-64.11267,10.34663],[-64.11519,10.34595],[-64.11786,10.34365],[-64.14038,10.34463],[-64.14743,10.34705],[-64.14875,10.35146],[-64.15299,10.35358],[-64.15639,10.35235],[-64.1609,10.35405],[-64.16406,10.35376],[-64.16731,10.35263],[-64.1697,10.35021],[-64.17463,10.35221],[-64.17711,10.35598],[-64.17655,10.36083],[-64.1714,10.36875],[-64.16452,10.37256],[-64.16126,10.37628],[-64.15954,10.38129],[-64.16156,10.38288],[-64.16158,10.38403],[-64.15857,10.38729],[-64.15192,10.3865],[-64.1479,10.38857],[-64.14599,10.39513],[-64.14222,10.39698],[-64.14094,10.39871],[-64.14253,10.4025],[-64.14048,10.40833],[-64.13752,10.41097],[-64.13622,10.42277]]}},{"type":"Feature","id":"way/432153209","properties":{"name":"V\u00eda Principal de Santa B\u00e1rbara","highway":"tertiary"},"geometry":{"type":"LineString","coordinates":[[-63.33488,10.51139],[-63.32894,10.51657],[-63.32381,10.51772],[-63.32115,10.51983],[-63.31872,10.51972]]}},{"type":"Feature","id":"way/432581983","properties":{"name":"Eje Rural de Campeare","highway":"tertiary","ref":"R-4"},"geometry":{"type":"LineString","coordinates":[[-63.3722,10.53982],[-63.37141,10.53899],[-63.36594,10.53896],[-63.3642,10.54042],[-63.36308,10.54316],[-63.35748,10.54551]]}},{"type":"Feature","id":"way/432582871","properties":{"name":"Eje Rural de Campeare","highway":"tertiary","ref":"R-4"},"geometry":{"type":"LineString","coordinates":[[-63.3722,10.53982],[-63.37243,10.53911],[-63.3756,10.53971],[-63.3812,10.53674],[-63.38397,10.53741],[-63.38766,10.53575],[-63.39129,10.53645],[-63.38992,10.5324],[-63.3931,10.53079],[-63.39162,10.52827],[-63.39231,10.52299]]}},{"type":"Feature","id":"way/432582968","properties":{"name":"Retorno de El Pe\u00f1\u00f3n","highway":"trunk_link","ref":"T-9"},"geometry":{"type":"LineString","coordinates":[[-64.10143,10.44992],[-64.10142,10.4496]]}},{"type":"Feature","id":"way/432588757","properties":{"name":"Carretera Nacional Cuman\u00e1 - Car\u00fapano","highway":"trunk","ref":"T-9"},"geometry":{"type":"LineString","coordinates":[[-63.4884,10.62439],[-63.48858,10.61371],[-63.48952,10.61207],[-63.4919,10.61088],[-63.51634,10.61007],[-63.52583,10.61147],[-63.52729,10.61066],[-63.52741,10.60469],[-63.5253,10.59941],[-63.52365,10.59678],[-63.52098,10.59558],[-63.51995,10.59393],[-63.52295,10.58312],[-63.52328,10.57023],[-63.52717,10.56146],[-63.52703,10.55573],[-63.53044,10.54229],[-63.53398,10.53675],[-63.53923,10.53314],[-63.54512,10.52522],[-63.5501,10.50766]]}},{"type":"Feature","id":"way/432588760","properties":{"name":"Carretera Nacional Cuman\u00e1 - Car\u00fapano","highway":"trunk","ref":"T-9"},"geometry":{"type":"LineString","coordinates":[[-64.07769,10.44581],[-64.07989,10.44642]]}},{"type":"Feature","id":"way/434813128","properties":{"highway":"tertiary","ref":"R-4"},"geometry":{"type":"LineString","coordinates":[[-63.32853,10.60219],[-63.32872,10.60241]]}},{"type":"Feature","id":"way/435162342","properties":{"name":"V\u00eda a Mundo Nuevo","highway":"tertiary","ref":"R-11"},"geometry":{"type":"LineString","coordinates":[[-62.54538,10.60588],[-62.54476,10.60379],[-62.54143,10.60007]]}},{"type":"Feature","id":"way/436281641","properties":{"name":"Eje Rural de Chuparipal","highway":"tertiary"},"geometry":{"type":"LineString","coordinates":[[-63.28331,10.57384],[-63.28249,10.5748],[-63.28046,10.57409],[-63.27831,10.57529],[-63.27467,10.57554],[-63.26644,10.57917],[-63.25981,10.57876],[-63.25645,10.58073],[-63.2477,10.57982],[-63.24467,10.57852],[-63.24414,10.58119]]}},{"type":"Feature","id":"way/436297183","properties":{"name":"V\u00eda Principal de La Llanada","highway":"tertiary","ref":"R-1"},"geometry":{"type":"LineString","coordinates":[[-63.36864,10.61434],[-63.36849,10.62131],[-63.36676,10.62427],[-63.36616,10.63036],[-63.35565,10.63264],[-63.3545,10.63635],[-63.35156,10.63934],[-63.35162,10.64886]]}},{"type":"Feature","id":"way/436733207","properties":{"name":"Eje Rural de Campeare","highway":"tertiary","ref":"R-4"},"geometry":{"type":"LineString","coordinates":[[-63.35805,10.55815],[-63.35616,10.55396],[-63.35748,10.54551]]}},{"type":"Feature","id":"way/436773733","properties":{"name":"Eje Rural de Campeare","highway":"tertiary","ref":"R-4"},"geometry":{"type":"LineString","coordinates":[[-63.35805,10.55815],[-63.3553,10.56033],[-63.3561,10.56517]]}},{"type":"Feature","id":"way/437695372","properties":{"highway":"tertiary"},"geometry":{"type":"LineString","coordinates":[[-63.93035,10.23846],[-63.93198,10.24358]]}},{"type":"Feature","id":"way/451911644","properties":{"name":"Avenida Antonio Jos\u00e9 de Sucre","highway":"trunk","ref":"T-9"},"geometry":{"type":"LineString","coordinates":[[-64.14505,10.41965],[-64.14939,10.41873],[-64.15372,10.41941],[-64.16109,10.41805],[-64.16967,10.42158],[-64.17412,10.42016],[-64.1768,10.41795],[-64.18518,10.41686]]}},{"type":"Feature","id":"way/460260634","properties":{"name":"Avenida Universidad","highway":"trunk","ref":"T-9"},"geometry":{"type":"LineString","coordinates":[[-63.25645,10.64714],[-63.2562,10.64559]]}},{"type":"Feature","id":"way/460260643","properties":{"name":"Avenida Universidad","highway":"trunk","ref":"T-9"},"geometry":{"type":"LineString","coordinates":[[-63.25631,10.64715],[-63.25722,10.65316]]}},{"type":"Feature","id":"way/460260646","properties":{"name":"Avenida Universidad","highway":"trunk","ref":"T-9"},"geometry":{"type":"LineString","coordinates":[[-63.25617,10.64544],[-63.25583,10.64323]]}},{"type":"Feature","id":"way/462564382","properties":{"name":"Carretera Cumanacoa - Santa Mar\u00eda","highway":"tertiary","ref":"R-9"},"geometry":{"type":"LineString","coordinates":[[-63.80658,10.17753],[-63.80407,10.18334],[-63.8012,10.18244],[-63.79903,10.18412],[-63.79833,10.18596],[-63.80007,10.18862],[-63.79884,10.19316],[-63.79643,10.19694],[-63.79264,10.19948],[-63.79013,10.20475],[-63.78163,10.20639],[-63.78256,10.20815],[-63.77992,10.21214],[-63.77615,10.21559],[-63.76988,10.21875],[-63.76757,10.22175],[-63.76255,10.22562],[-63.76077,10.2308],[-63.75806,10.23279],[-63.75778,10.23435],[-63.75447,10.2382]]}},{"type":"Feature","id":"way/462564383","properties":{"name":"Carretera Cumanacoa - Santa Mar\u00eda","highway":"tertiary","ref":"R-9"},"geometry":{"type":"LineString","coordinates":[[-63.81287,10.17238],[-63.80949,10.17187],[-63.80658,10.17753]]}},{"type":"Feature","id":"way/462740939","properties":{"highway":"primary_link"},"geometry":{"type":"LineString","coordinates":[[-64.18686,10.44639],[-64.18751,10.44628]]}},{"type":"Feature","id":"way/462740947","properties":{"name":"Avenida Universidad","highway":"primary","ref":"T-9"},"geometry":{"type":"LineString","coordinates":[[-64.18316,10.45113],[-64.18326,10.45099]]}},{"type":"Feature","id":"way/462740948","properties":{"name":"Elevado de El Indio","highway":"primary_link","ref":"T-9"},"geometry":{"type":"LineString","coordinates":[[-64.18319,10.45116],[-64.18326,10.45099]]}},{"type":"Feature","id":"way/462740949","properties":{"name":"Avenida Universidad","highway":"primary","ref":"T-9"},"geometry":{"type":"LineString","coordinates":[[-64.18289,10.45149],[-64.18316,10.45113]]}},{"type":"Feature","id":"way/462740950","properties":{"name":"Avenida Universidad","highway":"primary","ref":"T-9"},"geometry":{"type":"LineString","coordinates":[[-64.1831,10.45109],[-64.1829,10.45134]]}},{"type":"Feature","id":"way/462740951","properties":{"name":"Avenida Universidad","highway":"primary","ref":"T-9"},"geometry":{"type":"LineString","coordinates":[[-64.1832,10.45096],[-64.1831,10.45109]]}},{"type":"Feature","id":"way/462740952","properties":{"name":"Elevado de El Indio","highway":"primary_link"},"geometry":{"type":"LineString","coordinates":[[-64.1832,10.45096],[-64.18303,10.45106]]}},{"type":"Feature","id":"way/474414359","properties":{"name":"Avenida Universidad","highway":"trunk","ref":"T-9"},"geometry":{"type":"LineString","coordinates":[[-63.25671,10.64855],[-63.25645,10.64714]]}},{"type":"Feature","id":"way/477759961","properties":{"name":"Avenida Universidad","highway":"trunk","ref":"T-9"},"geometry":{"type":"LineString","coordinates":[[-63.25583,10.65659],[-63.2565,10.6551]]}},{"type":"Feature","id":"way/477759971","properties":{"name":"Avenida Universidad","highway":"trunk","ref":"T-9"},"geometry":{"type":"LineString","coordinates":[[-63.25627,10.64689],[-63.25631,10.64715]]}},{"type":"Feature","id":"way/477759986","properties":{"name":"Avenida Universidad","highway":"trunk","ref":"T-9"},"geometry":{"type":"LineString","coordinates":[[-63.2565,10.6551],[-63.25733,10.65333]]}},{"type":"Feature","id":"way/477759989","properties":{"name":"Avenida Universidad","highway":"trunk","ref":"T-9"},"geometry":{"type":"LineString","coordinates":[[-63.25733,10.65324],[-63.25671,10.64855]]}},{"type":"Feature","id":"way/477759999","properties":{"name":"Avenida Universidad","highway":"trunk","ref":"T-9"},"geometry":{"type":"LineString","coordinates":[[-63.25549,10.64324],[-63.25627,10.64689]]}},{"type":"Feature","id":"way/478201042","properties":{"name":"Carretera Nacional Car\u00fapano - Casanay","highway":"trunk","ref":"T-10"},"geometry":{"type":"LineString","coordinates":[[-63.26719,10.64175],[-63.26663,10.6432]]}},{"type":"Feature","id":"way/478201043","properties":{"name":"Carretera Nacional Car\u00fapano - Casanay","highway":"trunk","ref":"T-10"},"geometry":{"type":"LineString","coordinates":[[-63.26541,10.64615],[-63.26197,10.65626],[-63.26474,10.66985]]}},{"type":"Feature","id":"way/478201052","properties":{"name":"Avenida Universidad","highway":"trunk","ref":"T-9"},"geometry":{"type":"LineString","coordinates":[[-63.25639,10.6368],[-63.25617,10.6351]]}},{"type":"Feature","id":"way/478201059","properties":{"name":"Avenida Principal El Muco","highway":"tertiary","ref":"R-19"},"geometry":{"type":"LineString","coordinates":[[-63.26337,10.62726],[-63.26007,10.62912]]}},{"type":"Feature","id":"way/478201060","properties":{"name":"Avenida Principal El Muco","highway":"tertiary","ref":"R-19"},"geometry":{"type":"LineString","coordinates":[[-63.26368,10.62702],[-63.26337,10.62726]]}},{"type":"Feature","id":"way/478201065","properties":{"name":"Carretera Nacional Car\u00fapano - G\u00fciria","highway":"trunk","ref":"T-9;R-19"},"geometry":{"type":"LineString","coordinates":[[-63.25728,10.63005],[-63.25739,10.6298]]}},{"type":"Feature","id":"way/478201066","properties":{"name":"Carretera Nacional Car\u00fapano - G\u00fciria","highway":"trunk","ref":"T-9"},"geometry":{"type":"LineString","coordinates":[[-63.25638,10.63072],[-63.25715,10.63019]]}},{"type":"Feature","id":"way/478201067","properties":{"highway":"tertiary","ref":"R-19"},"geometry":{"type":"LineString","coordinates":[[-63.2576,10.62966],[-63.25742,10.62943]]}},{"type":"Feature","id":"way/478201068","properties":{"name":"Avenida Principal El Muco","highway":"tertiary","ref":"R-19"},"geometry":{"type":"LineString","coordinates":[[-63.26,10.62915],[-63.25897,10.62942]]}},{"type":"Feature","id":"way/478201076","properties":{"name":"Avenida Universidad","highway":"trunk","ref":"T-9"},"geometry":{"type":"LineString","coordinates":[[-63.2568,10.63986],[-63.25666,10.6393]]}},{"type":"Feature","id":"way/479032771","properties":{"name":"Avenida Jos\u00e9 Francisco Berm\u00fadez","highway":"primary","ref":"R-3"},"geometry":{"type":"LineString","coordinates":[[-63.5548,10.49439],[-63.5558,10.49482]]}},{"type":"Feature","id":"way/479032772","properties":{"name":"Calle R\u00f3mulo Gallegos","highway":"primary","ref":"R-3"},"geometry":{"type":"LineString","coordinates":[[-63.55436,10.49547],[-63.5548,10.49439]]}},{"type":"Feature","id":"way/479032774","properties":{"name":"Avenida Jos\u00e9 Francisco Berm\u00fadez","highway":"primary","ref":"R-3"},"geometry":{"type":"LineString","coordinates":[[-63.5548,10.49439],[-63.54759,10.49119]]}},{"type":"Feature","id":"way/479032779","properties":{"name":"Avenida Jos\u00e9 Francisco Berm\u00fadez","highway":"primary","ref":"R-3"},"geometry":{"type":"LineString","coordinates":[[-63.56017,10.49669],[-63.5558,10.49482]]}},{"type":"Feature","id":"way/479032783","properties":{"name":"Calle Antonio Jos\u00e9 de Sucre","highway":"primary","ref":"R-3"},"geometry":{"type":"LineString","coordinates":[[-63.54753,10.49134],[-63.55436,10.49547]]}},{"type":"Feature","id":"way/479032786","properties":{"name":"Avenida Jos\u00e9 Francisco Berm\u00fadez","highway":"primary","ref":"R-3"},"geometry":{"type":"LineString","coordinates":[[-63.5558,10.49482],[-63.56013,10.49676]]}},{"type":"Feature","id":"way/479362869","properties":{"name":"Carretera Regional R\u00edo Caribe - G\u00fciria","highway":"primary","ref":"L-3"},"geometry":{"type":"LineString","coordinates":[[-62.92803,10.59197],[-62.92984,10.59285],[-62.93027,10.5945],[-62.92775,10.59708],[-62.92692,10.60567],[-62.92464,10.61071],[-62.9275,10.61339],[-62.92766,10.61705],[-62.93033,10.6205],[-62.93323,10.62273],[-62.93657,10.62366],[-62.94027,10.62717],[-62.94748,10.62973],[-62.94918,10.63155],[-62.95871,10.63369],[-62.96303,10.63315],[-62.97234,10.63753],[-62.98333,10.63809],[-62.98516,10.63911],[-62.98691,10.64311],[-62.9933,10.64372],[-62.9924,10.64647],[-62.99528,10.64908],[-62.99657,10.65221],[-62.99937,10.65258],[-63.00261,10.65515],[-63.0098,10.65633],[-63.01211,10.65293],[-63.01477,10.65401],[-63.01754,10.65327],[-63.02079,10.65516],[-63.02145,10.65236],[-63.02514,10.65147],[-63.02767,10.65243],[-63.0301,10.65596],[-63.03549,10.65338],[-63.04043,10.65958],[-63.0478,10.65385],[-63.05023,10.65528],[-63.05663,10.65451],[-63.06017,10.65795],[-63.0678,10.65937],[-63.06813,10.66267],[-63.07017,10.66506],[-63.06864,10.66736],[-63.06759,10.66578],[-63.0668,10.67026],[-63.06543,10.67134],[-63.067,10.67194],[-63.06871,10.66989],[-63.06994,10.67553],[-63.07199,10.67626],[-63.07544,10.67973],[-63.07944,10.67769],[-63.08476,10.67755],[-63.08543,10.67856],[-63.08502,10.68232],[-63.08939,10.68528],[-63.0915,10.6887],[-63.09324,10.68937],[-63.0954,10.69654],[-63.10026,10.69796],[-63.10362,10.69569]]}},{"type":"Feature","id":"way/479366240","properties":{"name":"Distribuidor Cantarana","highway":"secondary"},"geometry":{"type":"LineString","coordinates":[[-64.14261,10.42016],[-64.14157,10.42169],[-64.13835,10.4233]]}},{"type":"Feature","id":"way/479366241","properties":{"name":"Avenida Antonio Jos\u00e9 de Sucre","highway":"trunk","ref":"T-9"},"geometry":{"type":"LineString","coordinates":[[-64.14498,10.41953],[-64.1386,10.42371]]}},{"type":"Feature","id":"way/479376123","properties":{"highway":"secondary"},"geometry":{"type":"LineString","coordinates":[[-64.25576,10.57236],[-64.25507,10.57404]]}},{"type":"Feature","id":"way/485713037","properties":{"name":"Avenida Libertad","highway":"secondary"},"geometry":{"type":"LineString","coordinates":[[-63.24726,10.67146],[-63.24731,10.67137]]}},{"type":"Feature","id":"way/485713038","properties":{"name":"Avenida Jos\u00e9 Francisco Berm\u00fadez","highway":"primary","ref":"L-3"},"geometry":{"type":"LineString","coordinates":[[-63.24731,10.67137],[-63.2457,10.67124]]}},{"type":"Feature","id":"way/485713042","properties":{"name":"Avenida Universidad","highway":"trunk","ref":"T-9"},"geometry":{"type":"LineString","coordinates":[[-63.25642,10.65751],[-63.25714,10.65806]]}},{"type":"Feature","id":"way/485713043","properties":{"name":"Avenida Universidad","highway":"trunk","ref":"T-9"},"geometry":{"type":"LineString","coordinates":[[-63.25714,10.65806],[-63.25812,10.65882]]}},{"type":"Feature","id":"way/485713045","properties":{"name":"Avenida Universidad","highway":"trunk","ref":"T-9"},"geometry":{"type":"LineString","coordinates":[[-63.25578,10.65611],[-63.25642,10.65751]]}},{"type":"Feature","id":"way/485713046","properties":{"name":"Avenida Universidad","highway":"trunk","ref":"T-9"},"geometry":{"type":"LineString","coordinates":[[-63.25733,10.65333],[-63.25733,10.65324]]}},{"type":"Feature","id":"way/485713054","properties":{"name":"Avenida Jos\u00e9 Francisco Berm\u00fadez","highway":"primary","ref":"L-3"},"geometry":{"type":"LineString","coordinates":[[-63.24565,10.67135],[-63.24687,10.67142]]}},{"type":"Feature","id":"way/485713057","properties":{"name":"Avenida Juncal","highway":"secondary"},"geometry":{"type":"LineString","coordinates":[[-63.24624,10.67053],[-63.2457,10.67124]]}},{"type":"Feature","id":"way/485713060","properties":{"name":"Avenida Universidad","highway":"trunk","ref":"T-9"},"geometry":{"type":"LineString","coordinates":[[-63.25666,10.6393],[-63.25643,10.64016]]}},{"type":"Feature","id":"way/485713061","properties":{"name":"Avenida Universidad","highway":"trunk","ref":"T-9"},"geometry":{"type":"LineString","coordinates":[[-63.25675,10.64033],[-63.2568,10.63986]]}},{"type":"Feature","id":"way/485747744","properties":{"name":"Avenida Jos\u00e9 Francisco Berm\u00fadez","highway":"trunk","ref":"T-9;L-3"},"geometry":{"type":"LineString","coordinates":[[-63.25743,10.66962],[-63.25724,10.66969]]}},{"type":"Feature","id":"way/485747745","properties":{"name":"Avenida Jos\u00e9 Francisco Berm\u00fadez","highway":"trunk","ref":"T-9;L-3"},"geometry":{"type":"LineString","coordinates":[[-63.25811,10.67013],[-63.25796,10.66981]]}},{"type":"Feature","id":"way/485747746","properties":{"name":"Avenida Jos\u00e9 Francisco Berm\u00fadez","highway":"trunk","ref":"T-9;L-3"},"geometry":{"type":"LineString","coordinates":[[-63.25669,10.6702],[-63.25781,10.67048]]}},{"type":"Feature","id":"way/485747747","properties":{"name":"Avenida Jos\u00e9 Francisco Berm\u00fadez","highway":"trunk","ref":"T-9;L-3"},"geometry":{"type":"LineString","coordinates":[[-63.25724,10.66969],[-63.25668,10.66987]]}},{"type":"Feature","id":"way/485747748","properties":{"name":"Avenida Universidad","highway":"trunk","ref":"T-9"},"geometry":{"type":"LineString","coordinates":[[-63.25836,10.65888],[-63.25818,10.65874]]}},{"type":"Feature","id":"way/485747768","properties":{"name":"Carretera Nacional Cuman\u00e1 - Car\u00fapano","highway":"trunk","ref":"T-9"},"geometry":{"type":"LineString","coordinates":[[-63.30003,10.66635],[-63.30177,10.66652],[-63.30377,10.66456],[-63.30729,10.66478],[-63.30924,10.6633],[-63.32094,10.66278],[-63.33606,10.66608],[-63.33725,10.66483],[-63.33845,10.65735],[-63.34011,10.65436],[-63.34838,10.6492],[-63.35156,10.64885]]}},{"type":"Feature","id":"way/485747783","properties":{"name":"Avenida Universidad","highway":"trunk","ref":"T-9;R-14"},"geometry":{"type":"LineString","coordinates":[[-63.25585,10.64216],[-63.25603,10.64172]]}},{"type":"Feature","id":"way/485747789","properties":{"name":"Avenida Universidad","highway":"trunk","ref":"T-9"},"geometry":{"type":"LineString","coordinates":[[-63.2562,10.64559],[-63.25617,10.64544]]}},{"type":"Feature","id":"way/485747790","properties":{"name":"Carretera Nacional Car\u00fapano - G\u00fciria","highway":"trunk","ref":"T-9"},"geometry":{"type":"LineString","coordinates":[[-63.25715,10.63019],[-63.25728,10.63005]]}},{"type":"Feature","id":"way/485747791","properties":{"name":"Avenida Universidad","highway":"trunk","ref":"T-9;R-14"},"geometry":{"type":"LineString","coordinates":[[-63.25643,10.64016],[-63.25635,10.64032]]}},{"type":"Feature","id":"way/485747792","properties":{"name":"Avenida Principal Nueva","highway":"trunk","ref":"T-9"},"geometry":{"type":"LineString","coordinates":[[-63.25551,10.64017],[-63.25594,10.64107]]}},{"type":"Feature","id":"way/485747793","properties":{"name":"Avenida Perimetral","highway":"secondary","ref":"R-14"},"geometry":{"type":"LineString","coordinates":[[-63.26184,10.64318],[-63.26094,10.64303]]}},{"type":"Feature","id":"way/485747798","properties":{"name":"Avenida Perimetral","highway":"secondary","ref":"R-14"},"geometry":{"type":"LineString","coordinates":[[-63.26256,10.64329],[-63.26184,10.64318]]}},{"type":"Feature","id":"way/485747819","properties":{"name":"Avenida Principal El Muco","highway":"tertiary","ref":"R-19"},"geometry":{"type":"LineString","coordinates":[[-63.26007,10.62912],[-63.26,10.62915]]}},{"type":"Feature","id":"way/485747824","properties":{"name":"Avenida Universidad","highway":"trunk","ref":"T-9;R-14"},"geometry":{"type":"LineString","coordinates":[[-63.25594,10.64107],[-63.25567,10.6417]]}},{"type":"Feature","id":"way/485747825","properties":{"name":"Avenida Jos\u00e9 Francisco Berm\u00fadez","highway":"primary","ref":"L-3"},"geometry":{"type":"LineString","coordinates":[[-63.24687,10.67142],[-63.24726,10.67146]]}},{"type":"Feature","id":"way/485747826","properties":{"name":"Avenida R\u00f3mulo Gallegos","highway":"primary","ref":"L-3"},"geometry":{"type":"LineString","coordinates":[[-63.23216,10.67392],[-63.23282,10.67235]]}},{"type":"Feature","id":"way/485747827","properties":{"name":"Avenida R\u00f3mulo Gallegos","highway":"primary","ref":"L-3"},"geometry":{"type":"LineString","coordinates":[[-63.23273,10.67229],[-63.23216,10.67392]]}},{"type":"Feature","id":"way/485747828","properties":{"name":"Avenida R\u00f3mulo Gallegos","highway":"primary","ref":"L-3"},"geometry":{"type":"LineString","coordinates":[[-63.24487,10.67101],[-63.24041,10.67424],[-63.23863,10.67376],[-63.23619,10.67084],[-63.23273,10.67229]]}},{"type":"Feature","id":"way/485747831","properties":{"name":"Avenida Macarapana","highway":"secondary"},"geometry":{"type":"LineString","coordinates":[[-63.22125,10.66511],[-63.21887,10.66431],[-63.21669,10.66207],[-63.21657,10.66065]]}},{"type":"Feature","id":"way/485747834","properties":{"name":"Avenida Prolongaci\u00f3n Perimetral Sur","highway":"secondary","ref":"R-14"},"geometry":{"type":"LineString","coordinates":[[-63.22161,10.66379],[-63.22124,10.66518]]}},{"type":"Feature","id":"way/485747837","properties":{"name":"Avenida Jos\u00e9 Francisco Berm\u00fadez","highway":"trunk","ref":"T-9"},"geometry":{"type":"LineString","coordinates":[[-63.25909,10.67084],[-63.26154,10.67182],[-63.26363,10.67153]]}},{"type":"Feature","id":"way/485747844","properties":{"name":"Avenida Principal de San Martin","highway":"secondary"},"geometry":{"type":"LineString","coordinates":[[-63.23735,10.66217],[-63.23538,10.65904]]}},{"type":"Feature","id":"way/485747845","properties":{"name":"Avenida Principal de San Martin","highway":"secondary"},"geometry":{"type":"LineString","coordinates":[[-63.23538,10.65904],[-63.23508,10.65881]]}},{"type":"Feature","id":"way/485747846","properties":{"name":"Avenida Universidad","highway":"trunk","ref":"T-9"},"geometry":{"type":"LineString","coordinates":[[-63.25722,10.65316],[-63.25578,10.65611]]}},{"type":"Feature","id":"way/485747858","properties":{"name":"Avenida Principal de San Martin","highway":"secondary"},"geometry":{"type":"LineString","coordinates":[[-63.24024,10.66586],[-63.23735,10.66217]]}},{"type":"Feature","id":"way/485747861","properties":{"name":"Avenida Universidad","highway":"trunk","ref":"T-9"},"geometry":{"type":"LineString","coordinates":[[-63.2572,10.65799],[-63.25646,10.65742]]}},{"type":"Feature","id":"way/485747862","properties":{"name":"Avenida Universidad","highway":"trunk","ref":"T-9"},"geometry":{"type":"LineString","coordinates":[[-63.25818,10.65874],[-63.2572,10.65799]]}},{"type":"Feature","id":"way/485747863","properties":{"name":"Avenida Universidad","highway":"trunk","ref":"T-9"},"geometry":{"type":"LineString","coordinates":[[-63.25812,10.65882],[-63.2582,10.65888]]}},{"type":"Feature","id":"way/485747865","properties":{"name":"Calle Urica","highway":"secondary"},"geometry":{"type":"LineString","coordinates":[[-63.24343,10.6677],[-63.24726,10.6692]]}},{"type":"Feature","id":"way/485747867","properties":{"name":"Calle Quebrada La Honda","highway":"secondary"},"geometry":{"type":"LineString","coordinates":[[-63.24837,10.66926],[-63.24762,10.66872]]}},{"type":"Feature","id":"way/485747868","properties":{"name":"El Valle","highway":"secondary"},"geometry":{"type":"LineString","coordinates":[[-63.24367,10.66671],[-63.24343,10.6677]]}},{"type":"Feature","id":"way/485747870","properties":{"name":"Avenida Jos\u00e9 Francisco Berm\u00fadez","highway":"trunk","ref":"T-9"},"geometry":{"type":"LineString","coordinates":[[-63.25853,10.67061],[-63.25811,10.67013]]}},{"type":"Feature","id":"way/485747871","properties":{"name":"Avenida Jos\u00e9 Francisco Berm\u00fadez","highway":"trunk","ref":"T-9"},"geometry":{"type":"LineString","coordinates":[[-63.25781,10.67048],[-63.25852,10.67067]]}},{"type":"Feature","id":"way/485747872","properties":{"name":"Avenida Jos\u00e9 Francisco Berm\u00fadez","highway":"primary","ref":"L-3"},"geometry":{"type":"LineString","coordinates":[[-63.24726,10.67146],[-63.25031,10.67155],[-63.25218,10.66987]]}},{"type":"Feature","id":"way/485747875","properties":{"name":"Avenida Universidad","highway":"trunk","ref":"T-9;R-14"},"geometry":{"type":"LineString","coordinates":[[-63.25567,10.6417],[-63.25548,10.64242]]}},{"type":"Feature","id":"way/485747876","properties":{"name":"Avenida Prolongaci\u00f3n Perimetral Sur","highway":"secondary","ref":"R-14"},"geometry":{"type":"LineString","coordinates":[[-63.22921,10.64758],[-63.23367,10.64874],[-63.24227,10.64845],[-63.24458,10.64591],[-63.24829,10.64492],[-63.24944,10.64309]]}},{"type":"Feature","id":"way/485747877","properties":{"name":"Carretera Nacional Car\u00fapano - G\u00fciria","highway":"trunk","ref":"T-9"},"geometry":{"type":"LineString","coordinates":[[-63.25622,10.6251],[-63.25619,10.62498]]}},{"type":"Feature","id":"way/485747878","properties":{"name":"Carretera Nacional Car\u00fapano - G\u00fciria","highway":"trunk","ref":"T-9"},"geometry":{"type":"LineString","coordinates":[[-63.25739,10.6298],[-63.25622,10.6251]]}},{"type":"Feature","id":"way/485747879","properties":{"name":"Carretera Nacional Car\u00fapano - G\u00fciria","highway":"trunk","ref":"T-9"},"geometry":{"type":"LineString","coordinates":[[-63.25619,10.62498],[-63.25614,10.61681],[-63.25443,10.61327]]}},{"type":"Feature","id":"way/485747885","properties":{"name":"Avenida Jos\u00e9 Francisco Berm\u00fadez","highway":"trunk","ref":"T-9;L-3"},"geometry":{"type":"LineString","coordinates":[[-63.25796,10.66981],[-63.25743,10.66962]]}},{"type":"Feature","id":"way/488532438","properties":{"name":"Carretera Nacional Cuman\u00e1 - Car\u00fapano","highway":"trunk","ref":"T-9"},"geometry":{"type":"LineString","coordinates":[[-63.35156,10.64885],[-63.36781,10.65055],[-63.37427,10.65034],[-63.37796,10.65312],[-63.38211,10.65364],[-63.38564,10.65602],[-63.39235,10.66431]]}},{"type":"Feature","id":"way/488532446","properties":{"name":"Carretera Nacional Cuman\u00e1 - Car\u00fapano","highway":"trunk","ref":"T-9"},"geometry":{"type":"LineString","coordinates":[[-63.40589,10.66297],[-63.42824,10.64421],[-63.43299,10.64432],[-63.43926,10.64684],[-63.44151,10.64666]]}},{"type":"Feature","id":"way/499743640","properties":{"highway":"primary","ref":"L-3"},"geometry":{"type":"LineString","coordinates":[[-63.11014,10.69779],[-63.10362,10.69569]]}},{"type":"Feature","id":"way/514006919","properties":{"name":"V\u00eda a Tunapuicito","highway":"tertiary"},"geometry":{"type":"LineString","coordinates":[[-63.13499,10.56567],[-63.13739,10.57034]]}},{"type":"Feature","id":"way/514568354","properties":{"name":"Avenida Berm\u00fadez","highway":"primary","ref":"L-3"},"geometry":{"type":"LineString","coordinates":[[-63.1104,10.69707],[-63.11359,10.70011]]}},{"type":"Feature","id":"way/514568396","properties":{"name":"Calle Zea","highway":"primary","ref":"L-3"},"geometry":{"type":"LineString","coordinates":[[-63.10362,10.69569],[-63.11076,10.69872],[-63.11412,10.70138]]}},{"type":"Feature","id":"way/514568470","properties":{"highway":"tertiary"},"geometry":{"type":"LineString","coordinates":[[-63.11079,10.69179],[-63.11055,10.69188]]}},{"type":"Feature","id":"way/530025622","properties":{"name":"Avenida Berm\u00fadez","highway":"tertiary"},"geometry":{"type":"LineString","coordinates":[[-64.1863,10.46249],[-64.17633,10.46333]]}},{"type":"Feature","id":"way/530025623","properties":{"name":"Avenida Ar\u00edstides Rojas","highway":"primary","ref":"T-9"},"geometry":{"type":"LineString","coordinates":[[-64.1863,10.46249],[-64.18585,10.45744]]}},{"type":"Feature","id":"way/531451411","properties":{"name":"Carretera Nacional Cuman\u00e1 - Car\u00fapano","highway":"trunk","ref":"T-9"},"geometry":{"type":"LineString","coordinates":[[-63.5491,10.48619],[-63.5505,10.48081],[-63.55507,10.47927],[-63.55803,10.47946],[-63.56176,10.48237],[-63.56479,10.48317],[-63.57277,10.48215],[-63.58607,10.48314],[-63.58948,10.48189],[-63.59552,10.48175],[-63.61528,10.48301],[-63.63055,10.47991],[-63.63797,10.47722],[-63.64975,10.47709],[-63.65694,10.47564]]}},{"type":"Feature","id":"way/531734704","properties":{"name":"Carretera Nacional Cuman\u00e1 - Car\u00fapano","highway":"trunk","ref":"T-9"},"geometry":{"type":"LineString","coordinates":[[-63.90599,10.44407],[-63.90811,10.44515],[-63.9109,10.44888],[-63.91764,10.44791],[-63.92253,10.44901],[-63.92444,10.45039],[-63.92762,10.44974],[-63.92987,10.44796],[-63.93261,10.44879],[-63.9376,10.44652],[-63.93959,10.4472],[-63.94232,10.44611],[-63.94292,10.44684],[-63.94133,10.45054],[-63.94377,10.45147],[-63.94678,10.45025],[-63.94773,10.4527],[-63.94914,10.45118],[-63.95728,10.44832],[-63.96271,10.44819],[-63.96501,10.44593],[-63.96959,10.44441],[-63.97013,10.44242],[-63.97196,10.44134],[-63.97377,10.44238],[-63.97652,10.44143],[-63.97886,10.44324],[-63.98198,10.44247],[-63.98335,10.44098],[-63.9866,10.44207],[-63.98743,10.44418],[-63.99129,10.44457],[-63.9946,10.44233],[-63.99879,10.44165],[-64.00377,10.444],[-64.00981,10.44265],[-64.0133,10.43918],[-64.01634,10.44092],[-64.01984,10.44044],[-64.02083,10.43699],[-64.02493,10.43471],[-64.02802,10.43573],[-64.02835,10.43878],[-64.02994,10.4407],[-64.03876,10.4384],[-64.04107,10.43912],[-64.0464,10.43831],[-64.04987,10.44073],[-64.05612,10.43997],[-64.06049,10.44214],[-64.06298,10.44202],[-64.07769,10.44581]]}},{"type":"Feature","id":"way/531739925","properties":{"name":"Avenida Car\u00fapano","highway":"trunk","ref":"T-9"},"geometry":{"type":"LineString","coordinates":[[-64.11327,10.45524],[-64.11273,10.45465]]}},{"type":"Feature","id":"way/531743600","properties":{"name":"Calle Bol\u00edvar","highway":"secondary","ref":"R-18;R-21"},"geometry":{"type":"LineString","coordinates":[[-63.91873,10.25061],[-63.91483,10.25103]]}},{"type":"Feature","id":"way/531743601","properties":{"name":"Carretera Nacional Cuman\u00e1 - Matur\u00edn","highway":"trunk","ref":"L-1"},"geometry":{"type":"LineString","coordinates":[[-63.91861,10.24975],[-63.91873,10.25061]]}},{"type":"Feature","id":"way/531743602","properties":{"name":"Calle Bol\u00edvar","highway":"secondary","ref":"R-18;R-21"},"geometry":{"type":"LineString","coordinates":[[-63.91387,10.25091],[-63.91418,10.25096]]}},{"type":"Feature","id":"way/533605330","properties":{"name":"Carretera Nacional Car\u00fapano - G\u00fciria","highway":"trunk","ref":"T-9"},"geometry":{"type":"LineString","coordinates":[[-62.64722,10.60113],[-62.65259,10.60295],[-62.65526,10.6022],[-62.65872,10.60343],[-62.65909,10.60748],[-62.66377,10.60954],[-62.66703,10.61425],[-62.67398,10.6168],[-62.68073,10.62078],[-62.68256,10.62372],[-62.68361,10.62869],[-62.68491,10.63009],[-62.69564,10.62931],[-62.6995,10.62728],[-62.70721,10.62689],[-62.71799,10.62192],[-62.72573,10.61682],[-62.73771,10.61435],[-62.74291,10.61427],[-62.75671,10.61108],[-62.76568,10.60734],[-62.77889,10.6093],[-62.79178,10.60613],[-62.79506,10.60252],[-62.80338,10.60008],[-62.80679,10.59641],[-62.81113,10.5951],[-62.81432,10.5924],[-62.81572,10.58895],[-62.81883,10.58628],[-62.82441,10.57855],[-62.82562,10.57361],[-62.83262,10.57302]]}},{"type":"Feature","id":"way/550251309","properties":{"name":"V\u00eda a Manzanillo","highway":"tertiary"},"geometry":{"type":"LineString","coordinates":[[-63.53827,10.58978],[-63.53204,10.59307],[-63.52904,10.59324],[-63.52133,10.58829]]}},{"type":"Feature","id":"way/560701314","properties":{"name":"Avenida Car\u00fapano","highway":"primary","ref":"T-9"},"geometry":{"type":"LineString","coordinates":[[-64.11504,10.45731],[-64.11327,10.45524]]}},{"type":"Feature","id":"way/560701315","properties":{"name":"Avenida Antonio Jos\u00e9 de Sucre","highway":"trunk","ref":"T-9"},"geometry":{"type":"LineString","coordinates":[[-64.11628,10.45506],[-64.12524,10.45026],[-64.12754,10.44803],[-64.12928,10.44164],[-64.12803,10.43437],[-64.12874,10.43071],[-64.13244,10.42621],[-64.13856,10.42388]]}},{"type":"Feature","id":"way/560701316","properties":{"name":"Distribuidor El Pe\u00f1\u00f3n","highway":"trunk_link"},"geometry":{"type":"LineString","coordinates":[[-64.11616,10.455],[-64.11411,10.45608]]}},{"type":"Feature","id":"way/560713358","properties":{"name":"Distribuidor San Luis","highway":"trunk_link"},"geometry":{"type":"LineString","coordinates":[[-64.21451,10.41518],[-64.21439,10.41597]]}},{"type":"Feature","id":"way/560713359","properties":{"name":"Distribuidor San Luis","highway":"trunk_link"},"geometry":{"type":"LineString","coordinates":[[-64.21447,10.41503],[-64.21669,10.41356]]}},{"type":"Feature","id":"way/560794890","properties":{"name":"Calle Mari\u00f1o","highway":"tertiary"},"geometry":{"type":"LineString","coordinates":[[-64.1827,10.46356],[-64.18625,10.46332]]}},{"type":"Feature","id":"way/566331753","properties":{"name":"V\u00eda a Cancamure","highway":"secondary"},"geometry":{"type":"LineString","coordinates":[[-64.20679,10.32432],[-64.20461,10.32823],[-64.20088,10.33009],[-64.18508,10.34577],[-64.18461,10.34913],[-64.18081,10.35449],[-64.18086,10.35881],[-64.18414,10.36285]]}},{"type":"Feature","id":"way/567444386","properties":{"name":"Calle Mohedano","highway":"tertiary"},"geometry":{"type":"LineString","coordinates":[[-63.92303,10.24871],[-63.91854,10.24874]]}},{"type":"Feature","id":"way/567444387","properties":{"name":"Calle Mohedano","highway":"tertiary"},"geometry":{"type":"LineString","coordinates":[[-63.93198,10.24358],[-63.92548,10.24862],[-63.92303,10.24871]]}},{"type":"Feature","id":"way/567444391","properties":{"highway":"tertiary"},"geometry":{"type":"LineString","coordinates":[[-63.92765,10.23881],[-63.9274,10.23884]]}},{"type":"Feature","id":"way/567444393","properties":{"highway":"tertiary"},"geometry":{"type":"LineString","coordinates":[[-63.9274,10.23884],[-63.91708,10.23778]]}},{"type":"Feature","id":"way/567444400","properties":{"name":"Carretera Cumanacoa - Santa Mar\u00eda","highway":"tertiary","ref":"R-9"},"geometry":{"type":"LineString","coordinates":[[-63.59548,10.2894],[-63.59665,10.29534],[-63.60123,10.30413],[-63.60894,10.30813],[-63.61086,10.30796],[-63.61422,10.30982],[-63.61597,10.30661],[-63.61906,10.30608],[-63.62331,10.309],[-63.62757,10.30388]]}},{"type":"Feature","id":"way/567444401","properties":{"name":"Carretera Cumanacoa - Santa Mar\u00eda","highway":"tertiary","ref":"R-9"},"geometry":{"type":"LineString","coordinates":[[-63.62757,10.30388],[-63.62993,10.3189],[-63.63886,10.31694],[-63.64343,10.31248],[-63.64832,10.31202],[-63.64958,10.30923],[-63.6547,10.3073]]}},{"type":"Feature","id":"way/567446362","properties":{"name":"Carretera Manicuare - Merito","highway":"tertiary"},"geometry":{"type":"LineString","coordinates":[[-64.13629,10.57814],[-64.1399,10.57587],[-64.14483,10.57612]]}},{"type":"Feature","id":"way/567446363","properties":{"highway":"secondary"},"geometry":{"type":"LineString","coordinates":[[-64.25614,10.57691],[-64.26086,10.58225],[-64.26112,10.58361]]}},{"type":"Feature","id":"way/569040059","properties":{"name":"Carretera Regional Casanay - El Pilar","highway":"primary","ref":"L-5"},"geometry":{"type":"LineString","coordinates":[[-63.39269,10.513],[-63.39658,10.5154],[-63.41883,10.51969],[-63.42168,10.52348],[-63.42799,10.52474]]}},{"type":"Feature","id":"way/569040063","properties":{"name":"Carretera Regional Casanay - El Pilar","highway":"primary","ref":"L-5"},"geometry":{"type":"LineString","coordinates":[[-63.15613,10.54582],[-63.15837,10.54164],[-63.15826,10.53786],[-63.16065,10.53228],[-63.16266,10.53092],[-63.16476,10.53083],[-63.16659,10.52622],[-63.17201,10.52208],[-63.16942,10.51978],[-63.16817,10.51572],[-63.1681,10.51107],[-63.16612,10.50519],[-63.16692,10.50158],[-63.16571,10.49967],[-63.16646,10.49718],[-63.17199,10.49663],[-63.17231,10.49236],[-63.17635,10.48754],[-63.17533,10.4855],[-63.17776,10.48328],[-63.18212,10.48115],[-63.19129,10.48105],[-63.19448,10.47936],[-63.19405,10.48028],[-63.19676,10.485],[-63.19813,10.49012],[-63.19913,10.48825],[-63.20301,10.48871],[-63.20799,10.48117],[-63.21015,10.48135],[-63.22115,10.47249],[-63.22871,10.46906],[-63.23024,10.46597],[-63.23786,10.46594],[-63.24077,10.46419],[-63.24471,10.46381],[-63.24663,10.4651],[-63.25595,10.46382],[-63.25976,10.46524],[-63.26224,10.4639],[-63.26393,10.46047],[-63.26687,10.45895],[-63.27058,10.45477],[-63.2778,10.45132],[-63.28539,10.45248],[-63.28673,10.45172],[-63.28843,10.4542],[-63.29176,10.45369],[-63.29261,10.45466],[-63.29166,10.45539],[-63.29358,10.4575],[-63.2987,10.46055],[-63.30099,10.46064],[-63.30247,10.46273],[-63.30251,10.46386],[-63.30054,10.46517],[-63.30075,10.46755],[-63.30749,10.46743],[-63.31214,10.46387],[-63.31374,10.46421],[-63.31598,10.46666],[-63.31895,10.46652],[-63.32091,10.47443],[-63.32515,10.47795],[-63.32607,10.48058],[-63.32773,10.48198],[-63.32605,10.48673],[-63.32275,10.48991],[-63.32793,10.49688],[-63.32822,10.50166],[-63.32678,10.50604],[-63.32863,10.50892],[-63.3333,10.50986],[-63.34046,10.51543],[-63.34772,10.51664],[-63.35609,10.51503],[-63.37158,10.51432],[-63.37897,10.51549],[-63.38307,10.51479]]}},{"type":"Feature","id":"way/569040087","properties":{"highway":"primary","ref":"L-5"},"geometry":{"type":"LineString","coordinates":[[-63.16466,10.55798],[-63.15824,10.55605],[-63.15684,10.55468],[-63.15557,10.54983]]}},{"type":"Feature","id":"way/569040089","properties":{"name":"Carretera Nacional Car\u00fapano - G\u00fciria","highway":"trunk","ref":"T-9"},"geometry":{"type":"LineString","coordinates":[[-62.92803,10.59197],[-62.93077,10.59088],[-62.93774,10.59086],[-62.94812,10.58833],[-62.95317,10.58856],[-62.963,10.58563],[-62.96834,10.58529],[-62.97523,10.58135],[-62.9801,10.5816],[-62.99478,10.57979],[-63.00567,10.58027],[-63.00831,10.58193],[-63.01143,10.57953],[-63.01414,10.58056],[-63.01873,10.58006],[-63.02645,10.58129],[-63.03896,10.58048],[-63.05698,10.58215],[-63.06269,10.58058],[-63.06927,10.58094],[-63.07394,10.57995],[-63.07852,10.57699],[-63.08199,10.57618],[-63.08725,10.57751],[-63.09708,10.57455],[-63.10232,10.57537]]}},{"type":"Feature","id":"way/569042568","properties":{"name":"Avenida Principal de La Llanada","highway":"secondary"},"geometry":{"type":"LineString","coordinates":[[-64.17896,10.4396],[-64.17879,10.43731],[-64.18093,10.43504],[-64.1868,10.41785]]}},{"type":"Feature","id":"way/569042569","properties":{"name":"Avenida Las Industrias","highway":"tertiary"},"geometry":{"type":"LineString","coordinates":[[-64.17896,10.43968],[-64.17928,10.43989]]}},{"type":"Feature","id":"way/569042570","properties":{"name":"Avenida Principal de La Llanada","highway":"secondary"},"geometry":{"type":"LineString","coordinates":[[-64.17885,10.43955],[-64.17885,10.43964]]}},{"type":"Feature","id":"way/581367404","properties":{"name":"V\u00eda a La Ceiba","highway":"tertiary","ref":"R-18"},"geometry":{"type":"LineString","coordinates":[[-63.62369,10.42193],[-63.63065,10.42253],[-63.63376,10.41853],[-63.63522,10.41883],[-63.63819,10.41686],[-63.63905,10.41793],[-63.64087,10.41797],[-63.64724,10.41637],[-63.6501,10.41289],[-63.65314,10.41356],[-63.65943,10.41212],[-63.66243,10.40926],[-63.66995,10.40579],[-63.67347,10.40226],[-63.67694,10.40245],[-63.67662,10.40066],[-63.678,10.39888],[-63.67821,10.39406],[-63.67936,10.39149],[-63.68706,10.38555],[-63.68621,10.3828],[-63.68805,10.38018],[-63.69129,10.37832]]}},{"type":"Feature","id":"way/581372315","properties":{"name":"Eje Rural de Cascajal","highway":"tertiary","ref":"R-18"},"geometry":{"type":"LineString","coordinates":[[-63.69129,10.37832],[-63.69329,10.38125],[-63.69739,10.38051],[-63.70295,10.38101],[-63.70969,10.37892],[-63.71087,10.3773],[-63.71453,10.37598],[-63.71522,10.3742],[-63.71837,10.37213],[-63.72155,10.37511],[-63.72666,10.3751],[-63.72823,10.37635],[-63.72999,10.37366],[-63.73641,10.36916],[-63.73769,10.36721],[-63.74131,10.36627]]}},{"type":"Feature","id":"way/581373869","properties":{"name":"Eje Rural de Cascajal","highway":"tertiary","ref":"R-18"},"geometry":{"type":"LineString","coordinates":[[-63.74131,10.36627],[-63.74707,10.36741],[-63.7509,10.36978],[-63.7525,10.36982],[-63.75413,10.37203]]}},{"type":"Feature","id":"way/581382879","properties":{"name":"Eje Rural de Limonal","highway":"tertiary","ref":"R-18"},"geometry":{"type":"LineString","coordinates":[[-63.78791,10.37965],[-63.78816,10.37551],[-63.78382,10.37206],[-63.78341,10.37034],[-63.78177,10.36983],[-63.78199,10.36746],[-63.77966,10.36296],[-63.78021,10.35987],[-63.77796,10.35818],[-63.77674,10.35877],[-63.77648,10.36296],[-63.7713,10.36547],[-63.76931,10.36511],[-63.76793,10.36304],[-63.76161,10.36548],[-63.75847,10.36524],[-63.75413,10.37203]]}},{"type":"Feature","id":"way/587204867","properties":{"highway":"tertiary"},"geometry":{"type":"LineString","coordinates":[[-64.15131,10.42231],[-64.15121,10.42236]]}},{"type":"Feature","id":"way/587204877","properties":{"highway":"tertiary"},"geometry":{"type":"LineString","coordinates":[[-64.15121,10.42236],[-64.16052,10.4243],[-64.16589,10.42661],[-64.16752,10.42585]]}},{"type":"Feature","id":"way/587204881","properties":{"highway":"tertiary"},"geometry":{"type":"LineString","coordinates":[[-64.15121,10.42236],[-64.14754,10.42496]]}},{"type":"Feature","id":"way/587204884","properties":{"highway":"tertiary"},"geometry":{"type":"LineString","coordinates":[[-64.18143,10.42445],[-64.18064,10.42535]]}},{"type":"Feature","id":"way/587204886","properties":{"highway":"tertiary"},"geometry":{"type":"LineString","coordinates":[[-64.18064,10.42535],[-64.18014,10.42497]]}},{"type":"Feature","id":"way/587204896","properties":{"highway":"tertiary"},"geometry":{"type":"LineString","coordinates":[[-64.17792,10.42725],[-64.17561,10.43005]]}},{"type":"Feature","id":"way/587204899","properties":{"highway":"tertiary"},"geometry":{"type":"LineString","coordinates":[[-64.17561,10.43005],[-64.17735,10.43521],[-64.17844,10.43538]]}},{"type":"Feature","id":"way/587204905","properties":{"highway":"tertiary"},"geometry":{"type":"LineString","coordinates":[[-64.17561,10.43005],[-64.17487,10.43135]]}},{"type":"Feature","id":"way/587204908","properties":{"highway":"tertiary"},"geometry":{"type":"LineString","coordinates":[[-64.17844,10.43538],[-64.17838,10.43955]]}},{"type":"Feature","id":"way/587204919","properties":{"name":"Avenida Bolivariana","highway":"tertiary"},"geometry":{"type":"LineString","coordinates":[[-64.17258,10.44086],[-64.17401,10.4484]]}},{"type":"Feature","id":"way/587204935","properties":{"name":"Elevado de El Indio","highway":"primary"},"geometry":{"type":"LineString","coordinates":[[-64.18355,10.45195],[-64.18298,10.4515]]}},{"type":"Feature","id":"way/587204936","properties":{"name":"Avenida Ar\u00edstides Rojas","highway":"primary","ref":"T-9"},"geometry":{"type":"LineString","coordinates":[[-64.18389,10.45238],[-64.18575,10.45738]]}},{"type":"Feature","id":"way/587204937","properties":{"name":"Avenida Arismendi","highway":"primary"},"geometry":{"type":"LineString","coordinates":[[-64.17885,10.45755],[-64.18266,10.45178]]}},{"type":"Feature","id":"way/587204938","properties":{"name":"Avenida G\u00f3mez Rubio","highway":"primary"},"geometry":{"type":"LineString","coordinates":[[-64.17885,10.45755],[-64.17751,10.457],[-64.17463,10.45798]]}},{"type":"Feature","id":"way/587204940","properties":{"name":"Retorno","highway":"primary_link","ref":"L-1"},"geometry":{"type":"LineString","coordinates":[[-64.17146,10.45698],[-64.17154,10.45659]]}},{"type":"Feature","id":"way/587204941","properties":{"name":"Retorno","highway":"primary_link","ref":"L-1"},"geometry":{"type":"LineString","coordinates":[[-64.17206,10.45676],[-64.17192,10.45711]]}},{"type":"Feature","id":"way/587204943","properties":{"name":"Avenida Ar\u00edstides Rojas","highway":"primary","ref":"T-9"},"geometry":{"type":"LineString","coordinates":[[-64.18585,10.45744],[-64.18585,10.45737]]}},{"type":"Feature","id":"way/593533077","properties":{"name":"V\u00eda a Guariqu\u00e9n","highway":"tertiary"},"geometry":{"type":"LineString","coordinates":[[-63.14131,10.3668],[-63.14234,10.36778],[-63.14234,10.36951],[-63.14403,10.36962],[-63.1445,10.37158],[-63.14312,10.37079],[-63.1429,10.37324],[-63.14043,10.37725],[-63.13973,10.38396],[-63.13185,10.38973],[-63.12801,10.39733],[-63.12417,10.40122],[-63.11866,10.41149],[-63.11145,10.42064],[-63.11143,10.43502],[-63.11274,10.43804],[-63.11372,10.44544],[-63.11211,10.44983],[-63.11312,10.45519],[-63.1056,10.46741],[-63.10534,10.47256],[-63.1046,10.47329]]}},{"type":"Feature","id":"way/593540136","properties":{"name":"Carretera El Pilar - Aj\u00edes","highway":"secondary"},"geometry":{"type":"LineString","coordinates":[[-63.12068,10.49449],[-63.11464,10.4927]]}},{"type":"Feature","id":"way/596083396","properties":{"name":"Avenida Cancamure","highway":"secondary"},"geometry":{"type":"LineString","coordinates":[[-64.14761,10.42492],[-64.14505,10.41965]]}},{"type":"Feature","id":"way/596083397","properties":{"name":"Avenida Principal de Cantarrana","highway":"primary","ref":"L-1"},"geometry":{"type":"LineString","coordinates":[[-64.13672,10.42399],[-64.13678,10.42414]]}},{"type":"Feature","id":"way/596083398","properties":{"name":"Avenida Principal de Cantarrana","highway":"primary","ref":"L-1"},"geometry":{"type":"LineString","coordinates":[[-64.13678,10.42414],[-64.13694,10.42456]]}},{"type":"Feature","id":"way/596083399","properties":{"name":"Avenida Principal de Cantarrana","highway":"primary","ref":"L-1"},"geometry":{"type":"LineString","coordinates":[[-64.13694,10.42456],[-64.14198,10.43718],[-64.14956,10.4438]]}},{"type":"Feature","id":"way/602227885","properties":{"name":"V\u00eda a Pantanillo","highway":"tertiary"},"geometry":{"type":"LineString","coordinates":[[-64.13632,10.42124],[-64.1319,10.42291],[-64.13119,10.4248],[-64.12797,10.42773],[-64.11357,10.42648],[-64.11145,10.42233],[-64.11227,10.41879],[-64.11627,10.4146],[-64.11644,10.41138],[-64.11459,10.40624]]}},{"type":"Feature","id":"way/614080480","properties":{"name":"V\u00eda a San Juan de Unare","highway":"secondary"},"geometry":{"type":"LineString","coordinates":[[-62.73962,10.74542],[-62.74017,10.74539]]}},{"type":"Feature","id":"way/614085132","properties":{"name":"V\u00eda a San Juan de Las Galdonas","highway":"secondary"},"geometry":{"type":"LineString","coordinates":[[-62.88802,10.68369],[-62.88594,10.68481],[-62.88512,10.68377],[-62.88323,10.68359],[-62.88132,10.68545],[-62.87535,10.6848],[-62.87237,10.68686]]}},{"type":"Feature","id":"way/614085134","properties":{"name":"V\u00eda a San Juan de Las Galdonas","highway":"secondary"},"geometry":{"type":"LineString","coordinates":[[-62.95463,10.66856],[-62.9539,10.67104],[-62.9555,10.67683],[-62.95307,10.67599],[-62.95126,10.67844],[-62.94503,10.67637],[-62.94375,10.67797],[-62.94225,10.67817],[-62.94191,10.6794],[-62.9388,10.67905],[-62.93327,10.68078],[-62.93194,10.67951],[-62.93055,10.68141],[-62.92808,10.67972],[-62.92701,10.68214],[-62.92447,10.68116],[-62.92397,10.68275],[-62.92296,10.68236],[-62.92181,10.68353],[-62.91964,10.68167],[-62.91825,10.68381],[-62.91695,10.68209],[-62.9139,10.68138],[-62.91245,10.68267],[-62.91081,10.68141],[-62.90702,10.68253],[-62.90321,10.68115],[-62.90091,10.68228],[-62.90089,10.68335],[-62.89925,10.68288],[-62.89721,10.68378],[-62.89597,10.68645],[-62.89193,10.6837],[-62.88802,10.68369]]}},{"type":"Feature","id":"way/614088177","properties":{"name":"V\u00eda a San Juan de Las Galdonas","highway":"secondary"},"geometry":{"type":"LineString","coordinates":[[-62.95577,10.66176],[-62.95439,10.66554],[-62.95463,10.66856]]}},{"type":"Feature","id":"way/624140373","properties":{"name":"Retorno de El Pe\u00f1\u00f3n","highway":"trunk_link","ref":"T-9"},"geometry":{"type":"LineString","coordinates":[[-64.09992,10.44953],[-64.09987,10.44984]]}},{"type":"Feature","id":"way/627143225","properties":{"name":"Avenida Berm\u00fadez","highway":"primary","ref":"L-3"},"geometry":{"type":"LineString","coordinates":[[-63.11457,10.70103],[-63.11359,10.70011]]}},{"type":"Feature","id":"way/627143226","properties":{"highway":"primary","ref":"L-3"},"geometry":{"type":"LineString","coordinates":[[-63.11014,10.69779],[-63.11047,10.69679]]}},{"type":"Feature","id":"way/627143231","properties":{"highway":"tertiary"},"geometry":{"type":"LineString","coordinates":[[-63.11089,10.69183],[-63.11079,10.69179]]}},{"type":"Feature","id":"way/627143232","properties":{"highway":"tertiary"},"geometry":{"type":"LineString","coordinates":[[-63.10904,10.69743],[-63.11089,10.69183]]}},{"type":"Feature","id":"way/633114177","properties":{"name":"Prolongaci\u00f3n Avenida Rotaria","highway":"secondary"},"geometry":{"type":"LineString","coordinates":[[-64.16031,10.43811],[-64.15572,10.44069],[-64.15422,10.44338]]}},{"type":"Feature","id":"way/633114178","properties":{"name":"Prolongaci\u00f3n Avenida Rotaria","highway":"secondary"},"geometry":{"type":"LineString","coordinates":[[-64.1543,10.44347],[-64.15573,10.44084],[-64.1604,10.43823]]}},{"type":"Feature","id":"way/633114179","properties":{"highway":"primary_link"},"geometry":{"type":"LineString","coordinates":[[-64.15152,10.44538],[-64.15156,10.44508]]}},{"type":"Feature","id":"way/633114180","properties":{"highway":"primary_link","ref":"L-1"},"geometry":{"type":"LineString","coordinates":[[-64.15159,10.44494],[-64.15101,10.44493]]}},{"type":"Feature","id":"way/633114181","properties":{"name":"Prolongaci\u00f3n Avenida Rotaria","highway":"secondary"},"geometry":{"type":"LineString","coordinates":[[-64.15133,10.44522],[-64.15382,10.44393]]}},{"type":"Feature","id":"way/633114182","properties":{"name":"Prolongaci\u00f3n Avenida Rotaria","highway":"secondary"},"geometry":{"type":"LineString","coordinates":[[-64.15372,10.44386],[-64.15124,10.44514]]}},{"type":"Feature","id":"way/633114183","properties":{"name":"Prolongaci\u00f3n Avenida Rotaria","highway":"secondary"},"geometry":{"type":"LineString","coordinates":[[-64.15422,10.44338],[-64.15372,10.44386]]}},{"type":"Feature","id":"way/633114184","properties":{"name":"Prolongaci\u00f3n Avenida Rotaria","highway":"secondary"},"geometry":{"type":"LineString","coordinates":[[-64.15382,10.44393],[-64.1543,10.44347]]}},{"type":"Feature","id":"way/660047148","properties":{"name":"Avenida Bolivariana","highway":"tertiary"},"geometry":{"type":"LineString","coordinates":[[-64.17407,10.44846],[-64.17266,10.44085]]}},{"type":"Feature","id":"way/681239001","properties":{"name":"V\u00eda a Cancamure","highway":"secondary"},"geometry":{"type":"LineString","coordinates":[[-64.14375,10.41829],[-64.14381,10.41839]]}},{"type":"Feature","id":"way/681239004","properties":{"name":"Distribuidor Cantarana","highway":"secondary"},"geometry":{"type":"LineString","coordinates":[[-64.14367,10.41845],[-64.14319,10.41926]]}},{"type":"Feature","id":"way/686638243","properties":{"highway":"tertiary","ref":"R-4"},"geometry":{"type":"LineString","coordinates":[[-63.32827,10.59728],[-63.3285,10.5976]]}},{"type":"Feature","id":"way/686638244","properties":{"highway":"tertiary","ref":"R-4"},"geometry":{"type":"LineString","coordinates":[[-63.32853,10.60219],[-63.32835,10.60242]]}},{"type":"Feature","id":"way/686638245","properties":{"highway":"tertiary"},"geometry":{"type":"LineString","coordinates":[[-63.30644,10.60944],[-63.30552,10.60802],[-63.30379,10.60815]]}},{"type":"Feature","id":"way/686638249","properties":{"name":"Avenida Macarapana","highway":"secondary","ref":"R-14"},"geometry":{"type":"LineString","coordinates":[[-63.23286,10.6723],[-63.23276,10.67223]]}},{"type":"Feature","id":"way/686638251","properties":{"name":"Avenida Macarapana","highway":"secondary","ref":"R-14"},"geometry":{"type":"LineString","coordinates":[[-63.22124,10.66518],[-63.22632,10.66691],[-63.23273,10.67229]]}},{"type":"Feature","id":"way/686638253","properties":{"name":"Avenida Macarapana","highway":"secondary","ref":"R-14"},"geometry":{"type":"LineString","coordinates":[[-63.23276,10.67223],[-63.22623,10.66676],[-63.22125,10.66511]]}},{"type":"Feature","id":"way/755562412","properties":{"name":"Calle Quebrada La Honda","highway":"secondary"},"geometry":{"type":"LineString","coordinates":[[-63.24464,10.66689],[-63.24367,10.66671]]}},{"type":"Feature","id":"way/758791923","properties":{"name":"Avenida Perimetral","highway":"primary","ref":"T-9"},"geometry":{"type":"LineString","coordinates":[[-64.17629,10.47884],[-64.17396,10.47946],[-64.16819,10.47828]]}},{"type":"Feature","id":"way/758791924","properties":{"name":"Avenida Perimetral","highway":"primary","ref":"T-9"},"geometry":{"type":"LineString","coordinates":[[-64.17642,10.47877],[-64.17629,10.47884]]}},{"type":"Feature","id":"way/758791925","properties":{"name":"Avenida Perimetral","highway":"primary","ref":"T-9"},"geometry":{"type":"LineString","coordinates":[[-64.17672,10.47904],[-64.18468,10.47598],[-64.1869,10.47242]]}},{"type":"Feature","id":"way/758791926","properties":{"name":"Avenida Perimetral","highway":"primary","ref":"T-9"},"geometry":{"type":"LineString","coordinates":[[-64.17657,10.47912],[-64.17672,10.47904]]}},{"type":"Feature","id":"way/758792303","properties":{"name":"Calle Mari\u00f1o","highway":"tertiary"},"geometry":{"type":"LineString","coordinates":[[-64.18625,10.46332],[-64.18637,10.46331]]}},{"type":"Feature","id":"way/762076088","properties":{"name":"Avenida Principal de Cantarrana","highway":"primary","ref":"L-1"},"geometry":{"type":"LineString","coordinates":[[-64.15124,10.44514],[-64.14956,10.4438]]}},{"type":"Feature","id":"way/762076089","properties":{"name":"Avenida Andr\u00e9s Eloy Blanco","highway":"primary","ref":"L-1"},"geometry":{"type":"LineString","coordinates":[[-64.15133,10.44522],[-64.15124,10.44514]]}},{"type":"Feature","id":"way/762076090","properties":{"name":"Avenida Andr\u00e9s Eloy Blanco","highway":"primary","ref":"L-1"},"geometry":{"type":"LineString","coordinates":[[-64.15114,10.4452],[-64.15121,10.44527]]}},{"type":"Feature","id":"way/762076091","properties":{"name":"Avenida Principal de Cantarrana","highway":"primary","ref":"L-1"},"geometry":{"type":"LineString","coordinates":[[-64.14956,10.4438],[-64.15114,10.4452]]}},{"type":"Feature","id":"way/762077026","properties":{"highway":"primary_link"},"geometry":{"type":"LineString","coordinates":[[-64.21229,10.42089],[-64.21223,10.42086]]}},{"type":"Feature","id":"way/778162716","properties":{"name":"V\u00eda a San Juan de Unare","highway":"secondary"},"geometry":{"type":"LineString","coordinates":[[-62.74032,10.74541],[-62.74132,10.74474],[-62.74161,10.74234],[-62.74389,10.74427],[-62.74514,10.74145],[-62.74637,10.74145],[-62.74635,10.74009],[-62.74805,10.73992],[-62.74912,10.73871],[-62.75027,10.73953],[-62.75245,10.73727],[-62.75467,10.73688],[-62.75593,10.73481],[-62.76119,10.73233],[-62.76507,10.7268],[-62.76954,10.72543],[-62.77205,10.72318],[-62.77388,10.72335],[-62.77554,10.72162],[-62.77727,10.72132],[-62.77791,10.7223],[-62.77994,10.71944],[-62.78341,10.71965],[-62.78811,10.7236],[-62.78908,10.72044],[-62.79169,10.72105],[-62.791,10.71796],[-62.79412,10.71752],[-62.79562,10.71608],[-62.79772,10.71824],[-62.79939,10.71722],[-62.80043,10.71845],[-62.80269,10.71747],[-62.80295,10.71956],[-62.80576,10.71921],[-62.80655,10.71791],[-62.80869,10.71947],[-62.80944,10.71745],[-62.81063,10.71775],[-62.81118,10.71642],[-62.81293,10.71859],[-62.81385,10.71727],[-62.81452,10.71856],[-62.81478,10.71783],[-62.81568,10.71858],[-62.81687,10.71793],[-62.82,10.71859],[-62.82281,10.71536],[-62.82709,10.71643],[-62.8278,10.71365],[-62.83125,10.71195],[-62.82968,10.70995],[-62.82985,10.7082],[-62.83213,10.70806],[-62.83287,10.70652],[-62.83493,10.70643],[-62.83438,10.70476],[-62.83532,10.70447],[-62.83795,10.7053],[-62.84139,10.70837],[-62.84449,10.70907]]}},{"type":"Feature","id":"way/778162717","properties":{"name":"V\u00eda a San Juan de Unare","highway":"secondary"},"geometry":{"type":"LineString","coordinates":[[-62.74017,10.74539],[-62.74032,10.74541]]}},{"type":"Feature","id":"way/789330918","properties":{"name":"Avenida Cancamure","highway":"secondary"},"geometry":{"type":"LineString","coordinates":[[-64.16791,10.44373],[-64.1748,10.44939]]}},{"type":"Feature","id":"way/789330920","properties":{"name":"Avenida Cancamure","highway":"secondary"},"geometry":{"type":"LineString","coordinates":[[-64.16795,10.44368],[-64.16343,10.44094]]}},{"type":"Feature","id":"way/804700777","properties":{"name":"Avenida Antonio Jos\u00e9 de Sucre","highway":"trunk","ref":"T-9"},"geometry":{"type":"LineString","coordinates":[[-64.13868,10.42384],[-64.14505,10.41965]]}},{"type":"Feature","id":"way/804700778","properties":{"name":"Avenida Antonio Jos\u00e9 de Sucre","highway":"trunk","ref":"T-9"},"geometry":{"type":"LineString","coordinates":[[-64.13856,10.42388],[-64.13868,10.42384]]}},{"type":"Feature","id":"way/804700779","properties":{"name":"Avenida Antonio Jos\u00e9 de Sucre","highway":"trunk","ref":"T-9"},"geometry":{"type":"LineString","coordinates":[[-64.13848,10.42376],[-64.13239,10.42609],[-64.12866,10.43059],[-64.12788,10.4339],[-64.129,10.44204],[-64.12712,10.44836],[-64.11616,10.455]]}},{"type":"Feature","id":"way/804700780","properties":{"name":"Avenida Antonio Jos\u00e9 de Sucre","highway":"trunk","ref":"T-9"},"geometry":{"type":"LineString","coordinates":[[-64.1386,10.42371],[-64.13848,10.42376]]}},{"type":"Feature","id":"way/848413783","properties":{"highway":"tertiary"},"geometry":{"type":"LineString","coordinates":[[-64.17838,10.43955],[-64.17266,10.44085]]}},{"type":"Feature","id":"way/851534092","properties":{"name":"Retorno Sagrada Familia","highway":"trunk_link","ref":"T-9"},"geometry":{"type":"LineString","coordinates":[[-64.16439,10.41943],[-64.16458,10.4192]]}},{"type":"Feature","id":"way/851534093","properties":{"name":"Retorno Sagrada Familia","highway":"trunk_link","ref":"T-9"},"geometry":{"type":"LineString","coordinates":[[-64.16482,10.41936],[-64.16467,10.41961]]}},{"type":"Feature","id":"way/854485180","properties":{"name":"V\u00eda a Cancamure","highway":"secondary"},"geometry":{"type":"LineString","coordinates":[[-64.14505,10.41965],[-64.14498,10.41953]]}},{"type":"Feature","id":"way/854485181","properties":{"name":"Avenida Antonio Jos\u00e9 de Sucre","highway":"trunk","ref":"T-9"},"geometry":{"type":"LineString","coordinates":[[-64.21247,10.41411],[-64.21415,10.41432]]}},{"type":"Feature","id":"way/854485182","properties":{"name":"Avenida Antonio Jos\u00e9 de Sucre","highway":"trunk","ref":"T-9"},"geometry":{"type":"LineString","coordinates":[[-64.21466,10.41417],[-64.21451,10.41419]]}},{"type":"Feature","id":"way/854842770","properties":{"highway":"tertiary"},"geometry":{"type":"LineString","coordinates":[[-64.17845,10.43954],[-64.17885,10.43964]]}},{"type":"Feature","id":"way/854842771","properties":{"name":"Avenida Universidad","highway":"primary","ref":"T-9"},"geometry":{"type":"LineString","coordinates":[[-64.1829,10.45134],[-64.18284,10.45142]]}},{"type":"Feature","id":"way/854842772","properties":{"name":"Avenida Car\u00fapano","highway":"primary","ref":"T-9"},"geometry":{"type":"LineString","coordinates":[[-64.14,10.47209],[-64.14268,10.47145],[-64.147,10.47211]]}},{"type":"Feature","id":"way/854842773","properties":{"name":"Avenida Car\u00fapano","highway":"primary","ref":"T-9"},"geometry":{"type":"LineString","coordinates":[[-64.12681,10.47083],[-64.12745,10.47125]]}},{"type":"Feature","id":"way/854842774","properties":{"name":"Avenida Principal de La Llanada","highway":"secondary"},"geometry":{"type":"LineString","coordinates":[[-64.17896,10.43968],[-64.17896,10.4396]]}},{"type":"Feature","id":"way/854842775","properties":{"name":"Carretera Nacional Cuman\u00e1 - Car\u00fapano","highway":"trunk","ref":"T-9"},"geometry":{"type":"LineString","coordinates":[[-64.07989,10.44642],[-64.07769,10.44581]]}},{"type":"Feature","id":"way/854842776","properties":{"highway":"tertiary"},"geometry":{"type":"LineString","coordinates":[[-64.17896,10.4396],[-64.17885,10.43955]]}},{"type":"Feature","id":"way/854842777","properties":{"name":"Avenida Car\u00fapano","highway":"primary","ref":"T-9"},"geometry":{"type":"LineString","coordinates":[[-64.13994,10.47181],[-64.13933,10.47188]]}},{"type":"Feature","id":"way/854842778","properties":{"name":"Avenida Car\u00fapano","highway":"primary","ref":"T-9"},"geometry":{"type":"LineString","coordinates":[[-64.12758,10.47106],[-64.12697,10.47066]]}},{"type":"Feature","id":"way/854842779","properties":{"name":"Avenida Andr\u00e9s Eloy Blanco","highway":"primary","ref":"L-1"},"geometry":{"type":"LineString","coordinates":[[-64.17447,10.45938],[-64.17452,10.45912]]}},{"type":"Feature","id":"way/854842783","properties":{"name":"Elevado de El Indio","highway":"primary_link"},"geometry":{"type":"LineString","coordinates":[[-64.18289,10.45149],[-64.1829,10.45134]]}},{"type":"Feature","id":"way/854842784","properties":{"name":"Avenida Humboldt","highway":"secondary","ref":"L-1"},"geometry":{"type":"LineString","coordinates":[[-64.17517,10.46424],[-64.17784,10.47039]]}},{"type":"Feature","id":"way/854842786","properties":{"name":"Avenida Perimetral","highway":"primary","ref":"T-9"},"geometry":{"type":"LineString","coordinates":[[-64.16134,10.47754],[-64.16062,10.47742]]}},{"type":"Feature","id":"way/854842787","properties":{"name":"Elevado de El Indio","highway":"primary"},"geometry":{"type":"LineString","coordinates":[[-64.18278,10.45135],[-64.1821,10.45081]]}},{"type":"Feature","id":"way/854842788","properties":{"name":"Avenida Perimetral","highway":"primary","ref":"T-9"},"geometry":{"type":"LineString","coordinates":[[-64.16061,10.47771],[-64.16119,10.47784]]}},{"type":"Feature","id":"way/854842789","properties":{"name":"Avenida Ar\u00edstides Rojas","highway":"primary","ref":"T-9"},"geometry":{"type":"LineString","coordinates":[[-64.1869,10.47242],[-64.18691,10.4696]]}},{"type":"Feature","id":"way/854842790","properties":{"name":"Distribuidor Cantarana","highway":"trunk_link"},"geometry":{"type":"LineString","coordinates":[[-64.14454,10.41963],[-64.14261,10.42016]]}},{"type":"Feature","id":"way/854842791","properties":{"name":"Carretera Nacional Cuman\u00e1 - Car\u00fapano","highway":"trunk","ref":"T-9"},"geometry":{"type":"LineString","coordinates":[[-64.07989,10.44642],[-64.09445,10.44943]]}},{"type":"Feature","id":"way/854842792","properties":{"name":"Elevado de El Indio","highway":"primary_link","ref":"T-9"},"geometry":{"type":"LineString","coordinates":[[-64.18282,10.45159],[-64.18308,10.45176]]}},{"type":"Feature","id":"way/854842793","properties":{"name":"Avenida Cancamure","highway":"secondary"},"geometry":{"type":"LineString","coordinates":[[-64.17439,10.44863],[-64.17365,10.44799]]}},{"type":"Feature","id":"way/854842795","properties":{"name":"Elevado de El Indio","highway":"primary","ref":"T-9"},"geometry":{"type":"LineString","coordinates":[[-64.18193,10.45078],[-64.18272,10.45142]]}},{"type":"Feature","id":"way/854842796","properties":{"name":"Elevado de El Indio","highway":"primary_link"},"geometry":{"type":"LineString","coordinates":[[-64.18255,10.45107],[-64.1821,10.45081]]}},{"type":"Feature","id":"way/854842799","properties":{"name":"Avenida Car\u00fapano","highway":"primary","ref":"T-9"},"geometry":{"type":"LineString","coordinates":[[-64.1242,10.46803],[-64.12681,10.47083]]}},{"type":"Feature","id":"way/854842801","properties":{"name":"Avenida Humboldt","highway":"primary","ref":"L-1"},"geometry":{"type":"LineString","coordinates":[[-64.17452,10.45912],[-64.17395,10.45863]]}},{"type":"Feature","id":"way/854842804","properties":{"name":"Avenida Universidad","highway":"primary","ref":"T-9"},"geometry":{"type":"LineString","coordinates":[[-64.2148,10.41641],[-64.21603,10.41508]]}},{"type":"Feature","id":"way/854842807","properties":{"name":"Calle Ayacucho","highway":"tertiary"},"geometry":{"type":"LineString","coordinates":[[-64.17381,10.4645],[-64.17359,10.46493]]}},{"type":"Feature","id":"way/854842808","properties":{"name":"Avenida Car\u00fapano","highway":"primary","ref":"T-9"},"geometry":{"type":"LineString","coordinates":[[-64.12294,10.46662],[-64.1242,10.46803]]}},{"type":"Feature","id":"way/854842809","properties":{"name":"Avenida Car\u00fapano","highway":"primary","ref":"T-9"},"geometry":{"type":"LineString","coordinates":[[-64.13924,10.47218],[-64.14,10.47209]]}},{"type":"Feature","id":"way/854842810","properties":{"name":"Avenida Humboldt","highway":"secondary","ref":"L-1"},"geometry":{"type":"LineString","coordinates":[[-64.17526,10.46421],[-64.17539,10.46417]]}},{"type":"Feature","id":"way/854842811","properties":{"name":"Avenida Arismendi","highway":"primary"},"geometry":{"type":"LineString","coordinates":[[-64.18266,10.45178],[-64.18282,10.45159]]}},{"type":"Feature","id":"way/854842812","properties":{"name":"Avenida Perimetral","highway":"primary","ref":"T-9"},"geometry":{"type":"LineString","coordinates":[[-64.14704,10.47215],[-64.15217,10.47319],[-64.1555,10.47601],[-64.16061,10.47771]]}},{"type":"Feature","id":"way/854842813","properties":{"name":"Avenida Ar\u00edstides Rojas","highway":"primary","ref":"T-9"},"geometry":{"type":"LineString","coordinates":[[-64.18618,10.4625],[-64.18625,10.46332]]}},{"type":"Feature","id":"way/854842814","properties":{"name":"Avenida Car\u00fapano","highway":"primary","ref":"T-9"},"geometry":{"type":"LineString","coordinates":[[-64.12745,10.47125],[-64.13924,10.47218]]}},{"type":"Feature","id":"way/854842815","properties":{"name":"Avenida Arismendi","highway":"primary"},"geometry":{"type":"LineString","coordinates":[[-64.17877,10.45752],[-64.17874,10.45759]]}},{"type":"Feature","id":"way/854842816","properties":{"name":"Avenida Ar\u00edstides Rojas","highway":"primary","ref":"T-9"},"geometry":{"type":"LineString","coordinates":[[-64.18575,10.45738],[-64.18576,10.45744]]}},{"type":"Feature","id":"way/854842817","properties":{"name":"Avenida Ar\u00edstides Rojas","highway":"primary","ref":"T-9"},"geometry":{"type":"LineString","coordinates":[[-64.18683,10.4696],[-64.18672,10.47244]]}},{"type":"Feature","id":"way/855261801","properties":{"highway":"tertiary"},"geometry":{"type":"LineString","coordinates":[[-64.16752,10.42585],[-64.17064,10.42873]]}},{"type":"Feature","id":"way/855261846","properties":{"name":"Avenida Bolivariana","highway":"tertiary"},"geometry":{"type":"LineString","coordinates":[[-64.17266,10.44085],[-64.17239,10.43937]]}},{"type":"Feature","id":"way/855261879","properties":{"highway":"tertiary"},"geometry":{"type":"LineString","coordinates":[[-64.17064,10.42873],[-64.17064,10.43007]]}},{"type":"Feature","id":"way/855261894","properties":{"name":"Avenida Tres Picos","highway":"tertiary"},"geometry":{"type":"LineString","coordinates":[[-64.16228,10.43998],[-64.16232,10.43985]]}},{"type":"Feature","id":"way/855261980","properties":{"name":"Avenida Tres Picos","highway":"tertiary"},"geometry":{"type":"LineString","coordinates":[[-64.16232,10.43985],[-64.16305,10.43549]]}},{"type":"Feature","id":"way/858156869","properties":{"name":"Carretera Cumanacoa - Santa Mar\u00eda","highway":"tertiary","ref":"R-9"},"geometry":{"type":"LineString","coordinates":[[-63.75447,10.2382],[-63.74934,10.24071],[-63.74813,10.24029],[-63.74772,10.24152],[-63.7405,10.24491],[-63.73667,10.24818],[-63.73196,10.25047],[-63.73035,10.25345],[-63.72116,10.25559]]}},{"type":"Feature","id":"way/858161247","properties":{"name":"Carretera Cumanacoa - Santa Mar\u00eda","highway":"tertiary","ref":"R-9"},"geometry":{"type":"LineString","coordinates":[[-63.72116,10.25559],[-63.72085,10.26341],[-63.72039,10.26437],[-63.71659,10.26559],[-63.71607,10.26938],[-63.71442,10.26958],[-63.71291,10.27212],[-63.71057,10.27333],[-63.70922,10.27254],[-63.70472,10.27431],[-63.70206,10.27648],[-63.70023,10.27607],[-63.69822,10.27705],[-63.69453,10.28184],[-63.69397,10.28421],[-63.6904,10.28688],[-63.68333,10.2885],[-63.67988,10.28692],[-63.6745,10.28951],[-63.67417,10.29083],[-63.67504,10.29188],[-63.67443,10.29219],[-63.67568,10.29308],[-63.67419,10.29598],[-63.67121,10.29783],[-63.66719,10.30804],[-63.66186,10.31153],[-63.65995,10.31172]]}},{"type":"Feature","id":"way/858167776","properties":{"name":"Carretera Cumanacoa - Santa Mar\u00eda","highway":"tertiary","ref":"R-9"},"geometry":{"type":"LineString","coordinates":[[-63.65632,10.3137],[-63.6543,10.31034],[-63.6547,10.3073]]}},{"type":"Feature","id":"way/858469900","properties":{"name":"V\u00eda a La Angoleta","highway":"tertiary"},"geometry":{"type":"LineString","coordinates":[[-64.11267,10.57267],[-64.11003,10.57178],[-64.09956,10.57451],[-64.09397,10.57283],[-64.09012,10.5729],[-64.08764,10.57474],[-64.08478,10.57497],[-64.07425,10.57948],[-64.07122,10.57946],[-64.06784,10.58116]]}},{"type":"Feature","id":"way/860587133","properties":{"name":"Calle Bol\u00edvar","highway":"secondary","ref":"R-18;R-21"},"geometry":{"type":"LineString","coordinates":[[-63.91418,10.25096],[-63.91478,10.25102]]}},{"type":"Feature","id":"way/863712331","properties":{"name":"Carretera Nacional Car\u00fapano - Casanay","highway":"trunk","ref":"T-10"},"geometry":{"type":"LineString","coordinates":[[-63.26609,10.64455],[-63.26663,10.6432]]}},{"type":"Feature","id":"way/863712332","properties":{"name":"Carretera Nacional Car\u00fapano - Casanay","highway":"trunk","ref":"T-10"},"geometry":{"type":"LineString","coordinates":[[-63.26663,10.6432],[-63.26541,10.64615]]}},{"type":"Feature","id":"way/883005874","properties":{"name":"Avenida Panamericana","highway":"secondary"},"geometry":{"type":"LineString","coordinates":[[-64.18065,10.44982],[-64.18059,10.45007]]}},{"type":"Feature","id":"way/883005875","properties":{"name":"Avenida Panamericana","highway":"secondary"},"geometry":{"type":"LineString","coordinates":[[-64.18065,10.44977],[-64.18065,10.44982]]}},{"type":"Feature","id":"way/883005876","properties":{"name":"Avenida Panamericana","highway":"secondary"},"geometry":{"type":"LineString","coordinates":[[-64.18071,10.44984],[-64.18071,10.44978]]}},{"type":"Feature","id":"way/883005877","properties":{"name":"Avenida Panamericana","highway":"secondary"},"geometry":{"type":"LineString","coordinates":[[-64.18067,10.4501],[-64.18071,10.44984]]}},{"type":"Feature","id":"way/894308365","properties":{"name":"Distribuidor Cantarana","highway":"secondary"},"geometry":{"type":"LineString","coordinates":[[-64.13824,10.42336],[-64.13672,10.42399]]}},{"type":"Feature","id":"way/894308366","properties":{"name":"Distribuidor Cantarana","highway":"secondary"},"geometry":{"type":"LineString","coordinates":[[-64.13835,10.4233],[-64.13824,10.42336]]}},{"type":"Feature","id":"way/894308368","properties":{"name":"Retorno Santa Edugivis","highway":"trunk_link","ref":"T-9"},"geometry":{"type":"LineString","coordinates":[[-64.12904,10.44153],[-64.12928,10.44154]]}},{"type":"Feature","id":"way/894308369","properties":{"name":"Retorno Santa Edugivis","highway":"trunk_link","ref":"T-9"},"geometry":{"type":"LineString","coordinates":[[-64.12928,10.43993],[-64.12903,10.43994]]}},{"type":"Feature","id":"way/894395534","properties":{"name":"Avenida Perimetral","highway":"primary","ref":"T-9"},"geometry":{"type":"LineString","coordinates":[[-64.16119,10.47784],[-64.1632,10.4783]]}},{"type":"Feature","id":"way/894395535","properties":{"name":"Avenida Perimetral","highway":"primary","ref":"T-9"},"geometry":{"type":"LineString","coordinates":[[-64.1632,10.4783],[-64.16365,10.47831]]}},{"type":"Feature","id":"way/894395536","properties":{"name":"Avenida Perimetral","highway":"primary","ref":"T-9"},"geometry":{"type":"LineString","coordinates":[[-64.1632,10.47818],[-64.16134,10.47754]]}},{"type":"Feature","id":"way/894395537","properties":{"name":"Avenida Perimetral","highway":"primary","ref":"T-9"},"geometry":{"type":"LineString","coordinates":[[-64.16366,10.47822],[-64.1632,10.47818]]}},{"type":"Feature","id":"way/911063667","properties":{"name":"Carretera Nacional Cuman\u00e1 - Car\u00fapano","highway":"trunk","ref":"T-9"},"geometry":{"type":"LineString","coordinates":[[-63.65694,10.47564],[-63.67783,10.469],[-63.68596,10.46808],[-63.68983,10.46634],[-63.6959,10.46551],[-63.70439,10.46282],[-63.71289,10.4648],[-63.72279,10.46141],[-63.73038,10.46263],[-63.74381,10.45682],[-63.75916,10.45186],[-63.77016,10.45055],[-63.77461,10.44731],[-63.77877,10.44791],[-63.7852,10.44378],[-63.79073,10.44264]]}},{"type":"Feature","id":"way/911063668","properties":{"name":"Carretera Nacional Cuman\u00e1 - Car\u00fapano","highway":"trunk","ref":"T-9"},"geometry":{"type":"LineString","coordinates":[[-63.84185,10.44103],[-63.8422,10.44108]]}},{"type":"Feature","id":"way/934023700","properties":{"name":"Avenida Antonio Jos\u00e9 de Sucre","highway":"trunk","ref":"T-9"},"geometry":{"type":"LineString","coordinates":[[-64.21669,10.41356],[-64.22058,10.41096]]}},{"type":"Feature","id":"way/940169743","properties":{"name":"Carretera Nacional Casanay - Caripito","highway":"trunk","ref":"T-10"},"geometry":{"type":"LineString","coordinates":[[-63.4439,10.48774],[-63.44403,10.48898],[-63.44212,10.49155]]}},{"type":"Feature","id":"way/940169744","properties":{"name":"Carretera Nacional Casanay - Caripito","highway":"primary"},"geometry":{"type":"LineString","coordinates":[[-63.4439,10.48774],[-63.44718,10.49013]]}},{"type":"Feature","id":"way/940223369","properties":{"highway":"trunk_link","ref":"T-9"},"geometry":{"type":"LineString","coordinates":[[-64.14527,10.41985],[-64.14555,10.41954]]}},{"type":"Feature","id":"way/940223370","properties":{"highway":"trunk_link"},"geometry":{"type":"LineString","coordinates":[[-64.14439,10.41983],[-64.14515,10.41982]]}},{"type":"Feature","id":"way/940223371","properties":{"name":"Retorno Candelaria","highway":"trunk_link","ref":"T-9"},"geometry":{"type":"LineString","coordinates":[[-64.20351,10.41588],[-64.2034,10.41619]]}},{"type":"Feature","id":"way/940223372","properties":{"name":"Retorno Candelaria","highway":"trunk_link","ref":"T-9"},"geometry":{"type":"LineString","coordinates":[[-64.20517,10.41645],[-64.20517,10.41612]]}},{"type":"Feature","id":"way/940415361","properties":{"name":"Avenida Francisco de Miranda","highway":"secondary","ref":"T-9"},"geometry":{"type":"LineString","coordinates":[[-62.30349,10.584],[-62.30767,10.58609]]}},{"type":"Feature","id":"way/940415362","properties":{"name":"Avenida Jos\u00e9 Francisco Berm\u00fadez","highway":"primary","ref":"L-3"},"geometry":{"type":"LineString","coordinates":[[-63.2457,10.67124],[-63.24487,10.67101]]}},{"type":"Feature","id":"way/940415363","properties":{"highway":"primary","ref":"L-5"},"geometry":{"type":"LineString","coordinates":[[-63.15557,10.54983],[-63.15575,10.54962]]}},{"type":"Feature","id":"way/940415364","properties":{"highway":"primary","ref":"L-5"},"geometry":{"type":"LineString","coordinates":[[-63.15575,10.54962],[-63.15369,10.54765]]}},{"type":"Feature","id":"way/940415365","properties":{"highway":"primary","ref":"L-5"},"geometry":{"type":"LineString","coordinates":[[-63.15369,10.54765],[-63.15171,10.54904],[-63.14905,10.54925],[-63.14633,10.55153]]}},{"type":"Feature","id":"way/940415366","properties":{"highway":"primary","ref":"L-5"},"geometry":{"type":"LineString","coordinates":[[-63.15428,10.54819],[-63.15613,10.54582]]}},{"type":"Feature","id":"way/940415367","properties":{"name":"Carretera Regional Araya - Cariaco","highway":"primary","ref":"R-3"},"geometry":{"type":"LineString","coordinates":[[-63.77673,10.66754],[-63.77771,10.66827]]}},{"type":"Feature","id":"way/940415368","properties":{"name":"Carretera Regional Araya - Cariaco","highway":"primary","ref":"R-3"},"geometry":{"type":"LineString","coordinates":[[-63.56101,10.49711],[-63.56256,10.50057],[-63.5766,10.50391],[-63.58069,10.50619],[-63.58968,10.50655],[-63.59584,10.50448],[-63.60992,10.50488],[-63.61118,10.50643],[-63.61394,10.50633]]}},{"type":"Feature","id":"way/940415369","properties":{"name":"Carretera Nacional Car\u00fapano - Casanay","highway":"trunk","ref":"T-10"},"geometry":{"type":"LineString","coordinates":[[-63.26541,10.64615],[-63.26609,10.64455]]}},{"type":"Feature","id":"way/940415370","properties":{"name":"Carretera Nacional Cariaco - Casanay","highway":"trunk","ref":"T-10;L-5"},"geometry":{"type":"LineString","coordinates":[[-63.43454,10.49587],[-63.44206,10.49158]]}},{"type":"Feature","id":"way/940415371","properties":{"name":"Avenida Jos\u00e9 Francisco Berm\u00fadez","highway":"trunk","ref":"T-9;T-10"},"geometry":{"type":"LineString","coordinates":[[-63.26453,10.67138],[-63.26567,10.67106]]}},{"type":"Feature","id":"way/940415372","properties":{"name":"Avenida Jos\u00e9 Francisco Berm\u00fadez","highway":"trunk","ref":"T-9"},"geometry":{"type":"LineString","coordinates":[[-63.26567,10.67106],[-63.26644,10.67079]]}},{"type":"Feature","id":"way/940415373","properties":{"name":"Carretera Nacional Cuman\u00e1 - Car\u00fapano","highway":"trunk","ref":"T-9"},"geometry":{"type":"LineString","coordinates":[[-63.39235,10.66431],[-63.39705,10.66754],[-63.40009,10.6667]]}},{"type":"Feature","id":"way/940415374","properties":{"name":"Carretera Nacional Cuman\u00e1 - Car\u00fapano","highway":"trunk","ref":"T-9"},"geometry":{"type":"LineString","coordinates":[[-63.5501,10.50766],[-63.54706,10.49443],[-63.54881,10.48759]]}},{"type":"Feature","id":"way/940415375","properties":{"name":"Carretera Nacional Cuman\u00e1 - Car\u00fapano","highway":"trunk","ref":"T-9"},"geometry":{"type":"LineString","coordinates":[[-63.54881,10.48759],[-63.5491,10.48619]]}},{"type":"Feature","id":"way/940415376","properties":{"name":"Carretera Nacional Cuman\u00e1 - Car\u00fapano","highway":"trunk","ref":"T-9"},"geometry":{"type":"LineString","coordinates":[[-63.79073,10.44264],[-63.79814,10.4403],[-63.80204,10.4415],[-63.80507,10.44071],[-63.81351,10.44126],[-63.82004,10.4391],[-63.83004,10.4393],[-63.84185,10.44103]]}},{"type":"Feature","id":"way/940415377","properties":{"name":"Carretera Nacional Cuman\u00e1 - Car\u00fapano","highway":"trunk","ref":"T-9"},"geometry":{"type":"LineString","coordinates":[[-63.8422,10.44108],[-63.8529,10.44171],[-63.85532,10.44109],[-63.86458,10.44252],[-63.87309,10.4415],[-63.87786,10.44236],[-63.88045,10.44394],[-63.89116,10.44536],[-63.89595,10.4474],[-63.89892,10.44712],[-63.90599,10.44407]]}},{"type":"Feature","id":"way/942842902","properties":{"name":"Carretera Regional Cariaco - Casanay","highway":"primary","ref":"L-5"},"geometry":{"type":"LineString","coordinates":[[-63.44769,10.48982],[-63.45498,10.48542],[-63.46424,10.48567],[-63.47131,10.48225],[-63.47387,10.48193],[-63.47785,10.4837],[-63.48656,10.49439],[-63.50059,10.49562],[-63.5133,10.49345],[-63.51895,10.49112],[-63.52502,10.4911],[-63.54304,10.48718],[-63.5479,10.48693]]}},{"type":"Feature","id":"way/942842903","properties":{"name":"Carretera Nacional Cariaco - Casanay","highway":"trunk","ref":"T-10;L-5"},"geometry":{"type":"LineString","coordinates":[[-63.44206,10.49158],[-63.44212,10.49155]]}},{"type":"Feature","id":"way/942842904","properties":{"name":"V\u00eda a Chacopata","highway":"secondary"},"geometry":{"type":"LineString","coordinates":[[-63.77661,10.66895],[-63.79552,10.6889],[-63.81498,10.67951]]}},{"type":"Feature","id":"way/942842905","properties":{"name":"V\u00eda a Chacopata","highway":"secondary"},"geometry":{"type":"LineString","coordinates":[[-63.77665,10.66875],[-63.77661,10.66895]]}},{"type":"Feature","id":"way/942842906","properties":{"name":"Carretera Regional Cariaco - Casanay","highway":"primary","ref":"L-5"},"geometry":{"type":"LineString","coordinates":[[-63.44718,10.49013],[-63.44762,10.48986]]}},{"type":"Feature","id":"way/942842907","properties":{"name":"Carretera Regional Cariaco - Casanay","highway":"primary","ref":"L-5"},"geometry":{"type":"LineString","coordinates":[[-63.44762,10.48986],[-63.44769,10.48982]]}},{"type":"Feature","id":"way/965612880","properties":{"name":"Carretera Cumanacoa - Santa Mar\u00eda","highway":"tertiary","ref":"R-9"},"geometry":{"type":"LineString","coordinates":[[-63.65995,10.31172],[-63.65632,10.3137]]}},{"type":"Feature","id":"way/965613264","properties":{"highway":"tertiary"},"geometry":{"type":"LineString","coordinates":[[-63.92765,10.23881],[-63.92898,10.23849]]}},{"type":"Feature","id":"way/965616530","properties":{"name":"Eje Rural de Revilla","highway":"tertiary"},"geometry":{"type":"LineString","coordinates":[[-63.30379,10.60815],[-63.30488,10.60286],[-63.30244,10.59582],[-63.30317,10.5954],[-63.30347,10.58799],[-63.30426,10.58687],[-63.30294,10.58766],[-63.3042,10.58609],[-63.30317,10.5859],[-63.30456,10.58506],[-63.30525,10.58143],[-63.3041,10.57794],[-63.30181,10.57582]]}},{"type":"Feature","id":"way/965616887","properties":{"name":"Carretera El Pilar - Aj\u00edes","highway":"secondary"},"geometry":{"type":"LineString","coordinates":[[-63.1046,10.47329],[-63.09989,10.47096],[-63.09682,10.46707],[-63.09533,10.4633]]}},{"type":"Feature","id":"way/965617603","properties":{"name":"V\u00eda a Tunapuicito","highway":"tertiary"},"geometry":{"type":"LineString","coordinates":[[-63.13739,10.57034],[-63.13884,10.57291],[-63.13853,10.57493],[-63.13734,10.57741],[-63.13498,10.57885]]}},{"type":"Feature","id":"way/965617805","properties":{"name":"V\u00eda a San Juan de Unare","highway":"secondary"},"geometry":{"type":"LineString","coordinates":[[-62.73932,10.7454],[-62.73962,10.74542]]}},{"type":"Feature","id":"way/965618270","properties":{"name":"V\u00eda a Mundo Nuevo","highway":"tertiary","ref":"R-11"},"geometry":{"type":"LineString","coordinates":[[-62.55051,10.61849],[-62.54894,10.62053],[-62.54846,10.62526],[-62.54548,10.62724],[-62.54464,10.63085],[-62.543,10.63249]]}},{"type":"Feature","id":"way/965619253","properties":{"name":"V\u00eda a R\u00edo Salado","highway":"secondary"},"geometry":{"type":"LineString","coordinates":[[-62.29566,10.58008],[-62.29392,10.58548],[-62.28868,10.5878],[-62.28399,10.59593],[-62.27872,10.5982]]}},{"type":"Feature","id":"way/965649119","properties":{"name":"Avenida Jos\u00e9 Francisco Berm\u00fadez","highway":"trunk","ref":"T-9"},"geometry":{"type":"LineString","coordinates":[[-63.26363,10.67153],[-63.26453,10.67138]]}},{"type":"Feature","id":"way/965654273","properties":{"name":"Distribuidor La Llanada","highway":"trunk_link"},"geometry":{"type":"LineString","coordinates":[[-64.18658,10.41555],[-64.18493,10.41675]]}},{"type":"Feature","id":"way/965662504","properties":{"name":"Carretera Nacional Car\u00fapano - Casanay","highway":"trunk","ref":"T-10;L-5"},"geometry":{"type":"LineString","coordinates":[[-63.43454,10.49587],[-63.43191,10.49856],[-63.42932,10.508],[-63.42799,10.52474]]}},{"type":"Feature","id":"way/965980045","properties":{"name":"Avenida Universidad","highway":"trunk","ref":"T-9;R-14"},"geometry":{"type":"LineString","coordinates":[[-63.25583,10.64323],[-63.25585,10.64216]]}},{"type":"Feature","id":"way/965980046","properties":{"name":"Avenida Universidad","highway":"trunk","ref":"T-9;R-14"},"geometry":{"type":"LineString","coordinates":[[-63.25548,10.64242],[-63.25549,10.64324]]}},{"type":"Feature","id":"way/967670185","properties":{"name":"Carretera Nacional Puerto La Cruz - Cuman\u00e1","highway":"trunk","ref":"T-9"},"geometry":{"type":"LineString","coordinates":[[-64.40943,10.27474],[-64.4091,10.27471]]}},{"type":"Feature","id":"way/967670186","properties":{"name":"Carretera Nacional Puerto La Cruz - Cuman\u00e1","highway":"trunk","ref":"T-9"},"geometry":{"type":"LineString","coordinates":[[-64.4091,10.27471],[-64.40517,10.27444]]}},{"type":"Feature","id":"way/967670187","properties":{"name":"Carretera Nacional Puerto La Cruz - Cuman\u00e1","highway":"trunk","ref":"T-9"},"geometry":{"type":"LineString","coordinates":[[-64.44971,10.26293],[-64.44945,10.26314]]}},{"type":"Feature","id":"way/967670188","properties":{"name":"Carretera Nacional Puerto La Cruz - Cuman\u00e1","highway":"trunk","ref":"T-9"},"geometry":{"type":"LineString","coordinates":[[-64.44945,10.26314],[-64.4451,10.26349],[-64.44463,10.26541],[-64.44552,10.2674],[-64.4424,10.27017],[-64.44078,10.26966],[-64.43883,10.27148],[-64.4404,10.2726],[-64.4412,10.27531],[-64.44035,10.2764],[-64.43687,10.2769],[-64.43636,10.28038],[-64.43089,10.27863],[-64.42693,10.28158],[-64.42464,10.28132]]}},{"type":"Feature","id":"way/967670189","properties":{"name":"Carretera Nacional Puerto La Cruz - Cuman\u00e1","highway":"trunk","ref":"T-9"},"geometry":{"type":"LineString","coordinates":[[-64.51984,10.23443],[-64.51617,10.23515],[-64.51592,10.23755],[-64.51366,10.23863],[-64.51313,10.24025],[-64.50967,10.24061],[-64.50733,10.24208],[-64.50734,10.24474],[-64.50392,10.24281],[-64.50344,10.24025],[-64.50209,10.23969],[-64.50211,10.23612],[-64.49959,10.23622],[-64.4964,10.23805],[-64.49487,10.23704],[-64.49348,10.23773]]}},{"type":"Feature","id":"way/967670276","properties":{"name":"Carretera Nacional Puerto La Cruz - Cuman\u00e1","highway":"trunk","ref":"T-9"},"geometry":{"type":"LineString","coordinates":[[-64.3501,10.30929],[-64.34649,10.30955],[-64.34413,10.3074]]}},{"type":"Feature","id":"way/967670277","properties":{"name":"Carretera Vieja Puerto La Cruz - Cuman\u00e1","highway":"tertiary","ref":"T-9"},"geometry":{"type":"LineString","coordinates":[[-64.35084,10.30933],[-64.3501,10.30929]]}},{"type":"Feature","id":"way/967670278","properties":{"name":"Distribuidor El Merey","highway":"trunk_link","ref":"T-9"},"geometry":{"type":"LineString","coordinates":[[-64.31065,10.33276],[-64.3107,10.33216]]}},{"type":"Feature","id":"way/967670279","properties":{"name":"Distribuidor El Merey","highway":"trunk_link","ref":"T-9"},"geometry":{"type":"LineString","coordinates":[[-64.31269,10.33288],[-64.31056,10.33201]]}},{"type":"Feature","id":"way/967670286","properties":{"name":"Carretera Nacional Puerto La Cruz - Cuman\u00e1","highway":"trunk","ref":"T-9"},"geometry":{"type":"LineString","coordinates":[[-64.3485,10.3239],[-64.34821,10.32743],[-64.34528,10.32952],[-64.34091,10.32622],[-64.33287,10.32503],[-64.32967,10.32729],[-64.32512,10.32858],[-64.32371,10.33009],[-64.31897,10.32968],[-64.31871,10.33303],[-64.31579,10.33342],[-64.31502,10.33486],[-64.31065,10.33276]]}},{"type":"Feature","id":"way/967670287","properties":{"name":"Distribuidor El Merey","highway":"trunk_link","ref":"T-9"},"geometry":{"type":"LineString","coordinates":[[-64.31031,10.33212],[-64.3107,10.33216]]}},{"type":"Feature","id":"way/967670288","properties":{"name":"Distribuidor El Merey","highway":"trunk_link","ref":"T-9"},"geometry":{"type":"LineString","coordinates":[[-64.31056,10.33201],[-64.31031,10.33212]]}},{"type":"Feature","id":"way/967670289","properties":{"name":"Distribuidor El Merey","highway":"trunk_link","ref":"T-9"},"geometry":{"type":"LineString","coordinates":[[-64.31056,10.33201],[-64.31028,10.33171]]}},{"type":"Feature","id":"way/967670290","properties":{"name":"Distribuidor El Merey","highway":"trunk_link","ref":"T-9"},"geometry":{"type":"LineString","coordinates":[[-64.30957,10.32994],[-64.31276,10.3321],[-64.31269,10.33288]]}},{"type":"Feature","id":"way/967670291","properties":{"name":"Distribuidor El Merey","highway":"trunk_link","ref":"T-9"},"geometry":{"type":"LineString","coordinates":[[-64.31357,10.33175],[-64.31335,10.33059],[-64.30994,10.33004]]}},{"type":"Feature","id":"way/967670296","properties":{"name":"Avenida Antonio Jos\u00e9 de Sucre","highway":"trunk","ref":"T-9"},"geometry":{"type":"LineString","coordinates":[[-64.28843,10.33712],[-64.28076,10.34558],[-64.27933,10.34881],[-64.27336,10.35514],[-64.27096,10.35943],[-64.26078,10.36668]]}},{"type":"Feature","id":"way/967670297","properties":{"name":"Avenida Antonio Jos\u00e9 de Sucre","highway":"trunk","ref":"T-9"},"geometry":{"type":"LineString","coordinates":[[-64.26087,10.36674],[-64.27113,10.35939],[-64.27343,10.3552],[-64.2794,10.34887],[-64.28074,10.34576],[-64.28848,10.3372]]}},{"type":"Feature","id":"way/967670298","properties":{"name":"Recta de Nurucual","highway":"tertiary","ref":"T-9"},"geometry":{"type":"LineString","coordinates":[[-64.39232,10.28413],[-64.39165,10.28417]]}},{"type":"Feature","id":"way/967670299","properties":{"name":"Recta de Nurucual","highway":"tertiary","ref":"T-9"},"geometry":{"type":"LineString","coordinates":[[-64.40517,10.27444],[-64.39232,10.28413]]}},{"type":"Feature","id":"way/967670300","properties":{"name":"Puente La Leona","highway":"tertiary","ref":"T-9"},"geometry":{"type":"LineString","coordinates":[[-64.39094,10.29029],[-64.3915,10.29031]]}},{"type":"Feature","id":"way/967670301","properties":{"name":"Recta de Nurucual","highway":"tertiary","ref":"T-9"},"geometry":{"type":"LineString","coordinates":[[-64.39165,10.28417],[-64.38773,10.28831]]}},{"type":"Feature","id":"way/967670302","properties":{"name":"Autopista Antonio Jos\u00e9 de Sucre","highway":"motorway","ref":"T-9"},"geometry":{"type":"LineString","coordinates":[[-64.37953,10.29501],[-64.37614,10.29929],[-64.36903,10.29829],[-64.35733,10.30167],[-64.35451,10.30683],[-64.35079,10.30764]]}},{"type":"Feature","id":"way/967670303","properties":{"name":"Autopista Antonio Jos\u00e9 de Sucre","highway":"motorway","ref":"T-9"},"geometry":{"type":"LineString","coordinates":[[-64.35079,10.30764],[-64.35458,10.3069],[-64.35737,10.30176],[-64.36905,10.2984],[-64.37617,10.29939],[-64.37957,10.29511]]}},{"type":"Feature","id":"way/967670304","properties":{"name":"Autopista Antonio Jos\u00e9 de Sucre","highway":"tertiary","ref":"T-9"},"geometry":{"type":"LineString","coordinates":[[-64.35052,10.30875],[-64.35084,10.30933]]}},{"type":"Feature","id":"way/967670305","properties":{"name":"Autopista Antonio Jos\u00e9 de Sucre","highway":"trunk","ref":"T-9"},"geometry":{"type":"LineString","coordinates":[[-64.35052,10.30875],[-64.3501,10.30929]]}},{"type":"Feature","id":"way/967670306","properties":{"name":"Autopista Antonio Jos\u00e9 de Sucre","highway":"trunk","ref":"T-9"},"geometry":{"type":"LineString","coordinates":[[-64.35079,10.30764],[-64.34851,10.30822],[-64.35052,10.30875]]}},{"type":"Feature","id":"way/967670307","properties":{"name":"Carretera Vieja Puerto La Cruz - Cuman\u00e1","highway":"primary","ref":"T-9"},"geometry":{"type":"LineString","coordinates":[[-64.22933,10.39821],[-64.22921,10.39834]]}},{"type":"Feature","id":"way/967670308","properties":{"name":"Carretera Vieja Puerto La Cruz - Cuman\u00e1","highway":"primary","ref":"T-9"},"geometry":{"type":"LineString","coordinates":[[-64.22921,10.39834],[-64.22782,10.39998],[-64.22272,10.40213],[-64.2207,10.40605],[-64.22017,10.41174]]}},{"type":"Feature","id":"way/967670309","properties":{"name":"Carretera Vieja Puerto La Cruz - Cuman\u00e1","highway":"primary","ref":"T-9"},"geometry":{"type":"LineString","coordinates":[[-64.25241,10.37779],[-64.2523,10.37796]]}},{"type":"Feature","id":"way/967670310","properties":{"name":"Carretera Vieja Puerto La Cruz - Cuman\u00e1","highway":"primary","ref":"T-9"},"geometry":{"type":"LineString","coordinates":[[-64.2523,10.37796],[-64.25116,10.38639],[-64.25009,10.38815],[-64.24479,10.38961],[-64.24043,10.39509],[-64.23151,10.39675],[-64.22933,10.39821]]}},{"type":"Feature","id":"way/967670311","properties":{"name":"Carretera Vieja Puerto La Cruz - Cuman\u00e1","highway":"primary","ref":"T-9"},"geometry":{"type":"LineString","coordinates":[[-64.257,10.37015],[-64.25241,10.37779]]}},{"type":"Feature","id":"way/967670312","properties":{"name":"Carretera Vieja Puerto La Cruz - Cuman\u00e1","highway":"primary","ref":"T-9"},"geometry":{"type":"LineString","coordinates":[[-64.25756,10.37018],[-64.25707,10.37015]]}},{"type":"Feature","id":"way/967670313","properties":{"name":"Carretera Vieja Puerto La Cruz - Cuman\u00e1","highway":"primary","ref":"T-9"},"geometry":{"type":"LineString","coordinates":[[-64.25707,10.37015],[-64.257,10.37015]]}},{"type":"Feature","id":"way/967670314","properties":{"name":"Puente Seco","highway":"trunk","ref":"T-9"},"geometry":{"type":"LineString","coordinates":[[-64.34855,10.32383],[-64.3485,10.3239]]}},{"type":"Feature","id":"way/967670315","properties":{"name":"Carretera Vieja Puerto La Cruz - Cuman\u00e1","highway":"primary","ref":"T-9"},"geometry":{"type":"LineString","coordinates":[[-64.31031,10.33212],[-64.31028,10.33171]]}},{"type":"Feature","id":"way/967670316","properties":{"name":"Carretera Nacional Puerto La Cruz - Cuman\u00e1","highway":"trunk","ref":"T-9"},"geometry":{"type":"LineString","coordinates":[[-64.34413,10.3074],[-64.34397,10.30741]]}},{"type":"Feature","id":"way/967670317","properties":{"name":"Carretera Nacional Puerto La Cruz - Cuman\u00e1","highway":"trunk","ref":"T-9"},"geometry":{"type":"LineString","coordinates":[[-64.34397,10.30741],[-64.34395,10.30901],[-64.3421,10.30944],[-64.34078,10.31315],[-64.34207,10.31507],[-64.34527,10.31455],[-64.34947,10.31691],[-64.3518,10.31571],[-64.35519,10.31623],[-64.35267,10.32116],[-64.34855,10.32383]]}},{"type":"Feature","id":"way/967670318","properties":{"name":"Carretera Vieja Puerto La Cruz - Cuman\u00e1","highway":"tertiary","ref":"T-9"},"geometry":{"type":"LineString","coordinates":[[-64.3915,10.29031],[-64.39184,10.29129],[-64.38964,10.29307],[-64.38731,10.29311],[-64.38509,10.29517],[-64.38202,10.2963],[-64.37928,10.29616],[-64.37762,10.29974],[-64.37422,10.30029],[-64.37341,10.29937],[-64.37098,10.29943]]}},{"type":"Feature","id":"way/967677496","properties":{"name":"Avenida Antonio Jos\u00e9 de Sucre","highway":"trunk","ref":"T-9"},"geometry":{"type":"LineString","coordinates":[[-64.25768,10.36958],[-64.25307,10.37661],[-64.25265,10.38602],[-64.25156,10.38843],[-64.2408,10.39867],[-64.23261,10.39994],[-64.2291,10.40432],[-64.22364,10.40766]]}},{"type":"Feature","id":"way/967677497","properties":{"name":"Avenida Antonio Jos\u00e9 de Sucre","highway":"trunk","ref":"T-9"},"geometry":{"type":"LineString","coordinates":[[-64.22366,10.40777],[-64.22947,10.40413],[-64.23242,10.40015],[-64.24086,10.39874],[-64.25163,10.38849],[-64.25274,10.38604],[-64.25316,10.37664],[-64.25817,10.36911]]}},{"type":"Feature","id":"way/967677498","properties":{"name":"Empalme de Barbacoas","highway":"trunk_link"},"geometry":{"type":"LineString","coordinates":[[-64.25817,10.36911],[-64.25955,10.36877]]}},{"type":"Feature","id":"way/967677499","properties":{"name":"Empalme de Barbacoas","highway":"trunk_link"},"geometry":{"type":"LineString","coordinates":[[-64.25768,10.36958],[-64.257,10.37015]]}},{"type":"Feature","id":"way/967677500","properties":{"name":"Avenida Antonio Jos\u00e9 de Sucre","highway":"trunk","ref":"T-9"},"geometry":{"type":"LineString","coordinates":[[-64.22085,10.41062],[-64.22052,10.41089]]}},{"type":"Feature","id":"way/967677501","properties":{"name":"Avenida Antonio Jos\u00e9 de Sucre","highway":"trunk","ref":"T-9"},"geometry":{"type":"LineString","coordinates":[[-64.22058,10.41096],[-64.22086,10.41074]]}},{"type":"Feature","id":"way/967677504","properties":{"name":"Autopista Antonio Jos\u00e9 de Sucre","highway":"trunk","ref":"T-9"},"geometry":{"type":"LineString","coordinates":[[-64.40517,10.27444],[-64.40417,10.27462]]}},{"type":"Feature","id":"way/967682475","properties":{"name":"Empalme de Bella Vista","highway":"trunk_link"},"geometry":{"type":"LineString","coordinates":[[-64.29022,10.33603],[-64.29059,10.33646]]}},{"type":"Feature","id":"way/967682476","properties":{"name":"Empalme de Bella Vista","highway":"trunk_link"},"geometry":{"type":"LineString","coordinates":[[-64.29016,10.33607],[-64.29054,10.33655]]}},{"type":"Feature","id":"way/967682477","properties":{"name":"Empalme de Bella Vista","highway":"trunk_link"},"geometry":{"type":"LineString","coordinates":[[-64.2908,10.33484],[-64.28933,10.33652]]}},{"type":"Feature","id":"way/967682478","properties":{"name":"Empalme de Bella Vista","highway":"trunk_link"},"geometry":{"type":"LineString","coordinates":[[-64.28929,10.33666],[-64.29085,10.33509]]}},{"type":"Feature","id":"way/967682479","properties":{"name":"Empalme de Barbacoas","highway":"trunk_link"},"geometry":{"type":"LineString","coordinates":[[-64.2585,10.36901],[-64.25874,10.36923]]}},{"type":"Feature","id":"way/967682480","properties":{"name":"Empalme de El Tacal","highway":"trunk_link"},"geometry":{"type":"LineString","coordinates":[[-64.25247,10.37768],[-64.25283,10.37803]]}},{"type":"Feature","id":"way/967682481","properties":{"name":"Empalme de El Tacal","highway":"trunk_link"},"geometry":{"type":"LineString","coordinates":[[-64.25285,10.37751],[-64.25247,10.37768]]}},{"type":"Feature","id":"way/967683225","properties":{"name":"Carretera Nacional Puerto La Cruz - Cuman\u00e1","highway":"trunk","ref":"T-9"},"geometry":{"type":"LineString","coordinates":[[-64.47766,10.2443],[-64.47767,10.24442]]}},{"type":"Feature","id":"way/967683226","properties":{"name":"Carretera Nacional Puerto La Cruz - Cuman\u00e1","highway":"trunk","ref":"T-9"},"geometry":{"type":"LineString","coordinates":[[-64.47767,10.24442],[-64.47725,10.24609],[-64.47204,10.24826],[-64.46938,10.2487],[-64.46714,10.2472],[-64.46555,10.24871],[-64.46368,10.24895],[-64.46408,10.25071],[-64.4627,10.25139]]}},{"type":"Feature","id":"way/967684111","properties":{"name":"Viaducto San Esteban","highway":"motorway","ref":"T-9"},"geometry":{"type":"LineString","coordinates":[[-64.38094,10.29501],[-64.37953,10.29501]]}},{"type":"Feature","id":"way/967684112","properties":{"name":"Viaducto San Esteban","highway":"motorway","ref":"T-9"},"geometry":{"type":"LineString","coordinates":[[-64.37957,10.29511],[-64.38098,10.29513]]}},{"type":"Feature","id":"way/967684113","properties":{"name":"Autopista Antonio Jos\u00e9 de Sucre","highway":"motorway","ref":"T-9"},"geometry":{"type":"LineString","coordinates":[[-64.38098,10.29513],[-64.38311,10.29496],[-64.38562,10.29265],[-64.38967,10.29214],[-64.39119,10.29052],[-64.39152,10.28829]]}},{"type":"Feature","id":"way/967684114","properties":{"name":"Autopista Antonio Jos\u00e9 de Sucre","highway":"motorway","ref":"T-9"},"geometry":{"type":"LineString","coordinates":[[-64.39142,10.28829],[-64.39101,10.29065],[-64.38961,10.29206],[-64.38559,10.29256],[-64.38306,10.29487],[-64.38094,10.29501]]}},{"type":"Feature","id":"way/967685467","properties":{"name":"Distribuidor El Merey","highway":"trunk_link","ref":"T-9"},"geometry":{"type":"LineString","coordinates":[[-64.3135,10.332],[-64.31357,10.33175]]}},{"type":"Feature","id":"way/967685468","properties":{"name":"Distribuidor El Merey","highway":"trunk_link","ref":"T-9"},"geometry":{"type":"LineString","coordinates":[[-64.3107,10.33216],[-64.31243,10.33304],[-64.3135,10.332]]}},{"type":"Feature","id":"way/967685617","properties":{"name":"Avenida Antonio Jos\u00e9 de Sucre","highway":"trunk","ref":"T-9"},"geometry":{"type":"LineString","coordinates":[[-64.28884,10.33696],[-64.29239,10.33029],[-64.29455,10.32875],[-64.30306,10.3264],[-64.30957,10.32994]]}},{"type":"Feature","id":"way/967685618","properties":{"name":"Avenida Antonio Jos\u00e9 de Sucre","highway":"trunk","ref":"T-9"},"geometry":{"type":"LineString","coordinates":[[-64.28848,10.3372],[-64.28884,10.33696]]}},{"type":"Feature","id":"way/967685619","properties":{"name":"Avenida Antonio Jos\u00e9 de Sucre","highway":"trunk","ref":"T-9"},"geometry":{"type":"LineString","coordinates":[[-64.28879,10.33689],[-64.28843,10.33712]]}},{"type":"Feature","id":"way/967685620","properties":{"name":"Avenida Antonio Jos\u00e9 de Sucre","highway":"trunk","ref":"T-9"},"geometry":{"type":"LineString","coordinates":[[-64.30994,10.33004],[-64.30308,10.32628],[-64.29451,10.32864],[-64.2923,10.33022],[-64.28879,10.33689]]}},{"type":"Feature","id":"way/967687556","properties":{"name":"Avenida Antonio Jos\u00e9 de Sucre","highway":"trunk","ref":"T-9"},"geometry":{"type":"LineString","coordinates":[[-64.26078,10.36668],[-64.26045,10.36692]]}},{"type":"Feature","id":"way/967687557","properties":{"name":"Avenida Antonio Jos\u00e9 de Sucre","highway":"trunk","ref":"T-9"},"geometry":{"type":"LineString","coordinates":[[-64.26045,10.36692],[-64.25768,10.36958]]}},{"type":"Feature","id":"way/967687558","properties":{"name":"Avenida Antonio Jos\u00e9 de Sucre","highway":"trunk","ref":"T-9"},"geometry":{"type":"LineString","coordinates":[[-64.26053,10.36697],[-64.26087,10.36674]]}},{"type":"Feature","id":"way/967687559","properties":{"name":"Avenida Antonio Jos\u00e9 de Sucre","highway":"trunk","ref":"T-9"},"geometry":{"type":"LineString","coordinates":[[-64.25817,10.36911],[-64.26053,10.36697]]}},{"type":"Feature","id":"way/967688581","properties":{"name":"Empalme de Los Bordones","highway":"trunk_link"},"geometry":{"type":"LineString","coordinates":[[-64.22017,10.41174],[-64.22147,10.4101]]}},{"type":"Feature","id":"way/967689202","properties":{"name":"Avenida Antonio Jos\u00e9 de Sucre","highway":"trunk","ref":"T-9"},"geometry":{"type":"LineString","coordinates":[[-64.22344,10.408],[-64.22366,10.40777]]}},{"type":"Feature","id":"way/967689203","properties":{"name":"Avenida Antonio Jos\u00e9 de Sucre","highway":"trunk","ref":"T-9"},"geometry":{"type":"LineString","coordinates":[[-64.22086,10.41074],[-64.22344,10.408]]}},{"type":"Feature","id":"way/967689204","properties":{"name":"Avenida Antonio Jos\u00e9 de Sucre","highway":"trunk","ref":"T-9"},"geometry":{"type":"LineString","coordinates":[[-64.22364,10.40766],[-64.22343,10.40788]]}},{"type":"Feature","id":"way/967689205","properties":{"name":"Avenida Antonio Jos\u00e9 de Sucre","highway":"trunk","ref":"T-9"},"geometry":{"type":"LineString","coordinates":[[-64.22343,10.40788],[-64.22085,10.41062]]}},{"type":"Feature","id":"way/967814658","properties":{"name":"Carretera Vieja Puerto La Cruz - Cuman\u00e1","highway":"primary","ref":"T-9"},"geometry":{"type":"LineString","coordinates":[[-64.25874,10.36923],[-64.25756,10.37018]]}},{"type":"Feature","id":"way/967814659","properties":{"name":"Carretera Vieja Puerto La Cruz - Cuman\u00e1","highway":"primary","ref":"T-9"},"geometry":{"type":"LineString","coordinates":[[-64.25955,10.36877],[-64.25874,10.36923]]}},{"type":"Feature","id":"way/967814660","properties":{"name":"Carretera Vieja Puerto La Cruz - Cuman\u00e1","highway":"primary","ref":"T-9"},"geometry":{"type":"LineString","coordinates":[[-64.31028,10.33171],[-64.30803,10.33162],[-64.30659,10.32977],[-64.30526,10.33063],[-64.30041,10.33014],[-64.299,10.32859],[-64.29771,10.32999],[-64.29426,10.32994],[-64.29428,10.33258],[-64.29095,10.33304],[-64.29076,10.33611],[-64.28924,10.33902],[-64.28785,10.33961],[-64.28712,10.34149],[-64.2849,10.34223],[-64.2847,10.34454],[-64.2819,10.34723],[-64.28046,10.35038],[-64.27792,10.35182],[-64.27778,10.35416],[-64.27321,10.36048],[-64.26501,10.36725],[-64.25955,10.36877]]}},{"type":"Feature","id":"way/967814661","properties":{"name":"Carretera Nacional Puerto La Cruz - Cuman\u00e1","highway":"trunk","ref":"T-9"},"geometry":{"type":"LineString","coordinates":[[-64.31065,10.33276],[-64.31031,10.33212]]}},{"type":"Feature","id":"way/967814662","properties":{"name":"Carretera Vieja Puerto La Cruz - Cuman\u00e1","highway":"primary","ref":"T-9"},"geometry":{"type":"LineString","coordinates":[[-64.22017,10.41174],[-64.21947,10.41222]]}},{"type":"Feature","id":"way/967927947","properties":{"name":"Eje Rural Turimiquire","highway":"tertiary"},"geometry":{"type":"LineString","coordinates":[[-64.42476,10.22883],[-64.42774,10.22842]]}},{"type":"Feature","id":"way/967927948","properties":{"name":"Eje Rural Turimiquire","highway":"tertiary","ref":"R-38"},"geometry":{"type":"LineString","coordinates":[[-64.41697,10.25413],[-64.41619,10.25658],[-64.41907,10.26337],[-64.41656,10.26662],[-64.41612,10.27023],[-64.41441,10.27267],[-64.41515,10.277]]}},{"type":"Feature","id":"way/967927980","properties":{"name":"Paso El Naranjo","highway":"tertiary"},"geometry":{"type":"LineString","coordinates":[[-64.42778,10.22768],[-64.42793,10.22798]]}},{"type":"Feature","id":"way/967996036","properties":{"name":"Eje Rural Turimiquire","highway":"tertiary","ref":"R-38"},"geometry":{"type":"LineString","coordinates":[[-64.41877,10.23289],[-64.41618,10.23482],[-64.41811,10.2383],[-64.41669,10.23973]]}},{"type":"Feature","id":"way/967996037","properties":{"name":"Eje Rural Turimiquire","highway":"tertiary","ref":"R-38"},"geometry":{"type":"LineString","coordinates":[[-64.42476,10.22883],[-64.4202,10.23],[-64.41877,10.23289]]}},{"type":"Feature","id":"way/967996637","properties":{"name":"Puente San Pedro","highway":"tertiary"},"geometry":{"type":"LineString","coordinates":[[-64.41738,10.21894],[-64.41718,10.21877]]}},{"type":"Feature","id":"way/967996638","properties":{"name":"Eje Rural Turimiquire","highway":"tertiary"},"geometry":{"type":"LineString","coordinates":[[-64.42335,10.22303],[-64.42115,10.22078],[-64.41738,10.21894]]}},{"type":"Feature","id":"way/967996642","properties":{"name":"Paso El Naranjo","highway":"tertiary"},"geometry":{"type":"LineString","coordinates":[[-64.42772,10.22763],[-64.42778,10.22768]]}},{"type":"Feature","id":"way/967996643","properties":{"name":"Paso El Naranjo","highway":"tertiary"},"geometry":{"type":"LineString","coordinates":[[-64.42793,10.22798],[-64.42793,10.22816]]}},{"type":"Feature","id":"way/967996644","properties":{"name":"Eje Rural Turimiquire","highway":"tertiary"},"geometry":{"type":"LineString","coordinates":[[-64.42772,10.22763],[-64.42756,10.22757]]}},{"type":"Feature","id":"way/967996645","properties":{"name":"Eje Rural Turimiquire","highway":"tertiary"},"geometry":{"type":"LineString","coordinates":[[-64.42774,10.22842],[-64.42793,10.22816]]}},{"type":"Feature","id":"way/967997494","properties":{"name":"Puente El Maco","highway":"tertiary"},"geometry":{"type":"LineString","coordinates":[[-64.41643,10.21732],[-64.4162,10.21714]]}},{"type":"Feature","id":"way/967997495","properties":{"name":"Eje Rural Turimiquire","highway":"tertiary"},"geometry":{"type":"LineString","coordinates":[[-64.41718,10.21877],[-64.41643,10.21732]]}},{"type":"Feature","id":"way/968005016","properties":{"name":"Eje Rural Turimiquire","highway":"tertiary"},"geometry":{"type":"LineString","coordinates":[[-64.35373,10.17306],[-64.35014,10.16806],[-64.34581,10.16693]]}},{"type":"Feature","id":"way/968005017","properties":{"name":"Eje Rural Turimiquire","highway":"tertiary"},"geometry":{"type":"LineString","coordinates":[[-64.36635,10.17382],[-64.36003,10.17519],[-64.35373,10.17306]]}},{"type":"Feature","id":"way/968005018","properties":{"name":"Eje Rural Turimiquire","highway":"tertiary"},"geometry":{"type":"LineString","coordinates":[[-64.40596,10.17448],[-64.39194,10.17771],[-64.38965,10.1762],[-64.37963,10.17695],[-64.37211,10.17562],[-64.36841,10.17364],[-64.36635,10.17382]]}},{"type":"Feature","id":"way/968005019","properties":{"name":"Eje Rural Turimiquire","highway":"tertiary"},"geometry":{"type":"LineString","coordinates":[[-64.42809,10.17706],[-64.41599,10.17356],[-64.41119,10.17483],[-64.40596,10.17448]]}},{"type":"Feature","id":"way/968005020","properties":{"name":"Eje Rural Turimiquire","highway":"tertiary"},"geometry":{"type":"LineString","coordinates":[[-64.41622,10.19782],[-64.4163,10.19671]]}},{"type":"Feature","id":"way/968005021","properties":{"name":"Eje Rural Turimiquire","highway":"tertiary"},"geometry":{"type":"LineString","coordinates":[[-64.41711,10.21342],[-64.41772,10.20954],[-64.41622,10.20628]]}},{"type":"Feature","id":"way/968005022","properties":{"name":"Eje Rural Turimiquire","highway":"tertiary"},"geometry":{"type":"LineString","coordinates":[[-64.4163,10.19671],[-64.41538,10.19453],[-64.41627,10.18938],[-64.41813,10.18649],[-64.42327,10.18472],[-64.42666,10.18231],[-64.42902,10.17924],[-64.42809,10.17706]]}},{"type":"Feature","id":"way/968015250","properties":{"name":"Eje Rural Turimiquire","highway":"tertiary","ref":"R-38"},"geometry":{"type":"LineString","coordinates":[[-64.41799,10.24744],[-64.41905,10.25161],[-64.41697,10.25413]]}},{"type":"Feature","id":"way/968015251","properties":{"name":"Eje Rural Turimiquire","highway":"tertiary","ref":"R-38"},"geometry":{"type":"LineString","coordinates":[[-64.41665,10.24316],[-64.41626,10.24459],[-64.41781,10.24597],[-64.41799,10.24744]]}},{"type":"Feature","id":"way/968015252","properties":{"name":"Eje Rural Turimiquire","highway":"tertiary","ref":"R-38"},"geometry":{"type":"LineString","coordinates":[[-64.41669,10.23973],[-64.41605,10.24089],[-64.41665,10.24316]]}},{"type":"Feature","id":"way/968015253","properties":{"name":"Eje Rural Turimiquire","highway":"tertiary"},"geometry":{"type":"LineString","coordinates":[[-64.42756,10.22757],[-64.42335,10.22303]]}},{"type":"Feature","id":"way/968015254","properties":{"name":"Eje Rural Turimiquire","highway":"tertiary"},"geometry":{"type":"LineString","coordinates":[[-64.4162,10.21714],[-64.41711,10.21342]]}},{"type":"Feature","id":"way/968015255","properties":{"name":"Eje Rural Turimiquire","highway":"tertiary"},"geometry":{"type":"LineString","coordinates":[[-64.41622,10.20628],[-64.41409,10.20135],[-64.41622,10.19782]]}},{"type":"Feature","id":"way/968515725","properties":{"name":"Carretera Nacional Puerto La Cruz - Cuman\u00e1","highway":"trunk","ref":"T-9"},"geometry":{"type":"LineString","coordinates":[[-64.42464,10.28132],[-64.42177,10.28076],[-64.41181,10.27511],[-64.40943,10.27474]]}},{"type":"Feature","id":"way/968842812","properties":{"name":"Autopista Antonio Jos\u00e9 de Sucre","highway":"motorway","ref":"T-9"},"geometry":{"type":"LineString","coordinates":[[-64.39152,10.28829],[-64.3915,10.28759]]}},{"type":"Feature","id":"way/968842813","properties":{"name":"Autopista Antonio Jos\u00e9 de Sucre","highway":"motorway","ref":"T-9"},"geometry":{"type":"LineString","coordinates":[[-64.3915,10.28759],[-64.39242,10.28372],[-64.40417,10.27462]]}},{"type":"Feature","id":"way/968842814","properties":{"name":"Autopista Antonio Jos\u00e9 de Sucre","highway":"motorway","ref":"T-9"},"geometry":{"type":"LineString","coordinates":[[-64.39139,10.28759],[-64.39142,10.28829]]}},{"type":"Feature","id":"way/968842815","properties":{"name":"Autopista Antonio Jos\u00e9 de Sucre","highway":"motorway","ref":"T-9"},"geometry":{"type":"LineString","coordinates":[[-64.40417,10.27462],[-64.39248,10.28351],[-64.39139,10.28759]]}},{"type":"Feature","id":"way/968860935","properties":{"name":"Carretera Vieja Puerto La Cruz - Cuman\u00e1","highway":"tertiary","ref":"T-9"},"geometry":{"type":"LineString","coordinates":[[-64.37098,10.29943],[-64.3694,10.29908],[-64.36026,10.30248],[-64.35804,10.30235],[-64.35519,10.30746],[-64.35084,10.30933]]}},{"type":"Feature","id":"way/969330277","properties":{"name":"Eje Rural Los Altos","highway":"tertiary","ref":"R-38"},"geometry":{"type":"LineString","coordinates":[[-64.47861,10.21993],[-64.46712,10.22355]]}},{"type":"Feature","id":"way/969330278","properties":{"name":"Eje Rural Los Altos","highway":"tertiary","ref":"R-38"},"geometry":{"type":"LineString","coordinates":[[-64.45645,10.22734],[-64.45431,10.22996]]}},{"type":"Feature","id":"way/969330279","properties":{"name":"Eje Rural Los Altos","highway":"tertiary","ref":"R-38"},"geometry":{"type":"LineString","coordinates":[[-64.45431,10.22996],[-64.45201,10.23148],[-64.4501,10.22953],[-64.4463,10.22914],[-64.44504,10.22773],[-64.4461,10.22958],[-64.44785,10.23033]]}},{"type":"Feature","id":"way/969330280","properties":{"name":"Eje Rural Los Altos","highway":"tertiary","ref":"R-38"},"geometry":{"type":"LineString","coordinates":[[-64.44785,10.23033],[-64.44973,10.23199],[-64.45001,10.23353],[-64.44604,10.23387],[-64.44589,10.23555],[-64.4434,10.23438],[-64.44233,10.23574],[-64.44075,10.23432],[-64.43938,10.23562],[-64.43848,10.23506]]}},{"type":"Feature","id":"way/969330281","properties":{"name":"Eje Rural Los Altos","highway":"tertiary","ref":"R-38"},"geometry":{"type":"LineString","coordinates":[[-64.43848,10.23506],[-64.43459,10.23363],[-64.42942,10.23459],[-64.42897,10.23191],[-64.42812,10.23158],[-64.42498,10.2326],[-64.42383,10.23192],[-64.42454,10.23004],[-64.42377,10.22985],[-64.42542,10.22923],[-64.42476,10.22883]]}},{"type":"Feature","id":"way/969631695","properties":{"name":"Eje Rural Los Altos","highway":"secondary","ref":"R-38"},"geometry":{"type":"LineString","coordinates":[[-64.52464,10.21962],[-64.52518,10.22078],[-64.52233,10.21907],[-64.52231,10.22004],[-64.51974,10.21901],[-64.51725,10.22021],[-64.5156,10.21957],[-64.5107,10.22145],[-64.50778,10.22131]]}},{"type":"Feature","id":"way/969631696","properties":{"name":"Eje Rural Los Altos","highway":"secondary","ref":"R-38"},"geometry":{"type":"LineString","coordinates":[[-64.50778,10.22131],[-64.50017,10.21869],[-64.49171,10.21725],[-64.4897,10.21868],[-64.48162,10.22026],[-64.47861,10.21993]]}},{"type":"Feature","id":"way/969646588","properties":{"name":"Carretera Nacional Puerto La Cruz - Cuman\u00e1","highway":"trunk","ref":"T-9"},"geometry":{"type":"LineString","coordinates":[[-64.48813,10.24179],[-64.48209,10.2418]]}},{"type":"Feature","id":"way/969646589","properties":{"name":"Carretera Nacional Puerto La Cruz - Cuman\u00e1","highway":"trunk","ref":"T-9"},"geometry":{"type":"LineString","coordinates":[[-64.49348,10.23773],[-64.4899,10.23865],[-64.48964,10.2405],[-64.48813,10.24179]]}},{"type":"Feature","id":"way/969646590","properties":{"name":"Carretera Nacional Puerto La Cruz - Cuman\u00e1","highway":"trunk","ref":"T-9"},"geometry":{"type":"LineString","coordinates":[[-64.48209,10.2418],[-64.48055,10.24141],[-64.4783,10.24238],[-64.47766,10.2443]]}},{"type":"Feature","id":"way/969646591","properties":{"name":"Carretera Nacional Puerto La Cruz - Cuman\u00e1","highway":"trunk","ref":"T-9"},"geometry":{"type":"LineString","coordinates":[[-64.4627,10.25139],[-64.46189,10.2526],[-64.45902,10.25197],[-64.45749,10.25317],[-64.4555,10.25239]]}},{"type":"Feature","id":"way/969646592","properties":{"name":"Carretera Nacional Puerto La Cruz - Cuman\u00e1","highway":"trunk","ref":"T-9"},"geometry":{"type":"LineString","coordinates":[[-64.4555,10.25239],[-64.45282,10.25583]]}},{"type":"Feature","id":"way/969646593","properties":{"name":"Carretera Nacional Puerto La Cruz - Cuman\u00e1","highway":"trunk","ref":"T-9"},"geometry":{"type":"LineString","coordinates":[[-64.45282,10.25583],[-64.4546,10.25799],[-64.45526,10.26145],[-64.45362,10.26264],[-64.44971,10.26293]]}},{"type":"Feature","id":"way/1001791092","properties":{"name":"Avenida Cancamure","highway":"secondary"},"geometry":{"type":"LineString","coordinates":[[-64.1517,10.42954],[-64.15511,10.4319]]}},{"type":"Feature","id":"way/1001791618","properties":{"name":"Avenida Cancamure","highway":"secondary"},"geometry":{"type":"LineString","coordinates":[[-64.14505,10.41965],[-64.14515,10.41982]]}},{"type":"Feature","id":"way/1002967525","properties":{"name":"Carretera Nacional Car\u00fapano - G\u00fciria","highway":"trunk","ref":"T-9"},"geometry":{"type":"LineString","coordinates":[[-62.90305,10.59651],[-62.91469,10.59314],[-62.9212,10.59482]]}},{"type":"Feature","id":"way/1002967526","properties":{"name":"Carretera Nacional Car\u00fapano - G\u00fciria","highway":"trunk","ref":"T-9"},"geometry":{"type":"LineString","coordinates":[[-62.90263,10.59651],[-62.90305,10.59651]]}},{"type":"Feature","id":"way/1002967527","properties":{"name":"Carretera Nacional Car\u00fapano - G\u00fciria","highway":"trunk","ref":"T-9"},"geometry":{"type":"LineString","coordinates":[[-62.92151,10.59472],[-62.92803,10.59197]]}},{"type":"Feature","id":"way/1002967528","properties":{"name":"Carretera Nacional Car\u00fapano - G\u00fciria","highway":"trunk","ref":"T-9"},"geometry":{"type":"LineString","coordinates":[[-62.9212,10.59482],[-62.92151,10.59472]]}},{"type":"Feature","id":"way/1002976031","properties":{"name":"Carretera Nacional Car\u00fapano - G\u00fciria","highway":"trunk","ref":"T-9"},"geometry":{"type":"LineString","coordinates":[[-62.64698,10.60105],[-62.64722,10.60113]]}},{"type":"Feature","id":"way/1002976032","properties":{"name":"Carretera Nacional Car\u00fapano - G\u00fciria","highway":"trunk","ref":"T-9"},"geometry":{"type":"LineString","coordinates":[[-62.51627,10.61821],[-62.52345,10.61317],[-62.52516,10.60853],[-62.52781,10.6077],[-62.53149,10.60363],[-62.53232,10.60106],[-62.53861,10.60179],[-62.54866,10.59491],[-62.55552,10.59551],[-62.56143,10.59141],[-62.56563,10.59136],[-62.56864,10.59246],[-62.57594,10.59112],[-62.58772,10.59231],[-62.59459,10.59075],[-62.61019,10.59072],[-62.61306,10.59235],[-62.61595,10.59123],[-62.6206,10.5943],[-62.627,10.59516],[-62.62968,10.59847],[-62.63537,10.60211],[-62.64159,10.60021],[-62.64698,10.60105]]}},{"type":"Feature","id":"way/1002977115","properties":{"name":"Carretera Nacional Car\u00fapano - G\u00fciria","highway":"trunk","ref":"T-9"},"geometry":{"type":"LineString","coordinates":[[-62.51599,10.61828],[-62.51627,10.61821]]}},{"type":"Feature","id":"way/1002977116","properties":{"name":"Carretera Nacional Car\u00fapano - G\u00fciria","highway":"trunk","ref":"T-9"},"geometry":{"type":"LineString","coordinates":[[-62.43051,10.60858],[-62.43321,10.60688],[-62.44579,10.60469],[-62.45124,10.60216],[-62.45276,10.60001],[-62.45881,10.5963],[-62.46237,10.59693],[-62.46398,10.59824],[-62.4692,10.60452],[-62.4702,10.6072],[-62.47341,10.60743],[-62.47481,10.60529],[-62.47614,10.60522],[-62.48033,10.60783],[-62.4859,10.6144],[-62.48889,10.61461],[-62.49103,10.61648],[-62.49416,10.61595],[-62.49803,10.62315],[-62.49825,10.6264],[-62.49926,10.62758],[-62.50077,10.62728],[-62.5058,10.62156],[-62.51599,10.61828]]}},{"type":"Feature","id":"way/1002978821","properties":{"name":"Carretera Nacional Car\u00fapano - G\u00fciria","highway":"trunk","ref":"T-9"},"geometry":{"type":"LineString","coordinates":[[-62.41927,10.60988],[-62.4231,10.60926],[-62.42503,10.61149],[-62.43016,10.60875]]}},{"type":"Feature","id":"way/1002978822","properties":{"name":"Carretera Nacional Car\u00fapano - G\u00fciria","highway":"trunk","ref":"T-9"},"geometry":{"type":"LineString","coordinates":[[-62.41891,10.60988],[-62.41927,10.60988]]}},{"type":"Feature","id":"way/1002978823","properties":{"name":"Carretera Nacional Car\u00fapano - G\u00fciria","highway":"trunk","ref":"T-9"},"geometry":{"type":"LineString","coordinates":[[-62.43016,10.60875],[-62.43051,10.60858]]}},{"type":"Feature","id":"way/1002978824","properties":{"name":"Carretera Nacional Car\u00fapano - G\u00fciria","highway":"trunk","ref":"T-9"},"geometry":{"type":"LineString","coordinates":[[-62.30767,10.58609],[-62.31434,10.59096],[-62.32017,10.59863],[-62.32614,10.60277],[-62.33653,10.60817],[-62.34091,10.60945],[-62.35276,10.61162],[-62.35483,10.60996],[-62.35798,10.6101],[-62.3665,10.6142],[-62.36826,10.61373],[-62.37059,10.61058],[-62.37177,10.61042],[-62.37713,10.61314],[-62.37997,10.61236],[-62.38231,10.61367],[-62.38871,10.61448],[-62.39142,10.61247],[-62.40054,10.61287],[-62.40353,10.61189],[-62.40766,10.61305],[-62.40856,10.61039],[-62.41124,10.6086],[-62.41421,10.60979],[-62.41891,10.60988]]}},{"type":"Feature","id":"way/1030503344","properties":{"name":"V\u00eda a Guariqu\u00e9n","highway":"tertiary"},"geometry":{"type":"LineString","coordinates":[[-63.02105,10.296],[-63.01324,10.29826],[-63.01133,10.29643],[-63.01041,10.29681],[-63.00235,10.29279],[-62.99988,10.28754],[-63.00024,10.28283],[-63.00204,10.27848],[-63.00067,10.27519],[-63.00232,10.27234],[-63.00041,10.27008],[-62.99944,10.26639],[-62.99741,10.26558],[-62.99622,10.26356],[-62.99351,10.26381],[-62.99141,10.26558],[-62.98694,10.26537],[-62.98612,10.26238],[-62.98411,10.26285],[-62.98081,10.26194],[-62.97482,10.25505],[-62.97215,10.25625],[-62.96852,10.25634],[-62.96732,10.25776],[-62.96672,10.25647],[-62.96326,10.2554],[-62.95837,10.25752],[-62.95457,10.25761],[-62.95355,10.25698],[-62.95404,10.25505],[-62.95292,10.2549],[-62.94914,10.25854]]}},{"type":"Feature","id":"way/1046371491","properties":{"name":"Avenida Antonio Jos\u00e9 de Sucre","highway":"trunk","ref":"T-9"},"geometry":{"type":"LineString","coordinates":[[-64.18518,10.41686],[-64.18675,10.41665]]}},{"type":"Feature","id":"way/1046371492","properties":{"name":"Avenida Antonio Jos\u00e9 de Sucre","highway":"trunk","ref":"T-9"},"geometry":{"type":"LineString","coordinates":[[-64.18673,10.41652],[-64.18493,10.41675]]}},{"type":"Feature","id":"way/1047670762","properties":{"name":"V\u00eda a Punta Araya","highway":"secondary"},"geometry":{"type":"LineString","coordinates":[[-64.28197,10.63531],[-64.27932,10.62842],[-64.27009,10.62419],[-64.26924,10.62263],[-64.2668,10.61586],[-64.26666,10.6117],[-64.26673,10.6076],[-64.26942,10.60353],[-64.26044,10.58664],[-64.26112,10.58361]]}},{"type":"Feature","id":"way/1047671134","properties":{"name":"V\u00eda a La Angoleta","highway":"tertiary"},"geometry":{"type":"LineString","coordinates":[[-64.11267,10.57267],[-64.1139,10.573],[-64.11735,10.57145],[-64.12133,10.5716],[-64.1226,10.57031],[-64.12482,10.57136],[-64.1255,10.57282],[-64.1247,10.5731],[-64.12513,10.57495],[-64.12322,10.57575],[-64.12208,10.57861],[-64.12441,10.57966],[-64.13102,10.57852]]}},{"type":"Feature","id":"way/1049090249","properties":{"highway":"tertiary"},"geometry":{"type":"LineString","coordinates":[[-64.16745,10.42577],[-64.16585,10.42653],[-64.16117,10.42439],[-64.15131,10.42231]]}},{"type":"Feature","id":"way/1049090250","properties":{"highway":"tertiary"},"geometry":{"type":"LineString","coordinates":[[-64.16752,10.42585],[-64.16745,10.42577]]}},{"type":"Feature","id":"way/1049090251","properties":{"highway":"tertiary"},"geometry":{"type":"LineString","coordinates":[[-64.17064,10.43007],[-64.17065,10.43184],[-64.16889,10.43216]]}},{"type":"Feature","id":"way/1049095366","properties":{"name":"V\u00eda a Cancamure","highway":"tertiary"},"geometry":{"type":"LineString","coordinates":[[-64.20662,10.30054],[-64.20492,10.30618],[-64.20549,10.31169],[-64.20211,10.31699],[-64.20679,10.32432]]}},{"type":"Feature","id":"way/1049095367","properties":{"name":"V\u00eda a Cancamure","highway":"secondary"},"geometry":{"type":"LineString","coordinates":[[-64.18414,10.36285],[-64.1803,10.36619],[-64.18063,10.36865],[-64.17718,10.37219],[-64.17487,10.37748],[-64.16825,10.37948],[-64.16678,10.38086],[-64.16692,10.38341],[-64.16363,10.39058],[-64.16067,10.39177],[-64.15691,10.39169],[-64.15227,10.39428],[-64.14681,10.40218],[-64.14786,10.40776],[-64.14651,10.41285],[-64.14251,10.4159],[-64.14375,10.41829]]}},{"type":"Feature","id":"way/1049096805","properties":{"name":"Recta de Nurucual","highway":"tertiary","ref":"T-9"},"geometry":{"type":"LineString","coordinates":[[-64.38773,10.28831],[-64.39094,10.29029]]}},{"type":"Feature","id":"way/1049137265","properties":{"name":"Carretera El Pilar - Aj\u00edes","highway":"secondary"},"geometry":{"type":"LineString","coordinates":[[-63.15089,10.54475],[-63.14552,10.54025],[-63.14465,10.53744]]}},{"type":"Feature","id":"way/1049137266","properties":{"name":"Carretera El Pilar - Aj\u00edes","highway":"secondary"},"geometry":{"type":"LineString","coordinates":[[-63.12068,10.49449],[-63.1265,10.50204],[-63.1271,10.50571],[-63.12999,10.5089]]}},{"type":"Feature","id":"way/1049137267","properties":{"name":"Carretera El Pilar - Aj\u00edes","highway":"secondary"},"geometry":{"type":"LineString","coordinates":[[-63.11464,10.4927],[-63.11303,10.4876],[-63.11033,10.48526],[-63.10915,10.48266],[-63.10608,10.48108],[-63.1046,10.47329]]}},{"type":"Feature","id":"way/1049137268","properties":{"highway":"secondary"},"geometry":{"type":"LineString","coordinates":[[-63.15061,10.54635],[-63.14843,10.54834]]}},{"type":"Feature","id":"way/1049139129","properties":{"name":"Avenida Juncal","highway":"secondary"},"geometry":{"type":"LineString","coordinates":[[-63.24726,10.6692],[-63.24624,10.67053]]}},{"type":"Feature","id":"way/1049143725","properties":{"highway":"tertiary"},"geometry":{"type":"LineString","coordinates":[[-63.11809,10.68387],[-63.11568,10.68987],[-63.11289,10.69166],[-63.11089,10.69183]]}},{"type":"Feature","id":"way/1049149100","properties":{"name":"V\u00eda a Mundo Nuevo","highway":"tertiary","ref":"R-11"},"geometry":{"type":"LineString","coordinates":[[-62.55051,10.61849],[-62.54983,10.61432],[-62.5477,10.61104],[-62.54703,10.60745],[-62.54538,10.60588]]}},{"type":"Feature","id":"way/1049149930","properties":{"name":"V\u00eda a R\u00edo Salado","highway":"tertiary"},"geometry":{"type":"LineString","coordinates":[[-62.27872,10.5982],[-62.27427,10.60297]]}},{"type":"Feature","id":"way/1056850870","properties":{"highway":"tertiary"},"geometry":{"type":"LineString","coordinates":[[-62.26103,10.63822],[-62.26366,10.64246]]}},{"type":"Feature","id":"way/1056851482","properties":{"name":"V\u00eda a San Juan de Las Galdonas","highway":"secondary"},"geometry":{"type":"LineString","coordinates":[[-62.85092,10.70701],[-62.86084,10.70046],[-62.86387,10.69656],[-62.86375,10.69264],[-62.86505,10.69232],[-62.8648,10.69354],[-62.86694,10.69394],[-62.86633,10.69198],[-62.86745,10.68976],[-62.87237,10.68686]]}},{"type":"Feature","id":"way/1056851704","properties":{"highway":"secondary"},"geometry":{"type":"LineString","coordinates":[[-62.84449,10.70907],[-62.85092,10.70701]]}},{"type":"Feature","id":"way/1056852245","properties":{"name":"Eje Rural de Charcal","highway":"tertiary"},"geometry":{"type":"LineString","coordinates":[[-63.24414,10.58119],[-63.24413,10.58422],[-63.24035,10.59071],[-63.24119,10.59518],[-63.23998,10.59598],[-63.24168,10.59685],[-63.24384,10.59637],[-63.24368,10.59795]]}},{"type":"Feature","id":"way/1056852284","properties":{"name":"Eje Rural de Chuparipal","highway":"tertiary"},"geometry":{"type":"LineString","coordinates":[[-63.28655,10.55703],[-63.2841,10.55599],[-63.28392,10.55834],[-63.28148,10.55941],[-63.28052,10.55815],[-63.2801,10.55945],[-63.27861,10.55973],[-63.27989,10.56133],[-63.27955,10.56614],[-63.28331,10.57384]]}},{"type":"Feature","id":"way/1056856905","properties":{"name":"Eje Rural de Lourdes","highway":"tertiary"},"geometry":{"type":"LineString","coordinates":[[-63.31872,10.51972],[-63.31246,10.52209],[-63.31209,10.52543],[-63.30993,10.52712],[-63.30972,10.52612],[-63.30851,10.52719],[-63.30448,10.52661],[-63.30465,10.52974],[-63.30153,10.5335],[-63.3041,10.53464],[-63.29984,10.53859],[-63.2977,10.54336],[-63.29328,10.54617],[-63.29314,10.54812],[-63.29086,10.55157],[-63.28847,10.55326],[-63.28655,10.55703]]}},{"type":"Feature","id":"way/1056859819","properties":{"name":"Eje Rural de Campeare","highway":"tertiary","ref":"R-4"},"geometry":{"type":"LineString","coordinates":[[-63.39281,10.51778],[-63.39352,10.52013],[-63.39231,10.52299]]}},{"type":"Feature","id":"way/1056861340","properties":{"name":"Calle Malec\u00f3n","highway":"tertiary"},"geometry":{"type":"LineString","coordinates":[[-63.73606,10.49672],[-63.73436,10.4986]]}},{"type":"Feature","id":"way/1056861341","properties":{"name":"Calle Las Flores","highway":"tertiary"},"geometry":{"type":"LineString","coordinates":[[-63.73719,10.49593],[-63.73644,10.49691]]}},{"type":"Feature","id":"way/1056861342","properties":{"highway":"tertiary"},"geometry":{"type":"LineString","coordinates":[[-63.73644,10.49691],[-63.73606,10.49672]]}},{"type":"Feature","id":"way/1056861343","properties":{"name":"Carretera Campoma - Guacarapo","highway":"tertiary"},"geometry":{"type":"LineString","coordinates":[[-63.73436,10.4986],[-63.71487,10.49567],[-63.70764,10.4977],[-63.69706,10.49582],[-63.69313,10.49452],[-63.69076,10.49257],[-63.68882,10.49297],[-63.68311,10.49166],[-63.67705,10.49281],[-63.67217,10.49733],[-63.6705,10.49699],[-63.65167,10.50089],[-63.64369,10.50871],[-63.63734,10.51191],[-63.62045,10.5089],[-63.61394,10.50633]]}},{"type":"Feature","id":"way/1056862417","properties":{"name":"Carretera Manicuare - Merito","highway":"tertiary"},"geometry":{"type":"LineString","coordinates":[[-64.1995,10.55591],[-64.19546,10.55696],[-64.19185,10.55626],[-64.18437,10.55887],[-64.18164,10.5583],[-64.1784,10.56113],[-64.17784,10.5634],[-64.17585,10.56511],[-64.16962,10.56715],[-64.1711,10.56868],[-64.16675,10.57138]]}},{"type":"Feature","id":"way/1056862418","properties":{"highway":"tertiary"},"geometry":{"type":"LineString","coordinates":[[-64.13102,10.57852],[-64.13629,10.57814]]}},{"type":"Feature","id":"way/1056865864","properties":{"highway":"secondary","ref":"R-2"},"geometry":{"type":"LineString","coordinates":[[-63.50519,10.39463],[-63.50252,10.3967],[-63.50202,10.39946]]}},{"type":"Feature","id":"way/1056865865","properties":{"name":"V\u00eda a Catuaro","highway":"secondary","ref":"R-2"},"geometry":{"type":"LineString","coordinates":[[-63.50202,10.39946],[-63.50023,10.39926]]}},{"type":"Feature","id":"way/1056868588","properties":{"name":"Distribuidor Cantarana","highway":"trunk_link"},"geometry":{"type":"LineString","coordinates":[[-64.13727,10.42486],[-64.13813,10.42403]]}},{"type":"Feature","id":"way/1067640617","properties":{"highway":"primary_link","ref":"T-9"},"geometry":{"type":"LineString","coordinates":[[-64.18719,10.47237],[-64.18695,10.47217]]}},{"type":"Feature","id":"way/1070757841","properties":{"name":"Carretera Nacional Cuman\u00e1 - Car\u00fapano","highway":"trunk","ref":"T-9"},"geometry":{"type":"LineString","coordinates":[[-63.28115,10.66253],[-63.28626,10.66226]]}},{"type":"Feature","id":"way/1070757842","properties":{"name":"Carretera Nacional Cuman\u00e1 - Car\u00fapano","highway":"trunk","ref":"T-9"},"geometry":{"type":"LineString","coordinates":[[-63.30003,10.66635],[-63.29396,10.66334],[-63.28626,10.66226]]}},{"type":"Feature","id":"way/1070757843","properties":{"name":"Carretera Nacional Cuman\u00e1 - Car\u00fapano","highway":"trunk","ref":"T-9"},"geometry":{"type":"LineString","coordinates":[[-63.28626,10.66226],[-63.29455,10.66359],[-63.30003,10.66635]]}},{"type":"Feature","id":"way/1162906002","properties":{"name":"Avenida Cancamure","highway":"secondary"},"geometry":{"type":"LineString","coordinates":[[-64.14515,10.41982],[-64.1478,10.42538],[-64.1517,10.42954]]}},{"type":"Feature","id":"way/1174007745","properties":{"name":"Carretera Nacional Cuman\u00e1 - Car\u00fapano","highway":"trunk","ref":"T-9"},"geometry":{"type":"LineString","coordinates":[[-63.40009,10.6667],[-63.40589,10.66297]]}},{"type":"Feature","id":"way/1216732171","properties":{"name":"Elevado de El Indio","highway":"primary_link","ref":"T-9"},"geometry":{"type":"LineString","coordinates":[[-64.1834,10.45182],[-64.18312,10.45133]]}},{"type":"Feature","id":"way/1216732172","properties":{"name":"Elevado de El Indio","highway":"primary_link","ref":"T-9"},"geometry":{"type":"LineString","coordinates":[[-64.18312,10.45133],[-64.18319,10.45116]]}},{"type":"Feature","id":"way/1228763647","properties":{"highway":"primary_link"},"geometry":{"type":"LineString","coordinates":[[-64.17923,10.45658],[-64.1793,10.45661]]}},{"type":"Feature","id":"way/1233212062","properties":{"highway":"primary_link"},"geometry":{"type":"LineString","coordinates":[[-64.1913,10.44257],[-64.19125,10.44251]]}},{"type":"Feature","id":"way/1233212063","properties":{"highway":"primary_link"},"geometry":{"type":"LineString","coordinates":[[-64.19104,10.44278],[-64.19099,10.44272]]}},{"type":"Feature","id":"way/1233212064","properties":{"highway":"primary_link"},"geometry":{"type":"LineString","coordinates":[[-64.19071,10.44305],[-64.19065,10.443]]}},{"type":"Feature","id":"way/1242097397","properties":{"name":"Avenida Jos\u00e9 Francisco Berm\u00fadez","highway":"trunk","ref":"T-9"},"geometry":{"type":"LineString","coordinates":[[-63.25877,10.67077],[-63.25909,10.67084]]}},{"type":"Feature","id":"way/1242097398","properties":{"name":"Avenida Jos\u00e9 Francisco Berm\u00fadez","highway":"trunk","ref":"T-9"},"geometry":{"type":"LineString","coordinates":[[-63.25852,10.67067],[-63.25877,10.67077]]}},{"type":"Feature","id":"way/1242097399","properties":{"name":"Avenida Jos\u00e9 Francisco Berm\u00fadez","highway":"trunk","ref":"T-9"},"geometry":{"type":"LineString","coordinates":[[-63.2588,10.6707],[-63.25853,10.67061]]}},{"type":"Feature","id":"way/1242097400","properties":{"name":"Avenida Jos\u00e9 Francisco Berm\u00fadez","highway":"trunk","ref":"T-9"},"geometry":{"type":"LineString","coordinates":[[-63.25909,10.67084],[-63.2588,10.6707]]}},{"type":"Feature","id":"way/1245805406","properties":{"name":"Carretera Nacional Cuman\u00e1 - Car\u00fapano","highway":"trunk","ref":"T-9"},"geometry":{"type":"LineString","coordinates":[[-63.44151,10.64666],[-63.45264,10.64175],[-63.45531,10.64165],[-63.45828,10.63949],[-63.47534,10.63726],[-63.48381,10.63254],[-63.4884,10.62439]]}},{"type":"Feature","id":"way/1247469074","properties":{"name":"Carretera Regional Casanay - El Pilar","highway":"primary","ref":"L-5"},"geometry":{"type":"LineString","coordinates":[[-63.38307,10.51479],[-63.38714,10.5132],[-63.39269,10.513]]}},{"type":"Feature","id":"way/1299129577","properties":{"name":"Carretera Nacional Cuman\u00e1 - Matur\u00edn","highway":"trunk","ref":"L-1"},"geometry":{"type":"LineString","coordinates":[[-63.93417,10.29107],[-63.93409,10.29408],[-63.93929,10.29781],[-63.94017,10.30313],[-63.94163,10.30534],[-63.94569,10.31019],[-63.95226,10.31375]]}},{"type":"Feature","id":"way/1299129578","properties":{"name":"Carretera Nacional Cuman\u00e1 - Matur\u00edn","highway":"trunk","ref":"L-1"},"geometry":{"type":"LineString","coordinates":[[-63.95226,10.31375],[-63.95259,10.31391]]}},{"type":"Feature","id":"way/1327356885","properties":{"name":"Carretera Nacional Car\u00fapano - G\u00fciria","highway":"trunk","ref":"T-9"},"geometry":{"type":"LineString","coordinates":[[-62.83283,10.57303],[-62.83726,10.57225],[-62.84691,10.57487],[-62.85168,10.57451],[-62.8565,10.5775],[-62.86409,10.57807],[-62.87012,10.58062],[-62.87446,10.57957],[-62.88287,10.58199],[-62.88752,10.58804],[-62.8926,10.59128],[-62.89599,10.59657],[-62.90263,10.59651]]}},{"type":"Feature","id":"way/1327356886","properties":{"name":"Carretera Nacional Car\u00fapano - G\u00fciria","highway":"trunk","ref":"T-9"},"geometry":{"type":"LineString","coordinates":[[-62.83262,10.57302],[-62.83283,10.57303]]}},{"type":"Feature","id":"way/1455697503","properties":{"name":"Carretera Nacional Car\u00fapano - G\u00fciria","highway":"trunk","ref":"T-9"},"geometry":{"type":"LineString","coordinates":[[-63.12566,10.56817],[-63.13489,10.56577],[-63.13626,10.56427],[-63.13634,10.56144],[-63.13898,10.55875],[-63.13972,10.55643],[-63.14633,10.55153]]}},{"type":"Feature","id":"way/1455697504","properties":{"name":"Carretera Nacional Car\u00fapano - G\u00fciria","highway":"trunk","ref":"T-9"},"geometry":{"type":"LineString","coordinates":[[-63.10232,10.57537],[-63.1024,10.57538]]}},{"type":"Feature","id":"way/1463735179","properties":{"name":"Avenida Perimetral","highway":"primary","ref":"T-9"},"geometry":{"type":"LineString","coordinates":[[-64.16805,10.47825],[-64.16784,10.47819]]}},{"type":"Feature","id":"way/1463735180","properties":{"name":"Avenida Perimetral","highway":"primary","ref":"T-9"},"geometry":{"type":"LineString","coordinates":[[-64.16784,10.47819],[-64.16366,10.47822]]}},{"type":"Feature","id":"way/1463735181","properties":{"name":"Avenida Perimetral","highway":"primary","ref":"T-9"},"geometry":{"type":"LineString","coordinates":[[-64.16819,10.47828],[-64.16805,10.47825]]}},{"type":"Feature","id":"way/1463735182","properties":{"name":"Avenida Perimetral","highway":"primary","ref":"T-9"},"geometry":{"type":"LineString","coordinates":[[-64.16811,10.47835],[-64.17376,10.4796],[-64.17657,10.47912]]}},{"type":"Feature","id":"way/1498066746","properties":{"name":"Avenida Francisco de Miranda","highway":"secondary","ref":"T-9"},"geometry":{"type":"LineString","coordinates":[[-62.30226,10.58345],[-62.30349,10.584]]}},{"type":"Feature","id":"way/1517265735","properties":{"name":"Carretera Nacional Car\u00fapano - G\u00fciria","highway":"trunk","ref":"T-9"},"geometry":{"type":"LineString","coordinates":[[-63.1024,10.57538],[-63.10454,10.57471],[-63.10632,10.57646],[-63.11,10.57404],[-63.11427,10.57315],[-63.12129,10.56863],[-63.12532,10.56835]]}},{"type":"Feature","id":"way/1517265736","properties":{"name":"Carretera Nacional Car\u00fapano - G\u00fciria","highway":"trunk","ref":"T-9"},"geometry":{"type":"LineString","coordinates":[[-63.12532,10.56835],[-63.12566,10.56817]]}}]}