{"type":"FeatureCollection","features":[{"type":"Feature","id":"relation/3417855","properties":{"name":"Municipio Cede\u00f1o","level":6,"population":"67000"},"geometry":{"type":"Polygon","coordinates":[[[-67.3744,6.12466],[-67.37006,6.12514],[-67.35618,6.13466],[-67.35715,6.13679],[-67.35361,6.14341],[-67.34658,6.14698],[-67.34543,6.14978],[-67.32639,6.15102],[-67.31465,6.1479],[-67.30675,6.14847],[-67.30277,6.14202],[-67.29773,6.14058],[-67.29374,6.12929],[-67.28673,6.1256],[-67.28726,6.12243],[-67.28348,6.11892],[-67.28336,6.1152],[-67.28897,6.11616],[-67.29283,6.1109],[-67.29761,6.09622],[-67.28802,6.091],[-67.28148,6.0972],[-67.26736,6.1001],[-67.26094,6.09884],[-67.24886,6.10405],[-67.22519,6.12003],[-67.2132,6.118],[-67.20133,6.12124],[-67.18625,6.11849],[-67.17807,6.11256],[-67.176,6.10598],[-67.16457,6.09554],[-67.16284,6.08212],[-67.16537,6.07386],[-67.14374,6.06695],[-67.14288,6.06302],[-67.14657,6.05886],[-67.14608,6.0502],[-67.14181,6.03677],[-67.1447,6.03291],[-67.1435,6.02856],[-67.14696,6.02538],[-67.14603,6.02109],[-67.14912,6.01469],[-67.14779,6.01053],[-67.1438,6.0091],[-67.1411,5.99973],[-67.13686,5.99628],[-67.1394,5.98453],[-67.1473,5.97132],[-67.14239,5.96001],[-67.14466,5.95694],[-67.14374,5.95256],[-67.15058,5.9499],[-67.14818,5.93057],[-67.15176,5.9231],[-67.16822,5.9217],[-67.16895,5.91874],[-67.16228,5.91547],[-67.16369,5.90036],[-67.17526,5.89513],[-67.18974,5.88136],[-67.18981,5.8705],[-67.18449,5.86247],[-67.18648,5.85686],[-67.19285,5.85067],[-67.20124,5.84935],[-67.20852,5.83573],[-67.21809,5.83054],[-67.22135,5.83246],[-67.22414,5.82571],[-67.22071,5.8194],[-67.20721,5.81952],[-67.20073,5.81081],[-67.20056,5.80565],[-67.20742,5.79907],[-67.20551,5.79305],[-67.20916,5.78966],[-67.21238,5.77989],[-67.22137,5.77243],[-67.21923,5.76284],[-67.21358,5.76306],[-67.21339,5.76028],[-67.21918,5.75509],[-67.2247,5.75505],[-67.23101,5.75134],[-67.23011,5.74096],[-67.23504,5.73494],[-67.23425,5.73208],[-67.22856,5.7292],[-67.23186,5.72486],[-67.23139,5.72066],[-67.22549,5.71619],[-67.21684,5.71641],[-67.21335,5.70812],[-67.19785,5.70507],[-67.1925,5.70723],[-67.18427,5.70148],[-67.17835,5.70827],[-67.17676,5.7172],[-67.17335,5.71543],[-67.16147,5.71632],[-67.14966,5.72241],[-67.14221,5.72072],[-67.13767,5.72614],[-67.12877,5.72269],[-67.1264,5.73009],[-67.12855,5.7349],[-67.12844,5.74878],[-67.11237,5.75277],[-67.10297,5.74875],[-67.0981,5.7416],[-67.09488,5.72264],[-67.09831,5.72019],[-67.09803,5.71769],[-67.0934,5.71581],[-67.08475,5.72281],[-67.07578,5.72469],[-67.06372,5.71592],[-67.06557,5.70804],[-67.05716,5.70259],[-67.05636,5.69435],[-67.06255,5.69024],[-67.05939,5.67738],[-67.06145,5.66897],[-67.0559,5.66752],[-67.05074,5.66068],[-67.04117,5.65739],[-67.0363,5.64785],[-67.02512,5.64806],[-67.02285,5.65276],[-67.02008,5.65286],[-67.02014,5.64908],[-67.01733,5.64708],[-67.01836,5.64133],[-67.0098,5.63305],[-67.01111,5.62666],[-67.00523,5.62218],[-66.98667,5.62474],[-66.97598,5.61977],[-66.97023,5.62686],[-66.96184,5.62188],[-66.95246,5.63113],[-66.93886,5.63597],[-66.94369,5.64857],[-66.95886,5.66939],[-66.95051,5.67595],[-66.94547,5.68395],[-66.94616,5.68739],[-66.93736,5.69284],[-66.93219,5.6929],[-66.93225,5.68173],[-66.92577,5.67984],[-66.92543,5.67067],[-66.91554,5.66719],[-66.91807,5.6616],[-66.91489,5.65306],[-66.90564,5.64012],[-66.88919,5.63832],[-66.88107,5.64407],[-66.86857,5.64761],[-66.86453,5.65723],[-66.86749,5.67272],[-66.86142,5.67879],[-66.85063,5.6828],[-66.83644,5.67142],[-66.82505,5.66899],[-66.82419,5.6746],[-66.81883,5.67663],[-66.81029,5.67492],[-66.80694,5.67915],[-66.79999,5.68002],[-66.79278,5.68575],[-66.79147,5.68953],[-66.78327,5.69299],[-66.77522,5.68944],[-66.76722,5.69348],[-66.75967,5.68908],[-66.75634,5.68961],[-66.75428,5.69457],[-66.74407,5.69442],[-66.73945,5.70251],[-66.72909,5.70264],[-66.71821,5.7163],[-66.70734,5.71365],[-66.69582,5.71939],[-66.68962,5.71702],[-66.68218,5.72006],[-66.67975,5.72503],[-66.66041,5.72181],[-66.65837,5.72667],[-66.66161,5.73291],[-66.6586,5.73475],[-66.64759,5.73238],[-66.64367,5.73605],[-66.63227,5.7375],[-66.62266,5.73345],[-66.61467,5.73457],[-66.60605,5.74077],[-66.60196,5.74038],[-66.59028,5.7312],[-66.58148,5.73065],[-66.56206,5.74019],[-66.55676,5.73932],[-66.55226,5.74139],[-66.54887,5.75334],[-66.53614,5.76235],[-66.52582,5.76417],[-66.5169,5.76897],[-66.51406,5.76325],[-66.50827,5.76188],[-66.50432,5.75542],[-66.49979,5.75356],[-66.48372,5.76536],[-66.48012,5.77062],[-66.46812,5.77367],[-66.44475,5.74288],[-66.44007,5.72669],[-66.4327,5.72],[-66.43248,5.71581],[-66.42817,5.71233],[-66.42034,5.71106],[-66.41603,5.67439],[-66.41917,5.66618],[-66.4168,5.65728],[-66.4072,5.64994],[-66.4054,5.64413],[-66.39708,5.63909],[-66.39051,5.64372],[-66.38405,5.63783],[-66.38688,5.63371],[-66.38457,5.62869],[-66.38796,5.62263],[-66.398,5.61906],[-66.40012,5.61432],[-66.41004,5.61466],[-66.41506,5.61107],[-66.41441,5.60193],[-66.41102,5.60076],[-66.40997,5.5944],[-66.40474,5.58594],[-66.41227,5.56721],[-66.40853,5.55903],[-66.40733,5.54235],[-66.39922,5.52067],[-66.39615,5.51871],[-66.3971,5.50013],[-66.38203,5.49696],[-66.37536,5.5013],[-66.36974,5.49348],[-66.36603,5.49513],[-66.36478,5.51164],[-66.3548,5.51988],[-66.34807,5.5155],[-66.3406,5.51636],[-66.33811,5.51954],[-66.33148,5.51924],[-66.32633,5.51206],[-66.31288,5.50833],[-66.27161,5.51054],[-66.23522,5.52409],[-66.23574,5.53169],[-66.24112,5.53776],[-66.2405,5.54916],[-66.23919,5.5529],[-66.23151,5.557],[-66.22715,5.56674],[-66.22923,5.57165],[-66.22664,5.57272],[-66.22677,5.57746],[-66.23256,5.58318],[-66.2333,5.59246],[-66.22722,5.59448],[-66.22518,5.60211],[-66.22681,5.61347],[-66.21969,5.61415],[-66.22003,5.61889],[-66.21404,5.61616],[-66.21078,5.61776],[-66.20812,5.62886],[-66.20254,5.63772],[-66.20394,5.64402],[-66.19988,5.65293],[-66.20091,5.65891],[-66.1969,5.66946],[-66.20057,5.67279],[-66.2002,5.68816],[-66.19269,5.69877],[-66.19666,5.70052],[-66.20042,5.70879],[-66.20724,5.70693],[-66.20861,5.70861],[-66.2043,5.71991],[-66.20473,5.73078],[-66.20239,5.73488],[-66.20503,5.74382],[-66.20293,5.75486],[-66.19619,5.75843],[-66.1917,5.76626],[-66.18816,5.76316],[-66.18441,5.76374],[-66.17999,5.77286],[-66.17121,5.7729],[-66.16222,5.78453],[-66.154,5.78925],[-66.1487,5.77886],[-66.14089,5.77843],[-66.13838,5.77335],[-66.12699,5.76682],[-66.12579,5.7622],[-66.11454,5.74816],[-66.10999,5.73532],[-66.10467,5.73477],[-66.10209,5.73966],[-66.09392,5.73703],[-66.09002,5.74066],[-66.07937,5.74425],[-66.05925,5.74288],[-66.04105,5.75038],[-66.03539,5.76383],[-66.03644,5.76978],[-66.02787,5.78044],[-66.03096,5.78646],[-66.02839,5.79502],[-66.01702,5.80304],[-66.015,5.81826],[-66.01114,5.82142],[-66.01524,5.82623],[-66.01854,5.84802],[-66.01225,5.85379],[-66.01208,5.85652],[-66.00221,5.86202],[-65.99226,5.86141],[-65.98932,5.86922],[-65.97292,5.87825],[-65.95022,5.87447],[-65.94807,5.87837],[-65.93977,5.87645],[-65.93338,5.87797],[-65.93001,5.87259],[-65.92153,5.87101],[-65.92123,5.87534],[-65.91488,5.8822],[-65.90649,5.88619],[-65.90958,5.88796],[-65.90921,5.89283],[-65.89728,5.90002],[-65.89718,5.9076],[-65.89479,5.9102],[-65.90311,5.91634],[-65.90033,5.91686],[-65.89986,5.92341],[-65.89602,5.92597],[-65.89718,5.93321],[-65.8916,5.93624],[-65.88357,5.9353],[-65.87859,5.94132],[-65.87975,5.94652],[-65.8851,5.95182],[-65.8837,5.96522],[-65.88544,5.97147],[-65.88136,5.97598],[-65.88816,5.98718],[-65.88872,5.99369],[-65.88175,5.99858],[-65.8751,5.99597],[-65.86817,5.99855],[-65.86926,6.00577],[-65.86402,6.03093],[-65.8516,6.03464],[-65.8463,6.04279],[-65.84197,6.05662],[-65.83046,6.06475],[-65.82669,6.0764],[-65.8283,6.08323],[-65.82265,6.08081],[-65.81521,6.0837],[-65.81375,6.08867],[-65.81596,6.10119],[-65.81377,6.10795],[-65.80856,6.10527],[-65.80802,6.10906],[-65.80326,6.11295],[-65.7862,6.10158],[-65.77905,6.10023],[-65.77669,6.0959],[-65.7686,6.09522],[-65.77023,6.08933],[-65.76414,6.08692],[-65.75532,6.07772],[-65.74925,6.08508],[-65.7447,6.08547],[-65.73253,6.09296],[-65.64925,6.10934],[-65.63569,6.11958],[-65.6302,6.12084],[-65.62535,6.11706],[-65.61254,6.12669],[-65.60512,6.12387],[-65.6034,6.09483],[-65.60057,6.09112],[-65.58728,6.08623],[-65.58671,6.07964],[-65.58351,6.0748],[-65.58643,6.0694],[-65.58381,6.05711],[-65.58784,6.05515],[-65.58868,6.05209],[-65.58553,6.048],[-65.59181,6.03867],[-65.58868,6.03323],[-65.59055,6.03123],[-65.59037,6.02141],[-65.58756,6.01315],[-65.5911,6.01061],[-65.59095,6.00342],[-65.59546,6.00026],[-65.60196,5.97715],[-65.60091,5.96656],[-65.60492,5.96025],[-65.60239,5.9573],[-65.60771,5.94616],[-65.60997,5.93205],[-65.61557,5.92826],[-65.61799,5.916],[-65.60986,5.91391],[-65.60934,5.91082],[-65.60482,5.90838],[-65.60539,5.90264],[-65.60921,5.90072],[-65.60728,5.89799],[-65.60872,5.89338],[-65.60209,5.88802],[-65.60177,5.88467],[-65.59853,5.88392],[-65.5963,5.8677],[-65.59724,5.86064],[-65.60658,5.8461],[-65.60664,5.83427],[-65.60889,5.83086],[-65.60811,5.82464],[-65.60477,5.82053],[-65.61303,5.7871],[-65.60917,5.78054],[-65.61121,5.77629],[-65.60696,5.76052],[-65.61241,5.753],[-65.61647,5.73983],[-65.61574,5.73404],[-65.61102,5.73029],[-65.6055,5.73048],[-65.60149,5.73398],[-65.59237,5.73099],[-65.58027,5.73468],[-65.58121,5.74034],[-65.57664,5.74764],[-65.57698,5.75164],[-65.56881,5.76075],[-65.56263,5.758],[-65.5581,5.74753],[-65.55323,5.74738],[-65.55291,5.72937],[-65.54903,5.71931],[-65.54441,5.72102],[-65.54538,5.7276],[-65.54051,5.73082],[-65.53036,5.73084],[-65.52379,5.71993],[-65.51783,5.72155],[-65.50476,5.71357],[-65.49412,5.72108],[-65.48942,5.71017],[-65.48847,5.69967],[-65.48345,5.70255],[-65.48206,5.7137],[-65.47206,5.73434],[-65.46528,5.73291],[-65.44603,5.74675],[-65.43687,5.74498],[-65.43129,5.74111],[-65.42738,5.74287],[-65.42071,5.74117],[-65.41296,5.74515],[-65.40963,5.74372],[-65.40532,5.74822],[-65.39653,5.746],[-65.39532,5.73244],[-65.39168,5.72866],[-65.3788,5.72738],[-65.3756,5.72175],[-65.35704,5.73697],[-65.34981,5.74925],[-65.33805,5.75776],[-65.33213,5.75866],[-65.33247,5.76334],[-65.3276,5.76556],[-65.32587,5.77437],[-65.31722,5.7729],[-65.31564,5.78794],[-65.3008,5.78842],[-65.29876,5.78479],[-65.2913,5.78133],[-65.28115,5.79126],[-65.2819,5.7989],[-65.27782,5.80889],[-65.27008,5.80975],[-65.26321,5.80524],[-65.26117,5.79468],[-65.25342,5.78949],[-65.24641,5.77674],[-65.23991,5.7723],[-65.24418,5.7612],[-65.24272,5.75657],[-65.23589,5.75477],[-65.23169,5.75877],[-65.22748,5.75813],[-65.22014,5.74863],[-65.22126,5.72634],[-65.22645,5.72209],[-65.23325,5.72185],[-65.23377,5.7169],[-65.23991,5.71157],[-65.2324,5.70714],[-65.2278,5.71316],[-65.21858,5.71777],[-65.2115,5.71566],[-65.20594,5.72025],[-65.19849,5.71626],[-65.19274,5.72563],[-65.1933,5.72907],[-65.19073,5.73187],[-65.19369,5.73582],[-65.18948,5.7394],[-65.18757,5.74796],[-65.17886,5.75277],[-65.18236,5.75708],[-65.18309,5.76338],[-65.17824,5.77489],[-65.17251,5.77928],[-65.16407,5.79401],[-65.16515,5.79679],[-65.1709,5.79228],[-65.17416,5.7926],[-65.17768,5.80112],[-65.17648,5.81321],[-65.17955,5.81513],[-65.18023,5.81096],[-65.18345,5.81118],[-65.18658,5.82053],[-65.19058,5.82422],[-65.18952,5.83351],[-65.1851,5.83336],[-65.18352,5.83686],[-65.18465,5.84251],[-65.1798,5.85667],[-65.17028,5.8645],[-65.16706,5.86367],[-65.16129,5.87189],[-65.15723,5.87321],[-65.15498,5.87782],[-65.1575,5.88303],[-65.14962,5.88799],[-65.14483,5.89761],[-65.12949,5.89844],[-65.12073,5.90723],[-65.11466,5.90467],[-65.10183,5.90433],[-65.09906,5.90164],[-65.09633,5.90495],[-65.08449,5.90001],[-65.08406,5.9072],[-65.07956,5.91053],[-65.07381,5.91104],[-65.06659,5.91698],[-65.06298,5.92533],[-65.04738,5.93515],[-65.04617,5.94227],[-65.04029,5.94273],[-65.03436,5.94802],[-65.03475,5.95115],[-65.03149,5.95485],[-65.01758,5.95905],[-65.0135,5.97353],[-65.00898,5.9737],[-65.00704,5.97937],[-65.00751,5.99292],[-64.99964,5.9948],[-65.00079,6.00039],[-64.99503,6.00535],[-64.99571,6.00902],[-64.99095,6.0094],[-64.99277,6.01343],[-64.98897,6.01754],[-64.99669,6.01631],[-64.99861,6.02107],[-64.99416,6.02751],[-64.98911,6.02886],[-64.98854,6.03454],[-64.98018,6.03974],[-64.98551,6.04074],[-64.98536,6.04733],[-64.97663,6.04441],[-64.97262,6.05349],[-64.96754,6.05711],[-64.96772,6.06037],[-64.95942,6.06063],[-64.96401,6.06352],[-64.95996,6.06768],[-64.95514,6.06722],[-64.95495,6.07638],[-64.94937,6.08244],[-64.94978,6.08626],[-64.95414,6.08929],[-64.94997,6.09422],[-64.9404,6.08464],[-64.93305,6.08386],[-64.93144,6.08615],[-64.93295,6.09911],[-64.94361,6.1004],[-64.94495,6.10289],[-64.94171,6.10706],[-64.93676,6.10459],[-64.9368,6.11141],[-64.9336,6.11609],[-64.93562,6.1227],[-64.92963,6.12484],[-64.93024,6.12987],[-64.92272,6.13386],[-64.92027,6.1379],[-64.92579,6.14517],[-64.92598,6.15896],[-64.93535,6.17216],[-64.93546,6.17793],[-64.94237,6.18139],[-64.94534,6.18736],[-64.95276,6.18642],[-64.95186,6.19587],[-64.94527,6.20385],[-64.9514,6.2048],[-64.95468,6.20806],[-64.95139,6.21944],[-64.95288,6.22483],[-64.94915,6.24037],[-64.94647,6.24067],[-64.94619,6.23504],[-64.93749,6.2431],[-64.91796,6.23813],[-64.91167,6.23958],[-64.90934,6.24363],[-64.91115,6.24546],[-64.9194,6.24244],[-64.92282,6.24531],[-64.92312,6.25123],[-64.93147,6.24667],[-64.93548,6.25268],[-64.93234,6.25929],[-64.93631,6.26524],[-64.93539,6.27425],[-64.92705,6.28019],[-64.9276,6.28586],[-64.93744,6.28624],[-64.94346,6.2904],[-64.94317,6.29343],[-64.93838,6.29582],[-64.94379,6.29891],[-64.93938,6.30752],[-64.94607,6.30875],[-64.94033,6.31337],[-64.9432,6.32478],[-64.95521,6.32294],[-64.95627,6.32792],[-64.95271,6.32954],[-64.95822,6.3339],[-64.95596,6.33876],[-64.95884,6.34066],[-64.96208,6.33656],[-64.9664,6.33821],[-64.96549,6.34552],[-64.97132,6.35317],[-64.97159,6.36576],[-64.96595,6.37069],[-64.96114,6.36577],[-64.95767,6.36789],[-64.95863,6.37212],[-64.95591,6.37557],[-64.95394,6.38744],[-64.9589,6.39414],[-64.95289,6.39507],[-64.95175,6.40103],[-64.95465,6.40777],[-64.95256,6.40995],[-64.94875,6.40923],[-64.94803,6.41293],[-64.95558,6.41762],[-64.95831,6.41336],[-64.96008,6.41453],[-64.96061,6.42294],[-64.95548,6.42864],[-64.96295,6.43565],[-64.95558,6.43613],[-64.95704,6.43996],[-64.96374,6.44141],[-64.96002,6.44346],[-64.95437,6.44233],[-64.95297,6.44897],[-64.95461,6.45242],[-64.96027,6.45083],[-64.96318,6.46028],[-64.95993,6.46794],[-64.96194,6.47537],[-64.96492,6.47726],[-64.96965,6.47314],[-64.97255,6.47974],[-64.95733,6.48313],[-64.95952,6.49288],[-64.95594,6.49555],[-64.94962,6.49451],[-64.95187,6.50275],[-64.94799,6.51196],[-64.94288,6.51688],[-64.92504,6.51627],[-64.91678,6.51023],[-64.91091,6.51417],[-64.89934,6.51334],[-64.88717,6.51946],[-64.88248,6.52528],[-64.88568,6.53147],[-64.88495,6.53827],[-64.88079,6.54148],[-64.8789,6.54008],[-64.87843,6.52985],[-64.87199,6.52914],[-64.8696,6.52591],[-64.86671,6.51203],[-64.84888,6.51702],[-64.84835,6.52044],[-64.85588,6.52704],[-64.85264,6.53603],[-64.84504,6.54114],[-64.84045,6.5356],[-64.83229,6.53669],[-64.83219,6.54306],[-64.82131,6.55696],[-64.8176,6.56895],[-64.8214,6.57854],[-64.81826,6.60164],[-64.80812,6.61223],[-64.80405,6.62645],[-64.79053,6.63009],[-64.78666,6.63481],[-64.78249,6.68758],[-64.78877,6.69982],[-64.80371,6.70857],[-64.80857,6.73357],[-64.81571,6.74576],[-64.82434,6.75317],[-64.82886,6.77156],[-64.82934,6.80013],[-64.81509,6.8211],[-64.80615,6.82812],[-64.80826,6.84363],[-64.80412,6.88172],[-64.80819,6.88826],[-64.82976,6.9006],[-64.83405,6.90583],[-64.84704,6.90997],[-64.85253,6.93994],[-64.86203,6.96166],[-64.87198,6.96988],[-64.87367,6.977],[-64.88047,6.98227],[-64.88657,6.9841],[-64.89948,6.98281],[-64.91461,6.99539],[-64.92771,6.99895],[-64.9332,7.01415],[-64.93231,7.02099],[-64.93776,7.02999],[-64.95747,7.04302],[-64.97137,7.04572],[-64.98961,7.06573],[-65.00284,7.07447],[-65.01454,7.09613],[-65.01867,7.10939],[-65.01067,7.15015],[-65.01355,7.16187],[-65.02037,7.17123],[-65.02536,7.1735],[-65.05384,7.17368],[-65.06956,7.16929],[-65.07722,7.17034],[-65.08591,7.17488],[-65.10679,7.20028],[-65.11429,7.20434],[-65.12265,7.20398],[-65.13828,7.19592],[-65.14704,7.19725],[-65.17071,7.21619],[-65.19025,7.23981],[-65.19321,7.25166],[-65.18854,7.26351],[-65.18149,7.2669],[-65.16428,7.26672],[-65.15548,7.26984],[-65.14798,7.27773],[-65.14529,7.28762],[-65.14776,7.29537],[-65.1566,7.30802],[-65.18773,7.32994],[-65.2039,7.35079],[-65.20076,7.37867],[-65.19429,7.38593],[-65.19323,7.3917],[-65.20071,7.42468],[-65.20938,7.44816],[-65.21257,7.47336],[-65.2172,7.48557],[-65.21841,7.51936],[-65.21473,7.53232],[-65.20354,7.55013],[-65.1801,7.57315],[-65.16172,7.5862],[-65.15463,7.58834],[-65.14421,7.58744],[-65.11218,7.5752],[-65.07571,7.56532],[-65.05411,7.54314],[-65.04616,7.53896],[-65.03807,7.5398],[-65.01831,7.56808],[-65.00766,7.57435],[-65.00057,7.5736],[-64.98112,7.55775],[-64.97353,7.55659],[-64.95821,7.56866],[-64.94743,7.58406],[-64.94007,7.58522],[-64.92646,7.58068],[-64.92201,7.58219],[-64.90975,7.61932],[-64.90445,7.62573],[-64.88285,7.63767],[-64.86671,7.63452],[-64.84921,7.63631],[-64.83942,7.64294],[-64.82071,7.66217],[-64.848,7.66217],[-64.86714,7.66506],[-64.91203,7.67858],[-64.95212,7.69755],[-64.9734,7.70147],[-64.99941,7.73362],[-65.02095,7.75054],[-65.0655,7.78022],[-65.10713,7.7917],[-65.11734,7.80046],[-65.1321,7.82053],[-65.14594,7.82852],[-65.17502,7.83362],[-65.2421,7.83507],[-65.2554,7.83915],[-65.29621,7.85879],[-65.3175,7.86406],[-65.34445,7.86168],[-65.39526,7.84791],[-65.41088,7.84672],[-65.44573,7.85046],[-65.47611,7.86168],[-65.48744,7.86882],[-65.53679,7.91048],[-65.55808,7.92],[-65.57679,7.92245],[-65.61378,7.91703],[-65.63833,7.90759],[-65.68846,7.87469],[-65.72863,7.84059],[-65.76871,7.81313],[-65.78201,7.79442],[-65.80884,7.73944],[-65.82162,7.72975],[-65.84673,7.71703],[-65.85772,7.70206],[-65.87359,7.69462],[-65.91908,7.69262],[-65.95462,7.68633],[-66.12534,7.68173],[-66.19203,7.66383],[-66.20893,7.65451],[-66.22378,7.63724],[-66.24558,7.62848],[-66.2655,7.63452],[-66.29004,7.6489],[-66.30378,7.65315],[-66.31948,7.65221],[-66.34232,7.64175],[-66.42291,7.58807],[-66.45767,7.53004],[-66.4963,7.4829],[-66.50393,7.46826],[-66.51089,7.44554],[-66.51578,7.42358],[-66.51818,7.38834],[-66.54076,7.34668],[-66.55088,7.33599],[-66.57389,7.3228],[-66.6138,7.32254],[-66.64032,7.31743],[-66.72392,7.28074],[-66.7337,7.27853],[-66.77078,7.27819],[-66.78692,7.27308],[-66.81404,7.25605],[-66.8458,7.21246],[-66.87339,7.18755],[-66.90571,7.1646],[-66.92493,7.15761],[-66.9821,7.15983],[-67.00287,7.15472],[-67.02518,7.13956],[-67.0651,7.1003],[-67.06904,7.08573],[-67.06407,7.04876],[-67.07694,7.01495],[-67.05746,6.98147],[-67.03772,6.96136],[-67.02759,6.94722],[-67.01626,6.91978],[-67.0166,6.9041],[-67.03205,6.83627],[-67.03591,6.76528],[-67.0396,6.75011],[-67.06458,6.69257],[-67.08733,6.66222],[-67.10432,6.64875],[-67.10973,6.63937],[-67.11694,6.60416],[-67.12561,6.58233],[-67.1438,6.48504],[-67.1511,6.47011],[-67.16578,6.44896],[-67.1771,6.43634],[-67.19813,6.42491],[-67.22148,6.396],[-67.24041,6.38026],[-67.25251,6.36392],[-67.26594,6.35556],[-67.28053,6.35059],[-67.2856,6.33492],[-67.30808,6.30591],[-67.31435,6.28006],[-67.33237,6.26914],[-67.39378,6.25464],[-67.41616,6.24436],[-67.42039,6.23873],[-67.43061,6.20588],[-67.43518,6.19969],[-67.44161,6.19593],[-67.43285,6.18951],[-67.43218,6.18776],[-67.43531,6.18652],[-67.43082,6.18719],[-67.43302,6.18346],[-67.43052,6.18215],[-67.42861,6.17329],[-67.42469,6.17361],[-67.4188,6.16844],[-67.41605,6.1688],[-67.41656,6.16525],[-67.40508,6.15158],[-67.40507,6.14378],[-67.40862,6.13865],[-67.40695,6.13581],[-67.39844,6.13025],[-67.39368,6.13098],[-67.3814,6.12472],[-67.3744,6.12466]]]}},{"type":"Feature","id":"relation/3417866","properties":{"name":"Municipio Sucre","level":6,"population":"20359"},"geometry":{"type":"Polygon","coordinates":[[[-64.82071,7.66217],[-64.83942,7.64294],[-64.84921,7.63631],[-64.86671,7.63452],[-64.88285,7.63767],[-64.90445,7.62573],[-64.90975,7.61932],[-64.91707,7.59248],[-64.92318,7.58139],[-64.93032,7.58126],[-64.94007,7.58522],[-64.94743,7.58406],[-64.95821,7.56866],[-64.97501,7.55614],[-64.98444,7.55984],[-65.00057,7.5736],[-65.01054,7.57364],[-65.01831,7.56808],[-65.03313,7.54515],[-65.04054,7.53851],[-65.05411,7.54314],[-65.07099,7.56229],[-65.08056,7.56723],[-65.11218,7.5752],[-65.14421,7.58744],[-65.15463,7.58834],[-65.16172,7.5862],[-65.1801,7.57315],[-65.20354,7.55013],[-65.21473,7.53232],[-65.21904,7.515],[-65.21751,7.48744],[-65.21257,7.47336],[-65.20938,7.44816],[-65.2013,7.42673],[-65.19339,7.39355],[-65.1937,7.387],[-65.20076,7.37867],[-65.2039,7.35079],[-65.18773,7.32994],[-65.1566,7.30802],[-65.14776,7.29537],[-65.14529,7.28762],[-65.14798,7.27773],[-65.15548,7.26984],[-65.16428,7.26672],[-65.18149,7.2669],[-65.18854,7.26351],[-65.19321,7.25166],[-65.19025,7.23981],[-65.17071,7.21619],[-65.14704,7.19725],[-65.13828,7.19592],[-65.12265,7.20398],[-65.11429,7.20434],[-65.10679,7.20028],[-65.08591,7.17488],[-65.07722,7.17034],[-65.06956,7.16929],[-65.05384,7.17368],[-65.02536,7.1735],[-65.02037,7.17123],[-65.01355,7.16187],[-65.01067,7.15015],[-65.01867,7.10939],[-65.01454,7.09613],[-65.00284,7.07447],[-64.98961,7.06573],[-64.97137,7.04572],[-64.95747,7.04302],[-64.93776,7.02999],[-64.93231,7.02099],[-64.9332,7.01415],[-64.92771,6.99895],[-64.91461,6.99539],[-64.89948,6.98281],[-64.88657,6.9841],[-64.88047,6.98227],[-64.87367,6.977],[-64.87198,6.96988],[-64.86203,6.96166],[-64.85253,6.93994],[-64.84704,6.90997],[-64.83405,6.90583],[-64.82976,6.9006],[-64.80819,6.88826],[-64.80412,6.88172],[-64.80826,6.84363],[-64.80615,6.82812],[-64.81509,6.8211],[-64.82934,6.80013],[-64.82886,6.77156],[-64.82434,6.75317],[-64.81571,6.74576],[-64.80857,6.73357],[-64.80371,6.70857],[-64.78877,6.69982],[-64.78249,6.68758],[-64.78666,6.63481],[-64.79053,6.63009],[-64.80405,6.62645],[-64.80812,6.61223],[-64.81826,6.60164],[-64.8214,6.57854],[-64.8176,6.56895],[-64.82131,6.55696],[-64.83219,6.54306],[-64.83229,6.53669],[-64.84045,6.5356],[-64.84504,6.54114],[-64.85264,6.53603],[-64.85588,6.52704],[-64.84835,6.52044],[-64.84888,6.51702],[-64.86671,6.51203],[-64.8696,6.52591],[-64.87199,6.52914],[-64.87843,6.52985],[-64.8789,6.54008],[-64.88079,6.54148],[-64.88495,6.53827],[-64.88568,6.53147],[-64.88248,6.52528],[-64.88717,6.51946],[-64.89934,6.51334],[-64.91091,6.51417],[-64.91678,6.51023],[-64.92504,6.51627],[-64.94288,6.51688],[-64.94799,6.51196],[-64.95187,6.50275],[-64.94962,6.49451],[-64.95594,6.49555],[-64.95952,6.49288],[-64.95733,6.48313],[-64.97255,6.47974],[-64.96965,6.47314],[-64.96492,6.47726],[-64.96194,6.47537],[-64.95993,6.46794],[-64.96318,6.46028],[-64.96027,6.45083],[-64.95461,6.45242],[-64.95297,6.44897],[-64.95437,6.44233],[-64.96002,6.44346],[-64.96374,6.44141],[-64.95704,6.43996],[-64.95558,6.43613],[-64.96295,6.43565],[-64.95548,6.42864],[-64.96061,6.42294],[-64.96008,6.41453],[-64.95831,6.41336],[-64.95558,6.41762],[-64.94803,6.41293],[-64.94875,6.40923],[-64.95256,6.40995],[-64.95465,6.40777],[-64.95175,6.40103],[-64.95289,6.39507],[-64.9589,6.39414],[-64.95394,6.38744],[-64.95591,6.37557],[-64.95863,6.37212],[-64.95767,6.36789],[-64.96114,6.36577],[-64.96595,6.37069],[-64.97159,6.36576],[-64.97132,6.35317],[-64.96549,6.34552],[-64.9664,6.33821],[-64.96208,6.33656],[-64.95884,6.34066],[-64.95596,6.33876],[-64.95822,6.3339],[-64.95271,6.32954],[-64.95627,6.32792],[-64.95521,6.32294],[-64.9432,6.32478],[-64.94033,6.31337],[-64.94607,6.30875],[-64.93938,6.30752],[-64.94379,6.29891],[-64.93838,6.29582],[-64.94317,6.29343],[-64.94346,6.2904],[-64.93744,6.28624],[-64.9276,6.28586],[-64.92705,6.28019],[-64.93539,6.27425],[-64.93631,6.26524],[-64.93234,6.25929],[-64.93548,6.25268],[-64.93147,6.24667],[-64.92312,6.25123],[-64.92282,6.24531],[-64.9194,6.24244],[-64.91115,6.24546],[-64.90934,6.24363],[-64.91167,6.23958],[-64.91796,6.23813],[-64.93749,6.2431],[-64.94619,6.23504],[-64.94647,6.24067],[-64.94915,6.24037],[-64.95288,6.22483],[-64.95139,6.21944],[-64.95468,6.20806],[-64.9514,6.2048],[-64.94527,6.20385],[-64.95186,6.19587],[-64.95276,6.18642],[-64.94534,6.18736],[-64.94237,6.18139],[-64.93546,6.17793],[-64.93535,6.17216],[-64.92598,6.15896],[-64.92579,6.14517],[-64.92027,6.1379],[-64.92272,6.13386],[-64.93024,6.12987],[-64.92963,6.12484],[-64.93562,6.1227],[-64.9336,6.11609],[-64.9368,6.11141],[-64.93676,6.10459],[-64.94171,6.10706],[-64.94495,6.10289],[-64.94361,6.1004],[-64.93295,6.09911],[-64.93144,6.08615],[-64.93305,6.08386],[-64.9404,6.08464],[-64.94997,6.09422],[-64.95414,6.08929],[-64.94978,6.08626],[-64.94937,6.08244],[-64.95495,6.07638],[-64.95514,6.06722],[-64.95996,6.06768],[-64.96401,6.06352],[-64.95942,6.06063],[-64.96772,6.06037],[-64.96754,6.05711],[-64.97262,6.05349],[-64.97663,6.04441],[-64.98536,6.04733],[-64.98551,6.04074],[-64.98018,6.03974],[-64.98854,6.03454],[-64.98911,6.02886],[-64.99416,6.02751],[-64.99861,6.02107],[-64.99669,6.01631],[-64.98897,6.01754],[-64.99277,6.01343],[-64.99095,6.0094],[-64.99571,6.00902],[-64.99503,6.00535],[-65.00079,6.00039],[-64.99964,5.9948],[-65.00751,5.99292],[-65.00704,5.97937],[-65.00898,5.9737],[-65.0135,5.97353],[-65.01758,5.95905],[-65.03149,5.95485],[-65.03475,5.95115],[-65.03436,5.94802],[-65.04029,5.94273],[-65.04617,5.94227],[-65.04738,5.93515],[-65.06298,5.92533],[-65.06659,5.91698],[-65.07381,5.91104],[-65.07956,5.91053],[-65.08406,5.9072],[-65.08449,5.90001],[-65.09633,5.90495],[-65.09906,5.90164],[-65.10183,5.90433],[-65.11466,5.90467],[-65.12073,5.90723],[-65.12949,5.89844],[-65.14483,5.89761],[-65.14962,5.88799],[-65.1575,5.88303],[-65.15498,5.87782],[-65.15723,5.87321],[-65.16129,5.87189],[-65.16706,5.86367],[-65.17028,5.8645],[-65.17221,5.86098],[-65.17591,5.86106],[-65.17905,5.85767],[-65.18465,5.84251],[-65.18377,5.83613],[-65.1851,5.83336],[-65.18952,5.83351],[-65.19058,5.82422],[-65.18658,5.82053],[-65.18345,5.81118],[-65.18023,5.81096],[-65.17955,5.81513],[-65.17648,5.81321],[-65.17768,5.80112],[-65.17416,5.7926],[-65.1709,5.79228],[-65.16515,5.79679],[-65.16407,5.7944],[-65.17251,5.77928],[-65.17787,5.77568],[-65.18309,5.76338],[-65.18236,5.75708],[-65.17886,5.75277],[-65.18757,5.74796],[-65.18948,5.7394],[-65.19369,5.73582],[-65.19079,5.7315],[-65.19796,5.7166],[-65.20594,5.72025],[-65.2115,5.71566],[-65.21858,5.71777],[-65.2278,5.71316],[-65.23199,5.70725],[-65.23991,5.71157],[-65.24452,5.70627],[-65.24267,5.69439],[-65.23843,5.68775],[-65.24023,5.68427],[-65.23632,5.6838],[-65.23544,5.68101],[-65.23847,5.67689],[-65.2345,5.67172],[-65.23776,5.66555],[-65.24235,5.66407],[-65.24467,5.6559],[-65.24141,5.6484],[-65.23669,5.64823],[-65.22461,5.6338],[-65.22615,5.62984],[-65.22433,5.62598],[-65.2289,5.61571],[-65.22413,5.61242],[-65.22401,5.60945],[-65.23059,5.60029],[-65.2275,5.59762],[-65.22881,5.59217],[-65.22682,5.5875],[-65.22021,5.5784],[-65.21266,5.57951],[-65.21085,5.57481],[-65.20068,5.57031],[-65.20017,5.56759],[-65.19592,5.57048],[-65.18997,5.56725],[-65.18599,5.56256],[-65.18774,5.55557],[-65.18558,5.55341],[-65.17671,5.55136],[-65.16869,5.55367],[-65.16444,5.54651],[-65.15865,5.54948],[-65.15335,5.54703],[-65.1547,5.5406],[-65.15118,5.52708],[-65.15412,5.51775],[-65.14687,5.51708],[-65.14648,5.50841],[-65.16208,5.48693],[-65.15491,5.48338],[-65.15041,5.47791],[-65.15032,5.46926],[-65.15298,5.46565],[-65.15129,5.46193],[-65.15384,5.45662],[-65.14753,5.4501],[-65.14242,5.45014],[-65.14493,5.43543],[-65.14875,5.4256],[-65.153,5.42124],[-65.14996,5.41885],[-65.1539,5.41539],[-65.15004,5.40983],[-65.14305,5.40548],[-65.13382,5.40381],[-65.14605,5.39097],[-65.14687,5.37843],[-65.15236,5.37617],[-65.15671,5.36927],[-65.16463,5.36634],[-65.16133,5.357],[-65.15712,5.3548],[-65.16407,5.34329],[-65.1709,5.34312],[-65.17637,5.33455],[-65.18281,5.3303],[-65.19364,5.33083],[-65.20596,5.32391],[-65.20914,5.32064],[-65.211,5.30962],[-65.21662,5.3066],[-65.22145,5.29861],[-65.23461,5.2972],[-65.23752,5.29069],[-65.24308,5.28902],[-65.25025,5.29259],[-65.25263,5.29643],[-65.25759,5.29319],[-65.27224,5.29278],[-65.27548,5.28876],[-65.27608,5.28227],[-65.27293,5.2746],[-65.26291,5.27278],[-65.26143,5.26855],[-65.25072,5.26357],[-65.2378,5.24921],[-65.23643,5.23844],[-65.23177,5.23325],[-65.23203,5.229],[-65.23662,5.2243],[-65.23686,5.21842],[-65.23338,5.214],[-65.23667,5.19925],[-65.23315,5.19643],[-65.23182,5.1891],[-65.22892,5.18699],[-65.22437,5.1885],[-65.22132,5.18077],[-65.2136,5.18173],[-65.21083,5.17741],[-65.20723,5.18222],[-65.20392,5.18284],[-65.2021,5.17147],[-65.19667,5.175],[-65.19272,5.17211],[-65.19025,5.16746],[-65.19607,5.15226],[-65.19,5.14115],[-65.18918,5.13407],[-65.17665,5.12516],[-65.17304,5.11847],[-65.17152,5.10721],[-65.16206,5.10932],[-65.15953,5.1065],[-65.16365,5.1009],[-65.1639,5.09539],[-65.17176,5.0903],[-65.17414,5.08419],[-65.17231,5.07526],[-65.168,5.06991],[-65.17345,5.05796],[-65.16624,5.05335],[-65.16581,5.04713],[-65.17182,5.03204],[-65.17064,5.02887],[-65.17517,5.02507],[-65.17535,5.01649],[-65.16472,5.01218],[-65.16777,5.00679],[-65.16697,5.0],[-65.17298,5.00002],[-65.17272,4.99422],[-65.17613,4.98845],[-65.1685,4.98191],[-65.16903,4.97655],[-65.16109,4.97441],[-65.15852,4.9696],[-65.15197,4.96859],[-65.14944,4.96273],[-65.15296,4.95878],[-65.15277,4.95288],[-65.1494,4.94018],[-65.13951,4.9305],[-65.14056,4.92746],[-65.13785,4.92496],[-65.13871,4.91992],[-65.13575,4.91263],[-65.12968,4.91004],[-65.1297,4.90508],[-65.12637,4.90181],[-65.1324,4.89088],[-65.13161,4.88394],[-65.14114,4.88026],[-65.14099,4.87566],[-65.13479,4.87339],[-65.13584,4.86747],[-65.13414,4.86551],[-65.12341,4.86882],[-65.11833,4.85943],[-65.12125,4.85524],[-65.11798,4.84994],[-65.12015,4.84507],[-65.11839,4.84156],[-65.11092,4.84333],[-65.10592,4.83951],[-65.10605,4.83085],[-65.10065,4.83356],[-65.0982,4.82916],[-65.08981,4.82591],[-65.08794,4.82084],[-65.0767,4.81712],[-65.06054,4.81674],[-65.05571,4.81184],[-65.05589,4.80743],[-65.04868,4.80583],[-65.04707,4.79418],[-65.044,4.79217],[-65.04494,4.78068],[-65.03782,4.77463],[-65.03846,4.76942],[-65.03303,4.76732],[-65.0384,4.75951],[-65.03612,4.75569],[-65.03906,4.75205],[-65.03627,4.74606],[-65.03739,4.74059],[-65.03108,4.73494],[-65.03353,4.72705],[-65.03052,4.7235],[-65.02357,4.72132],[-65.0121,4.72354],[-65.00992,4.71929],[-65.00297,4.71863],[-65.00205,4.7108],[-64.9957,4.70695],[-64.99295,4.7009],[-64.98944,4.69842],[-64.97385,4.69596],[-64.9707,4.68882],[-64.96542,4.68813],[-64.96147,4.68272],[-64.95453,4.68094],[-64.95233,4.66936],[-64.93328,4.65845],[-64.93514,4.65068],[-64.93259,4.63396],[-64.93525,4.63101],[-64.93551,4.6244],[-64.94051,4.6201],[-64.9357,4.61777],[-64.92941,4.62051],[-64.91888,4.63045],[-64.90008,4.63225],[-64.89761,4.63646],[-64.88506,4.63471],[-64.87751,4.63843],[-64.87588,4.64192],[-64.87092,4.64174],[-64.8624,4.6331],[-64.86453,4.62635],[-64.85828,4.62286],[-64.8577,4.61713],[-64.86141,4.61247],[-64.85815,4.60511],[-64.84157,4.60417],[-64.83268,4.60062],[-64.82333,4.59285],[-64.8173,4.59384],[-64.80747,4.58389],[-64.79423,4.57888],[-64.78567,4.55998],[-64.77561,4.5601],[-64.76749,4.56862],[-64.75574,4.56535],[-64.74445,4.57247],[-64.7426,4.58519],[-64.74503,4.59285],[-64.74376,4.59775],[-64.73838,4.60015],[-64.7382,4.60598],[-64.73224,4.60577],[-64.73215,4.61152],[-64.72501,4.61576],[-64.72342,4.62049],[-64.71812,4.61918],[-64.71643,4.6352],[-64.71808,4.63924],[-64.7158,4.64363],[-64.71027,4.63999],[-64.7034,4.63049],[-64.70355,4.62699],[-64.68958,4.62951],[-64.67995,4.61698],[-64.67124,4.62526],[-64.66701,4.62359],[-64.65216,4.62819],[-64.64167,4.62404],[-64.64029,4.63144],[-64.63568,4.63041],[-64.63534,4.62759],[-64.62467,4.62611],[-64.61935,4.64016],[-64.60214,4.6559],[-64.60188,4.66478],[-64.59581,4.66696],[-64.59397,4.67111],[-64.58236,4.67528],[-64.54456,4.69757],[-64.53014,4.7103],[-64.51631,4.69782],[-64.50262,4.69649],[-64.49408,4.69897],[-64.48734,4.69495],[-64.48168,4.69483],[-64.46962,4.70051],[-64.45833,4.69376],[-64.45404,4.68394],[-64.45636,4.67675],[-64.45106,4.67291],[-64.45816,4.65791],[-64.47402,4.65225],[-64.48013,4.65321],[-64.48724,4.6413],[-64.48678,4.62686],[-64.49327,4.62036],[-64.49636,4.61155],[-64.50125,4.61208],[-64.50161,4.60804],[-64.50583,4.60904],[-64.50715,4.59865],[-64.5118,4.59775],[-64.51751,4.59266],[-64.51569,4.59026],[-64.51899,4.58327],[-64.52788,4.58389],[-64.52882,4.57959],[-64.53174,4.58038],[-64.53957,4.57285],[-64.53519,4.56682],[-64.53835,4.55397],[-64.54352,4.54686],[-64.55453,4.54406],[-64.55837,4.54736],[-64.56575,4.54614],[-64.5685,4.53524],[-64.56296,4.53056],[-64.56369,4.51777],[-64.57644,4.50259],[-64.57201,4.48992],[-64.57665,4.47875],[-64.58013,4.47828],[-64.58081,4.47161],[-64.58437,4.46951],[-64.57953,4.45803],[-64.5812,4.454],[-64.58558,4.45272],[-64.58822,4.44812],[-64.59974,4.45077],[-64.60377,4.44271],[-64.6113,4.43509],[-64.61843,4.43524],[-64.63699,4.42373],[-64.64173,4.42835],[-64.64791,4.42583],[-64.65184,4.43259],[-64.65847,4.43349],[-64.6619,4.43148],[-64.66379,4.43377],[-64.67091,4.43458],[-64.67177,4.42313],[-64.66817,4.40972],[-64.66993,4.40752],[-64.66634,4.39791],[-64.66887,4.3898],[-64.66403,4.38073],[-64.66529,4.37622],[-64.65999,4.37177],[-64.66141,4.35555],[-64.65656,4.35127],[-64.64862,4.35039],[-64.64742,4.35546],[-64.6431,4.3551],[-64.63695,4.34305],[-64.63963,4.33999],[-64.63989,4.33456],[-64.6454,4.33342],[-64.64656,4.32189],[-64.65222,4.31774],[-64.65261,4.31404],[-64.6586,4.30969],[-64.66688,4.31154],[-64.66499,4.29641],[-64.66926,4.29258],[-64.67493,4.29151],[-64.68752,4.27625],[-64.68679,4.2685],[-64.68973,4.26491],[-64.67872,4.25704],[-64.67611,4.25175],[-64.68106,4.24764],[-64.69026,4.24945],[-64.68788,4.24459],[-64.69088,4.24129],[-64.68696,4.2292],[-64.69148,4.22773],[-64.69237,4.21909],[-64.70964,4.21767],[-64.70674,4.20902],[-64.69797,4.20398],[-64.68917,4.20476],[-64.68854,4.19245],[-64.6789,4.19135],[-64.67953,4.18294],[-64.67716,4.17977],[-64.67015,4.17755],[-64.66748,4.16954],[-64.66251,4.16456],[-64.6482,4.15514],[-64.63843,4.15845],[-64.64082,4.15285],[-64.63397,4.14635],[-64.63771,4.13875],[-64.63298,4.13531],[-64.63535,4.12465],[-64.63029,4.11486],[-64.61826,4.11637],[-64.61012,4.11063],[-64.60236,4.11424],[-64.59212,4.10859],[-64.58892,4.11077],[-64.58969,4.11346],[-64.58508,4.1148],[-64.5787,4.11304],[-64.57925,4.10922],[-64.57616,4.10556],[-64.56831,4.10407],[-64.56455,4.10094],[-64.5616,4.10557],[-64.55316,4.10528],[-64.54833,4.11027],[-64.54372,4.10471],[-64.53922,4.1113],[-64.54025,4.11796],[-64.53346,4.12038],[-64.52583,4.11727],[-64.52013,4.11863],[-64.51598,4.11076],[-64.50178,4.10575],[-64.5002,4.10943],[-64.49572,4.10985],[-64.49339,4.11375],[-64.48962,4.10994],[-64.48714,4.11163],[-64.49008,4.13265],[-64.48284,4.13141],[-64.47459,4.13993],[-64.47094,4.13903],[-64.46899,4.13321],[-64.46037,4.13257],[-64.45309,4.1278],[-64.45507,4.12393],[-64.45354,4.12083],[-64.44464,4.11925],[-64.44388,4.11638],[-64.44093,4.11765],[-64.43961,4.11543],[-64.43388,4.11698],[-64.43104,4.1292],[-64.42612,4.13124],[-64.42205,4.14304],[-64.41721,4.14205],[-64.41682,4.13755],[-64.4115,4.13373],[-64.39823,4.13518],[-64.39741,4.13729],[-64.38505,4.13676],[-64.38096,4.13437],[-64.37956,4.14322],[-64.36572,4.14335],[-64.36523,4.13956],[-64.36109,4.13726],[-64.3576,4.14314],[-64.35105,4.1457],[-64.3466,4.14361],[-64.34417,4.14661],[-64.33788,4.14623],[-64.33655,4.13627],[-64.32746,4.13717],[-64.3277,4.13428],[-64.3202,4.12977],[-64.31873,4.12588],[-64.31442,4.12568],[-64.31208,4.13112],[-64.30676,4.13322],[-64.30722,4.13997],[-64.30418,4.14152],[-64.30426,4.14662],[-64.3004,4.15051],[-64.29611,4.16264],[-64.27605,4.15091],[-64.26188,4.14963],[-64.26314,4.14536],[-64.26695,4.1438],[-64.26648,4.14103],[-64.25551,4.13445],[-64.2422,4.13016],[-64.23737,4.12379],[-64.23402,4.12404],[-64.23325,4.11892],[-64.23104,4.11817],[-64.22699,4.12302],[-64.21958,4.12177],[-64.19229,4.10675],[-64.19077,4.1038],[-64.18517,4.10307],[-64.17683,4.09402],[-64.16963,4.09589],[-64.16372,4.09246],[-64.16081,4.10044],[-64.15497,4.09626],[-64.14929,4.09819],[-64.14743,4.09655],[-64.1434,4.09884],[-64.14186,4.10675],[-64.13692,4.10792],[-64.13198,4.10299],[-64.13134,4.09545],[-64.12743,4.08927],[-64.12773,4.08346],[-64.12155,4.07201],[-64.10683,4.0697],[-64.10632,4.06235],[-64.10007,4.06281],[-64.10004,4.04972],[-64.09642,4.04225],[-64.08644,4.02944],[-64.0772,4.02151],[-64.07272,4.02062],[-64.07416,4.0163],[-64.07104,4.00692],[-64.06016,3.99465],[-64.05511,3.97809],[-64.04889,3.97305],[-64.04735,3.96873],[-64.04264,3.9676],[-64.03611,3.97709],[-64.02815,3.97475],[-64.02301,3.9762],[-64.02197,3.9717],[-64.01883,3.9716],[-64.01607,3.95541],[-64.01341,3.95526],[-64.00858,3.94678],[-64.01085,3.93965],[-64.0086,3.93145],[-64.00379,3.93208],[-63.99648,3.90408],[-63.98826,3.89713],[-63.98087,3.90151],[-63.97639,3.89849],[-63.97382,3.8869],[-63.96758,3.88073],[-63.9697,3.87795],[-63.9662,3.87147],[-63.96157,3.87443],[-63.96186,3.87764],[-63.95435,3.87886],[-63.95905,3.88092],[-63.95858,3.89052],[-63.95133,3.88897],[-63.94653,3.89286],[-63.94686,3.89921],[-63.93922,3.90017],[-63.93672,3.90997],[-63.93782,3.91442],[-63.93371,3.91725],[-63.93014,3.92461],[-63.92045,3.92883],[-63.91821,3.93392],[-63.92118,3.93693],[-63.91684,3.94098],[-63.91067,3.94178],[-63.91053,3.93916],[-63.90457,3.93811],[-63.90301,3.93166],[-63.89889,3.93353],[-63.89197,3.93042],[-63.88786,3.93539],[-63.87917,3.93555],[-63.87362,3.94033],[-63.86849,3.93906],[-63.86156,3.94778],[-63.85384,3.9444],[-63.85044,3.95087],[-63.84745,3.9518],[-63.84495,3.95055],[-63.84648,3.94811],[-63.84481,3.94686],[-63.83348,3.9459],[-63.83153,3.94043],[-63.81442,3.94032],[-63.80827,3.93601],[-63.7966,3.93332],[-63.79098,3.9335],[-63.78711,3.93637],[-63.77977,3.93401],[-63.77271,3.93924],[-63.76683,3.9364],[-63.76322,3.93859],[-63.76513,3.94003],[-63.76375,3.94208],[-63.76102,3.94243],[-63.74008,3.93361],[-63.73902,3.92694],[-63.74339,3.92003],[-63.74014,3.91972],[-63.74037,3.9134],[-63.73271,3.91283],[-63.72541,3.91654],[-63.71511,3.91263],[-63.70621,3.91516],[-63.70289,3.91309],[-63.69716,3.91457],[-63.68834,3.90914],[-63.6818,3.90848],[-63.67662,3.91166],[-63.67784,3.91643],[-63.67581,3.91784],[-63.67051,3.91562],[-63.66453,3.92296],[-63.66708,3.92498],[-63.67353,3.92336],[-63.67523,3.92621],[-63.67343,3.92883],[-63.67924,3.92873],[-63.68033,3.93683],[-63.6827,3.93913],[-63.68426,3.93667],[-63.69437,3.93841],[-63.69503,3.94289],[-63.6999,3.94472],[-63.70068,3.94935],[-63.69557,3.95846],[-63.69625,3.96663],[-63.68789,3.99592],[-63.6893,4.00127],[-63.68557,4.00662],[-63.68553,4.01132],[-63.68754,4.0108],[-63.68942,4.01597],[-63.67805,4.01995],[-63.66816,4.01203],[-63.661,4.01181],[-63.65069,4.00023],[-63.64498,3.98538],[-63.64015,3.98413],[-63.63364,3.9736],[-63.61758,3.96166],[-63.61146,3.94498],[-63.60299,3.94055],[-63.59887,3.93151],[-63.58846,3.91845],[-63.59115,3.91632],[-63.59023,3.91301],[-63.59391,3.90486],[-63.58199,3.90202],[-63.58473,3.89573],[-63.58941,3.89498],[-63.5944,3.89001],[-63.59218,3.88522],[-63.58816,3.88424],[-63.58127,3.88792],[-63.57207,3.88247],[-63.56943,3.88563],[-63.5546,3.88976],[-63.55561,3.87423],[-63.55063,3.8649],[-63.54447,3.86278],[-63.53891,3.8653],[-63.53499,3.85995],[-63.52694,3.85664],[-63.52197,3.85778],[-63.5179,3.85295],[-63.52237,3.85054],[-63.5205,3.84868],[-63.51471,3.85057],[-63.50958,3.84735],[-63.50627,3.85051],[-63.50073,3.84979],[-63.50135,3.84305],[-63.49898,3.84075],[-63.49687,3.84374],[-63.49592,3.84956],[-63.49802,3.85401],[-63.49603,3.85639],[-63.50366,3.86143],[-63.50383,3.86461],[-63.50103,3.86893],[-63.49324,3.86799],[-63.49458,3.87488],[-63.48515,3.88293],[-63.48319,3.8816],[-63.4837,3.87361],[-63.47724,3.87181],[-63.47142,3.86683],[-63.46394,3.8741],[-63.4621,3.86313],[-63.45537,3.85761],[-63.45114,3.85789],[-63.44379,3.86702],[-63.43701,3.86631],[-63.43439,3.8759],[-63.43811,3.87967],[-63.43793,3.88327],[-63.42439,3.89814],[-63.41654,3.90243],[-63.41218,3.91304],[-63.41802,3.92185],[-63.41569,3.93261],[-63.42133,3.93807],[-63.42585,3.93441],[-63.43023,3.93619],[-63.44259,3.93306],[-63.4457,3.93454],[-63.44188,3.93905],[-63.44171,3.94935],[-63.4481,3.95102],[-63.45259,3.95548],[-63.44891,3.96142],[-63.43705,3.96618],[-63.42927,3.97587],[-63.4133,3.97412],[-63.40086,3.97778],[-63.39922,3.98022],[-63.39182,3.97983],[-63.38911,3.98508],[-63.39573,3.98988],[-63.39494,4.00199],[-63.40386,4.0134],[-63.41206,4.01485],[-63.41663,4.02688],[-63.41323,4.03199],[-63.40274,4.03655],[-63.40079,4.04274],[-63.39382,4.04529],[-63.38491,4.05792],[-63.39229,4.06496],[-63.39448,4.07643],[-63.40197,4.08095],[-63.40427,4.08733],[-63.42824,4.09225],[-63.44244,4.08887],[-63.46347,4.10426],[-63.46542,4.10963],[-63.48332,4.13095],[-63.48345,4.13484],[-63.4948,4.15181],[-63.50003,4.16457],[-63.51259,4.17392],[-63.52121,4.18682],[-63.53102,4.21248],[-63.52471,4.22765],[-63.52593,4.23523],[-63.5319,4.23589],[-63.52952,4.24022],[-63.53297,4.24413],[-63.53031,4.2488],[-63.53055,4.25447],[-63.54683,4.25218],[-63.55273,4.26217],[-63.55192,4.26938],[-63.55391,4.27398],[-63.55898,4.2751],[-63.56505,4.28288],[-63.56411,4.29009],[-63.55509,4.30084],[-63.54908,4.30246],[-63.54102,4.31288],[-63.53713,4.32258],[-63.54063,4.33096],[-63.54063,4.34021],[-63.5381,4.34327],[-63.54542,4.34513],[-63.54878,4.35574],[-63.55396,4.36207],[-63.55275,4.36678],[-63.55546,4.37731],[-63.55391,4.391],[-63.55546,4.39355],[-63.56486,4.39192],[-63.56428,4.38464],[-63.5746,4.38253],[-63.57734,4.38625],[-63.60118,4.39196],[-63.60539,4.38858],[-63.60528,4.38011],[-63.61075,4.36753],[-63.60758,4.34979],[-63.6088,4.34226],[-63.61492,4.34954],[-63.62056,4.34954],[-63.62927,4.33927],[-63.64049,4.33627],[-63.63822,4.3441],[-63.645,4.34449],[-63.64663,4.35078],[-63.65955,4.35289],[-63.6615,4.35583],[-63.65908,4.35955],[-63.66654,4.36565],[-63.66652,4.37587],[-63.67169,4.38764],[-63.66624,4.39549],[-63.66704,4.40435],[-63.67191,4.4064],[-63.67474,4.41385],[-63.68397,4.41592],[-63.69056,4.41201],[-63.69609,4.41203],[-63.7145,4.42594],[-63.71467,4.43161],[-63.71736,4.43426],[-63.71397,4.44564],[-63.71697,4.44917],[-63.71448,4.45358],[-63.71678,4.45505],[-63.72175,4.47075],[-63.72081,4.47593],[-63.72763,4.48068],[-63.73217,4.48933],[-63.72921,4.49832],[-63.73382,4.50615],[-63.73219,4.51106],[-63.73403,4.51713],[-63.74212,4.52028],[-63.74343,4.52413],[-63.74976,4.52413],[-63.7569,4.53146],[-63.76892,4.53168],[-63.77572,4.54147],[-63.77282,4.54614],[-63.77441,4.55416],[-63.78087,4.56301],[-63.7837,4.56066],[-63.78735,4.56573],[-63.79321,4.56496],[-63.79454,4.5616],[-63.80396,4.56374],[-63.80141,4.56932],[-63.80529,4.58171],[-63.80535,4.59332],[-63.79943,4.59976],[-63.79632,4.60785],[-63.78887,4.61033],[-63.79072,4.62868],[-63.78772,4.63717],[-63.79117,4.64741],[-63.78737,4.64957],[-63.78641,4.65832],[-63.78879,4.66037],[-63.7837,4.66292],[-63.77342,4.65697],[-63.77544,4.67286],[-63.77754,4.67633],[-63.78269,4.67658],[-63.78885,4.6833],[-63.78995,4.69389],[-63.78362,4.71726],[-63.77304,4.72423],[-63.77353,4.72616],[-63.78709,4.7401],[-63.7948,4.73805],[-63.80126,4.74465],[-63.81035,4.742],[-63.82044,4.7447],[-63.8255,4.7482],[-63.82932,4.75631],[-63.84069,4.76418],[-63.83379,4.77155],[-63.83565,4.77609],[-63.83353,4.78558],[-63.83464,4.79584],[-63.83763,4.80354],[-63.84518,4.81276],[-63.84971,4.81195],[-63.8599,4.81821],[-63.8678,4.81671],[-63.86857,4.82758],[-63.87492,4.83848],[-63.87361,4.84449],[-63.87567,4.85441],[-63.87928,4.86339],[-63.88475,4.86649],[-63.8888,4.87635],[-63.89827,4.86683],[-63.90717,4.84445],[-63.90784,4.81731],[-63.91606,4.8133],[-63.92163,4.80549],[-63.92616,4.80318],[-63.93448,4.77899],[-63.93713,4.77929],[-63.94122,4.78807],[-63.94103,4.79822],[-63.93991,4.81597],[-63.93105,4.82351],[-63.93373,4.82897],[-63.93404,4.83897],[-63.94994,4.84256],[-63.9583,4.83874],[-63.96178,4.84393],[-63.96152,4.85122],[-63.96575,4.85364],[-63.96847,4.85233],[-63.97815,4.85467],[-63.98013,4.85832],[-63.98425,4.85537],[-63.98985,4.85774],[-63.99345,4.85603],[-63.99448,4.84737],[-63.99935,4.84817],[-64.00328,4.85178],[-64.00319,4.85738],[-64.01278,4.85697],[-64.01236,4.86226],[-64.00944,4.86365],[-64.01158,4.87222],[-64.01739,4.87206],[-64.01856,4.86839],[-64.02347,4.8697],[-64.02686,4.86589],[-64.03744,4.86589],[-64.04074,4.87726],[-64.03883,4.884],[-64.04649,4.87968],[-64.05669,4.88385],[-64.04278,4.89501],[-64.04302,4.90033],[-64.04761,4.90262],[-64.04969,4.90904],[-64.05857,4.90829],[-64.06066,4.91453],[-64.06388,4.91382],[-64.06664,4.91682],[-64.07388,4.9144],[-64.07596,4.90735],[-64.09171,4.90405],[-64.09317,4.89991],[-64.09729,4.89822],[-64.09744,4.90194],[-64.09216,4.90895],[-64.09259,4.91134],[-64.09986,4.91331],[-64.09574,4.92261],[-64.09883,4.92483],[-64.10767,4.9246],[-64.11022,4.93212],[-64.11531,4.93323],[-64.11495,4.94181],[-64.11784,4.94619],[-64.12252,4.94743],[-64.13355,4.94442],[-64.13559,4.94965],[-64.13567,4.95136],[-64.12887,4.95374],[-64.12464,4.95115],[-64.12235,4.9541],[-64.11698,4.95295],[-64.11338,4.96036],[-64.10224,4.96577],[-64.10087,4.97466],[-64.09832,4.97667],[-64.0772,4.983],[-64.073,4.98661],[-64.07503,5.00162],[-64.07074,5.01235],[-64.07276,5.01462],[-64.07177,5.0215],[-64.07624,5.02597],[-64.07233,5.03379],[-64.07482,5.03858],[-64.07289,5.04082],[-64.06731,5.04157],[-64.06518,5.03456],[-64.06104,5.03048],[-64.04471,5.0308],[-64.04229,5.02907],[-64.04248,5.02184],[-64.03917,5.01938],[-64.02999,5.02885],[-64.02433,5.03071],[-64.0209,5.03021],[-64.01909,5.02686],[-64.021,5.02368],[-64.01636,5.01959],[-64.01203,5.02595],[-64.00577,5.02646],[-63.99678,5.02402],[-63.98137,5.01489],[-63.97858,5.02],[-63.98498,5.02701],[-63.98453,5.03192],[-63.97794,5.02941],[-63.97526,5.03469],[-63.97244,5.03514],[-63.97225,5.03832],[-63.98212,5.05036],[-63.97931,5.05452],[-63.98328,5.06359],[-63.98365,5.07229],[-63.97774,5.0812],[-63.98577,5.08477],[-63.98725,5.08981],[-63.98137,5.098],[-63.98253,5.10199],[-63.97873,5.10828],[-63.98071,5.11689],[-63.97822,5.11888],[-63.97427,5.11674],[-63.96815,5.11916],[-63.9644,5.13424],[-63.95908,5.13685],[-63.95318,5.1358],[-63.9515,5.13315],[-63.95298,5.12931],[-63.94882,5.12497],[-63.94354,5.13033],[-63.93839,5.13021],[-63.93389,5.13805],[-63.92273,5.13965],[-63.91678,5.14831],[-63.90346,5.15354],[-63.8994,5.14925],[-63.89586,5.1651],[-63.88831,5.16376],[-63.88018,5.16872],[-63.87661,5.16756],[-63.8646,5.17996],[-63.85947,5.18075],[-63.85844,5.18485],[-63.85577,5.18559],[-63.85553,5.19211],[-63.85163,5.19654],[-63.8442,5.19774],[-63.83844,5.20522],[-63.83306,5.20737],[-63.78495,5.19735],[-63.77779,5.19308],[-63.77804,5.20101],[-63.77368,5.21143],[-63.77611,5.21297],[-63.77572,5.21654],[-63.77115,5.22148],[-63.77903,5.23592],[-63.77557,5.24332],[-63.77971,5.24503],[-63.78233,5.25052],[-63.78203,5.25488],[-63.77597,5.26063],[-63.7768,5.26666],[-63.77469,5.26962],[-63.78304,5.27408],[-63.78913,5.27309],[-63.7885,5.27555],[-63.79323,5.28002],[-63.78851,5.29118],[-63.78887,5.29966],[-63.78048,5.30827],[-63.78475,5.31207],[-63.7757,5.31669],[-63.77499,5.31942],[-63.77761,5.3224],[-63.77385,5.32596],[-63.77763,5.33179],[-63.78694,5.33681],[-63.79153,5.33735],[-63.79145,5.33034],[-63.79634,5.32786],[-63.80156,5.32934],[-63.80353,5.33126],[-63.80297,5.33765],[-63.80795,5.33686],[-63.8108,5.34186],[-63.82284,5.34273],[-63.82398,5.34965],[-63.82726,5.34912],[-63.82844,5.35158],[-63.83445,5.35109],[-63.83486,5.34737],[-63.83748,5.34656],[-63.84033,5.35177],[-63.83911,5.35925],[-63.84093,5.36388],[-63.83505,5.37262],[-63.83833,5.3767],[-63.84228,5.37732],[-63.84383,5.38298],[-63.83642,5.38439],[-63.83436,5.40437],[-63.84018,5.4103],[-63.84024,5.4156],[-63.84296,5.41777],[-63.83996,5.42002],[-63.82728,5.42094],[-63.82387,5.42883],[-63.81937,5.42875],[-63.81651,5.43299],[-63.82578,5.43948],[-63.82055,5.4514],[-63.83042,5.45572],[-63.82977,5.46386],[-63.82593,5.46584],[-63.82902,5.47009],[-63.834,5.47405],[-63.8437,5.47473],[-63.85205,5.48094],[-63.86226,5.47862],[-63.86917,5.48543],[-63.88588,5.48842],[-63.89067,5.49775],[-63.89717,5.49692],[-63.90151,5.49062],[-63.91852,5.48575],[-63.93768,5.49803],[-63.94326,5.50446],[-63.94366,5.50844],[-63.95009,5.50796],[-63.95285,5.50442],[-63.96777,5.49711],[-63.97936,5.50152],[-63.98013,5.50412],[-63.98802,5.5025],[-63.99532,5.50467],[-63.99952,5.50273],[-64.00154,5.50476],[-63.99708,5.50811],[-63.99684,5.51253],[-63.98963,5.51681],[-63.99032,5.5211],[-63.98066,5.53981],[-63.98232,5.54711],[-63.97886,5.54737],[-63.97738,5.55162],[-63.98369,5.55318],[-63.99092,5.54655],[-64.008,5.55117],[-64.0203,5.54698],[-64.02817,5.55209],[-64.0286,5.55465],[-64.02519,5.55679],[-64.02523,5.56191],[-64.01824,5.5648],[-64.02281,5.56862],[-64.02281,5.57315],[-64.01801,5.57508],[-64.00623,5.57274],[-63.9932,5.57603],[-64.00358,5.58069],[-64.00549,5.58379],[-63.99731,5.59427],[-64.02347,5.61063],[-64.0222,5.62064],[-64.00203,5.61825],[-64.00152,5.62468],[-64.00579,5.62722],[-64.00641,5.6314],[-63.99978,5.63392],[-63.98524,5.62744],[-63.97751,5.62863],[-63.97122,5.64996],[-63.97515,5.65472],[-63.98268,5.65581],[-63.98159,5.67516],[-63.9744,5.68526],[-63.96054,5.6926],[-63.9512,5.70697],[-63.94998,5.71664],[-63.95783,5.72296],[-63.96236,5.72352],[-63.96777,5.73949],[-63.9703,5.76933],[-63.96609,5.78317],[-63.95236,5.7998],[-63.94047,5.80138],[-63.92431,5.80849],[-63.92022,5.8118],[-63.91665,5.8198],[-63.92618,5.82636],[-63.92805,5.83171],[-63.93444,5.83769],[-63.93148,5.8442],[-63.93474,5.84271],[-63.94017,5.84482],[-63.93697,5.85287],[-63.94182,5.85733],[-63.94313,5.86369],[-63.95723,5.86749],[-63.96446,5.86559],[-63.96822,5.86083],[-63.97489,5.86059],[-63.98742,5.86818],[-63.99678,5.86177],[-63.99673,5.85679],[-64.00369,5.8486],[-64.01133,5.85257],[-64.01547,5.85171],[-64.02871,5.84143],[-64.03364,5.83329],[-64.02914,5.82524],[-64.03263,5.81969],[-64.03712,5.81978],[-64.03922,5.82258],[-64.04197,5.82068],[-64.10969,5.82104],[-64.14947,6.02047],[-64.14981,6.17431],[-64.15582,6.18651],[-64.20329,6.34145],[-64.17701,6.35155],[-64.17425,6.35613],[-64.17607,6.36256],[-64.17391,6.36574],[-64.17705,6.3721],[-64.17577,6.37689],[-64.1792,6.3779],[-64.17987,6.38199],[-64.17994,6.39103],[-64.17357,6.39683],[-64.1738,6.40495],[-64.17617,6.40763],[-64.1749,6.41004],[-64.17842,6.41324],[-64.17641,6.41889],[-64.17811,6.42349],[-64.17302,6.42862],[-64.17138,6.4365],[-64.16902,6.43564],[-64.16938,6.4415],[-64.16322,6.44534],[-64.16749,6.45766],[-64.16524,6.4635],[-64.16763,6.46598],[-64.16674,6.46945],[-64.17155,6.47473],[-64.17445,6.48472],[-64.16921,6.48879],[-64.17026,6.49141],[-64.16722,6.49406],[-64.16874,6.49796],[-64.16445,6.50137],[-64.16591,6.50412],[-64.16129,6.50759],[-64.16159,6.50985],[-64.15235,6.51269],[-64.15151,6.51096],[-64.14923,6.51627],[-64.14241,6.51992],[-64.14209,6.52279],[-64.1125,6.53077],[-64.10778,6.53689],[-64.10057,6.53859],[-64.09956,6.5458],[-64.09402,6.54705],[-64.08705,6.55675],[-64.07454,6.55727],[-64.06544,6.56221],[-64.06673,6.56758],[-64.06443,6.57076],[-64.05576,6.57242],[-64.05991,6.58562],[-64.05195,6.58952],[-64.05594,6.59404],[-64.05272,6.6015],[-64.04639,6.6015],[-64.04549,6.60776],[-64.03901,6.60574],[-64.03617,6.61388],[-64.028,6.61716],[-64.02774,6.62036],[-64.01759,6.62737],[-64.01459,6.63598],[-64.005,6.6353],[-64.00364,6.63822],[-63.99927,6.63603],[-63.99834,6.63991],[-63.99446,6.63432],[-63.99053,6.63372],[-63.98508,6.63967],[-63.98169,6.63581],[-63.97811,6.64193],[-63.97217,6.63901],[-63.96938,6.63019],[-63.96378,6.62646],[-63.95895,6.62626],[-63.9547,6.63061],[-63.95249,6.62939],[-63.94944,6.63319],[-63.94758,6.63198],[-63.93839,6.63643],[-63.93861,6.64187],[-63.93178,6.64163],[-63.93049,6.64592],[-63.9099,6.64498],[-63.90503,6.64971],[-63.90199,6.64733],[-63.90123,6.65585],[-63.89861,6.65656],[-63.8959,6.66295],[-63.89167,6.66204],[-63.89113,6.6748],[-63.87646,6.67556],[-63.86678,6.695],[-63.85478,6.70428],[-63.85821,6.70967],[-63.86786,6.70655],[-63.87255,6.70769],[-63.87205,6.72087],[-63.86257,6.72189],[-63.86855,6.73568],[-63.8715,6.73652],[-63.87702,6.72817],[-63.88211,6.73137],[-63.87968,6.73529],[-63.88048,6.73959],[-63.89645,6.74698],[-63.88954,6.75315],[-63.88065,6.77245],[-63.88826,6.76849],[-63.89,6.76108],[-63.89288,6.76362],[-63.90108,6.76194],[-63.9004,6.76447],[-63.89666,6.7656],[-63.89709,6.7722],[-63.89235,6.78321],[-63.90018,6.80383],[-63.89717,6.80562],[-63.89646,6.81338],[-63.89234,6.81569],[-63.89285,6.82208],[-63.88828,6.82594],[-63.89772,6.84048],[-63.8925,6.84773],[-63.89732,6.85832],[-63.8964,6.869],[-63.89911,6.87269],[-63.89736,6.87937],[-63.91161,6.89521],[-63.90283,6.90604],[-63.89814,6.90553],[-63.89273,6.91058],[-63.89336,6.91804],[-63.88226,6.92342],[-63.87632,6.92982],[-63.8677,6.94284],[-63.86992,6.94841],[-63.85724,6.95302],[-63.85397,6.96101],[-63.84631,6.96715],[-63.84961,6.97154],[-63.84829,6.97636],[-63.85055,6.98505],[-63.85029,6.99822],[-63.84832,7.00155],[-63.85745,7.00268],[-63.86085,7.00723],[-63.86681,7.00826],[-63.86888,7.01087],[-63.8652,7.01499],[-63.86536,7.0206],[-63.8568,7.04097],[-63.85471,7.05503],[-63.86203,7.06116],[-63.86488,7.07177],[-63.87035,7.07747],[-63.8675,7.08397],[-63.8693,7.09151],[-63.86222,7.09356],[-63.8632,7.10289],[-63.85801,7.10837],[-63.86177,7.11878],[-63.85996,7.15336],[-63.86327,7.16868],[-63.87297,7.1835],[-63.87543,7.192],[-63.88306,7.19797],[-63.88328,7.20537],[-63.89263,7.2251],[-63.90345,7.22511],[-63.91197,7.23107],[-63.91546,7.23701],[-63.91956,7.23856],[-63.92189,7.2476],[-63.92944,7.25315],[-63.9307,7.25812],[-63.9425,7.2739],[-63.97021,7.27173],[-63.97469,7.27908],[-63.98547,7.30223],[-63.98306,7.32822],[-63.99128,7.3391],[-63.99766,7.33848],[-64.00529,7.34902],[-64.00844,7.35938],[-64.01132,7.38728],[-64.02031,7.4149],[-64.01939,7.4192],[-64.01097,7.42218],[-64.01409,7.44033],[-64.03225,7.45653],[-64.02933,7.46245],[-64.03209,7.46507],[-64.03583,7.48079],[-64.0438,7.48472],[-64.05305,7.4817],[-64.05597,7.48308],[-64.04721,7.49008],[-64.04706,7.49546],[-64.04336,7.50101],[-64.04566,7.53132],[-64.0614,7.5445],[-64.0689,7.54526],[-64.07291,7.54144],[-64.08194,7.54209],[-64.08905,7.54899],[-64.10352,7.55457],[-64.10367,7.56032],[-64.10636,7.56334],[-64.12932,7.56783],[-64.12931,7.57237],[-64.12124,7.57641],[-64.12002,7.58085],[-64.13096,7.59126],[-64.12804,7.59501],[-64.12656,7.60487],[-64.13534,7.61238],[-64.12985,7.61802],[-64.1326,7.63622],[-64.14743,7.65544],[-64.15032,7.65602],[-64.15396,7.65071],[-64.16486,7.66579],[-64.17551,7.67378],[-64.17889,7.68085],[-64.16771,7.6937],[-64.1644,7.70628],[-64.19175,7.72506],[-64.1958,7.71959],[-64.2037,7.72066],[-64.21421,7.73971],[-64.22679,7.74277],[-64.23298,7.73902],[-64.24204,7.74415],[-64.25966,7.78809],[-64.27495,7.80227],[-64.27901,7.81206],[-64.27906,7.82435],[-64.27545,7.84049],[-64.28307,7.85454],[-64.27613,7.86721],[-64.27517,7.87472],[-64.29102,7.88404],[-64.29461,7.89101],[-64.28982,7.89884],[-64.28235,7.89878],[-64.27857,7.90182],[-64.27385,7.91521],[-64.27926,7.92566],[-64.27528,7.93844],[-64.25936,7.95289],[-64.25418,7.95043],[-64.24813,7.94155],[-64.24072,7.93997],[-64.23299,7.94181],[-64.22574,7.93554],[-64.21937,7.93848],[-64.20817,7.95174],[-64.19898,7.95273],[-64.18276,7.94934],[-64.17332,7.95173],[-64.16894,7.95666],[-64.17433,7.96598],[-64.17964,7.96912],[-64.19088,7.96869],[-64.1914,7.97211],[-64.16587,7.98186],[-64.14574,8.00067],[-64.17947,8.02504],[-64.19037,8.04512],[-64.21535,8.07555],[-64.23543,8.08719],[-64.25654,8.08991],[-64.30246,8.09008],[-64.31336,8.086],[-64.3204,8.07589],[-64.32547,8.05154],[-64.33439,8.03917],[-64.37516,8.00484],[-64.39027,7.99608],[-64.4022,7.99498],[-64.4158,7.99791],[-64.42359,8.00237],[-64.43275,8.01249],[-64.44494,8.01886],[-64.46202,8.01848],[-64.48571,8.01011],[-64.51841,7.98512],[-64.57111,7.96081],[-64.57918,7.94933],[-64.58566,7.92336],[-64.58253,7.88821],[-64.57807,7.87486],[-64.56837,7.86245],[-64.55429,7.8542],[-64.49258,7.83303],[-64.47981,7.82267],[-64.48015,7.81239],[-64.49569,7.8007],[-64.49867,7.79332],[-64.5049,7.78877],[-64.51713,7.76313],[-64.52768,7.75785],[-64.54751,7.75641],[-64.58871,7.75836],[-64.62094,7.76436],[-64.65415,7.76389],[-64.67188,7.75335],[-64.68553,7.73965],[-64.71265,7.72069],[-64.7493,7.68871],[-64.80002,7.66693],[-64.82071,7.66217]]]}},{"type":"Feature","id":"relation/3418068","properties":{"name":"Municipio Gran Sabana","level":6,"population":"28450"},"geometry":{"type":"Polygon","coordinates":[[[-62.86226,6.03904],[-62.86304,6.02466],[-62.85995,6.02184],[-62.85779,6.01074],[-62.84323,5.99529],[-62.84175,5.98872],[-62.85742,5.9611],[-62.85183,5.95405],[-62.85196,5.94634],[-62.86025,5.93605],[-62.86956,5.91609],[-62.87424,5.89968],[-62.89325,5.85942],[-62.89428,5.84322],[-62.90385,5.8391],[-62.90791,5.83415],[-62.91431,5.80371],[-62.91429,5.78987],[-62.9072,5.76701],[-62.90368,5.76028],[-62.89581,5.75347],[-62.89415,5.74826],[-62.89604,5.74053],[-62.90282,5.73325],[-62.9025,5.71358],[-62.89908,5.70358],[-62.89956,5.68139],[-62.89544,5.66768],[-62.88699,5.66356],[-62.88471,5.65716],[-62.88613,5.65022],[-62.89353,5.64458],[-62.8954,5.6389],[-62.89364,5.62376],[-62.88782,5.61596],[-62.88737,5.61135],[-62.89612,5.60218],[-62.89965,5.59171],[-62.8957,5.57951],[-62.89866,5.55773],[-62.89319,5.54605],[-62.88666,5.52097],[-62.89081,5.5035],[-62.88714,5.47659],[-62.86353,5.45245],[-62.85356,5.43235],[-62.85169,5.41562],[-62.83133,5.40274],[-62.8144,5.3845],[-62.79783,5.37935],[-62.75155,5.35194],[-62.72065,5.33947],[-62.70653,5.35854],[-62.67546,5.35536],[-62.62239,5.33536],[-62.59364,5.33004],[-62.56398,5.31536],[-62.5568,5.30609],[-62.54142,5.30125],[-62.53938,5.29678],[-62.54276,5.27992],[-62.5414,5.27697],[-62.52165,5.26005],[-62.50925,5.2434],[-62.49558,5.24257],[-62.476,5.2264],[-62.46145,5.2032],[-62.44928,5.19543],[-62.45121,5.18763],[-62.47234,5.16248],[-62.48066,5.14627],[-62.48826,5.14148],[-62.49018,5.1337],[-62.48461,5.12153],[-62.4868,5.11298],[-62.49272,5.10834],[-62.50179,5.10702],[-62.50285,5.10471],[-62.49159,5.08323],[-62.48679,5.04003],[-62.49707,5.02209],[-62.50566,5.01307],[-62.50444,5.0071],[-62.49847,4.99934],[-62.50072,4.9921],[-62.49856,4.98303],[-62.48576,4.96995],[-62.48992,4.95633],[-62.48457,4.94055],[-62.4856,4.93568],[-62.47754,4.9288],[-62.46529,4.91059],[-62.44999,4.90187],[-62.44138,4.88756],[-62.43478,4.88121],[-62.43026,4.87113],[-62.41903,4.86179],[-62.41638,4.85364],[-62.40652,4.85583],[-62.39008,4.84675],[-62.38533,4.84013],[-62.37776,4.83675],[-62.3753,4.83114],[-62.38066,4.82734],[-62.37945,4.82126],[-62.37332,4.81637],[-62.35432,4.80924],[-62.3524,4.8055],[-62.35345,4.79426],[-62.3425,4.78852],[-62.33896,4.7835],[-62.33367,4.76275],[-62.34012,4.75432],[-62.33786,4.74813],[-62.32407,4.74885],[-62.32083,4.7466],[-62.32755,4.7439],[-62.3333,4.73745],[-62.33439,4.71529],[-62.32838,4.6806],[-62.31896,4.66313],[-62.31424,4.6484],[-62.33015,4.63982],[-62.32541,4.62875],[-62.31839,4.62568],[-62.31902,4.61941],[-62.3223,4.61633],[-62.3197,4.61444],[-62.3195,4.60761],[-62.31604,4.60834],[-62.3157,4.60382],[-62.30902,4.60091],[-62.30578,4.59371],[-62.30736,4.59035],[-62.30203,4.58377],[-62.30186,4.58129],[-62.30459,4.58088],[-62.30218,4.57579],[-62.3073,4.57175],[-62.30695,4.56594],[-62.30983,4.56447],[-62.315,4.5681],[-62.32952,4.57056],[-62.32623,4.55622],[-62.32802,4.54804],[-62.33088,4.54817],[-62.33396,4.54235],[-62.34906,4.54838],[-62.3519,4.54665],[-62.34915,4.53884],[-62.35615,4.53508],[-62.34944,4.53161],[-62.35235,4.52346],[-62.36052,4.51693],[-62.3788,4.51568],[-62.38365,4.51854],[-62.39318,4.51942],[-62.39762,4.52331],[-62.40271,4.52289],[-62.40475,4.51895],[-62.41123,4.51985],[-62.41255,4.5139],[-62.42494,4.51206],[-62.42663,4.50896],[-62.42054,4.4948],[-62.42713,4.49091],[-62.44356,4.48952],[-62.44565,4.48541],[-62.46906,4.48333],[-62.47176,4.47659],[-62.46204,4.47136],[-62.46936,4.4635],[-62.46165,4.44836],[-62.47208,4.44108],[-62.47983,4.44083],[-62.48268,4.43627],[-62.47835,4.42649],[-62.48588,4.41387],[-62.50674,4.415],[-62.51521,4.42288],[-62.52779,4.42414],[-62.53126,4.41995],[-62.52899,4.41344],[-62.53708,4.41105],[-62.54274,4.39958],[-62.5557,4.39998],[-62.5562,4.39785],[-62.55066,4.3962],[-62.52901,4.39318],[-62.52272,4.38869],[-62.51832,4.38995],[-62.5212,4.38195],[-62.51772,4.37707],[-62.52585,4.36728],[-62.51027,4.36156],[-62.51066,4.35303],[-62.50259,4.34962],[-62.50459,4.34496],[-62.50356,4.33961],[-62.49873,4.33822],[-62.49807,4.33472],[-62.50293,4.33435],[-62.49999,4.32626],[-62.5026,4.32045],[-62.50623,4.32074],[-62.51028,4.30458],[-62.52439,4.29519],[-62.52214,4.28845],[-62.52279,4.28301],[-62.52635,4.27993],[-62.52472,4.27272],[-62.52742,4.26846],[-62.51944,4.26418],[-62.5174,4.25853],[-62.52113,4.24779],[-62.50583,4.23621],[-62.50017,4.23553],[-62.49946,4.22301],[-62.48586,4.21372],[-62.48566,4.20555],[-62.49088,4.19992],[-62.4918,4.19515],[-62.47913,4.19397],[-62.46922,4.18534],[-62.45746,4.18157],[-62.44956,4.18271],[-62.44474,4.17959],[-62.43735,4.18363],[-62.42346,4.18248],[-62.41858,4.18441],[-62.41426,4.17928],[-62.40784,4.17998],[-62.40119,4.17394],[-62.39292,4.17455],[-62.38906,4.17804],[-62.38783,4.17327],[-62.38439,4.17484],[-62.38025,4.17298],[-62.38035,4.17026],[-62.37229,4.16477],[-62.36565,4.16354],[-62.36344,4.16772],[-62.35995,4.16829],[-62.35416,4.16559],[-62.35097,4.1513],[-62.33829,4.14552],[-62.3366,4.14289],[-62.33797,4.14058],[-62.33477,4.13754],[-62.32235,4.13253],[-62.32237,4.13972],[-62.32031,4.14109],[-62.31638,4.14197],[-62.31284,4.13704],[-62.3034,4.13715],[-62.29319,4.14175],[-62.27805,4.12967],[-62.2696,4.13246],[-62.2595,4.12772],[-62.25479,4.1272],[-62.25212,4.12932],[-62.24838,4.12765],[-62.24599,4.11849],[-62.24203,4.11657],[-62.23333,4.11884],[-62.22543,4.11184],[-62.21287,4.10857],[-62.19828,4.11359],[-62.19337,4.10971],[-62.19135,4.09764],[-62.18272,4.09379],[-62.15809,4.09033],[-62.15649,4.08402],[-62.15191,4.08347],[-62.14493,4.07488],[-62.14054,4.07598],[-62.1419,4.08091],[-62.13912,4.084],[-62.11092,4.09235],[-62.11405,4.09853],[-62.11164,4.09974],[-62.11775,4.10383],[-62.11613,4.10433],[-62.11643,4.1121],[-62.1189,4.115],[-62.11671,4.11777],[-62.10393,4.11569],[-62.09766,4.12007],[-62.09916,4.12533],[-62.08928,4.12844],[-62.08665,4.12218],[-62.08107,4.12075],[-62.07009,4.12442],[-62.07077,4.13074],[-62.07648,4.1344],[-62.07639,4.14011],[-62.08004,4.14395],[-62.07531,4.15403],[-62.06452,4.15716],[-62.04792,4.15123],[-62.03366,4.15798],[-62.03011,4.15113],[-62.02484,4.1508],[-62.02152,4.15299],[-62.02064,4.15694],[-62.0131,4.15615],[-62.00794,4.15842],[-62.00375,4.16371],[-61.99996,4.16463],[-61.99207,4.17597],[-61.98508,4.17991],[-61.98205,4.18068],[-61.98027,4.16172],[-61.97173,4.15907],[-61.96615,4.16136],[-61.96596,4.15586],[-61.95999,4.15316],[-61.95997,4.14642],[-61.95673,4.1459],[-61.95122,4.13229],[-61.9413,4.13219],[-61.93736,4.12998],[-61.938,4.12688],[-61.93296,4.11765],[-61.92632,4.1219],[-61.92553,4.13453],[-61.92081,4.13977],[-61.92125,4.14987],[-61.92423,4.15437],[-61.92243,4.15687],[-61.91764,4.15638],[-61.91367,4.15939],[-61.90489,4.15703],[-61.89953,4.16172],[-61.89191,4.15999],[-61.88835,4.1532],[-61.88142,4.15631],[-61.87633,4.1534],[-61.86914,4.1575],[-61.87457,4.16951],[-61.87124,4.17274],[-61.86747,4.17255],[-61.8665,4.17704],[-61.85854,4.17127],[-61.85378,4.17465],[-61.84951,4.1746],[-61.85035,4.16972],[-61.84745,4.16486],[-61.84157,4.16397],[-61.83994,4.15913],[-61.82476,4.1645],[-61.81652,4.16369],[-61.81552,4.16737],[-61.81952,4.17919],[-61.81521,4.18918],[-61.81916,4.19188],[-61.81792,4.19568],[-61.82121,4.20002],[-61.81002,4.19997],[-61.80649,4.21077],[-61.79965,4.21702],[-61.80159,4.21804],[-61.80179,4.22787],[-61.79139,4.22946],[-61.78176,4.22371],[-61.7695,4.22749],[-61.76413,4.23298],[-61.77469,4.24903],[-61.75761,4.25176],[-61.75359,4.25567],[-61.73961,4.25469],[-61.73551,4.25794],[-61.73522,4.26252],[-61.72406,4.26881],[-61.72102,4.26701],[-61.72192,4.26121],[-61.72892,4.25447],[-61.72353,4.24383],[-61.70507,4.25451],[-61.6983,4.25523],[-61.69284,4.25215],[-61.68637,4.25744],[-61.6794,4.25361],[-61.6695,4.26311],[-61.65389,4.26223],[-61.65339,4.25787],[-61.64733,4.25589],[-61.64811,4.2544],[-61.64277,4.2499],[-61.64124,4.23823],[-61.63088,4.24122],[-61.62525,4.2531],[-61.6195,4.25116],[-61.6078,4.26063],[-61.60309,4.25766],[-61.59843,4.24752],[-61.58728,4.24302],[-61.5837,4.2476],[-61.57565,4.24767],[-61.57608,4.25045],[-61.55777,4.25246],[-61.55352,4.25822],[-61.55361,4.265],[-61.54255,4.27151],[-61.53742,4.27973],[-61.53256,4.28158],[-61.53153,4.28538],[-61.51919,4.2874],[-61.52029,4.29107],[-61.5246,4.29211],[-61.52667,4.29564],[-61.51729,4.2999],[-61.51538,4.30683],[-61.51,4.31121],[-61.50614,4.31941],[-61.50758,4.32219],[-61.52072,4.32636],[-61.52048,4.3334],[-61.52573,4.33993],[-61.52331,4.3465],[-61.52447,4.35101],[-61.51638,4.35561],[-61.5191,4.3742],[-61.52395,4.37964],[-61.51341,4.39125],[-61.51567,4.39819],[-61.51377,4.40657],[-61.5097,4.40573],[-61.50439,4.40863],[-61.49569,4.40747],[-61.49488,4.41059],[-61.48565,4.41127],[-61.48147,4.4166],[-61.47621,4.41776],[-61.47327,4.42421],[-61.46778,4.42381],[-61.46184,4.42717],[-61.46142,4.43577],[-61.44748,4.43948],[-61.44464,4.4349],[-61.43844,4.4361],[-61.43503,4.43285],[-61.43471,4.43124],[-61.44404,4.42688],[-61.43999,4.4236],[-61.4266,4.42566],[-61.42591,4.43227],[-61.42083,4.43338],[-61.40797,4.43109],[-61.40416,4.42476],[-61.39216,4.42321],[-61.37924,4.42668],[-61.37201,4.42621],[-61.34494,4.41753],[-61.3381,4.42136],[-61.33796,4.42691],[-61.3192,4.42996],[-61.32039,4.43681],[-61.32487,4.44068],[-61.32435,4.44421],[-61.3168,4.44627],[-61.3109,4.45716],[-61.30492,4.45919],[-61.30242,4.45651],[-61.28891,4.45554],[-61.28468,4.46409],[-61.27751,4.46757],[-61.27852,4.47796],[-61.29002,4.47602],[-61.29631,4.481],[-61.29406,4.48252],[-61.29755,4.49227],[-61.30466,4.49458],[-61.31279,4.50408],[-61.31792,4.50113],[-61.32312,4.50429],[-61.32123,4.50981],[-61.32883,4.51422],[-61.32737,4.51784],[-61.32895,4.52188],[-61.32417,4.52711],[-61.32354,4.53394],[-61.31107,4.53316],[-61.30536,4.53753],[-61.29032,4.53444],[-61.28412,4.53731],[-61.27539,4.52729],[-61.26779,4.53628],[-61.25668,4.53575],[-61.25255,4.52481],[-61.24617,4.53314],[-61.24064,4.53104],[-61.2389,4.52741],[-61.23402,4.52776],[-61.22355,4.52152],[-61.22052,4.52159],[-61.21683,4.53067],[-61.20359,4.51813],[-61.19058,4.52265],[-61.18693,4.5199],[-61.18521,4.51428],[-61.17639,4.51159],[-61.16993,4.50114],[-61.16473,4.50174],[-61.16362,4.49647],[-61.15172,4.49554],[-61.14945,4.48297],[-61.14555,4.48016],[-61.14136,4.48778],[-61.13414,4.49017],[-61.13282,4.49653],[-61.1284,4.49829],[-61.12554,4.50572],[-61.09781,4.51615],[-61.09235,4.52332],[-61.08419,4.51776],[-61.07348,4.51742],[-61.06469,4.52353],[-61.05214,4.52416],[-61.01884,4.51852],[-61.01107,4.52431],[-61.00066,4.52117],[-61.00197,4.51799],[-60.99784,4.51617],[-60.99293,4.5214],[-60.99392,4.52647],[-60.99079,4.53298],[-60.98723,4.5321],[-60.98557,4.54293],[-60.97835,4.54188],[-60.95775,4.54496],[-60.95801,4.55677],[-60.95293,4.56037],[-60.95668,4.58149],[-60.95307,4.58275],[-60.94947,4.58016],[-60.93991,4.58013],[-60.93376,4.58519],[-60.9366,4.59558],[-60.94358,4.59933],[-60.93695,4.60563],[-60.93763,4.61223],[-60.93441,4.61318],[-60.93306,4.61656],[-60.93373,4.62138],[-60.93772,4.6253],[-60.93688,4.63391],[-60.94934,4.63695],[-60.9516,4.64316],[-60.94787,4.64877],[-60.9476,4.65581],[-60.93459,4.65616],[-60.9302,4.66198],[-60.91989,4.66297],[-60.91254,4.67772],[-60.9134,4.68345],[-60.91028,4.68809],[-60.91379,4.69643],[-60.90315,4.71527],[-60.90014,4.71807],[-60.88388,4.71263],[-60.87703,4.71522],[-60.87049,4.70911],[-60.85292,4.70267],[-60.84667,4.71136],[-60.84055,4.71295],[-60.83319,4.72795],[-60.82081,4.72501],[-60.81517,4.7282],[-60.80999,4.73982],[-60.8107,4.74392],[-60.80746,4.74779],[-60.80285,4.74757],[-60.80058,4.75054],[-60.79116,4.74876],[-60.78562,4.75386],[-60.77508,4.75249],[-60.76464,4.7583],[-60.75574,4.75379],[-60.74982,4.75454],[-60.75011,4.75687],[-60.74185,4.76275],[-60.73954,4.77013],[-60.72597,4.77345],[-60.72114,4.77767],[-60.7273,4.78975],[-60.71822,4.80015],[-60.70703,4.80816],[-60.69309,4.81294],[-60.68781,4.81785],[-60.68483,4.82572],[-60.67685,4.83134],[-60.67605,4.83714],[-60.67164,4.84301],[-60.65831,4.84834],[-60.65719,4.86241],[-60.65305,4.86317],[-60.64949,4.87322],[-60.65479,4.88122],[-60.63829,4.88682],[-60.62711,4.88765],[-60.6252,4.89232],[-60.62608,4.90397],[-60.62124,4.90694],[-60.6138,4.91876],[-60.60215,4.92545],[-60.59177,4.92729],[-60.58979,4.93013],[-60.59046,4.93452],[-60.58608,4.94185],[-60.58771,4.95034],[-60.58288,4.95722],[-60.59478,4.97391],[-60.59569,4.99384],[-60.60531,5.00401],[-60.61775,5.00711],[-60.61335,5.01645],[-60.61035,5.03294],[-60.61198,5.03858],[-60.62016,5.04266],[-60.62782,5.03751],[-60.63277,5.04565],[-60.6455,5.05185],[-60.64655,5.05666],[-60.64395,5.06553],[-60.64563,5.07772],[-60.64288,5.08512],[-60.64699,5.08765],[-60.64237,5.11096],[-60.6509,5.11606],[-60.65762,5.1114],[-60.65689,5.11975],[-60.66138,5.1305],[-60.65831,5.13794],[-60.65865,5.15107],[-60.66647,5.16462],[-60.67603,5.1706],[-60.67439,5.17511],[-60.68025,5.1797],[-60.68128,5.19109],[-60.68864,5.19566],[-60.69652,5.19629],[-60.71942,5.19395],[-60.73755,5.20189],[-60.74839,5.22498],[-61.38272,5.9387],[-61.39646,5.94903],[-61.40521,5.94394],[-61.40563,5.94064],[-61.40807,5.93971],[-61.41472,5.94341],[-61.41598,5.9402],[-61.41911,5.94063],[-61.42482,5.93662],[-61.43056,5.94113],[-61.44071,5.93761],[-61.44429,5.93472],[-61.44497,5.92981],[-61.45898,5.9286],[-61.46142,5.92192],[-61.47797,5.92168],[-61.47597,5.91532],[-61.48396,5.91839],[-61.49344,5.90945],[-61.4979,5.90952],[-61.50395,5.90484],[-61.5074,5.90763],[-61.52457,5.90802],[-61.52751,5.91129],[-61.53269,5.91167],[-61.5343,5.9162],[-61.53818,5.91276],[-61.55356,5.91684],[-61.56262,5.91274],[-61.56395,5.9236],[-61.5688,5.92678],[-61.57197,5.93854],[-61.57998,5.94535],[-61.5929,5.94055],[-61.60056,5.94185],[-61.60586,5.93666],[-61.61238,5.93455],[-61.62193,5.93959],[-61.63781,5.95594],[-61.64306,5.95769],[-61.66444,5.95689],[-61.66773,5.95282],[-61.66868,5.94495],[-61.67214,5.94352],[-61.68789,5.95747],[-61.69194,5.95674],[-61.69554,5.96835],[-61.70717,5.97342],[-61.71588,5.96965],[-61.71836,5.97153],[-61.72175,5.96504],[-61.72999,5.96608],[-61.74764,5.95605],[-61.75322,5.94192],[-61.75627,5.94137],[-61.75462,5.93549],[-61.75766,5.93058],[-61.75905,5.91884],[-61.76706,5.91965],[-61.77118,5.91177],[-61.77715,5.91831],[-61.78347,5.91747],[-61.78484,5.91359],[-61.79056,5.91888],[-61.788,5.91939],[-61.78879,5.9244],[-61.78459,5.928],[-61.78589,5.93074],[-61.78963,5.93186],[-61.79479,5.9277],[-61.79738,5.93306],[-61.80614,5.92987],[-61.80445,5.92648],[-61.80757,5.92401],[-61.81018,5.92787],[-61.81629,5.92704],[-61.81659,5.93419],[-61.81192,5.93669],[-61.81242,5.94733],[-61.81793,5.95405],[-61.8233,5.95261],[-61.82108,5.95729],[-61.82552,5.96612],[-61.84051,5.96913],[-61.83829,5.96235],[-61.8507,5.96089],[-61.85508,5.95662],[-61.86449,5.96442],[-61.87015,5.96426],[-61.87622,5.96027],[-61.87683,5.96832],[-61.88105,5.97028],[-61.8822,5.97616],[-61.88049,5.98934],[-61.88794,5.98633],[-61.89161,5.98752],[-61.89386,5.98378],[-61.89786,5.98325],[-61.90074,5.99249],[-61.90582,5.98813],[-61.91454,5.99858],[-61.91978,5.99944],[-61.91821,5.99512],[-61.92053,5.99362],[-61.9315,6.00327],[-61.93764,6.00017],[-61.93755,5.99603],[-61.94211,5.99248],[-61.95476,5.99193],[-61.95892,5.99918],[-61.95849,6.00952],[-61.96432,6.0094],[-61.97099,6.02004],[-61.9767,6.01744],[-61.98322,6.01971],[-61.99101,6.02878],[-61.99038,6.03316],[-61.99404,6.03635],[-61.99944,6.03212],[-62.01162,6.02929],[-62.01391,6.03179],[-62.01831,6.03031],[-62.02304,6.02038],[-62.02693,6.01994],[-62.0333,6.01244],[-62.04129,6.00938],[-62.04303,6.01071],[-62.04069,6.01353],[-62.03415,6.01426],[-62.04876,6.02669],[-62.05226,6.02437],[-62.06151,6.02619],[-62.06473,6.0239],[-62.06772,6.02941],[-62.07842,6.02837],[-62.08119,6.02593],[-62.07752,6.01598],[-62.08044,6.01261],[-62.09455,5.99948],[-62.09922,5.99949],[-62.09942,6.00477],[-62.103,6.00663],[-62.10727,5.99663],[-62.12357,5.98146],[-62.12873,5.97989],[-62.12881,5.98796],[-62.13425,5.98921],[-62.1294,5.99525],[-62.12652,6.00514],[-62.13696,6.00592],[-62.14083,6.00778],[-62.1414,6.01076],[-62.14548,6.01136],[-62.15476,5.99816],[-62.1545,5.99527],[-62.16219,5.99322],[-62.16335,6.00443],[-62.17055,6.00083],[-62.17235,5.99513],[-62.18447,5.98478],[-62.18863,5.97417],[-62.19456,5.97304],[-62.19994,5.97947],[-62.20464,5.97813],[-62.20847,5.9705],[-62.19199,5.9696],[-62.20009,5.96278],[-62.22168,5.9576],[-62.22664,5.95883],[-62.22741,5.9541],[-62.23579,5.9567],[-62.24437,5.96298],[-62.25398,5.97941],[-62.26784,5.98022],[-62.27037,5.97731],[-62.26516,5.97209],[-62.27566,5.96209],[-62.2764,5.95001],[-62.27868,5.94417],[-62.2815,5.94279],[-62.28763,5.94842],[-62.28222,5.9543],[-62.28262,5.95723],[-62.2906,5.95769],[-62.29555,5.96231],[-62.30464,5.96486],[-62.307,5.97516],[-62.3145,5.98162],[-62.31769,5.97971],[-62.32066,5.97107],[-62.32703,5.96449],[-62.33057,5.96422],[-62.32999,5.97676],[-62.32294,5.98087],[-62.33366,5.9869],[-62.32856,5.99905],[-62.32128,6.00754],[-62.32933,6.00508],[-62.33339,6.01031],[-62.34315,6.01407],[-62.36049,6.03766],[-62.36512,6.03879],[-62.36126,6.02794],[-62.36822,6.01912],[-62.36975,6.02552],[-62.39202,6.04386],[-62.40511,6.05095],[-62.40682,6.04574],[-62.41214,6.0446],[-62.4127,6.04923],[-62.41959,6.0556],[-62.43168,6.05858],[-62.43772,6.06654],[-62.44981,6.07185],[-62.44722,6.07821],[-62.44854,6.08206],[-62.45644,6.08469],[-62.45878,6.09312],[-62.46601,6.08692],[-62.47093,6.08626],[-62.47577,6.0876],[-62.47495,6.09333],[-62.47669,6.09464],[-62.49485,6.09562],[-62.49667,6.0991],[-62.49468,6.10718],[-62.49006,6.10842],[-62.48986,6.11102],[-62.50175,6.11722],[-62.50213,6.122],[-62.5215,6.13763],[-62.54174,6.14464],[-62.55156,6.15254],[-62.56295,6.14701],[-62.56841,6.14683],[-62.57723,6.15208],[-62.58067,6.16351],[-62.58625,6.15945],[-62.58879,6.15023],[-62.59912,6.14532],[-62.60625,6.14656],[-62.60848,6.14333],[-62.61583,6.14223],[-62.61879,6.13751],[-62.6165,6.12949],[-62.60877,6.12648],[-62.60319,6.11607],[-62.60316,6.10902],[-62.60781,6.10394],[-62.60569,6.09192],[-62.61407,6.0832],[-62.62973,6.07416],[-62.63272,6.05545],[-62.63705,6.0558],[-62.64,6.06173],[-62.65513,6.06844],[-62.66061,6.07347],[-62.68297,6.07993],[-62.68658,6.08263],[-62.68539,6.08927],[-62.68849,6.09236],[-62.70459,6.09332],[-62.70609,6.09814],[-62.70376,6.10799],[-62.71032,6.10793],[-62.71792,6.11378],[-62.72543,6.11062],[-62.73934,6.12474],[-62.75218,6.12869],[-62.75881,6.13357],[-62.75974,6.14625],[-62.76733,6.15856],[-62.76927,6.17309],[-62.77537,6.17762],[-62.77989,6.18896],[-62.79205,6.19605],[-62.79105,6.20154],[-62.80027,6.22492],[-62.81448,6.23121],[-62.82851,6.24308],[-62.83058,6.24897],[-62.83717,6.25151],[-62.83861,6.2558],[-62.85158,6.25789],[-62.8452,6.28884],[-62.84853,6.29803],[-62.85317,6.29983],[-62.8682,6.29917],[-62.88948,6.30579],[-62.89199,6.30922],[-62.89161,6.31869],[-62.89734,6.32685],[-62.90169,6.32894],[-62.90793,6.32739],[-62.91142,6.32974],[-62.91753,6.32195],[-62.91772,6.30226],[-62.91688,6.29675],[-62.91205,6.29061],[-62.91226,6.28027],[-62.92459,6.2761],[-62.92394,6.26667],[-62.91371,6.23881],[-62.89922,6.216],[-62.88863,6.17717],[-62.87659,6.15823],[-62.877,6.14908],[-62.88116,6.14403],[-62.86848,6.11236],[-62.8698,6.10804],[-62.86237,6.05899],[-62.86226,6.03904]]]}},{"type":"Feature","id":"relation/11039534","properties":{"name":"Municipio Heres","level":6,"population":"342280"},"geometry":{"type":"Polygon","coordinates":[[[-64.27513,7.91785],[-64.27385,7.91521],[-64.27887,7.90121],[-64.28235,7.89878],[-64.28982,7.89884],[-64.29461,7.89101],[-64.29102,7.88404],[-64.27517,7.87472],[-64.27613,7.86721],[-64.28307,7.85454],[-64.27545,7.84049],[-64.27936,7.82055],[-64.27675,7.80503],[-64.25966,7.78809],[-64.24204,7.74415],[-64.23298,7.73902],[-64.22679,7.74277],[-64.21421,7.73971],[-64.2037,7.72066],[-64.1958,7.71959],[-64.19175,7.72506],[-64.1644,7.70628],[-64.16771,7.6937],[-64.17889,7.68085],[-64.17551,7.67378],[-64.16486,7.66579],[-64.15396,7.65071],[-64.15032,7.65602],[-64.14743,7.65544],[-64.1326,7.63622],[-64.12985,7.61802],[-64.13534,7.61238],[-64.12656,7.60487],[-64.12804,7.59501],[-64.13096,7.59126],[-64.12002,7.58085],[-64.12124,7.57641],[-64.12931,7.57237],[-64.12932,7.56783],[-64.10636,7.56334],[-64.10367,7.56032],[-64.10352,7.55457],[-64.08905,7.54899],[-64.08194,7.54209],[-64.07291,7.54144],[-64.0689,7.54526],[-64.0614,7.5445],[-64.0538,7.54002],[-64.04542,7.53086],[-64.04336,7.50101],[-64.04706,7.49546],[-64.04721,7.49008],[-64.05574,7.48271],[-64.0438,7.48472],[-64.03583,7.48079],[-64.03084,7.48557],[-64.02729,7.4845],[-64.01688,7.47595],[-64.01569,7.47182],[-64.0114,7.47077],[-64.00741,7.45717],[-64.00148,7.45277],[-63.99251,7.4546],[-63.98418,7.45312],[-63.98162,7.44581],[-63.95077,7.44541],[-63.94703,7.44896],[-63.9362,7.44241],[-63.92955,7.449],[-63.91786,7.44859],[-63.9153,7.45146],[-63.89352,7.4441],[-63.88775,7.4465],[-63.88512,7.44432],[-63.87791,7.44471],[-63.87488,7.44797],[-63.86981,7.44561],[-63.85463,7.44765],[-63.85072,7.44407],[-63.84425,7.44689],[-63.83385,7.44492],[-63.83004,7.45552],[-63.84445,7.46192],[-63.84919,7.47345],[-63.85466,7.47299],[-63.85669,7.48431],[-63.85877,7.48568],[-63.85426,7.49149],[-63.85919,7.50643],[-63.85415,7.53564],[-63.85621,7.54787],[-63.85451,7.55265],[-63.86243,7.56323],[-63.86172,7.58454],[-63.86859,7.59373],[-63.86338,7.5986],[-63.86737,7.60749],[-63.86496,7.61472],[-63.86642,7.61897],[-63.85636,7.62172],[-63.85499,7.6285],[-63.86076,7.63712],[-63.85923,7.63952],[-63.852,7.64107],[-63.84878,7.64798],[-63.84344,7.64696],[-63.83687,7.65085],[-63.82756,7.65207],[-63.82218,7.6493],[-63.82093,7.6459],[-63.81475,7.64377],[-63.8113,7.63622],[-63.80724,7.6398],[-63.80548,7.63739],[-63.7999,7.6399],[-63.7943,7.63724],[-63.79211,7.63231],[-63.78222,7.63569],[-63.78141,7.63195],[-63.7845,7.63014],[-63.78085,7.62497],[-63.78366,7.62321],[-63.78699,7.61378],[-63.78441,7.60734],[-63.77885,7.6027],[-63.76267,7.61198],[-63.74978,7.62716],[-63.73905,7.61074],[-63.73227,7.61368],[-63.72253,7.60804],[-63.7205,7.60155],[-63.71554,7.59937],[-63.71621,7.59588],[-63.71358,7.59264],[-63.70972,7.59707],[-63.70886,7.60526],[-63.70161,7.59828],[-63.68298,7.59849],[-63.68141,7.59045],[-63.67305,7.59411],[-63.67084,7.58539],[-63.65878,7.58577],[-63.65017,7.57499],[-63.64449,7.58066],[-63.64013,7.58026],[-63.63786,7.59403],[-63.63264,7.5922],[-63.6291,7.59741],[-63.63011,7.60313],[-63.62631,7.60215],[-63.62522,7.60581],[-63.62232,7.60694],[-63.61983,7.59932],[-63.61646,7.59947],[-63.60711,7.58837],[-63.59282,7.58635],[-63.58726,7.57897],[-63.57564,7.57502],[-63.57135,7.57436],[-63.56361,7.5779],[-63.56142,7.57529],[-63.55747,7.57946],[-63.55857,7.58679],[-63.55634,7.59524],[-63.54376,7.59503],[-63.53333,7.58725],[-63.53373,7.59158],[-63.52933,7.59525],[-63.5376,7.60698],[-63.53074,7.60762],[-63.52762,7.60255],[-63.52031,7.60328],[-63.51957,7.60929],[-63.51236,7.61031],[-63.51507,7.61685],[-63.51298,7.61873],[-63.51385,7.62284],[-63.50892,7.6255],[-63.50872,7.61502],[-63.48836,7.59537],[-63.48986,7.59164],[-63.48599,7.58417],[-63.4833,7.5823],[-63.47749,7.58308],[-63.46946,7.57729],[-63.46113,7.58571],[-63.44826,7.58103],[-63.44347,7.57646],[-63.43808,7.57958],[-63.44059,7.59065],[-63.44695,7.59762],[-63.44881,7.60402],[-63.44285,7.60887],[-63.44171,7.61604],[-63.43555,7.60897],[-63.4298,7.60956],[-63.42417,7.61504],[-63.39989,7.612],[-63.39178,7.61729],[-63.37468,7.60723],[-63.36991,7.61025],[-63.37276,7.62849],[-63.36931,7.63237],[-63.37004,7.63699],[-63.3782,7.64622],[-63.38397,7.64866],[-63.38446,7.65496],[-63.38079,7.65902],[-63.38268,7.66344],[-63.38075,7.66682],[-63.38693,7.67374],[-63.38526,7.68311],[-63.39064,7.68656],[-63.38674,7.69307],[-63.3795,7.69436],[-63.3786,7.70242],[-63.38459,7.71106],[-63.39118,7.71533],[-63.39384,7.72675],[-63.39161,7.72958],[-63.39167,7.74055],[-63.39712,7.73968],[-63.39897,7.74303],[-63.40236,7.74376],[-63.40682,7.74023],[-63.40772,7.7425],[-63.40695,7.75035],[-63.40036,7.75041],[-63.39485,7.76015],[-63.40501,7.78092],[-63.4009,7.78103],[-63.38886,7.77431],[-63.38489,7.77588],[-63.38624,7.78298],[-63.36895,7.77952],[-63.36506,7.78301],[-63.36599,7.79089],[-63.37219,7.80339],[-63.37039,7.80894],[-63.37167,7.81315],[-63.36752,7.81517],[-63.36481,7.8241],[-63.36772,7.83664],[-63.36596,7.84121],[-63.3683,7.84525],[-63.36751,7.84935],[-63.35534,7.8529],[-63.35013,7.86015],[-63.34378,7.86228],[-63.34176,7.86742],[-63.33588,7.86946],[-63.33185,7.87626],[-63.3158,7.87733],[-63.31215,7.88379],[-63.29666,7.88774],[-63.29417,7.89197],[-63.29044,7.89311],[-63.28857,7.90508],[-63.28174,7.9017],[-63.27516,7.90391],[-63.27241,7.90814],[-63.27376,7.91369],[-63.26698,7.9162],[-63.26741,7.92181],[-63.26353,7.92746],[-63.25473,7.92827],[-63.24726,7.93367],[-63.24258,7.93203],[-63.23123,7.93354],[-63.22919,7.93866],[-63.22392,7.94045],[-63.21851,7.94787],[-63.21812,7.95535],[-63.20638,7.95628],[-63.20057,7.95923],[-63.19484,7.95826],[-63.1887,7.96351],[-63.18437,7.96414],[-63.19057,7.97255],[-63.19245,7.98499],[-63.18859,7.98518],[-63.18651,7.98166],[-63.1675,7.97881],[-63.1594,7.98115],[-63.15564,7.98487],[-63.15452,7.98326],[-63.14388,7.98634],[-63.13505,7.98501],[-63.13036,7.98893],[-63.12203,7.98743],[-63.11545,7.98899],[-63.10458,7.98584],[-63.07325,7.99123],[-63.06304,7.98535],[-63.02413,7.97896],[-63.01921,7.9909],[-63.02462,8.00671],[-63.02299,8.01232],[-62.97702,8.05174],[-63.0013,8.08096],[-63.0012,8.13838],[-63.00489,8.14195],[-63.00902,8.13949],[-63.01138,8.15299],[-63.00457,8.15393],[-63.00748,8.17314],[-63.0013,8.17974],[-63.00122,8.32433],[-63.04307,8.313],[-63.06685,8.30968],[-63.07886,8.31129],[-63.11448,8.32306],[-63.13577,8.32403],[-63.1531,8.32106],[-63.22057,8.30068],[-63.25293,8.28649],[-63.27739,8.26025],[-63.32803,8.23256],[-63.38167,8.21251],[-63.41163,8.1962],[-63.41909,8.19017],[-63.43231,8.17207],[-63.4769,8.15945],[-63.50304,8.16098],[-63.54248,8.15211],[-63.55874,8.15134],[-63.58535,8.14242],[-63.60719,8.14714],[-63.62535,8.14743],[-63.72461,8.13796],[-63.7425,8.13809],[-63.76963,8.14284],[-63.78542,8.14225],[-63.79632,8.13911],[-63.81735,8.12602],[-63.85168,8.09382],[-63.86704,8.0693],[-63.87627,8.0594],[-63.88867,8.02931],[-63.90532,8.00356],[-63.91674,7.97492],[-63.9503,7.94534],[-63.9606,7.93947],[-63.97236,7.93973],[-63.99313,7.94789],[-64.01648,7.9461],[-64.05072,7.95435],[-64.09698,7.95936],[-64.11218,7.96748],[-64.14574,8.00067],[-64.16587,7.98186],[-64.1914,7.97211],[-64.19088,7.96869],[-64.18105,7.96932],[-64.17522,7.96687],[-64.16903,7.95763],[-64.17109,7.95308],[-64.18276,7.94934],[-64.19898,7.95273],[-64.20936,7.95136],[-64.21937,7.93848],[-64.22574,7.93554],[-64.23299,7.94181],[-64.24072,7.93997],[-64.24813,7.94155],[-64.25418,7.95043],[-64.25936,7.95289],[-64.27606,7.93713],[-64.27926,7.92566],[-64.27513,7.91785]]]}},{"type":"Feature","id":"relation/11039535","properties":{"name":"Municipio Caron\u00ed","level":6,"population":"706736"},"geometry":{"type":"Polygon","coordinates":[[[-63.0013,8.17974],[-63.00748,8.17314],[-63.00457,8.15393],[-63.01138,8.15299],[-63.00902,8.13949],[-63.00489,8.14195],[-63.0012,8.13838],[-63.0013,8.08096],[-62.9617,8.03331],[-62.88699,8.05927],[-62.85755,8.05026],[-62.84605,8.03424],[-62.82339,8.0359],[-62.81808,8.03393],[-62.81543,8.03692],[-62.79915,8.04332],[-62.79926,8.0463],[-62.78281,8.04676],[-62.6988,8.07257],[-62.68395,8.06986],[-62.67192,8.07986],[-62.66565,8.08914],[-62.62671,8.07801],[-62.58834,8.04419],[-62.56774,8.05651],[-62.56787,8.08149],[-62.5374,8.18867],[-62.5457,8.19636],[-62.54568,8.22798],[-62.5357,8.23329],[-62.51715,8.25713],[-62.51933,8.26561],[-62.52262,8.26535],[-62.52449,8.27813],[-62.51493,8.27989],[-62.50792,8.28658],[-62.51319,8.29933],[-62.51302,8.3155],[-62.48712,8.32238],[-62.42154,8.3601],[-62.51624,8.39171],[-62.53321,8.40394],[-62.53491,8.40986],[-62.53224,8.41243],[-62.53598,8.41551],[-62.53623,8.42004],[-62.54753,8.42767],[-62.61462,8.45945],[-62.61945,8.4475],[-62.62201,8.43141],[-62.63443,8.41243],[-62.64842,8.39698],[-62.66713,8.38416],[-62.71232,8.37775],[-62.7279,8.38314],[-62.75519,8.40131],[-62.76781,8.40309],[-62.77451,8.40046],[-62.7842,8.38823],[-62.79983,8.34051],[-62.81922,8.31554],[-62.83433,8.3028],[-62.8778,8.27783],[-62.89321,8.27501],[-62.90807,8.27569],[-62.93338,8.30093],[-62.96213,8.30926],[-62.98694,8.32633],[-63.00122,8.32433],[-63.0013,8.17974]]]}},{"type":"Feature","id":"relation/11039536","properties":{"name":"Municipio Padre Pedro Chi\u00e9n","level":6,"population":"15488"},"geometry":{"type":"Polygon","coordinates":[[[-61.84521,7.65112],[-61.85189,7.66892],[-61.84554,7.68731],[-61.84612,7.69865],[-61.85703,7.7136],[-61.8635,7.71764],[-61.8661,7.72961],[-61.87061,7.73113],[-61.87237,7.74972],[-61.8694,7.75637],[-61.86442,7.76045],[-61.86356,7.7704],[-61.85708,7.77615],[-61.85823,7.79555],[-61.85431,7.8037],[-61.84685,7.80833],[-61.84635,7.82817],[-61.84325,7.82955],[-61.84209,7.83357],[-61.84345,7.83895],[-61.83676,7.84717],[-61.83416,7.86172],[-61.82787,7.8679],[-61.80718,7.8759],[-61.80369,7.887],[-61.7876,7.89106],[-61.78918,7.91806],[-61.77436,7.92049],[-61.75617,7.91554],[-61.74552,7.91718],[-61.73159,7.92099],[-61.71574,7.93218],[-61.6996,7.93287],[-61.68289,7.93748],[-61.66752,7.93745],[-61.65704,7.94444],[-61.64783,7.96062],[-61.64972,7.96479],[-61.65202,7.96471],[-61.6481,7.98294],[-61.65142,8.0006],[-61.64594,8.00521],[-61.64647,8.01294],[-61.6435,8.01637],[-61.65002,8.03261],[-61.64933,8.03778],[-61.65371,8.03698],[-61.65502,8.03986],[-61.65211,8.04599],[-61.65575,8.05012],[-61.6548,8.0535],[-61.65741,8.05601],[-61.65929,8.06499],[-61.65778,8.07077],[-61.66027,8.07347],[-61.65696,8.08739],[-61.67718,8.09207],[-61.6818,8.10166],[-61.6859,8.10424],[-61.69459,8.10232],[-61.69712,8.11646],[-61.70244,8.12578],[-61.71404,8.12915],[-61.71594,8.13466],[-61.71406,8.13874],[-61.72016,8.1381],[-61.71919,8.14002],[-61.72216,8.14372],[-61.72353,8.14985],[-61.72151,8.15185],[-61.72879,8.16244],[-61.73429,8.16216],[-61.73174,8.17075],[-61.73359,8.17613],[-61.7283,8.17701],[-61.72543,8.18306],[-61.73798,8.18364],[-61.73763,8.18682],[-61.74034,8.1895],[-61.73594,8.19072],[-61.73732,8.19501],[-61.73467,8.19793],[-61.73853,8.20384],[-61.73417,8.21691],[-61.73638,8.22009],[-61.7451,8.22179],[-61.74546,8.22764],[-61.73972,8.23187],[-61.74046,8.23709],[-61.73746,8.24065],[-61.73822,8.24465],[-61.74342,8.24668],[-61.74001,8.25607],[-61.74646,8.25541],[-61.74888,8.25853],[-61.75455,8.25947],[-61.7549,8.26758],[-61.76542,8.27999],[-61.76542,8.28286],[-61.76146,8.2855],[-61.76151,8.29017],[-61.76404,8.28946],[-61.76973,8.29599],[-61.76273,8.29836],[-61.76657,8.30688],[-61.7611,8.31707],[-61.75321,8.32002],[-61.74872,8.319],[-61.72008,8.32979],[-61.71011,8.33072],[-61.70298,8.33524],[-61.69671,8.34347],[-61.69873,8.34689],[-61.6976,8.35331],[-61.69315,8.35481],[-61.69278,8.35895],[-61.68284,8.36441],[-61.68175,8.36761],[-61.68507,8.36791],[-61.68563,8.37075],[-61.68134,8.3788],[-61.6858,8.38107],[-61.6855,8.39265],[-61.69076,8.39318],[-61.69372,8.39625],[-61.69733,8.3955],[-61.69836,8.40002],[-61.69413,8.40224],[-61.69742,8.4126],[-61.69486,8.41621],[-61.70333,8.41991],[-61.70202,8.4252],[-61.70629,8.42374],[-61.70472,8.43141],[-61.70017,8.43329],[-61.70107,8.43594],[-61.69649,8.4357],[-61.69764,8.44583],[-61.6881,8.45236],[-61.68673,8.45879],[-62.20756,8.31704],[-62.20797,8.30806],[-62.21117,8.30382],[-62.21391,8.29001],[-62.2205,8.28193],[-62.23138,8.27489],[-62.23446,8.27623],[-62.24274,8.27362],[-62.2452,8.2672],[-62.26055,8.25603],[-62.27052,8.25777],[-62.27874,8.24944],[-62.27403,8.22723],[-62.24492,8.18701],[-62.25181,8.17643],[-62.24471,8.16901],[-62.19014,8.18902],[-62.1378,8.18895],[-62.13585,8.18426],[-62.13775,8.16719],[-62.1476,8.16327],[-62.14856,8.15977],[-62.14594,8.15325],[-62.14928,8.14719],[-62.10315,8.09595],[-62.1694,8.07806],[-62.17305,8.04708],[-62.17661,8.03924],[-62.18719,8.04697],[-62.19425,8.04656],[-62.20285,8.05433],[-62.20589,8.05122],[-62.20674,8.04569],[-62.19953,8.03543],[-62.2029,8.03042],[-62.19825,8.02918],[-62.19796,8.02346],[-62.2026,8.01869],[-62.1906,8.00869],[-62.16076,7.9948],[-62.16486,7.98486],[-62.16321,7.97844],[-62.15923,7.97577],[-62.154,7.97793],[-62.15081,7.97587],[-62.15271,7.97158],[-62.16627,7.96484],[-62.1611,7.95587],[-62.1566,7.95519],[-62.15764,7.95314],[-62.13706,7.94885],[-62.13417,7.93811],[-62.13061,7.93372],[-62.13286,7.92485],[-62.13956,7.92512],[-62.14064,7.92201],[-62.15052,7.91691],[-62.14938,7.90596],[-62.15913,7.90365],[-62.16638,7.89686],[-62.17677,7.89412],[-62.17762,7.87815],[-62.18146,7.87201],[-62.18655,7.87137],[-62.18532,7.86172],[-62.19208,7.85971],[-62.19018,7.85739],[-62.19125,7.85453],[-62.19339,7.85586],[-62.19585,7.85365],[-62.19919,7.83884],[-62.20743,7.83771],[-62.20385,7.82794],[-62.20772,7.81803],[-62.20553,7.80574],[-62.20286,7.80537],[-62.20301,7.80099],[-62.18809,7.77852],[-62.18825,7.77077],[-62.18373,7.76497],[-62.16202,7.76021],[-62.16138,7.75081],[-62.15885,7.74792],[-62.14801,7.75421],[-62.13417,7.74791],[-62.12986,7.75128],[-62.12231,7.74774],[-62.11474,7.74788],[-62.11279,7.75001],[-62.10063,7.74784],[-62.07919,7.75642],[-62.07173,7.75241],[-62.06108,7.75955],[-62.05355,7.76007],[-62.05155,7.76109],[-62.05203,7.76517],[-62.03737,7.77858],[-62.03598,7.77418],[-62.03814,7.77044],[-62.0255,7.75809],[-62.03259,7.74357],[-62.03028,7.73645],[-62.03395,7.73075],[-62.03383,7.72341],[-62.02878,7.71679],[-62.02742,7.71076],[-62.01877,7.70613],[-62.00735,7.7079],[-62.00276,7.6934],[-61.99806,7.68863],[-61.98613,7.68253],[-61.97515,7.68022],[-61.97158,7.67476],[-61.96288,7.66871],[-61.95294,7.64135],[-61.95475,7.61443],[-61.93316,7.60271],[-61.89307,7.63052],[-61.86441,7.67063],[-61.85977,7.66752],[-61.85967,7.66215],[-61.85641,7.65763],[-61.84521,7.65112]]]}},{"type":"Feature","id":"relation/11039537","properties":{"name":"Municipio Piar","level":6,"population":"98274"},"geometry":{"type":"Polygon","coordinates":[[[-62.30693,7.62359],[-62.29424,7.63528],[-62.29317,7.64335],[-62.3006,7.65066],[-62.29333,7.66269],[-62.2984,7.68141],[-62.29178,7.69092],[-62.29212,7.69964],[-62.28939,7.70237],[-62.28836,7.70944],[-62.27502,7.71568],[-62.27069,7.71343],[-62.25866,7.71436],[-62.22373,7.73625],[-62.22116,7.74316],[-62.20648,7.75126],[-62.20118,7.75001],[-62.19605,7.75267],[-62.1856,7.75226],[-62.17821,7.75822],[-62.17829,7.76443],[-62.18382,7.76502],[-62.18829,7.77083],[-62.18809,7.77852],[-62.20301,7.80099],[-62.20286,7.80537],[-62.20549,7.80563],[-62.20772,7.81803],[-62.20385,7.82794],[-62.20743,7.83771],[-62.19919,7.83884],[-62.19585,7.85365],[-62.19339,7.85586],[-62.19125,7.85453],[-62.19018,7.85739],[-62.19208,7.85971],[-62.18532,7.86172],[-62.18655,7.87137],[-62.18146,7.87201],[-62.17762,7.87815],[-62.17677,7.89412],[-62.16638,7.89686],[-62.15913,7.90365],[-62.14945,7.9059],[-62.1504,7.91708],[-62.14064,7.92201],[-62.13956,7.92512],[-62.13294,7.9248],[-62.13153,7.92709],[-62.13061,7.93372],[-62.13417,7.93811],[-62.13706,7.94885],[-62.15764,7.95314],[-62.1566,7.95519],[-62.1611,7.95587],[-62.16627,7.96484],[-62.15271,7.97158],[-62.15081,7.97587],[-62.154,7.97793],[-62.15923,7.97577],[-62.16321,7.97844],[-62.16486,7.98486],[-62.16076,7.9948],[-62.1906,8.00869],[-62.2026,8.01869],[-62.19796,8.02346],[-62.19825,8.02918],[-62.2029,8.03042],[-62.19953,8.03543],[-62.20674,8.04569],[-62.20589,8.05122],[-62.20285,8.05433],[-62.19425,8.04656],[-62.18719,8.04697],[-62.17661,8.03924],[-62.17305,8.04708],[-62.1694,8.07806],[-62.10315,8.09595],[-62.14928,8.14719],[-62.14594,8.15325],[-62.14856,8.15977],[-62.1476,8.16327],[-62.13775,8.16719],[-62.13585,8.18426],[-62.1378,8.18895],[-62.19014,8.18902],[-62.24471,8.16901],[-62.25181,8.17643],[-62.24492,8.18701],[-62.27403,8.22723],[-62.27874,8.24944],[-62.27052,8.25777],[-62.26055,8.25603],[-62.2452,8.2672],[-62.24274,8.27362],[-62.23446,8.27623],[-62.23138,8.27489],[-62.2205,8.28193],[-62.21391,8.29001],[-62.21117,8.30382],[-62.20797,8.30806],[-62.20756,8.31704],[-62.25441,8.30429],[-62.42154,8.3601],[-62.48712,8.32238],[-62.51302,8.3155],[-62.51319,8.29933],[-62.50792,8.28658],[-62.51493,8.27989],[-62.52449,8.27813],[-62.52262,8.26535],[-62.51933,8.26561],[-62.51715,8.25713],[-62.5357,8.23329],[-62.54568,8.22798],[-62.5457,8.19636],[-62.5374,8.18867],[-62.56787,8.08149],[-62.56774,8.05651],[-62.58834,8.04419],[-62.62671,8.07801],[-62.66565,8.08914],[-62.67192,8.07986],[-62.68395,8.06986],[-62.6988,8.07257],[-62.78281,8.04676],[-62.79926,8.0463],[-62.79915,8.04332],[-62.81543,8.03692],[-62.81808,8.03393],[-62.82339,8.0359],[-62.84605,8.03424],[-62.85755,8.05026],[-62.88699,8.05927],[-62.9617,8.03331],[-62.97702,8.05174],[-63.009,8.02617],[-63.02462,8.00943],[-63.01912,7.99413],[-63.02414,7.97692],[-63.01749,7.96459],[-63.01829,7.95932],[-63.01528,7.95562],[-63.01468,7.94417],[-63.01833,7.93067],[-63.0256,7.92117],[-63.02541,7.91665],[-63.01985,7.90763],[-63.0281,7.8747],[-62.99191,7.85059],[-62.98878,7.83319],[-62.99879,7.79252],[-62.99799,7.77609],[-63.00093,7.76791],[-62.99758,7.76308],[-63.00007,7.75377],[-62.82446,7.49422],[-62.78263,7.32895],[-62.83583,7.24866],[-62.92449,7.06391],[-62.93604,6.96447],[-62.93306,6.9303],[-62.9354,6.92246],[-62.92173,6.91394],[-62.91201,6.91122],[-62.90977,6.90342],[-62.90475,6.89748],[-62.90797,6.89043],[-62.90012,6.86853],[-62.88495,6.86171],[-62.88244,6.8628],[-62.87999,6.85681],[-62.86948,6.84656],[-62.85564,6.8429],[-62.84325,6.81971],[-62.8455,6.80432],[-62.85228,6.79803],[-62.85908,6.7836],[-62.85326,6.77582],[-62.85604,6.76917],[-62.84864,6.76253],[-62.84845,6.75777],[-62.85594,6.74477],[-62.85658,6.73904],[-62.84871,6.72122],[-62.84724,6.71054],[-62.84029,6.70533],[-62.83935,6.70011],[-62.82771,6.69529],[-62.8245,6.6879],[-62.81378,6.68562],[-62.80249,6.67813],[-62.8027,6.67503],[-62.81725,6.66488],[-62.82437,6.64994],[-62.82627,6.62944],[-62.83268,6.62233],[-62.83115,6.61693],[-62.839,6.6092],[-62.84143,6.59734],[-62.85681,6.57586],[-62.85948,6.5627],[-62.86467,6.56057],[-62.87126,6.55321],[-62.87579,6.5223],[-62.90514,6.5],[-62.90703,6.49307],[-62.90246,6.48781],[-62.90329,6.48293],[-62.9311,6.4635],[-62.93514,6.45817],[-62.94325,6.4393],[-62.94608,6.41557],[-62.95531,6.39371],[-62.95342,6.36885],[-62.95645,6.36695],[-62.96803,6.36783],[-62.97179,6.34393],[-62.96069,6.32163],[-62.95061,6.31436],[-62.9476,6.30257],[-62.92459,6.2761],[-62.91226,6.28027],[-62.91205,6.29061],[-62.91688,6.29675],[-62.91774,6.30252],[-62.91749,6.32253],[-62.91227,6.32969],[-62.89734,6.32685],[-62.89161,6.31869],[-62.89199,6.30922],[-62.88948,6.30579],[-62.8682,6.29917],[-62.85317,6.29983],[-62.84853,6.29803],[-62.8452,6.28884],[-62.85158,6.25789],[-62.83861,6.2558],[-62.83717,6.25151],[-62.83058,6.24897],[-62.82851,6.24308],[-62.81448,6.23121],[-62.80027,6.22492],[-62.79105,6.20154],[-62.79205,6.19605],[-62.77989,6.18896],[-62.77537,6.17762],[-62.76927,6.17309],[-62.76733,6.15856],[-62.75974,6.14625],[-62.75881,6.13357],[-62.75218,6.12869],[-62.73934,6.12474],[-62.72543,6.11062],[-62.71792,6.11378],[-62.71032,6.10793],[-62.70376,6.10799],[-62.70609,6.09814],[-62.70459,6.09332],[-62.68849,6.09236],[-62.68539,6.08927],[-62.68658,6.08263],[-62.68297,6.07993],[-62.66061,6.07347],[-62.65513,6.06844],[-62.64,6.06173],[-62.63705,6.0558],[-62.63272,6.05545],[-62.62973,6.07416],[-62.61407,6.0832],[-62.60569,6.09192],[-62.60781,6.10394],[-62.60316,6.10902],[-62.60319,6.11607],[-62.60877,6.12648],[-62.6165,6.12949],[-62.61879,6.13751],[-62.61583,6.14223],[-62.60848,6.14333],[-62.60625,6.14656],[-62.59912,6.14532],[-62.58879,6.15023],[-62.58625,6.15945],[-62.58067,6.16351],[-62.57723,6.15208],[-62.56841,6.14683],[-62.56295,6.14701],[-62.55156,6.15254],[-62.54174,6.14464],[-62.5215,6.13763],[-62.50213,6.122],[-62.50175,6.11722],[-62.48986,6.11102],[-62.49006,6.10842],[-62.49468,6.10718],[-62.49667,6.0991],[-62.49485,6.09562],[-62.47669,6.09464],[-62.47495,6.09333],[-62.47577,6.0876],[-62.47093,6.08626],[-62.46601,6.08692],[-62.45878,6.09312],[-62.45644,6.08469],[-62.44854,6.08206],[-62.44722,6.07821],[-62.44981,6.07185],[-62.43772,6.06654],[-62.43168,6.05858],[-62.41959,6.0556],[-62.4127,6.04923],[-62.41214,6.0446],[-62.40682,6.04574],[-62.40511,6.05095],[-62.39202,6.04386],[-62.36975,6.02552],[-62.36822,6.01912],[-62.36126,6.02794],[-62.36512,6.03879],[-62.36097,6.03801],[-62.34315,6.01407],[-62.33339,6.01031],[-62.32933,6.00508],[-62.32128,6.00754],[-62.32856,5.99905],[-62.33366,5.9869],[-62.32294,5.98087],[-62.32999,5.97676],[-62.33057,5.96422],[-62.32703,5.96449],[-62.32066,5.97107],[-62.3178,5.97952],[-62.31483,5.98176],[-62.307,5.97516],[-62.30464,5.96486],[-62.29555,5.96231],[-62.2906,5.95769],[-62.28262,5.95723],[-62.28242,5.95395],[-62.28753,5.94954],[-62.28273,5.94819],[-62.27781,5.95614],[-62.28162,5.96708],[-62.30036,5.98166],[-62.29804,5.98733],[-62.2888,5.98781],[-62.28765,5.99529],[-62.28459,5.99861],[-62.28498,6.00614],[-62.28209,6.01023],[-62.28564,6.02173],[-62.28279,6.02732],[-62.28709,6.03006],[-62.27389,6.04133],[-62.27892,6.04499],[-62.27214,6.05966],[-62.26844,6.05672],[-62.24756,6.06116],[-62.25029,6.07062],[-62.25611,6.07283],[-62.25899,6.0767],[-62.26079,6.08419],[-62.25924,6.09061],[-62.26508,6.09724],[-62.26913,6.10783],[-62.26815,6.11783],[-62.26438,6.12081],[-62.26298,6.13531],[-62.25753,6.13936],[-62.27157,6.14234],[-62.27924,6.1331],[-62.28618,6.13343],[-62.2957,6.13778],[-62.30208,6.14824],[-62.30383,6.1716],[-62.31514,6.17945],[-62.32072,6.1774],[-62.3258,6.17885],[-62.32617,6.18988],[-62.33108,6.20119],[-62.35232,6.2047],[-62.35616,6.19193],[-62.38078,6.18986],[-62.38681,6.20615],[-62.38597,6.21106],[-62.39591,6.23613],[-62.40275,6.24583],[-62.40247,6.24973],[-62.40885,6.25594],[-62.40908,6.26147],[-62.41846,6.26292],[-62.4161,6.26714],[-62.41863,6.28226],[-62.43786,6.29512],[-62.44406,6.29576],[-62.4494,6.29346],[-62.44998,6.30186],[-62.4454,6.30808],[-62.45016,6.31294],[-62.4416,6.3167],[-62.44193,6.31829],[-62.44695,6.3217],[-62.45353,6.31873],[-62.46114,6.32238],[-62.46517,6.32069],[-62.46972,6.32805],[-62.45401,6.33995],[-62.48174,6.36],[-62.48564,6.36618],[-62.48706,6.38269],[-62.46285,6.40171],[-62.43228,6.41722],[-62.41695,6.48421],[-62.45522,6.50303],[-62.4523,6.51633],[-62.45264,6.52772],[-62.45564,6.53475],[-62.4617,6.53859],[-62.45431,6.54793],[-62.45125,6.54769],[-62.44796,6.56174],[-62.44256,6.56607],[-62.4447,6.57411],[-62.4488,6.57752],[-62.44736,6.58191],[-62.44912,6.58619],[-62.45419,6.5867],[-62.45599,6.60578],[-62.45157,6.60623],[-62.45028,6.60864],[-62.43638,6.6006],[-62.4306,6.59915],[-62.42818,6.60069],[-62.42338,6.60909],[-62.42151,6.62034],[-62.4149,6.62582],[-62.41186,6.6407],[-62.39662,6.65159],[-62.3933,6.66422],[-62.38121,6.68081],[-62.37586,6.67876],[-62.37623,6.68228],[-62.37229,6.68115],[-62.37165,6.68505],[-62.3634,6.68303],[-62.36319,6.68112],[-62.35958,6.6819],[-62.35352,6.67754],[-62.34473,6.67827],[-62.33729,6.67574],[-62.33373,6.68248],[-62.32933,6.6828],[-62.32441,6.69038],[-62.32046,6.69048],[-62.31956,6.69521],[-62.30924,6.6994],[-62.30886,6.70708],[-62.30647,6.70932],[-62.297,6.71103],[-62.289,6.72409],[-62.28842,6.72094],[-62.29099,6.71845],[-62.28799,6.71018],[-62.28559,6.70942],[-62.27862,6.71625],[-62.27585,6.71483],[-62.26491,6.71979],[-62.26636,6.72567],[-62.26472,6.72798],[-62.2633,6.72558],[-62.26135,6.72722],[-62.26384,6.73286],[-62.26221,6.73536],[-62.26089,6.73281],[-62.25834,6.73488],[-62.25272,6.73245],[-62.25231,6.73428],[-62.24844,6.73341],[-62.24768,6.73593],[-62.24356,6.73298],[-62.23982,6.7374],[-62.23138,6.73872],[-62.22903,6.74681],[-62.22507,6.74462],[-62.22107,6.74709],[-62.21384,6.74488],[-62.21381,6.74719],[-62.20441,6.75121],[-62.20389,6.74935],[-62.20266,6.75102],[-62.19566,6.74749],[-62.19113,6.7499],[-62.18611,6.74847],[-62.18309,6.75089],[-62.1839,6.75467],[-62.18117,6.75559],[-62.18096,6.76233],[-62.17699,6.75965],[-62.17402,6.76519],[-62.16807,6.76477],[-62.16771,6.779],[-62.16366,6.77726],[-62.15957,6.77935],[-62.15638,6.77422],[-62.15009,6.77529],[-62.15036,6.77737],[-62.14523,6.78073],[-62.14514,6.7772],[-62.14428,6.77854],[-62.14069,6.7745],[-62.13828,6.777],[-62.13645,6.77474],[-62.13356,6.77636],[-62.1305,6.77461],[-62.12513,6.78097],[-62.12472,6.78471],[-62.11762,6.78701],[-62.12111,6.79038],[-62.11858,6.79018],[-62.11809,6.79323],[-62.12147,6.79712],[-62.11933,6.7973],[-62.11987,6.8003],[-62.115,6.80106],[-62.11698,6.80381],[-62.11368,6.80541],[-62.11714,6.80803],[-62.11462,6.80746],[-62.11275,6.81138],[-62.11605,6.81394],[-62.10941,6.82521],[-62.11934,6.83731],[-62.11528,6.84171],[-62.1205,6.84179],[-62.11765,6.84565],[-62.11928,6.85387],[-62.11373,6.85511],[-62.11717,6.86047],[-62.11392,6.86078],[-62.10963,6.86753],[-62.11492,6.87672],[-62.11234,6.87866],[-62.11279,6.88205],[-62.11717,6.88357],[-62.11484,6.88559],[-62.11671,6.88905],[-62.11404,6.89245],[-62.11708,6.89288],[-62.117,6.89637],[-62.12027,6.89781],[-62.11985,6.90595],[-62.1233,6.9055],[-62.12211,6.90847],[-62.12565,6.91032],[-62.12338,6.91335],[-62.1279,6.91413],[-62.128,6.92013],[-62.12012,6.92232],[-62.11944,6.92473],[-62.1274,6.92814],[-62.13436,6.936],[-62.13374,6.947],[-62.14422,6.94751],[-62.14735,6.94428],[-62.15073,6.95188],[-62.15685,6.95371],[-62.16724,6.96655],[-62.17241,6.96443],[-62.17556,6.96919],[-62.18271,6.97324],[-62.1867,6.98298],[-62.20137,6.9876],[-62.20971,6.99656],[-62.20891,7.01792],[-62.21679,7.01663],[-62.22992,7.01901],[-62.23528,7.02226],[-62.24387,7.01606],[-62.25119,7.01418],[-62.26306,7.02141],[-62.27033,7.0212],[-62.2801,7.00601],[-62.28962,7.00639],[-62.29496,7.03552],[-62.30006,7.09098],[-62.30856,7.09178],[-62.30769,7.09834],[-62.31276,7.12294],[-62.31136,7.14599],[-62.31408,7.15513],[-62.31926,7.15893],[-62.34043,7.16132],[-62.34275,7.189],[-62.3365,7.19452],[-62.33644,7.20444],[-62.33977,7.23365],[-62.34366,7.24508],[-62.34323,7.25561],[-62.33993,7.26255],[-62.34125,7.26947],[-62.33613,7.27788],[-62.33736,7.28104],[-62.33334,7.28443],[-62.33088,7.29217],[-62.31841,7.29966],[-62.30921,7.31138],[-62.30318,7.32387],[-62.30488,7.33021],[-62.30046,7.3413],[-62.30201,7.34382],[-62.29678,7.35129],[-62.29687,7.35927],[-62.29125,7.36647],[-62.28456,7.3934],[-62.27848,7.40572],[-62.26903,7.41197],[-62.26586,7.41944],[-62.25682,7.42487],[-62.24929,7.43591],[-62.24871,7.44361],[-62.23832,7.45401],[-62.22582,7.46188],[-62.22078,7.46876],[-62.22148,7.47469],[-62.20773,7.4818],[-62.21285,7.49297],[-62.21168,7.50715],[-62.20071,7.51425],[-62.1944,7.51375],[-62.18794,7.50995],[-62.18359,7.5121],[-62.18105,7.5096],[-62.18574,7.53367],[-62.19731,7.54204],[-62.2056,7.53986],[-62.20619,7.54573],[-62.21218,7.5507],[-62.21599,7.55023],[-62.21793,7.55872],[-62.22373,7.55685],[-62.22354,7.55147],[-62.24365,7.54748],[-62.25454,7.55127],[-62.26225,7.54661],[-62.26519,7.54868],[-62.26552,7.55591],[-62.27351,7.55603],[-62.27892,7.56089],[-62.28745,7.56336],[-62.29085,7.56687],[-62.28919,7.58142],[-62.29174,7.58859],[-62.29787,7.59567],[-62.29792,7.60092],[-62.30294,7.60622],[-62.30693,7.62359]]]}},{"type":"Feature","id":"relation/11039538","properties":{"name":"Municipio Roscio","level":6,"population":"21750"},"geometry":{"type":"Polygon","coordinates":[[[-61.57586,7.74014],[-61.57421,7.75483],[-61.57056,7.76094],[-61.57243,7.76859],[-61.56944,7.78218],[-61.56412,7.7825],[-61.5588,7.78743],[-61.55165,7.80232],[-61.55423,7.80706],[-61.55955,7.80808],[-61.56215,7.80627],[-61.57099,7.81134],[-61.57689,7.81129],[-61.57705,7.80801],[-61.58214,7.80963],[-61.58479,7.80669],[-61.58894,7.81367],[-61.58738,7.81842],[-61.58984,7.81925],[-61.59101,7.82825],[-61.5996,7.83005],[-61.60084,7.83703],[-61.60444,7.84044],[-61.60248,7.84317],[-61.60552,7.84965],[-61.61277,7.85365],[-61.61216,7.85643],[-61.62038,7.86268],[-61.61947,7.86636],[-61.62199,7.86594],[-61.62483,7.86988],[-61.62288,7.87257],[-61.62376,7.87792],[-61.61906,7.87973],[-61.61352,7.88812],[-61.61431,7.89403],[-61.62075,7.90387],[-61.62039,7.91142],[-61.61768,7.91446],[-61.62088,7.91885],[-61.62249,7.92827],[-61.62116,7.93477],[-61.61734,7.9389],[-61.61981,7.94505],[-61.62894,7.95479],[-61.63117,7.95578],[-61.6384,7.95243],[-61.64667,7.96299],[-61.65704,7.94444],[-61.66706,7.93759],[-61.68289,7.93748],[-61.6996,7.93287],[-61.71574,7.93218],[-61.73159,7.92099],[-61.74552,7.91718],[-61.75617,7.91554],[-61.77436,7.92049],[-61.78918,7.91806],[-61.7876,7.89106],[-61.80369,7.887],[-61.80718,7.8759],[-61.82787,7.8679],[-61.83403,7.86189],[-61.83676,7.84717],[-61.84345,7.83895],[-61.84209,7.83357],[-61.84325,7.82955],[-61.84635,7.82817],[-61.84685,7.80833],[-61.85431,7.8037],[-61.85823,7.79555],[-61.85708,7.77615],[-61.86356,7.7704],[-61.86442,7.76045],[-61.8694,7.75637],[-61.87237,7.74972],[-61.87061,7.73113],[-61.8661,7.72961],[-61.8635,7.71764],[-61.85703,7.7136],[-61.84612,7.69865],[-61.84554,7.68731],[-61.85189,7.66892],[-61.84521,7.65112],[-61.85641,7.65763],[-61.85967,7.66215],[-61.85977,7.66752],[-61.86441,7.67063],[-61.89307,7.63052],[-61.93269,7.60257],[-61.95475,7.61443],[-61.95294,7.64135],[-61.96288,7.66871],[-61.97158,7.67476],[-61.97515,7.68022],[-61.98613,7.68253],[-61.99806,7.68863],[-62.00276,7.6934],[-62.00735,7.7079],[-62.01877,7.70613],[-62.02742,7.71076],[-62.02878,7.71679],[-62.03383,7.72341],[-62.03395,7.73075],[-62.03028,7.73645],[-62.03259,7.74357],[-62.0255,7.75809],[-62.03814,7.77044],[-62.03598,7.77418],[-62.03737,7.77858],[-62.05203,7.76517],[-62.05155,7.76109],[-62.05355,7.76007],[-62.06108,7.75955],[-62.07173,7.75241],[-62.07919,7.75642],[-62.10063,7.74784],[-62.11279,7.75001],[-62.11474,7.74788],[-62.12231,7.74774],[-62.12986,7.75128],[-62.13417,7.74791],[-62.14801,7.75421],[-62.15885,7.74792],[-62.16138,7.75081],[-62.16189,7.7601],[-62.17768,7.76464],[-62.17821,7.75822],[-62.18431,7.75263],[-62.19605,7.75267],[-62.20118,7.75001],[-62.20648,7.75126],[-62.22116,7.74316],[-62.22373,7.73625],[-62.25866,7.71436],[-62.27069,7.71343],[-62.27502,7.71568],[-62.28836,7.70944],[-62.28939,7.70237],[-62.29212,7.69964],[-62.29178,7.69092],[-62.2984,7.68141],[-62.29333,7.66269],[-62.3006,7.65066],[-62.29317,7.64335],[-62.29424,7.63528],[-62.30693,7.62359],[-62.30294,7.60622],[-62.29792,7.60092],[-62.29787,7.59567],[-62.29174,7.58859],[-62.28919,7.58142],[-62.29085,7.56687],[-62.28499,7.56159],[-62.27522,7.55887],[-62.2738,7.55615],[-62.26528,7.55575],[-62.26519,7.54868],[-62.26225,7.54661],[-62.25454,7.55127],[-62.24365,7.54748],[-62.22354,7.55147],[-62.22373,7.55685],[-62.21793,7.55872],[-62.21599,7.55023],[-62.21218,7.5507],[-62.20619,7.54573],[-62.2056,7.53986],[-62.19731,7.54204],[-62.18574,7.53367],[-62.18105,7.5096],[-62.18359,7.5121],[-62.18794,7.50995],[-62.1944,7.51375],[-62.20071,7.51425],[-62.21168,7.50715],[-62.21285,7.49297],[-62.20773,7.4818],[-62.22148,7.47469],[-62.22078,7.46876],[-62.22582,7.46188],[-62.23832,7.45401],[-62.24871,7.44361],[-62.24929,7.43591],[-62.25682,7.42487],[-62.26586,7.41944],[-62.26903,7.41197],[-62.27848,7.40572],[-62.28456,7.3934],[-62.29125,7.36647],[-62.29687,7.35927],[-62.29678,7.35129],[-62.30201,7.34382],[-62.30046,7.3413],[-62.30488,7.33021],[-62.30318,7.32387],[-62.30921,7.31138],[-62.31841,7.29966],[-62.33088,7.29217],[-62.33334,7.28443],[-62.33736,7.28104],[-62.33613,7.27788],[-62.34125,7.26947],[-62.33993,7.26255],[-62.34323,7.25561],[-62.34366,7.24508],[-62.33977,7.23365],[-62.33644,7.20444],[-62.3365,7.19452],[-62.34275,7.189],[-62.34043,7.16132],[-62.31926,7.15893],[-62.31408,7.15513],[-62.31136,7.14599],[-62.31276,7.12294],[-62.30769,7.09834],[-62.30856,7.09178],[-62.30006,7.09098],[-62.29496,7.03552],[-62.28962,7.00639],[-62.2801,7.00601],[-62.27033,7.0212],[-62.26306,7.02141],[-62.25119,7.01418],[-62.24387,7.01606],[-62.23528,7.02226],[-62.22992,7.01901],[-62.21679,7.01663],[-62.20891,7.01792],[-62.20971,6.99656],[-62.20137,6.9876],[-62.1867,6.98298],[-62.18271,6.97324],[-62.17556,6.96919],[-62.17241,6.96443],[-62.16724,6.96655],[-62.15685,6.95371],[-62.15073,6.95188],[-62.14735,6.94428],[-62.14422,6.94751],[-62.13374,6.947],[-62.13436,6.936],[-62.1274,6.92814],[-62.11944,6.92473],[-62.12012,6.92232],[-62.128,6.92013],[-62.1279,6.91413],[-62.12338,6.91335],[-62.12565,6.91032],[-62.12211,6.90847],[-62.1233,6.9055],[-62.11985,6.90595],[-62.12027,6.89781],[-62.117,6.89637],[-62.11708,6.89288],[-62.11404,6.89245],[-62.11671,6.88905],[-62.11484,6.88559],[-62.11717,6.88357],[-62.11279,6.88205],[-62.11234,6.87866],[-62.11492,6.87672],[-62.10963,6.86753],[-62.11392,6.86078],[-62.11717,6.86047],[-62.11373,6.85511],[-62.11928,6.85387],[-62.11765,6.84565],[-62.1205,6.84179],[-62.11528,6.84171],[-62.11934,6.83731],[-62.10941,6.82521],[-62.11605,6.81394],[-62.11275,6.81138],[-62.11462,6.80746],[-62.11714,6.80803],[-62.11368,6.80541],[-62.11698,6.80381],[-62.115,6.80106],[-62.11987,6.8003],[-62.11933,6.7973],[-62.12147,6.79712],[-62.11809,6.79323],[-62.11858,6.79018],[-62.12111,6.79038],[-62.11762,6.78701],[-62.12472,6.78471],[-62.12513,6.78097],[-62.1305,6.77461],[-62.13356,6.77636],[-62.13645,6.77474],[-62.13828,6.777],[-62.14069,6.7745],[-62.14428,6.77854],[-62.14514,6.7772],[-62.14523,6.78073],[-62.15036,6.77737],[-62.15009,6.77529],[-62.15638,6.77422],[-62.15957,6.77935],[-62.16366,6.77726],[-62.16771,6.779],[-62.16807,6.76477],[-62.17402,6.76519],[-62.17699,6.75965],[-62.18096,6.76233],[-62.18117,6.75559],[-62.1839,6.75467],[-62.18309,6.75089],[-62.18611,6.74847],[-62.19113,6.7499],[-62.19566,6.74749],[-62.20266,6.75102],[-62.20389,6.74935],[-62.20441,6.75121],[-62.21381,6.74719],[-62.21384,6.74488],[-62.22107,6.74709],[-62.22507,6.74462],[-62.22903,6.74681],[-62.23138,6.73872],[-62.23982,6.7374],[-62.24356,6.73298],[-62.24768,6.73593],[-62.24844,6.73341],[-62.25231,6.73428],[-62.25272,6.73245],[-62.25834,6.73488],[-62.26089,6.73281],[-62.26221,6.73536],[-62.26384,6.73286],[-62.26135,6.72722],[-62.2633,6.72558],[-62.26472,6.72798],[-62.26636,6.72567],[-62.26491,6.71979],[-62.27585,6.71483],[-62.27862,6.71625],[-62.28559,6.70942],[-62.28799,6.71018],[-62.29099,6.71845],[-62.28842,6.72094],[-62.289,6.72409],[-62.297,6.71103],[-62.30647,6.70932],[-62.30886,6.70708],[-62.30924,6.6994],[-62.31956,6.69521],[-62.32046,6.69048],[-62.32441,6.69038],[-62.32933,6.6828],[-62.33373,6.68248],[-62.33729,6.67574],[-62.34473,6.67827],[-62.35352,6.67754],[-62.35958,6.6819],[-62.36319,6.68112],[-62.3634,6.68303],[-62.37165,6.68505],[-62.37229,6.68115],[-62.37623,6.68228],[-62.37586,6.67876],[-62.38121,6.68081],[-62.3933,6.66422],[-62.39662,6.65159],[-62.41186,6.6407],[-62.4149,6.62582],[-62.42151,6.62034],[-62.42338,6.60909],[-62.42818,6.60069],[-62.4306,6.59915],[-62.43638,6.6006],[-62.45028,6.60864],[-62.45157,6.60623],[-62.45599,6.60578],[-62.45419,6.5867],[-62.44912,6.58619],[-62.44736,6.58191],[-62.4488,6.57752],[-62.4447,6.57411],[-62.44256,6.56607],[-62.44796,6.56174],[-62.45125,6.54769],[-62.45431,6.54793],[-62.4617,6.53859],[-62.45564,6.53475],[-62.45264,6.52772],[-62.4523,6.51633],[-62.45522,6.50303],[-62.41695,6.48421],[-62.42195,6.46347],[-62.41474,6.45433],[-62.40985,6.45435],[-62.41006,6.4513],[-62.40308,6.45001],[-62.4012,6.44808],[-62.40374,6.4462],[-62.40269,6.4447],[-62.39606,6.4456],[-62.38701,6.44077],[-62.38483,6.43699],[-62.37843,6.43575],[-62.37946,6.43778],[-62.37159,6.45323],[-62.37382,6.45761],[-62.36856,6.46122],[-62.36792,6.46966],[-62.35941,6.47821],[-62.35893,6.48162],[-62.35559,6.48456],[-62.33828,6.48298],[-62.33804,6.48784],[-62.33593,6.4888],[-62.33569,6.48681],[-62.32698,6.48764],[-62.32573,6.4797],[-62.31793,6.47662],[-62.32045,6.47294],[-62.31647,6.45954],[-62.31868,6.45244],[-62.31466,6.45097],[-62.3137,6.45409],[-62.30857,6.45692],[-62.30569,6.44706],[-62.29871,6.44588],[-62.30155,6.45384],[-62.29521,6.45376],[-62.29721,6.4655],[-62.29105,6.46796],[-62.29022,6.46536],[-62.2826,6.46594],[-62.28205,6.48008],[-62.28795,6.48977],[-62.28347,6.49364],[-62.27673,6.4914],[-62.27977,6.50275],[-62.27519,6.50516],[-62.267,6.50515],[-62.271,6.51183],[-62.26725,6.51691],[-62.26294,6.51416],[-62.257,6.51872],[-62.25523,6.52678],[-62.25208,6.52824],[-62.2462,6.52397],[-62.24585,6.5294],[-62.24944,6.53281],[-62.24464,6.53981],[-62.24867,6.53919],[-62.24988,6.54148],[-62.24458,6.54297],[-62.24538,6.5517],[-62.23957,6.56142],[-62.23669,6.56149],[-62.22255,6.54797],[-62.21849,6.54835],[-62.2174,6.55128],[-62.21326,6.5498],[-62.21748,6.56258],[-62.21347,6.55763],[-62.2095,6.55865],[-62.20809,6.55503],[-62.20017,6.55385],[-62.19817,6.55648],[-62.20122,6.56232],[-62.19667,6.56234],[-62.19373,6.57027],[-62.19189,6.56707],[-62.18616,6.56914],[-62.18425,6.56072],[-62.18285,6.56353],[-62.17088,6.56765],[-62.15897,6.57642],[-62.15884,6.57969],[-62.16446,6.58587],[-62.15938,6.59457],[-62.15794,6.60627],[-62.14539,6.60135],[-62.13716,6.59382],[-62.13415,6.59568],[-62.13252,6.604],[-62.12889,6.60401],[-62.12608,6.61086],[-62.12152,6.60403],[-62.11371,6.59887],[-62.11986,6.60871],[-62.11363,6.60842],[-62.11151,6.61661],[-62.10428,6.61785],[-62.09777,6.61526],[-62.09487,6.61885],[-62.08887,6.61759],[-62.0856,6.62004],[-62.0825,6.61772],[-62.06746,6.62096],[-62.05772,6.61708],[-62.05884,6.62331],[-62.04963,6.62314],[-62.0471,6.62864],[-62.04742,6.64645],[-62.03814,6.64605],[-62.03691,6.65579],[-62.03032,6.65131],[-62.0276,6.65607],[-62.02122,6.6573],[-62.01718,6.66954],[-62.01146,6.67002],[-62.00678,6.67599],[-61.99775,6.67424],[-61.99044,6.67771],[-61.97621,6.67287],[-61.96253,6.67899],[-61.9663,6.68494],[-61.96732,6.69372],[-61.96372,6.69617],[-61.96635,6.70578],[-61.96311,6.71051],[-61.968,6.7165],[-61.96798,6.72208],[-61.96356,6.72528],[-61.96506,6.72756],[-61.97199,6.72835],[-61.97497,6.7328],[-61.98298,6.73172],[-61.98473,6.74299],[-61.97898,6.75869],[-61.97716,6.77789],[-61.98405,6.79639],[-61.99034,6.80519],[-61.99061,6.81337],[-62.00669,6.82411],[-62.01838,6.837],[-62.03733,6.84192],[-62.04462,6.8576],[-62.04926,6.86205],[-62.04983,6.86731],[-62.06339,6.86894],[-62.06674,6.87672],[-62.06619,6.89002],[-62.06451,6.89239],[-62.06005,6.8903],[-62.05464,6.89279],[-62.0507,6.8998],[-62.0531,6.92183],[-62.04605,6.94598],[-62.04957,6.94756],[-62.05557,6.96117],[-62.04757,6.97683],[-62.04882,6.98282],[-62.04477,6.99503],[-62.0488,6.99719],[-62.04703,7.01938],[-62.05042,7.02165],[-62.047,7.02509],[-62.04269,7.04135],[-62.04344,7.05036],[-62.03855,7.06227],[-62.04297,7.06263],[-62.03827,7.07306],[-62.0404,7.07768],[-62.03128,7.09274],[-62.03085,7.10261],[-62.02664,7.10815],[-62.02834,7.11192],[-62.07786,7.15544],[-62.08333,7.15349],[-62.08787,7.15519],[-62.09963,7.16785],[-62.10596,7.16879],[-62.11727,7.18043],[-62.11795,7.19058],[-62.12406,7.20535],[-62.12964,7.21049],[-62.13047,7.21615],[-62.13852,7.21949],[-62.14629,7.23459],[-62.14513,7.23821],[-62.14934,7.24801],[-62.14803,7.25636],[-62.15073,7.26132],[-62.1457,7.28368],[-62.14133,7.28726],[-62.14171,7.29327],[-62.13692,7.29946],[-62.13713,7.30536],[-62.13347,7.30801],[-62.13086,7.32226],[-62.12675,7.32607],[-62.12451,7.32469],[-62.12043,7.32933],[-62.12215,7.33365],[-62.11901,7.33551],[-62.1189,7.3417],[-62.11436,7.34601],[-62.10988,7.34432],[-62.10606,7.34819],[-62.09938,7.34793],[-62.0989,7.35102],[-62.09276,7.35321],[-62.07981,7.36599],[-62.07336,7.36405],[-62.07233,7.36994],[-62.06361,7.37594],[-62.06145,7.38021],[-62.05526,7.38027],[-62.05519,7.37696],[-62.03403,7.37457],[-62.0325,7.38298],[-62.02572,7.38524],[-62.02521,7.3894],[-62.02094,7.38697],[-62.0082,7.38874],[-62.00597,7.39349],[-61.99994,7.39177],[-61.99837,7.3972],[-61.99268,7.39324],[-61.97969,7.39437],[-61.97404,7.38924],[-61.96653,7.38991],[-61.9658,7.38426],[-61.96129,7.38136],[-61.95809,7.38434],[-61.95896,7.38935],[-61.94996,7.38869],[-61.94177,7.39271],[-61.94072,7.39519],[-61.9444,7.39702],[-61.94618,7.40229],[-61.9367,7.40722],[-61.93083,7.41488],[-61.92659,7.41389],[-61.91844,7.40498],[-61.91353,7.40556],[-61.8976,7.40091],[-61.89343,7.40253],[-61.89357,7.41306],[-61.87268,7.41988],[-61.87143,7.42379],[-61.87509,7.42435],[-61.8773,7.43716],[-61.87259,7.43946],[-61.87035,7.44678],[-61.85907,7.45353],[-61.854,7.46849],[-61.84951,7.46664],[-61.8465,7.47203],[-61.84243,7.47124],[-61.83442,7.47479],[-61.83517,7.47687],[-61.82923,7.47708],[-61.82229,7.48464],[-61.82305,7.48795],[-61.82029,7.49089],[-61.82166,7.50108],[-61.81402,7.5202],[-61.81645,7.53952],[-61.81405,7.54752],[-61.80086,7.56352],[-61.79158,7.56997],[-61.78966,7.57637],[-61.77963,7.58021],[-61.77699,7.58371],[-61.76789,7.583],[-61.76278,7.58795],[-61.74556,7.58992],[-61.74354,7.59356],[-61.73864,7.59545],[-61.73735,7.59963],[-61.74099,7.6067],[-61.7372,7.61554],[-61.73513,7.63136],[-61.72908,7.63652],[-61.72253,7.63436],[-61.71803,7.64145],[-61.70344,7.63817],[-61.70115,7.64193],[-61.70252,7.65017],[-61.7008,7.65351],[-61.69274,7.65112],[-61.68398,7.64182],[-61.67557,7.63937],[-61.66824,7.64174],[-61.66297,7.63501],[-61.65163,7.62995],[-61.6454,7.63487],[-61.63097,7.63659],[-61.62428,7.64548],[-61.62219,7.65271],[-61.61322,7.65785],[-61.60852,7.65649],[-61.6065,7.66253],[-61.61324,7.67416],[-61.60822,7.67839],[-61.60749,7.69558],[-61.60337,7.69664],[-61.60163,7.70038],[-61.60553,7.70404],[-61.60686,7.71388],[-61.60375,7.71858],[-61.60317,7.72862],[-61.59702,7.72962],[-61.59603,7.73419],[-61.58631,7.74191],[-61.57706,7.73848],[-61.57586,7.74014]]]}},{"type":"Feature","id":"relation/11039539","properties":{"name":"Municipio El Callao","level":6,"population":"21769"},"geometry":{"type":"Polygon","coordinates":[[[-61.96372,6.69617],[-61.95431,6.69491],[-61.94817,6.69768],[-61.94046,6.697],[-61.93441,6.70672],[-61.92894,6.70439],[-61.91699,6.712],[-61.91828,6.72472],[-61.91671,6.7285],[-61.91039,6.72797],[-61.90722,6.73196],[-61.90217,6.73229],[-61.89283,6.74019],[-61.88228,6.74414],[-61.88083,6.74725],[-61.88269,6.76772],[-61.88042,6.77512],[-61.87295,6.77835],[-61.86967,6.79072],[-61.86148,6.80274],[-61.85689,6.80378],[-61.85114,6.80028],[-61.8481,6.80116],[-61.84571,6.80721],[-61.85083,6.81244],[-61.85122,6.81718],[-61.84595,6.82547],[-61.83877,6.82658],[-61.83178,6.83188],[-61.82897,6.84452],[-61.83775,6.86008],[-61.83522,6.86181],[-61.81851,6.86491],[-61.80199,6.85895],[-61.79805,6.8613],[-61.80115,6.86799],[-61.79702,6.87504],[-61.78711,6.87255],[-61.78238,6.85754],[-61.78435,6.85271],[-61.79104,6.84692],[-61.7918,6.84238],[-61.78181,6.83402],[-61.77537,6.81598],[-61.76908,6.81041],[-61.7606,6.80724],[-61.7478,6.81101],[-61.74177,6.8099],[-61.74019,6.80562],[-61.72518,6.79703],[-61.72096,6.78863],[-61.72289,6.78251],[-61.72083,6.77042],[-61.71648,6.76509],[-61.71437,6.75602],[-61.71072,6.75013],[-61.70091,6.74508],[-61.69826,6.74099],[-61.69021,6.75098],[-61.68472,6.74532],[-61.6768,6.75219],[-61.67698,6.77077],[-61.65882,6.77914],[-61.65058,6.7784],[-61.64203,6.78632],[-61.64409,6.8004],[-61.62815,6.804],[-61.63202,6.81454],[-61.62555,6.82434],[-61.61816,6.82558],[-61.62582,6.8381],[-61.62534,6.84966],[-61.63032,6.85398],[-61.62889,6.85929],[-61.63306,6.86146],[-61.63041,6.86527],[-61.63477,6.87142],[-61.6348,6.88103],[-61.64091,6.88891],[-61.64552,6.88689],[-61.6506,6.8911],[-61.65911,6.89045],[-61.65849,6.89408],[-61.64958,6.90242],[-61.64777,6.92496],[-61.6533,6.93364],[-61.65388,6.93883],[-61.65778,6.93992],[-61.66352,6.93779],[-61.6665,6.94129],[-61.66028,6.95898],[-61.65289,6.96627],[-61.65386,6.97153],[-61.65114,6.97392],[-61.64576,6.97331],[-61.64717,6.98538],[-61.6376,7.00932],[-61.62875,7.01337],[-61.62575,7.01766],[-61.62798,7.02115],[-61.62601,7.02405],[-61.61063,7.02871],[-61.61192,7.05513],[-61.61016,7.08363],[-61.61104,7.08736],[-61.61546,7.0906],[-61.60839,7.09358],[-61.60925,7.11498],[-61.60327,7.12575],[-61.6067,7.13123],[-61.60594,7.13679],[-61.60992,7.13906],[-61.61138,7.14528],[-61.61889,7.1527],[-61.61157,7.15952],[-61.61305,7.16707],[-61.60806,7.17305],[-61.61528,7.18474],[-61.61634,7.1978],[-61.62206,7.20053],[-61.62224,7.20497],[-61.61953,7.2082],[-61.62013,7.21756],[-61.6219,7.21833],[-61.62688,7.21378],[-61.62554,7.21916],[-61.62943,7.22624],[-61.62608,7.23127],[-61.63501,7.2367],[-61.63891,7.23186],[-61.64425,7.23192],[-61.64413,7.25088],[-61.64888,7.24697],[-61.65871,7.25561],[-61.67222,7.25659],[-61.67587,7.25974],[-61.67709,7.26461],[-61.6808,7.2665],[-61.67475,7.27193],[-61.67391,7.27992],[-61.66542,7.2899],[-61.67515,7.28907],[-61.67964,7.29447],[-61.68676,7.2922],[-61.68922,7.2942],[-61.69768,7.3088],[-61.69634,7.3176],[-61.69194,7.32078],[-61.69674,7.32786],[-61.70163,7.32904],[-61.69663,7.34253],[-61.6929,7.3448],[-61.693,7.34997],[-61.68673,7.35642],[-61.68025,7.3771],[-61.66423,7.38674],[-61.62907,7.43555],[-61.62927,7.4407],[-61.63347,7.44218],[-61.63805,7.46467],[-61.63543,7.47146],[-61.6277,7.47745],[-61.62543,7.48401],[-61.61618,7.52492],[-61.61699,7.53671],[-61.61384,7.55293],[-61.59635,7.56164],[-61.60375,7.5816],[-61.60088,7.59084],[-61.60302,7.60479],[-61.60774,7.612],[-61.60738,7.61712],[-61.60281,7.6237],[-61.60652,7.62784],[-61.60414,7.63537],[-61.60702,7.64087],[-61.60852,7.65649],[-61.61322,7.65785],[-61.62202,7.65288],[-61.62428,7.64548],[-61.63097,7.63659],[-61.6454,7.63487],[-61.65096,7.62997],[-61.66064,7.63341],[-61.66845,7.64184],[-61.67557,7.63937],[-61.6842,7.64191],[-61.68963,7.64893],[-61.69988,7.65358],[-61.70252,7.65017],[-61.70098,7.64371],[-61.70344,7.63817],[-61.71803,7.64145],[-61.72253,7.63436],[-61.7297,7.63624],[-61.73513,7.63136],[-61.73745,7.62456],[-61.7372,7.61554],[-61.74099,7.6067],[-61.73735,7.59963],[-61.73831,7.59577],[-61.74354,7.59356],[-61.74556,7.58992],[-61.76278,7.58795],[-61.76759,7.58307],[-61.77699,7.58371],[-61.77963,7.58021],[-61.78721,7.57884],[-61.79158,7.56997],[-61.81218,7.55168],[-61.81645,7.53952],[-61.81402,7.5202],[-61.82166,7.50108],[-61.82029,7.49089],[-61.82305,7.48795],[-61.82229,7.48464],[-61.82884,7.47729],[-61.83517,7.47687],[-61.83442,7.47479],[-61.84243,7.47124],[-61.8464,7.47209],[-61.84951,7.46664],[-61.85379,7.4685],[-61.85554,7.46655],[-61.8563,7.45799],[-61.85907,7.45353],[-61.87035,7.44678],[-61.87259,7.43946],[-61.87738,7.43695],[-61.87509,7.42435],[-61.87143,7.42379],[-61.87274,7.41979],[-61.89357,7.41306],[-61.89291,7.40332],[-61.89702,7.40094],[-61.91878,7.40511],[-61.92659,7.41389],[-61.93129,7.41475],[-61.9367,7.40722],[-61.94618,7.40229],[-61.9444,7.39702],[-61.94072,7.39519],[-61.94177,7.39271],[-61.94996,7.38869],[-61.95896,7.38935],[-61.95809,7.38434],[-61.96129,7.38136],[-61.9658,7.38426],[-61.96653,7.38991],[-61.97404,7.38924],[-61.97969,7.39437],[-61.99268,7.39324],[-61.99837,7.3972],[-61.99994,7.39177],[-62.00597,7.39349],[-62.0082,7.38874],[-62.02094,7.38697],[-62.02521,7.3894],[-62.02572,7.38524],[-62.0325,7.38298],[-62.03403,7.37457],[-62.05519,7.37696],[-62.05555,7.38041],[-62.0617,7.38009],[-62.06361,7.37594],[-62.07233,7.36994],[-62.07336,7.36405],[-62.07981,7.36599],[-62.09276,7.35321],[-62.0989,7.35102],[-62.09938,7.34793],[-62.10606,7.34819],[-62.10988,7.34432],[-62.11436,7.34601],[-62.1189,7.3417],[-62.11901,7.33551],[-62.12215,7.33365],[-62.12043,7.32933],[-62.12451,7.32469],[-62.12675,7.32607],[-62.13086,7.32226],[-62.13347,7.30801],[-62.13713,7.30536],[-62.13692,7.29946],[-62.14171,7.29327],[-62.14133,7.28726],[-62.1457,7.28368],[-62.15073,7.26132],[-62.14803,7.25636],[-62.14934,7.24801],[-62.14513,7.23821],[-62.14629,7.23459],[-62.13852,7.21949],[-62.13047,7.21615],[-62.12964,7.21049],[-62.12406,7.20535],[-62.11795,7.19058],[-62.11727,7.18043],[-62.10596,7.16879],[-62.09963,7.16785],[-62.08787,7.15519],[-62.08333,7.15349],[-62.07786,7.15544],[-62.02834,7.11192],[-62.02664,7.10815],[-62.03085,7.10261],[-62.03128,7.09274],[-62.0404,7.07768],[-62.03827,7.07306],[-62.04297,7.06263],[-62.03855,7.06227],[-62.04344,7.05036],[-62.04269,7.04135],[-62.047,7.02509],[-62.05042,7.02165],[-62.04703,7.01938],[-62.0488,6.99719],[-62.04477,6.99503],[-62.04882,6.98282],[-62.04757,6.97683],[-62.05557,6.96117],[-62.04957,6.94756],[-62.04605,6.94598],[-62.0531,6.92183],[-62.0507,6.8998],[-62.05464,6.89279],[-62.06005,6.8903],[-62.06451,6.89239],[-62.06619,6.89002],[-62.06674,6.87672],[-62.06339,6.86894],[-62.04983,6.86731],[-62.04926,6.86205],[-62.04462,6.8576],[-62.03733,6.84192],[-62.01838,6.837],[-62.00669,6.82411],[-61.99061,6.81337],[-61.99034,6.80519],[-61.98405,6.79639],[-61.97716,6.77789],[-61.97898,6.75869],[-61.98473,6.74299],[-61.98298,6.73172],[-61.97497,6.7328],[-61.97199,6.72835],[-61.96506,6.72756],[-61.96356,6.72528],[-61.96798,6.72208],[-61.96804,6.71882],[-61.9672,6.71362],[-61.96311,6.71051],[-61.96635,6.70578],[-61.96372,6.69617]]]}},{"type":"Feature","id":"relation/11039540","properties":{"name":"Municipio Sifontes","level":6,"population":"50082"},"geometry":{"type":"Polygon","coordinates":[[[-62.41726,6.45808],[-62.42195,6.46347],[-62.43228,6.41722],[-62.46285,6.40171],[-62.48706,6.38269],[-62.48564,6.36618],[-62.48174,6.36],[-62.45401,6.33995],[-62.46972,6.32805],[-62.46517,6.32069],[-62.46114,6.32238],[-62.45353,6.31873],[-62.44695,6.3217],[-62.44193,6.31829],[-62.4416,6.3167],[-62.45016,6.31294],[-62.4454,6.30808],[-62.44998,6.30186],[-62.4494,6.29346],[-62.44406,6.29576],[-62.43786,6.29512],[-62.41999,6.28455],[-62.4161,6.26714],[-62.41846,6.26292],[-62.40908,6.26147],[-62.40885,6.25594],[-62.40247,6.24973],[-62.40275,6.24583],[-62.39591,6.23613],[-62.38597,6.21106],[-62.38681,6.20615],[-62.38078,6.18986],[-62.35616,6.19193],[-62.35232,6.2047],[-62.33108,6.20119],[-62.32617,6.18988],[-62.3258,6.17885],[-62.32072,6.1774],[-62.31514,6.17945],[-62.30383,6.1716],[-62.30208,6.14824],[-62.2957,6.13778],[-62.28618,6.13343],[-62.27924,6.1331],[-62.27157,6.14234],[-62.25753,6.13936],[-62.26298,6.13531],[-62.26438,6.12081],[-62.26815,6.11783],[-62.26913,6.10783],[-62.26508,6.09724],[-62.25924,6.09061],[-62.26079,6.08419],[-62.25899,6.0767],[-62.25611,6.07283],[-62.25029,6.07062],[-62.24756,6.06116],[-62.26844,6.05672],[-62.27214,6.05966],[-62.27892,6.04499],[-62.27389,6.04133],[-62.28709,6.03006],[-62.28279,6.02732],[-62.28564,6.02173],[-62.28209,6.01023],[-62.28498,6.00614],[-62.28459,5.99861],[-62.28765,5.99529],[-62.2888,5.98781],[-62.29804,5.98733],[-62.30036,5.98166],[-62.28139,5.96663],[-62.27781,5.95614],[-62.28273,5.94819],[-62.28763,5.94855],[-62.2815,5.94279],[-62.27868,5.94417],[-62.2764,5.95001],[-62.27566,5.96209],[-62.26516,5.97209],[-62.27037,5.97731],[-62.26784,5.98022],[-62.25398,5.97941],[-62.24437,5.96298],[-62.23579,5.9567],[-62.22741,5.9541],[-62.22664,5.95883],[-62.22168,5.9576],[-62.20009,5.96278],[-62.19199,5.9696],[-62.20847,5.9705],[-62.20464,5.97813],[-62.19994,5.97947],[-62.19456,5.97304],[-62.18863,5.97417],[-62.18447,5.98478],[-62.17235,5.99513],[-62.17055,6.00083],[-62.16335,6.00443],[-62.16219,5.99322],[-62.1545,5.99527],[-62.15476,5.99816],[-62.14548,6.01136],[-62.1414,6.01076],[-62.14083,6.00778],[-62.13696,6.00592],[-62.12652,6.00514],[-62.1294,5.99525],[-62.13425,5.98921],[-62.12881,5.98796],[-62.12873,5.97989],[-62.12357,5.98146],[-62.10727,5.99663],[-62.103,6.00663],[-62.09942,6.00477],[-62.09922,5.99949],[-62.09455,5.99948],[-62.08044,6.01261],[-62.07752,6.01598],[-62.08119,6.02593],[-62.07842,6.02837],[-62.06772,6.02941],[-62.06473,6.0239],[-62.06151,6.02619],[-62.05226,6.02437],[-62.04876,6.02669],[-62.03415,6.01426],[-62.04069,6.01353],[-62.04303,6.01071],[-62.04129,6.00938],[-62.0333,6.01244],[-62.02693,6.01994],[-62.02304,6.02038],[-62.01831,6.03031],[-62.01391,6.03179],[-62.01162,6.02929],[-61.99944,6.03212],[-61.99386,6.03635],[-61.99038,6.03316],[-61.9911,6.02892],[-61.98322,6.01971],[-61.9767,6.01744],[-61.97099,6.02004],[-61.96432,6.0094],[-61.95849,6.00952],[-61.95892,5.99918],[-61.95476,5.99193],[-61.94211,5.99248],[-61.93755,5.99603],[-61.93764,6.00017],[-61.9315,6.00327],[-61.92053,5.99362],[-61.91821,5.99512],[-61.91978,5.99944],[-61.91454,5.99858],[-61.90582,5.98813],[-61.90074,5.99249],[-61.89786,5.98325],[-61.89386,5.98378],[-61.89161,5.98752],[-61.88794,5.98633],[-61.88049,5.98934],[-61.8822,5.97616],[-61.88105,5.97028],[-61.87683,5.96832],[-61.87622,5.96027],[-61.87015,5.96426],[-61.86449,5.96442],[-61.85508,5.95662],[-61.8507,5.96089],[-61.83829,5.96235],[-61.84051,5.96913],[-61.82552,5.96612],[-61.82108,5.95729],[-61.8233,5.95261],[-61.81793,5.95405],[-61.81242,5.94733],[-61.81192,5.93669],[-61.81659,5.93419],[-61.81629,5.92704],[-61.81018,5.92787],[-61.80757,5.92401],[-61.80445,5.92648],[-61.80614,5.92987],[-61.79738,5.93306],[-61.79479,5.9277],[-61.78963,5.93186],[-61.78589,5.93074],[-61.78459,5.928],[-61.78879,5.9244],[-61.788,5.91939],[-61.79056,5.91888],[-61.78484,5.91359],[-61.78347,5.91747],[-61.77715,5.91831],[-61.77118,5.91177],[-61.76706,5.91965],[-61.75905,5.91884],[-61.75766,5.93058],[-61.75462,5.93549],[-61.75627,5.94137],[-61.75322,5.94192],[-61.74764,5.95605],[-61.72999,5.96608],[-61.72175,5.96504],[-61.71836,5.97153],[-61.71588,5.96965],[-61.70717,5.97342],[-61.69554,5.96835],[-61.69194,5.95674],[-61.68789,5.95747],[-61.67214,5.94352],[-61.66868,5.94495],[-61.66773,5.95282],[-61.66444,5.95689],[-61.64306,5.95769],[-61.63781,5.95594],[-61.62193,5.93959],[-61.61238,5.93455],[-61.60586,5.93666],[-61.60056,5.94185],[-61.5929,5.94055],[-61.57998,5.94535],[-61.57197,5.93854],[-61.5688,5.92678],[-61.56395,5.9236],[-61.56262,5.91274],[-61.55356,5.91684],[-61.53818,5.91276],[-61.5343,5.9162],[-61.53269,5.91167],[-61.52751,5.91129],[-61.52457,5.90802],[-61.5074,5.90763],[-61.50395,5.90484],[-61.4979,5.90952],[-61.49344,5.90945],[-61.48396,5.91839],[-61.47597,5.91532],[-61.47797,5.92168],[-61.46142,5.92192],[-61.45898,5.9286],[-61.44497,5.92981],[-61.4432,5.93615],[-61.43139,5.94103],[-61.42527,5.93656],[-61.41911,5.94063],[-61.41598,5.9402],[-61.41472,5.94341],[-61.4086,5.93958],[-61.39646,5.94903],[-61.38272,5.9387],[-61.37972,5.94285],[-61.3787,5.95231],[-61.3746,5.95492],[-61.37508,5.96019],[-61.36906,5.96143],[-61.36549,5.96828],[-61.36323,5.96674],[-61.35764,5.96893],[-61.35303,5.97452],[-61.35137,5.98526],[-61.33073,5.99942],[-61.33572,6.00487],[-61.33327,6.01531],[-61.32598,6.02593],[-61.32008,6.02733],[-61.31579,6.04236],[-61.31089,6.04649],[-61.3119,6.05244],[-61.30199,6.05441],[-61.30433,6.06041],[-61.2989,6.063],[-61.2974,6.0672],[-61.29118,6.06936],[-61.29431,6.07401],[-61.28505,6.07717],[-61.28638,6.08023],[-61.27934,6.08329],[-61.27957,6.09444],[-61.27726,6.09199],[-61.27502,6.09288],[-61.27489,6.10326],[-61.27025,6.10635],[-61.26982,6.10997],[-61.26254,6.11025],[-61.25937,6.11284],[-61.25341,6.10811],[-61.24561,6.10802],[-61.24219,6.1121],[-61.24085,6.11065],[-61.23561,6.11864],[-61.23702,6.12158],[-61.23406,6.12535],[-61.23121,6.12532],[-61.23212,6.12705],[-61.22747,6.1235],[-61.2264,6.12564],[-61.22298,6.1255],[-61.21531,6.11123],[-61.21463,6.11542],[-61.20925,6.11152],[-61.20632,6.11675],[-61.20826,6.1183],[-61.20242,6.12755],[-61.20362,6.13411],[-61.19979,6.13105],[-61.18905,6.13263],[-61.19241,6.13973],[-61.18421,6.14731],[-61.18473,6.15339],[-61.18264,6.15497],[-61.18305,6.15939],[-61.18589,6.15999],[-61.18525,6.1625],[-61.18742,6.16172],[-61.1898,6.16651],[-61.18766,6.17051],[-61.18918,6.17161],[-61.18665,6.17131],[-61.1868,6.176],[-61.18456,6.17637],[-61.18664,6.17877],[-61.18345,6.17875],[-61.17937,6.18721],[-61.17631,6.18701],[-61.17179,6.18088],[-61.16942,6.18476],[-61.16445,6.18462],[-61.16304,6.18188],[-61.15719,6.1827],[-61.1376,6.17691],[-61.13299,6.18086],[-61.13362,6.18881],[-61.12753,6.18811],[-61.12414,6.19453],[-61.12976,6.19595],[-61.13214,6.20105],[-61.12649,6.20781],[-61.12998,6.20867],[-61.13087,6.20531],[-61.1344,6.20526],[-61.1346,6.20986],[-61.13948,6.21127],[-61.14254,6.21626],[-61.14097,6.22123],[-61.13803,6.22208],[-61.13716,6.22859],[-61.13216,6.23146],[-61.13562,6.23969],[-61.13224,6.25522],[-61.12881,6.25503],[-61.12571,6.263],[-61.12105,6.26319],[-61.11389,6.2714],[-61.12108,6.27622],[-61.12231,6.27312],[-61.12797,6.274],[-61.12983,6.27184],[-61.13713,6.27249],[-61.13825,6.2764],[-61.14039,6.27509],[-61.14283,6.28356],[-61.14038,6.28775],[-61.1435,6.28778],[-61.14798,6.29237],[-61.15631,6.28886],[-61.1611,6.29405],[-61.16114,6.29819],[-61.16487,6.29971],[-61.16441,6.30384],[-61.16739,6.30804],[-61.16534,6.31348],[-61.17495,6.32651],[-61.18429,6.33091],[-61.17591,6.33329],[-61.1781,6.34076],[-61.17174,6.336],[-61.17397,6.34185],[-61.16872,6.34802],[-61.16882,6.35234],[-61.16415,6.3545],[-61.16361,6.36073],[-61.15858,6.36638],[-61.16808,6.37959],[-61.16478,6.38074],[-61.16108,6.37685],[-61.16191,6.38364],[-61.15774,6.38615],[-61.16103,6.38829],[-61.16595,6.38652],[-61.16789,6.39287],[-61.16638,6.39466],[-61.16015,6.39195],[-61.16129,6.38903],[-61.1579,6.39014],[-61.1586,6.40681],[-61.15504,6.41127],[-61.15809,6.41531],[-61.1551,6.41587],[-61.15156,6.41144],[-61.14813,6.41298],[-61.14649,6.41838],[-61.14993,6.4201],[-61.15018,6.42361],[-61.1436,6.42916],[-61.15217,6.43032],[-61.15575,6.43672],[-61.15378,6.44122],[-61.15475,6.44659],[-61.14938,6.44535],[-61.14837,6.44741],[-61.14978,6.44956],[-61.15472,6.44891],[-61.15759,6.45228],[-61.15211,6.45837],[-61.15285,6.46432],[-61.15736,6.4647],[-61.15984,6.45875],[-61.1633,6.45696],[-61.17665,6.46485],[-61.17863,6.47086],[-61.18297,6.4719],[-61.18197,6.4762],[-61.17602,6.48078],[-61.18622,6.48269],[-61.18302,6.48924],[-61.17443,6.49311],[-61.17455,6.49848],[-61.17124,6.50472],[-61.17589,6.50808],[-61.17257,6.51886],[-61.18237,6.5224],[-61.1811,6.53026],[-61.18968,6.52586],[-61.19722,6.52706],[-61.19666,6.53701],[-61.20475,6.53538],[-61.20668,6.5328],[-61.20383,6.52137],[-61.20623,6.52162],[-61.2122,6.52989],[-61.21496,6.52537],[-61.22279,6.526],[-61.22049,6.53897],[-61.20902,6.53778],[-61.20937,6.54066],[-61.21337,6.54202],[-61.20991,6.54866],[-61.21503,6.5528],[-61.22498,6.55309],[-61.22035,6.55874],[-61.2201,6.5657],[-61.22827,6.56702],[-61.23219,6.57041],[-61.22876,6.57578],[-61.22443,6.57302],[-61.22039,6.57491],[-61.22371,6.5831],[-61.22398,6.5917],[-61.21615,6.59308],[-61.2104,6.5895],[-61.20722,6.59298],[-61.20762,6.5974],[-61.20193,6.60721],[-61.20362,6.61036],[-61.20042,6.61294],[-61.20053,6.6249],[-61.19619,6.62729],[-61.19137,6.62602],[-61.1891,6.62949],[-61.18177,6.63145],[-61.18386,6.63513],[-61.18254,6.6396],[-61.1893,6.64615],[-61.19018,6.65259],[-61.18462,6.65648],[-61.18302,6.67133],[-61.17821,6.67616],[-61.17211,6.67495],[-61.16833,6.68085],[-61.16236,6.67881],[-61.16151,6.68355],[-61.16612,6.69107],[-61.15173,6.68846],[-61.14899,6.69434],[-61.1524,6.69661],[-61.1528,6.70008],[-61.15043,6.70948],[-61.14137,6.71929],[-61.13593,6.7226],[-61.11346,6.71793],[-61.10896,6.7207],[-61.10289,6.71811],[-61.09557,6.70582],[-61.08964,6.70309],[-61.08455,6.70598],[-61.08057,6.72522],[-61.0766,6.72923],[-61.05719,6.72025],[-61.05248,6.72302],[-61.0399,6.71677],[-61.02301,6.71847],[-61.01261,6.72839],[-61.00565,6.73068],[-60.99833,6.72856],[-60.98326,6.71616],[-60.96836,6.7146],[-60.95097,6.71723],[-60.94275,6.7226],[-60.93904,6.73524],[-60.93496,6.74095],[-60.92877,6.74408],[-60.90937,6.74717],[-60.90142,6.75502],[-60.90074,6.75906],[-60.90422,6.76745],[-60.91966,6.77464],[-60.92605,6.79127],[-60.92468,6.80321],[-60.92076,6.81015],[-60.91071,6.81518],[-60.89784,6.81228],[-60.87709,6.79436],[-60.8502,6.781],[-60.83911,6.78145],[-60.82282,6.79385],[-60.81366,6.79466],[-60.78898,6.78002],[-60.74723,6.76146],[-60.72916,6.75477],[-60.71837,6.75531],[-60.70901,6.76249],[-60.70489,6.77103],[-60.69663,6.77872],[-60.68371,6.80668],[-60.66376,6.82945],[-60.6317,6.84028],[-60.60964,6.84324],[-60.59655,6.85257],[-60.55632,6.85576],[-60.5435,6.86214],[-60.5378,6.87539],[-60.53211,6.87954],[-60.5119,6.87826],[-60.50388,6.88039],[-60.4907,6.89036],[-60.47935,6.90919],[-60.4655,6.91814],[-60.46208,6.92675],[-60.45406,6.93658],[-60.42229,6.94091],[-60.40809,6.94666],[-60.40101,6.94692],[-60.3817,6.92794],[-60.37815,6.9312],[-60.37554,6.93055],[-60.37583,6.93443],[-60.37255,6.93815],[-60.37353,6.94404],[-60.37136,6.94622],[-60.37394,6.94883],[-60.37134,6.9541],[-60.37267,6.95942],[-60.36833,6.96149],[-60.36938,6.96388],[-60.3675,6.96392],[-60.36727,6.96733],[-60.36513,6.96655],[-60.36618,6.96934],[-60.36437,6.97102],[-60.36539,6.97545],[-60.36733,6.97512],[-60.36538,6.97736],[-60.36619,6.98139],[-60.36932,6.98331],[-60.36838,6.98746],[-60.36579,6.98684],[-60.3664,6.99211],[-60.36009,6.99958],[-60.36091,7.00251],[-60.35734,7.00303],[-60.3518,7.01139],[-60.33591,7.01305],[-60.33349,7.01703],[-60.32682,7.01698],[-60.32493,7.02081],[-60.31765,7.02363],[-60.3198,7.02624],[-60.31902,7.03113],[-60.31107,7.03309],[-60.30666,7.03848],[-60.3079,7.04583],[-60.30364,7.06029],[-60.29932,7.06606],[-60.29534,7.06655],[-60.29556,7.06971],[-60.29274,7.06766],[-60.28986,7.07036],[-60.29198,7.07433],[-60.28788,7.08076],[-60.28938,7.08442],[-60.28775,7.08761],[-60.29598,7.09471],[-60.29297,7.09759],[-60.29657,7.10172],[-60.29214,7.10661],[-60.2948,7.11183],[-60.29263,7.11449],[-60.29536,7.11645],[-60.29279,7.12047],[-60.29668,7.12641],[-60.29355,7.13353],[-60.2996,7.13554],[-60.29978,7.13923],[-60.30344,7.1392],[-60.30371,7.14199],[-60.30793,7.14235],[-60.30761,7.14461],[-60.31045,7.14418],[-60.31826,7.15195],[-60.32347,7.15179],[-60.32842,7.15637],[-60.33269,7.15791],[-60.34338,7.15235],[-60.34481,7.15758],[-60.34759,7.15755],[-60.34747,7.16902],[-60.35477,7.16974],[-60.36108,7.18187],[-60.36522,7.18178],[-60.36715,7.18476],[-60.37287,7.18399],[-60.37352,7.18189],[-60.38712,7.18101],[-60.39518,7.17703],[-60.40334,7.17716],[-60.40942,7.17331],[-60.41302,7.17732],[-60.42066,7.17645],[-60.42519,7.19409],[-60.43179,7.20057],[-60.43846,7.20066],[-60.44086,7.19765],[-60.4495,7.20481],[-60.45695,7.20277],[-60.45951,7.20477],[-60.46459,7.195],[-60.47116,7.19448],[-60.47236,7.19131],[-60.48267,7.18719],[-60.4839,7.18413],[-60.48771,7.18592],[-60.4901,7.18409],[-60.49339,7.18671],[-60.4969,7.1845],[-60.49907,7.18887],[-60.50154,7.1888],[-60.50527,7.17725],[-60.50292,7.17247],[-60.50927,7.17202],[-60.51215,7.16914],[-60.51134,7.16562],[-60.51447,7.16386],[-60.51986,7.16702],[-60.52183,7.16544],[-60.52204,7.15915],[-60.52004,7.157],[-60.52857,7.14872],[-60.52955,7.14356],[-60.5274,7.13802],[-60.53771,7.13293],[-60.53969,7.13049],[-60.53716,7.12673],[-60.54027,7.12374],[-60.54653,7.12572],[-60.55794,7.14774],[-60.55868,7.15435],[-60.56623,7.15808],[-60.57744,7.17409],[-60.58858,7.17572],[-60.59943,7.18437],[-60.59941,7.20137],[-60.6063,7.20587],[-60.61229,7.20284],[-60.61825,7.20456],[-60.62447,7.21096],[-60.62868,7.2315],[-60.63517,7.23882],[-60.6352,7.24321],[-60.63795,7.24599],[-60.63434,7.25429],[-60.63618,7.26173],[-60.63037,7.27113],[-60.61617,7.27791],[-60.61697,7.28203],[-60.61291,7.28728],[-60.61543,7.29869],[-60.60817,7.30233],[-60.60695,7.30731],[-60.59243,7.3079],[-60.58814,7.31428],[-60.59341,7.32335],[-60.59145,7.33173],[-60.59803,7.33887],[-60.59341,7.35085],[-60.60426,7.35885],[-60.61134,7.3691],[-60.60731,7.37568],[-60.61158,7.383],[-60.61256,7.39032],[-60.60722,7.39356],[-60.6098,7.3967],[-60.61457,7.39551],[-60.61943,7.40156],[-60.62533,7.40262],[-60.62744,7.40949],[-60.64311,7.41839],[-60.64121,7.42269],[-60.6424,7.42796],[-60.63713,7.43392],[-60.638,7.44302],[-60.64056,7.4443],[-60.63921,7.44724],[-60.64838,7.45291],[-60.65353,7.4525],[-60.65561,7.45565],[-60.66488,7.4599],[-60.67228,7.45374],[-60.68328,7.46274],[-60.68241,7.47134],[-60.6856,7.47585],[-60.69283,7.47453],[-60.69764,7.47907],[-60.69778,7.48585],[-60.70591,7.49626],[-60.70431,7.50677],[-60.71019,7.51317],[-60.70708,7.51898],[-60.70867,7.52303],[-60.71355,7.52566],[-60.71133,7.52919],[-60.714,7.53441],[-60.71794,7.53496],[-60.72036,7.53884],[-60.71203,7.54313],[-60.7122,7.547],[-60.70957,7.54932],[-60.71158,7.55357],[-60.70746,7.55523],[-60.7058,7.56011],[-60.6938,7.55779],[-60.69262,7.55575],[-60.68767,7.55811],[-60.6901,7.56087],[-60.68858,7.56654],[-60.69235,7.57557],[-60.68944,7.5782],[-60.68574,7.5781],[-60.68252,7.5681],[-60.67923,7.56599],[-60.6756,7.56489],[-60.67242,7.56876],[-60.66557,7.57063],[-60.66035,7.56457],[-60.64624,7.57097],[-60.64599,7.57523],[-60.64316,7.5744],[-60.63887,7.57758],[-60.6369,7.58253],[-60.64036,7.58483],[-60.6423,7.5928],[-60.63828,7.59768],[-60.63959,7.60072],[-60.62856,7.60383],[-60.62773,7.60937],[-60.62258,7.61048],[-60.61953,7.61694],[-60.6261,7.62331],[-60.62521,7.6331],[-60.61784,7.64268],[-60.61236,7.64347],[-60.60506,7.63787],[-60.59944,7.63946],[-60.59548,7.63251],[-60.59032,7.63148],[-60.58838,7.6353],[-60.59082,7.63695],[-60.58985,7.64365],[-60.59222,7.6497],[-60.58931,7.65409],[-60.59175,7.65673],[-60.58772,7.66065],[-60.59278,7.66753],[-60.59338,7.6739],[-60.58967,7.67953],[-60.58212,7.6787],[-60.58188,7.68654],[-60.57745,7.68891],[-60.57942,7.69625],[-60.56814,7.7056],[-60.57077,7.715],[-60.57639,7.72052],[-60.57471,7.72296],[-60.57617,7.72627],[-60.58268,7.72822],[-60.58364,7.73422],[-60.5818,7.73826],[-60.57914,7.73651],[-60.57545,7.74172],[-60.57198,7.74014],[-60.56801,7.74285],[-60.56382,7.75303],[-60.56202,7.76616],[-60.55891,7.77019],[-60.55147,7.76991],[-60.5522,7.7775],[-60.54929,7.78251],[-60.54398,7.78278],[-60.54257,7.78704],[-60.53847,7.78793],[-60.53778,7.79181],[-60.53223,7.79509],[-60.5371,7.80298],[-60.53539,7.80491],[-60.54151,7.81102],[-60.54017,7.81573],[-60.53058,7.82181],[-60.52079,7.82231],[-60.51646,7.82502],[-60.51459,7.82988],[-60.50977,7.82735],[-60.50778,7.83213],[-60.50117,7.83502],[-60.49908,7.82981],[-60.4957,7.83141],[-60.49501,7.82915],[-60.49224,7.83162],[-60.48805,7.82976],[-60.48002,7.83333],[-60.47606,7.83113],[-60.47588,7.83399],[-60.47105,7.83409],[-60.46697,7.83832],[-60.46433,7.83558],[-60.45257,7.83543],[-60.44819,7.83957],[-60.43763,7.83613],[-60.4345,7.82712],[-60.42862,7.8307],[-60.42733,7.82856],[-60.42344,7.82931],[-60.42135,7.82507],[-60.40721,7.82547],[-60.40482,7.82079],[-60.40138,7.82358],[-60.40168,7.82662],[-60.39217,7.83],[-60.38893,7.82886],[-60.38254,7.83285],[-60.37948,7.83984],[-60.37645,7.83363],[-60.37005,7.83257],[-60.36811,7.82719],[-60.36352,7.82795],[-60.362,7.82508],[-60.35889,7.82554],[-60.35685,7.82897],[-60.3498,7.83],[-60.34228,7.83914],[-60.33983,7.83778],[-60.33099,7.8423],[-60.33116,7.84543],[-60.32912,7.84608],[-60.33089,7.84693],[-60.33021,7.85081],[-60.32595,7.85453],[-60.32156,7.85407],[-60.32036,7.85745],[-60.31711,7.85682],[-60.31869,7.8596],[-60.31476,7.86242],[-60.31254,7.87116],[-60.30698,7.87002],[-60.30273,7.87311],[-60.29947,7.87111],[-60.29587,7.87738],[-60.29522,7.87501],[-60.29359,7.87611],[-60.29252,7.88139],[-60.28873,7.87892],[-60.28794,7.88463],[-60.28364,7.88188],[-60.28249,7.88571],[-60.27872,7.88627],[-60.27875,7.88934],[-60.27761,7.88686],[-60.27491,7.88972],[-60.27324,7.89442],[-60.26328,7.89859],[-60.26364,7.90364],[-60.26007,7.90267],[-60.25377,7.91584],[-60.24981,7.91495],[-60.24891,7.91099],[-60.24639,7.91142],[-60.24294,7.9252],[-60.24974,7.9278],[-60.25571,7.92386],[-60.2671,7.92433],[-60.26994,7.92767],[-60.28413,7.92278],[-60.28582,7.92321],[-60.28457,7.92553],[-60.29196,7.92481],[-60.2929,7.92772],[-60.29599,7.92731],[-60.29769,7.93042],[-60.30284,7.93233],[-60.30198,7.93964],[-60.31829,7.93917],[-60.32041,7.94328],[-60.32625,7.94268],[-60.32906,7.94474],[-60.33378,7.94315],[-60.33492,7.94961],[-60.33957,7.95127],[-60.34718,7.94665],[-60.35841,7.94897],[-60.36142,7.95125],[-60.35954,7.95638],[-60.36483,7.96197],[-60.37578,7.96489],[-60.37812,7.96232],[-60.38499,7.96151],[-60.38778,7.96802],[-60.39288,7.96935],[-60.40018,7.9664],[-60.40299,7.97241],[-60.41719,7.97296],[-60.42056,7.97975],[-60.42414,7.98173],[-60.42969,7.98041],[-60.42973,7.97486],[-60.43578,7.972],[-60.44459,7.97526],[-60.45406,7.9749],[-60.45395,7.97775],[-60.4586,7.97863],[-60.45893,7.98263],[-60.46884,7.98754],[-60.47031,7.99658],[-60.47743,7.99391],[-60.48969,8.00355],[-60.50192,7.99985],[-60.50492,8.00519],[-60.50499,8.01207],[-60.51096,8.01474],[-60.51541,8.00863],[-60.5271,8.01146],[-60.52788,8.00049],[-60.53179,7.99706],[-60.53189,7.99321],[-60.53631,7.99155],[-60.54055,7.99486],[-60.53946,7.99259],[-60.54239,7.99241],[-60.54137,7.98652],[-60.55301,7.98229],[-60.54882,7.97778],[-60.54866,7.96333],[-60.55283,7.96156],[-60.55251,7.95774],[-60.55637,7.95796],[-60.56098,7.93994],[-60.57097,7.93155],[-60.57184,7.92782],[-60.57823,7.92726],[-60.58264,7.92958],[-60.59317,7.92719],[-60.596,7.92433],[-60.6026,7.92841],[-60.60746,7.92285],[-60.61237,7.92319],[-60.6142,7.92023],[-60.62078,7.9227],[-60.62355,7.92133],[-60.62415,7.92613],[-60.62992,7.92871],[-60.63025,7.93304],[-60.62713,7.93514],[-60.63615,7.93856],[-60.63433,7.94223],[-60.63547,7.94752],[-60.64061,7.94624],[-60.64435,7.94974],[-60.65124,7.94822],[-60.65214,7.95064],[-60.65846,7.95129],[-60.66344,7.92923],[-60.66137,7.91566],[-60.66615,7.91033],[-60.67067,7.90919],[-60.67968,7.89559],[-60.68769,7.89614],[-60.6884,7.89077],[-60.69228,7.89209],[-60.69637,7.88811],[-60.70392,7.89122],[-60.71695,7.8839],[-60.72164,7.88739],[-60.7268,7.88752],[-60.72853,7.89434],[-60.73308,7.89273],[-60.7415,7.89761],[-60.74386,7.89659],[-60.74298,7.90206],[-60.75171,7.90741],[-60.75354,7.90591],[-60.75187,7.90498],[-60.75882,7.90071],[-60.75886,7.90389],[-60.76074,7.90098],[-60.76107,7.90284],[-60.77171,7.90267],[-60.77467,7.90519],[-60.77514,7.90232],[-60.78671,7.90018],[-60.78592,7.90267],[-60.78924,7.90191],[-60.79191,7.90452],[-60.792,7.90162],[-60.79352,7.90328],[-60.79911,7.89786],[-60.81057,7.89488],[-60.81002,7.89247],[-60.81879,7.89379],[-60.82182,7.88843],[-60.82661,7.89246],[-60.82909,7.88965],[-60.83179,7.89011],[-60.83236,7.88264],[-60.84064,7.88853],[-60.84723,7.88004],[-60.85205,7.88352],[-60.85405,7.88138],[-60.85687,7.88301],[-60.86173,7.87699],[-60.86428,7.8773],[-60.86547,7.8733],[-60.87058,7.87129],[-60.86852,7.86507],[-60.86703,7.86724],[-60.86602,7.86585],[-60.87095,7.85982],[-60.8792,7.85261],[-60.88609,7.85048],[-60.8854,7.84838],[-60.8891,7.84408],[-60.88536,7.84183],[-60.8891,7.83929],[-60.88368,7.83794],[-60.88334,7.83573],[-60.88476,7.83077],[-60.88983,7.82804],[-60.88781,7.82614],[-60.89249,7.82524],[-60.8927,7.82041],[-60.89573,7.82112],[-60.90109,7.81792],[-60.90614,7.8101],[-60.92232,7.81245],[-60.92543,7.80713],[-60.93093,7.80485],[-60.92942,7.80113],[-60.93248,7.80174],[-60.93315,7.79945],[-60.92952,7.7972],[-60.93316,7.79604],[-60.932,7.79159],[-60.93657,7.78724],[-60.93602,7.78383],[-60.93861,7.78424],[-60.93256,7.77796],[-60.93404,7.77177],[-60.93084,7.77009],[-60.93619,7.76719],[-60.94294,7.77106],[-60.94689,7.76967],[-60.94802,7.76626],[-60.95179,7.76811],[-60.95393,7.7652],[-60.96004,7.76799],[-60.97096,7.76808],[-60.97268,7.77061],[-60.97528,7.77019],[-60.97512,7.77276],[-60.97798,7.77117],[-60.98067,7.77414],[-60.98511,7.77313],[-60.98862,7.77661],[-60.98934,7.77488],[-60.99733,7.77615],[-60.99872,7.77955],[-61.003,7.77799],[-61.00334,7.78006],[-61.00716,7.78088],[-61.00803,7.7782],[-61.01073,7.7812],[-61.01221,7.77926],[-61.01401,7.78107],[-61.02206,7.7796],[-61.02595,7.78605],[-61.02521,7.78885],[-61.02973,7.79356],[-61.0394,7.79749],[-61.04185,7.79648],[-61.04718,7.80155],[-61.05561,7.79826],[-61.0574,7.80001],[-61.05833,7.79741],[-61.0605,7.80077],[-61.06214,7.79971],[-61.06267,7.803],[-61.06323,7.80148],[-61.07154,7.8041],[-61.07336,7.81151],[-61.07813,7.81061],[-61.07784,7.81306],[-61.0912,7.81784],[-61.09312,7.82236],[-61.098,7.82387],[-61.1019,7.83005],[-61.1042,7.84039],[-61.10822,7.84512],[-61.09751,7.85295],[-61.09466,7.85895],[-61.08828,7.8616],[-61.21204,7.98002],[-61.24768,8.01117],[-61.25746,8.02923],[-61.26148,8.02823],[-61.26306,8.02453],[-61.26731,8.02523],[-61.27278,8.02191],[-61.27116,8.01767],[-61.27519,8.01193],[-61.27836,8.01093],[-61.28171,8.01332],[-61.28374,8.00963],[-61.29006,8.01053],[-61.30598,7.998],[-61.30898,8.00024],[-61.31289,7.99733],[-61.31808,7.99783],[-61.32019,7.99542],[-61.32693,7.99449],[-61.32808,7.9916],[-61.33367,7.99221],[-61.33633,7.98873],[-61.33867,7.99188],[-61.39685,7.94982],[-61.40008,7.95002],[-61.40203,7.94538],[-61.40923,7.94297],[-61.41845,7.93494],[-61.41673,7.93999],[-61.42216,7.93817],[-61.47072,7.90989],[-61.47756,7.9098],[-61.4852,7.90627],[-61.49262,7.90703],[-61.49735,7.89554],[-61.50797,7.89405],[-61.51576,7.89008],[-61.54183,7.87061],[-61.54341,7.86595],[-61.53777,7.84434],[-61.5427,7.80047],[-61.55483,7.79731],[-61.5597,7.78645],[-61.56412,7.7825],[-61.56944,7.78218],[-61.57243,7.76859],[-61.57056,7.76094],[-61.57421,7.75483],[-61.57534,7.73858],[-61.58631,7.74191],[-61.59603,7.73419],[-61.59702,7.72962],[-61.60317,7.72862],[-61.60375,7.71858],[-61.60686,7.71388],[-61.60553,7.70404],[-61.60163,7.70038],[-61.60337,7.69664],[-61.60749,7.69558],[-61.60822,7.67839],[-61.61324,7.67416],[-61.60652,7.66304],[-61.60852,7.65649],[-61.60702,7.64087],[-61.60414,7.63492],[-61.60656,7.62825],[-61.60281,7.6237],[-61.60781,7.61257],[-61.60302,7.60479],[-61.60088,7.59084],[-61.60375,7.5816],[-61.59635,7.56164],[-61.61384,7.55293],[-61.61699,7.53671],[-61.61618,7.52492],[-61.62543,7.48401],[-61.6277,7.47745],[-61.63543,7.47146],[-61.63805,7.46467],[-61.63347,7.44218],[-61.62905,7.43998],[-61.62972,7.43404],[-61.66423,7.38674],[-61.68025,7.3771],[-61.68673,7.35642],[-61.693,7.34997],[-61.6929,7.3448],[-61.69663,7.34253],[-61.70161,7.32947],[-61.69674,7.32786],[-61.69194,7.32078],[-61.69634,7.3176],[-61.69768,7.3088],[-61.68922,7.2942],[-61.68676,7.2922],[-61.67964,7.29447],[-61.67515,7.28907],[-61.66542,7.2899],[-61.67391,7.27992],[-61.67475,7.27193],[-61.68076,7.26607],[-61.67737,7.26493],[-61.67251,7.25669],[-61.65897,7.25573],[-61.6487,7.24692],[-61.64413,7.25088],[-61.64425,7.23192],[-61.63891,7.23186],[-61.63536,7.23671],[-61.62625,7.23153],[-61.62943,7.22624],[-61.62554,7.21916],[-61.62688,7.21378],[-61.6219,7.21833],[-61.62013,7.21756],[-61.61953,7.2082],[-61.62224,7.20497],[-61.62206,7.20053],[-61.61634,7.1978],[-61.61528,7.18474],[-61.60806,7.17305],[-61.61305,7.16707],[-61.61157,7.15952],[-61.61889,7.1527],[-61.61138,7.14528],[-61.60992,7.13906],[-61.60594,7.13679],[-61.6067,7.13123],[-61.60327,7.12575],[-61.60925,7.11498],[-61.60839,7.09358],[-61.61546,7.0906],[-61.61104,7.08736],[-61.61016,7.08363],[-61.61192,7.05513],[-61.61063,7.02871],[-61.62601,7.02405],[-61.62798,7.02115],[-61.62575,7.01766],[-61.62875,7.01337],[-61.6376,7.00932],[-61.64717,6.98538],[-61.64576,6.97331],[-61.65114,6.97392],[-61.65357,6.97197],[-61.65289,6.96627],[-61.66028,6.95898],[-61.66647,6.94205],[-61.66408,6.93791],[-61.65388,6.93883],[-61.6533,6.93364],[-61.64777,6.92496],[-61.64958,6.90242],[-61.65849,6.89408],[-61.65911,6.89045],[-61.6506,6.8911],[-61.64552,6.88689],[-61.64091,6.88891],[-61.6348,6.88103],[-61.63477,6.87142],[-61.63041,6.86527],[-61.63306,6.86146],[-61.62889,6.85929],[-61.63032,6.85398],[-61.62534,6.84966],[-61.62582,6.8381],[-61.61826,6.8266],[-61.62589,6.82405],[-61.6323,6.81392],[-61.628,6.80422],[-61.63443,6.80372],[-61.63808,6.80054],[-61.64364,6.80096],[-61.64203,6.78632],[-61.65058,6.7784],[-61.65882,6.77914],[-61.67698,6.77077],[-61.6768,6.75219],[-61.68472,6.74532],[-61.69021,6.75098],[-61.69826,6.74099],[-61.70091,6.74508],[-61.71072,6.75013],[-61.71437,6.75602],[-61.71648,6.76509],[-61.72083,6.77042],[-61.72289,6.78251],[-61.72096,6.78863],[-61.72518,6.79703],[-61.74019,6.80562],[-61.74177,6.8099],[-61.7478,6.81101],[-61.7606,6.80724],[-61.76908,6.81041],[-61.77537,6.81598],[-61.78181,6.83402],[-61.7918,6.84238],[-61.79104,6.84692],[-61.78435,6.85271],[-61.78238,6.85754],[-61.78711,6.87255],[-61.79702,6.87504],[-61.80115,6.86799],[-61.79805,6.8613],[-61.80199,6.85895],[-61.81851,6.86491],[-61.83522,6.86181],[-61.83775,6.86008],[-61.82897,6.84452],[-61.83178,6.83188],[-61.83877,6.82658],[-61.84595,6.82547],[-61.85122,6.81718],[-61.85083,6.81244],[-61.84571,6.80721],[-61.8481,6.80116],[-61.85114,6.80028],[-61.85689,6.80378],[-61.86148,6.80274],[-61.86967,6.79072],[-61.87295,6.77835],[-61.88042,6.77512],[-61.88269,6.76772],[-61.88083,6.74725],[-61.88228,6.74414],[-61.89283,6.74019],[-61.90217,6.73229],[-61.90722,6.73196],[-61.91039,6.72797],[-61.91671,6.7285],[-61.91828,6.72472],[-61.91699,6.712],[-61.92894,6.70439],[-61.93441,6.70672],[-61.94046,6.697],[-61.96672,6.69534],[-61.9663,6.68494],[-61.96235,6.68017],[-61.96426,6.67732],[-61.97757,6.67283],[-61.99044,6.67771],[-61.99775,6.67424],[-62.00605,6.6761],[-62.01146,6.67002],[-62.01718,6.66954],[-62.02122,6.6573],[-62.0276,6.65607],[-62.03032,6.65131],[-62.03691,6.65579],[-62.03814,6.64605],[-62.04742,6.64645],[-62.0471,6.62864],[-62.04963,6.62314],[-62.05884,6.62331],[-62.05772,6.61708],[-62.06746,6.62096],[-62.0825,6.61772],[-62.0856,6.62004],[-62.08887,6.61759],[-62.09487,6.61885],[-62.09777,6.61526],[-62.10428,6.61785],[-62.11151,6.61661],[-62.11363,6.60842],[-62.11986,6.60871],[-62.11371,6.59887],[-62.12152,6.60403],[-62.12608,6.61086],[-62.12889,6.60401],[-62.13252,6.604],[-62.13415,6.59568],[-62.13716,6.59382],[-62.14539,6.60135],[-62.15794,6.60627],[-62.15938,6.59457],[-62.16446,6.58587],[-62.15884,6.57969],[-62.15897,6.57642],[-62.17088,6.56765],[-62.18285,6.56353],[-62.18425,6.56072],[-62.18616,6.56914],[-62.19189,6.56707],[-62.19373,6.57027],[-62.19667,6.56234],[-62.20122,6.56232],[-62.19817,6.55648],[-62.20017,6.55385],[-62.20809,6.55503],[-62.2095,6.55865],[-62.21347,6.55763],[-62.21748,6.56258],[-62.21326,6.5498],[-62.2174,6.55128],[-62.21849,6.54835],[-62.22255,6.54797],[-62.23669,6.56149],[-62.23957,6.56142],[-62.24538,6.5517],[-62.24458,6.54297],[-62.24988,6.54148],[-62.24867,6.53919],[-62.24464,6.53981],[-62.24944,6.53281],[-62.24585,6.5294],[-62.2462,6.52397],[-62.25208,6.52824],[-62.25523,6.52678],[-62.257,6.51872],[-62.26294,6.51416],[-62.26725,6.51691],[-62.271,6.51183],[-62.267,6.50515],[-62.27519,6.50516],[-62.27977,6.50275],[-62.27673,6.4914],[-62.28347,6.49364],[-62.28795,6.48977],[-62.28205,6.48008],[-62.2826,6.46594],[-62.29022,6.46536],[-62.29105,6.46796],[-62.29721,6.4655],[-62.29521,6.45376],[-62.30155,6.45384],[-62.29871,6.44588],[-62.30569,6.44706],[-62.30857,6.45692],[-62.3137,6.45409],[-62.31466,6.45097],[-62.31868,6.45244],[-62.31647,6.45954],[-62.32045,6.47294],[-62.31793,6.47662],[-62.32573,6.4797],[-62.32698,6.48764],[-62.33569,6.48681],[-62.33593,6.4888],[-62.33804,6.48784],[-62.33828,6.48298],[-62.35559,6.48456],[-62.35893,6.48162],[-62.35941,6.47821],[-62.36792,6.46966],[-62.36856,6.46122],[-62.37382,6.45761],[-62.37159,6.45323],[-62.37946,6.43778],[-62.37843,6.43575],[-62.38483,6.43699],[-62.38701,6.44077],[-62.39606,6.4456],[-62.4019,6.44422],[-62.4039,6.44574],[-62.4012,6.44801],[-62.40308,6.45001],[-62.41006,6.4513],[-62.40969,6.45423],[-62.41451,6.45417],[-62.41726,6.45808]]]}},{"type":"Feature","id":"relation/11039541","properties":{"name":"Municipio Angostura","level":6,"population":"40927"},"geometry":{"type":"Polygon","coordinates":[[[-62.44928,5.19543],[-62.45951,5.20102],[-62.4755,5.22595],[-62.49268,5.24075],[-62.51019,5.24415],[-62.52165,5.26005],[-62.54251,5.27843],[-62.53938,5.29678],[-62.54098,5.3008],[-62.5568,5.30609],[-62.56514,5.31605],[-62.59499,5.33055],[-62.62239,5.33536],[-62.6728,5.35463],[-62.68966,5.35797],[-62.70756,5.35811],[-62.71854,5.34047],[-62.72226,5.33958],[-62.75903,5.35581],[-62.79783,5.37935],[-62.8144,5.3845],[-62.82864,5.40048],[-62.85229,5.41639],[-62.85356,5.43235],[-62.86353,5.45245],[-62.88145,5.46881],[-62.88806,5.47949],[-62.89081,5.5035],[-62.88666,5.52097],[-62.89319,5.54605],[-62.89866,5.55773],[-62.8957,5.57951],[-62.89965,5.59171],[-62.89612,5.60218],[-62.88737,5.61135],[-62.88782,5.61596],[-62.89364,5.62376],[-62.8954,5.6389],[-62.89353,5.64458],[-62.88613,5.65022],[-62.88471,5.65716],[-62.88699,5.66356],[-62.89544,5.66768],[-62.89956,5.68139],[-62.89908,5.70358],[-62.9025,5.71358],[-62.90282,5.73325],[-62.89604,5.74053],[-62.89415,5.74826],[-62.89581,5.75347],[-62.90368,5.76028],[-62.9072,5.76701],[-62.91429,5.78987],[-62.91431,5.80371],[-62.90791,5.83415],[-62.90385,5.8391],[-62.89428,5.84322],[-62.89325,5.85942],[-62.87424,5.89968],[-62.86956,5.91609],[-62.86025,5.93605],[-62.85196,5.94634],[-62.85183,5.95405],[-62.85742,5.9611],[-62.84158,5.99094],[-62.84323,5.99529],[-62.852,6.00297],[-62.85344,6.00804],[-62.85779,6.01074],[-62.85995,6.02184],[-62.86295,6.02414],[-62.86237,6.05899],[-62.8698,6.10804],[-62.86848,6.11236],[-62.88116,6.14403],[-62.877,6.14908],[-62.87659,6.15823],[-62.88922,6.17854],[-62.89951,6.21669],[-62.90493,6.2227],[-62.91651,6.24488],[-62.92357,6.26484],[-62.92459,6.2761],[-62.9476,6.30257],[-62.95061,6.31436],[-62.96069,6.32163],[-62.97179,6.34393],[-62.97168,6.35047],[-62.96803,6.36783],[-62.95645,6.36695],[-62.95342,6.36885],[-62.95531,6.39371],[-62.94608,6.41557],[-62.94325,6.4393],[-62.93514,6.45817],[-62.9311,6.4635],[-62.90329,6.48293],[-62.90246,6.48781],[-62.90703,6.49307],[-62.90514,6.5],[-62.87579,6.5223],[-62.87126,6.55321],[-62.86467,6.56057],[-62.85948,6.5627],[-62.85681,6.57586],[-62.84143,6.59734],[-62.839,6.6092],[-62.83115,6.61693],[-62.83268,6.62233],[-62.82627,6.62944],[-62.82437,6.64994],[-62.81725,6.66488],[-62.8027,6.67503],[-62.80249,6.67813],[-62.81378,6.68562],[-62.8245,6.6879],[-62.82771,6.69529],[-62.83935,6.70011],[-62.84029,6.70533],[-62.84724,6.71054],[-62.84871,6.72122],[-62.85658,6.73904],[-62.85594,6.74477],[-62.84845,6.75777],[-62.84864,6.76253],[-62.85604,6.76917],[-62.85326,6.77582],[-62.85908,6.7836],[-62.85228,6.79803],[-62.8455,6.80432],[-62.84325,6.81971],[-62.85564,6.8429],[-62.86948,6.84656],[-62.87999,6.85681],[-62.88244,6.8628],[-62.88495,6.86171],[-62.90012,6.86853],[-62.90797,6.89043],[-62.90475,6.89748],[-62.90977,6.90342],[-62.91201,6.91122],[-62.92173,6.91394],[-62.9354,6.92246],[-62.93306,6.9303],[-62.93604,6.96447],[-62.92449,7.06391],[-62.83583,7.24866],[-62.78263,7.32895],[-62.82446,7.49422],[-63.00007,7.75377],[-62.99758,7.76308],[-63.00093,7.76791],[-62.99799,7.77609],[-62.99879,7.79252],[-62.98878,7.83319],[-62.99191,7.85059],[-63.0281,7.8747],[-63.01985,7.90763],[-63.02541,7.91665],[-63.0256,7.92117],[-63.01833,7.93067],[-63.01468,7.94417],[-63.01528,7.95562],[-63.01829,7.95932],[-63.01749,7.96459],[-63.02286,7.9725],[-63.02413,7.97896],[-63.06304,7.98535],[-63.07325,7.99123],[-63.10458,7.98584],[-63.11545,7.98899],[-63.12203,7.98743],[-63.13036,7.98893],[-63.13505,7.98501],[-63.14388,7.98634],[-63.15452,7.98326],[-63.15564,7.98487],[-63.1594,7.98115],[-63.1675,7.97881],[-63.18651,7.98166],[-63.18859,7.98518],[-63.19245,7.98499],[-63.19057,7.97255],[-63.18437,7.96414],[-63.1887,7.96351],[-63.19484,7.95826],[-63.20057,7.95923],[-63.20638,7.95628],[-63.21812,7.95535],[-63.21851,7.94787],[-63.22392,7.94045],[-63.22919,7.93866],[-63.23123,7.93354],[-63.24258,7.93203],[-63.24726,7.93367],[-63.25473,7.92827],[-63.26353,7.92746],[-63.26741,7.92181],[-63.26698,7.9162],[-63.27376,7.91369],[-63.27241,7.90814],[-63.27516,7.90391],[-63.28174,7.9017],[-63.28857,7.90508],[-63.29044,7.89311],[-63.29417,7.89197],[-63.29666,7.88774],[-63.31215,7.88379],[-63.3158,7.87733],[-63.33185,7.87626],[-63.33588,7.86946],[-63.34176,7.86742],[-63.34378,7.86228],[-63.35013,7.86015],[-63.35534,7.8529],[-63.36751,7.84935],[-63.3683,7.84525],[-63.36596,7.84121],[-63.36772,7.83664],[-63.36481,7.8241],[-63.36752,7.81517],[-63.37167,7.81315],[-63.37039,7.80894],[-63.37219,7.80339],[-63.36481,7.78588],[-63.36697,7.78033],[-63.38624,7.78298],[-63.38489,7.77588],[-63.38886,7.77431],[-63.4009,7.78103],[-63.40524,7.78056],[-63.3998,7.77363],[-63.39843,7.76498],[-63.39485,7.76015],[-63.40036,7.75041],[-63.40695,7.75035],[-63.4075,7.74071],[-63.40113,7.74376],[-63.39712,7.73968],[-63.39167,7.74055],[-63.39161,7.72958],[-63.39384,7.72675],[-63.39118,7.71533],[-63.38459,7.71106],[-63.37841,7.70161],[-63.3795,7.69436],[-63.38674,7.69307],[-63.39068,7.68711],[-63.38526,7.68311],[-63.38693,7.67374],[-63.38075,7.66682],[-63.38268,7.66344],[-63.38079,7.65902],[-63.38446,7.65496],[-63.38397,7.64866],[-63.37706,7.64515],[-63.36948,7.63456],[-63.37276,7.62873],[-63.36948,7.61132],[-63.37268,7.60796],[-63.37519,7.60747],[-63.39178,7.61729],[-63.39989,7.612],[-63.42417,7.61504],[-63.4298,7.60956],[-63.43555,7.60897],[-63.44171,7.61604],[-63.44285,7.60887],[-63.44881,7.60402],[-63.44695,7.59762],[-63.44059,7.59065],[-63.43808,7.57958],[-63.44347,7.57646],[-63.44826,7.58103],[-63.46113,7.58571],[-63.46946,7.57729],[-63.47749,7.58308],[-63.4833,7.5823],[-63.48599,7.58417],[-63.48986,7.59164],[-63.48836,7.59537],[-63.50872,7.61502],[-63.50892,7.6255],[-63.51385,7.62284],[-63.51298,7.61873],[-63.51507,7.61685],[-63.51236,7.61031],[-63.51957,7.60929],[-63.52031,7.60328],[-63.52762,7.60255],[-63.53074,7.60762],[-63.5376,7.60698],[-63.52933,7.59525],[-63.53373,7.59158],[-63.53333,7.58725],[-63.54376,7.59503],[-63.55634,7.59524],[-63.55857,7.58679],[-63.55747,7.57946],[-63.56142,7.57529],[-63.56361,7.5779],[-63.57135,7.57436],[-63.57564,7.57502],[-63.58726,7.57897],[-63.59282,7.58635],[-63.60711,7.58837],[-63.61646,7.59947],[-63.61983,7.59932],[-63.62232,7.60694],[-63.62522,7.60581],[-63.62631,7.60215],[-63.63011,7.60313],[-63.6291,7.59741],[-63.63264,7.5922],[-63.63786,7.59403],[-63.64013,7.58026],[-63.64449,7.58066],[-63.65017,7.57499],[-63.65878,7.58577],[-63.67084,7.58539],[-63.67305,7.59411],[-63.68141,7.59045],[-63.68298,7.59849],[-63.70161,7.59828],[-63.70886,7.60526],[-63.70972,7.59707],[-63.71358,7.59264],[-63.71621,7.59588],[-63.71554,7.59937],[-63.7205,7.60155],[-63.72253,7.60804],[-63.73227,7.61368],[-63.73905,7.61074],[-63.74978,7.62716],[-63.76267,7.61198],[-63.77885,7.6027],[-63.78441,7.60734],[-63.78699,7.61378],[-63.78366,7.62321],[-63.78085,7.62497],[-63.7845,7.63014],[-63.78141,7.63195],[-63.78222,7.63569],[-63.79211,7.63231],[-63.7943,7.63724],[-63.7999,7.6399],[-63.80548,7.63739],[-63.80724,7.6398],[-63.8113,7.63622],[-63.81475,7.64377],[-63.8216,7.64637],[-63.82278,7.64973],[-63.82756,7.65207],[-63.83657,7.65092],[-63.84344,7.64696],[-63.84878,7.64798],[-63.852,7.64107],[-63.85923,7.63952],[-63.86076,7.63712],[-63.85499,7.6285],[-63.85636,7.62172],[-63.86642,7.61897],[-63.86496,7.61472],[-63.86737,7.60749],[-63.86338,7.5986],[-63.86859,7.59373],[-63.86172,7.58454],[-63.86243,7.56323],[-63.85451,7.55265],[-63.85621,7.54787],[-63.85415,7.53564],[-63.85919,7.50643],[-63.85426,7.49149],[-63.85877,7.48568],[-63.85669,7.48431],[-63.85466,7.47299],[-63.84919,7.47345],[-63.84445,7.46192],[-63.83004,7.45552],[-63.83385,7.44492],[-63.84425,7.44689],[-63.85072,7.44407],[-63.85463,7.44765],[-63.86981,7.44561],[-63.87488,7.44797],[-63.87791,7.44471],[-63.88512,7.44432],[-63.88775,7.4465],[-63.89352,7.4441],[-63.9153,7.45146],[-63.91786,7.44859],[-63.92955,7.449],[-63.9362,7.44241],[-63.94703,7.44896],[-63.95077,7.44541],[-63.98162,7.44581],[-63.98418,7.45312],[-63.99251,7.4546],[-64.00148,7.45277],[-64.00741,7.45717],[-64.0114,7.47077],[-64.01569,7.47182],[-64.01688,7.47595],[-64.02729,7.4845],[-64.03084,7.48557],[-64.03583,7.48079],[-64.03209,7.46507],[-64.02933,7.46245],[-64.03225,7.45653],[-64.01581,7.44315],[-64.01342,7.4377],[-64.01097,7.42218],[-64.01939,7.4192],[-64.02031,7.4149],[-64.01132,7.38728],[-64.00545,7.34937],[-63.99737,7.33817],[-63.99128,7.3391],[-63.98306,7.32822],[-63.98547,7.30223],[-63.97436,7.27843],[-63.96988,7.27168],[-63.9425,7.2739],[-63.9307,7.25812],[-63.92944,7.25315],[-63.92189,7.2476],[-63.91956,7.23856],[-63.91546,7.23701],[-63.91197,7.23107],[-63.90345,7.22511],[-63.89263,7.2251],[-63.88328,7.20537],[-63.88306,7.19797],[-63.87543,7.192],[-63.86108,7.16209],[-63.86177,7.11878],[-63.8581,7.10748],[-63.8632,7.10289],[-63.86222,7.09356],[-63.8693,7.09151],[-63.8675,7.08397],[-63.87035,7.07747],[-63.86488,7.07177],[-63.86203,7.06116],[-63.85552,7.05708],[-63.85476,7.05402],[-63.8568,7.04097],[-63.86536,7.0206],[-63.8652,7.01499],[-63.86888,7.01087],[-63.86681,7.00826],[-63.86085,7.00723],[-63.85745,7.00268],[-63.84832,7.00155],[-63.85029,6.99822],[-63.85055,6.98505],[-63.84829,6.97636],[-63.84961,6.97154],[-63.84631,6.96715],[-63.85397,6.96101],[-63.85724,6.95302],[-63.86992,6.94841],[-63.8677,6.94284],[-63.87632,6.92982],[-63.88226,6.92342],[-63.89336,6.91804],[-63.89273,6.91058],[-63.89814,6.90553],[-63.90283,6.90604],[-63.91161,6.89521],[-63.89736,6.87937],[-63.89911,6.87269],[-63.8964,6.869],[-63.89732,6.85832],[-63.8925,6.84773],[-63.89772,6.84048],[-63.88828,6.82594],[-63.89285,6.82208],[-63.89234,6.81569],[-63.89646,6.81338],[-63.89717,6.80562],[-63.90018,6.80383],[-63.89235,6.78321],[-63.89709,6.7722],[-63.89666,6.7656],[-63.9004,6.76447],[-63.90108,6.76194],[-63.89288,6.76362],[-63.89,6.76108],[-63.88826,6.76849],[-63.88065,6.77245],[-63.88954,6.75315],[-63.89645,6.74698],[-63.88048,6.73959],[-63.87968,6.73529],[-63.88211,6.73137],[-63.87702,6.72817],[-63.8715,6.73652],[-63.86855,6.73568],[-63.86257,6.72189],[-63.87205,6.72087],[-63.87255,6.70769],[-63.86786,6.70655],[-63.85821,6.70967],[-63.85488,6.70359],[-63.86678,6.695],[-63.87646,6.67556],[-63.89113,6.6748],[-63.89167,6.66204],[-63.8959,6.66295],[-63.89861,6.65656],[-63.90123,6.65585],[-63.90199,6.64733],[-63.90503,6.64971],[-63.9099,6.64498],[-63.93049,6.64592],[-63.93178,6.64163],[-63.93861,6.64187],[-63.93839,6.63643],[-63.94758,6.63198],[-63.94944,6.63319],[-63.95249,6.62939],[-63.9547,6.63061],[-63.95895,6.62626],[-63.96378,6.62646],[-63.96938,6.63019],[-63.97217,6.63901],[-63.97811,6.64193],[-63.98169,6.63581],[-63.98508,6.63967],[-63.99053,6.63372],[-63.99446,6.63432],[-63.99834,6.63991],[-63.99927,6.63603],[-64.00364,6.63822],[-64.005,6.6353],[-64.01459,6.63598],[-64.01759,6.62737],[-64.02774,6.62036],[-64.028,6.61716],[-64.03617,6.61388],[-64.03901,6.60574],[-64.04549,6.60776],[-64.04639,6.6015],[-64.05272,6.6015],[-64.05594,6.59404],[-64.05195,6.58952],[-64.05991,6.58562],[-64.05576,6.57242],[-64.06443,6.57076],[-64.06673,6.56758],[-64.06544,6.56221],[-64.07454,6.55727],[-64.08705,6.55675],[-64.09402,6.54705],[-64.09956,6.5458],[-64.10057,6.53859],[-64.10778,6.53689],[-64.1125,6.53077],[-64.14209,6.52279],[-64.14241,6.51992],[-64.14923,6.51627],[-64.15151,6.51096],[-64.15235,6.51269],[-64.16159,6.50985],[-64.16129,6.50759],[-64.16591,6.50412],[-64.16445,6.50137],[-64.16874,6.49796],[-64.16722,6.49406],[-64.17026,6.49141],[-64.16921,6.48879],[-64.17445,6.48472],[-64.17155,6.47473],[-64.16674,6.46945],[-64.16763,6.46598],[-64.16524,6.4635],[-64.16749,6.45766],[-64.16322,6.44534],[-64.16938,6.4415],[-64.16902,6.43564],[-64.17138,6.4365],[-64.17302,6.42862],[-64.17811,6.42349],[-64.17641,6.41889],[-64.17842,6.41324],[-64.1749,6.41004],[-64.17617,6.40763],[-64.1738,6.40495],[-64.17357,6.39683],[-64.17994,6.39103],[-64.17987,6.38199],[-64.1792,6.3779],[-64.17577,6.37689],[-64.17705,6.3721],[-64.17391,6.36574],[-64.17607,6.36256],[-64.17425,6.35613],[-64.17701,6.35155],[-64.20329,6.34145],[-64.15582,6.18651],[-64.14981,6.17431],[-64.14947,6.02047],[-64.10969,5.82104],[-64.04197,5.82068],[-64.03922,5.82258],[-64.03712,5.81978],[-64.03263,5.81969],[-64.02914,5.82524],[-64.03364,5.83329],[-64.02871,5.84143],[-64.01547,5.85171],[-64.01133,5.85257],[-64.00369,5.8486],[-63.99673,5.85679],[-63.99678,5.86177],[-63.98742,5.86818],[-63.97489,5.86059],[-63.96822,5.86083],[-63.96446,5.86559],[-63.95723,5.86749],[-63.94313,5.86369],[-63.94182,5.85733],[-63.93697,5.85287],[-63.94017,5.84482],[-63.93474,5.84271],[-63.93148,5.8442],[-63.93444,5.83769],[-63.92805,5.83171],[-63.92618,5.82636],[-63.91665,5.8198],[-63.92022,5.8118],[-63.92431,5.80849],[-63.94047,5.80138],[-63.95236,5.7998],[-63.96609,5.78317],[-63.9703,5.76933],[-63.96777,5.73949],[-63.96236,5.72352],[-63.95783,5.72296],[-63.94998,5.71664],[-63.9512,5.70697],[-63.96054,5.6926],[-63.9744,5.68526],[-63.98159,5.67516],[-63.98268,5.65581],[-63.97515,5.65472],[-63.97122,5.64996],[-63.97751,5.62863],[-63.98524,5.62744],[-63.99978,5.63392],[-64.00641,5.6314],[-64.00579,5.62722],[-64.00152,5.62468],[-64.00203,5.61825],[-64.0222,5.62064],[-64.02347,5.61063],[-63.99731,5.59427],[-64.00549,5.58379],[-64.00358,5.58069],[-63.9932,5.57603],[-64.00623,5.57274],[-64.01801,5.57508],[-64.02281,5.57315],[-64.02281,5.56862],[-64.01824,5.5648],[-64.02523,5.56191],[-64.02519,5.55679],[-64.0286,5.55465],[-64.02817,5.55209],[-64.0203,5.54698],[-64.008,5.55117],[-63.99092,5.54655],[-63.98369,5.55318],[-63.97738,5.55162],[-63.97886,5.54737],[-63.98232,5.54711],[-63.98066,5.53981],[-63.99032,5.5211],[-63.98963,5.51681],[-63.99684,5.51253],[-63.99708,5.50811],[-64.00154,5.50476],[-63.99952,5.50273],[-63.99532,5.50467],[-63.98802,5.5025],[-63.98013,5.50412],[-63.97936,5.50152],[-63.96777,5.49711],[-63.95285,5.50442],[-63.95009,5.50796],[-63.94366,5.50844],[-63.94326,5.50446],[-63.93768,5.49803],[-63.91852,5.48575],[-63.90151,5.49062],[-63.89717,5.49692],[-63.89067,5.49775],[-63.88588,5.48842],[-63.86917,5.48543],[-63.86226,5.47862],[-63.85205,5.48094],[-63.8437,5.47473],[-63.834,5.47405],[-63.82902,5.47009],[-63.82593,5.46584],[-63.82977,5.46386],[-63.83042,5.45572],[-63.82055,5.4514],[-63.82578,5.43948],[-63.81651,5.43299],[-63.81937,5.42875],[-63.82387,5.42883],[-63.82728,5.42094],[-63.83996,5.42002],[-63.84296,5.41777],[-63.84024,5.4156],[-63.84018,5.4103],[-63.83436,5.40437],[-63.83642,5.38439],[-63.84383,5.38298],[-63.84228,5.37732],[-63.83833,5.3767],[-63.83505,5.37262],[-63.84093,5.36388],[-63.83911,5.35925],[-63.84033,5.35177],[-63.83748,5.34656],[-63.83486,5.34737],[-63.83445,5.35109],[-63.82844,5.35158],[-63.82726,5.34912],[-63.82398,5.34965],[-63.82284,5.34273],[-63.8108,5.34186],[-63.80795,5.33686],[-63.80297,5.33765],[-63.80353,5.33126],[-63.80156,5.32934],[-63.79634,5.32786],[-63.79145,5.33034],[-63.79153,5.33735],[-63.78694,5.33681],[-63.77763,5.33179],[-63.77385,5.32596],[-63.77761,5.3224],[-63.77499,5.31942],[-63.7757,5.31669],[-63.78475,5.31207],[-63.78048,5.30827],[-63.78887,5.29966],[-63.78851,5.29118],[-63.79323,5.28002],[-63.7885,5.27555],[-63.78913,5.27309],[-63.78304,5.27408],[-63.77469,5.26962],[-63.7768,5.26666],[-63.77597,5.26063],[-63.78203,5.25488],[-63.78233,5.25052],[-63.77971,5.24503],[-63.77557,5.24332],[-63.77903,5.23592],[-63.77669,5.22983],[-63.77175,5.22568],[-63.77115,5.2206],[-63.77572,5.21654],[-63.77611,5.21297],[-63.77368,5.21143],[-63.77804,5.20101],[-63.77779,5.19308],[-63.78495,5.19735],[-63.83306,5.20737],[-63.83844,5.20522],[-63.8442,5.19774],[-63.85163,5.19654],[-63.85553,5.19211],[-63.85577,5.18559],[-63.85844,5.18485],[-63.85947,5.18075],[-63.8646,5.17996],[-63.87661,5.16756],[-63.88018,5.16872],[-63.88831,5.16376],[-63.89586,5.1651],[-63.8994,5.14925],[-63.90346,5.15354],[-63.91678,5.14831],[-63.92273,5.13965],[-63.93389,5.13805],[-63.93839,5.13021],[-63.94354,5.13033],[-63.94882,5.12497],[-63.95298,5.12931],[-63.9515,5.13315],[-63.95318,5.1358],[-63.95908,5.13685],[-63.9644,5.13424],[-63.96815,5.11916],[-63.97427,5.11674],[-63.97822,5.11888],[-63.98071,5.11689],[-63.97873,5.10828],[-63.98253,5.10199],[-63.98137,5.098],[-63.98725,5.08981],[-63.98577,5.08477],[-63.97774,5.0812],[-63.98365,5.07229],[-63.98328,5.06359],[-63.97931,5.05452],[-63.98212,5.05036],[-63.97225,5.03832],[-63.97244,5.03514],[-63.97526,5.03469],[-63.97794,5.02941],[-63.98453,5.03192],[-63.98498,5.02701],[-63.97858,5.02],[-63.98137,5.01489],[-63.99678,5.02402],[-64.00577,5.02646],[-64.01203,5.02595],[-64.01636,5.01959],[-64.021,5.02368],[-64.01909,5.02686],[-64.0209,5.03021],[-64.02433,5.03071],[-64.02999,5.02885],[-64.03917,5.01938],[-64.04248,5.02184],[-64.04229,5.02907],[-64.04471,5.0308],[-64.06104,5.03048],[-64.06518,5.03456],[-64.06731,5.04157],[-64.07289,5.04082],[-64.07482,5.03858],[-64.07233,5.03379],[-64.07624,5.02597],[-64.07177,5.0215],[-64.07276,5.01462],[-64.07074,5.01235],[-64.07503,5.00162],[-64.073,4.98661],[-64.0772,4.983],[-64.09832,4.97667],[-64.10087,4.97466],[-64.10224,4.96577],[-64.11338,4.96036],[-64.11698,4.95295],[-64.12235,4.9541],[-64.12464,4.95115],[-64.12887,4.95374],[-64.13567,4.95136],[-64.13559,4.94965],[-64.13355,4.94442],[-64.12252,4.94743],[-64.11784,4.94619],[-64.11495,4.94181],[-64.11531,4.93323],[-64.11022,4.93212],[-64.10767,4.9246],[-64.09883,4.92483],[-64.09574,4.92261],[-64.09986,4.91331],[-64.09259,4.91134],[-64.09216,4.90895],[-64.09744,4.90194],[-64.09729,4.89822],[-64.09317,4.89991],[-64.09171,4.90405],[-64.07596,4.90735],[-64.07388,4.9144],[-64.06664,4.91682],[-64.06388,4.91382],[-64.06066,4.91453],[-64.05857,4.90829],[-64.04969,4.90904],[-64.04761,4.90262],[-64.04302,4.90033],[-64.04278,4.89501],[-64.05669,4.88385],[-64.04649,4.87968],[-64.03883,4.884],[-64.04074,4.87726],[-64.03744,4.86589],[-64.02686,4.86589],[-64.02347,4.8697],[-64.01856,4.86839],[-64.01739,4.87206],[-64.01158,4.87222],[-64.00944,4.86365],[-64.01236,4.86226],[-64.01278,4.85697],[-64.00319,4.85738],[-64.00328,4.85178],[-63.99935,4.84817],[-63.99448,4.84737],[-63.99345,4.85603],[-63.98985,4.85774],[-63.98425,4.85537],[-63.98013,4.85832],[-63.97815,4.85467],[-63.96847,4.85233],[-63.96575,4.85364],[-63.96152,4.85122],[-63.96178,4.84393],[-63.9583,4.83874],[-63.94994,4.84256],[-63.93404,4.83897],[-63.93373,4.82897],[-63.93105,4.82351],[-63.93991,4.81597],[-63.94103,4.79822],[-63.94122,4.78807],[-63.93713,4.77929],[-63.93448,4.77899],[-63.92616,4.80318],[-63.92163,4.80549],[-63.91606,4.8133],[-63.90784,4.81731],[-63.90717,4.84445],[-63.89827,4.86683],[-63.8888,4.87635],[-63.88475,4.86649],[-63.87928,4.86339],[-63.87567,4.85441],[-63.87361,4.84449],[-63.87492,4.83848],[-63.86857,4.82758],[-63.8678,4.81671],[-63.8599,4.81821],[-63.84971,4.81195],[-63.84518,4.81276],[-63.83763,4.80354],[-63.83464,4.79584],[-63.83353,4.78558],[-63.83565,4.77609],[-63.83379,4.77155],[-63.84069,4.76418],[-63.82932,4.75631],[-63.8255,4.7482],[-63.82044,4.7447],[-63.81035,4.742],[-63.80126,4.74465],[-63.7948,4.73805],[-63.78709,4.7401],[-63.7848,4.73589],[-63.77527,4.72985],[-63.77334,4.72551],[-63.78362,4.71726],[-63.78995,4.69389],[-63.78885,4.6833],[-63.78269,4.67658],[-63.77754,4.67633],[-63.77544,4.67286],[-63.77342,4.65697],[-63.7837,4.66292],[-63.78879,4.66037],[-63.78641,4.65832],[-63.78737,4.64957],[-63.79117,4.64741],[-63.78772,4.63717],[-63.79072,4.62868],[-63.78887,4.61033],[-63.79632,4.60785],[-63.79943,4.59976],[-63.80535,4.59332],[-63.80529,4.58171],[-63.80141,4.56932],[-63.80396,4.56374],[-63.79454,4.5616],[-63.79321,4.56496],[-63.78735,4.56573],[-63.7837,4.56066],[-63.78087,4.56301],[-63.77441,4.55416],[-63.77282,4.54614],[-63.77572,4.54147],[-63.76892,4.53168],[-63.7569,4.53146],[-63.74976,4.52413],[-63.74343,4.52413],[-63.74212,4.52028],[-63.73403,4.51713],[-63.73219,4.51106],[-63.73382,4.50615],[-63.72921,4.49832],[-63.73217,4.48933],[-63.72763,4.48068],[-63.72081,4.47593],[-63.72175,4.47075],[-63.71678,4.45505],[-63.71448,4.45358],[-63.71697,4.44917],[-63.71397,4.44564],[-63.71736,4.43426],[-63.71467,4.43161],[-63.7145,4.42594],[-63.69609,4.41203],[-63.69056,4.41201],[-63.68397,4.41592],[-63.67474,4.41385],[-63.67191,4.4064],[-63.66704,4.40435],[-63.66624,4.39549],[-63.67169,4.38764],[-63.66652,4.37587],[-63.66654,4.36565],[-63.65908,4.35955],[-63.6615,4.35583],[-63.65955,4.35289],[-63.64663,4.35078],[-63.645,4.34449],[-63.63822,4.3441],[-63.64049,4.33627],[-63.62927,4.33927],[-63.62056,4.34954],[-63.61492,4.34954],[-63.6088,4.34226],[-63.60758,4.34979],[-63.61075,4.36753],[-63.60528,4.38011],[-63.60539,4.38858],[-63.60118,4.39196],[-63.57734,4.38625],[-63.5746,4.38253],[-63.56428,4.38464],[-63.56486,4.39192],[-63.55546,4.39355],[-63.55342,4.38895],[-63.55546,4.37731],[-63.55275,4.36678],[-63.55396,4.36207],[-63.54878,4.35574],[-63.54542,4.34513],[-63.5381,4.34327],[-63.54063,4.34021],[-63.54063,4.33096],[-63.53713,4.32258],[-63.54102,4.31288],[-63.54908,4.30246],[-63.55509,4.30084],[-63.56411,4.29009],[-63.56488,4.28216],[-63.56104,4.28017],[-63.55846,4.27469],[-63.55391,4.27398],[-63.55192,4.26938],[-63.55273,4.26217],[-63.54683,4.25218],[-63.53055,4.25447],[-63.53031,4.2488],[-63.53297,4.24413],[-63.52952,4.24022],[-63.5319,4.23589],[-63.52593,4.23523],[-63.52471,4.22765],[-63.53102,4.21248],[-63.5234,4.19117],[-63.51587,4.17747],[-63.50003,4.16457],[-63.4948,4.15181],[-63.48345,4.13484],[-63.48332,4.13095],[-63.46542,4.10963],[-63.46401,4.10488],[-63.44287,4.08902],[-63.42824,4.09225],[-63.40498,4.0876],[-63.40216,4.08549],[-63.40197,4.08095],[-63.39448,4.07643],[-63.39229,4.06496],[-63.38491,4.05792],[-63.39382,4.04529],[-63.40079,4.04274],[-63.40274,4.03655],[-63.41323,4.03199],[-63.41663,4.02688],[-63.41206,4.01485],[-63.40386,4.0134],[-63.39494,4.00199],[-63.39573,3.98988],[-63.38911,3.98508],[-63.39165,3.97855],[-63.36578,3.96271],[-63.34721,3.95559],[-63.33059,3.9603],[-63.32525,3.96703],[-63.3177,3.96291],[-63.31363,3.97661],[-63.3099,3.98154],[-63.28588,3.97032],[-63.28343,3.96112],[-63.27589,3.95772],[-63.27479,3.95434],[-63.27188,3.95804],[-63.26733,3.95583],[-63.26046,3.95639],[-63.2539,3.96575],[-63.25074,3.96386],[-63.2506,3.95375],[-63.24851,3.95197],[-63.23956,3.95027],[-63.23756,3.95408],[-63.22946,3.94773],[-63.22017,3.94868],[-63.20879,3.94565],[-63.20808,3.94064],[-63.21158,3.93779],[-63.21471,3.9198],[-63.22456,3.89517],[-63.22409,3.89031],[-63.23409,3.88065],[-63.23385,3.8716],[-63.22941,3.86246],[-63.22052,3.85569],[-63.22799,3.85479],[-63.23316,3.85109],[-63.22821,3.84321],[-63.22885,3.83206],[-63.22475,3.82979],[-63.21945,3.83178],[-63.21492,3.81925],[-63.21113,3.81471],[-63.20527,3.81369],[-63.20484,3.81013],[-63.19896,3.81274],[-63.18265,3.80941],[-63.17736,3.81167],[-63.16825,3.80343],[-63.15828,3.80497],[-63.1462,3.7997],[-63.14326,3.80397],[-63.13667,3.8012],[-63.12036,3.80371],[-63.09343,3.78355],[-63.08881,3.77893],[-63.09146,3.77591],[-63.08959,3.77096],[-63.07747,3.76577],[-63.07786,3.75973],[-63.07393,3.75706],[-63.07499,3.75507],[-63.06974,3.74042],[-63.06206,3.73517],[-63.06418,3.7286],[-63.06189,3.72376],[-63.06412,3.72027],[-63.06242,3.71738],[-63.06925,3.71282],[-63.06639,3.70894],[-63.06363,3.70883],[-63.06451,3.70303],[-63.06865,3.69526],[-63.08043,3.69374],[-63.07704,3.68892],[-63.07248,3.68398],[-63.06677,3.68417],[-63.0564,3.67948],[-63.05502,3.67346],[-63.0424,3.66603],[-63.02899,3.66279],[-63.02732,3.65168],[-63.02452,3.648],[-63.01603,3.645],[-63.01642,3.63955],[-63.00721,3.63222],[-62.99419,3.61309],[-62.98601,3.61065],[-62.98269,3.61361],[-62.97677,3.61037],[-62.96938,3.61027],[-62.96464,3.6153],[-62.95947,3.61185],[-62.95368,3.61564],[-62.94691,3.61577],[-62.94368,3.62275],[-62.92962,3.63474],[-62.92145,3.65511],[-62.92177,3.67316],[-62.9193,3.67477],[-62.90561,3.67093],[-62.88982,3.67821],[-62.88544,3.6874],[-62.86973,3.70294],[-62.85081,3.71404],[-62.85006,3.71939],[-62.84285,3.72451],[-62.83982,3.73556],[-62.82274,3.73341],[-62.80849,3.72384],[-62.80624,3.72643],[-62.79968,3.72633],[-62.79905,3.72292],[-62.79171,3.71718],[-62.79135,3.71172],[-62.78549,3.70187],[-62.77566,3.69237],[-62.77092,3.69172],[-62.76642,3.68075],[-62.75563,3.67845],[-62.75313,3.67558],[-62.74449,3.67956],[-62.74487,3.68873],[-62.73706,3.6877],[-62.73522,3.69883],[-62.73123,3.70564],[-62.73407,3.71806],[-62.73386,3.73586],[-62.73893,3.75029],[-62.74,3.76146],[-62.74676,3.76121],[-62.7494,3.76435],[-62.74067,3.77399],[-62.73502,3.77605],[-62.73464,3.77977],[-62.74026,3.78326],[-62.74161,3.78825],[-62.73215,3.79476],[-62.72949,3.80426],[-62.74206,3.8096],[-62.7743,3.83606],[-62.7704,3.84039],[-62.75999,3.84397],[-62.75508,3.84841],[-62.7563,3.8575],[-62.77687,3.87501],[-62.77629,3.88041],[-62.78478,3.88646],[-62.7889,3.89331],[-62.7885,3.90642],[-62.78493,3.91222],[-62.78594,3.91411],[-62.78256,3.91687],[-62.78503,3.92647],[-62.78354,3.93413],[-62.77313,3.9352],[-62.7624,3.94142],[-62.7573,3.94877],[-62.75835,3.95117],[-62.75352,3.96071],[-62.74355,3.973],[-62.74415,3.97842],[-62.75084,3.97708],[-62.76332,3.98485],[-62.76247,3.98957],[-62.76627,3.99422],[-62.76555,4.00298],[-62.76886,4.00769],[-62.76086,4.01628],[-62.74932,4.02093],[-62.75282,4.02783],[-62.75198,4.03239],[-62.74084,4.03756],[-62.73864,4.0363],[-62.73385,4.04016],[-62.72965,4.03711],[-62.71452,4.03578],[-62.69954,4.03078],[-62.698,4.03278],[-62.69017,4.03268],[-62.6778,4.0397],[-62.67058,4.03601],[-62.66811,4.03767],[-62.65987,4.03453],[-62.65662,4.03752],[-62.65648,4.04271],[-62.64795,4.04707],[-62.62819,4.03977],[-62.61224,4.04155],[-62.60914,4.0448],[-62.60188,4.0363],[-62.5936,4.03543],[-62.58723,4.03184],[-62.58651,4.02729],[-62.58059,4.02566],[-62.57983,4.01769],[-62.57391,4.01425],[-62.55366,4.01823],[-62.55358,4.02035],[-62.56019,4.02476],[-62.56165,4.03338],[-62.55946,4.03554],[-62.561,4.03788],[-62.55664,4.03836],[-62.55495,4.0422],[-62.54567,4.04529],[-62.54053,4.04],[-62.53245,4.041],[-62.53263,4.04312],[-62.53699,4.04374],[-62.53248,4.04835],[-62.53549,4.05369],[-62.54006,4.05575],[-62.54336,4.06296],[-62.53955,4.07779],[-62.54172,4.07982],[-62.55006,4.07536],[-62.55667,4.07865],[-62.55704,4.08106],[-62.55194,4.08266],[-62.55096,4.09484],[-62.54404,4.09873],[-62.55265,4.10911],[-62.54694,4.11264],[-62.54124,4.10882],[-62.53968,4.11221],[-62.53296,4.11543],[-62.52676,4.11162],[-62.52103,4.12307],[-62.52665,4.12985],[-62.52976,4.1305],[-62.5314,4.13595],[-62.52762,4.13798],[-62.52019,4.13713],[-62.51095,4.12905],[-62.50733,4.13196],[-62.50881,4.13889],[-62.50309,4.14454],[-62.49342,4.14253],[-62.49048,4.13689],[-62.48309,4.13219],[-62.47581,4.13129],[-62.47386,4.13699],[-62.47057,4.136],[-62.46053,4.14294],[-62.4641,4.14762],[-62.46297,4.15244],[-62.45394,4.15707],[-62.46217,4.1631],[-62.47071,4.1637],[-62.46472,4.17698],[-62.45729,4.17784],[-62.45465,4.17398],[-62.44963,4.1749],[-62.44791,4.17986],[-62.44956,4.18271],[-62.45676,4.18143],[-62.46922,4.18534],[-62.47913,4.19397],[-62.4918,4.19515],[-62.49088,4.19992],[-62.48566,4.20555],[-62.48586,4.21372],[-62.49946,4.22301],[-62.50017,4.23553],[-62.50583,4.23621],[-62.52113,4.24779],[-62.5174,4.25853],[-62.51944,4.26418],[-62.52742,4.26846],[-62.52472,4.27272],[-62.52635,4.27993],[-62.52279,4.28301],[-62.52214,4.28845],[-62.52439,4.29519],[-62.51028,4.30458],[-62.50623,4.32074],[-62.5026,4.32045],[-62.49999,4.32626],[-62.50293,4.33435],[-62.49807,4.33472],[-62.49873,4.33822],[-62.50356,4.33961],[-62.50459,4.34496],[-62.50259,4.34962],[-62.51066,4.35303],[-62.51027,4.36156],[-62.52585,4.36728],[-62.51772,4.37707],[-62.5212,4.38195],[-62.51832,4.38995],[-62.52272,4.38869],[-62.52901,4.39318],[-62.55066,4.3962],[-62.5562,4.39785],[-62.5557,4.39998],[-62.54274,4.39958],[-62.53708,4.41105],[-62.52899,4.41344],[-62.53126,4.41995],[-62.52779,4.42414],[-62.51521,4.42288],[-62.50674,4.415],[-62.48588,4.41387],[-62.47835,4.42649],[-62.48268,4.43627],[-62.47983,4.44083],[-62.47208,4.44108],[-62.46165,4.44836],[-62.46936,4.4635],[-62.46204,4.47136],[-62.47176,4.47659],[-62.46906,4.48333],[-62.44565,4.48541],[-62.44356,4.48952],[-62.42713,4.49091],[-62.42054,4.4948],[-62.42663,4.50896],[-62.42494,4.51206],[-62.41255,4.5139],[-62.41123,4.51985],[-62.40475,4.51895],[-62.40271,4.52289],[-62.39762,4.52331],[-62.39318,4.51942],[-62.38365,4.51854],[-62.3788,4.51568],[-62.35708,4.51876],[-62.35235,4.52346],[-62.34944,4.53161],[-62.35615,4.53508],[-62.34915,4.53884],[-62.3519,4.54665],[-62.34906,4.54838],[-62.33396,4.54235],[-62.33088,4.54817],[-62.32802,4.54804],[-62.32623,4.55622],[-62.32952,4.57056],[-62.315,4.5681],[-62.30952,4.5645],[-62.30684,4.56618],[-62.3073,4.57175],[-62.30218,4.57579],[-62.30459,4.58088],[-62.30186,4.58129],[-62.30203,4.58377],[-62.30736,4.59035],[-62.30578,4.59371],[-62.30902,4.60091],[-62.3157,4.60382],[-62.31604,4.60834],[-62.3195,4.60761],[-62.32082,4.61049],[-62.3197,4.61444],[-62.3223,4.61633],[-62.31902,4.61941],[-62.31839,4.62568],[-62.32541,4.62875],[-62.33015,4.63982],[-62.31424,4.6484],[-62.31896,4.66313],[-62.32838,4.6806],[-62.33439,4.71529],[-62.3333,4.73745],[-62.32755,4.7439],[-62.32083,4.7466],[-62.32407,4.74885],[-62.33786,4.74813],[-62.34012,4.75432],[-62.33367,4.76275],[-62.33896,4.7835],[-62.3425,4.78852],[-62.35345,4.79426],[-62.3524,4.8055],[-62.35432,4.80924],[-62.37332,4.81637],[-62.37945,4.82126],[-62.38066,4.82734],[-62.3753,4.83114],[-62.37776,4.83675],[-62.38533,4.84013],[-62.39008,4.84675],[-62.40652,4.85583],[-62.41638,4.85364],[-62.41903,4.86179],[-62.43026,4.87113],[-62.43478,4.88121],[-62.44138,4.88756],[-62.44999,4.90187],[-62.46529,4.91059],[-62.47754,4.9288],[-62.48517,4.93472],[-62.48457,4.94055],[-62.48992,4.95633],[-62.48576,4.96995],[-62.49946,4.98558],[-62.50072,4.9921],[-62.49847,4.99934],[-62.50444,5.0071],[-62.50562,5.01415],[-62.49707,5.02209],[-62.48678,5.04079],[-62.49159,5.08323],[-62.50275,5.10532],[-62.49111,5.109],[-62.4868,5.11298],[-62.48461,5.12153],[-62.49018,5.1337],[-62.48826,5.14148],[-62.48066,5.14627],[-62.47234,5.16248],[-62.45121,5.18763],[-62.44928,5.19543]]]}}]}