{"type":"FeatureCollection","features":[{"type":"Feature","id":"way/29241414","properties":{"name":"Carretera Nacional Upata - Guasipati","highway":"trunk","ref":"T-10"},"geometry":{"type":"LineString","coordinates":[[-62.38708,8.00243],[-62.36667,7.99309]]}},{"type":"Feature","id":"way/29253670","properties":{"name":"Avenida Guayana","highway":"primary","ref":"R-42"},"geometry":{"type":"LineString","coordinates":[[-62.69207,8.33306],[-62.69233,8.33684]]}},{"type":"Feature","id":"way/29253671","properties":{"name":"Puente Caron\u00ed","highway":"primary","ref":"R-42"},"geometry":{"type":"LineString","coordinates":[[-62.69115,8.32037],[-62.69148,8.32499]]}},{"type":"Feature","id":"way/29253674","properties":{"name":"V\u00eda a El Pao","highway":"primary","ref":"R-1"},"geometry":{"type":"LineString","coordinates":[[-62.63442,8.28795],[-62.63518,8.29],[-62.63428,8.29373],[-62.63823,8.2998],[-62.63923,8.30394]]}},{"type":"Feature","id":"way/29253676","properties":{"name":"Avenida Antonio Cisneros","highway":"primary","ref":"R-1"},"geometry":{"type":"LineString","coordinates":[[-62.64414,8.33238],[-62.63059,8.3457]]}},{"type":"Feature","id":"way/29255021","properties":{"name":"Avenida Gumilla","highway":"primary","ref":"R-1"},"geometry":{"type":"LineString","coordinates":[[-62.64521,8.33244],[-62.6444,8.33127]]}},{"type":"Feature","id":"way/29255414","properties":{"name":"Avenida Angosturita","highway":"motorway","ref":"T-19"},"geometry":{"type":"LineString","coordinates":[[-62.72776,8.32892],[-62.73221,8.32601],[-62.74652,8.32527],[-62.76673,8.31707]]}},{"type":"Feature","id":"way/29255415","properties":{"name":"Puente Angosturita","highway":"motorway","ref":"T-19"},"geometry":{"type":"LineString","coordinates":[[-62.71115,8.34063],[-62.71425,8.33769]]}},{"type":"Feature","id":"way/29255616","properties":{"name":"Calle Polanco","highway":"tertiary","ref":"L-4;R-20"},"geometry":{"type":"LineString","coordinates":[[-62.4018,8.0146],[-62.40187,8.01721]]}},{"type":"Feature","id":"way/29255621","properties":{"name":"Carretera Vieja San F\u00e9lix - Upata","highway":"secondary","ref":"T-10"},"geometry":{"type":"LineString","coordinates":[[-62.41448,8.02964],[-62.41456,8.02974]]}},{"type":"Feature","id":"way/73298134","properties":{"name":"Avenida Guayana","highway":"primary","ref":"R-42"},"geometry":{"type":"LineString","coordinates":[[-62.77555,8.2789],[-62.74686,8.28919]]}},{"type":"Feature","id":"way/73298135","properties":{"name":"Redoma La Pi\u00f1a","highway":"primary","ref":"R-42"},"geometry":{"type":"LineString","coordinates":[[-62.77555,8.27933],[-62.77667,8.27896],[-62.77593,8.27855],[-62.77555,8.27933]]}},{"type":"Feature","id":"way/73298140","properties":{"name":"Avenida Guayana","highway":"primary","ref":"R-42"},"geometry":{"type":"LineString","coordinates":[[-62.77851,8.27835],[-62.7812,8.27807],[-62.79003,8.28108]]}},{"type":"Feature","id":"way/73298142","properties":{"name":"Avenida Guayana","highway":"primary","ref":"R-42"},"geometry":{"type":"LineString","coordinates":[[-62.79085,8.28106],[-62.79505,8.27832]]}},{"type":"Feature","id":"way/73298147","properties":{"name":"Autopista Guayana","highway":"motorway","ref":"T-19"},"geometry":{"type":"LineString","coordinates":[[-62.86505,8.20754],[-62.82429,8.24852]]}},{"type":"Feature","id":"way/73298150","properties":{"name":"Puente Caron\u00ed","highway":"primary","ref":"R-42"},"geometry":{"type":"LineString","coordinates":[[-62.69174,8.32497],[-62.69142,8.32035]]}},{"type":"Feature","id":"way/73298159","properties":{"name":"Avenida Guayana","highway":"primary","ref":"R-42"},"geometry":{"type":"LineString","coordinates":[[-62.69142,8.32035],[-62.69168,8.31449],[-62.69521,8.31117]]}},{"type":"Feature","id":"way/73298191","properties":{"name":"Avenida Guayana","highway":"primary","ref":"R-42"},"geometry":{"type":"LineString","coordinates":[[-62.74711,8.28993],[-62.75187,8.28788]]}},{"type":"Feature","id":"way/73301460","properties":{"name":"Distribuidor Ferrominera","highway":"motorway_link"},"geometry":{"type":"LineString","coordinates":[[-62.72781,8.32886],[-62.73135,8.32794],[-62.73189,8.32621]]}},{"type":"Feature","id":"way/73301484","properties":{"name":"Avenida Principal de Castillito","highway":"secondary"},"geometry":{"type":"LineString","coordinates":[[-62.6991,8.31097],[-62.71717,8.31934]]}},{"type":"Feature","id":"way/73305276","properties":{"name":"Avenida Monse\u00f1or Zabaleta","highway":"tertiary"},"geometry":{"type":"LineString","coordinates":[[-62.70867,8.30556],[-62.70861,8.30668]]}},{"type":"Feature","id":"way/73305467","properties":{"name":"Avenida Monse\u00f1or Zabaleta","highway":"tertiary"},"geometry":{"type":"LineString","coordinates":[[-62.71525,8.31448],[-62.70936,8.31102],[-62.70893,8.30441]]}},{"type":"Feature","id":"way/73305470","properties":{"name":"Avenida Ciudad Bol\u00edvar","highway":"tertiary"},"geometry":{"type":"LineString","coordinates":[[-62.72013,8.31326],[-62.72005,8.3134]]}},{"type":"Feature","id":"way/73305471","properties":{"name":"Avenida Ciudad Bol\u00edvar","highway":"tertiary"},"geometry":{"type":"LineString","coordinates":[[-62.71717,8.31934],[-62.71873,8.31624]]}},{"type":"Feature","id":"way/73306165","properties":{"name":"Elevado del Loyola","highway":"primary_link"},"geometry":{"type":"LineString","coordinates":[[-62.71291,8.30214],[-62.71343,8.30196]]}},{"type":"Feature","id":"way/73306166","properties":{"name":"Avenida Venezuela","highway":"tertiary"},"geometry":{"type":"LineString","coordinates":[[-62.72791,8.32402],[-62.72907,8.32115],[-62.72814,8.31694],[-62.71966,8.31441]]}},{"type":"Feature","id":"way/73306167","properties":{"name":"Avenida Venezuela","highway":"tertiary"},"geometry":{"type":"LineString","coordinates":[[-62.71961,8.3145],[-62.72239,8.31582],[-62.72539,8.31569]]}},{"type":"Feature","id":"way/73306172","properties":{"name":"Avenida V\u00eda Venezuela","highway":"tertiary"},"geometry":{"type":"LineString","coordinates":[[-62.70856,8.30838],[-62.71402,8.3086],[-62.71644,8.31166]]}},{"type":"Feature","id":"way/73413949","properties":{"name":"V\u00eda Colombia","highway":"secondary","ref":"R-33"},"geometry":{"type":"LineString","coordinates":[[-62.71951,8.30763],[-62.71322,8.30124],[-62.71388,8.29682],[-62.71587,8.29304]]}},{"type":"Feature","id":"way/73413958","properties":{"name":"Distribuidor Cachamay","highway":"secondary"},"geometry":{"type":"LineString","coordinates":[[-62.70058,8.31097],[-62.70046,8.30786]]}},{"type":"Feature","id":"way/73413965","properties":{"name":"Distribuidor Cachamay","highway":"secondary"},"geometry":{"type":"LineString","coordinates":[[-62.69978,8.30829],[-62.69969,8.31055]]}},{"type":"Feature","id":"way/73413971","properties":{"name":"Distribuidor Cachamay","highway":"primary","ref":"R-42"},"geometry":{"type":"LineString","coordinates":[[-62.69978,8.30829],[-62.70046,8.30786]]}},{"type":"Feature","id":"way/73415722","properties":{"name":"Avenida Las Am\u00e9ricas","highway":"secondary"},"geometry":{"type":"LineString","coordinates":[[-62.71515,8.31443],[-62.71369,8.31743]]}},{"type":"Feature","id":"way/73415729","properties":{"name":"Avenida Las Am\u00e9ricas","highway":"secondary"},"geometry":{"type":"LineString","coordinates":[[-62.71639,8.3121],[-62.71665,8.31159]]}},{"type":"Feature","id":"way/73415734","properties":{"name":"Avenida Las Am\u00e9ricas","highway":"secondary"},"geometry":{"type":"LineString","coordinates":[[-62.71378,8.31747],[-62.71639,8.3121]]}},{"type":"Feature","id":"way/73417744","properties":{"name":"Avenida Las Am\u00e9ricas","highway":"secondary"},"geometry":{"type":"LineString","coordinates":[[-62.72172,8.30493],[-62.71644,8.31166]]}},{"type":"Feature","id":"way/73417759","properties":{"name":"Avenida Estados Unidos","highway":"tertiary"},"geometry":{"type":"LineString","coordinates":[[-62.72199,8.30508],[-62.72458,8.3077]]}},{"type":"Feature","id":"way/73417761","properties":{"name":"Avenida Estados Unidos","highway":"tertiary"},"geometry":{"type":"LineString","coordinates":[[-62.72458,8.3077],[-62.72217,8.30488]]}},{"type":"Feature","id":"way/73417768","properties":{"name":"Avenida Las Am\u00e9ricas","highway":"secondary"},"geometry":{"type":"LineString","coordinates":[[-62.72217,8.3048],[-62.72497,8.30161]]}},{"type":"Feature","id":"way/73422919","properties":{"name":"Distribuidor del Intercontinental","highway":"primary_link"},"geometry":{"type":"LineString","coordinates":[[-62.69054,8.3148],[-62.69094,8.3162]]}},{"type":"Feature","id":"way/73422920","properties":{"name":"Distribuidor del Intercontinental","highway":"primary_link"},"geometry":{"type":"LineString","coordinates":[[-62.69054,8.3148],[-62.69271,8.31299]]}},{"type":"Feature","id":"way/73423889","properties":{"highway":"primary_link"},"geometry":{"type":"LineString","coordinates":[[-62.69168,8.31449],[-62.69252,8.31438]]}},{"type":"Feature","id":"way/73423895","properties":{"highway":"primary_link"},"geometry":{"type":"LineString","coordinates":[[-62.69259,8.3143],[-62.69226,8.31355]]}},{"type":"Feature","id":"way/73511494","properties":{"name":"Paseo Rotario","highway":"tertiary"},"geometry":{"type":"LineString","coordinates":[[-62.72013,8.31326],[-62.717,8.31175]]}},{"type":"Feature","id":"way/73512137","properties":{"name":"Avenida Estados Unidos","highway":"tertiary"},"geometry":{"type":"LineString","coordinates":[[-62.72458,8.3077],[-62.72503,8.31077]]}},{"type":"Feature","id":"way/106548400","properties":{"name":"Avenida Angosturita","highway":"motorway","ref":"T-19"},"geometry":{"type":"LineString","coordinates":[[-62.71104,8.34053],[-62.69724,8.34596]]}},{"type":"Feature","id":"way/106548406","properties":{"name":"Avenida Norte-Sur 4","highway":"secondary"},"geometry":{"type":"LineString","coordinates":[[-62.77609,8.27853],[-62.77061,8.26375]]}},{"type":"Feature","id":"way/106548409","properties":{"name":"Avenida Norte-Sur 4","highway":"secondary"},"geometry":{"type":"LineString","coordinates":[[-62.77051,8.26378],[-62.77365,8.27247]]}},{"type":"Feature","id":"way/106548412","properties":{"name":"Avenida Paseo Caron\u00ed","highway":"tertiary"},"geometry":{"type":"LineString","coordinates":[[-62.78906,8.26459],[-62.78595,8.26735]]}},{"type":"Feature","id":"way/106548416","properties":{"name":"Puente Angosturita","highway":"motorway","ref":"T-19"},"geometry":{"type":"LineString","coordinates":[[-62.71412,8.33762],[-62.71104,8.34053]]}},{"type":"Feature","id":"way/106548432","properties":{"name":"Distribuidor Matanzas","highway":"motorway_link"},"geometry":{"type":"LineString","coordinates":[[-62.79478,8.27822],[-62.78755,8.28389]]}},{"type":"Feature","id":"way/107908965","properties":{"highway":"tertiary"},"geometry":{"type":"LineString","coordinates":[[-63.56799,8.11228],[-63.56693,8.11231]]}},{"type":"Feature","id":"way/110221921","properties":{"highway":"tertiary"},"geometry":{"type":"LineString","coordinates":[[-63.58694,8.1055],[-63.5783,8.10591],[-63.5773,8.10937],[-63.5739,8.114]]}},{"type":"Feature","id":"way/110538461","properties":{"highway":"tertiary"},"geometry":{"type":"LineString","coordinates":[[-63.5673,8.11246],[-63.56752,8.11328]]}},{"type":"Feature","id":"way/110538462","properties":{"highway":"tertiary"},"geometry":{"type":"LineString","coordinates":[[-63.56786,8.11264],[-63.56782,8.1125]]}},{"type":"Feature","id":"way/110540172","properties":{"highway":"tertiary"},"geometry":{"type":"LineString","coordinates":[[-63.57225,8.11347],[-63.57264,8.1136]]}},{"type":"Feature","id":"way/110540173","properties":{"highway":"tertiary"},"geometry":{"type":"LineString","coordinates":[[-63.5739,8.114],[-63.57339,8.11369]]}},{"type":"Feature","id":"way/110540174","properties":{"highway":"tertiary"},"geometry":{"type":"LineString","coordinates":[[-63.57264,8.1136],[-63.57291,8.11363]]}},{"type":"Feature","id":"way/112885424","properties":{"highway":"tertiary"},"geometry":{"type":"LineString","coordinates":[[-63.56689,8.11242],[-63.56782,8.1125]]}},{"type":"Feature","id":"way/112970350","properties":{"highway":"tertiary"},"geometry":{"type":"LineString","coordinates":[[-63.57457,8.06081],[-63.57384,8.06056],[-63.56602,8.06632]]}},{"type":"Feature","id":"way/112971926","properties":{"highway":"tertiary"},"geometry":{"type":"LineString","coordinates":[[-63.57318,8.05075],[-63.57283,8.05299],[-63.5759,8.05893],[-63.57457,8.06081]]}},{"type":"Feature","id":"way/113579896","properties":{"highway":"tertiary"},"geometry":{"type":"LineString","coordinates":[[-63.56986,8.04374],[-63.57046,8.04829],[-63.57318,8.05075]]}},{"type":"Feature","id":"way/113597731","properties":{"highway":"tertiary"},"geometry":{"type":"LineString","coordinates":[[-63.54714,8.06094],[-63.54495,8.04904]]}},{"type":"Feature","id":"way/113597743","properties":{"highway":"tertiary"},"geometry":{"type":"LineString","coordinates":[[-63.5448,8.04931],[-63.54459,8.04915]]}},{"type":"Feature","id":"way/113597747","properties":{"highway":"tertiary"},"geometry":{"type":"LineString","coordinates":[[-63.53743,8.05086],[-63.53706,8.05111]]}},{"type":"Feature","id":"way/116530264","properties":{"name":"Avenida Norte-Sur 1","highway":"secondary"},"geometry":{"type":"LineString","coordinates":[[-62.74778,8.29292],[-62.74954,8.29525],[-62.75527,8.29888],[-62.76153,8.31754]]}},{"type":"Feature","id":"way/132363109","properties":{"name":"Avenida Guayana","highway":"primary","ref":"R-42"},"geometry":{"type":"LineString","coordinates":[[-62.71302,8.30145],[-62.70571,8.30407],[-62.69309,8.31238],[-62.69131,8.31456]]}},{"type":"Feature","id":"way/132363111","properties":{"name":"Avenida Guayana","highway":"primary","ref":"R-42"},"geometry":{"type":"LineString","coordinates":[[-62.71332,8.30136],[-62.71302,8.30145]]}},{"type":"Feature","id":"way/132363113","properties":{"name":"Distribuidor Cachamay","highway":"primary_link"},"geometry":{"type":"LineString","coordinates":[[-62.69803,8.30973],[-62.69641,8.30988]]}},{"type":"Feature","id":"way/132363114","properties":{"name":"Avenida Atl\u00e1ntico","highway":"secondary","ref":"R-33"},"geometry":{"type":"LineString","coordinates":[[-62.78489,8.24983],[-62.77635,8.26072],[-62.77056,8.26362]]}},{"type":"Feature","id":"way/132363115","properties":{"name":"Distribuidor Cachamay","highway":"primary_link"},"geometry":{"type":"LineString","coordinates":[[-62.69641,8.30988],[-62.69457,8.31137]]}},{"type":"Feature","id":"way/132363117","properties":{"name":"Avenida Guayana","highway":"primary","ref":"R-42"},"geometry":{"type":"LineString","coordinates":[[-62.71305,8.3016],[-62.71339,8.3015]]}},{"type":"Feature","id":"way/132364749","properties":{"name":"Elevado del Loyola","highway":"primary_link"},"geometry":{"type":"LineString","coordinates":[[-62.71303,8.30014],[-62.71068,8.30217]]}},{"type":"Feature","id":"way/132364750","properties":{"name":"Elevado del Loyola","highway":"primary_link"},"geometry":{"type":"LineString","coordinates":[[-62.71318,8.3013],[-62.71263,8.30127]]}},{"type":"Feature","id":"way/132364751","properties":{"name":"Elevado del Loyola","highway":"primary_link"},"geometry":{"type":"LineString","coordinates":[[-62.71291,8.30214],[-62.71419,8.30313]]}},{"type":"Feature","id":"way/132365385","properties":{"name":"Avenida Atl\u00e1ntico","highway":"secondary","ref":"R-33"},"geometry":{"type":"LineString","coordinates":[[-62.73315,8.27495],[-62.74205,8.27]]}},{"type":"Feature","id":"way/132365387","properties":{"name":"Avenida Norte-Sur 7","highway":"secondary","ref":"R-33"},"geometry":{"type":"LineString","coordinates":[[-62.79688,8.24268],[-62.79693,8.24279]]}},{"type":"Feature","id":"way/132365390","properties":{"name":"Avenida Atl\u00e1ntico","highway":"tertiary"},"geometry":{"type":"LineString","coordinates":[[-62.81746,8.2176],[-62.80934,8.22725],[-62.80046,8.24056],[-62.79702,8.24262]]}},{"type":"Feature","id":"way/132365391","properties":{"name":"V\u00eda Colombia","highway":"secondary","ref":"R-33"},"geometry":{"type":"LineString","coordinates":[[-62.71559,8.29326],[-62.71316,8.29937]]}},{"type":"Feature","id":"way/132366179","properties":{"name":"Avenida Fuerzas Armadas","highway":"tertiary","ref":"R-33"},"geometry":{"type":"LineString","coordinates":[[-62.78482,8.24991],[-62.7849,8.24997]]}},{"type":"Feature","id":"way/132577507","properties":{"name":"Avenida Estados Unidos","highway":"tertiary"},"geometry":{"type":"LineString","coordinates":[[-62.72511,8.31129],[-62.72561,8.31426]]}},{"type":"Feature","id":"way/132579074","properties":{"name":"Avenida Norte-Sur 1","highway":"secondary"},"geometry":{"type":"LineString","coordinates":[[-62.76197,8.31852],[-62.76156,8.31729]]}},{"type":"Feature","id":"way/132579076","properties":{"name":"Avenida Norte-Sur 1","highway":"secondary"},"geometry":{"type":"LineString","coordinates":[[-62.76186,8.31855],[-62.76211,8.31931]]}},{"type":"Feature","id":"way/132579077","properties":{"name":"Distribuidor Cambalache","highway":"motorway_link"},"geometry":{"type":"LineString","coordinates":[[-62.76211,8.31931],[-62.76203,8.32041],[-62.76114,8.31982],[-62.76242,8.31898]]}},{"type":"Feature","id":"way/132579079","properties":{"name":"Avenida Norte-Sur 1","highway":"secondary"},"geometry":{"type":"LineString","coordinates":[[-62.76221,8.31922],[-62.76197,8.31852]]}},{"type":"Feature","id":"way/132628924","properties":{"name":"Avenida Leopoldo Sucre Figarella","highway":"secondary","ref":"R-21"},"geometry":{"type":"LineString","coordinates":[[-62.71587,8.29304],[-62.70533,8.28519],[-62.69485,8.28549],[-62.69247,8.2872]]}},{"type":"Feature","id":"way/134720910","properties":{"name":"Carrera Guri","highway":"tertiary"},"geometry":{"type":"LineString","coordinates":[[-62.7273,8.27899],[-62.7271,8.2786]]}},{"type":"Feature","id":"way/134754270","properties":{"name":"Carrera Guri","highway":"tertiary"},"geometry":{"type":"LineString","coordinates":[[-62.73096,8.286],[-62.73222,8.28826]]}},{"type":"Feature","id":"way/134754272","properties":{"name":"Carrera Guri","highway":"tertiary"},"geometry":{"type":"LineString","coordinates":[[-62.72799,8.28014],[-62.73096,8.286]]}},{"type":"Feature","id":"way/134755889","properties":{"name":"Carrera Roma","highway":"tertiary"},"geometry":{"type":"LineString","coordinates":[[-62.73055,8.29174],[-62.72859,8.28767]]}},{"type":"Feature","id":"way/134756287","properties":{"name":"Carrera Mil\u00e1n","highway":"tertiary"},"geometry":{"type":"LineString","coordinates":[[-62.71819,8.28226],[-62.71855,8.2836]]}},{"type":"Feature","id":"way/134756288","properties":{"name":"Carrera Roma","highway":"tertiary"},"geometry":{"type":"LineString","coordinates":[[-62.71928,8.28327],[-62.71819,8.28226]]}},{"type":"Feature","id":"way/134756519","properties":{"name":"Distribuidor Ferrominera","highway":"motorway_link"},"geometry":{"type":"LineString","coordinates":[[-62.73034,8.3251],[-62.72894,8.32731]]}},{"type":"Feature","id":"way/134756521","properties":{"name":"Distribuidor Ferrominera","highway":"motorway_link"},"geometry":{"type":"LineString","coordinates":[[-62.73178,8.32623],[-62.73106,8.32799],[-62.72988,8.32775],[-62.73044,8.32671]]}},{"type":"Feature","id":"way/134756522","properties":{"name":"Distribuidor Ferrominera","highway":"motorway_link"},"geometry":{"type":"LineString","coordinates":[[-62.734,8.32551],[-62.73019,8.32492]]}},{"type":"Feature","id":"way/134756523","properties":{"name":"Distribuidor Ferrominera","highway":"motorway_link"},"geometry":{"type":"LineString","coordinates":[[-62.73154,8.32578],[-62.73178,8.32623]]}},{"type":"Feature","id":"way/134756524","properties":{"name":"Distribuidor Ferrominera","highway":"motorway_link"},"geometry":{"type":"LineString","coordinates":[[-62.73189,8.32621],[-62.73159,8.3257]]}},{"type":"Feature","id":"way/134756525","properties":{"name":"Distribuidor Ferrominera","highway":"motorway_link"},"geometry":{"type":"LineString","coordinates":[[-62.73159,8.3257],[-62.73019,8.32492]]}},{"type":"Feature","id":"way/134837606","properties":{"name":"Avenida Guayana","highway":"trunk","ref":"T-19"},"geometry":{"type":"LineString","coordinates":[[-62.66027,8.36481],[-62.65455,8.36899]]}},{"type":"Feature","id":"way/136366930","properties":{"name":"Avenida Guarapiche","highway":"tertiary"},"geometry":{"type":"LineString","coordinates":[[-62.75175,8.2837],[-62.75185,8.28379]]}},{"type":"Feature","id":"way/136366935","properties":{"name":"Carrera Guarapiche","highway":"tertiary"},"geometry":{"type":"LineString","coordinates":[[-62.75289,8.28667],[-62.75185,8.28379]]}},{"type":"Feature","id":"way/136369861","properties":{"name":"Avenida Guarapiche","highway":"tertiary"},"geometry":{"type":"LineString","coordinates":[[-62.74576,8.26642],[-62.74475,8.26459]]}},{"type":"Feature","id":"way/136369871","properties":{"name":"Avenida Guarapiche","highway":"tertiary"},"geometry":{"type":"LineString","coordinates":[[-62.7375,8.25848],[-62.74279,8.26077],[-62.74475,8.26459]]}},{"type":"Feature","id":"way/136459636","properties":{"highway":"primary_link"},"geometry":{"type":"LineString","coordinates":[[-62.76084,8.28553],[-62.76021,8.28383]]}},{"type":"Feature","id":"way/136459873","properties":{"highway":"primary_link"},"geometry":{"type":"LineString","coordinates":[[-62.75943,8.2841],[-62.75915,8.28398]]}},{"type":"Feature","id":"way/136459874","properties":{"highway":"primary_link"},"geometry":{"type":"LineString","coordinates":[[-62.7583,8.28451],[-62.75897,8.2862]]}},{"type":"Feature","id":"way/136460183","properties":{"name":"Avenida Principal de Unare","highway":"tertiary"},"geometry":{"type":"LineString","coordinates":[[-62.76672,8.28257],[-62.76691,8.28196]]}},{"type":"Feature","id":"way/136460186","properties":{"name":"Avenida Principal de Unare","highway":"tertiary"},"geometry":{"type":"LineString","coordinates":[[-62.76682,8.28168],[-62.76446,8.2752]]}},{"type":"Feature","id":"way/136460187","properties":{"highway":"primary_link"},"geometry":{"type":"LineString","coordinates":[[-62.76739,8.2821],[-62.76691,8.28196]]}},{"type":"Feature","id":"way/136460189","properties":{"name":"Avenida Principal de Unare","highway":"tertiary","ref":"R-42"},"geometry":{"type":"LineString","coordinates":[[-62.76671,8.28172],[-62.76682,8.28198]]}},{"type":"Feature","id":"way/136467824","properties":{"name":"Avenida Principal de Unare","highway":"tertiary"},"geometry":{"type":"LineString","coordinates":[[-62.76456,8.26528],[-62.76419,8.27175]]}},{"type":"Feature","id":"way/136468118","properties":{"name":"Avenida Caracas","highway":"tertiary"},"geometry":{"type":"LineString","coordinates":[[-62.84058,8.21409],[-62.84274,8.21738],[-62.83915,8.22136]]}},{"type":"Feature","id":"way/136468125","properties":{"name":"Distribuidor Los Pinos","highway":"primary_link"},"geometry":{"type":"LineString","coordinates":[[-62.78362,8.27867],[-62.78281,8.27794],[-62.7834,8.27713]]}},{"type":"Feature","id":"way/136490725","properties":{"name":"Avenida Paseo Caron\u00ed","highway":"tertiary"},"geometry":{"type":"LineString","coordinates":[[-62.79355,8.26012],[-62.79345,8.26022]]}},{"type":"Feature","id":"way/136557867","properties":{"name":"Avenida Norte-Sur 1","highway":"tertiary"},"geometry":{"type":"LineString","coordinates":[[-62.76402,8.32196],[-62.76364,8.32165]]}},{"type":"Feature","id":"way/136557869","properties":{"name":"Avenida Norte-Sur 1","highway":"tertiary"},"geometry":{"type":"LineString","coordinates":[[-62.76211,8.31931],[-62.76262,8.32062]]}},{"type":"Feature","id":"way/136557870","properties":{"name":"Avenida Norte-Sur 1","highway":"tertiary"},"geometry":{"type":"LineString","coordinates":[[-62.76364,8.32165],[-62.76267,8.32046]]}},{"type":"Feature","id":"way/136557871","properties":{"name":"Avenida Norte-Sur 1","highway":"tertiary"},"geometry":{"type":"LineString","coordinates":[[-62.76355,8.32177],[-62.76381,8.32197]]}},{"type":"Feature","id":"way/136557872","properties":{"name":"Distribuidor Cambalache","highway":"motorway_link"},"geometry":{"type":"LineString","coordinates":[[-62.76242,8.31898],[-62.76432,8.31811]]}},{"type":"Feature","id":"way/136557873","properties":{"name":"Distribuidor Cambalache","highway":"motorway_link"},"geometry":{"type":"LineString","coordinates":[[-62.76364,8.32165],[-62.7642,8.31875],[-62.76673,8.31707]]}},{"type":"Feature","id":"way/136557875","properties":{"name":"Distribuidor Cambalache","highway":"motorway_link"},"geometry":{"type":"LineString","coordinates":[[-62.76129,8.32059],[-62.76355,8.32177]]}},{"type":"Feature","id":"way/136557876","properties":{"name":"Distribuidor Cambalache","highway":"motorway_link"},"geometry":{"type":"LineString","coordinates":[[-62.76297,8.31729],[-62.76084,8.31509]]}},{"type":"Feature","id":"way/136557879","properties":{"name":"Distribuidor Cambalache","highway":"motorway_link"},"geometry":{"type":"LineString","coordinates":[[-62.76075,8.31519],[-62.76014,8.31852],[-62.75806,8.32044]]}},{"type":"Feature","id":"way/136557880","properties":{"name":"Distribuidor Cambalache","highway":"motorway_link"},"geometry":{"type":"LineString","coordinates":[[-62.76828,8.31563],[-62.76498,8.3174],[-62.76297,8.31729]]}},{"type":"Feature","id":"way/136557881","properties":{"name":"Distribuidor Cambalache","highway":"motorway_link"},"geometry":{"type":"LineString","coordinates":[[-62.76194,8.31842],[-62.76212,8.31733],[-62.76277,8.31822],[-62.76017,8.31959]]}},{"type":"Feature","id":"way/136557883","properties":{"name":"Distribuidor Cambalache","highway":"motorway_link"},"geometry":{"type":"LineString","coordinates":[[-62.76137,8.31931],[-62.76242,8.31898]]}},{"type":"Feature","id":"way/136557884","properties":{"name":"Distribuidor Cambalache","highway":"motorway_link"},"geometry":{"type":"LineString","coordinates":[[-62.75633,8.32131],[-62.76129,8.32059]]}},{"type":"Feature","id":"way/136557886","properties":{"name":"Calle Principal de Cambalache","highway":"tertiary"},"geometry":{"type":"LineString","coordinates":[[-62.78146,8.32595],[-62.7733,8.3233],[-62.76907,8.32311],[-62.76646,8.32074],[-62.76395,8.32205]]}},{"type":"Feature","id":"way/138141946","properties":{"name":"Avenida Guarapiche","highway":"tertiary"},"geometry":{"type":"LineString","coordinates":[[-62.74634,8.26926],[-62.74674,8.27071]]}},{"type":"Feature","id":"way/138141953","properties":{"name":"Avenida Guarapiche","highway":"tertiary"},"geometry":{"type":"LineString","coordinates":[[-62.74647,8.26924],[-62.74646,8.2691]]}},{"type":"Feature","id":"way/154890126","properties":{"name":"Carrera Mil\u00e1n","highway":"tertiary"},"geometry":{"type":"LineString","coordinates":[[-62.71855,8.2836],[-62.71888,8.28487]]}},{"type":"Feature","id":"way/154914329","properties":{"name":"Avenida Pac\u00edfico","highway":"tertiary"},"geometry":{"type":"LineString","coordinates":[[-62.72703,8.2785],[-62.72553,8.27647],[-62.72129,8.27409]]}},{"type":"Feature","id":"way/154914330","properties":{"name":"Carrera Guri","highway":"tertiary"},"geometry":{"type":"LineString","coordinates":[[-62.72696,8.27855],[-62.72799,8.28014]]}},{"type":"Feature","id":"way/156235471","properties":{"name":"Carrera Guri","highway":"tertiary"},"geometry":{"type":"LineString","coordinates":[[-62.73222,8.28826],[-62.73315,8.29081]]}},{"type":"Feature","id":"way/156899309","properties":{"name":"Distribuidor Matanzas","highway":"motorway_link"},"geometry":{"type":"LineString","coordinates":[[-62.79021,8.28309],[-62.79289,8.28068]]}},{"type":"Feature","id":"way/156899334","properties":{"name":"Distribuidor SIDOR","highway":"motorway_link"},"geometry":{"type":"LineString","coordinates":[[-62.8257,8.24709],[-62.82372,8.24849]]}},{"type":"Feature","id":"way/156899356","properties":{"name":"Distribuidor SIDOR","highway":"motorway_link"},"geometry":{"type":"LineString","coordinates":[[-62.82317,8.24904],[-62.82164,8.25119]]}},{"type":"Feature","id":"way/158306404","properties":{"name":"Avenida Norte-Sur 1","highway":"secondary"},"geometry":{"type":"LineString","coordinates":[[-62.74514,8.28603],[-62.74473,8.2785]]}},{"type":"Feature","id":"way/167925086","properties":{"name":"Avenida Antonio de Berr\u00edo","highway":"tertiary"},"geometry":{"type":"LineString","coordinates":[[-62.64803,8.36791],[-62.64972,8.36346],[-62.65569,8.35964],[-62.6595,8.35548]]}},{"type":"Feature","id":"way/167925087","properties":{"name":"Avenida Antonio de Berr\u00edo","highway":"tertiary"},"geometry":{"type":"LineString","coordinates":[[-62.65941,8.3554],[-62.65588,8.35937],[-62.64963,8.36338],[-62.64792,8.36786]]}},{"type":"Feature","id":"way/167925108","properties":{"name":"Avenida Libertador","highway":"tertiary"},"geometry":{"type":"LineString","coordinates":[[-62.6482,8.35445],[-62.65016,8.34566],[-62.65463,8.33942]]}},{"type":"Feature","id":"way/168672326","properties":{"name":"Calle Maracay","highway":"tertiary"},"geometry":{"type":"LineString","coordinates":[[-62.61541,8.31178],[-62.62301,8.30771]]}},{"type":"Feature","id":"way/168672365","properties":{"highway":"trunk_link"},"geometry":{"type":"LineString","coordinates":[[-62.65321,8.37136],[-62.65194,8.37104]]}},{"type":"Feature","id":"way/168672374","properties":{"highway":"trunk_link"},"geometry":{"type":"LineString","coordinates":[[-62.65368,8.37309],[-62.65359,8.37104]]}},{"type":"Feature","id":"way/168672378","properties":{"name":"V\u00eda a R\u00edo Claro","highway":"primary","ref":"L-3"},"geometry":{"type":"LineString","coordinates":[[-62.64261,8.37373],[-62.64157,8.37643]]}},{"type":"Feature","id":"way/168806925","properties":{"name":"Avenida Libertador","highway":"tertiary"},"geometry":{"type":"LineString","coordinates":[[-62.65456,8.3393],[-62.65016,8.34522],[-62.6482,8.35445]]}},{"type":"Feature","id":"way/168806929","properties":{"highway":"trunk_link"},"geometry":{"type":"LineString","coordinates":[[-62.65878,8.36652],[-62.659,8.36645]]}},{"type":"Feature","id":"way/173096047","properties":{"name":"Distribuidor Los Pinos","highway":"primary_link"},"geometry":{"type":"LineString","coordinates":[[-62.78201,8.27789],[-62.7834,8.27713]]}},{"type":"Feature","id":"way/173380222","properties":{"name":"Distribuidor El Centro","highway":"trunk_link"},"geometry":{"type":"LineString","coordinates":[[-62.66238,8.3631],[-62.66163,8.36355]]}},{"type":"Feature","id":"way/173384461","properties":{"name":"V\u00eda a Caruachi","highway":"tertiary","ref":"R-45"},"geometry":{"type":"LineString","coordinates":[[-62.63442,8.28795],[-62.63937,8.2848],[-62.65052,8.28072],[-62.67044,8.26006],[-62.67751,8.25523],[-62.68098,8.24976],[-62.68574,8.24773],[-62.69149,8.24329],[-62.70204,8.23193],[-62.70779,8.22998],[-62.71279,8.22687],[-62.71757,8.22198],[-62.72039,8.21272],[-62.72384,8.20612],[-62.74094,8.1849],[-62.74645,8.17661],[-62.75086,8.17256],[-62.75898,8.16967],[-62.76123,8.16784],[-62.76224,8.16479],[-62.76112,8.15783],[-62.75921,8.15414],[-62.75862,8.14997],[-62.75463,8.14591],[-62.75373,8.14369],[-62.75424,8.14092],[-62.75339,8.13503],[-62.75989,8.12769],[-62.7612,8.12376],[-62.76033,8.11976],[-62.75725,8.11649],[-62.75722,8.11342],[-62.76662,8.10637],[-62.77415,8.10623],[-62.77859,8.10501],[-62.78358,8.09956],[-62.78457,8.09654]]}},{"type":"Feature","id":"way/173384463","properties":{"highway":"tertiary"},"geometry":{"type":"LineString","coordinates":[[-62.60797,8.27566],[-62.61292,8.27884],[-62.6152,8.27806],[-62.61966,8.27919],[-62.62444,8.27734],[-62.6259,8.27798]]}},{"type":"Feature","id":"way/173384465","properties":{"name":"Entrada de El Pao","highway":"tertiary","ref":"R-16"},"geometry":{"type":"LineString","coordinates":[[-62.65813,8.03536],[-62.66223,8.03948],[-62.66644,8.0397],[-62.67018,8.042],[-62.67643,8.04209],[-62.67784,8.03954]]}},{"type":"Feature","id":"way/173386186","properties":{"name":"Calle Independencia","highway":"tertiary","ref":"L-4;R-20"},"geometry":{"type":"LineString","coordinates":[[-62.40628,8.01367],[-62.40229,8.01268]]}},{"type":"Feature","id":"way/173386204","properties":{"name":"Avenida Ra\u00fal Leoni","highway":"tertiary","ref":"L-4;R-20"},"geometry":{"type":"LineString","coordinates":[[-62.39089,8.00614],[-62.39934,8.01198],[-62.40228,8.01272]]}},{"type":"Feature","id":"way/173386212","properties":{"highway":"primary","ref":"L-4;R-2"},"geometry":{"type":"LineString","coordinates":[[-62.40624,8.01307],[-62.40507,8.01294]]}},{"type":"Feature","id":"way/173386216","properties":{"name":"Calle Vargas","highway":"primary","ref":"L-4;R-2"},"geometry":{"type":"LineString","coordinates":[[-62.40761,8.01959],[-62.40815,8.01726]]}},{"type":"Feature","id":"way/173386231","properties":{"name":"Calle Miranda","highway":"primary","ref":"L-4;R-2"},"geometry":{"type":"LineString","coordinates":[[-62.40626,8.01649],[-62.40624,8.01307]]}},{"type":"Feature","id":"way/173386233","properties":{"name":"Redoma del Club de Leones","highway":"tertiary"},"geometry":{"type":"LineString","coordinates":[[-62.39096,7.99795],[-62.39096,7.99795]]}},{"type":"Feature","id":"way/173386235","properties":{"name":"Avenida R\u00f3mulo Gallegos","highway":"tertiary"},"geometry":{"type":"LineString","coordinates":[[-62.38746,8.00277],[-62.3911,7.99819]]}},{"type":"Feature","id":"way/173386237","properties":{"highway":"tertiary"},"geometry":{"type":"LineString","coordinates":[[-62.39128,7.99802],[-62.39242,7.99651]]}},{"type":"Feature","id":"way/173386241","properties":{"name":"Avenida Ra\u00fal Leoni","highway":"tertiary","ref":"L-4;R-20"},"geometry":{"type":"LineString","coordinates":[[-62.40229,8.01268],[-62.39934,8.01187],[-62.39064,8.0052]]}},{"type":"Feature","id":"way/173390059","properties":{"name":"Distribuidor Cambalache","highway":"motorway_link"},"geometry":{"type":"LineString","coordinates":[[-62.76129,8.32059],[-62.76262,8.32062]]}},{"type":"Feature","id":"way/173390339","properties":{"name":"Distribuidor Matanzas","highway":"motorway_link"},"geometry":{"type":"LineString","coordinates":[[-62.786,8.27978],[-62.78783,8.28079],[-62.78806,8.28204],[-62.78394,8.2863]]}},{"type":"Feature","id":"way/173392758","properties":{"name":"Avenida Caracas","highway":"tertiary"},"geometry":{"type":"LineString","coordinates":[[-62.80694,8.25365],[-62.79707,8.26359]]}},{"type":"Feature","id":"way/173394291","properties":{"highway":"motorway_link"},"geometry":{"type":"LineString","coordinates":[[-62.82578,8.24737],[-62.82691,8.2469]]}},{"type":"Feature","id":"way/173545699","properties":{"name":"Avenida Perimetral","highway":"trunk","ref":"T-10"},"geometry":{"type":"LineString","coordinates":[[-62.39013,8.00554],[-62.39037,8.00713]]}},{"type":"Feature","id":"way/173545700","properties":{"name":"Plaza Miranda","highway":"trunk_link","ref":"T-10;L-4;R-20"},"geometry":{"type":"LineString","coordinates":[[-62.3905,8.00509],[-62.39007,8.00535]]}},{"type":"Feature","id":"way/173545704","properties":{"name":"Avenida Perimetral","highway":"trunk","ref":"T-10"},"geometry":{"type":"LineString","coordinates":[[-62.40172,8.02147],[-62.39929,8.017],[-62.3915,8.01029],[-62.39037,8.00713]]}},{"type":"Feature","id":"way/173545705","properties":{"name":"Avenida Perimetral","highway":"trunk","ref":"T-10"},"geometry":{"type":"LineString","coordinates":[[-62.39037,8.00713],[-62.39085,8.00616]]}},{"type":"Feature","id":"way/175889627","properties":{"name":"Avenida R\u00f3mulo Gallegos","highway":"tertiary"},"geometry":{"type":"LineString","coordinates":[[-62.39095,7.99803],[-62.38738,8.00271]]}},{"type":"Feature","id":"way/175889630","properties":{"name":"Avenida Principal de El Guamito","highway":"tertiary"},"geometry":{"type":"LineString","coordinates":[[-62.4026,7.99329],[-62.40357,7.99871],[-62.40267,8.00315]]}},{"type":"Feature","id":"way/175889631","properties":{"highway":"tertiary"},"geometry":{"type":"LineString","coordinates":[[-62.39192,7.99168],[-62.39344,7.99492]]}},{"type":"Feature","id":"way/175889635","properties":{"highway":"tertiary"},"geometry":{"type":"LineString","coordinates":[[-62.39344,7.99501],[-62.39252,7.99625]]}},{"type":"Feature","id":"way/175889636","properties":{"name":"Avenida Principal de Hip\u00f3dromo Sur","highway":"tertiary"},"geometry":{"type":"LineString","coordinates":[[-62.4026,7.99329],[-62.39316,7.98962]]}},{"type":"Feature","id":"way/175889642","properties":{"name":"Avenida La Campi\u00f1a","highway":"tertiary"},"geometry":{"type":"LineString","coordinates":[[-62.39362,7.99481],[-62.39195,7.99162]]}},{"type":"Feature","id":"way/175921280","properties":{"name":"Avenida Bicentenario","highway":"primary","ref":"L-4;R-2"},"geometry":{"type":"LineString","coordinates":[[-62.41214,8.02701],[-62.41021,8.02455],[-62.40987,8.02247],[-62.40774,8.02039]]}},{"type":"Feature","id":"way/176210191","properties":{"name":"Calle Miranda","highway":"primary","ref":"R-2"},"geometry":{"type":"LineString","coordinates":[[-62.40458,8.00805],[-62.40314,8.00481]]}},{"type":"Feature","id":"way/176210200","properties":{"name":"Calle Miranda","highway":"primary","ref":"R-2"},"geometry":{"type":"LineString","coordinates":[[-62.40624,8.01307],[-62.40458,8.00805]]}},{"type":"Feature","id":"way/176210201","properties":{"name":"Calle Libertad","highway":"primary","ref":"L-4;R-2"},"geometry":{"type":"LineString","coordinates":[[-62.40507,8.01294],[-62.40479,8.01721]]}},{"type":"Feature","id":"way/176251254","properties":{"highway":"tertiary"},"geometry":{"type":"LineString","coordinates":[[-62.39316,7.98962],[-62.39195,7.99162]]}},{"type":"Feature","id":"way/177176857","properties":{"name":"Avenida Bicentenario","highway":"primary","ref":"L-4;R-2"},"geometry":{"type":"LineString","coordinates":[[-62.40765,8.02045],[-62.41214,8.02701]]}},{"type":"Feature","id":"way/178405331","properties":{"name":"V\u00eda a El Buey","highway":"tertiary"},"geometry":{"type":"LineString","coordinates":[[-62.34802,7.98641],[-62.34535,7.99021],[-62.34549,7.99299],[-62.34387,7.99348],[-62.34545,8.00434],[-62.34485,8.00812],[-62.33923,8.00984],[-62.33942,8.01136],[-62.33599,8.01428],[-62.33267,8.01567],[-62.33102,8.02377],[-62.32784,8.02778],[-62.31526,8.02844],[-62.31306,8.03024],[-62.3109,8.03062],[-62.30102,8.02947],[-62.29973,8.03465],[-62.29768,8.03779],[-62.29723,8.04346],[-62.28992,8.04767],[-62.28793,8.05051],[-62.28375,8.05379],[-62.28133,8.06437],[-62.27873,8.06602],[-62.2777,8.06835],[-62.27123,8.07398],[-62.265,8.07431],[-62.2485,8.08135]]}},{"type":"Feature","id":"way/179732352","properties":{"name":"Carretera Vieja San F\u00e9lix - Upata","highway":"secondary","ref":"T-10"},"geometry":{"type":"LineString","coordinates":[[-62.45656,8.17678],[-62.44414,8.17059],[-62.43574,8.16515]]}},{"type":"Feature","id":"way/179733674","properties":{"highway":"tertiary","ref":"R-29"},"geometry":{"type":"LineString","coordinates":[[-62.40767,8.10249],[-62.41079,8.10259],[-62.41315,8.10017],[-62.41759,8.09882],[-62.42215,8.09474],[-62.42545,8.09322]]}},{"type":"Feature","id":"way/181056956","properties":{"name":"Plaza Miranda","highway":"trunk_link","ref":"T-10;L-4;R-20"},"geometry":{"type":"LineString","coordinates":[[-62.39013,8.00554],[-62.39085,8.00616]]}},{"type":"Feature","id":"way/181056960","properties":{"name":"Plaza Miranda","highway":"trunk","ref":"T-10;L-4;R-20"},"geometry":{"type":"LineString","coordinates":[[-62.39089,8.00614],[-62.39064,8.0052]]}},{"type":"Feature","id":"way/181056964","properties":{"name":"Avenida Manuel Piar","highway":"tertiary","ref":"T-10"},"geometry":{"type":"LineString","coordinates":[[-62.65924,8.37538],[-62.65885,8.37641]]}},{"type":"Feature","id":"way/182624933","properties":{"name":"Avenida 02","highway":"tertiary"},"geometry":{"type":"LineString","coordinates":[[-62.6082,8.34059],[-62.60493,8.34545],[-62.60127,8.34778]]}},{"type":"Feature","id":"way/182624959","properties":{"name":"Carrera Andr\u00e9s Bello","highway":"tertiary"},"geometry":{"type":"LineString","coordinates":[[-62.60463,8.35002],[-62.6041,8.34965]]}},{"type":"Feature","id":"way/182625573","properties":{"name":"Ruta 2 de Vista Al Sol","highway":"tertiary"},"geometry":{"type":"LineString","coordinates":[[-62.6283,8.34638],[-62.61656,8.34953]]}},{"type":"Feature","id":"way/182625583","properties":{"name":"Carrera Andr\u00e9s Bello","highway":"tertiary"},"geometry":{"type":"LineString","coordinates":[[-62.60463,8.35002],[-62.61067,8.35449]]}},{"type":"Feature","id":"way/182626136","properties":{"name":"Ruta 1 de Vista Al Sol","highway":"tertiary"},"geometry":{"type":"LineString","coordinates":[[-62.61182,8.36278],[-62.6148,8.35637]]}},{"type":"Feature","id":"way/182626940","properties":{"name":"Ruta 2 de Vista Al Sol","highway":"tertiary"},"geometry":{"type":"LineString","coordinates":[[-62.62996,8.34589],[-62.62919,8.34614]]}},{"type":"Feature","id":"way/182627027","properties":{"highway":"trunk_link"},"geometry":{"type":"LineString","coordinates":[[-62.62977,8.3455],[-62.62935,8.34605]]}},{"type":"Feature","id":"way/182627979","properties":{"name":"Carrera Guarapiche","highway":"tertiary"},"geometry":{"type":"LineString","coordinates":[[-62.60958,8.34156],[-62.61076,8.34264]]}},{"type":"Feature","id":"way/182731004","properties":{"name":"Calle Guariqu\u00e9n","highway":"tertiary"},"geometry":{"type":"LineString","coordinates":[[-62.6289,8.32749],[-62.6334,8.32322],[-62.63836,8.32235]]}},{"type":"Feature","id":"way/183235649","properties":{"name":"Avenida Principal de In\u00e9s Romero","highway":"tertiary"},"geometry":{"type":"LineString","coordinates":[[-62.61042,8.36579],[-62.61104,8.37408]]}},{"type":"Feature","id":"way/183361707","properties":{"name":"Ruta 2 de Vista Al Sol","highway":"tertiary"},"geometry":{"type":"LineString","coordinates":[[-62.62919,8.34614],[-62.62999,8.34597]]}},{"type":"Feature","id":"way/183361803","properties":{"highway":"primary_link"},"geometry":{"type":"LineString","coordinates":[[-62.63028,8.34643],[-62.63061,8.3458]]}},{"type":"Feature","id":"way/183361974","properties":{"name":"Avenida Gumilla","highway":"primary","ref":"R-43"},"geometry":{"type":"LineString","coordinates":[[-62.64495,8.33243],[-62.65474,8.33798]]}},{"type":"Feature","id":"way/183362043","properties":{"highway":"primary_link"},"geometry":{"type":"LineString","coordinates":[[-62.64521,8.33244],[-62.64455,8.33203]]}},{"type":"Feature","id":"way/183362083","properties":{"name":"Avenida Gumilla","highway":"primary","ref":"R-43"},"geometry":{"type":"LineString","coordinates":[[-62.64433,8.33155],[-62.64495,8.33243]]}},{"type":"Feature","id":"way/183362254","properties":{"name":"Ruta 1 de Vista Al Sol","highway":"tertiary"},"geometry":{"type":"LineString","coordinates":[[-62.62948,8.35074],[-62.63009,8.35058]]}},{"type":"Feature","id":"way/183362311","properties":{"name":"Ruta 1 de Vista Al Sol","highway":"tertiary"},"geometry":{"type":"LineString","coordinates":[[-62.63009,8.35058],[-62.63129,8.35031]]}},{"type":"Feature","id":"way/183459844","properties":{"highway":"trunk_link","ref":"T-10"},"geometry":{"type":"LineString","coordinates":[[-62.61969,8.31917],[-62.61891,8.31813]]}},{"type":"Feature","id":"way/183462800","properties":{"highway":"trunk_link"},"geometry":{"type":"LineString","coordinates":[[-62.61887,8.31823],[-62.61909,8.31916]]}},{"type":"Feature","id":"way/183463846","properties":{"highway":"trunk_link"},"geometry":{"type":"LineString","coordinates":[[-62.64824,8.36716],[-62.64726,8.36735]]}},{"type":"Feature","id":"way/183463953","properties":{"name":"Avenida Libertador","highway":"tertiary"},"geometry":{"type":"LineString","coordinates":[[-62.64911,8.36268],[-62.64972,8.36346]]}},{"type":"Feature","id":"way/218734720","properties":{"name":"Carretera Regional El Callao - El Manteco","highway":"primary","ref":"R-27"},"geometry":{"type":"LineString","coordinates":[[-62.52326,7.34778],[-62.51753,7.3488],[-62.50499,7.34369],[-62.49433,7.33738],[-62.48993,7.33159],[-62.47436,7.3209],[-62.45399,7.31694],[-62.44635,7.31414],[-62.42608,7.31448],[-62.41477,7.31218],[-62.40256,7.31401],[-62.39503,7.31341],[-62.39007,7.31531],[-62.38323,7.32244],[-62.37928,7.32322],[-62.37338,7.32061],[-62.36898,7.31722],[-62.36589,7.31013],[-62.35718,7.29511],[-62.35379,7.29219],[-62.34885,7.29258],[-62.34095,7.30026],[-62.33808,7.30479],[-62.33018,7.31073],[-62.31325,7.31422],[-62.31145,7.31326],[-62.30793,7.30803],[-62.30186,7.30215],[-62.28066,7.29909],[-62.26969,7.28613],[-62.25667,7.2854],[-62.24433,7.28666],[-62.23851,7.28887],[-62.23066,7.28204],[-62.22946,7.27146],[-62.22667,7.26725],[-62.2247,7.25739],[-62.2221,7.25379],[-62.21592,7.24924],[-62.21551,7.24458],[-62.21184,7.2436],[-62.20534,7.24366],[-62.20193,7.23866],[-62.19828,7.23651],[-62.18541,7.23804],[-62.17174,7.2374],[-62.14105,7.24053],[-62.1294,7.23819],[-62.11073,7.23806],[-62.10646,7.24013],[-62.09966,7.24698],[-62.09726,7.24724],[-62.09136,7.24598],[-62.08119,7.2374],[-62.07747,7.23289],[-62.07029,7.22942],[-62.06321,7.22808],[-62.0596,7.22357],[-62.05662,7.22274],[-62.04971,7.2258],[-62.03954,7.22857],[-62.03224,7.23251],[-62.02289,7.23306],[-62.01561,7.2387],[-62.01355,7.24398],[-62.0099,7.24624],[-62.00624,7.25154],[-62.00327,7.25345],[-61.99866,7.25443],[-61.99609,7.25799],[-61.99164,7.25971],[-61.97281,7.27424],[-61.96766,7.27926],[-61.96087,7.28008],[-61.95816,7.28169],[-61.94365,7.28448],[-61.93875,7.28875],[-61.93736,7.2917],[-61.93444,7.29371],[-61.93065,7.30028],[-61.92927,7.3014],[-61.91531,7.30477],[-61.91272,7.3088],[-61.91036,7.31063],[-61.90941,7.31342],[-61.90448,7.31695],[-61.88937,7.31735],[-61.87403,7.32009],[-61.87199,7.32182],[-61.87184,7.32656],[-61.86562,7.32929],[-61.85888,7.33465],[-61.85369,7.332],[-61.85189,7.33212],[-61.84927,7.33442],[-61.8449,7.34119],[-61.84259,7.3426],[-61.8401,7.34674],[-61.83742,7.347],[-61.83428,7.34868],[-61.83155,7.34793]]}},{"type":"Feature","id":"way/222311453","properties":{"name":"Avenida Loefling","highway":"tertiary"},"geometry":{"type":"LineString","coordinates":[[-62.70716,8.28464],[-62.71625,8.27893]]}},{"type":"Feature","id":"way/222311455","properties":{"name":"Avenida Loefling","highway":"tertiary"},"geometry":{"type":"LineString","coordinates":[[-62.71612,8.27884],[-62.70709,8.28449]]}},{"type":"Feature","id":"way/222311458","properties":{"name":"Avenida Loefling","highway":"tertiary"},"geometry":{"type":"LineString","coordinates":[[-62.71625,8.27893],[-62.71943,8.27603]]}},{"type":"Feature","id":"way/222311459","properties":{"name":"Entrada de Toro Muerto","highway":"tertiary"},"geometry":{"type":"LineString","coordinates":[[-62.72148,8.274],[-62.72129,8.27409]]}},{"type":"Feature","id":"way/222311465","properties":{"name":"Distribuidor del Intercontinental","highway":"primary_link"},"geometry":{"type":"LineString","coordinates":[[-62.69219,8.31316],[-62.69054,8.3148]]}},{"type":"Feature","id":"way/222318170","properties":{"highway":"trunk_link"},"geometry":{"type":"LineString","coordinates":[[-62.64708,8.36748],[-62.64771,8.36833]]}},{"type":"Feature","id":"way/222318171","properties":{"highway":"trunk_link"},"geometry":{"type":"LineString","coordinates":[[-62.64775,8.36855],[-62.64881,8.36831]]}},{"type":"Feature","id":"way/222318172","properties":{"highway":"trunk_link"},"geometry":{"type":"LineString","coordinates":[[-62.64916,8.36835],[-62.64835,8.36722]]}},{"type":"Feature","id":"way/222318173","properties":{"name":"Calle Guariqu\u00e9n","highway":"tertiary"},"geometry":{"type":"LineString","coordinates":[[-62.62534,8.32896],[-62.6255,8.32869]]}},{"type":"Feature","id":"way/246755130","properties":{"highway":"trunk","ref":"T-10"},"geometry":{"type":"LineString","coordinates":[[-61.14886,4.48748],[-61.14852,4.48259]]}},{"type":"Feature","id":"way/255314850","properties":{"highway":"primary","ref":"R-27"},"geometry":{"type":"LineString","coordinates":[[-61.82019,7.352],[-61.81966,7.35317]]}},{"type":"Feature","id":"way/255314851","properties":{"highway":"primary","ref":"R-27"},"geometry":{"type":"LineString","coordinates":[[-61.81947,7.35362],[-61.81863,7.35497]]}},{"type":"Feature","id":"way/267574310","properties":{"name":"Avenida Guayana","highway":"primary","ref":"R-42"},"geometry":{"type":"LineString","coordinates":[[-62.79003,8.28108],[-62.79085,8.28106]]}},{"type":"Feature","id":"way/267574330","properties":{"name":"Avenida Guayana","highway":"primary","ref":"R-42"},"geometry":{"type":"LineString","coordinates":[[-62.79014,8.28084],[-62.78134,8.27788],[-62.77893,8.27798]]}},{"type":"Feature","id":"way/267574346","properties":{"name":"Avenida Fuerzas Armadas","highway":"tertiary","ref":"R-33"},"geometry":{"type":"LineString","coordinates":[[-62.80249,8.26891],[-62.80235,8.26877]]}},{"type":"Feature","id":"way/267574348","properties":{"name":"Avenida Fuerzas Armadas","highway":"tertiary","ref":"R-33"},"geometry":{"type":"LineString","coordinates":[[-62.80225,8.26889],[-62.80239,8.26903]]}},{"type":"Feature","id":"way/267574354","properties":{"name":"Avenida Fuerzas Armadas","highway":"tertiary","ref":"R-33"},"geometry":{"type":"LineString","coordinates":[[-62.80235,8.26877],[-62.79717,8.26369]]}},{"type":"Feature","id":"way/267574355","properties":{"name":"Avenida Guayana","highway":"primary","ref":"R-42"},"geometry":{"type":"LineString","coordinates":[[-62.79101,8.2808],[-62.79014,8.28084]]}},{"type":"Feature","id":"way/267574362","properties":{"name":"Distribuidor Matanzas","highway":"motorway_link"},"geometry":{"type":"LineString","coordinates":[[-62.78887,8.28337],[-62.79013,8.28243],[-62.79021,8.28309]]}},{"type":"Feature","id":"way/267574375","properties":{"name":"Distribuidor SIDOR","highway":"motorway_link"},"geometry":{"type":"LineString","coordinates":[[-62.82451,8.24922],[-62.82569,8.24747]]}},{"type":"Feature","id":"way/267574377","properties":{"name":"Avenida Guayana","highway":"primary","ref":"R-42"},"geometry":{"type":"LineString","coordinates":[[-62.69267,8.34168],[-62.69255,8.33724]]}},{"type":"Feature","id":"way/267574378","properties":{"name":"Distribuidor SIDOR","highway":"motorway_link"},"geometry":{"type":"LineString","coordinates":[[-62.82171,8.25144],[-62.8239,8.24982]]}},{"type":"Feature","id":"way/273523924","properties":{"name":"V\u00eda a Cacahual","highway":"tertiary"},"geometry":{"type":"LineString","coordinates":[[-62.56528,8.36329],[-62.57317,8.36649],[-62.57812,8.36675],[-62.5801,8.36624],[-62.58427,8.36181],[-62.59222,8.36376],[-62.59533,8.36352]]}},{"type":"Feature","id":"way/277385101","properties":{"highway":"trunk","ref":"T-10"},"geometry":{"type":"LineString","coordinates":[[-61.89614,7.46622],[-61.89592,7.48317],[-61.8967,7.48414],[-61.8997,7.48443]]}},{"type":"Feature","id":"way/297810364","properties":{"name":"Calle Bol\u00edvar","highway":"tertiary","ref":"L-4;R-20"},"geometry":{"type":"LineString","coordinates":[[-62.40288,8.01721],[-62.40479,8.01721]]}},{"type":"Feature","id":"way/309506071","properties":{"name":"Distribuidor Matanzas","highway":"motorway_link"},"geometry":{"type":"LineString","coordinates":[[-62.78755,8.28389],[-62.78714,8.28405]]}},{"type":"Feature","id":"way/309506072","properties":{"name":"Distribuidor Matanzas","highway":"motorway_link"},"geometry":{"type":"LineString","coordinates":[[-62.78714,8.28405],[-62.78394,8.2863]]}},{"type":"Feature","id":"way/309506073","properties":{"name":"Avenida Angosturita","highway":"motorway","ref":"T-19"},"geometry":{"type":"LineString","coordinates":[[-62.78725,8.28423],[-62.78887,8.28337]]}},{"type":"Feature","id":"way/309506074","properties":{"name":"Avenida Angosturita","highway":"motorway","ref":"T-19"},"geometry":{"type":"LineString","coordinates":[[-62.78683,8.28438],[-62.78725,8.28423]]}},{"type":"Feature","id":"way/335586218","properties":{"name":"Ruta 1 de Vista Al Sol","highway":"tertiary"},"geometry":{"type":"LineString","coordinates":[[-62.61042,8.36579],[-62.61053,8.36552]]}},{"type":"Feature","id":"way/360574540","properties":{"name":"Avenida Caracas","highway":"tertiary"},"geometry":{"type":"LineString","coordinates":[[-62.83915,8.22136],[-62.80713,8.25345]]}},{"type":"Feature","id":"way/363803076","properties":{"highway":"trunk","ref":"T-10"},"geometry":{"type":"LineString","coordinates":[[-61.14893,4.48819],[-61.14896,4.48815]]}},{"type":"Feature","id":"way/363803078","properties":{"highway":"trunk","ref":"T-10"},"geometry":{"type":"LineString","coordinates":[[-61.14886,4.48748],[-61.14889,4.488]]}},{"type":"Feature","id":"way/367474314","properties":{"name":"Puente Macagua","highway":"secondary","ref":"R-21"},"geometry":{"type":"LineString","coordinates":[[-62.66621,8.31947],[-62.66718,8.31677]]}},{"type":"Feature","id":"way/367474315","properties":{"name":"Puente Macagua","highway":"secondary","ref":"R-21"},"geometry":{"type":"LineString","coordinates":[[-62.66705,8.31673],[-62.66608,8.31942]]}},{"type":"Feature","id":"way/367474316","properties":{"name":"Avenida Leopoldo Sucre Figarella","highway":"secondary","ref":"R-21"},"geometry":{"type":"LineString","coordinates":[[-62.69259,8.28728],[-62.69503,8.28561],[-62.70385,8.28577],[-62.71581,8.29313]]}},{"type":"Feature","id":"way/371770274","properties":{"name":"Avenida Manuel Piar","highway":"tertiary","ref":"T-10"},"geometry":{"type":"LineString","coordinates":[[-62.65714,8.37736],[-62.65949,8.37608],[-62.65925,8.37519]]}},{"type":"Feature","id":"way/371770275","properties":{"name":"Avenida Guayana","highway":"trunk","ref":"T-19"},"geometry":{"type":"LineString","coordinates":[[-62.65277,8.37226],[-62.65286,8.37212]]}},{"type":"Feature","id":"way/371770283","properties":{"name":"Avenida Loefling","highway":"tertiary"},"geometry":{"type":"LineString","coordinates":[[-62.72129,8.27409],[-62.72121,8.27416]]}},{"type":"Feature","id":"way/371770284","properties":{"name":"Avenida Pac\u00edfico","highway":"tertiary"},"geometry":{"type":"LineString","coordinates":[[-62.72131,8.27426],[-62.72546,8.27655],[-62.72696,8.27855]]}},{"type":"Feature","id":"way/371770295","properties":{"name":"Entrada de Toro Muerto","highway":"tertiary"},"geometry":{"type":"LineString","coordinates":[[-62.72139,8.27417],[-62.72148,8.274]]}},{"type":"Feature","id":"way/371770298","properties":{"name":"Avenida Palomeque de Acu\u00f1a","highway":"tertiary"},"geometry":{"type":"LineString","coordinates":[[-62.62726,8.37196],[-62.63725,8.37199]]}},{"type":"Feature","id":"way/371770299","properties":{"name":"Avenida Palomeque de Acu\u00f1a","highway":"tertiary"},"geometry":{"type":"LineString","coordinates":[[-62.62726,8.37196],[-62.62245,8.37459]]}},{"type":"Feature","id":"way/371770300","properties":{"name":"Avenida Antonio Cisneros","highway":"primary","ref":"R-1"},"geometry":{"type":"LineString","coordinates":[[-62.62999,8.34597],[-62.63198,8.34515],[-62.64409,8.33258]]}},{"type":"Feature","id":"way/371770306","properties":{"name":"Avenida Antonio Cisneros","highway":"primary","ref":"R-1"},"geometry":{"type":"LineString","coordinates":[[-62.63059,8.3457],[-62.62996,8.34589]]}},{"type":"Feature","id":"way/371770316","properties":{"name":"Ruta 1 de Vista Al Sol","highway":"tertiary"},"geometry":{"type":"LineString","coordinates":[[-62.63127,8.35023],[-62.63009,8.35058]]}},{"type":"Feature","id":"way/371770319","properties":{"name":"Entrada de Toro Muerto","highway":"tertiary"},"geometry":{"type":"LineString","coordinates":[[-62.72148,8.274],[-62.72368,8.27153]]}},{"type":"Feature","id":"way/371770325","properties":{"name":"Avenida 07","highway":"tertiary"},"geometry":{"type":"LineString","coordinates":[[-62.61225,8.36187],[-62.60818,8.35988]]}},{"type":"Feature","id":"way/371770326","properties":{"name":"Avenida Libertador","highway":"tertiary"},"geometry":{"type":"LineString","coordinates":[[-62.6482,8.35445],[-62.64911,8.36259]]}},{"type":"Feature","id":"way/380785382","properties":{"name":"Autopista Guayana","highway":"motorway","ref":"T-19"},"geometry":{"type":"LineString","coordinates":[[-62.82446,8.24867],[-62.86504,8.20776]]}},{"type":"Feature","id":"way/380785383","properties":{"name":"Avenida Guayana","highway":"primary","ref":"R-42"},"geometry":{"type":"LineString","coordinates":[[-62.79478,8.27822],[-62.79101,8.2808]]}},{"type":"Feature","id":"way/380785384","properties":{"name":"Avenida Angosturita","highway":"motorway","ref":"T-19"},"geometry":{"type":"LineString","coordinates":[[-62.69874,8.34683],[-62.71115,8.34063]]}},{"type":"Feature","id":"way/403574784","properties":{"name":"Distribuidor Los Pinos","highway":"primary_link"},"geometry":{"type":"LineString","coordinates":[[-62.77851,8.27835],[-62.78131,8.27819]]}},{"type":"Feature","id":"way/403574785","properties":{"name":"Distribuidor Los Pinos","highway":"primary_link"},"geometry":{"type":"LineString","coordinates":[[-62.78131,8.27819],[-62.78201,8.27789]]}},{"type":"Feature","id":"way/403574786","properties":{"name":"Avenida Guayana","highway":"primary","ref":"R-42"},"geometry":{"type":"LineString","coordinates":[[-62.69131,8.31456],[-62.69114,8.31498]]}},{"type":"Feature","id":"way/403574787","properties":{"name":"Avenida Guayana","highway":"primary","ref":"R-42"},"geometry":{"type":"LineString","coordinates":[[-62.69114,8.31498],[-62.69115,8.32037]]}},{"type":"Feature","id":"way/403574788","properties":{"name":"Avenida Guayana","highway":"trunk","ref":"T-19"},"geometry":{"type":"LineString","coordinates":[[-62.65359,8.37104],[-62.66032,8.36487]]}},{"type":"Feature","id":"way/403574789","properties":{"name":"Avenida Guayana","highway":"trunk","ref":"T-19"},"geometry":{"type":"LineString","coordinates":[[-62.66032,8.36487],[-62.66066,8.36459]]}},{"type":"Feature","id":"way/403574792","properties":{"name":"Avenida Guayana","highway":"trunk","ref":"T-19"},"geometry":{"type":"LineString","coordinates":[[-62.66061,8.36453],[-62.66027,8.36481]]}},{"type":"Feature","id":"way/403574796","properties":{"name":"Avenida Guayana","highway":"trunk","ref":"T-19"},"geometry":{"type":"LineString","coordinates":[[-62.6649,8.36123],[-62.66061,8.36453]]}},{"type":"Feature","id":"way/406809354","properties":{"name":"Distribuidor Cachamay","highway":"primary_link"},"geometry":{"type":"LineString","coordinates":[[-62.69521,8.31117],[-62.69694,8.31026]]}},{"type":"Feature","id":"way/406809355","properties":{"name":"V\u00eda Caron\u00ed","highway":"secondary","ref":"R-21"},"geometry":{"type":"LineString","coordinates":[[-62.71913,8.29832],[-62.71826,8.29974]]}},{"type":"Feature","id":"way/406809356","properties":{"name":"V\u00eda Caron\u00ed","highway":"secondary","ref":"R-21"},"geometry":{"type":"LineString","coordinates":[[-62.72039,8.29899],[-62.71926,8.29852]]}},{"type":"Feature","id":"way/406809357","properties":{"name":"Distribuidor Cachamay","highway":"primary","ref":"R-42"},"geometry":{"type":"LineString","coordinates":[[-62.69838,8.30903],[-62.69978,8.30829]]}},{"type":"Feature","id":"way/406809358","properties":{"name":"Distribuidor Cachamay","highway":"primary","ref":"R-42"},"geometry":{"type":"LineString","coordinates":[[-62.70046,8.30786],[-62.70155,8.307]]}},{"type":"Feature","id":"way/406853431","properties":{"name":"Avenida Antonio Cisneros","highway":"trunk_link"},"geometry":{"type":"LineString","coordinates":[[-62.63059,8.3457],[-62.63,8.34545]]}},{"type":"Feature","id":"way/406990724","properties":{"name":"Entrada de El Pao","highway":"tertiary","ref":"R-1;R-16"},"geometry":{"type":"LineString","coordinates":[[-62.67784,8.03954],[-62.67806,8.03911]]}},{"type":"Feature","id":"way/406990725","properties":{"name":"V\u00eda a El Pao","highway":"primary","ref":"R-1"},"geometry":{"type":"LineString","coordinates":[[-62.67806,8.03911],[-62.67707,8.03645],[-62.67937,8.03195],[-62.67665,8.02994],[-62.67505,8.02638],[-62.67617,8.0247],[-62.676,8.02011],[-62.67751,8.01903],[-62.67594,8.01695],[-62.67579,8.01473],[-62.67235,8.01349],[-62.66345,8.01305],[-62.66072,8.01036],[-62.66074,8.00565],[-62.66255,8.00324],[-62.66182,8.0018],[-62.65557,8.00439],[-62.65013,8.0013]]}},{"type":"Feature","id":"way/412513572","properties":{"name":"Distribuidor Sisor","highway":"motorway_link"},"geometry":{"type":"LineString","coordinates":[[-62.8544,8.21793],[-62.85435,8.21679],[-62.85498,8.21762]]}},{"type":"Feature","id":"way/412513573","properties":{"name":"Distribuidor Sisor","highway":"motorway_link"},"geometry":{"type":"LineString","coordinates":[[-62.85412,8.21848],[-62.8531,8.21801],[-62.85431,8.218]]}},{"type":"Feature","id":"way/412513576","properties":{"name":"Distribuidor Sisor","highway":"motorway_link"},"geometry":{"type":"LineString","coordinates":[[-62.85431,8.218],[-62.85479,8.21847]]}},{"type":"Feature","id":"way/412513577","properties":{"name":"Distribuidor Sisor","highway":"motorway_link"},"geometry":{"type":"LineString","coordinates":[[-62.85488,8.2184],[-62.8544,8.21793]]}},{"type":"Feature","id":"way/412513579","properties":{"name":"Distribuidor Sisor","highway":"motorway_link"},"geometry":{"type":"LineString","coordinates":[[-62.85479,8.21847],[-62.8558,8.21984]]}},{"type":"Feature","id":"way/412513581","properties":{"name":"Distribuidor Sisor","highway":"motorway_link"},"geometry":{"type":"LineString","coordinates":[[-62.85622,8.21941],[-62.85488,8.2184]]}},{"type":"Feature","id":"way/412513584","properties":{"name":"Distribuidor Sisor","highway":"motorway_link"},"geometry":{"type":"LineString","coordinates":[[-62.85263,8.22017],[-62.85532,8.21984],[-62.85705,8.22104]]}},{"type":"Feature","id":"way/412513589","properties":{"name":"Distribuidor Sisor","highway":"motorway_link"},"geometry":{"type":"LineString","coordinates":[[-62.8571,8.22027],[-62.85615,8.21863],[-62.85654,8.21624]]}},{"type":"Feature","id":"way/412515006","properties":{"name":"Distribuidor Plan IV","highway":"motorway_link"},"geometry":{"type":"LineString","coordinates":[[-62.84157,8.2317],[-62.84064,8.23192],[-62.84043,8.23094],[-62.84185,8.2312]]}},{"type":"Feature","id":"way/412515007","properties":{"name":"Distribuidor Plan IV","highway":"motorway_link"},"geometry":{"type":"LineString","coordinates":[[-62.84192,8.23113],[-62.84028,8.23093],[-62.83917,8.23342],[-62.83514,8.23767]]}},{"type":"Feature","id":"way/412515009","properties":{"name":"Distribuidor Plan IV","highway":"motorway_link"},"geometry":{"type":"LineString","coordinates":[[-62.84226,8.23148],[-62.84192,8.23113]]}},{"type":"Feature","id":"way/412515010","properties":{"name":"Distribuidor Plan IV","highway":"motorway_link"},"geometry":{"type":"LineString","coordinates":[[-62.84185,8.2312],[-62.84219,8.23154]]}},{"type":"Feature","id":"way/412515011","properties":{"name":"Distribuidor Plan IV","highway":"motorway_link"},"geometry":{"type":"LineString","coordinates":[[-62.84219,8.23154],[-62.84339,8.23268]]}},{"type":"Feature","id":"way/412515012","properties":{"name":"Distribuidor Plan IV","highway":"motorway_link"},"geometry":{"type":"LineString","coordinates":[[-62.84344,8.23265],[-62.84226,8.23148]]}},{"type":"Feature","id":"way/412515013","properties":{"name":"Distribuidor Plan IV","highway":"motorway_link"},"geometry":{"type":"LineString","coordinates":[[-62.84087,8.23261],[-62.84339,8.23268]]}},{"type":"Feature","id":"way/412515015","properties":{"name":"Distribuidor Plan IV","highway":"motorway_link"},"geometry":{"type":"LineString","coordinates":[[-62.84344,8.23265],[-62.84333,8.23015]]}},{"type":"Feature","id":"way/412515951","properties":{"name":"Autopista Guayana","highway":"motorway","ref":"T-19"},"geometry":{"type":"LineString","coordinates":[[-62.82311,8.24973],[-62.79478,8.27822]]}},{"type":"Feature","id":"way/412515952","properties":{"name":"Autopista Guayana","highway":"motorway","ref":"T-19"},"geometry":{"type":"LineString","coordinates":[[-62.82399,8.24884],[-62.8234,8.24943]]}},{"type":"Feature","id":"way/412515954","properties":{"name":"Autopista Guayana","highway":"motorway","ref":"T-19"},"geometry":{"type":"LineString","coordinates":[[-62.82326,8.24987],[-62.82356,8.24958]]}},{"type":"Feature","id":"way/412515964","properties":{"name":"Autopista Guayana","highway":"motorway","ref":"T-19"},"geometry":{"type":"LineString","coordinates":[[-62.82429,8.24852],[-62.82399,8.24884]]}},{"type":"Feature","id":"way/412515973","properties":{"name":"Autopista Guayana","highway":"motorway","ref":"T-19"},"geometry":{"type":"LineString","coordinates":[[-62.8234,8.24943],[-62.82311,8.24973]]}},{"type":"Feature","id":"way/412515984","properties":{"name":"Autopista Guayana","highway":"motorway","ref":"T-19"},"geometry":{"type":"LineString","coordinates":[[-62.82417,8.24897],[-62.82446,8.24867]]}},{"type":"Feature","id":"way/412515987","properties":{"name":"Autopista Guayana","highway":"motorway","ref":"T-19"},"geometry":{"type":"LineString","coordinates":[[-62.82356,8.24958],[-62.82417,8.24897]]}},{"type":"Feature","id":"way/412515988","properties":{"name":"Autopista Guayana","highway":"motorway","ref":"T-19"},"geometry":{"type":"LineString","coordinates":[[-62.79505,8.27832],[-62.82326,8.24987]]}},{"type":"Feature","id":"way/412518616","properties":{"name":"V\u00eda Caron\u00ed","highway":"secondary","ref":"R-21"},"geometry":{"type":"LineString","coordinates":[[-62.71926,8.29852],[-62.71924,8.29829]]}},{"type":"Feature","id":"way/412522709","properties":{"name":"Avenida Caracas","highway":"tertiary"},"geometry":{"type":"LineString","coordinates":[[-62.80703,8.25374],[-62.83915,8.22136]]}},{"type":"Feature","id":"way/412522710","properties":{"name":"Avenida Atl\u00e1ntico","highway":"secondary","ref":"R-33"},"geometry":{"type":"LineString","coordinates":[[-62.71587,8.29304],[-62.7164,8.29231]]}},{"type":"Feature","id":"way/412522711","properties":{"name":"Avenida Atl\u00e1ntico","highway":"secondary","ref":"R-33"},"geometry":{"type":"LineString","coordinates":[[-62.7163,8.29225],[-62.71597,8.29273]]}},{"type":"Feature","id":"way/412524857","properties":{"name":"Distribuidor Punta Cuchillo","highway":"motorway_link"},"geometry":{"type":"LineString","coordinates":[[-62.77624,8.29438],[-62.77886,8.29213]]}},{"type":"Feature","id":"way/412524859","properties":{"name":"Distribuidor Punta Cuchillo","highway":"motorway_link"},"geometry":{"type":"LineString","coordinates":[[-62.78111,8.28918],[-62.77831,8.29157]]}},{"type":"Feature","id":"way/412529771","properties":{"name":"Avenida Norte-Sur 1","highway":"tertiary"},"geometry":{"type":"LineString","coordinates":[[-62.76381,8.32197],[-62.76395,8.32205]]}},{"type":"Feature","id":"way/412529774","properties":{"name":"Avenida Norte-Sur 1","highway":"tertiary"},"geometry":{"type":"LineString","coordinates":[[-62.76411,8.32202],[-62.76402,8.32196]]}},{"type":"Feature","id":"way/412535451","properties":{"name":"Avenida Las Americas","highway":"secondary"},"geometry":{"type":"LineString","coordinates":[[-62.71378,8.31747],[-62.71375,8.31755]]}},{"type":"Feature","id":"way/412535452","properties":{"name":"Distribuidor Cachamay","highway":"primary_link"},"geometry":{"type":"LineString","coordinates":[[-62.69694,8.31026],[-62.69817,8.30999],[-62.6991,8.31097]]}},{"type":"Feature","id":"way/412535453","properties":{"name":"Distribuidor Cachamay","highway":"primary_link"},"geometry":{"type":"LineString","coordinates":[[-62.69969,8.31055],[-62.69803,8.30973]]}},{"type":"Feature","id":"way/412536071","properties":{"name":"Avenida Guayana","highway":"primary","ref":"R-42"},"geometry":{"type":"LineString","coordinates":[[-62.71339,8.3015],[-62.72266,8.29838]]}},{"type":"Feature","id":"way/412536073","properties":{"name":"Avenida Monse\u00f1or Zabaleta","highway":"primary_link"},"geometry":{"type":"LineString","coordinates":[[-62.70595,8.30411],[-62.70813,8.304],[-62.70867,8.30556]]}},{"type":"Feature","id":"way/412536074","properties":{"name":"Avenida Monse\u00f1or Zabaleta","highway":"primary_link"},"geometry":{"type":"LineString","coordinates":[[-62.70893,8.30441],[-62.70799,8.30369],[-62.70882,8.30289]]}},{"type":"Feature","id":"way/412540298","properties":{"name":"Avenida Antonio Cisneros","highway":"primary_link"},"geometry":{"type":"LineString","coordinates":[[-62.64433,8.33155],[-62.64414,8.33238]]}},{"type":"Feature","id":"way/412540302","properties":{"name":"Avenida Gumilla","highway":"primary","ref":"R-43"},"geometry":{"type":"LineString","coordinates":[[-62.65485,8.33795],[-62.64521,8.33244]]}},{"type":"Feature","id":"way/412540307","properties":{"highway":"primary"},"geometry":{"type":"LineString","coordinates":[[-62.64409,8.33258],[-62.64455,8.33203]]}},{"type":"Feature","id":"way/412540310","properties":{"highway":"primary"},"geometry":{"type":"LineString","coordinates":[[-62.64455,8.33203],[-62.64414,8.33238]]}},{"type":"Feature","id":"way/412540312","properties":{"highway":"primary_link"},"geometry":{"type":"LineString","coordinates":[[-62.64455,8.33203],[-62.6444,8.33127]]}},{"type":"Feature","id":"way/412540314","properties":{"highway":"primary_link"},"geometry":{"type":"LineString","coordinates":[[-62.64409,8.33258],[-62.64495,8.33243]]}},{"type":"Feature","id":"way/412546033","properties":{"name":"Avenida Manuel Piar","highway":"trunk_link"},"geometry":{"type":"LineString","coordinates":[[-62.6297,8.345],[-62.62977,8.3455]]}},{"type":"Feature","id":"way/412549603","properties":{"name":"Avenida Libertador","highway":"tertiary"},"geometry":{"type":"LineString","coordinates":[[-62.64911,8.36259],[-62.64911,8.36268]]}},{"type":"Feature","id":"way/412549604","properties":{"name":"Avenida Libertador","highway":"tertiary"},"geometry":{"type":"LineString","coordinates":[[-62.64914,8.36265],[-62.64911,8.36259]]}},{"type":"Feature","id":"way/412549605","properties":{"name":"Avenida Libertador","highway":"tertiary"},"geometry":{"type":"LineString","coordinates":[[-62.64978,8.36341],[-62.64914,8.36265]]}},{"type":"Feature","id":"way/412550180","properties":{"name":"Calle 07","highway":"trunk_link"},"geometry":{"type":"LineString","coordinates":[[-62.65837,8.36686],[-62.65861,8.36661]]}},{"type":"Feature","id":"way/412550182","properties":{"highway":"trunk_link"},"geometry":{"type":"LineString","coordinates":[[-62.65841,8.36667],[-62.65861,8.36661]]}},{"type":"Feature","id":"way/412550183","properties":{"name":"Distribuidor El Centro","highway":"trunk_link"},"geometry":{"type":"LineString","coordinates":[[-62.66059,8.36492],[-62.66099,8.36477]]}},{"type":"Feature","id":"way/412550477","properties":{"highway":"trunk_link"},"geometry":{"type":"LineString","coordinates":[[-62.6643,8.36098],[-62.66408,8.36179]]}},{"type":"Feature","id":"way/412550479","properties":{"highway":"trunk_link"},"geometry":{"type":"LineString","coordinates":[[-62.6649,8.36123],[-62.6643,8.36098]]}},{"type":"Feature","id":"way/412552524","properties":{"name":"V\u00eda a El Pao","highway":"primary","ref":"R-1"},"geometry":{"type":"LineString","coordinates":[[-62.63923,8.30394],[-62.63932,8.30438]]}},{"type":"Feature","id":"way/412552528","properties":{"name":"Avenida Gumilla","highway":"primary","ref":"R-1"},"geometry":{"type":"LineString","coordinates":[[-62.63932,8.30438],[-62.64433,8.33155]]}},{"type":"Feature","id":"way/412552530","properties":{"name":"Avenida Gumilla","highway":"primary","ref":"R-1"},"geometry":{"type":"LineString","coordinates":[[-62.6444,8.33127],[-62.63932,8.30438]]}},{"type":"Feature","id":"way/412553866","properties":{"name":"Avenida Atl\u00e1ntico","highway":"secondary","ref":"R-33"},"geometry":{"type":"LineString","coordinates":[[-62.78497,8.24989],[-62.78789,8.24642],[-62.79693,8.24279]]}},{"type":"Feature","id":"way/412555079","properties":{"name":"Avenida Atl\u00e1ntico","highway":"secondary","ref":"R-33"},"geometry":{"type":"LineString","coordinates":[[-62.73311,8.27487],[-62.73284,8.27501]]}},{"type":"Feature","id":"way/412555084","properties":{"name":"Avenida Atl\u00e1ntico","highway":"secondary","ref":"R-33"},"geometry":{"type":"LineString","coordinates":[[-62.73284,8.27501],[-62.72703,8.2785]]}},{"type":"Feature","id":"way/412555105","properties":{"name":"Avenida Atl\u00e1ntico","highway":"secondary","ref":"R-33"},"geometry":{"type":"LineString","coordinates":[[-62.7329,8.2751],[-62.73315,8.27495]]}},{"type":"Feature","id":"way/412555111","properties":{"name":"Avenida Atl\u00e1ntico","highway":"secondary","ref":"R-33"},"geometry":{"type":"LineString","coordinates":[[-62.7164,8.29231],[-62.72346,8.28134],[-62.7271,8.2786]]}},{"type":"Feature","id":"way/412555124","properties":{"name":"Carrera Guri","highway":"tertiary"},"geometry":{"type":"LineString","coordinates":[[-62.72799,8.28014],[-62.7273,8.27899]]}},{"type":"Feature","id":"way/412555144","properties":{"name":"Avenida Guarapiche","highway":"tertiary"},"geometry":{"type":"LineString","coordinates":[[-62.74576,8.26642],[-62.74633,8.26911]]}},{"type":"Feature","id":"way/412844422","properties":{"name":"Carretera Nacional Upata - Guasipati","highway":"trunk","ref":"T-10"},"geometry":{"type":"LineString","coordinates":[[-62.3905,8.00509],[-62.38708,8.00243]]}},{"type":"Feature","id":"way/412844423","properties":{"name":"Carretera Nacional Upata - Guasipati","highway":"trunk","ref":"T-10;L-4;R-20"},"geometry":{"type":"LineString","coordinates":[[-62.39064,8.0052],[-62.3905,8.00509]]}},{"type":"Feature","id":"way/412844427","properties":{"name":"Carretera Nacional Upata - Guasipati","highway":"trunk","ref":"T-10"},"geometry":{"type":"LineString","coordinates":[[-62.38708,8.00243],[-62.39007,8.00535]]}},{"type":"Feature","id":"way/412844428","properties":{"name":"Avenida Ra\u00fal Leoni","highway":"trunk","ref":"T-10;L-4;R-20"},"geometry":{"type":"LineString","coordinates":[[-62.39085,8.00616],[-62.39089,8.00614]]}},{"type":"Feature","id":"way/412844429","properties":{"name":"Carretera Nacional Upata - Guasipati","highway":"trunk","ref":"T-10;L-4;R-20"},"geometry":{"type":"LineString","coordinates":[[-62.39007,8.00535],[-62.39013,8.00554]]}},{"type":"Feature","id":"way/432634851","properties":{"name":"V\u00eda a Santa B\u00e1rbara","highway":"tertiary","ref":"R-9"},"geometry":{"type":"LineString","coordinates":[[-63.31182,7.36997],[-63.31171,7.36932],[-63.30185,7.36744],[-63.29207,7.36631],[-63.28758,7.36408],[-63.28631,7.36175],[-63.28165,7.35881],[-63.27687,7.35234]]}},{"type":"Feature","id":"way/472434717","properties":{"highway":"trunk","ref":"T-10"},"geometry":{"type":"LineString","coordinates":[[-61.14896,4.48815],[-61.14894,4.488]]}},{"type":"Feature","id":"way/472434718","properties":{"highway":"trunk","ref":"T-10"},"geometry":{"type":"LineString","coordinates":[[-61.14894,4.488],[-61.14886,4.48748]]}},{"type":"Feature","id":"way/472434719","properties":{"highway":"trunk","ref":"T-10"},"geometry":{"type":"LineString","coordinates":[[-61.1489,4.48816],[-61.14893,4.48819]]}},{"type":"Feature","id":"way/472434720","properties":{"highway":"trunk","ref":"T-10"},"geometry":{"type":"LineString","coordinates":[[-61.14889,4.488],[-61.1489,4.48816]]}},{"type":"Feature","id":"way/479254936","properties":{"name":"Avenida Caracas","highway":"tertiary"},"geometry":{"type":"LineString","coordinates":[[-62.7834,8.27713],[-62.79706,8.2638]]}},{"type":"Feature","id":"way/479254938","properties":{"name":"Distribuidor Los Pinos","highway":"primary_link"},"geometry":{"type":"LineString","coordinates":[[-62.78315,8.27708],[-62.77893,8.27798]]}},{"type":"Feature","id":"way/479254939","properties":{"name":"Avenida Atl\u00e1ntico","highway":"tertiary"},"geometry":{"type":"LineString","coordinates":[[-62.79742,8.2426],[-62.80067,8.24047],[-62.80944,8.22729],[-62.81595,8.22043],[-62.81746,8.2176]]}},{"type":"Feature","id":"way/479254940","properties":{"name":"Avenida Atl\u00e1ntico","highway":"secondary","ref":"R-33"},"geometry":{"type":"LineString","coordinates":[[-62.79688,8.24268],[-62.7878,8.24634],[-62.78489,8.24983]]}},{"type":"Feature","id":"way/479358110","properties":{"name":"Distribuidor Ferrominera","highway":"motorway_link"},"geometry":{"type":"LineString","coordinates":[[-62.72993,8.32492],[-62.73154,8.32578]]}},{"type":"Feature","id":"way/479358111","properties":{"name":"Avenida Principal de Castillito","highway":"secondary"},"geometry":{"type":"LineString","coordinates":[[-62.73019,8.32492],[-62.71712,8.31921]]}},{"type":"Feature","id":"way/479391329","properties":{"name":"Avenida Norte-Sur 1","highway":"secondary"},"geometry":{"type":"LineString","coordinates":[[-62.74214,8.26996],[-62.74211,8.26987]]}},{"type":"Feature","id":"way/479391330","properties":{"name":"Avenida Guarapiche","highway":"tertiary"},"geometry":{"type":"LineString","coordinates":[[-62.75075,8.2795],[-62.75069,8.27703]]}},{"type":"Feature","id":"way/479391333","properties":{"name":"Avenida Principal de Unare","highway":"tertiary"},"geometry":{"type":"LineString","coordinates":[[-62.76405,8.274],[-62.7653,8.27783]]}},{"type":"Feature","id":"way/479391334","properties":{"name":"Avenida Principal de Unare","highway":"tertiary"},"geometry":{"type":"LineString","coordinates":[[-62.76446,8.2752],[-62.76416,8.27396]]}},{"type":"Feature","id":"way/479391337","properties":{"name":"Avenida Principal de Unare","highway":"tertiary"},"geometry":{"type":"LineString","coordinates":[[-62.76416,8.27396],[-62.7643,8.27175]]}},{"type":"Feature","id":"way/479391342","properties":{"name":"Distribuidor Punta Cuchillo","highway":"motorway_link"},"geometry":{"type":"LineString","coordinates":[[-62.77886,8.29213],[-62.78124,8.28932]]}},{"type":"Feature","id":"way/496956500","properties":{"name":"Avenida Guarapiche","highway":"tertiary"},"geometry":{"type":"LineString","coordinates":[[-62.74475,8.26459],[-62.74294,8.26074],[-62.7375,8.25848]]}},{"type":"Feature","id":"way/497274620","properties":{"name":"Carretera Regional Upata - El Palmar","highway":"primary","ref":"L-2;R-60"},"geometry":{"type":"LineString","coordinates":[[-62.3085,7.95275],[-62.30641,7.95338],[-62.30263,7.96191],[-62.29232,7.96427],[-62.28615,7.9641],[-62.27436,7.96145],[-62.25864,7.95588],[-62.25554,7.95619],[-62.25328,7.95523],[-62.24213,7.95817],[-62.22847,7.96005],[-62.22328,7.96253],[-62.21826,7.96045],[-62.2056,7.96007],[-62.19592,7.96125],[-62.18175,7.9694],[-62.16118,7.97066],[-62.15094,7.9734],[-62.14886,7.97279],[-62.14535,7.97392],[-62.14211,7.97254],[-62.13777,7.9749],[-62.12755,7.97772],[-62.1215,7.97598],[-62.11507,7.97577],[-62.08365,7.98606],[-62.07399,7.99076],[-62.05144,7.99874],[-62.04692,8.00304],[-62.03275,8.00896],[-62.01851,8.01951],[-62.01451,8.02131],[-62.00548,8.02105],[-61.99461,8.02216],[-61.99096,8.02042],[-61.98539,8.02189],[-61.98043,8.02461],[-61.97522,8.02374],[-61.96614,8.0249],[-61.94965,8.02915],[-61.93675,8.02572],[-61.93164,8.02217],[-61.92895,8.01746],[-61.92396,8.01484],[-61.9219,8.01269],[-61.91149,8.0121]]}},{"type":"Feature","id":"way/497274632","properties":{"name":"Carretera El Palmar - Villa Lola","highway":"secondary","ref":"L-2"},"geometry":{"type":"LineString","coordinates":[[-62.06539,7.86351],[-62.05185,7.88667],[-62.05072,7.8943],[-62.03113,7.90886],[-61.99524,7.9226],[-61.98404,7.92207],[-61.98068,7.92367],[-61.97812,7.92893],[-61.97566,7.93015],[-61.97322,7.93409],[-61.9705,7.93424],[-61.96633,7.9373],[-61.96323,7.94428],[-61.95528,7.95102],[-61.95283,7.95147],[-61.94718,7.95512],[-61.94851,7.96434],[-61.92646,7.97855],[-61.92458,7.98533],[-61.92025,7.9939],[-61.91573,7.99826],[-61.91397,8.00487],[-61.91096,8.00696],[-61.91083,8.01011]]}},{"type":"Feature","id":"way/497274633","properties":{"name":"Carretera El Palmar - Villa Lola","highway":"secondary","ref":"L-2"},"geometry":{"type":"LineString","coordinates":[[-62.06565,7.86238],[-62.06539,7.86351]]}},{"type":"Feature","id":"way/497274634","properties":{"name":"Carretera El Palmar - Villa Lola","highway":"secondary","ref":"L-2"},"geometry":{"type":"LineString","coordinates":[[-62.06539,7.86351],[-62.06684,7.86317]]}},{"type":"Feature","id":"way/506579933","properties":{"highway":"tertiary","ref":"L-4;R-20"},"geometry":{"type":"LineString","coordinates":[[-62.40229,8.01268],[-62.40228,8.01272]]}},{"type":"Feature","id":"way/506579935","properties":{"name":"Calle Sucre","highway":"primary","ref":"L-4;R-2"},"geometry":{"type":"LineString","coordinates":[[-62.40821,8.0165],[-62.40626,8.01649]]}},{"type":"Feature","id":"way/506579937","properties":{"name":"V\u00eda a Guri","highway":"primary","ref":"L-4"},"geometry":{"type":"LineString","coordinates":[[-62.41104,8.01723],[-62.42216,8.01414],[-62.42864,8.01566],[-62.43229,8.01233],[-62.44674,8.00366],[-62.46468,8.00091],[-62.46958,7.99812],[-62.47225,7.99911],[-62.47477,7.99855],[-62.47781,7.99703],[-62.47829,7.99511],[-62.48092,7.99257],[-62.48439,7.99224],[-62.4875,7.98969],[-62.49366,7.9824],[-62.51,7.97714],[-62.51685,7.97678],[-62.52069,7.97351],[-62.52438,7.97394],[-62.52596,7.97885],[-62.52938,7.98089],[-62.5356,7.97795],[-62.53921,7.97794],[-62.54172,7.97948],[-62.54707,7.97884],[-62.55685,7.97243],[-62.56057,7.97228],[-62.56375,7.97084],[-62.57051,7.97095],[-62.58032,7.97431],[-62.58983,7.97596],[-62.5979,7.9728],[-62.60984,7.97311],[-62.62884,7.96734],[-62.64036,7.96621]]}},{"type":"Feature","id":"way/506579938","properties":{"name":"Calle Vargas","highway":"primary","ref":"L-4;R-2"},"geometry":{"type":"LineString","coordinates":[[-62.40815,8.01726],[-62.40821,8.0165]]}},{"type":"Feature","id":"way/506579939","properties":{"name":"Calle Ayacucho","highway":"primary","ref":"L-4;R-2"},"geometry":{"type":"LineString","coordinates":[[-62.40726,8.01918],[-62.40729,8.01964]]}},{"type":"Feature","id":"way/523703612","properties":{"name":"Avenida Guayana","highway":"trunk","ref":"T-19"},"geometry":{"type":"LineString","coordinates":[[-62.65455,8.36899],[-62.65321,8.37136]]}},{"type":"Feature","id":"way/523721650","properties":{"name":"Carretera Regional San F\u00e9lix - El Triunfo","highway":"primary","ref":"L-3"},"geometry":{"type":"LineString","coordinates":[[-62.58741,8.40901],[-62.58452,8.41217],[-62.58,8.41346],[-62.57383,8.41924],[-62.56949,8.42145],[-62.56243,8.42054],[-62.55756,8.42111],[-62.55155,8.41621],[-62.54735,8.41591],[-62.53834,8.41237],[-62.53174,8.41718],[-62.52419,8.41978],[-62.5161,8.42154],[-62.51361,8.42078]]}},{"type":"Feature","id":"way/523804643","properties":{"name":"Avenida Las Am\u00e9ricas","highway":"secondary"},"geometry":{"type":"LineString","coordinates":[[-62.72483,8.30149],[-62.72195,8.30462]]}},{"type":"Feature","id":"way/524393934","properties":{"name":"Avenida Paseo Caron\u00ed","highway":"tertiary"},"geometry":{"type":"LineString","coordinates":[[-62.74531,8.28604],[-62.75185,8.28379]]}},{"type":"Feature","id":"way/524395701","properties":{"name":"Avenida Norte-Sur 1","highway":"secondary"},"geometry":{"type":"LineString","coordinates":[[-62.74202,8.26991],[-62.74205,8.27]]}},{"type":"Feature","id":"way/524436342","properties":{"name":"Avenida Norte-Sur 1","highway":"secondary"},"geometry":{"type":"LineString","coordinates":[[-62.7446,8.2782],[-62.74461,8.27849]]}},{"type":"Feature","id":"way/524436343","properties":{"name":"Avenida Norte-Sur 1","highway":"secondary"},"geometry":{"type":"LineString","coordinates":[[-62.74461,8.27849],[-62.745,8.28612]]}},{"type":"Feature","id":"way/524436344","properties":{"name":"Avenida Norte-Sur 1","highway":"secondary"},"geometry":{"type":"LineString","coordinates":[[-62.74472,8.27821],[-62.74214,8.26996]]}},{"type":"Feature","id":"way/524436345","properties":{"name":"Avenida Norte-Sur 1","highway":"secondary"},"geometry":{"type":"LineString","coordinates":[[-62.74473,8.2785],[-62.74472,8.27821]]}},{"type":"Feature","id":"way/524471943","properties":{"name":"Avenida Atl\u00e1ntico","highway":"secondary","ref":"R-33"},"geometry":{"type":"LineString","coordinates":[[-62.74205,8.27],[-62.74634,8.26926]]}},{"type":"Feature","id":"way/524471944","properties":{"name":"Avenida Norte-Sur 1","highway":"secondary"},"geometry":{"type":"LineString","coordinates":[[-62.74205,8.27],[-62.7446,8.2782]]}},{"type":"Feature","id":"way/524471945","properties":{"name":"Avenida Atl\u00e1ntico","highway":"secondary","ref":"R-33"},"geometry":{"type":"LineString","coordinates":[[-62.73853,8.27177],[-62.73311,8.27487]]}},{"type":"Feature","id":"way/524471946","properties":{"name":"Carrera Guri","highway":"tertiary"},"geometry":{"type":"LineString","coordinates":[[-62.7271,8.2786],[-62.72703,8.2785]]}},{"type":"Feature","id":"way/524471947","properties":{"name":"Avenida Atl\u00e1ntico","highway":"secondary","ref":"R-33"},"geometry":{"type":"LineString","coordinates":[[-62.7271,8.2786],[-62.7329,8.2751]]}},{"type":"Feature","id":"way/524471948","properties":{"name":"Avenida Atl\u00e1ntico","highway":"secondary","ref":"R-33"},"geometry":{"type":"LineString","coordinates":[[-62.72703,8.2785],[-62.72696,8.27855]]}},{"type":"Feature","id":"way/524642926","properties":{"name":"Carrera Roma","highway":"tertiary"},"geometry":{"type":"LineString","coordinates":[[-62.72859,8.28767],[-62.72667,8.28565],[-62.72259,8.28531]]}},{"type":"Feature","id":"way/524674732","properties":{"name":"Avenida Paseo Caron\u00ed","highway":"tertiary"},"geometry":{"type":"LineString","coordinates":[[-62.75185,8.28366],[-62.74514,8.28603]]}},{"type":"Feature","id":"way/524674733","properties":{"name":"Avenida Guarapiche","highway":"tertiary"},"geometry":{"type":"LineString","coordinates":[[-62.75185,8.28366],[-62.7518,8.28352]]}},{"type":"Feature","id":"way/524674735","properties":{"name":"Avenida Guayana","highway":"primary","ref":"R-42"},"geometry":{"type":"LineString","coordinates":[[-62.75404,8.28713],[-62.75951,8.28602],[-62.76372,8.28364],[-62.77578,8.2796]]}},{"type":"Feature","id":"way/524674736","properties":{"highway":"primary_link"},"geometry":{"type":"LineString","coordinates":[[-62.75404,8.28713],[-62.75458,8.28732]]}},{"type":"Feature","id":"way/524674737","properties":{"highway":"primary_link"},"geometry":{"type":"LineString","coordinates":[[-62.75206,8.2876],[-62.75188,8.28704]]}},{"type":"Feature","id":"way/524674738","properties":{"highway":"primary_link"},"geometry":{"type":"LineString","coordinates":[[-62.75179,8.28707],[-62.75197,8.28763]]}},{"type":"Feature","id":"way/524674739","properties":{"highway":"primary_link"},"geometry":{"type":"LineString","coordinates":[[-62.75197,8.28763],[-62.75265,8.2876]]}},{"type":"Feature","id":"way/524674740","properties":{"highway":"primary_link"},"geometry":{"type":"LineString","coordinates":[[-62.75187,8.28788],[-62.75206,8.2876]]}},{"type":"Feature","id":"way/524674741","properties":{"highway":"primary_link"},"geometry":{"type":"LineString","coordinates":[[-62.75244,8.28746],[-62.75215,8.28696]]}},{"type":"Feature","id":"way/524674742","properties":{"highway":"primary_link"},"geometry":{"type":"LineString","coordinates":[[-62.75148,8.28718],[-62.75156,8.28777]]}},{"type":"Feature","id":"way/524674744","properties":{"name":"Calle Never\u00ed","highway":"tertiary"},"geometry":{"type":"LineString","coordinates":[[-62.75289,8.28667],[-62.75188,8.28704]]}},{"type":"Feature","id":"way/524677244","properties":{"highway":"primary_link"},"geometry":{"type":"LineString","coordinates":[[-62.75915,8.28398],[-62.75899,8.28426]]}},{"type":"Feature","id":"way/524720405","properties":{"name":"Avenida Guarapiche","highway":"tertiary"},"geometry":{"type":"LineString","coordinates":[[-62.7518,8.28352],[-62.75174,8.28337]]}},{"type":"Feature","id":"way/524720406","properties":{"name":"Avenida Guarapiche","highway":"tertiary"},"geometry":{"type":"LineString","coordinates":[[-62.75172,8.28331],[-62.75075,8.2795]]}},{"type":"Feature","id":"way/524720407","properties":{"name":"Avenida Guarapiche","highway":"tertiary"},"geometry":{"type":"LineString","coordinates":[[-62.7517,8.28355],[-62.75175,8.2837]]}},{"type":"Feature","id":"way/524720408","properties":{"name":"Avenida Guarapiche","highway":"tertiary"},"geometry":{"type":"LineString","coordinates":[[-62.75164,8.2834],[-62.7517,8.28355]]}},{"type":"Feature","id":"way/524727986","properties":{"name":"Avenida Paseo Caron\u00ed","highway":"tertiary"},"geometry":{"type":"LineString","coordinates":[[-62.75699,8.28195],[-62.75954,8.28105]]}},{"type":"Feature","id":"way/524727987","properties":{"name":"Avenida Paseo Caron\u00ed","highway":"tertiary"},"geometry":{"type":"LineString","coordinates":[[-62.75692,8.28181],[-62.75185,8.28366]]}},{"type":"Feature","id":"way/524735717","properties":{"name":"Avenida Principal de Unare","highway":"tertiary"},"geometry":{"type":"LineString","coordinates":[[-62.76691,8.28196],[-62.76682,8.28168]]}},{"type":"Feature","id":"way/524735718","properties":{"name":"Avenida Principal de Unare","highway":"tertiary"},"geometry":{"type":"LineString","coordinates":[[-62.76682,8.28198],[-62.76735,8.28234]]}},{"type":"Feature","id":"way/524735719","properties":{"highway":"primary_link"},"geometry":{"type":"LineString","coordinates":[[-62.76682,8.28198],[-62.76644,8.28245]]}},{"type":"Feature","id":"way/524742284","properties":{"name":"Avenida Paseo Caron\u00ed","highway":"tertiary"},"geometry":{"type":"LineString","coordinates":[[-62.75954,8.28105],[-62.778,8.27441],[-62.78521,8.26898]]}},{"type":"Feature","id":"way/524797898","properties":{"name":"Avenida Guarapiche","highway":"tertiary"},"geometry":{"type":"LineString","coordinates":[[-62.75143,8.28284],[-62.75161,8.28333]]}},{"type":"Feature","id":"way/524797904","properties":{"name":"Avenida Guarapiche","highway":"tertiary"},"geometry":{"type":"LineString","coordinates":[[-62.75088,8.28133],[-62.75143,8.28284]]}},{"type":"Feature","id":"way/524799529","properties":{"name":"Avenida Guarapiche","highway":"tertiary"},"geometry":{"type":"LineString","coordinates":[[-62.75054,8.27578],[-62.75088,8.28133]]}},{"type":"Feature","id":"way/524899893","properties":{"name":"Avenida Guarapiche","highway":"tertiary"},"geometry":{"type":"LineString","coordinates":[[-62.74674,8.27071],[-62.74863,8.27234]]}},{"type":"Feature","id":"way/524908287","properties":{"name":"Avenida Atl\u00e1ntico","highway":"secondary","ref":"R-33"},"geometry":{"type":"LineString","coordinates":[[-62.75537,8.2672],[-62.76193,8.26587]]}},{"type":"Feature","id":"way/524920496","properties":{"name":"Avenida Guarapiche","highway":"tertiary"},"geometry":{"type":"LineString","coordinates":[[-62.74868,8.27226],[-62.74647,8.26924]]}},{"type":"Feature","id":"way/524924370","properties":{"name":"Avenida Guarapiche","highway":"tertiary"},"geometry":{"type":"LineString","coordinates":[[-62.75069,8.27703],[-62.75034,8.27402],[-62.74868,8.27226]]}},{"type":"Feature","id":"way/524945600","properties":{"name":"Avenida Paseo Caron\u00ed","highway":"tertiary"},"geometry":{"type":"LineString","coordinates":[[-62.76563,8.27873],[-62.75692,8.28181]]}},{"type":"Feature","id":"way/524945602","properties":{"name":"Avenida Principal de Unare","highway":"tertiary"},"geometry":{"type":"LineString","coordinates":[[-62.76563,8.27873],[-62.76671,8.28172]]}},{"type":"Feature","id":"way/524945604","properties":{"name":"Avenida Paseo Caron\u00ed","highway":"tertiary"},"geometry":{"type":"LineString","coordinates":[[-62.77475,8.27551],[-62.76563,8.27873]]}},{"type":"Feature","id":"way/524945605","properties":{"name":"Avenida Norte-Sur 4","highway":"secondary"},"geometry":{"type":"LineString","coordinates":[[-62.77475,8.27551],[-62.77572,8.27866]]}},{"type":"Feature","id":"way/524945611","properties":{"name":"Avenida Principal de Unare","highway":"tertiary"},"geometry":{"type":"LineString","coordinates":[[-62.7653,8.27783],[-62.76563,8.27873]]}},{"type":"Feature","id":"way/524977722","properties":{"name":"Avenida Principal de Unare","highway":"tertiary"},"geometry":{"type":"LineString","coordinates":[[-62.76419,8.27175],[-62.76405,8.274]]}},{"type":"Feature","id":"way/525007530","properties":{"name":"Avenida Atl\u00e1ntico","highway":"secondary","ref":"R-33"},"geometry":{"type":"LineString","coordinates":[[-62.75889,8.26626],[-62.75347,8.26764]]}},{"type":"Feature","id":"way/525007532","properties":{"name":"Avenida Atl\u00e1ntico","highway":"secondary","ref":"R-33"},"geometry":{"type":"LineString","coordinates":[[-62.76193,8.26587],[-62.76494,8.26534]]}},{"type":"Feature","id":"way/525056385","properties":{"name":"Avenida Principal de Unare","highway":"tertiary"},"geometry":{"type":"LineString","coordinates":[[-62.76484,8.26635],[-62.76474,8.26567]]}},{"type":"Feature","id":"way/525260242","properties":{"name":"Avenida Paseo Caron\u00ed","highway":"tertiary"},"geometry":{"type":"LineString","coordinates":[[-62.75185,8.28379],[-62.75699,8.28195]]}},{"type":"Feature","id":"way/525260243","properties":{"name":"Avenida Guarapiche","highway":"tertiary"},"geometry":{"type":"LineString","coordinates":[[-62.75185,8.28379],[-62.75185,8.28366]]}},{"type":"Feature","id":"way/525260248","properties":{"name":"Avenida Guayana","highway":"primary","ref":"R-42"},"geometry":{"type":"LineString","coordinates":[[-62.75187,8.28788],[-62.75404,8.28713]]}},{"type":"Feature","id":"way/525260249","properties":{"name":"Calle Never\u00ed","highway":"tertiary"},"geometry":{"type":"LineString","coordinates":[[-62.75188,8.28704],[-62.75179,8.28707]]}},{"type":"Feature","id":"way/525262464","properties":{"name":"Carrera Roma","highway":"tertiary"},"geometry":{"type":"LineString","coordinates":[[-62.72259,8.28531],[-62.72089,8.28511]]}},{"type":"Feature","id":"way/525262623","properties":{"name":"Avenida Atl\u00e1ntico","highway":"secondary","ref":"R-33"},"geometry":{"type":"LineString","coordinates":[[-62.7171,8.29118],[-62.7163,8.29225]]}},{"type":"Feature","id":"way/525262761","properties":{"name":"V\u00eda Colombia","highway":"secondary","ref":"R-33"},"geometry":{"type":"LineString","coordinates":[[-62.71316,8.29937],[-62.71391,8.30285],[-62.71941,8.30774]]}},{"type":"Feature","id":"way/525263421","properties":{"name":"Avenida Atl\u00e1ntico","highway":"secondary","ref":"R-33"},"geometry":{"type":"LineString","coordinates":[[-62.72089,8.28511],[-62.72016,8.28635]]}},{"type":"Feature","id":"way/525263422","properties":{"name":"Carrera Roma","highway":"tertiary"},"geometry":{"type":"LineString","coordinates":[[-62.72089,8.28511],[-62.71928,8.28327]]}},{"type":"Feature","id":"way/525263424","properties":{"name":"Avenida Atl\u00e1ntico","highway":"secondary","ref":"R-33"},"geometry":{"type":"LineString","coordinates":[[-62.71912,8.28818],[-62.7171,8.29118]]}},{"type":"Feature","id":"way/525263431","properties":{"name":"Avenida Loefling","highway":"tertiary"},"geometry":{"type":"LineString","coordinates":[[-62.71943,8.27603],[-62.72131,8.27426]]}},{"type":"Feature","id":"way/525263432","properties":{"name":"Carretera Intercomunal Mini Fincas - Toro Muerto","highway":"tertiary"},"geometry":{"type":"LineString","coordinates":[[-62.72391,8.26838],[-62.72053,8.26333],[-62.72437,8.25768],[-62.72411,8.2554]]}},{"type":"Feature","id":"way/525263433","properties":{"name":"Avenida Loefling","highway":"tertiary"},"geometry":{"type":"LineString","coordinates":[[-62.72121,8.27416],[-62.71618,8.2788]]}},{"type":"Feature","id":"way/525263434","properties":{"name":"Avenida Atl\u00e1ntico","highway":"secondary","ref":"R-33"},"geometry":{"type":"LineString","coordinates":[[-62.72696,8.27855],[-62.72415,8.28037],[-62.72089,8.28511]]}},{"type":"Feature","id":"way/525263435","properties":{"name":"Carrera Mil\u00e1n","highway":"tertiary"},"geometry":{"type":"LineString","coordinates":[[-62.72016,8.28635],[-62.72496,8.2873],[-62.72795,8.29267]]}},{"type":"Feature","id":"way/525263436","properties":{"name":"Avenida Atl\u00e1ntico","highway":"secondary","ref":"R-33"},"geometry":{"type":"LineString","coordinates":[[-62.72016,8.28635],[-62.71912,8.28818]]}},{"type":"Feature","id":"way/525263528","properties":{"name":"V\u00eda Italia","highway":"tertiary"},"geometry":{"type":"LineString","coordinates":[[-62.71819,8.28226],[-62.71625,8.27893]]}},{"type":"Feature","id":"way/525263529","properties":{"name":"Pacifico","highway":"tertiary"},"geometry":{"type":"LineString","coordinates":[[-62.71618,8.2788],[-62.71612,8.27884]]}},{"type":"Feature","id":"way/525265601","properties":{"name":"Avenida Las Am\u00e9ricas","highway":"secondary"},"geometry":{"type":"LineString","coordinates":[[-62.71644,8.31166],[-62.71515,8.31443]]}},{"type":"Feature","id":"way/525265603","properties":{"name":"Avenida V\u00eda Venezuela","highway":"tertiary"},"geometry":{"type":"LineString","coordinates":[[-62.71644,8.31166],[-62.71658,8.31173]]}},{"type":"Feature","id":"way/525265605","properties":{"name":"Avenida Ciudad Bol\u00edvar","highway":"tertiary"},"geometry":{"type":"LineString","coordinates":[[-62.72005,8.3134],[-62.71866,8.3162]]}},{"type":"Feature","id":"way/525265608","properties":{"name":"Paseo Rotario","highway":"tertiary"},"geometry":{"type":"LineString","coordinates":[[-62.72005,8.3134],[-62.72016,8.31343]]}},{"type":"Feature","id":"way/525265610","properties":{"name":"Avenida Principal de Castillito","highway":"secondary"},"geometry":{"type":"LineString","coordinates":[[-62.71712,8.31921],[-62.71369,8.31743]]}},{"type":"Feature","id":"way/525265613","properties":{"name":"Avenida Ciudad Bol\u00edvar","highway":"tertiary"},"geometry":{"type":"LineString","coordinates":[[-62.71712,8.31921],[-62.71708,8.3193]]}},{"type":"Feature","id":"way/525265615","properties":{"name":"Avenida Las Am\u00e9ricas","highway":"secondary"},"geometry":{"type":"LineString","coordinates":[[-62.71665,8.31159],[-62.71685,8.3112]]}},{"type":"Feature","id":"way/525265616","properties":{"name":"Avenida V\u00eda Venezuela","highway":"tertiary"},"geometry":{"type":"LineString","coordinates":[[-62.71665,8.31159],[-62.71503,8.31]]}},{"type":"Feature","id":"way/525265619","properties":{"name":"Paseo Rotario","highway":"tertiary"},"geometry":{"type":"LineString","coordinates":[[-62.717,8.31175],[-62.71665,8.31159]]}},{"type":"Feature","id":"way/525265621","properties":{"name":"Avenida Las Am\u00e9ricas","highway":"secondary"},"geometry":{"type":"LineString","coordinates":[[-62.71685,8.3112],[-62.72189,8.30508]]}},{"type":"Feature","id":"way/525266954","properties":{"name":"Avenida Principal de Castillito","highway":"secondary"},"geometry":{"type":"LineString","coordinates":[[-62.70058,8.31097],[-62.69969,8.31055]]}},{"type":"Feature","id":"way/525266955","properties":{"name":"Avenida Guayana","highway":"primary","ref":"R-42"},"geometry":{"type":"LineString","coordinates":[[-62.70155,8.307],[-62.70717,8.30349],[-62.71305,8.3016]]}},{"type":"Feature","id":"way/525268684","properties":{"name":"Avenida Ciudad Bol\u00edvar","highway":"tertiary"},"geometry":{"type":"LineString","coordinates":[[-62.71961,8.3145],[-62.72016,8.31343]]}},{"type":"Feature","id":"way/525268685","properties":{"name":"Avenida V\u00eda Venezuela","highway":"tertiary"},"geometry":{"type":"LineString","coordinates":[[-62.72539,8.31569],[-62.72819,8.31718],[-62.72899,8.32111],[-62.72783,8.32398]]}},{"type":"Feature","id":"way/525268686","properties":{"name":"Avenida Estados Unidos","highway":"tertiary"},"geometry":{"type":"LineString","coordinates":[[-62.72561,8.31426],[-62.72539,8.31569]]}},{"type":"Feature","id":"way/525268690","properties":{"name":"Avenida Estados Unidos","highway":"tertiary"},"geometry":{"type":"LineString","coordinates":[[-62.72503,8.31077],[-62.72511,8.31129]]}},{"type":"Feature","id":"way/525268845","properties":{"name":"Avenida Ciudad Bol\u00edvar","highway":"tertiary"},"geometry":{"type":"LineString","coordinates":[[-62.71873,8.31624],[-62.71961,8.3145]]}},{"type":"Feature","id":"way/525268847","properties":{"name":"Avenida V\u00eda Venezuela","highway":"tertiary"},"geometry":{"type":"LineString","coordinates":[[-62.71503,8.31],[-62.71457,8.30881]]}},{"type":"Feature","id":"way/525268848","properties":{"name":"Avenida V\u00eda Venezuela","highway":"tertiary"},"geometry":{"type":"LineString","coordinates":[[-62.71457,8.30881],[-62.70857,8.30824]]}},{"type":"Feature","id":"way/525268858","properties":{"name":"Avenida Monse\u00f1or Zabaleta","highway":"tertiary"},"geometry":{"type":"LineString","coordinates":[[-62.70856,8.30838],[-62.70975,8.31168],[-62.71522,8.31452]]}},{"type":"Feature","id":"way/525268859","properties":{"name":"Avenida Monse\u00f1or Zabaleta","highway":"tertiary"},"geometry":{"type":"LineString","coordinates":[[-62.70861,8.30668],[-62.70856,8.30838]]}},{"type":"Feature","id":"way/525268861","properties":{"name":"Avenida Ciudad Bol\u00edvar","highway":"tertiary"},"geometry":{"type":"LineString","coordinates":[[-62.71866,8.3162],[-62.71712,8.31921]]}},{"type":"Feature","id":"way/525268974","properties":{"name":"Carrera Mil\u00e1n","highway":"tertiary"},"geometry":{"type":"LineString","coordinates":[[-62.71888,8.28487],[-62.72016,8.28635]]}},{"type":"Feature","id":"way/525270809","properties":{"name":"Avenida Las Am\u00e9ricas","highway":"secondary"},"geometry":{"type":"LineString","coordinates":[[-62.71369,8.31743],[-62.71366,8.31751]]}},{"type":"Feature","id":"way/525270810","properties":{"name":"Avenida Principal de Castillito","highway":"secondary"},"geometry":{"type":"LineString","coordinates":[[-62.71369,8.31743],[-62.70058,8.31097]]}},{"type":"Feature","id":"way/525270811","properties":{"name":"Avenida Principal de Castillito","highway":"secondary"},"geometry":{"type":"LineString","coordinates":[[-62.71717,8.31934],[-62.72993,8.32492]]}},{"type":"Feature","id":"way/525464883","properties":{"name":"Avenida Atl\u00e1ntico","highway":"secondary","ref":"R-33"},"geometry":{"type":"LineString","coordinates":[[-62.7506,8.26844],[-62.74646,8.2691]]}},{"type":"Feature","id":"way/525720420","properties":{"name":"Avenida Guarapiche","highway":"tertiary"},"geometry":{"type":"LineString","coordinates":[[-62.7375,8.25848],[-62.73697,8.25824]]}},{"type":"Feature","id":"way/525720421","properties":{"name":"Avenida Principal de Mini Fincas","highway":"tertiary"},"geometry":{"type":"LineString","coordinates":[[-62.72411,8.2554],[-62.72427,8.25498]]}},{"type":"Feature","id":"way/525720423","properties":{"name":"Avenida Principal de Mini Fincas","highway":"tertiary"},"geometry":{"type":"LineString","coordinates":[[-62.72427,8.25498],[-62.72803,8.2564],[-62.73308,8.26078]]}},{"type":"Feature","id":"way/525720426","properties":{"name":"Avenida Principal de Mini Fincas","highway":"tertiary"},"geometry":{"type":"LineString","coordinates":[[-62.73308,8.26078],[-62.73585,8.25984],[-62.73697,8.25824]]}},{"type":"Feature","id":"way/525969001","properties":{"name":"Entrada de Toro Muerto","highway":"tertiary"},"geometry":{"type":"LineString","coordinates":[[-62.72383,8.27143],[-62.72391,8.26838]]}},{"type":"Feature","id":"way/525969006","properties":{"name":"Puente de Toro Muerto","highway":"tertiary"},"geometry":{"type":"LineString","coordinates":[[-62.72368,8.27153],[-62.72383,8.27143]]}},{"type":"Feature","id":"way/527083002","properties":{"name":"Avenida Guarapiche","highway":"tertiary"},"geometry":{"type":"LineString","coordinates":[[-62.74863,8.27234],[-62.75054,8.27578]]}},{"type":"Feature","id":"way/527101954","properties":{"name":"Avenida Norte-Sur 4","highway":"secondary"},"geometry":{"type":"LineString","coordinates":[[-62.77061,8.26375],[-62.77056,8.26362]]}},{"type":"Feature","id":"way/527101955","properties":{"name":"Avenida Norte-Sur 4","highway":"secondary"},"geometry":{"type":"LineString","coordinates":[[-62.77046,8.26366],[-62.77051,8.26378]]}},{"type":"Feature","id":"way/527105617","properties":{"name":"Avenida Atl\u00e1ntico","highway":"secondary","ref":"R-33"},"geometry":{"type":"LineString","coordinates":[[-62.7674,8.26468],[-62.76456,8.26528]]}},{"type":"Feature","id":"way/527171777","properties":{"name":"Avenida Atl\u00e1ntico","highway":"secondary","ref":"R-33"},"geometry":{"type":"LineString","coordinates":[[-62.76743,8.26481],[-62.77061,8.26375]]}},{"type":"Feature","id":"way/527171779","properties":{"name":"Avenida Atl\u00e1ntico","highway":"secondary","ref":"R-33"},"geometry":{"type":"LineString","coordinates":[[-62.77061,8.26375],[-62.7764,8.26083],[-62.7849,8.24997]]}},{"type":"Feature","id":"way/527171780","properties":{"name":"Avenida Atl\u00e1ntico","highway":"secondary","ref":"R-33"},"geometry":{"type":"LineString","coordinates":[[-62.77056,8.26362],[-62.7674,8.26468]]}},{"type":"Feature","id":"way/527171781","properties":{"name":"Avenida Atl\u00e1ntico","highway":"secondary","ref":"R-33"},"geometry":{"type":"LineString","coordinates":[[-62.76456,8.26528],[-62.75889,8.26626]]}},{"type":"Feature","id":"way/527171782","properties":{"name":"Avenida Principal de Unare","highway":"tertiary"},"geometry":{"type":"LineString","coordinates":[[-62.76474,8.26567],[-62.76467,8.26526]]}},{"type":"Feature","id":"way/527171783","properties":{"name":"Avenida Atl\u00e1ntico","highway":"secondary","ref":"R-33"},"geometry":{"type":"LineString","coordinates":[[-62.76494,8.26534],[-62.76743,8.26481]]}},{"type":"Feature","id":"way/527666051","properties":{"name":"Avenida Fuerzas Armadas","highway":"tertiary","ref":"R-33"},"geometry":{"type":"LineString","coordinates":[[-62.79355,8.26012],[-62.78803,8.2547],[-62.78497,8.24989]]}},{"type":"Feature","id":"way/528716874","properties":{"name":"Avenida Paseo Caron\u00ed","highway":"tertiary"},"geometry":{"type":"LineString","coordinates":[[-62.78478,8.26855],[-62.78031,8.27294],[-62.77475,8.27551]]}},{"type":"Feature","id":"way/528720680","properties":{"name":"Avenida Norte-Sur 4","highway":"secondary"},"geometry":{"type":"LineString","coordinates":[[-62.77365,8.27247],[-62.77368,8.27255]]}},{"type":"Feature","id":"way/528720681","properties":{"name":"Avenida Norte-Sur 4","highway":"secondary"},"geometry":{"type":"LineString","coordinates":[[-62.77368,8.27255],[-62.77475,8.27551]]}},{"type":"Feature","id":"way/528720683","properties":{"name":"Avenida Paseo Caron\u00ed","highway":"tertiary"},"geometry":{"type":"LineString","coordinates":[[-62.78521,8.26898],[-62.78637,8.2678]]}},{"type":"Feature","id":"way/528720686","properties":{"name":"Avenida Paseo Caron\u00ed","highway":"tertiary"},"geometry":{"type":"LineString","coordinates":[[-62.78637,8.2678],[-62.79353,8.26031]]}},{"type":"Feature","id":"way/528720688","properties":{"name":"Avenida Paseo Caron\u00ed","highway":"tertiary"},"geometry":{"type":"LineString","coordinates":[[-62.78595,8.26735],[-62.78478,8.26855]]}},{"type":"Feature","id":"way/530323160","properties":{"name":"Avenida Fuerzas Armadas","highway":"tertiary","ref":"R-33"},"geometry":{"type":"LineString","coordinates":[[-62.80239,8.26903],[-62.80292,8.26955]]}},{"type":"Feature","id":"way/530323161","properties":{"name":"Avenida Fuerzas Armadas","highway":"tertiary","ref":"R-33"},"geometry":{"type":"LineString","coordinates":[[-62.80302,8.26944],[-62.80249,8.26891]]}},{"type":"Feature","id":"way/530323163","properties":{"name":"Avenida Fuerzas Armadas","highway":"tertiary","ref":"R-33"},"geometry":{"type":"LineString","coordinates":[[-62.80364,8.27006],[-62.80302,8.26944]]}},{"type":"Feature","id":"way/530323167","properties":{"name":"Avenida Fuerzas Armadas","highway":"tertiary","ref":"R-33"},"geometry":{"type":"LineString","coordinates":[[-62.80355,8.27017],[-62.80407,8.27068]]}},{"type":"Feature","id":"way/530323171","properties":{"name":"Avenida Fuerzas Armadas","highway":"tertiary","ref":"R-33"},"geometry":{"type":"LineString","coordinates":[[-62.80292,8.26955],[-62.80355,8.27017]]}},{"type":"Feature","id":"way/530326980","properties":{"name":"Distribuidor de Alcasa","highway":"motorway_link"},"geometry":{"type":"LineString","coordinates":[[-62.80657,8.26639],[-62.80528,8.26748]]}},{"type":"Feature","id":"way/530326985","properties":{"name":"Distribuidor de Alcasa","highway":"motorway_link"},"geometry":{"type":"LineString","coordinates":[[-62.80528,8.26748],[-62.80255,8.26897]]}},{"type":"Feature","id":"way/530326988","properties":{"name":"Distribuidor de Alcasa","highway":"motorway_link"},"geometry":{"type":"LineString","coordinates":[[-62.80291,8.26933],[-62.80383,8.26787],[-62.80432,8.26846]]}},{"type":"Feature","id":"way/530329622","properties":{"name":"Distribuidor de Alcasa","highway":"motorway_link"},"geometry":{"type":"LineString","coordinates":[[-62.80242,8.26906],[-62.80092,8.27187]]}},{"type":"Feature","id":"way/530329623","properties":{"name":"Distribuidor de Alcasa","highway":"motorway_link"},"geometry":{"type":"LineString","coordinates":[[-62.80194,8.27085],[-62.80137,8.2703],[-62.80286,8.2695]]}},{"type":"Feature","id":"way/530329624","properties":{"name":"Distribuidor de Alcasa","highway":"motorway_link"},"geometry":{"type":"LineString","coordinates":[[-62.80092,8.27187],[-62.79989,8.27314]]}},{"type":"Feature","id":"way/530332011","properties":{"name":"Distribuidor de Alcasa","highway":"motorway_link"},"geometry":{"type":"LineString","coordinates":[[-62.80085,8.27256],[-62.80291,8.27056]]}},{"type":"Feature","id":"way/530332013","properties":{"name":"Distribuidor de Alcasa","highway":"motorway_link"},"geometry":{"type":"LineString","coordinates":[[-62.80085,8.27256],[-62.80296,8.27194]]}},{"type":"Feature","id":"way/530398885","properties":{"name":"Calle Pardillo","highway":"tertiary","ref":"R-33"},"geometry":{"type":"LineString","coordinates":[[-62.80541,8.26891],[-62.80417,8.27058]]}},{"type":"Feature","id":"way/530398886","properties":{"name":"Calle Pardillo","highway":"tertiary","ref":"R-33"},"geometry":{"type":"LineString","coordinates":[[-62.80296,8.27194],[-62.80415,8.27075]]}},{"type":"Feature","id":"way/530398888","properties":{"name":"Distribuidor de Alcasa","highway":"motorway_link"},"geometry":{"type":"LineString","coordinates":[[-62.8034,8.27128],[-62.80291,8.27056]]}},{"type":"Feature","id":"way/530402445","properties":{"name":"Distribuidor de Alcasa","highway":"motorway_link"},"geometry":{"type":"LineString","coordinates":[[-62.80541,8.26891],[-62.80504,8.2684]]}},{"type":"Feature","id":"way/530402447","properties":{"highway":"tertiary","ref":"R-33"},"geometry":{"type":"LineString","coordinates":[[-62.80551,8.26895],[-62.80541,8.26891]]}},{"type":"Feature","id":"way/530402449","properties":{"name":"Distribuidor de Alcasa","highway":"motorway_link"},"geometry":{"type":"LineString","coordinates":[[-62.80459,8.26887],[-62.80537,8.26898]]}},{"type":"Feature","id":"way/530402452","properties":{"highway":"tertiary","ref":"R-33"},"geometry":{"type":"LineString","coordinates":[[-62.80537,8.26898],[-62.80548,8.26902]]}},{"type":"Feature","id":"way/530402453","properties":{"name":"Distribuidor de Alcasa","highway":"motorway_link"},"geometry":{"type":"LineString","coordinates":[[-62.8055,8.26869],[-62.80512,8.26875]]}},{"type":"Feature","id":"way/530402455","properties":{"name":"Distribuidor de Alcasa","highway":"motorway_link"},"geometry":{"type":"LineString","coordinates":[[-62.80519,8.26889],[-62.80525,8.26924]]}},{"type":"Feature","id":"way/530402467","properties":{"name":"Calle Pardillo","highway":"tertiary","ref":"R-33"},"geometry":{"type":"LineString","coordinates":[[-62.80417,8.27058],[-62.80407,8.27068]]}},{"type":"Feature","id":"way/530402469","properties":{"name":"Avenida Fuerzas Armadas","highway":"tertiary","ref":"R-33"},"geometry":{"type":"LineString","coordinates":[[-62.80417,8.27058],[-62.80364,8.27006]]}},{"type":"Feature","id":"way/530402472","properties":{"name":"Avenida Fuerzas Armadas","highway":"tertiary","ref":"R-33"},"geometry":{"type":"LineString","coordinates":[[-62.80407,8.27068],[-62.80415,8.27075]]}},{"type":"Feature","id":"way/530402474","properties":{"name":"Calle Pardillo","highway":"tertiary"},"geometry":{"type":"LineString","coordinates":[[-62.80407,8.27068],[-62.8034,8.27128]]}},{"type":"Feature","id":"way/530402476","properties":{"name":"Avenida Fuerzas Armadas","highway":"tertiary","ref":"R-33"},"geometry":{"type":"LineString","coordinates":[[-62.80424,8.27065],[-62.80417,8.27058]]}},{"type":"Feature","id":"way/530402479","properties":{"name":"Calle Pardillo","highway":"tertiary","ref":"R-33"},"geometry":{"type":"LineString","coordinates":[[-62.80424,8.27065],[-62.80551,8.26895]]}},{"type":"Feature","id":"way/530402480","properties":{"name":"Calle Pardillo","highway":"tertiary","ref":"R-33"},"geometry":{"type":"LineString","coordinates":[[-62.80415,8.27075],[-62.80424,8.27065]]}},{"type":"Feature","id":"way/530408169","properties":{"name":"Avenida Angosturita","highway":"motorway","ref":"T-19"},"geometry":{"type":"LineString","coordinates":[[-62.78394,8.2863],[-62.77168,8.29908],[-62.77084,8.30193],[-62.77095,8.3111],[-62.76828,8.31563]]}},{"type":"Feature","id":"way/530409096","properties":{"name":"Distribuidor Matanzas","highway":"motorway_link"},"geometry":{"type":"LineString","coordinates":[[-62.78887,8.28337],[-62.79289,8.28068]]}},{"type":"Feature","id":"way/530409097","properties":{"name":"Distribuidor Matanzas","highway":"motorway_link"},"geometry":{"type":"LineString","coordinates":[[-62.79289,8.28068],[-62.79505,8.27832]]}},{"type":"Feature","id":"way/530542944","properties":{"name":"Avenida Norte-Sur 7","highway":"secondary","ref":"R-33"},"geometry":{"type":"LineString","coordinates":[[-62.81212,8.25895],[-62.81226,8.25909]]}},{"type":"Feature","id":"way/530542945","properties":{"name":"Avenida Norte-Sur 7","highway":"secondary","ref":"R-33"},"geometry":{"type":"LineString","coordinates":[[-62.81411,8.26073],[-62.81402,8.26064]]}},{"type":"Feature","id":"way/530542946","properties":{"name":"Avenida Norte-Sur 7","highway":"secondary","ref":"R-33"},"geometry":{"type":"LineString","coordinates":[[-62.81237,8.25899],[-62.81222,8.25885]]}},{"type":"Feature","id":"way/530542947","properties":{"name":"Avenida Norte-Sur 7","highway":"secondary","ref":"R-33"},"geometry":{"type":"LineString","coordinates":[[-62.81226,8.25909],[-62.81267,8.2595]]}},{"type":"Feature","id":"way/530542952","properties":{"name":"Avenida Norte-Sur 7","highway":"secondary","ref":"R-33"},"geometry":{"type":"LineString","coordinates":[[-62.81278,8.2594],[-62.81237,8.25899]]}},{"type":"Feature","id":"way/530542953","properties":{"name":"Avenida Norte-Sur 7","highway":"secondary","ref":"R-33"},"geometry":{"type":"LineString","coordinates":[[-62.81267,8.2595],[-62.81354,8.26035]]}},{"type":"Feature","id":"way/530542955","properties":{"name":"Avenida Norte-Sur 7","highway":"secondary","ref":"R-33"},"geometry":{"type":"LineString","coordinates":[[-62.81363,8.26026],[-62.81278,8.2594]]}},{"type":"Feature","id":"way/530542956","properties":{"name":"Avenida Norte-Sur 7","highway":"secondary","ref":"R-33"},"geometry":{"type":"LineString","coordinates":[[-62.81354,8.26035],[-62.81393,8.26073]]}},{"type":"Feature","id":"way/530549815","properties":{"name":"Distribuidor de Carbonorca","highway":"motorway_link"},"geometry":{"type":"LineString","coordinates":[[-62.81739,8.25547],[-62.81239,8.25902]]}},{"type":"Feature","id":"way/530549819","properties":{"name":"Distribuidor de Carbonorca","highway":"motorway_link"},"geometry":{"type":"LineString","coordinates":[[-62.81268,8.2593],[-62.81467,8.25707],[-62.81468,8.2582]]}},{"type":"Feature","id":"way/530549824","properties":{"name":"Distribuidor de Carbonorca","highway":"motorway_link"},"geometry":{"type":"LineString","coordinates":[[-62.81229,8.25912],[-62.80876,8.26415]]}},{"type":"Feature","id":"way/530549828","properties":{"name":"Distribuidor de Carbonorca","highway":"motorway_link"},"geometry":{"type":"LineString","coordinates":[[-62.81124,8.26165],[-62.8104,8.26135],[-62.81256,8.25939]]}},{"type":"Feature","id":"way/530549833","properties":{"name":"Distribuidor de Carbonorca","highway":"motorway_link"},"geometry":{"type":"LineString","coordinates":[[-62.81393,8.26073],[-62.81253,8.26201],[-62.81205,8.26116]]}},{"type":"Feature","id":"way/530549836","properties":{"name":"Distribuidor de Carbonorca","highway":"motorway_link"},"geometry":{"type":"LineString","coordinates":[[-62.80956,8.26368],[-62.81222,8.26262]]}},{"type":"Feature","id":"way/530549840","properties":{"name":"Distribuidor de Carbonorca","highway":"motorway_link"},"geometry":{"type":"LineString","coordinates":[[-62.80956,8.26368],[-62.81099,8.26385]]}},{"type":"Feature","id":"way/530549843","properties":{"name":"Distribuidor de Carbonorca","highway":"motorway_link"},"geometry":{"type":"LineString","coordinates":[[-62.81399,8.2592],[-62.81484,8.25954],[-62.81402,8.26064]]}},{"type":"Feature","id":"way/530549851","properties":{"highway":"motorway_link"},"geometry":{"type":"LineString","coordinates":[[-62.81402,8.26064],[-62.81393,8.26073]]}},{"type":"Feature","id":"way/530672873","properties":{"name":"Distribuidor de Carbonorca","highway":"motorway_link"},"geometry":{"type":"LineString","coordinates":[[-62.81494,8.25986],[-62.81584,8.25735]]}},{"type":"Feature","id":"way/530672874","properties":{"name":"Distribuidor de Carbonorca","highway":"motorway_link"},"geometry":{"type":"LineString","coordinates":[[-62.81429,8.2604],[-62.81381,8.26043]]}},{"type":"Feature","id":"way/530672875","properties":{"name":"Avenida Norte-Sur 7","highway":"secondary","ref":"R-33"},"geometry":{"type":"LineString","coordinates":[[-62.81402,8.26064],[-62.81363,8.26026]]}},{"type":"Feature","id":"way/530672876","properties":{"name":"Distribuidor de Carbonorca","highway":"motorway_link"},"geometry":{"type":"LineString","coordinates":[[-62.8137,8.26051],[-62.81368,8.26098]]}},{"type":"Feature","id":"way/530672877","properties":{"name":"Avenida Norte-Sur 7","highway":"secondary","ref":"R-33"},"geometry":{"type":"LineString","coordinates":[[-62.81393,8.26073],[-62.81401,8.26082]]}},{"type":"Feature","id":"way/530683725","properties":{"name":"Avenida Caracas","highway":"tertiary"},"geometry":{"type":"LineString","coordinates":[[-62.79707,8.26359],[-62.79696,8.2637]]}},{"type":"Feature","id":"way/530683726","properties":{"name":"Avenida Fuerzas Armadas","highway":"tertiary","ref":"R-33"},"geometry":{"type":"LineString","coordinates":[[-62.79707,8.26359],[-62.79364,8.2602]]}},{"type":"Feature","id":"way/530683727","properties":{"name":"Avenida Fuerzas Armadas","highway":"tertiary","ref":"R-33"},"geometry":{"type":"LineString","coordinates":[[-62.79696,8.2637],[-62.79706,8.2638]]}},{"type":"Feature","id":"way/530683728","properties":{"name":"Avenida Caracas","highway":"tertiary"},"geometry":{"type":"LineString","coordinates":[[-62.79696,8.2637],[-62.78535,8.27583],[-62.78315,8.27708]]}},{"type":"Feature","id":"way/530683729","properties":{"name":"Avenida Caracas","highway":"tertiary"},"geometry":{"type":"LineString","coordinates":[[-62.79706,8.2638],[-62.79717,8.26369]]}},{"type":"Feature","id":"way/530683730","properties":{"name":"Avenida Fuerzas Armadas","highway":"tertiary","ref":"R-33"},"geometry":{"type":"LineString","coordinates":[[-62.79706,8.2638],[-62.80225,8.26889]]}},{"type":"Feature","id":"way/530683731","properties":{"name":"Avenida Fuerzas Armadas","highway":"tertiary","ref":"R-33"},"geometry":{"type":"LineString","coordinates":[[-62.79717,8.26369],[-62.79707,8.26359]]}},{"type":"Feature","id":"way/530683732","properties":{"name":"Avenida Caracas","highway":"tertiary"},"geometry":{"type":"LineString","coordinates":[[-62.79717,8.26369],[-62.80692,8.25384]]}},{"type":"Feature","id":"way/530685037","properties":{"name":"Avenida Atl\u00e1ntico","highway":"secondary","ref":"R-33"},"geometry":{"type":"LineString","coordinates":[[-62.7849,8.24997],[-62.78497,8.24989]]}},{"type":"Feature","id":"way/530685040","properties":{"name":"Avenida Fuerzas Armadas","highway":"tertiary","ref":"R-33"},"geometry":{"type":"LineString","coordinates":[[-62.7849,8.24997],[-62.78774,8.25455],[-62.79345,8.26022]]}},{"type":"Feature","id":"way/530685045","properties":{"name":"Avenida Fuerzas Armadas","highway":"tertiary","ref":"R-33"},"geometry":{"type":"LineString","coordinates":[[-62.78497,8.24989],[-62.78489,8.24983]]}},{"type":"Feature","id":"way/530685048","properties":{"name":"Avenida Fuerzas Armadas","highway":"tertiary","ref":"R-33"},"geometry":{"type":"LineString","coordinates":[[-62.79345,8.26022],[-62.79353,8.26031]]}},{"type":"Feature","id":"way/530685051","properties":{"name":"Avenida Paseo Caron\u00ed","highway":"tertiary"},"geometry":{"type":"LineString","coordinates":[[-62.79345,8.26022],[-62.78906,8.26459]]}},{"type":"Feature","id":"way/530685055","properties":{"name":"Avenida Fuerzas Armadas","highway":"tertiary","ref":"R-33"},"geometry":{"type":"LineString","coordinates":[[-62.79364,8.2602],[-62.79355,8.26012]]}},{"type":"Feature","id":"way/530685058","properties":{"name":"Avenida Paseo Caron\u00ed","highway":"tertiary"},"geometry":{"type":"LineString","coordinates":[[-62.79364,8.2602],[-62.80225,8.25152]]}},{"type":"Feature","id":"way/530685062","properties":{"name":"Avenida Paseo Caron\u00ed","highway":"tertiary"},"geometry":{"type":"LineString","coordinates":[[-62.79353,8.26031],[-62.79364,8.2602]]}},{"type":"Feature","id":"way/530685065","properties":{"name":"Avenida Fuerzas Armadas","highway":"tertiary","ref":"R-33"},"geometry":{"type":"LineString","coordinates":[[-62.79353,8.26031],[-62.79696,8.2637]]}},{"type":"Feature","id":"way/530686876","properties":{"name":"Avenida Paseo Caron\u00ed","highway":"tertiary"},"geometry":{"type":"LineString","coordinates":[[-62.80342,8.25018],[-62.80318,8.25042]]}},{"type":"Feature","id":"way/530848321","properties":{"highway":"secondary","ref":"R-33"},"geometry":{"type":"LineString","coordinates":[[-62.79707,8.24273],[-62.79702,8.24262]]}},{"type":"Feature","id":"way/530848322","properties":{"highway":"secondary","ref":"R-33"},"geometry":{"type":"LineString","coordinates":[[-62.79702,8.24262],[-62.79688,8.24268]]}},{"type":"Feature","id":"way/530857649","properties":{"name":"Avenida Atl\u00e1ntico","highway":"secondary","ref":"R-33"},"geometry":{"type":"LineString","coordinates":[[-62.79693,8.24279],[-62.79707,8.24273]]}},{"type":"Feature","id":"way/530857650","properties":{"name":"Avenida Norte-Sur 7","highway":"secondary","ref":"R-33"},"geometry":{"type":"LineString","coordinates":[[-62.79693,8.24279],[-62.80318,8.25015]]}},{"type":"Feature","id":"way/531542444","properties":{"name":"V\u00eda a R\u00edo Claro","highway":"primary","ref":"L-3"},"geometry":{"type":"LineString","coordinates":[[-62.64328,8.3656],[-62.64261,8.37373]]}},{"type":"Feature","id":"way/532262295","properties":{"name":"Carretera Regional Upata - El Manteco","highway":"primary","ref":"R-2"},"geometry":{"type":"LineString","coordinates":[[-62.40474,8.00023],[-62.41565,7.99178],[-62.42066,7.9916],[-62.42575,7.98376],[-62.4339,7.97741],[-62.44955,7.96995],[-62.45017,7.96682],[-62.45191,7.96457],[-62.45612,7.96249],[-62.45489,7.95331],[-62.46056,7.94827],[-62.47026,7.92978],[-62.47124,7.91662],[-62.47472,7.91189],[-62.47712,7.90347],[-62.48365,7.89839],[-62.48133,7.88653],[-62.4915,7.86672],[-62.49148,7.85501],[-62.51609,7.83454],[-62.51272,7.81683],[-62.50592,7.81413],[-62.50412,7.81003],[-62.51746,7.75809],[-62.55522,7.66659],[-62.5319,7.59581],[-62.54043,7.42024],[-62.53901,7.40405],[-62.54349,7.38922],[-62.54145,7.34824]]}},{"type":"Feature","id":"way/532335718","properties":{"name":"Avenida Atl\u00e1ntico","highway":"secondary","ref":"R-33"},"geometry":{"type":"LineString","coordinates":[[-62.75347,8.26764],[-62.7506,8.26844]]}},{"type":"Feature","id":"way/532335719","properties":{"name":"Avenida Atl\u00e1ntico","highway":"secondary","ref":"R-33"},"geometry":{"type":"LineString","coordinates":[[-62.7534,8.2678],[-62.75537,8.2672]]}},{"type":"Feature","id":"way/532335721","properties":{"name":"Avenida Atl\u00e1ntico","highway":"secondary","ref":"R-33"},"geometry":{"type":"LineString","coordinates":[[-62.74634,8.26926],[-62.74647,8.26924]]}},{"type":"Feature","id":"way/532335722","properties":{"name":"Avenida Atl\u00e1ntico","highway":"secondary","ref":"R-33"},"geometry":{"type":"LineString","coordinates":[[-62.74647,8.26924],[-62.7534,8.2678]]}},{"type":"Feature","id":"way/532335724","properties":{"name":"Avenida Guarapiche","highway":"tertiary"},"geometry":{"type":"LineString","coordinates":[[-62.74633,8.26911],[-62.74634,8.26926]]}},{"type":"Feature","id":"way/532335726","properties":{"name":"Avenida Atl\u00e1ntico","highway":"secondary","ref":"R-33"},"geometry":{"type":"LineString","coordinates":[[-62.74633,8.26911],[-62.74202,8.26991]]}},{"type":"Feature","id":"way/532335731","properties":{"name":"Avenida Atl\u00e1ntico","highway":"secondary","ref":"R-33"},"geometry":{"type":"LineString","coordinates":[[-62.74646,8.2691],[-62.74633,8.26911]]}},{"type":"Feature","id":"way/532335733","properties":{"name":"Avenida Guarapiche","highway":"tertiary"},"geometry":{"type":"LineString","coordinates":[[-62.74646,8.2691],[-62.74576,8.26642]]}},{"type":"Feature","id":"way/532335742","properties":{"name":"Avenida Norte-Sur 7","highway":"secondary","ref":"R-33"},"geometry":{"type":"LineString","coordinates":[[-62.80357,8.25053],[-62.80692,8.25384]]}},{"type":"Feature","id":"way/532335745","properties":{"name":"Avenida Caracas","highway":"tertiary"},"geometry":{"type":"LineString","coordinates":[[-62.80692,8.25384],[-62.80703,8.25374]]}},{"type":"Feature","id":"way/532335747","properties":{"name":"Avenida Norte-Sur 7","highway":"secondary","ref":"R-33"},"geometry":{"type":"LineString","coordinates":[[-62.80692,8.25384],[-62.81212,8.25895]]}},{"type":"Feature","id":"way/532335749","properties":{"name":"Avenida Norte-Sur 7","highway":"secondary","ref":"R-33"},"geometry":{"type":"LineString","coordinates":[[-62.80342,8.25018],[-62.79723,8.243]]}},{"type":"Feature","id":"way/532335750","properties":{"name":"Avenida Norte-Sur 7","highway":"secondary","ref":"R-33"},"geometry":{"type":"LineString","coordinates":[[-62.80694,8.25365],[-62.80675,8.25346]]}},{"type":"Feature","id":"way/532335751","properties":{"name":"Avenida Caracas","highway":"tertiary"},"geometry":{"type":"LineString","coordinates":[[-62.80713,8.25345],[-62.80694,8.25365]]}},{"type":"Feature","id":"way/532335752","properties":{"name":"Avenida Norte-Sur 7","highway":"secondary","ref":"R-33"},"geometry":{"type":"LineString","coordinates":[[-62.80675,8.25346],[-62.80351,8.25027]]}},{"type":"Feature","id":"way/532350580","properties":{"name":"Avenida Norte-Sur 7","highway":"secondary","ref":"R-33"},"geometry":{"type":"LineString","coordinates":[[-62.81222,8.25885],[-62.80694,8.25365]]}},{"type":"Feature","id":"way/539457271","properties":{"name":"V\u00eda a Moitaco","highway":"tertiary","ref":"R-12"},"geometry":{"type":"LineString","coordinates":[[-64.35845,8.00721],[-64.35573,8.00351],[-64.35615,8.00047],[-64.35534,7.99697],[-64.33266,7.97565],[-64.32996,7.96767],[-64.3322,7.95517],[-64.33709,7.94884],[-64.34162,7.93857],[-64.34404,7.92338],[-64.35041,7.91388],[-64.36977,7.86865],[-64.36891,7.84996],[-64.36447,7.8221],[-64.36728,7.80094],[-64.36593,7.79033],[-64.36794,7.76125],[-64.36685,7.74866],[-64.36724,7.73982],[-64.36361,7.72636],[-64.36657,7.71981],[-64.36713,7.71641],[-64.36189,7.69234],[-64.36228,7.68547],[-64.35398,7.66123],[-64.34855,7.65253],[-64.347,7.64158],[-64.33966,7.63084],[-64.32587,7.62156],[-64.32194,7.62122],[-64.31336,7.61493],[-64.30716,7.60946],[-64.30149,7.60236],[-64.29819,7.597],[-64.29756,7.58979],[-64.30005,7.58404],[-64.30031,7.57569],[-64.29934,7.57271],[-64.29651,7.5704]]}},{"type":"Feature","id":"way/541333865","properties":{"name":"Avenida Bicentenario","highway":"primary","ref":"L-4;R-2"},"geometry":{"type":"LineString","coordinates":[[-62.41448,8.02964],[-62.4144,8.02953]]}},{"type":"Feature","id":"way/541333867","properties":{"name":"Calle Bol\u00edvar","highway":"primary","ref":"L-4;R-2"},"geometry":{"type":"LineString","coordinates":[[-62.40479,8.01721],[-62.40815,8.01726]]}},{"type":"Feature","id":"way/541333869","properties":{"name":"Carretera Regional El Callao - El Manteco","highway":"primary","ref":"R-27"},"geometry":{"type":"LineString","coordinates":[[-62.54145,7.34824],[-62.53364,7.34908],[-62.52722,7.34717],[-62.52326,7.34778]]}},{"type":"Feature","id":"way/541335626","properties":{"name":"Carretera Guasipati - El Miamo","highway":"tertiary","ref":"R-3"},"geometry":{"type":"LineString","coordinates":[[-61.89426,7.48763],[-61.88209,7.51068],[-61.87861,7.52147],[-61.8734,7.53337],[-61.86232,7.54738],[-61.85676,7.55653],[-61.84575,7.56685]]}},{"type":"Feature","id":"way/541335628","properties":{"name":"V\u00eda a San Mart\u00edn de Turumb\u00e1n","highway":"tertiary","ref":"R-25"},"geometry":{"type":"LineString","coordinates":[[-61.09562,6.71616],[-61.10042,6.72252],[-61.11941,6.73381],[-61.1255,6.73372],[-61.1299,6.73746],[-61.13291,6.74288],[-61.14869,6.7532],[-61.14922,6.75466],[-61.14733,6.76177],[-61.15025,6.76873],[-61.15679,6.77991],[-61.15807,6.78942],[-61.1605,6.79421],[-61.1658,6.79756],[-61.17018,6.80444],[-61.1784,6.80738],[-61.21472,6.83503],[-61.2397,6.86735],[-61.24382,6.87106],[-61.27802,6.92359],[-61.31907,6.94466],[-61.32909,6.94753],[-61.35068,6.96033],[-61.37568,6.97279],[-61.43163,7.00607],[-61.43707,7.01122],[-61.43827,7.01393],[-61.44794,7.02598],[-61.45115,7.0269],[-61.44992,7.0311],[-61.45169,7.03342],[-61.45527,7.04341],[-61.497,7.08053]]}},{"type":"Feature","id":"way/541335629","properties":{"name":"V\u00eda a San Mart\u00edn de Turumb\u00e1n","highway":"tertiary","ref":"R-25"},"geometry":{"type":"LineString","coordinates":[[-61.497,7.08053],[-61.53152,7.11028],[-61.55835,7.12644]]}},{"type":"Feature","id":"way/541335630","properties":{"name":"V\u00eda a San Mart\u00edn de Turumb\u00e1n","highway":"tertiary","ref":"R-25"},"geometry":{"type":"LineString","coordinates":[[-61.55835,7.12644],[-61.55892,7.12811]]}},{"type":"Feature","id":"way/550132838","properties":{"name":"Distribuidor Punta Cuchillo","highway":"motorway_link"},"geometry":{"type":"LineString","coordinates":[[-62.77831,8.29157],[-62.77611,8.29418]]}},{"type":"Feature","id":"way/551237788","properties":{"name":"Avenida Norte-Sur 7","highway":"secondary","ref":"R-33"},"geometry":{"type":"LineString","coordinates":[[-62.80318,8.25015],[-62.80357,8.25053]]}},{"type":"Feature","id":"way/551237789","properties":{"name":"Avenida Paseo Caron\u00ed","highway":"tertiary"},"geometry":{"type":"LineString","coordinates":[[-62.80318,8.25042],[-62.80261,8.251]]}},{"type":"Feature","id":"way/551237791","properties":{"name":"Avenida Paseo Caron\u00ed","highway":"tertiary"},"geometry":{"type":"LineString","coordinates":[[-62.80218,8.25144],[-62.79355,8.26012]]}},{"type":"Feature","id":"way/551237792","properties":{"name":"Avenida Paseo Caron\u00ed","highway":"tertiary"},"geometry":{"type":"LineString","coordinates":[[-62.80225,8.25152],[-62.80272,8.25105]]}},{"type":"Feature","id":"way/551237793","properties":{"name":"Avenida Norte-Sur 7","highway":"secondary","ref":"R-33"},"geometry":{"type":"LineString","coordinates":[[-62.80351,8.25027],[-62.80342,8.25018]]}},{"type":"Feature","id":"way/551241078","properties":{"name":"Avenida Angosturita","highway":"motorway","ref":"T-19"},"geometry":{"type":"LineString","coordinates":[[-62.76828,8.31563],[-62.74653,8.32508],[-62.73226,8.32574],[-62.72765,8.32863]]}},{"type":"Feature","id":"way/551241080","properties":{"name":"Avenida Angosturita","highway":"motorway","ref":"T-19"},"geometry":{"type":"LineString","coordinates":[[-62.76673,8.31707],[-62.76946,8.3147],[-62.77108,8.31151],[-62.77107,8.30194],[-62.77211,8.29879],[-62.78683,8.28438]]}},{"type":"Feature","id":"way/557162705","properties":{"name":"Carretera Vieja San F\u00e9lix - Upata","highway":"secondary","ref":"T-10"},"geometry":{"type":"LineString","coordinates":[[-62.55968,8.27325],[-62.55942,8.27231]]}},{"type":"Feature","id":"way/557694582","properties":{"highway":"primary","ref":"R-27"},"geometry":{"type":"LineString","coordinates":[[-61.81947,7.35362],[-61.82001,7.35436]]}},{"type":"Feature","id":"way/557697778","properties":{"name":"Calle Roscio","highway":"primary"},"geometry":{"type":"LineString","coordinates":[[-61.82358,7.3484],[-61.82455,7.34575]]}},{"type":"Feature","id":"way/557697779","properties":{"highway":"primary","ref":"R-27"},"geometry":{"type":"LineString","coordinates":[[-61.8213,7.35055],[-61.82019,7.352]]}},{"type":"Feature","id":"way/557697780","properties":{"highway":"primary","ref":"R-27"},"geometry":{"type":"LineString","coordinates":[[-61.82385,7.34575],[-61.8213,7.35055]]}},{"type":"Feature","id":"way/557698329","properties":{"highway":"primary_link"},"geometry":{"type":"LineString","coordinates":[[-61.82164,7.35021],[-61.82176,7.35036]]}},{"type":"Feature","id":"way/557702246","properties":{"name":"V\u00eda Principal de El Per\u00fa","highway":"tertiary","ref":"R-4"},"geometry":{"type":"LineString","coordinates":[[-61.83418,7.31323],[-61.83597,7.31168],[-61.84269,7.31093],[-61.84697,7.30864],[-61.85104,7.30927],[-61.85338,7.31169],[-61.86116,7.31293],[-61.86677,7.31016],[-61.86883,7.31029],[-61.87277,7.31354],[-61.87397,7.31711],[-61.87674,7.31965]]}},{"type":"Feature","id":"way/557706967","properties":{"highway":"primary"},"geometry":{"type":"LineString","coordinates":[[-61.83155,7.34793],[-61.82765,7.34813]]}},{"type":"Feature","id":"way/557708813","properties":{"highway":"primary"},"geometry":{"type":"LineString","coordinates":[[-61.82617,7.34555],[-61.82614,7.34486]]}},{"type":"Feature","id":"way/557801548","properties":{"highway":"tertiary","ref":"R-4"},"geometry":{"type":"LineString","coordinates":[[-61.83405,7.31341],[-61.83418,7.31323]]}},{"type":"Feature","id":"way/557801549","properties":{"name":"V\u00eda a El Per\u00fa","highway":"tertiary","ref":"R-4"},"geometry":{"type":"LineString","coordinates":[[-61.82706,7.34473],[-61.82917,7.34397],[-61.83477,7.33733],[-61.83376,7.3338],[-61.83212,7.33179],[-61.8344,7.32223],[-61.83372,7.3214]]}},{"type":"Feature","id":"way/558036319","properties":{"highway":"trunk_link","ref":"T-10"},"geometry":{"type":"LineString","coordinates":[[-61.89647,7.4669],[-61.89615,7.46694]]}},{"type":"Feature","id":"way/558048240","properties":{"highway":"trunk_link","ref":"T-10"},"geometry":{"type":"LineString","coordinates":[[-61.89948,7.48403],[-61.89919,7.4843]]}},{"type":"Feature","id":"way/558414464","properties":{"highway":"tertiary"},"geometry":{"type":"LineString","coordinates":[[-63.56782,8.1125],[-63.56771,8.11235]]}},{"type":"Feature","id":"way/558414465","properties":{"highway":"tertiary"},"geometry":{"type":"LineString","coordinates":[[-63.56782,8.1125],[-63.56807,8.11235]]}},{"type":"Feature","id":"way/558414467","properties":{"highway":"tertiary"},"geometry":{"type":"LineString","coordinates":[[-63.56916,8.11427],[-63.56762,8.11452]]}},{"type":"Feature","id":"way/558414469","properties":{"highway":"tertiary"},"geometry":{"type":"LineString","coordinates":[[-63.57291,8.11363],[-63.57339,8.11369]]}},{"type":"Feature","id":"way/558414470","properties":{"highway":"tertiary"},"geometry":{"type":"LineString","coordinates":[[-63.57225,8.11347],[-63.56916,8.11427]]}},{"type":"Feature","id":"way/558414471","properties":{"highway":"tertiary"},"geometry":{"type":"LineString","coordinates":[[-63.57339,8.11369],[-63.57293,8.11356]]}},{"type":"Feature","id":"way/558414472","properties":{"highway":"tertiary"},"geometry":{"type":"LineString","coordinates":[[-63.57293,8.11356],[-63.57265,8.11351]]}},{"type":"Feature","id":"way/558414473","properties":{"highway":"tertiary"},"geometry":{"type":"LineString","coordinates":[[-63.57265,8.11351],[-63.57225,8.11347]]}},{"type":"Feature","id":"way/563939661","properties":{"name":"Eje Rural La Porf\u00eda","highway":"tertiary"},"geometry":{"type":"LineString","coordinates":[[-62.60797,8.27566],[-62.59904,8.28243],[-62.58688,8.28968],[-62.58564,8.29194]]}},{"type":"Feature","id":"way/563939662","properties":{"name":"V\u00eda a Mina Arriba","highway":"tertiary","ref":"R-31"},"geometry":{"type":"LineString","coordinates":[[-62.59545,8.19225],[-62.59877,8.19187],[-62.60474,8.19348],[-62.61626,8.20274],[-62.61877,8.20573],[-62.62896,8.20576],[-62.63175,8.20787]]}},{"type":"Feature","id":"way/563939663","properties":{"name":"Eje Rural de Agua Blanca","highway":"tertiary","ref":"R-31"},"geometry":{"type":"LineString","coordinates":[[-62.59545,8.19225],[-62.59465,8.18439],[-62.59334,8.18176],[-62.59199,8.18131],[-62.58429,8.17294],[-62.58109,8.17262],[-62.57867,8.17662],[-62.57528,8.17961],[-62.57512,8.18299],[-62.56779,8.19029],[-62.56712,8.19344],[-62.56517,8.19605],[-62.56171,8.19701],[-62.55401,8.20327],[-62.53888,8.20344],[-62.53695,8.20489],[-62.53154,8.20365],[-62.52749,8.20658],[-62.52459,8.20743],[-62.52227,8.21005],[-62.51579,8.22266],[-62.51791,8.23737],[-62.51659,8.24112]]}},{"type":"Feature","id":"way/563939671","properties":{"name":"Carretera Vieja San F\u00e9lix - Upata","highway":"secondary","ref":"T-10"},"geometry":{"type":"LineString","coordinates":[[-62.45783,8.18025],[-62.45858,8.18751],[-62.46766,8.19761],[-62.46967,8.19853],[-62.48056,8.1993],[-62.4863,8.20248],[-62.49224,8.21072],[-62.49437,8.2164],[-62.49913,8.2186],[-62.50283,8.22478],[-62.5216,8.24824],[-62.52533,8.2493],[-62.55392,8.25094],[-62.55858,8.26334],[-62.55942,8.27231]]}},{"type":"Feature","id":"way/563939672","properties":{"name":"Carretera Vieja San F\u00e9lix - Upata","highway":"secondary","ref":"T-10"},"geometry":{"type":"LineString","coordinates":[[-62.45781,8.1799],[-62.45783,8.18025]]}},{"type":"Feature","id":"way/563939673","properties":{"name":"Carretera Vieja San F\u00e9lix - Upata","highway":"secondary","ref":"T-10"},"geometry":{"type":"LineString","coordinates":[[-62.45656,8.17678],[-62.45682,8.17705]]}},{"type":"Feature","id":"way/563939674","properties":{"name":"Carretera Vieja San F\u00e9lix - Upata","highway":"secondary","ref":"T-10"},"geometry":{"type":"LineString","coordinates":[[-62.45682,8.17705],[-62.45781,8.1799]]}},{"type":"Feature","id":"way/563939675","properties":{"name":"Carretera Vieja San F\u00e9lix - Upata","highway":"secondary","ref":"T-10"},"geometry":{"type":"LineString","coordinates":[[-62.43574,8.16515],[-62.43239,8.16281],[-62.42934,8.15729],[-62.43193,8.1486],[-62.42258,8.07312],[-62.41981,8.06166],[-62.41053,8.05201],[-62.41026,8.0486]]}},{"type":"Feature","id":"way/563939680","properties":{"name":"Carretera La Josefina - Los Cul\u00edes","highway":"tertiary","ref":"R-31"},"geometry":{"type":"LineString","coordinates":[[-62.5162,8.24215],[-62.51539,8.24398],[-62.51039,8.24648],[-62.5061,8.25196],[-62.5036,8.25196],[-62.50015,8.25472],[-62.49663,8.26029],[-62.48712,8.26103],[-62.48701,8.26294],[-62.48532,8.2653],[-62.48326,8.26553]]}},{"type":"Feature","id":"way/563939688","properties":{"highway":"tertiary","ref":"R-16"},"geometry":{"type":"LineString","coordinates":[[-62.65682,8.13446],[-62.65641,8.13375],[-62.65218,8.13568]]}},{"type":"Feature","id":"way/563939690","properties":{"name":"Entrada de El Pao","highway":"tertiary","ref":"R-1;R-16"},"geometry":{"type":"LineString","coordinates":[[-62.67784,8.03954],[-62.67845,8.03961]]}},{"type":"Feature","id":"way/563939692","properties":{"name":"V\u00eda a Caruachi","highway":"tertiary","ref":"L-4"},"geometry":{"type":"LineString","coordinates":[[-62.71598,7.9545],[-62.71604,7.95306],[-62.71515,7.95277]]}},{"type":"Feature","id":"way/569391155","properties":{"highway":"primary","ref":"L-2;R-60"},"geometry":{"type":"LineString","coordinates":[[-61.91083,8.01011],[-61.91149,8.0121]]}},{"type":"Feature","id":"way/577448123","properties":{"highway":"tertiary"},"geometry":{"type":"LineString","coordinates":[[-63.96005,7.63814],[-63.96037,7.64162],[-63.9568,7.64812],[-63.95724,7.6538],[-63.96062,7.6624],[-63.96748,7.67083],[-63.9679,7.67916],[-63.97,7.68394],[-63.97256,7.68593],[-63.97501,7.69094],[-63.97512,7.69675],[-63.9785,7.70673]]}},{"type":"Feature","id":"way/577861309","properties":{"name":"Carretera Principal de La Ceiba","highway":"tertiary","ref":"R-41"},"geometry":{"type":"LineString","coordinates":[[-62.92215,8.22239],[-62.9215,8.23086],[-62.92688,8.2338],[-62.93051,8.23998],[-62.93955,8.24721],[-62.93995,8.24889],[-62.93816,8.25247],[-62.93841,8.25728]]}},{"type":"Feature","id":"way/584766374","properties":{"highway":"primary"},"geometry":{"type":"LineString","coordinates":[[-61.82765,7.34813],[-61.82709,7.34816]]}},{"type":"Feature","id":"way/584766955","properties":{"highway":"primary","ref":"R-4"},"geometry":{"type":"LineString","coordinates":[[-61.82453,7.34559],[-61.82614,7.34486]]}},{"type":"Feature","id":"way/599468567","properties":{"name":"Avenida Angosturita","highway":"motorway","ref":"T-19"},"geometry":{"type":"LineString","coordinates":[[-62.72762,8.32908],[-62.72776,8.32892]]}},{"type":"Feature","id":"way/599468568","properties":{"name":"Avenida Angosturita","highway":"motorway","ref":"T-19"},"geometry":{"type":"LineString","coordinates":[[-62.71425,8.33769],[-62.72493,8.33187],[-62.72762,8.32908]]}},{"type":"Feature","id":"way/599468569","properties":{"name":"Avenida Angosturita","highway":"motorway","ref":"T-19"},"geometry":{"type":"LineString","coordinates":[[-62.72765,8.32863],[-62.7275,8.32882]]}},{"type":"Feature","id":"way/599468570","properties":{"name":"Avenida Angosturita","highway":"motorway","ref":"T-19"},"geometry":{"type":"LineString","coordinates":[[-62.7275,8.32882],[-62.72458,8.3318],[-62.71412,8.33762]]}},{"type":"Feature","id":"way/607998867","properties":{"highway":"motorway_link","ref":"T-19"},"geometry":{"type":"LineString","coordinates":[[-62.71142,8.34062],[-62.71077,8.34024],[-62.70893,8.34182]]}},{"type":"Feature","id":"way/607998878","properties":{"highway":"motorway_link"},"geometry":{"type":"LineString","coordinates":[[-62.70729,8.34284],[-62.70981,8.34226]]}},{"type":"Feature","id":"way/608425720","properties":{"highway":"primary_link"},"geometry":{"type":"LineString","coordinates":[[-62.69272,8.3327],[-62.69252,8.33251]]}},{"type":"Feature","id":"way/608425797","properties":{"name":"Distribuidor Dalla Costa","highway":"primary_link"},"geometry":{"type":"LineString","coordinates":[[-62.69234,8.33273],[-62.69252,8.33251]]}},{"type":"Feature","id":"way/608425810","properties":{"highway":"primary_link"},"geometry":{"type":"LineString","coordinates":[[-62.69175,8.33262],[-62.69192,8.33276]]}},{"type":"Feature","id":"way/608425816","properties":{"highway":"primary_link"},"geometry":{"type":"LineString","coordinates":[[-62.69174,8.3325],[-62.69249,8.33231]]}},{"type":"Feature","id":"way/608425830","properties":{"name":"Avenida Jos\u00e9 Solano","highway":"tertiary"},"geometry":{"type":"LineString","coordinates":[[-62.69134,8.33281],[-62.69175,8.33278]]}},{"type":"Feature","id":"way/608425833","properties":{"highway":"primary_link"},"geometry":{"type":"LineString","coordinates":[[-62.69174,8.33238],[-62.69134,8.33281]]}},{"type":"Feature","id":"way/608425834","properties":{"name":"Distribuidor Dalla Costa","highway":"primary_link"},"geometry":{"type":"LineString","coordinates":[[-62.69248,8.33631],[-62.69254,8.3351]]}},{"type":"Feature","id":"way/608425835","properties":{"name":"Distribuidor Dalla Costa","highway":"primary_link"},"geometry":{"type":"LineString","coordinates":[[-62.69181,8.32932],[-62.69174,8.33238]]}},{"type":"Feature","id":"way/608425836","properties":{"name":"Avenida Guayana","highway":"primary","ref":"R-42"},"geometry":{"type":"LineString","coordinates":[[-62.69226,8.33304],[-62.69222,8.33247]]}},{"type":"Feature","id":"way/608425837","properties":{"name":"Avenida Guayana","highway":"primary","ref":"R-42"},"geometry":{"type":"LineString","coordinates":[[-62.69197,8.32862],[-62.69174,8.32497]]}},{"type":"Feature","id":"way/608425838","properties":{"name":"Avenida Guayana","highway":"primary","ref":"R-42"},"geometry":{"type":"LineString","coordinates":[[-62.69203,8.33249],[-62.69207,8.33306]]}},{"type":"Feature","id":"way/608425839","properties":{"name":"Avenida Guayana","highway":"primary","ref":"R-42"},"geometry":{"type":"LineString","coordinates":[[-62.69176,8.32864],[-62.69189,8.33037]]}},{"type":"Feature","id":"way/608427094","properties":{"name":"Avenida Jos\u00e9 Solano","highway":"tertiary"},"geometry":{"type":"LineString","coordinates":[[-62.69175,8.33278],[-62.69192,8.33276]]}},{"type":"Feature","id":"way/608427095","properties":{"name":"Avenida Jos\u00e9 Solano","highway":"tertiary"},"geometry":{"type":"LineString","coordinates":[[-62.69192,8.33276],[-62.69234,8.33273]]}},{"type":"Feature","id":"way/608427097","properties":{"name":"Distribuidor Dalla Costa","highway":"primary_link"},"geometry":{"type":"LineString","coordinates":[[-62.69175,8.33262],[-62.69175,8.33278]]}},{"type":"Feature","id":"way/608427098","properties":{"name":"Distribuidor Dalla Costa","highway":"primary_link","ref":"R-42"},"geometry":{"type":"LineString","coordinates":[[-62.69254,8.33272],[-62.69253,8.33259]]}},{"type":"Feature","id":"way/608427099","properties":{"name":"Avenida Jos\u00e9 Solano","highway":"tertiary"},"geometry":{"type":"LineString","coordinates":[[-62.69234,8.33273],[-62.69254,8.33272]]}},{"type":"Feature","id":"way/608427100","properties":{"name":"Distribuidor Dalla Costa","highway":"primary_link"},"geometry":{"type":"LineString","coordinates":[[-62.69252,8.33251],[-62.69201,8.32931]]}},{"type":"Feature","id":"way/608427102","properties":{"name":"Distribuidor Dalla Costa","highway":"primary_link","ref":"R-42"},"geometry":{"type":"LineString","coordinates":[[-62.69253,8.33259],[-62.69252,8.33251]]}},{"type":"Feature","id":"way/608471709","properties":{"name":"Redoma del 171","highway":"primary_link"},"geometry":{"type":"LineString","coordinates":[[-62.69223,8.34415],[-62.69147,8.34378]]}},{"type":"Feature","id":"way/610311307","properties":{"name":"Redoma de Otilio","highway":"trunk","ref":"T-19"},"geometry":{"type":"LineString","coordinates":[[-62.68149,8.35269],[-62.68119,8.35199]]}},{"type":"Feature","id":"way/610311316","properties":{"name":"Avenida Angosturita","highway":"motorway","ref":"T-19"},"geometry":{"type":"LineString","coordinates":[[-62.69724,8.34596],[-62.6971,8.34596]]}},{"type":"Feature","id":"way/610311317","properties":{"name":"Avenida Angosturita","highway":"motorway","ref":"T-19"},"geometry":{"type":"LineString","coordinates":[[-62.6971,8.34596],[-62.69607,8.34584]]}},{"type":"Feature","id":"way/610311318","properties":{"name":"Avenida Angosturita","highway":"motorway","ref":"T-19"},"geometry":{"type":"LineString","coordinates":[[-62.69807,8.34687],[-62.69874,8.34683]]}},{"type":"Feature","id":"way/610311319","properties":{"name":"Avenida Angosturita","highway":"motorway","ref":"T-19"},"geometry":{"type":"LineString","coordinates":[[-62.69675,8.34668],[-62.69807,8.34687]]}},{"type":"Feature","id":"way/610311324","properties":{"name":"Avenida Libertador","highway":"motorway_link"},"geometry":{"type":"LineString","coordinates":[[-62.69389,8.34578],[-62.69568,8.34638]]}},{"type":"Feature","id":"way/610311325","properties":{"highway":"motorway_link"},"geometry":{"type":"LineString","coordinates":[[-62.69181,8.3454],[-62.69389,8.34578]]}},{"type":"Feature","id":"way/610311326","properties":{"name":"Distribuidor del 171","highway":"motorway_link"},"geometry":{"type":"LineString","coordinates":[[-62.69382,8.34536],[-62.69222,8.34422]]}},{"type":"Feature","id":"way/610311327","properties":{"name":"Avenida Libertador","highway":"motorway_link"},"geometry":{"type":"LineString","coordinates":[[-62.69583,8.34642],[-62.69675,8.34668]]}},{"type":"Feature","id":"way/610311328","properties":{"name":"Avenida Libertador","highway":"motorway_link"},"geometry":{"type":"LineString","coordinates":[[-62.69568,8.34638],[-62.69583,8.34642]]}},{"type":"Feature","id":"way/610311329","properties":{"name":"Avenida Angosturita","highway":"motorway","ref":"T-19"},"geometry":{"type":"LineString","coordinates":[[-62.6958,8.34649],[-62.69675,8.34668]]}},{"type":"Feature","id":"way/610311330","properties":{"name":"Avenida Angosturita","highway":"motorway","ref":"T-19"},"geometry":{"type":"LineString","coordinates":[[-62.69565,8.34646],[-62.6958,8.34649]]}},{"type":"Feature","id":"way/610311331","properties":{"name":"Avenida Angosturita","highway":"motorway","ref":"T-19"},"geometry":{"type":"LineString","coordinates":[[-62.69591,8.34581],[-62.69582,8.3458]]}},{"type":"Feature","id":"way/610311332","properties":{"name":"Avenida Angosturita","highway":"motorway","ref":"T-19"},"geometry":{"type":"LineString","coordinates":[[-62.69607,8.34584],[-62.69591,8.34581]]}},{"type":"Feature","id":"way/610311333","properties":{"name":"Avenida Angosturita","highway":"motorway","ref":"T-19"},"geometry":{"type":"LineString","coordinates":[[-62.69396,8.34571],[-62.69366,8.34577]]}},{"type":"Feature","id":"way/610311334","properties":{"name":"Avenida Angosturita","highway":"motorway","ref":"T-19"},"geometry":{"type":"LineString","coordinates":[[-62.69582,8.3458],[-62.69396,8.34571]]}},{"type":"Feature","id":"way/610311335","properties":{"name":"Avenida Angosturita","highway":"motorway","ref":"T-19"},"geometry":{"type":"LineString","coordinates":[[-62.69122,8.34702],[-62.69041,8.34748]]}},{"type":"Feature","id":"way/610311336","properties":{"name":"Avenida Angosturita","highway":"motorway","ref":"T-19"},"geometry":{"type":"LineString","coordinates":[[-62.69041,8.34748],[-62.68689,8.3495]]}},{"type":"Feature","id":"way/610311337","properties":{"name":"Avenida Libertador","highway":"motorway_link"},"geometry":{"type":"LineString","coordinates":[[-62.69582,8.3458],[-62.69424,8.34547]]}},{"type":"Feature","id":"way/610311338","properties":{"name":"Avenida Guayana","highway":"primary","ref":"R-42"},"geometry":{"type":"LineString","coordinates":[[-62.69147,8.34378],[-62.69142,8.34386]]}},{"type":"Feature","id":"way/610311339","properties":{"name":"Distribuidor del 171","highway":"primary_link"},"geometry":{"type":"LineString","coordinates":[[-62.69142,8.34386],[-62.68809,8.34323]]}},{"type":"Feature","id":"way/610311340","properties":{"highway":"primary_link"},"geometry":{"type":"LineString","coordinates":[[-62.68795,8.34328],[-62.69096,8.34507]]}},{"type":"Feature","id":"way/610311341","properties":{"name":"Avenida Libertador","highway":"motorway_link"},"geometry":{"type":"LineString","coordinates":[[-62.69382,8.34536],[-62.68809,8.34323]]}},{"type":"Feature","id":"way/610311342","properties":{"name":"Avenida Libertador","highway":"motorway_link"},"geometry":{"type":"LineString","coordinates":[[-62.68795,8.34328],[-62.69389,8.34578]]}},{"type":"Feature","id":"way/610311343","properties":{"name":"Avenida Guayana","highway":"primary","ref":"R-42"},"geometry":{"type":"LineString","coordinates":[[-62.69198,8.34496],[-62.6921,8.34464]]}},{"type":"Feature","id":"way/610311344","properties":{"name":"Avenida Guayana","highway":"primary","ref":"R-42"},"geometry":{"type":"LineString","coordinates":[[-62.6921,8.34464],[-62.69223,8.34415]]}},{"type":"Feature","id":"way/610311345","properties":{"name":"Avenida Guayana","highway":"primary","ref":"R-42"},"geometry":{"type":"LineString","coordinates":[[-62.69122,8.34429],[-62.69109,8.34463]]}},{"type":"Feature","id":"way/610311346","properties":{"name":"Avenida Guayana","highway":"primary","ref":"R-42"},"geometry":{"type":"LineString","coordinates":[[-62.69142,8.34386],[-62.69122,8.34429]]}},{"type":"Feature","id":"way/610311347","properties":{"name":"Avenida Guayana","highway":"primary","ref":"R-42"},"geometry":{"type":"LineString","coordinates":[[-62.69109,8.34463],[-62.69093,8.34521]]}},{"type":"Feature","id":"way/610311348","properties":{"name":"Avenida Guayana","highway":"primary","ref":"R-42"},"geometry":{"type":"LineString","coordinates":[[-62.69166,8.3458],[-62.69198,8.34496]]}},{"type":"Feature","id":"way/610311349","properties":{"name":"Avenida Guayana","highway":"primary","ref":"R-42"},"geometry":{"type":"LineString","coordinates":[[-62.68887,8.34862],[-62.69166,8.3458]]}},{"type":"Feature","id":"way/610311350","properties":{"highway":"primary_link"},"geometry":{"type":"LineString","coordinates":[[-62.69093,8.34521],[-62.69166,8.3458]]}},{"type":"Feature","id":"way/610311351","properties":{"name":"Avenida Guayana","highway":"primary","ref":"R-42"},"geometry":{"type":"LineString","coordinates":[[-62.69093,8.34521],[-62.68897,8.34818]]}},{"type":"Feature","id":"way/610311352","properties":{"name":"Avenida Guayana","highway":"trunk","ref":"T-19"},"geometry":{"type":"LineString","coordinates":[[-62.68149,8.35269],[-62.687,8.34967]]}},{"type":"Feature","id":"way/610311353","properties":{"name":"Avenida Angosturita","highway":"motorway","ref":"T-19"},"geometry":{"type":"LineString","coordinates":[[-62.68887,8.34862],[-62.69327,8.34643],[-62.69565,8.34646]]}},{"type":"Feature","id":"way/610311354","properties":{"name":"Avenida Angosturita","highway":"motorway","ref":"T-19"},"geometry":{"type":"LineString","coordinates":[[-62.69366,8.34577],[-62.69122,8.34702]]}},{"type":"Feature","id":"way/610311355","properties":{"name":"Avenida Guayana","highway":"trunk","ref":"T-19"},"geometry":{"type":"LineString","coordinates":[[-62.68689,8.3495],[-62.68119,8.35199]]}},{"type":"Feature","id":"way/610311359","properties":{"name":"Avenida Libertador","highway":"primary","ref":"R-43"},"geometry":{"type":"LineString","coordinates":[[-62.68187,8.34007],[-62.68197,8.34016]]}},{"type":"Feature","id":"way/610311360","properties":{"name":"Avenida Libertador","highway":"primary","ref":"R-43"},"geometry":{"type":"LineString","coordinates":[[-62.68205,8.34006],[-62.68196,8.33998]]}},{"type":"Feature","id":"way/610311362","properties":{"name":"Avenida Libertador","highway":"primary","ref":"R-43"},"geometry":{"type":"LineString","coordinates":[[-62.68197,8.34016],[-62.68316,8.3412]]}},{"type":"Feature","id":"way/610311366","properties":{"name":"Avenida Libertador","highway":"primary","ref":"R-43"},"geometry":{"type":"LineString","coordinates":[[-62.68809,8.34323],[-62.68325,8.34112]]}},{"type":"Feature","id":"way/610311374","properties":{"name":"Redoma de Dalla Costa","highway":"tertiary"},"geometry":{"type":"LineString","coordinates":[[-62.68818,8.33213],[-62.68874,8.33221]]}},{"type":"Feature","id":"way/610311376","properties":{"name":"Avenida Jos\u00e9 Solano","highway":"tertiary"},"geometry":{"type":"LineString","coordinates":[[-62.6886,8.33241],[-62.69134,8.33281]]}},{"type":"Feature","id":"way/610311377","properties":{"name":"Avenida Jos\u00e9 Solano","highway":"tertiary"},"geometry":{"type":"LineString","coordinates":[[-62.69134,8.33281],[-62.68872,8.33206]]}},{"type":"Feature","id":"way/610311380","properties":{"name":"Avenida Dalla Costa","highway":"tertiary"},"geometry":{"type":"LineString","coordinates":[[-62.68187,8.34007],[-62.68043,8.34181]]}},{"type":"Feature","id":"way/610311381","properties":{"name":"Avenida Dalla Costa","highway":"tertiary"},"geometry":{"type":"LineString","coordinates":[[-62.68205,8.34006],[-62.68458,8.33725]]}},{"type":"Feature","id":"way/610312928","properties":{"name":"Avenida Loefling","highway":"tertiary"},"geometry":{"type":"LineString","coordinates":[[-62.70679,8.28613],[-62.70716,8.28464]]}},{"type":"Feature","id":"way/610312929","properties":{"name":"Avenida Loefling","highway":"tertiary"},"geometry":{"type":"LineString","coordinates":[[-62.70709,8.28449],[-62.70533,8.28519]]}},{"type":"Feature","id":"way/633535620","properties":{"name":"Avenida Antonio de Berr\u00edo","highway":"tertiary"},"geometry":{"type":"LineString","coordinates":[[-62.67724,8.34972],[-62.67743,8.34973]]}},{"type":"Feature","id":"way/633535624","properties":{"name":"Avenida Antonio de Berr\u00edo","highway":"tertiary"},"geometry":{"type":"LineString","coordinates":[[-62.6764,8.34972],[-62.67527,8.35036]]}},{"type":"Feature","id":"way/633535629","properties":{"name":"Avenida Antonio de Berr\u00edo","highway":"tertiary"},"geometry":{"type":"LineString","coordinates":[[-62.66183,8.35447],[-62.6654,8.35386]]}},{"type":"Feature","id":"way/633535634","properties":{"name":"Avenida Dalla Costa","highway":"tertiary"},"geometry":{"type":"LineString","coordinates":[[-62.67821,8.34963],[-62.67782,8.34926]]}},{"type":"Feature","id":"way/633535641","properties":{"name":"Avenida Dalla Costa","highway":"tertiary"},"geometry":{"type":"LineString","coordinates":[[-62.67782,8.34926],[-62.67779,8.34923]]}},{"type":"Feature","id":"way/633535664","properties":{"name":"Avenida Dalla Costa","highway":"tertiary"},"geometry":{"type":"LineString","coordinates":[[-62.67704,8.349],[-62.6764,8.34972]]}},{"type":"Feature","id":"way/633535668","properties":{"name":"V\u00eda Inciarte","highway":"tertiary"},"geometry":{"type":"LineString","coordinates":[[-62.67821,8.34963],[-62.67785,8.34947]]}},{"type":"Feature","id":"way/633535672","properties":{"name":"V\u00eda Inciarte","highway":"tertiary"},"geometry":{"type":"LineString","coordinates":[[-62.68106,8.35197],[-62.67821,8.34963]]}},{"type":"Feature","id":"way/633535677","properties":{"name":"V\u00eda Inciarte","highway":"tertiary"},"geometry":{"type":"LineString","coordinates":[[-62.67743,8.34973],[-62.67952,8.35114]]}},{"type":"Feature","id":"way/633535682","properties":{"name":"Avenida Dalla Costa","highway":"tertiary"},"geometry":{"type":"LineString","coordinates":[[-62.68197,8.34016],[-62.68205,8.34006]]}},{"type":"Feature","id":"way/633535686","properties":{"name":"Avenida Dalla Costa","highway":"tertiary"},"geometry":{"type":"LineString","coordinates":[[-62.68196,8.33998],[-62.68187,8.34007]]}},{"type":"Feature","id":"way/633535690","properties":{"name":"Avenida Dalla Costa","highway":"tertiary"},"geometry":{"type":"LineString","coordinates":[[-62.6882,8.33228],[-62.68449,8.33717]]}},{"type":"Feature","id":"way/635426431","properties":{"highway":"trunk_link","ref":"T-19"},"geometry":{"type":"LineString","coordinates":[[-62.67236,8.35688],[-62.67241,8.35666]]}},{"type":"Feature","id":"way/635426432","properties":{"highway":"trunk_link"},"geometry":{"type":"LineString","coordinates":[[-62.67203,8.35686],[-62.67228,8.35691]]}},{"type":"Feature","id":"way/635426433","properties":{"highway":"trunk_link"},"geometry":{"type":"LineString","coordinates":[[-62.67226,8.35652],[-62.67214,8.35649]]}},{"type":"Feature","id":"way/635426434","properties":{"highway":"trunk_link","ref":"T-19"},"geometry":{"type":"LineString","coordinates":[[-62.67204,8.35647],[-62.67197,8.35667]]}},{"type":"Feature","id":"way/635426436","properties":{"highway":"trunk_link"},"geometry":{"type":"LineString","coordinates":[[-62.67503,8.35471],[-62.67494,8.35511]]}},{"type":"Feature","id":"way/635426437","properties":{"highway":"trunk_link"},"geometry":{"type":"LineString","coordinates":[[-62.67529,8.35516],[-62.67554,8.35518]]}},{"type":"Feature","id":"way/635426438","properties":{"highway":"trunk_link"},"geometry":{"type":"LineString","coordinates":[[-62.67583,8.35529],[-62.676,8.35479]]}},{"type":"Feature","id":"way/635426439","properties":{"name":"Avenida Antonio de Berr\u00edo","highway":"tertiary"},"geometry":{"type":"LineString","coordinates":[[-62.6595,8.35548],[-62.66143,8.35464]]}},{"type":"Feature","id":"way/635426440","properties":{"name":"Avenida Antonio de Berr\u00edo","highway":"tertiary"},"geometry":{"type":"LineString","coordinates":[[-62.66129,8.35439],[-62.65941,8.3554]]}},{"type":"Feature","id":"way/635426441","properties":{"name":"Avenida Gumilla","highway":"secondary"},"geometry":{"type":"LineString","coordinates":[[-62.6555,8.33929],[-62.65784,8.34522]]}},{"type":"Feature","id":"way/635426446","properties":{"name":"Avenida Gumilla","highway":"secondary"},"geometry":{"type":"LineString","coordinates":[[-62.66161,8.35413],[-62.65963,8.34989]]}},{"type":"Feature","id":"way/635426451","properties":{"highway":"trunk_link"},"geometry":{"type":"LineString","coordinates":[[-62.66651,8.36112],[-62.66668,8.36019]]}},{"type":"Feature","id":"way/635426455","properties":{"highway":"trunk_link"},"geometry":{"type":"LineString","coordinates":[[-62.66546,8.36102],[-62.66642,8.36138]]}},{"type":"Feature","id":"way/635426457","properties":{"highway":"trunk_link"},"geometry":{"type":"LineString","coordinates":[[-62.66557,8.35994],[-62.66536,8.36091]]}},{"type":"Feature","id":"way/635426458","properties":{"highway":"trunk_link"},"geometry":{"type":"LineString","coordinates":[[-62.66659,8.36004],[-62.66571,8.35984]]}},{"type":"Feature","id":"way/635426459","properties":{"name":"Avenida Gumilla","highway":"secondary"},"geometry":{"type":"LineString","coordinates":[[-62.66595,8.36049],[-62.66604,8.36063]]}},{"type":"Feature","id":"way/635426460","properties":{"name":"Avenida Gumilla","highway":"secondary"},"geometry":{"type":"LineString","coordinates":[[-62.66152,8.35468],[-62.66595,8.36049]]}},{"type":"Feature","id":"way/635426462","properties":{"name":"Avenida Gumilla","highway":"secondary"},"geometry":{"type":"LineString","coordinates":[[-62.66617,8.36054],[-62.66608,8.3604]]}},{"type":"Feature","id":"way/635426463","properties":{"name":"Avenida Gumilla","highway":"secondary"},"geometry":{"type":"LineString","coordinates":[[-62.66459,8.35827],[-62.66182,8.35452]]}},{"type":"Feature","id":"way/635426516","properties":{"name":"Avenida Guayana","highway":"trunk","ref":"T-19"},"geometry":{"type":"LineString","coordinates":[[-62.68056,8.35235],[-62.67628,8.35442]]}},{"type":"Feature","id":"way/635426517","properties":{"name":"Avenida Guayana","highway":"trunk","ref":"T-19"},"geometry":{"type":"LineString","coordinates":[[-62.6646,8.36159],[-62.66604,8.36063]]}},{"type":"Feature","id":"way/635426518","properties":{"name":"Redoma de Manoa","highway":"secondary"},"geometry":{"type":"LineString","coordinates":[[-62.66131,8.35452],[-62.66181,8.35428]]}},{"type":"Feature","id":"way/635426519","properties":{"name":"Avenida Guayana","highway":"trunk","ref":"T-19"},"geometry":{"type":"LineString","coordinates":[[-62.66066,8.36459],[-62.6646,8.36159]]}},{"type":"Feature","id":"way/635974943","properties":{"name":"Avenida Antonio de Berr\u00edo","highway":"tertiary"},"geometry":{"type":"LineString","coordinates":[[-62.67221,8.35209],[-62.67203,8.35219]]}},{"type":"Feature","id":"way/635974944","properties":{"name":"Avenida Antonio de Berr\u00edo","highway":"tertiary"},"geometry":{"type":"LineString","coordinates":[[-62.67229,8.35216],[-62.6724,8.35211]]}},{"type":"Feature","id":"way/635974945","properties":{"name":"Avenida Antonio de Berr\u00edo","highway":"tertiary"},"geometry":{"type":"LineString","coordinates":[[-62.6724,8.35211],[-62.67257,8.35202]]}},{"type":"Feature","id":"way/635974946","properties":{"name":"Avenida Antonio de Berr\u00edo","highway":"tertiary"},"geometry":{"type":"LineString","coordinates":[[-62.67231,8.35203],[-62.67221,8.35209]]}},{"type":"Feature","id":"way/635974947","properties":{"name":"Avenida Antonio de Berr\u00edo","highway":"tertiary"},"geometry":{"type":"LineString","coordinates":[[-62.67203,8.35219],[-62.67119,8.35267]]}},{"type":"Feature","id":"way/635974949","properties":{"name":"Avenida Antonio de Berr\u00edo","highway":"tertiary"},"geometry":{"type":"LineString","coordinates":[[-62.67257,8.35202],[-62.67282,8.35188]]}},{"type":"Feature","id":"way/635974951","properties":{"name":"Avenida Guayana","highway":"trunk","ref":"T-19"},"geometry":{"type":"LineString","coordinates":[[-62.67528,8.35494],[-62.67494,8.35511]]}},{"type":"Feature","id":"way/635974952","properties":{"name":"Avenida Guayana","highway":"trunk","ref":"T-19"},"geometry":{"type":"LineString","coordinates":[[-62.67494,8.35511],[-62.67226,8.35652]]}},{"type":"Feature","id":"way/635974953","properties":{"name":"Avenida Guayana","highway":"trunk","ref":"T-19"},"geometry":{"type":"LineString","coordinates":[[-62.6754,8.35488],[-62.67528,8.35494]]}},{"type":"Feature","id":"way/635974955","properties":{"name":"Avenida Guayana","highway":"trunk","ref":"T-19"},"geometry":{"type":"LineString","coordinates":[[-62.67633,8.35462],[-62.68085,8.35291]]}},{"type":"Feature","id":"way/635974956","properties":{"name":"Avenida Guayana","highway":"trunk","ref":"T-19"},"geometry":{"type":"LineString","coordinates":[[-62.67544,8.35509],[-62.67555,8.35503]]}},{"type":"Feature","id":"way/635974957","properties":{"name":"Avenida Guayana","highway":"trunk","ref":"T-19"},"geometry":{"type":"LineString","coordinates":[[-62.67529,8.35516],[-62.67544,8.35509]]}},{"type":"Feature","id":"way/635974961","properties":{"name":"Avenida Guayana","highway":"trunk","ref":"T-19"},"geometry":{"type":"LineString","coordinates":[[-62.67211,8.35659],[-62.67197,8.35667]]}},{"type":"Feature","id":"way/635974962","properties":{"name":"Avenida Guayana","highway":"trunk","ref":"T-19"},"geometry":{"type":"LineString","coordinates":[[-62.671,8.35718],[-62.66608,8.3604]]}},{"type":"Feature","id":"way/635974963","properties":{"name":"Avenida Guayana","highway":"trunk","ref":"T-19"},"geometry":{"type":"LineString","coordinates":[[-62.67218,8.35656],[-62.67211,8.35659]]}},{"type":"Feature","id":"way/635974964","properties":{"name":"Avenida Guayana","highway":"trunk","ref":"T-19"},"geometry":{"type":"LineString","coordinates":[[-62.67226,8.35652],[-62.67218,8.35656]]}},{"type":"Feature","id":"way/635974966","properties":{"name":"Avenida Guayana","highway":"trunk","ref":"T-19"},"geometry":{"type":"LineString","coordinates":[[-62.67227,8.35673],[-62.67241,8.35666]]}},{"type":"Feature","id":"way/635974967","properties":{"name":"Avenida Guayana","highway":"trunk","ref":"T-19"},"geometry":{"type":"LineString","coordinates":[[-62.67241,8.35666],[-62.67529,8.35516]]}},{"type":"Feature","id":"way/635974968","properties":{"name":"Avenida Guayana","highway":"trunk","ref":"T-19"},"geometry":{"type":"LineString","coordinates":[[-62.67203,8.35686],[-62.6722,8.35677]]}},{"type":"Feature","id":"way/635974970","properties":{"name":"Avenida Guayana","highway":"trunk","ref":"T-19"},"geometry":{"type":"LineString","coordinates":[[-62.6722,8.35677],[-62.67227,8.35673]]}},{"type":"Feature","id":"way/635974971","properties":{"name":"Avenida Guayana","highway":"trunk","ref":"T-19"},"geometry":{"type":"LineString","coordinates":[[-62.66608,8.3604],[-62.66595,8.36049]]}},{"type":"Feature","id":"way/635974972","properties":{"name":"Avenida Guayana","highway":"trunk","ref":"T-19"},"geometry":{"type":"LineString","coordinates":[[-62.66617,8.36054],[-62.66872,8.35885]]}},{"type":"Feature","id":"way/635974973","properties":{"name":"Avenida Guayana","highway":"trunk","ref":"T-19"},"geometry":{"type":"LineString","coordinates":[[-62.66595,8.36049],[-62.6649,8.36123]]}},{"type":"Feature","id":"way/635974974","properties":{"name":"Avenida Guayana","highway":"trunk","ref":"T-19"},"geometry":{"type":"LineString","coordinates":[[-62.66604,8.36063],[-62.66617,8.36054]]}},{"type":"Feature","id":"way/641063792","properties":{"name":"V\u00eda Inciarte","highway":"tertiary"},"geometry":{"type":"LineString","coordinates":[[-62.67971,8.35135],[-62.68057,8.35232]]}},{"type":"Feature","id":"way/641955129","properties":{"name":"Avenida Gumilla","highway":"secondary"},"geometry":{"type":"LineString","coordinates":[[-62.66608,8.3604],[-62.66459,8.35827]]}},{"type":"Feature","id":"way/642676452","properties":{"highway":"trunk_link","ref":"T-19"},"geometry":{"type":"LineString","coordinates":[[-62.68452,8.3512],[-62.68487,8.35088]]}},{"type":"Feature","id":"way/642676456","properties":{"highway":"trunk_link","ref":"T-19"},"geometry":{"type":"LineString","coordinates":[[-62.68863,8.34889],[-62.68874,8.3487]]}},{"type":"Feature","id":"way/642676458","properties":{"highway":"trunk_link","ref":"T-19"},"geometry":{"type":"LineString","coordinates":[[-62.68692,8.34987],[-62.68717,8.34958]]}},{"type":"Feature","id":"way/642676459","properties":{"highway":"trunk_link","ref":"T-19"},"geometry":{"type":"LineString","coordinates":[[-62.68768,8.34964],[-62.68751,8.34938]]}},{"type":"Feature","id":"way/642854144","properties":{"highway":"trunk_link"},"geometry":{"type":"LineString","coordinates":[[-62.68813,8.34904],[-62.68863,8.34889]]}},{"type":"Feature","id":"way/646083395","properties":{"name":"Avenida Guayana","highway":"primary","ref":"T-19;R-42"},"geometry":{"type":"LineString","coordinates":[[-62.68822,8.34865],[-62.68689,8.3495]]}},{"type":"Feature","id":"way/646083400","properties":{"name":"Avenida Guayana","highway":"trunk","ref":"T-19"},"geometry":{"type":"LineString","coordinates":[[-62.68829,8.34895],[-62.68887,8.34862]]}},{"type":"Feature","id":"way/646083402","properties":{"name":"Avenida Guayana","highway":"trunk","ref":"T-19"},"geometry":{"type":"LineString","coordinates":[[-62.687,8.34967],[-62.68829,8.34895]]}},{"type":"Feature","id":"way/646083405","properties":{"name":"Redoma de Otilio","highway":"trunk","ref":"T-19"},"geometry":{"type":"LineString","coordinates":[[-62.68085,8.35291],[-62.68091,8.35294]]}},{"type":"Feature","id":"way/646083409","properties":{"name":"Redoma de Otilio","highway":"trunk","ref":"T-19"},"geometry":{"type":"LineString","coordinates":[[-62.68056,8.35235],[-62.68085,8.35291]]}},{"type":"Feature","id":"way/646083412","properties":{"name":"Avenida Guayana","highway":"trunk","ref":"T-19"},"geometry":{"type":"LineString","coordinates":[[-62.67555,8.35503],[-62.67633,8.35462]]}},{"type":"Feature","id":"way/646083414","properties":{"name":"Avenida Guayana","highway":"trunk","ref":"T-19"},"geometry":{"type":"LineString","coordinates":[[-62.67628,8.35442],[-62.6754,8.35488]]}},{"type":"Feature","id":"way/646083417","properties":{"name":"Redoma de Otilio","highway":"trunk","ref":"T-19"},"geometry":{"type":"LineString","coordinates":[[-62.68119,8.35199],[-62.68106,8.35197]]}},{"type":"Feature","id":"way/646083419","properties":{"name":"Redoma de Otilio","highway":"trunk","ref":"T-19"},"geometry":{"type":"LineString","coordinates":[[-62.68106,8.35197],[-62.68056,8.35235]]}},{"type":"Feature","id":"way/646087111","properties":{"name":"Avenida Guayana","highway":"trunk","ref":"T-19"},"geometry":{"type":"LineString","coordinates":[[-62.67114,8.35734],[-62.67203,8.35686]]}},{"type":"Feature","id":"way/646087112","properties":{"name":"Avenida Guayana","highway":"trunk","ref":"T-19"},"geometry":{"type":"LineString","coordinates":[[-62.67197,8.35667],[-62.671,8.35718]]}},{"type":"Feature","id":"way/646092096","properties":{"name":"Avenida Guayana","highway":"primary","ref":"R-42"},"geometry":{"type":"LineString","coordinates":[[-62.69233,8.3433],[-62.69267,8.34168]]}},{"type":"Feature","id":"way/646092097","properties":{"name":"Avenida Guayana","highway":"primary","ref":"R-42"},"geometry":{"type":"LineString","coordinates":[[-62.69223,8.34415],[-62.69233,8.3433]]}},{"type":"Feature","id":"way/646092099","properties":{"name":"Avenida Guayana","highway":"primary","ref":"R-42"},"geometry":{"type":"LineString","coordinates":[[-62.69243,8.34179],[-62.69185,8.34313]]}},{"type":"Feature","id":"way/646092100","properties":{"name":"Avenida Guayana","highway":"primary","ref":"R-42"},"geometry":{"type":"LineString","coordinates":[[-62.69185,8.34313],[-62.69147,8.34378]]}},{"type":"Feature","id":"way/646094869","properties":{"name":"Avenida Guayana","highway":"primary","ref":"R-42"},"geometry":{"type":"LineString","coordinates":[[-62.69208,8.33038],[-62.69197,8.32862]]}},{"type":"Feature","id":"way/646094870","properties":{"name":"Avenida Guayana","highway":"primary","ref":"R-42"},"geometry":{"type":"LineString","coordinates":[[-62.69148,8.32499],[-62.69176,8.32864]]}},{"type":"Feature","id":"way/646094871","properties":{"name":"Avenida Guayana","highway":"primary","ref":"R-42"},"geometry":{"type":"LineString","coordinates":[[-62.69222,8.33247],[-62.69208,8.33038]]}},{"type":"Feature","id":"way/646094872","properties":{"name":"Avenida Guayana","highway":"primary","ref":"R-42"},"geometry":{"type":"LineString","coordinates":[[-62.69189,8.33037],[-62.69203,8.33249]]}},{"type":"Feature","id":"way/646338043","properties":{"highway":"motorway_link","ref":"T-19"},"geometry":{"type":"LineString","coordinates":[[-62.68978,8.34824],[-62.69002,8.34804]]}},{"type":"Feature","id":"way/648434174","properties":{"name":"Redoma El Dorado","highway":"primary","ref":"R-21;R-43"},"geometry":{"type":"LineString","coordinates":[[-62.65538,8.33812],[-62.65519,8.33933],[-62.65694,8.33824]]}},{"type":"Feature","id":"way/648434175","properties":{"name":"Avenida Libertador","highway":"tertiary"},"geometry":{"type":"LineString","coordinates":[[-62.65463,8.33942],[-62.65524,8.33933]]}},{"type":"Feature","id":"way/648434176","properties":{"name":"Avenida Libertador","highway":"tertiary"},"geometry":{"type":"LineString","coordinates":[[-62.6548,8.33884],[-62.65456,8.3393]]}},{"type":"Feature","id":"way/648434177","properties":{"name":"Avenida Libertador","highway":"primary","ref":"R-43"},"geometry":{"type":"LineString","coordinates":[[-62.65694,8.33824],[-62.66321,8.33609],[-62.66991,8.33679]]}},{"type":"Feature","id":"way/648434178","properties":{"name":"Avenida Libertador","highway":"primary","ref":"R-43"},"geometry":{"type":"LineString","coordinates":[[-62.68196,8.33998],[-62.67906,8.3384]]}},{"type":"Feature","id":"way/648434179","properties":{"name":"Avenida Pedro Palacios Herrera","highway":"secondary","ref":"R-21"},"geometry":{"type":"LineString","coordinates":[[-62.65581,8.33688],[-62.6558,8.33785]]}},{"type":"Feature","id":"way/648434181","properties":{"name":"Avenida Pedro Palacios Herrera","highway":"secondary","ref":"R-21"},"geometry":{"type":"LineString","coordinates":[[-62.65818,8.33325],[-62.65885,8.33215]]}},{"type":"Feature","id":"way/648434182","properties":{"name":"Avenida Gumilla","highway":"primary","ref":"R-43"},"geometry":{"type":"LineString","coordinates":[[-62.65474,8.33798],[-62.65495,8.33851]]}},{"type":"Feature","id":"way/648434184","properties":{"name":"Avenida Gumilla","highway":"primary","ref":"R-43"},"geometry":{"type":"LineString","coordinates":[[-62.65538,8.33812],[-62.65485,8.33795]]}},{"type":"Feature","id":"way/648434186","properties":{"name":"Redoma El Dorado","highway":"primary","ref":"R-21;R-43"},"geometry":{"type":"LineString","coordinates":[[-62.65694,8.33824],[-62.65663,8.3376],[-62.65538,8.33812]]}},{"type":"Feature","id":"way/648534164","properties":{"name":"Cruce de Los Sabanales","highway":"primary_link","ref":"R-43"},"geometry":{"type":"LineString","coordinates":[[-62.67906,8.3384],[-62.67933,8.33862]]}},{"type":"Feature","id":"way/648534165","properties":{"name":"Cruce de Los Sabanales","highway":"primary_link"},"geometry":{"type":"LineString","coordinates":[[-62.67871,8.3385],[-62.67906,8.3384]]}},{"type":"Feature","id":"way/648534167","properties":{"name":"Cruce de Do\u00f1a B\u00e1rbara (Oeste)","highway":"primary_link"},"geometry":{"type":"LineString","coordinates":[[-62.6762,8.33803],[-62.67588,8.3378]]}},{"type":"Feature","id":"way/648534168","properties":{"name":"Cruce de Do\u00f1a B\u00e1rbara (Oeste)","highway":"primary_link"},"geometry":{"type":"LineString","coordinates":[[-62.67678,8.33797],[-62.6762,8.33803]]}},{"type":"Feature","id":"way/648534170","properties":{"name":"Cruce de La UDO (Oeste)","highway":"primary_link"},"geometry":{"type":"LineString","coordinates":[[-62.67202,8.33703],[-62.6722,8.33724]]}},{"type":"Feature","id":"way/648534171","properties":{"name":"Cruce de La UDO (Oeste)","highway":"primary_link"},"geometry":{"type":"LineString","coordinates":[[-62.67151,8.3371],[-62.67202,8.33703]]}},{"type":"Feature","id":"way/648534173","properties":{"name":"Cruce del Mercado (La 45)","highway":"primary_link"},"geometry":{"type":"LineString","coordinates":[[-62.67476,8.33758],[-62.67501,8.33779]]}},{"type":"Feature","id":"way/648534174","properties":{"name":"Cruce del Mercado (La 45)","highway":"primary_link"},"geometry":{"type":"LineString","coordinates":[[-62.67433,8.33766],[-62.67476,8.33758]]}},{"type":"Feature","id":"way/648534177","properties":{"name":"Cruce de Do\u00f1a B\u00e1rbara (Este)","highway":"primary_link"},"geometry":{"type":"LineString","coordinates":[[-62.67275,8.33735],[-62.67246,8.33713]]}},{"type":"Feature","id":"way/648534180","properties":{"name":"Cruce de Do\u00f1a B\u00e1rbara (Este)","highway":"primary_link"},"geometry":{"type":"LineString","coordinates":[[-62.67324,8.33728],[-62.67275,8.33735]]}},{"type":"Feature","id":"way/648537173","properties":{"name":"Cruce de La UDO (Este)","highway":"primary_link"},"geometry":{"type":"LineString","coordinates":[[-62.66991,8.33679],[-62.66915,8.33646]]}},{"type":"Feature","id":"way/648537174","properties":{"name":"Cruce de La UDO (Este)","highway":"primary_link"},"geometry":{"type":"LineString","coordinates":[[-62.67084,8.3368],[-62.66991,8.33679]]}},{"type":"Feature","id":"way/648537175","properties":{"name":"Cruce de La 46 (Oeste)","highway":"primary_link"},"geometry":{"type":"LineString","coordinates":[[-62.66686,8.33625],[-62.66734,8.33625]]}},{"type":"Feature","id":"way/648537176","properties":{"name":"Cruce de La 46 (Oeste)","highway":"primary_link"},"geometry":{"type":"LineString","coordinates":[[-62.66731,8.33615],[-62.66734,8.33625]]}},{"type":"Feature","id":"way/648537180","properties":{"name":"Cruce de Las Malvinas","highway":"primary_link"},"geometry":{"type":"LineString","coordinates":[[-62.6587,8.33715],[-62.65906,8.33683]]}},{"type":"Feature","id":"way/648537183","properties":{"name":"Cruce de La 46 (Este)","highway":"primary_link"},"geometry":{"type":"LineString","coordinates":[[-62.66283,8.336],[-62.66321,8.33609]]}},{"type":"Feature","id":"way/648537185","properties":{"name":"Cruce de La 46 (Este)","highway":"primary_link"},"geometry":{"type":"LineString","coordinates":[[-62.66259,8.33616],[-62.66283,8.336]]}},{"type":"Feature","id":"way/648539674","properties":{"name":"Avenida Pedro Palacios Herrera","highway":"secondary","ref":"R-21"},"geometry":{"type":"LineString","coordinates":[[-62.65801,8.33314],[-62.65795,8.33323]]}},{"type":"Feature","id":"way/648539675","properties":{"name":"Avenida Pedro Palacios Herrera","highway":"secondary","ref":"R-21"},"geometry":{"type":"LineString","coordinates":[[-62.65795,8.33323],[-62.65581,8.33688]]}},{"type":"Feature","id":"way/648539676","properties":{"name":"Avenida Pedro Palacios Herrera","highway":"secondary","ref":"R-21"},"geometry":{"type":"LineString","coordinates":[[-62.65812,8.33336],[-62.65818,8.33325]]}},{"type":"Feature","id":"way/648539677","properties":{"name":"Avenida Pedro Palacios Herrera","highway":"secondary","ref":"R-21"},"geometry":{"type":"LineString","coordinates":[[-62.65595,8.33693],[-62.65812,8.33336]]}},{"type":"Feature","id":"way/648539678","properties":{"name":"Avenida Pedro Palacios Herrera","highway":"secondary","ref":"R-21"},"geometry":{"type":"LineString","coordinates":[[-62.65635,8.33763],[-62.65595,8.33693]]}},{"type":"Feature","id":"way/648539679","properties":{"highway":"primary_link"},"geometry":{"type":"LineString","coordinates":[[-62.65752,8.33393],[-62.65448,8.33761]]}},{"type":"Feature","id":"way/648539680","properties":{"name":"Avenida Pedro Palacios Herrera","highway":"secondary","ref":"R-21"},"geometry":{"type":"LineString","coordinates":[[-62.66608,8.31942],[-62.65801,8.33314]]}},{"type":"Feature","id":"way/648562941","properties":{"highway":"primary_link"},"geometry":{"type":"LineString","coordinates":[[-62.65773,8.33723],[-62.65755,8.33747]]}},{"type":"Feature","id":"way/648938136","properties":{"name":"Avenida Leopoldo Sucre Figarella","highway":"secondary","ref":"R-21"},"geometry":{"type":"LineString","coordinates":[[-62.67068,8.30962],[-62.67085,8.30955]]}},{"type":"Feature","id":"way/648938137","properties":{"name":"Avenida Leopoldo Sucre Figarella","highway":"secondary","ref":"R-21"},"geometry":{"type":"LineString","coordinates":[[-62.6708,8.30943],[-62.67062,8.30951]]}},{"type":"Feature","id":"way/648938138","properties":{"name":"Avenida Leopoldo Sucre Figarella","highway":"secondary","ref":"R-21"},"geometry":{"type":"LineString","coordinates":[[-62.67657,8.30393],[-62.67499,8.30458],[-62.67299,8.30768]]}},{"type":"Feature","id":"way/648938139","properties":{"name":"Avenida Leopoldo Sucre Figarella","highway":"secondary","ref":"R-21"},"geometry":{"type":"LineString","coordinates":[[-62.67313,8.3077],[-62.67511,8.30465],[-62.67659,8.30408]]}},{"type":"Feature","id":"way/648938144","properties":{"name":"Avenida Leopoldo Sucre Figarella","highway":"secondary","ref":"R-21"},"geometry":{"type":"LineString","coordinates":[[-62.66839,8.31102],[-62.66705,8.31673]]}},{"type":"Feature","id":"way/648938145","properties":{"name":"Avenida Leopoldo Sucre Figarella","highway":"secondary","ref":"R-21"},"geometry":{"type":"LineString","coordinates":[[-62.66718,8.31677],[-62.66831,8.31138]]}},{"type":"Feature","id":"way/658243493","properties":{"highway":"primary_link"},"geometry":{"type":"LineString","coordinates":[[-62.6965,8.31049],[-62.69686,8.31061]]}},{"type":"Feature","id":"way/658243494","properties":{"highway":"primary_link"},"geometry":{"type":"LineString","coordinates":[[-62.69686,8.31061],[-62.69694,8.31026]]}},{"type":"Feature","id":"way/658247179","properties":{"name":"Avenida Venezuela","highway":"tertiary"},"geometry":{"type":"LineString","coordinates":[[-62.71953,8.31446],[-62.71961,8.3145]]}},{"type":"Feature","id":"way/658247180","properties":{"name":"Avenida Venezuela","highway":"tertiary"},"geometry":{"type":"LineString","coordinates":[[-62.71966,8.31441],[-62.71958,8.31437]]}},{"type":"Feature","id":"way/658247184","properties":{"name":"Paseo Rotario","highway":"tertiary"},"geometry":{"type":"LineString","coordinates":[[-62.72022,8.31333],[-62.72013,8.31326]]}},{"type":"Feature","id":"way/658247185","properties":{"name":"Avenida Ciudad Bol\u00edvar","highway":"tertiary"},"geometry":{"type":"LineString","coordinates":[[-62.72016,8.31343],[-62.72022,8.31333]]}},{"type":"Feature","id":"way/678390040","properties":{"name":"Avenida Paseo Caron\u00ed","highway":"tertiary"},"geometry":{"type":"LineString","coordinates":[[-62.80272,8.25105],[-62.80326,8.25052]]}},{"type":"Feature","id":"way/678390044","properties":{"name":"Avenida Guarapiche","highway":"tertiary"},"geometry":{"type":"LineString","coordinates":[[-62.75174,8.28337],[-62.75172,8.28331]]}},{"type":"Feature","id":"way/678390048","properties":{"name":"Avenida Paseo Caron\u00ed","highway":"tertiary"},"geometry":{"type":"LineString","coordinates":[[-62.80326,8.25052],[-62.80351,8.25027]]}},{"type":"Feature","id":"way/678655919","properties":{"name":"Avenida Paseo Caron\u00ed","highway":"tertiary"},"geometry":{"type":"LineString","coordinates":[[-62.74518,8.28614],[-62.74531,8.28604]]}},{"type":"Feature","id":"way/678655925","properties":{"name":"Avenida Paseo Caron\u00ed","highway":"tertiary"},"geometry":{"type":"LineString","coordinates":[[-62.80261,8.251],[-62.80218,8.25144]]}},{"type":"Feature","id":"way/678686939","properties":{"name":"Avenida Norte-Sur 7","highway":"secondary","ref":"R-33"},"geometry":{"type":"LineString","coordinates":[[-62.79723,8.243],[-62.79707,8.24273]]}},{"type":"Feature","id":"way/678686940","properties":{"name":"Avenida Atl\u00e1ntico","highway":"tertiary"},"geometry":{"type":"LineString","coordinates":[[-62.79707,8.24273],[-62.79742,8.2426]]}},{"type":"Feature","id":"way/678686944","properties":{"name":"Avenida Guarapiche","highway":"tertiary"},"geometry":{"type":"LineString","coordinates":[[-62.75161,8.28333],[-62.75164,8.2834]]}},{"type":"Feature","id":"way/678691631","properties":{"name":"Avenida Caracas","highway":"tertiary"},"geometry":{"type":"LineString","coordinates":[[-62.83739,8.21086],[-62.84058,8.21409]]}},{"type":"Feature","id":"way/678711410","properties":{"name":"Avenida Pac\u00edfico","highway":"tertiary"},"geometry":{"type":"LineString","coordinates":[[-62.72121,8.27416],[-62.72131,8.27426]]}},{"type":"Feature","id":"way/678711411","properties":{"name":"Avenida Loefling","highway":"tertiary"},"geometry":{"type":"LineString","coordinates":[[-62.72131,8.27426],[-62.72139,8.27417]]}},{"type":"Feature","id":"way/678711412","properties":{"name":"V\u00eda Italia","highway":"tertiary"},"geometry":{"type":"LineString","coordinates":[[-62.71625,8.27893],[-62.71618,8.2788]]}},{"type":"Feature","id":"way/680377633","properties":{"name":"Mercado La 45","highway":"primary_link","ref":"R-43"},"geometry":{"type":"LineString","coordinates":[[-62.67477,8.33751],[-62.67465,8.33756]]}},{"type":"Feature","id":"way/680377634","properties":{"name":"Mercado La 45","highway":"primary_link"},"geometry":{"type":"LineString","coordinates":[[-62.67484,8.3376],[-62.67477,8.33751]]}},{"type":"Feature","id":"way/680991886","properties":{"name":"Redoma de Manoa","highway":"secondary"},"geometry":{"type":"LineString","coordinates":[[-62.66181,8.35428],[-62.66131,8.35452]]}},{"type":"Feature","id":"way/682173030","properties":{"name":"Redoma Chilemex","highway":"secondary"},"geometry":{"type":"LineString","coordinates":[[-62.72209,8.30467],[-62.72209,8.30467]]}},{"type":"Feature","id":"way/684685396","properties":{"name":"UDO","highway":"primary_link"},"geometry":{"type":"LineString","coordinates":[[-62.66993,8.33694],[-62.67008,8.337]]}},{"type":"Feature","id":"way/684685397","properties":{"name":"UDO","highway":"primary_link"},"geometry":{"type":"LineString","coordinates":[[-62.66956,8.33672],[-62.66993,8.33694]]}},{"type":"Feature","id":"way/684685398","properties":{"name":"UDO","highway":"primary_link"},"geometry":{"type":"LineString","coordinates":[[-62.67008,8.337],[-62.6703,8.33686]]}},{"type":"Feature","id":"way/684685399","properties":{"name":"UDO","highway":"primary_link"},"geometry":{"type":"LineString","coordinates":[[-62.67008,8.337],[-62.66991,8.33679]]}},{"type":"Feature","id":"way/684685401","properties":{"name":"UDO","highway":"primary_link"},"geometry":{"type":"LineString","coordinates":[[-62.66991,8.33679],[-62.66993,8.33694]]}},{"type":"Feature","id":"way/684797042","properties":{"name":"Avenida Libertador","highway":"primary","ref":"R-43"},"geometry":{"type":"LineString","coordinates":[[-62.65906,8.33683],[-62.65669,8.33761]]}},{"type":"Feature","id":"way/684797043","properties":{"name":"Avenida Libertador","highway":"primary","ref":"R-43"},"geometry":{"type":"LineString","coordinates":[[-62.66283,8.336],[-62.65906,8.33683]]}},{"type":"Feature","id":"way/684797044","properties":{"name":"Avenida Libertador","highway":"primary","ref":"R-43"},"geometry":{"type":"LineString","coordinates":[[-62.66731,8.33615],[-62.66716,8.33612]]}},{"type":"Feature","id":"way/684797045","properties":{"name":"Cruce de La 46 (Oeste)","highway":"primary_link"},"geometry":{"type":"LineString","coordinates":[[-62.66734,8.33625],[-62.66756,8.33634]]}},{"type":"Feature","id":"way/684797046","properties":{"name":"Cruce de La 46 (Oeste)","highway":"primary_link"},"geometry":{"type":"LineString","coordinates":[[-62.66734,8.33625],[-62.66743,8.33616]]}},{"type":"Feature","id":"way/684797047","properties":{"name":"Avenida Libertador","highway":"primary","ref":"R-43"},"geometry":{"type":"LineString","coordinates":[[-62.66743,8.33616],[-62.66731,8.33615]]}},{"type":"Feature","id":"way/684797048","properties":{"name":"Avenida Libertador","highway":"primary","ref":"R-43"},"geometry":{"type":"LineString","coordinates":[[-62.66716,8.33612],[-62.66283,8.336]]}},{"type":"Feature","id":"way/684797049","properties":{"name":"Avenida Libertador","highway":"primary","ref":"R-43"},"geometry":{"type":"LineString","coordinates":[[-62.66991,8.33679],[-62.67275,8.33735]]}},{"type":"Feature","id":"way/684797050","properties":{"name":"Avenida Libertador","highway":"primary","ref":"R-43"},"geometry":{"type":"LineString","coordinates":[[-62.67202,8.33703],[-62.66743,8.33616]]}},{"type":"Feature","id":"way/684797051","properties":{"name":"Avenida Libertador","highway":"primary","ref":"R-43"},"geometry":{"type":"LineString","coordinates":[[-62.67476,8.33758],[-62.67465,8.33756]]}},{"type":"Feature","id":"way/684797052","properties":{"name":"Avenida Libertador","highway":"primary","ref":"R-43"},"geometry":{"type":"LineString","coordinates":[[-62.67465,8.33756],[-62.67202,8.33703]]}},{"type":"Feature","id":"way/684797053","properties":{"name":"Avenida Libertador","highway":"primary","ref":"R-43"},"geometry":{"type":"LineString","coordinates":[[-62.67484,8.3376],[-62.67476,8.33758]]}},{"type":"Feature","id":"way/684797057","properties":{"name":"Avenida Libertador","highway":"primary","ref":"R-43"},"geometry":{"type":"LineString","coordinates":[[-62.6762,8.33803],[-62.6801,8.33879]]}},{"type":"Feature","id":"way/684797059","properties":{"name":"Avenida Libertador","highway":"primary","ref":"R-43"},"geometry":{"type":"LineString","coordinates":[[-62.67275,8.33735],[-62.6762,8.33803]]}},{"type":"Feature","id":"way/684797060","properties":{"name":"Avenida Libertador","highway":"primary","ref":"R-43"},"geometry":{"type":"LineString","coordinates":[[-62.67906,8.3384],[-62.67484,8.3376]]}},{"type":"Feature","id":"way/684797065","properties":{"name":"Avenida Libertador","highway":"primary","ref":"R-43"},"geometry":{"type":"LineString","coordinates":[[-62.6801,8.33879],[-62.68127,8.33955]]}},{"type":"Feature","id":"way/684797066","properties":{"name":"Avenida Libertador","highway":"primary","ref":"R-43"},"geometry":{"type":"LineString","coordinates":[[-62.68127,8.33955],[-62.68187,8.34007]]}},{"type":"Feature","id":"way/684797067","properties":{"name":"Avenida Libertador","highway":"primary","ref":"R-43"},"geometry":{"type":"LineString","coordinates":[[-62.68316,8.3412],[-62.68396,8.34171]]}},{"type":"Feature","id":"way/684797068","properties":{"name":"Avenida Libertador","highway":"primary","ref":"R-43"},"geometry":{"type":"LineString","coordinates":[[-62.68325,8.34112],[-62.68205,8.34006]]}},{"type":"Feature","id":"way/684797069","properties":{"name":"Avenida Libertador","highway":"primary","ref":"R-43"},"geometry":{"type":"LineString","coordinates":[[-62.68396,8.34171],[-62.68795,8.34328]]}},{"type":"Feature","id":"way/684874255","properties":{"name":"Redoma de Dalla Costa","highway":"tertiary"},"geometry":{"type":"LineString","coordinates":[[-62.68874,8.33221],[-62.68828,8.33196]]}},{"type":"Feature","id":"way/684874256","properties":{"name":"Redoma de Dalla Costa","highway":"tertiary"},"geometry":{"type":"LineString","coordinates":[[-62.68828,8.33196],[-62.68818,8.33213]]}},{"type":"Feature","id":"way/684874257","properties":{"name":"Avenida Dalla Costa","highway":"tertiary"},"geometry":{"type":"LineString","coordinates":[[-62.68449,8.33717],[-62.68196,8.33998]]}},{"type":"Feature","id":"way/684874258","properties":{"name":"Avenida Dalla Costa","highway":"tertiary"},"geometry":{"type":"LineString","coordinates":[[-62.68458,8.33725],[-62.68855,8.33243]]}},{"type":"Feature","id":"way/684874260","properties":{"name":"V\u00eda Inciarte","highway":"tertiary"},"geometry":{"type":"LineString","coordinates":[[-62.67692,8.34947],[-62.6764,8.34972]]}},{"type":"Feature","id":"way/684874262","properties":{"name":"V\u00eda Inciarte","highway":"tertiary"},"geometry":{"type":"LineString","coordinates":[[-62.67785,8.34947],[-62.67692,8.34947]]}},{"type":"Feature","id":"way/684874263","properties":{"name":"Avenida Antonio de Berr\u00edo","highway":"tertiary"},"geometry":{"type":"LineString","coordinates":[[-62.67527,8.35036],[-62.67269,8.35181]]}},{"type":"Feature","id":"way/684874265","properties":{"name":"Avenida Antonio de Berr\u00edo","highway":"tertiary"},"geometry":{"type":"LineString","coordinates":[[-62.67531,8.35047],[-62.67702,8.34974]]}},{"type":"Feature","id":"way/684874266","properties":{"name":"Avenida Dalla Costa","highway":"tertiary"},"geometry":{"type":"LineString","coordinates":[[-62.67821,8.34629],[-62.67704,8.349]]}},{"type":"Feature","id":"way/684874267","properties":{"name":"Avenida Dalla Costa","highway":"tertiary"},"geometry":{"type":"LineString","coordinates":[[-62.67831,8.34634],[-62.67928,8.34409]]}},{"type":"Feature","id":"way/684874268","properties":{"name":"Avenida Dalla Costa","highway":"tertiary"},"geometry":{"type":"LineString","coordinates":[[-62.68053,8.34189],[-62.68197,8.34016]]}},{"type":"Feature","id":"way/684874270","properties":{"name":"Avenida Dalla Costa","highway":"tertiary"},"geometry":{"type":"LineString","coordinates":[[-62.68043,8.34181],[-62.68039,8.34186]]}},{"type":"Feature","id":"way/684874271","properties":{"name":"Avenida Dalla Costa","highway":"tertiary"},"geometry":{"type":"LineString","coordinates":[[-62.68039,8.34186],[-62.67821,8.34629]]}},{"type":"Feature","id":"way/684874272","properties":{"name":"Avenida Antonio de Berr\u00edo","highway":"tertiary"},"geometry":{"type":"LineString","coordinates":[[-62.67702,8.34974],[-62.67724,8.34972]]}},{"type":"Feature","id":"way/684874273","properties":{"name":"Avenida Dalla Costa","highway":"tertiary"},"geometry":{"type":"LineString","coordinates":[[-62.67779,8.34923],[-62.67831,8.34634]]}},{"type":"Feature","id":"way/684874274","properties":{"name":"V\u00eda Inciarte","highway":"tertiary"},"geometry":{"type":"LineString","coordinates":[[-62.67952,8.35114],[-62.67971,8.35135]]}},{"type":"Feature","id":"way/684874275","properties":{"name":"Avenida Antonio de Berr\u00edo","highway":"tertiary"},"geometry":{"type":"LineString","coordinates":[[-62.67269,8.35181],[-62.67231,8.35203]]}},{"type":"Feature","id":"way/684874277","properties":{"name":"Avenida Antonio de Berr\u00edo","highway":"tertiary"},"geometry":{"type":"LineString","coordinates":[[-62.67282,8.35188],[-62.67531,8.35047]]}},{"type":"Feature","id":"way/684874279","properties":{"name":"Avenida Antonio de Berr\u00edo","highway":"tertiary"},"geometry":{"type":"LineString","coordinates":[[-62.67119,8.35267],[-62.67059,8.35301]]}},{"type":"Feature","id":"way/684874287","properties":{"name":"Avenida Antonio de Berr\u00edo","highway":"tertiary"},"geometry":{"type":"LineString","coordinates":[[-62.67124,8.35275],[-62.67229,8.35216]]}},{"type":"Feature","id":"way/684874291","properties":{"name":"Avenida Antonio de Berr\u00edo","highway":"tertiary"},"geometry":{"type":"LineString","coordinates":[[-62.67059,8.35301],[-62.66997,8.35336]]}},{"type":"Feature","id":"way/684874292","properties":{"name":"Avenida Antonio de Berr\u00edo","highway":"tertiary"},"geometry":{"type":"LineString","coordinates":[[-62.66997,8.35336],[-62.66927,8.35359]]}},{"type":"Feature","id":"way/684874295","properties":{"name":"Avenida Antonio de Berr\u00edo","highway":"tertiary"},"geometry":{"type":"LineString","coordinates":[[-62.66927,8.35359],[-62.6662,8.35371]]}},{"type":"Feature","id":"way/684874296","properties":{"name":"Avenida Antonio de Berr\u00edo","highway":"tertiary"},"geometry":{"type":"LineString","coordinates":[[-62.66933,8.35371],[-62.67124,8.35275]]}},{"type":"Feature","id":"way/684874298","properties":{"name":"Avenida Antonio de Berr\u00edo","highway":"tertiary"},"geometry":{"type":"LineString","coordinates":[[-62.6662,8.35371],[-62.6654,8.35373]]}},{"type":"Feature","id":"way/684874299","properties":{"name":"Avenida Antonio de Berr\u00edo","highway":"tertiary"},"geometry":{"type":"LineString","coordinates":[[-62.6662,8.35383],[-62.66933,8.35371]]}},{"type":"Feature","id":"way/684874300","properties":{"name":"Avenida Antonio de Berr\u00edo","highway":"tertiary"},"geometry":{"type":"LineString","coordinates":[[-62.6654,8.35373],[-62.66166,8.35415]]}},{"type":"Feature","id":"way/684874302","properties":{"name":"Avenida Antonio de Berr\u00edo","highway":"tertiary"},"geometry":{"type":"LineString","coordinates":[[-62.6654,8.35386],[-62.6662,8.35383]]}},{"type":"Feature","id":"way/684874303","properties":{"name":"Avenida Gumilla","highway":"secondary"},"geometry":{"type":"LineString","coordinates":[[-62.65958,8.34975],[-62.65955,8.34965]]}},{"type":"Feature","id":"way/684874306","properties":{"name":"Avenida Gumilla","highway":"secondary"},"geometry":{"type":"LineString","coordinates":[[-62.65943,8.34979],[-62.6613,8.35434]]}},{"type":"Feature","id":"way/684874308","properties":{"name":"Avenida Gumilla","highway":"secondary"},"geometry":{"type":"LineString","coordinates":[[-62.65955,8.34965],[-62.65804,8.34528]]}},{"type":"Feature","id":"way/684874310","properties":{"name":"Avenida Gumilla","highway":"secondary"},"geometry":{"type":"LineString","coordinates":[[-62.65963,8.34989],[-62.65958,8.34975]]}},{"type":"Feature","id":"way/684874312","properties":{"name":"Avenida Gumilla","highway":"secondary"},"geometry":{"type":"LineString","coordinates":[[-62.65804,8.34528],[-62.658,8.34517]]}},{"type":"Feature","id":"way/684874314","properties":{"name":"Avenida Gumilla","highway":"secondary"},"geometry":{"type":"LineString","coordinates":[[-62.658,8.34517],[-62.65613,8.33899]]}},{"type":"Feature","id":"way/684874315","properties":{"name":"Avenida Gumilla","highway":"secondary"},"geometry":{"type":"LineString","coordinates":[[-62.65788,8.34534],[-62.65943,8.34979]]}},{"type":"Feature","id":"way/684874342","properties":{"name":"Avenida Gumilla","highway":"secondary"},"geometry":{"type":"LineString","coordinates":[[-62.65784,8.34522],[-62.65788,8.34534]]}},{"type":"Feature","id":"way/684874368","properties":{"name":"Avenida Dalla Costa","highway":"tertiary"},"geometry":{"type":"LineString","coordinates":[[-62.67928,8.34409],[-62.68053,8.34189]]}},{"type":"Feature","id":"way/684874416","properties":{"name":"Redoma de Otilio","highway":"trunk","ref":"T-19"},"geometry":{"type":"LineString","coordinates":[[-62.68091,8.35294],[-62.68149,8.35269]]}},{"type":"Feature","id":"way/684874421","properties":{"name":"Avenida Guayana","highway":"trunk","ref":"T-19"},"geometry":{"type":"LineString","coordinates":[[-62.66872,8.35885],[-62.67114,8.35734]]}},{"type":"Feature","id":"way/684874476","properties":{"name":"Avenida Guayana","highway":"primary","ref":"R-42"},"geometry":{"type":"LineString","coordinates":[[-62.6925,8.33924],[-62.69243,8.34179]]}},{"type":"Feature","id":"way/684874483","properties":{"name":"Avenida Guayana","highway":"primary","ref":"R-42"},"geometry":{"type":"LineString","coordinates":[[-62.69255,8.33724],[-62.69226,8.33304]]}},{"type":"Feature","id":"way/684874501","properties":{"name":"Avenida Guayana","highway":"primary","ref":"R-42"},"geometry":{"type":"LineString","coordinates":[[-62.69233,8.33684],[-62.6925,8.33924]]}},{"type":"Feature","id":"way/684874508","properties":{"name":"Distribuidor Dalla Costa","highway":"primary_link"},"geometry":{"type":"LineString","coordinates":[[-62.6922,8.33592],[-62.69229,8.33619]]}},{"type":"Feature","id":"way/684874514","properties":{"name":"Distribuidor Dalla Costa","highway":"primary_link"},"geometry":{"type":"LineString","coordinates":[[-62.69207,8.33498],[-62.6922,8.33592]]}},{"type":"Feature","id":"way/684874517","properties":{"name":"Avenida Pedro Palacios Herrera","highway":"secondary","ref":"R-21"},"geometry":{"type":"LineString","coordinates":[[-62.65885,8.33215],[-62.66621,8.31947]]}},{"type":"Feature","id":"way/687090304","properties":{"name":"V\u00eda a Guri","highway":"tertiary","ref":"R-10"},"geometry":{"type":"LineString","coordinates":[[-63.08458,7.87961],[-63.08459,7.88002]]}},{"type":"Feature","id":"way/687090306","properties":{"name":"V\u00eda a Guri","highway":"tertiary","ref":"R-10"},"geometry":{"type":"LineString","coordinates":[[-63.03084,7.79216],[-63.03448,7.79777],[-63.04306,7.8044],[-63.0501,7.81277],[-63.05041,7.81492],[-63.04872,7.81822],[-63.04872,7.82054],[-63.05562,7.83276],[-63.06052,7.83731],[-63.06391,7.84239],[-63.07224,7.84786],[-63.07318,7.8508],[-63.07235,7.86154],[-63.07293,7.86435],[-63.07514,7.86722],[-63.08301,7.87282],[-63.08458,7.87961]]}},{"type":"Feature","id":"way/688479890","properties":{"name":"Avenida Leopoldo Sucre Figarella","highway":"secondary","ref":"R-21"},"geometry":{"type":"LineString","coordinates":[[-62.68031,8.30338],[-62.68292,8.30216],[-62.68403,8.29929],[-62.69259,8.28728]]}},{"type":"Feature","id":"way/688479891","properties":{"name":"Avenida Leopoldo Sucre Figarella","highway":"secondary","ref":"R-21"},"geometry":{"type":"LineString","coordinates":[[-62.69247,8.2872],[-62.68392,8.29919],[-62.68286,8.30202],[-62.68028,8.30324]]}},{"type":"Feature","id":"way/688479892","properties":{"name":"Avenida Leopoldo Sucre Figarella","highway":"secondary","ref":"R-21"},"geometry":{"type":"LineString","coordinates":[[-62.68028,8.30324],[-62.67657,8.30393]]}},{"type":"Feature","id":"way/688479893","properties":{"name":"Avenida Leopoldo Sucre Figarella","highway":"secondary","ref":"R-21"},"geometry":{"type":"LineString","coordinates":[[-62.67659,8.30408],[-62.68031,8.30338]]}},{"type":"Feature","id":"way/689210807","properties":{"name":"Avenida Leopoldo Sucre Figarella","highway":"secondary","ref":"R-21"},"geometry":{"type":"LineString","coordinates":[[-62.66831,8.31138],[-62.6685,8.31109]]}},{"type":"Feature","id":"way/689210808","properties":{"name":"Avenida Leopoldo Sucre Figarella","highway":"secondary","ref":"R-21"},"geometry":{"type":"LineString","coordinates":[[-62.6685,8.31109],[-62.67068,8.30962]]}},{"type":"Feature","id":"way/689210810","properties":{"name":"Avenida Leopoldo Sucre Figarella","highway":"secondary","ref":"R-21"},"geometry":{"type":"LineString","coordinates":[[-62.6686,8.31075],[-62.66848,8.31089]]}},{"type":"Feature","id":"way/689210811","properties":{"name":"Avenida Leopoldo Sucre Figarella","highway":"secondary","ref":"R-21"},"geometry":{"type":"LineString","coordinates":[[-62.66848,8.31089],[-62.66839,8.31102]]}},{"type":"Feature","id":"way/689210812","properties":{"name":"Avenida Leopoldo Sucre Figarella","highway":"secondary","ref":"R-21"},"geometry":{"type":"LineString","coordinates":[[-62.67062,8.30951],[-62.6686,8.31075]]}},{"type":"Feature","id":"way/689210816","properties":{"name":"Avenida Leopoldo Sucre Figarella","highway":"secondary","ref":"R-21"},"geometry":{"type":"LineString","coordinates":[[-62.67294,8.30799],[-62.67313,8.3077]]}},{"type":"Feature","id":"way/689210817","properties":{"name":"Avenida Leopoldo Sucre Figarella","highway":"secondary","ref":"R-21"},"geometry":{"type":"LineString","coordinates":[[-62.67085,8.30955],[-62.67294,8.30799]]}},{"type":"Feature","id":"way/689210820","properties":{"name":"Avenida Leopoldo Sucre Figarella","highway":"secondary","ref":"R-21"},"geometry":{"type":"LineString","coordinates":[[-62.67299,8.30768],[-62.67277,8.30804]]}},{"type":"Feature","id":"way/689210821","properties":{"name":"Avenida Leopoldo Sucre Figarella","highway":"secondary","ref":"R-21"},"geometry":{"type":"LineString","coordinates":[[-62.67277,8.30804],[-62.6708,8.30943]]}},{"type":"Feature","id":"way/690261156","properties":{"name":"Calle Ayacucho","highway":"primary","ref":"L-4;R-2"},"geometry":{"type":"LineString","coordinates":[[-62.40714,8.01727],[-62.40726,8.01918]]}},{"type":"Feature","id":"way/690799128","properties":{"highway":"tertiary"},"geometry":{"type":"LineString","coordinates":[[-62.56313,8.30474],[-62.56192,8.29949]]}},{"type":"Feature","id":"way/690799132","properties":{"highway":"tertiary"},"geometry":{"type":"LineString","coordinates":[[-62.56094,8.30977],[-62.5633,8.30793]]}},{"type":"Feature","id":"way/690799157","properties":{"name":"Calle Principal de El Rosario","highway":"secondary"},"geometry":{"type":"LineString","coordinates":[[-62.56803,8.31105],[-62.56339,8.31119]]}},{"type":"Feature","id":"way/702452535","properties":{"highway":"primary_link"},"geometry":{"type":"LineString","coordinates":[[-62.65906,8.33683],[-62.65938,8.3369]]}},{"type":"Feature","id":"way/705756730","properties":{"highway":"tertiary"},"geometry":{"type":"LineString","coordinates":[[-61.81747,7.60992],[-61.80512,7.62247],[-61.79567,7.62341],[-61.78885,7.62776],[-61.78321,7.64131]]}},{"type":"Feature","id":"way/748786017","properties":{"name":"Peaje Guayana","highway":"motorway","ref":"T-19"},"geometry":{"type":"LineString","coordinates":[[-62.86779,8.20475],[-62.86505,8.20754]]}},{"type":"Feature","id":"way/749869090","properties":{"name":"Carretera Santa Rosal\u00eda - Las Bonitas","highway":"tertiary","ref":"T-14"},"geometry":{"type":"LineString","coordinates":[[-65.66343,7.86601],[-65.66081,7.85943],[-65.66318,7.85511],[-65.66246,7.84506],[-65.66105,7.83936],[-65.67314,7.81867],[-65.67379,7.81149],[-65.67615,7.80486],[-65.67425,7.79176],[-65.67007,7.78379],[-65.66826,7.78166],[-65.66092,7.77702],[-65.65811,7.77234],[-65.66127,7.75689],[-65.66627,7.75099],[-65.66568,7.74392],[-65.6644,7.7397],[-65.66005,7.73283],[-65.65968,7.72734],[-65.66139,7.71423],[-65.65923,7.70198],[-65.65516,7.70039],[-65.64668,7.68931],[-65.64101,7.68431],[-65.64146,7.67191],[-65.64681,7.66964],[-65.64886,7.65982],[-65.64236,7.63265],[-65.64219,7.62938],[-65.64419,7.6196],[-65.63783,7.60049],[-65.63454,7.59471],[-65.63355,7.58885],[-65.63746,7.5554],[-65.64191,7.54081],[-65.64899,7.52509],[-65.65124,7.50642],[-65.65607,7.49664]]}},{"type":"Feature","id":"way/757032009","properties":{"name":"Avenida Guayana","highway":"trunk","ref":"T-19"},"geometry":{"type":"LineString","coordinates":[[-62.65286,8.37212],[-62.65359,8.37104]]}},{"type":"Feature","id":"way/757032010","properties":{"name":"Avenida Guayana","highway":"trunk","ref":"T-19"},"geometry":{"type":"LineString","coordinates":[[-62.65321,8.37136],[-62.65267,8.37215]]}},{"type":"Feature","id":"way/757035953","properties":{"highway":"trunk_link"},"geometry":{"type":"LineString","coordinates":[[-62.65861,8.36661],[-62.65878,8.36652]]}},{"type":"Feature","id":"way/757035954","properties":{"name":"Calle 07","highway":"trunk_link"},"geometry":{"type":"LineString","coordinates":[[-62.65861,8.36661],[-62.65873,8.36643]]}},{"type":"Feature","id":"way/757047248","properties":{"highway":"primary_link"},"geometry":{"type":"LineString","coordinates":[[-62.6416,8.31435],[-62.64139,8.31436]]}},{"type":"Feature","id":"way/757047249","properties":{"highway":"primary_link"},"geometry":{"type":"LineString","coordinates":[[-62.64286,8.32349],[-62.64312,8.3234]]}},{"type":"Feature","id":"way/757047250","properties":{"highway":"primary_link"},"geometry":{"type":"LineString","coordinates":[[-62.64332,8.32446],[-62.64303,8.32442]]}},{"type":"Feature","id":"way/771979062","properties":{"name":"Calle Apure","highway":"tertiary"},"geometry":{"type":"LineString","coordinates":[[-62.61396,8.31145],[-62.61541,8.31178]]}},{"type":"Feature","id":"way/771979064","properties":{"name":"Calle Guariqu\u00e9n","highway":"tertiary"},"geometry":{"type":"LineString","coordinates":[[-62.6255,8.32869],[-62.62523,8.32857]]}},{"type":"Feature","id":"way/771979065","properties":{"name":"Calle Guariqu\u00e9n","highway":"tertiary"},"geometry":{"type":"LineString","coordinates":[[-62.6289,8.32749],[-62.6255,8.32869]]}},{"type":"Feature","id":"way/771979069","properties":{"name":"Calle T\u00e1chira","highway":"tertiary"},"geometry":{"type":"LineString","coordinates":[[-62.63836,8.32235],[-62.64292,8.32389]]}},{"type":"Feature","id":"way/847452483","properties":{"highway":"primary_link"},"geometry":{"type":"LineString","coordinates":[[-62.75458,8.28732],[-62.75492,8.2868]]}},{"type":"Feature","id":"way/855300611","properties":{"name":"Carretera Regional San F\u00e9lix - El Triunfo","highway":"primary","ref":"L-3"},"geometry":{"type":"LineString","coordinates":[[-62.58787,8.40869],[-62.58741,8.40901]]}},{"type":"Feature","id":"way/855300612","properties":{"name":"V\u00eda a R\u00edo Claro","highway":"primary","ref":"L-3"},"geometry":{"type":"LineString","coordinates":[[-62.64157,8.37643],[-62.63825,8.37977],[-62.62506,8.38924]]}},{"type":"Feature","id":"way/858496428","properties":{"name":"V\u00eda a Las Majadas","highway":"tertiary"},"geometry":{"type":"LineString","coordinates":[[-64.82356,7.62463],[-64.82618,7.6263]]}},{"type":"Feature","id":"way/860635342","properties":{"highway":"trunk_link"},"geometry":{"type":"LineString","coordinates":[[-61.89595,7.48409],[-61.89644,7.48401]]}},{"type":"Feature","id":"way/860635343","properties":{"highway":"trunk_link"},"geometry":{"type":"LineString","coordinates":[[-61.89644,7.48401],[-61.89627,7.48348]]}},{"type":"Feature","id":"way/860635344","properties":{"highway":"trunk_link"},"geometry":{"type":"LineString","coordinates":[[-61.89636,7.48329],[-61.89595,7.48331]]}},{"type":"Feature","id":"way/860635345","properties":{"highway":"trunk_link"},"geometry":{"type":"LineString","coordinates":[[-61.89596,7.48337],[-61.89595,7.48409]]}},{"type":"Feature","id":"way/862810083","properties":{"highway":"primary_link"},"geometry":{"type":"LineString","coordinates":[[-62.40963,8.02271],[-62.4099,8.02258]]}},{"type":"Feature","id":"way/867005485","properties":{"highway":"tertiary"},"geometry":{"type":"LineString","coordinates":[[-62.56473,8.28111],[-62.56467,8.28238]]}},{"type":"Feature","id":"way/882541886","properties":{"name":"Ruta 2 de Vista Al Sol","highway":"tertiary"},"geometry":{"type":"LineString","coordinates":[[-62.62919,8.34614],[-62.6283,8.34638]]}},{"type":"Feature","id":"way/884938987","properties":{"highway":"tertiary"},"geometry":{"type":"LineString","coordinates":[[-62.64292,8.32389],[-62.64323,8.32394]]}},{"type":"Feature","id":"way/884938990","properties":{"highway":"tertiary"},"geometry":{"type":"LineString","coordinates":[[-62.62664,8.33402],[-62.62673,8.334]]}},{"type":"Feature","id":"way/885306201","properties":{"name":"Distribuidor El Centro","highway":"trunk_link"},"geometry":{"type":"LineString","coordinates":[[-62.66099,8.36477],[-62.66246,8.36319]]}},{"type":"Feature","id":"way/885474749","properties":{"name":"Avenida Manuel Piar","highway":"trunk_link","ref":"T-10"},"geometry":{"type":"LineString","coordinates":[[-62.62993,8.34523],[-62.6298,8.34498]]}},{"type":"Feature","id":"way/885548470","properties":{"name":"Avenida 01","highway":"tertiary"},"geometry":{"type":"LineString","coordinates":[[-62.61163,8.37812],[-62.61631,8.37742]]}},{"type":"Feature","id":"way/885548472","properties":{"name":"Avenida Menca de Leoni","highway":"tertiary"},"geometry":{"type":"LineString","coordinates":[[-62.63725,8.37199],[-62.6428,8.37317]]}},{"type":"Feature","id":"way/885611967","properties":{"name":"Avenida Palomeque de Acu\u00f1a","highway":"tertiary"},"geometry":{"type":"LineString","coordinates":[[-62.62245,8.37459],[-62.61631,8.37742]]}},{"type":"Feature","id":"way/885675025","properties":{"name":"Avenida 01","highway":"tertiary"},"geometry":{"type":"LineString","coordinates":[[-62.61326,8.35567],[-62.61067,8.35449]]}},{"type":"Feature","id":"way/885675030","properties":{"name":"Calle Altamira","highway":"tertiary"},"geometry":{"type":"LineString","coordinates":[[-62.61076,8.34264],[-62.61318,8.34173]]}},{"type":"Feature","id":"way/885675040","properties":{"name":"Ruta 1 de Vista Al Sol","highway":"tertiary"},"geometry":{"type":"LineString","coordinates":[[-62.6148,8.35637],[-62.61693,8.35418],[-62.62608,8.35167]]}},{"type":"Feature","id":"way/885675054","properties":{"name":"Carrera 01","highway":"tertiary"},"geometry":{"type":"LineString","coordinates":[[-62.6082,8.34059],[-62.60958,8.34156]]}},{"type":"Feature","id":"way/885829384","properties":{"name":"V\u00eda a El Rosario","highway":"secondary"},"geometry":{"type":"LineString","coordinates":[[-62.61945,8.31902],[-62.61439,8.31905]]}},{"type":"Feature","id":"way/885829427","properties":{"highway":"secondary"},"geometry":{"type":"LineString","coordinates":[[-62.61954,8.31898],[-62.61945,8.31902]]}},{"type":"Feature","id":"way/886034192","properties":{"highway":"tertiary"},"geometry":{"type":"LineString","coordinates":[[-62.5633,8.30793],[-62.56204,8.30563],[-62.56313,8.30474]]}},{"type":"Feature","id":"way/886034197","properties":{"name":"V\u00eda a El Rosario","highway":"secondary"},"geometry":{"type":"LineString","coordinates":[[-62.60575,8.32112],[-62.60322,8.32071],[-62.59298,8.31538],[-62.58876,8.31707],[-62.587,8.31685],[-62.57773,8.30962],[-62.57214,8.31246],[-62.56803,8.31105]]}},{"type":"Feature","id":"way/886034203","properties":{"highway":"tertiary"},"geometry":{"type":"LineString","coordinates":[[-62.56192,8.29949],[-62.55799,8.29814],[-62.55905,8.28762],[-62.56023,8.28457]]}},{"type":"Feature","id":"way/886034219","properties":{"highway":"tertiary"},"geometry":{"type":"LineString","coordinates":[[-62.5614,8.28182],[-62.5608,8.28355]]}},{"type":"Feature","id":"way/886051764","properties":{"name":"Carretera La Josefina - Los Cul\u00edes","highway":"tertiary","ref":"R-31"},"geometry":{"type":"LineString","coordinates":[[-62.48326,8.26553],[-62.47603,8.27608]]}},{"type":"Feature","id":"way/886361868","properties":{"name":"V\u00eda a El Pao","highway":"primary","ref":"R-1"},"geometry":{"type":"LineString","coordinates":[[-62.67845,8.03961],[-62.68068,8.04029],[-62.68534,8.0387],[-62.68712,8.04077],[-62.68525,8.04306],[-62.68626,8.04753],[-62.68502,8.05353],[-62.68603,8.06286],[-62.68778,8.06713],[-62.68588,8.07006],[-62.68576,8.07442],[-62.68816,8.07835],[-62.6851,8.08219],[-62.68117,8.08399],[-62.68012,8.08721],[-62.67736,8.08925],[-62.676,8.09453],[-62.67306,8.09744],[-62.67321,8.10092],[-62.67166,8.10484],[-62.66888,8.10918],[-62.66469,8.11077],[-62.66494,8.11213],[-62.66958,8.11697],[-62.67149,8.12176],[-62.66995,8.12503],[-62.66756,8.12672],[-62.66728,8.1293],[-62.66298,8.1306],[-62.65632,8.13481],[-62.6549,8.13903],[-62.6494,8.14298],[-62.64857,8.14488],[-62.64472,8.14714],[-62.64486,8.15107],[-62.64659,8.15447],[-62.64153,8.16382],[-62.64192,8.1675],[-62.63683,8.17584],[-62.63075,8.17845],[-62.62753,8.18485],[-62.62782,8.19347],[-62.62999,8.19768],[-62.63147,8.20381],[-62.63147,8.21414],[-62.63056,8.21611],[-62.62779,8.21679],[-62.62468,8.22019],[-62.6224,8.22083],[-62.62126,8.22347],[-62.61636,8.22792],[-62.61611,8.23916],[-62.61943,8.24587],[-62.62106,8.25254],[-62.6206,8.25692],[-62.62205,8.25929],[-62.62213,8.26151],[-62.62472,8.26463],[-62.62623,8.27432],[-62.62596,8.27928],[-62.62917,8.28306],[-62.63249,8.28476],[-62.63442,8.28795]]}},{"type":"Feature","id":"way/887791491","properties":{"name":"Paseo Rotario","highway":"tertiary"},"geometry":{"type":"LineString","coordinates":[[-62.71658,8.31173],[-62.72005,8.3134]]}},{"type":"Feature","id":"way/890862292","properties":{"name":"Calle Altamira (Ruta 5)","highway":"tertiary"},"geometry":{"type":"LineString","coordinates":[[-62.61318,8.34173],[-62.62664,8.33402]]}},{"type":"Feature","id":"way/891386326","properties":{"name":"Avenida Principal de Unare","highway":"tertiary"},"geometry":{"type":"LineString","coordinates":[[-62.7643,8.27175],[-62.76484,8.26635]]}},{"type":"Feature","id":"way/892678002","properties":{"name":"Calle Principal de Francisca Duarte","highway":"tertiary"},"geometry":{"type":"LineString","coordinates":[[-62.62301,8.30771],[-62.63923,8.30394]]}},{"type":"Feature","id":"way/893003172","properties":{"name":"Ruta 2 Sebasti\u00e1n D\u00edaz","highway":"tertiary"},"geometry":{"type":"LineString","coordinates":[[-62.61656,8.34953],[-62.61181,8.35262],[-62.60818,8.35988]]}},{"type":"Feature","id":"way/893058513","properties":{"name":"Avenida 07","highway":"tertiary"},"geometry":{"type":"LineString","coordinates":[[-62.6041,8.34965],[-62.60127,8.34778]]}},{"type":"Feature","id":"way/902936352","properties":{"name":"Redoma de Hipodromo Sur","highway":"tertiary"},"geometry":{"type":"LineString","coordinates":[[-62.39344,7.99501],[-62.39344,7.99501]]}},{"type":"Feature","id":"way/930360782","properties":{"name":"V\u00eda a Cacahual","highway":"tertiary"},"geometry":{"type":"LineString","coordinates":[[-62.59559,8.36349],[-62.59713,8.36199],[-62.6019,8.361],[-62.60446,8.3582],[-62.60863,8.3589]]}},{"type":"Feature","id":"way/930360783","properties":{"name":"V\u00eda a Cacahual","highway":"tertiary"},"geometry":{"type":"LineString","coordinates":[[-62.59533,8.36352],[-62.59559,8.36349]]}},{"type":"Feature","id":"way/930739974","properties":{"name":"V\u00eda a El Rosario","highway":"secondary"},"geometry":{"type":"LineString","coordinates":[[-62.61439,8.31905],[-62.60607,8.32115]]}},{"type":"Feature","id":"way/930739975","properties":{"name":"V\u00eda a El Rosario","highway":"secondary"},"geometry":{"type":"LineString","coordinates":[[-62.60607,8.32115],[-62.60575,8.32112]]}},{"type":"Feature","id":"way/931735326","properties":{"name":"V\u00eda a Upata","highway":"trunk","ref":"T-10"},"geometry":{"type":"LineString","coordinates":[[-62.63006,8.34586],[-62.62434,8.32563],[-62.60857,8.30424],[-62.58095,8.28944],[-62.57729,8.28539],[-62.56329,8.28012],[-62.56052,8.27732]]}},{"type":"Feature","id":"way/931735327","properties":{"name":"V\u00eda a Upata","highway":"trunk","ref":"T-10"},"geometry":{"type":"LineString","coordinates":[[-62.56052,8.27732],[-62.56291,8.28003],[-62.5766,8.28515],[-62.58089,8.28952],[-62.6085,8.30431],[-62.62416,8.3255],[-62.62996,8.34589]]}},{"type":"Feature","id":"way/931749810","properties":{"name":"Avenida Manuel Piar","highway":"trunk","ref":"T-10"},"geometry":{"type":"LineString","coordinates":[[-62.65286,8.37212],[-62.6494,8.36851],[-62.64328,8.3656]]}},{"type":"Feature","id":"way/931749813","properties":{"name":"Avenida Manuel Piar","highway":"trunk","ref":"T-10"},"geometry":{"type":"LineString","coordinates":[[-62.64323,8.36571],[-62.64931,8.36863],[-62.65277,8.37226]]}},{"type":"Feature","id":"way/931749818","properties":{"name":"Avenida Manuel Piar","highway":"trunk","ref":"T-10"},"geometry":{"type":"LineString","coordinates":[[-62.62996,8.34589],[-62.63431,8.3608],[-62.64323,8.36571]]}},{"type":"Feature","id":"way/931749819","properties":{"name":"Avenida Manuel Piar","highway":"trunk","ref":"T-10"},"geometry":{"type":"LineString","coordinates":[[-62.64328,8.3656],[-62.63439,8.36074],[-62.63006,8.34586]]}},{"type":"Feature","id":"way/931755357","properties":{"highway":"trunk_link"},"geometry":{"type":"LineString","coordinates":[[-62.58093,8.28975],[-62.5813,8.28975]]}},{"type":"Feature","id":"way/931755358","properties":{"highway":"trunk_link"},"geometry":{"type":"LineString","coordinates":[[-62.58089,8.28952],[-62.58093,8.28975]]}},{"type":"Feature","id":"way/934874772","properties":{"name":"Calle Hip\u00f3dromo","highway":"primary"},"geometry":{"type":"LineString","coordinates":[[-61.82627,7.3473],[-61.82709,7.34816]]}},{"type":"Feature","id":"way/935171082","properties":{"name":"V\u00eda a Guri","highway":"tertiary","ref":"R-10"},"geometry":{"type":"LineString","coordinates":[[-63.09034,7.91505],[-63.09152,7.91906],[-63.09209,7.92858],[-63.09114,7.93759],[-63.09266,7.94923],[-63.09387,7.9519]]}},{"type":"Feature","id":"way/936161959","properties":{"name":"Puete Yocoima","highway":"tertiary"},"geometry":{"type":"LineString","coordinates":[[-62.5608,8.28355],[-62.56087,8.28369]]}},{"type":"Feature","id":"way/936161960","properties":{"highway":"tertiary"},"geometry":{"type":"LineString","coordinates":[[-62.56087,8.28369],[-62.56069,8.28415]]}},{"type":"Feature","id":"way/936161983","properties":{"highway":"tertiary"},"geometry":{"type":"LineString","coordinates":[[-62.56023,8.28457],[-62.56069,8.28415]]}},{"type":"Feature","id":"way/936161984","properties":{"highway":"tertiary"},"geometry":{"type":"LineString","coordinates":[[-62.56473,8.28111],[-62.56473,8.28085]]}},{"type":"Feature","id":"way/936735103","properties":{"name":"Distribuidor Cambalache","highway":"motorway_link"},"geometry":{"type":"LineString","coordinates":[[-62.76297,8.31729],[-62.76156,8.31729]]}},{"type":"Feature","id":"way/936735104","properties":{"name":"Distribuidor de Alcasa","highway":"motorway_link"},"geometry":{"type":"LineString","coordinates":[[-62.80459,8.26887],[-62.80504,8.2684]]}},{"type":"Feature","id":"way/936735105","properties":{"name":"Distribuidor de Alcasa","highway":"motorway_link"},"geometry":{"type":"LineString","coordinates":[[-62.80291,8.27056],[-62.80459,8.26887]]}},{"type":"Feature","id":"way/936735106","properties":{"name":"Distribuidor de Alcasa","highway":"motorway_link"},"geometry":{"type":"LineString","coordinates":[[-62.80043,8.27286],[-62.80085,8.27256]]}},{"type":"Feature","id":"way/936735107","properties":{"name":"Distribuidor de Alcasa","highway":"motorway_link"},"geometry":{"type":"LineString","coordinates":[[-62.80504,8.2684],[-62.80597,8.26728]]}},{"type":"Feature","id":"way/936735108","properties":{"name":"Distribuidor de Alcasa","highway":"motorway_link"},"geometry":{"type":"LineString","coordinates":[[-62.80528,8.26748],[-62.80432,8.26846]]}},{"type":"Feature","id":"way/936735109","properties":{"name":"Distribuidor de Alcasa","highway":"motorway_link"},"geometry":{"type":"LineString","coordinates":[[-62.80432,8.26846],[-62.80194,8.27085]]}},{"type":"Feature","id":"way/936735110","properties":{"name":"Distribuidor de Alcasa","highway":"motorway_link"},"geometry":{"type":"LineString","coordinates":[[-62.80194,8.27085],[-62.80092,8.27187]]}},{"type":"Feature","id":"way/936735130","properties":{"name":"Peaje Guayana","highway":"motorway","ref":"T-19"},"geometry":{"type":"LineString","coordinates":[[-62.86504,8.20776],[-62.86788,8.20483]]}},{"type":"Feature","id":"way/936824214","properties":{"name":"Avenida Norte-Sur 1","highway":"tertiary"},"geometry":{"type":"LineString","coordinates":[[-62.76262,8.32062],[-62.76355,8.32177]]}},{"type":"Feature","id":"way/936824215","properties":{"name":"Distribuidor Cambalache","highway":"motorway_link"},"geometry":{"type":"LineString","coordinates":[[-62.76262,8.32062],[-62.76267,8.32046]]}},{"type":"Feature","id":"way/936824216","properties":{"name":"Avenida Norte-Sur 1","highway":"tertiary"},"geometry":{"type":"LineString","coordinates":[[-62.76267,8.32046],[-62.76221,8.31922]]}},{"type":"Feature","id":"way/936824217","properties":{"name":"Avenida Norte-Sur 1","highway":"secondary"},"geometry":{"type":"LineString","coordinates":[[-62.76153,8.31754],[-62.76186,8.31855]]}},{"type":"Feature","id":"way/936824218","properties":{"name":"Distribuidor Cambalache","highway":"motorway_link"},"geometry":{"type":"LineString","coordinates":[[-62.76156,8.31729],[-62.76153,8.31754]]}},{"type":"Feature","id":"way/936824219","properties":{"name":"Avenida Norte-Sur 1","highway":"secondary"},"geometry":{"type":"LineString","coordinates":[[-62.76156,8.31729],[-62.75535,8.29876],[-62.74999,8.29547],[-62.74784,8.29276]]}},{"type":"Feature","id":"way/936824220","properties":{"name":"Distribuidor Cambalache","highway":"motorway_link"},"geometry":{"type":"LineString","coordinates":[[-62.76242,8.31898],[-62.7634,8.31904],[-62.76336,8.32003],[-62.76221,8.31922]]}},{"type":"Feature","id":"way/937093619","properties":{"name":"Avenida Guayana","highway":"primary","ref":"R-42"},"geometry":{"type":"LineString","coordinates":[[-62.69521,8.31117],[-62.70155,8.307]]}},{"type":"Feature","id":"way/937093621","properties":{"name":"V\u00eda a El Pao","highway":"primary","ref":"R-1"},"geometry":{"type":"LineString","coordinates":[[-62.67845,8.03961],[-62.67806,8.03911]]}},{"type":"Feature","id":"way/937894429","properties":{"name":"Avenida La Campi\u00f1a","highway":"tertiary"},"geometry":{"type":"LineString","coordinates":[[-62.39195,7.99162],[-62.39192,7.99168]]}},{"type":"Feature","id":"way/937901323","properties":{"highway":"trunk","ref":"T-10"},"geometry":{"type":"LineString","coordinates":[[-61.50643,7.30304],[-61.50916,7.29467]]}},{"type":"Feature","id":"way/937901328","properties":{"highway":"primary","ref":"R-27"},"geometry":{"type":"LineString","coordinates":[[-61.81966,7.35317],[-61.81947,7.35362]]}},{"type":"Feature","id":"way/937901329","properties":{"name":"Calle Nueva","highway":"primary","ref":"R-27"},"geometry":{"type":"LineString","coordinates":[[-61.82455,7.34575],[-61.82385,7.34575]]}},{"type":"Feature","id":"way/943066279","properties":{"name":"Avenida Las Am\u00e9ricas","highway":"secondary"},"geometry":{"type":"LineString","coordinates":[[-62.72585,8.3004],[-62.72483,8.30149]]}},{"type":"Feature","id":"way/943066323","properties":{"name":"Paseo Caron\u00ed","highway":"secondary","ref":"R-21"},"geometry":{"type":"LineString","coordinates":[[-62.71999,8.29616],[-62.71969,8.2956]]}},{"type":"Feature","id":"way/943066324","properties":{"name":"Paseo Caron\u00ed","highway":"secondary","ref":"R-21"},"geometry":{"type":"LineString","coordinates":[[-62.71969,8.2956],[-62.71944,8.29605]]}},{"type":"Feature","id":"way/943066325","properties":{"name":"V\u00eda Caron\u00ed","highway":"secondary","ref":"R-21"},"geometry":{"type":"LineString","coordinates":[[-62.71924,8.29829],[-62.71999,8.29616]]}},{"type":"Feature","id":"way/943066326","properties":{"name":"V\u00eda Caron\u00ed","highway":"secondary","ref":"R-21"},"geometry":{"type":"LineString","coordinates":[[-62.71944,8.29605],[-62.71913,8.29832]]}},{"type":"Feature","id":"way/943066328","properties":{"name":"V\u00eda Caron\u00ed","highway":"secondary","ref":"R-21"},"geometry":{"type":"LineString","coordinates":[[-62.71581,8.29313],[-62.71944,8.29605]]}},{"type":"Feature","id":"way/943066329","properties":{"name":"V\u00eda Caron\u00ed","highway":"secondary","ref":"R-21"},"geometry":{"type":"LineString","coordinates":[[-62.71969,8.2956],[-62.71587,8.29304]]}},{"type":"Feature","id":"way/943066330","properties":{"name":"Paseo Caron\u00ed","highway":"secondary","ref":"R-21"},"geometry":{"type":"LineString","coordinates":[[-62.71944,8.29605],[-62.71999,8.29616]]}},{"type":"Feature","id":"way/943066331","properties":{"name":"Paseo Caron\u00ed","highway":"tertiary"},"geometry":{"type":"LineString","coordinates":[[-62.73454,8.29031],[-62.73226,8.29113]]}},{"type":"Feature","id":"way/943066332","properties":{"name":"Avenida Las Am\u00e9ricas","highway":"secondary"},"geometry":{"type":"LineString","coordinates":[[-62.72497,8.30161],[-62.72636,8.30072]]}},{"type":"Feature","id":"way/943066334","properties":{"name":"Paseo Las Am\u00e9ricas","highway":"secondary"},"geometry":{"type":"LineString","coordinates":[[-62.73013,8.29867],[-62.72962,8.29886]]}},{"type":"Feature","id":"way/943066336","properties":{"name":"Calle Cuchivero","highway":"primary","ref":"R-42"},"geometry":{"type":"LineString","coordinates":[[-62.72542,8.29811],[-62.73721,8.2939]]}},{"type":"Feature","id":"way/943066337","properties":{"name":"Avenida Guayana","highway":"primary","ref":"R-42"},"geometry":{"type":"LineString","coordinates":[[-62.72491,8.29669],[-62.72259,8.29819]]}},{"type":"Feature","id":"way/943066338","properties":{"highway":"primary_link"},"geometry":{"type":"LineString","coordinates":[[-62.73833,8.29324],[-62.73796,8.29221]]}},{"type":"Feature","id":"way/943066340","properties":{"name":"Avenida Las Am\u00e9ricas","highway":"secondary"},"geometry":{"type":"LineString","coordinates":[[-62.74686,8.29328],[-62.74341,8.29297]]}},{"type":"Feature","id":"way/943066341","properties":{"name":"Avenida Las Am\u00e9ricas","highway":"secondary"},"geometry":{"type":"LineString","coordinates":[[-62.74289,8.29292],[-62.73844,8.29565]]}},{"type":"Feature","id":"way/943066342","properties":{"name":"Avenida Las Am\u00e9ricas","highway":"secondary"},"geometry":{"type":"LineString","coordinates":[[-62.74771,8.29275],[-62.74717,8.29313]]}},{"type":"Feature","id":"way/943066343","properties":{"name":"Avenida Las Am\u00e9ricas","highway":"secondary"},"geometry":{"type":"LineString","coordinates":[[-62.74721,8.29323],[-62.74778,8.29292]]}},{"type":"Feature","id":"way/943066345","properties":{"name":"Avenida Las Am\u00e9ricas","highway":"secondary"},"geometry":{"type":"LineString","coordinates":[[-62.73814,8.29648],[-62.74086,8.29369],[-62.74291,8.29302]]}},{"type":"Feature","id":"way/943066350","properties":{"name":"Avenida Norte-Sur 1","highway":"secondary"},"geometry":{"type":"LineString","coordinates":[[-62.74518,8.28614],[-62.74514,8.28603]]}},{"type":"Feature","id":"way/943066351","properties":{"name":"Avenida Paseo Caron\u00ed","highway":"tertiary"},"geometry":{"type":"LineString","coordinates":[[-62.74504,8.28623],[-62.74518,8.28614]]}},{"type":"Feature","id":"way/943066352","properties":{"name":"Avenida Norte-Sur 1","highway":"secondary"},"geometry":{"type":"LineString","coordinates":[[-62.745,8.28612],[-62.74504,8.28623]]}},{"type":"Feature","id":"way/943066354","properties":{"name":"Avenida Paseo Caron\u00ed","highway":"tertiary"},"geometry":{"type":"LineString","coordinates":[[-62.74514,8.28603],[-62.745,8.28612]]}},{"type":"Feature","id":"way/943066356","properties":{"name":"Avenida Norte-Sur 1","highway":"secondary"},"geometry":{"type":"LineString","coordinates":[[-62.7468,8.28916],[-62.74518,8.28614]]}},{"type":"Feature","id":"way/943066357","properties":{"name":"Avenida Norte-Sur 1","highway":"secondary"},"geometry":{"type":"LineString","coordinates":[[-62.74504,8.28623],[-62.746,8.28942]]}},{"type":"Feature","id":"way/943066359","properties":{"name":"Avenida Paseo Caron\u00ed","highway":"tertiary"},"geometry":{"type":"LineString","coordinates":[[-62.73597,8.29049],[-62.73885,8.29071],[-62.74504,8.28623]]}},{"type":"Feature","id":"way/943066360","properties":{"name":"Calle Caura","highway":"primary","ref":"R-42"},"geometry":{"type":"LineString","coordinates":[[-62.73669,8.29248],[-62.72491,8.29669]]}},{"type":"Feature","id":"way/943066361","properties":{"name":"Avenida Guayana","highway":"primary","ref":"R-42"},"geometry":{"type":"LineString","coordinates":[[-62.72266,8.29838],[-62.72542,8.29811]]}},{"type":"Feature","id":"way/943066362","properties":{"name":"Avenida Guayana","highway":"primary","ref":"R-42"},"geometry":{"type":"LineString","coordinates":[[-62.73721,8.2939],[-62.73931,8.29241],[-62.74628,8.29026]]}},{"type":"Feature","id":"way/943066363","properties":{"name":"Redoma de Makro","highway":"primary","ref":"R-42"},"geometry":{"type":"LineString","coordinates":[[-62.74635,8.28913],[-62.74594,8.28986],[-62.7468,8.29026],[-62.74635,8.28913]]}},{"type":"Feature","id":"way/943066365","properties":{"name":"Avenida Paseo Caron\u00ed","highway":"tertiary"},"geometry":{"type":"LineString","coordinates":[[-62.745,8.28612],[-62.7388,8.29061],[-62.73588,8.29024]]}},{"type":"Feature","id":"way/943066371","properties":{"name":"Carrera Tocoma","highway":"tertiary"},"geometry":{"type":"LineString","coordinates":[[-62.72864,8.29457],[-62.72941,8.29668]]}},{"type":"Feature","id":"way/943066372","properties":{"name":"Carrera Nekuima","highway":"tertiary"},"geometry":{"type":"LineString","coordinates":[[-62.73202,8.29575],[-62.7315,8.29434]]}},{"type":"Feature","id":"way/943066373","properties":{"name":"Carrera Guri","highway":"tertiary"},"geometry":{"type":"LineString","coordinates":[[-62.73344,8.29161],[-62.73509,8.29613]]}},{"type":"Feature","id":"way/943066376","properties":{"name":"Paseo Las Am\u00e9ricas","highway":"secondary"},"geometry":{"type":"LineString","coordinates":[[-62.72777,8.3002],[-62.72905,8.29974]]}},{"type":"Feature","id":"way/943066378","properties":{"name":"Avenida Guayana","highway":"primary","ref":"R-42"},"geometry":{"type":"LineString","coordinates":[[-62.74594,8.28956],[-62.73669,8.29248]]}},{"type":"Feature","id":"way/943239005","properties":{"name":"Avenida Norte-Sur 1","highway":"secondary"},"geometry":{"type":"LineString","coordinates":[[-62.74643,8.2903],[-62.74775,8.29284]]}},{"type":"Feature","id":"way/943248809","properties":{"name":"Avenida Norte-Sur 1","highway":"secondary"},"geometry":{"type":"LineString","coordinates":[[-62.74784,8.29276],[-62.74708,8.29]]}},{"type":"Feature","id":"way/943248812","properties":{"name":"Avenida Guayana","highway":"primary","ref":"R-42"},"geometry":{"type":"LineString","coordinates":[[-62.72259,8.29819],[-62.71332,8.30136]]}},{"type":"Feature","id":"way/943256958","properties":{"highway":"primary_link"},"geometry":{"type":"LineString","coordinates":[[-62.74167,8.29118],[-62.74093,8.29161]]}},{"type":"Feature","id":"way/943256959","properties":{"highway":"primary_link"},"geometry":{"type":"LineString","coordinates":[[-62.74422,8.29043],[-62.7431,8.29068]]}},{"type":"Feature","id":"way/943323980","properties":{"name":"Carrera Nekuima","highway":"tertiary"},"geometry":{"type":"LineString","coordinates":[[-62.73084,8.29254],[-62.73078,8.29235]]}},{"type":"Feature","id":"way/943323981","properties":{"name":"Carrera Nekuima","highway":"tertiary"},"geometry":{"type":"LineString","coordinates":[[-62.73078,8.29235],[-62.73055,8.29174]]}},{"type":"Feature","id":"way/943323982","properties":{"name":"Carrera Guri","highway":"tertiary"},"geometry":{"type":"LineString","coordinates":[[-62.73337,8.29142],[-62.73344,8.29161]]}},{"type":"Feature","id":"way/943323983","properties":{"name":"Carrera Guri","highway":"tertiary"},"geometry":{"type":"LineString","coordinates":[[-62.73315,8.29081],[-62.73337,8.29142]]}},{"type":"Feature","id":"way/943323984","properties":{"name":"Carrera Guri","highway":"tertiary"},"geometry":{"type":"LineString","coordinates":[[-62.73533,8.29679],[-62.73542,8.29707]]}},{"type":"Feature","id":"way/943323985","properties":{"name":"Carrera Nekuima","highway":"tertiary"},"geometry":{"type":"LineString","coordinates":[[-62.73293,8.29835],[-62.73274,8.29774]]}},{"type":"Feature","id":"way/943323986","properties":{"name":"Carrera Tocoma","highway":"tertiary"},"geometry":{"type":"LineString","coordinates":[[-62.72795,8.29267],[-62.72817,8.29328]]}},{"type":"Feature","id":"way/943323987","properties":{"name":"Carrera Tocoma","highway":"tertiary"},"geometry":{"type":"LineString","coordinates":[[-62.73,8.29831],[-62.73013,8.29867]]}},{"type":"Feature","id":"way/943323988","properties":{"name":"Carrera Tocoma","highway":"tertiary"},"geometry":{"type":"LineString","coordinates":[[-62.73013,8.29867],[-62.73032,8.29929]]}},{"type":"Feature","id":"way/943323995","properties":{"name":"Avenida Las Am\u00e9ricas","highway":"secondary"},"geometry":{"type":"LineString","coordinates":[[-62.7275,8.29959],[-62.72636,8.30004]]}},{"type":"Feature","id":"way/943323996","properties":{"name":"Paseo Las Am\u00e9ricas","highway":"secondary"},"geometry":{"type":"LineString","coordinates":[[-62.73751,8.29598],[-62.73611,8.29649]]}},{"type":"Feature","id":"way/943323997","properties":{"name":"Paseo Las Am\u00e9ricas","highway":"secondary"},"geometry":{"type":"LineString","coordinates":[[-62.73792,8.29584],[-62.73751,8.29598]]}},{"type":"Feature","id":"way/943323998","properties":{"name":"Avenida Las Am\u00e9ricas","highway":"secondary"},"geometry":{"type":"LineString","coordinates":[[-62.72636,8.30072],[-62.72681,8.30055]]}},{"type":"Feature","id":"way/943323999","properties":{"name":"Paseo Las Am\u00e9ricas","highway":"secondary"},"geometry":{"type":"LineString","coordinates":[[-62.73774,8.29662],[-62.73802,8.29652]]}},{"type":"Feature","id":"way/943324000","properties":{"name":"Paseo Las Am\u00e9ricas","highway":"secondary"},"geometry":{"type":"LineString","coordinates":[[-62.7359,8.29728],[-62.73735,8.29676]]}},{"type":"Feature","id":"way/943324002","properties":{"name":"Paseo Caron\u00ed","highway":"tertiary"},"geometry":{"type":"LineString","coordinates":[[-62.72467,8.29458],[-62.72519,8.29437]]}},{"type":"Feature","id":"way/943324003","properties":{"name":"Paseo Caron\u00ed","highway":"tertiary"},"geometry":{"type":"LineString","coordinates":[[-62.71999,8.29616],[-62.72421,8.29476]]}},{"type":"Feature","id":"way/943324004","properties":{"name":"Paseo Caron\u00ed","highway":"tertiary"},"geometry":{"type":"LineString","coordinates":[[-62.72772,8.29275],[-62.72505,8.29366]]}},{"type":"Feature","id":"way/943324005","properties":{"name":"Paseo Caron\u00ed","highway":"tertiary"},"geometry":{"type":"LineString","coordinates":[[-62.72348,8.29421],[-62.71969,8.2956]]}},{"type":"Feature","id":"way/943324006","properties":{"name":"Paseo Caron\u00ed","highway":"tertiary"},"geometry":{"type":"LineString","coordinates":[[-62.7355,8.29022],[-62.73454,8.29031]]}},{"type":"Feature","id":"way/943324007","properties":{"name":"Paseo Caron\u00ed","highway":"tertiary"},"geometry":{"type":"LineString","coordinates":[[-62.73588,8.29024],[-62.7355,8.29022]]}},{"type":"Feature","id":"way/943384111","properties":{"name":"Paseo Caron\u00ed","highway":"tertiary"},"geometry":{"type":"LineString","coordinates":[[-62.73315,8.29149],[-62.73337,8.29142]]}},{"type":"Feature","id":"way/943384112","properties":{"name":"Carrera Nekuima","highway":"tertiary"},"geometry":{"type":"LineString","coordinates":[[-62.73261,8.2974],[-62.73249,8.29705]]}},{"type":"Feature","id":"way/943384113","properties":{"name":"Carrera Nekuima","highway":"tertiary"},"geometry":{"type":"LineString","coordinates":[[-62.73267,8.29755],[-62.73261,8.2974]]}},{"type":"Feature","id":"way/943384114","properties":{"name":"Carrera Nekuima","highway":"tertiary"},"geometry":{"type":"LineString","coordinates":[[-62.73249,8.29705],[-62.73202,8.29575]]}},{"type":"Feature","id":"way/943384115","properties":{"name":"Carrera Nekuima","highway":"tertiary"},"geometry":{"type":"LineString","coordinates":[[-62.7315,8.29434],[-62.73084,8.29254]]}},{"type":"Feature","id":"way/943384116","properties":{"name":"Carrera Nekuima","highway":"tertiary"},"geometry":{"type":"LineString","coordinates":[[-62.73274,8.29774],[-62.73267,8.29755]]}},{"type":"Feature","id":"way/943384117","properties":{"name":"Carrera Guri","highway":"tertiary"},"geometry":{"type":"LineString","coordinates":[[-62.73509,8.29613],[-62.73533,8.29679]]}},{"type":"Feature","id":"way/943384118","properties":{"name":"Paseo Las Am\u00e9ricas","highway":"secondary"},"geometry":{"type":"LineString","coordinates":[[-62.72922,8.29968],[-62.72991,8.29943]]}},{"type":"Feature","id":"way/943384119","properties":{"name":"Paseo Las Am\u00e9ricas","highway":"secondary"},"geometry":{"type":"LineString","coordinates":[[-62.72991,8.29943],[-62.73032,8.29929]]}},{"type":"Feature","id":"way/943384120","properties":{"name":"Avenida Las Am\u00e9ricas","highway":"secondary"},"geometry":{"type":"LineString","coordinates":[[-62.72636,8.30004],[-62.72585,8.3004]]}},{"type":"Feature","id":"way/943384121","properties":{"name":"Paseo Las Am\u00e9ricas","highway":"secondary"},"geometry":{"type":"LineString","coordinates":[[-62.72962,8.29886],[-62.72786,8.29947]]}},{"type":"Feature","id":"way/943384122","properties":{"name":"Avenida Las Am\u00e9ricas","highway":"secondary"},"geometry":{"type":"LineString","coordinates":[[-62.73844,8.29565],[-62.73792,8.29584]]}},{"type":"Feature","id":"way/943384123","properties":{"name":"Paseo Las Am\u00e9ricas","highway":"secondary"},"geometry":{"type":"LineString","coordinates":[[-62.73735,8.29676],[-62.73774,8.29662]]}},{"type":"Feature","id":"way/943384124","properties":{"name":"Paseo Las Am\u00e9ricas","highway":"secondary"},"geometry":{"type":"LineString","coordinates":[[-62.73611,8.29649],[-62.73563,8.29667]]}},{"type":"Feature","id":"way/943384126","properties":{"name":"Carrera Guri","highway":"tertiary"},"geometry":{"type":"LineString","coordinates":[[-62.73542,8.29707],[-62.73554,8.29741]]}},{"type":"Feature","id":"way/943384127","properties":{"name":"Paseo Las Am\u00e9ricas","highway":"secondary"},"geometry":{"type":"LineString","coordinates":[[-62.73032,8.29929],[-62.73293,8.29835]]}},{"type":"Feature","id":"way/943384128","properties":{"name":"Paseo Las Am\u00e9ricas","highway":"secondary"},"geometry":{"type":"LineString","coordinates":[[-62.73293,8.29835],[-62.73554,8.29741]]}},{"type":"Feature","id":"way/943384129","properties":{"name":"Avenida Las Am\u00e9ricas","highway":"secondary"},"geometry":{"type":"LineString","coordinates":[[-62.72681,8.30055],[-62.72725,8.30039]]}},{"type":"Feature","id":"way/943384130","properties":{"name":"Avenida Las Am\u00e9ricas","highway":"secondary"},"geometry":{"type":"LineString","coordinates":[[-62.72725,8.30039],[-62.72777,8.3002]]}},{"type":"Feature","id":"way/943384131","properties":{"name":"Paseo Las Am\u00e9ricas","highway":"secondary"},"geometry":{"type":"LineString","coordinates":[[-62.72786,8.29947],[-62.72763,8.29955]]}},{"type":"Feature","id":"way/943384132","properties":{"name":"Paseo Las Am\u00e9ricas","highway":"secondary"},"geometry":{"type":"LineString","coordinates":[[-62.73061,8.2985],[-62.73034,8.29859]]}},{"type":"Feature","id":"way/943384133","properties":{"name":"Paseo Las Am\u00e9ricas","highway":"secondary"},"geometry":{"type":"LineString","coordinates":[[-62.73274,8.29774],[-62.73061,8.2985]]}},{"type":"Feature","id":"way/943384134","properties":{"name":"Paseo Las Am\u00e9ricas","highway":"secondary"},"geometry":{"type":"LineString","coordinates":[[-62.73317,8.29758],[-62.73274,8.29774]]}},{"type":"Feature","id":"way/943384135","properties":{"name":"Paseo Las Am\u00e9ricas","highway":"secondary"},"geometry":{"type":"LineString","coordinates":[[-62.73533,8.29679],[-62.73317,8.29758]]}},{"type":"Feature","id":"way/943384136","properties":{"name":"Paseo Las Am\u00e9ricas","highway":"secondary"},"geometry":{"type":"LineString","coordinates":[[-62.73563,8.29667],[-62.73533,8.29679]]}},{"type":"Feature","id":"way/943403733","properties":{"name":"Carrera Tocoma","highway":"tertiary"},"geometry":{"type":"LineString","coordinates":[[-62.72941,8.29668],[-62.72988,8.29799]]}},{"type":"Feature","id":"way/943403734","properties":{"name":"Carrera Tocoma","highway":"tertiary"},"geometry":{"type":"LineString","coordinates":[[-62.72988,8.29799],[-62.73,8.29831]]}},{"type":"Feature","id":"way/943403735","properties":{"name":"Paseo Las Am\u00e9ricas","highway":"secondary"},"geometry":{"type":"LineString","coordinates":[[-62.72905,8.29974],[-62.72922,8.29968]]}},{"type":"Feature","id":"way/943403737","properties":{"name":"Avenida Las Am\u00e9ricas","highway":"secondary"},"geometry":{"type":"LineString","coordinates":[[-62.74341,8.29297],[-62.74289,8.29292]]}},{"type":"Feature","id":"way/943403738","properties":{"name":"Avenida Las Am\u00e9ricas","highway":"secondary"},"geometry":{"type":"LineString","coordinates":[[-62.74291,8.29302],[-62.74341,8.29297]]}},{"type":"Feature","id":"way/943403739","properties":{"name":"Avenida Las Am\u00e9ricas","highway":"secondary"},"geometry":{"type":"LineString","coordinates":[[-62.74717,8.29313],[-62.74686,8.29328]]}},{"type":"Feature","id":"way/943403740","properties":{"name":"Avenida Las Am\u00e9ricas","highway":"secondary"},"geometry":{"type":"LineString","coordinates":[[-62.74686,8.29328],[-62.74721,8.29323]]}},{"type":"Feature","id":"way/943403742","properties":{"name":"Carrera Tocoma","highway":"tertiary"},"geometry":{"type":"LineString","coordinates":[[-62.72817,8.29328],[-62.72828,8.29357]]}},{"type":"Feature","id":"way/943403744","properties":{"name":"Paseo Caron\u00ed","highway":"tertiary"},"geometry":{"type":"LineString","coordinates":[[-62.72427,8.29392],[-62.72348,8.29421]]}},{"type":"Feature","id":"way/943403745","properties":{"name":"Paseo Caron\u00ed","highway":"tertiary"},"geometry":{"type":"LineString","coordinates":[[-62.72505,8.29366],[-62.72427,8.29392]]}},{"type":"Feature","id":"way/943403746","properties":{"name":"Paseo Caron\u00ed","highway":"tertiary"},"geometry":{"type":"LineString","coordinates":[[-62.72795,8.29267],[-62.72772,8.29275]]}},{"type":"Feature","id":"way/943403747","properties":{"name":"Paseo Caron\u00ed","highway":"tertiary"},"geometry":{"type":"LineString","coordinates":[[-62.73226,8.29113],[-62.73055,8.29174]]}},{"type":"Feature","id":"way/943403748","properties":{"name":"Paseo Caron\u00ed","highway":"tertiary"},"geometry":{"type":"LineString","coordinates":[[-62.73055,8.29174],[-62.72795,8.29267]]}},{"type":"Feature","id":"way/943403749","properties":{"name":"Paseo Caron\u00ed","highway":"tertiary"},"geometry":{"type":"LineString","coordinates":[[-62.72519,8.29437],[-62.72556,8.29421]]}},{"type":"Feature","id":"way/943403750","properties":{"name":"Paseo Caron\u00ed","highway":"tertiary"},"geometry":{"type":"LineString","coordinates":[[-62.72421,8.29476],[-62.72467,8.29458]]}},{"type":"Feature","id":"way/943403751","properties":{"name":"Paseo Caron\u00ed","highway":"tertiary"},"geometry":{"type":"LineString","coordinates":[[-62.72769,8.29344],[-62.72791,8.29336]]}},{"type":"Feature","id":"way/943403752","properties":{"name":"Paseo Caron\u00ed","highway":"tertiary"},"geometry":{"type":"LineString","coordinates":[[-62.72556,8.29421],[-62.72769,8.29344]]}},{"type":"Feature","id":"way/943403753","properties":{"name":"Paseo Caron\u00ed","highway":"tertiary"},"geometry":{"type":"LineString","coordinates":[[-62.73269,8.29166],[-62.73315,8.29149]]}},{"type":"Feature","id":"way/943403754","properties":{"name":"Paseo Caron\u00ed","highway":"tertiary"},"geometry":{"type":"LineString","coordinates":[[-62.73078,8.29235],[-62.731,8.29227]]}},{"type":"Feature","id":"way/943403755","properties":{"name":"Paseo Caron\u00ed","highway":"tertiary"},"geometry":{"type":"LineString","coordinates":[[-62.73583,8.29054],[-62.73597,8.29049]]}},{"type":"Feature","id":"way/943403756","properties":{"name":"Paseo Caron\u00ed","highway":"tertiary"},"geometry":{"type":"LineString","coordinates":[[-62.73499,8.29084],[-62.7355,8.29066]]}},{"type":"Feature","id":"way/943403757","properties":{"name":"Paseo Caron\u00ed","highway":"tertiary"},"geometry":{"type":"LineString","coordinates":[[-62.7355,8.29066],[-62.73575,8.29057]]}},{"type":"Feature","id":"way/943403758","properties":{"name":"Paseo Caron\u00ed","highway":"tertiary"},"geometry":{"type":"LineString","coordinates":[[-62.72791,8.29336],[-62.72817,8.29328]]}},{"type":"Feature","id":"way/943494007","properties":{"name":"Paseo Las Am\u00e9ricas","highway":"secondary"},"geometry":{"type":"LineString","coordinates":[[-62.73802,8.29652],[-62.73814,8.29648]]}},{"type":"Feature","id":"way/943494008","properties":{"name":"Paseo Las Am\u00e9ricas","highway":"secondary"},"geometry":{"type":"LineString","coordinates":[[-62.73554,8.29741],[-62.7359,8.29728]]}},{"type":"Feature","id":"way/943494009","properties":{"name":"Paseo Las Am\u00e9ricas","highway":"secondary"},"geometry":{"type":"LineString","coordinates":[[-62.73034,8.29859],[-62.73013,8.29867]]}},{"type":"Feature","id":"way/943494010","properties":{"name":"Paseo Las Am\u00e9ricas","highway":"secondary"},"geometry":{"type":"LineString","coordinates":[[-62.72763,8.29955],[-62.7275,8.29959]]}},{"type":"Feature","id":"way/943494011","properties":{"name":"Paseo Caron\u00ed","highway":"tertiary"},"geometry":{"type":"LineString","coordinates":[[-62.72817,8.29328],[-62.73078,8.29235]]}},{"type":"Feature","id":"way/943494012","properties":{"name":"Paseo Caron\u00ed","highway":"tertiary"},"geometry":{"type":"LineString","coordinates":[[-62.731,8.29227],[-62.73269,8.29166]]}},{"type":"Feature","id":"way/943494013","properties":{"name":"Paseo Caron\u00ed","highway":"tertiary"},"geometry":{"type":"LineString","coordinates":[[-62.73337,8.29142],[-62.73499,8.29084]]}},{"type":"Feature","id":"way/943494014","properties":{"name":"Paseo Caron\u00ed","highway":"tertiary"},"geometry":{"type":"LineString","coordinates":[[-62.73575,8.29057],[-62.73583,8.29054]]}},{"type":"Feature","id":"way/943494016","properties":{"name":"Avenida Norte-Sur 1","highway":"secondary"},"geometry":{"type":"LineString","coordinates":[[-62.74775,8.29284],[-62.74778,8.29292]]}},{"type":"Feature","id":"way/963782519","properties":{"name":"Avenida Manuel Piar","highway":"tertiary","ref":"T-10"},"geometry":{"type":"LineString","coordinates":[[-62.65277,8.37226],[-62.65714,8.37736]]}},{"type":"Feature","id":"way/963782520","properties":{"name":"Avenida Manuel Piar","highway":"tertiary","ref":"T-10"},"geometry":{"type":"LineString","coordinates":[[-62.65716,8.37713],[-62.65286,8.37212]]}},{"type":"Feature","id":"way/965688763","properties":{"name":"V\u00eda a Guri","highway":"tertiary","ref":"L-4"},"geometry":{"type":"LineString","coordinates":[[-62.64036,7.96621],[-62.67007,7.96333],[-62.68831,7.96052],[-62.70768,7.95072],[-62.71331,7.95326],[-62.71515,7.95277]]}},{"type":"Feature","id":"way/966038446","properties":{"name":"V\u00eda a Santa B\u00e1rbara","highway":"tertiary","ref":"R-9"},"geometry":{"type":"LineString","coordinates":[[-63.27687,7.35234],[-63.27641,7.35147]]}},{"type":"Feature","id":"way/966039216","properties":{"name":"V\u00eda a La Esperanza","highway":"tertiary"},"geometry":{"type":"LineString","coordinates":[[-63.96891,7.60979],[-63.9722,7.6256],[-63.97131,7.63294],[-63.9667,7.63367],[-63.96548,7.63553],[-63.96005,7.63814]]}},{"type":"Feature","id":"way/966040818","properties":{"highway":"tertiary"},"geometry":{"type":"LineString","coordinates":[[-63.56986,8.04374],[-63.56441,8.04619],[-63.56349,8.04567],[-63.56348,8.04397],[-63.56199,8.04349],[-63.53896,8.05095],[-63.53723,8.05058]]}},{"type":"Feature","id":"way/966172373","properties":{"name":"Avenida Guayana","highway":"primary","ref":"T-19;R-42"},"geometry":{"type":"LineString","coordinates":[[-62.68897,8.34818],[-62.68822,8.34865]]}},{"type":"Feature","id":"way/966226190","properties":{"highway":"primary"},"geometry":{"type":"LineString","coordinates":[[-61.82455,7.34575],[-61.82453,7.34559]]}},{"type":"Feature","id":"way/966293862","properties":{"name":"Elevado del Loyola","highway":"primary_link"},"geometry":{"type":"LineString","coordinates":[[-62.71082,8.30228],[-62.71291,8.30214]]}},{"type":"Feature","id":"way/966309114","properties":{"name":"Avenida Libertador","highway":"motorway_link"},"geometry":{"type":"LineString","coordinates":[[-62.69424,8.34547],[-62.69382,8.34536]]}},{"type":"Feature","id":"way/973125147","properties":{"highway":"tertiary","ref":"R-3"},"geometry":{"type":"LineString","coordinates":[[-61.89615,7.48374],[-61.89426,7.48763]]}},{"type":"Feature","id":"way/993148412","properties":{"highway":"primary_link"},"geometry":{"type":"LineString","coordinates":[[-62.67914,8.33819],[-62.67885,8.33837]]}},{"type":"Feature","id":"way/1001312860","properties":{"name":"V\u00eda a El Pao","highway":"primary","ref":"R-1"},"geometry":{"type":"LineString","coordinates":[[-62.65007,8.00126],[-62.64762,7.99703],[-62.64861,7.98746],[-62.6452,7.98372],[-62.64282,7.97185],[-62.64036,7.96621]]}},{"type":"Feature","id":"way/1001312861","properties":{"name":"V\u00eda a El Pao","highway":"primary","ref":"R-1"},"geometry":{"type":"LineString","coordinates":[[-62.65013,8.0013],[-62.65007,8.00126]]}},{"type":"Feature","id":"way/1016581565","properties":{"name":"Calle Roscio","highway":"primary","ref":"R-27"},"geometry":{"type":"LineString","coordinates":[[-61.8213,7.35055],[-61.82319,7.34925]]}},{"type":"Feature","id":"way/1019884985","properties":{"highway":"tertiary","ref":"R-4"},"geometry":{"type":"LineString","coordinates":[[-61.8322,7.31582],[-61.83405,7.31341]]}},{"type":"Feature","id":"way/1019884986","properties":{"name":"V\u00eda a El Per\u00fa","highway":"tertiary","ref":"R-4"},"geometry":{"type":"LineString","coordinates":[[-61.83372,7.3214],[-61.83265,7.32094],[-61.83343,7.31875],[-61.8322,7.31582]]}},{"type":"Feature","id":"way/1021811056","properties":{"name":"Ruta 1 de Vista Al Sol","highway":"tertiary"},"geometry":{"type":"LineString","coordinates":[[-62.62608,8.35167],[-62.62948,8.35074]]}},{"type":"Feature","id":"way/1022454038","properties":{"name":"Avenida 01","highway":"tertiary"},"geometry":{"type":"LineString","coordinates":[[-62.6148,8.35637],[-62.61326,8.35567]]}},{"type":"Feature","id":"way/1023652331","properties":{"name":"Ruta 1 de Vista Al Sol","highway":"tertiary"},"geometry":{"type":"LineString","coordinates":[[-62.61053,8.36552],[-62.61182,8.36278]]}},{"type":"Feature","id":"way/1023707227","properties":{"name":"Avenida Principal de In\u00e9s Romero","highway":"tertiary"},"geometry":{"type":"LineString","coordinates":[[-62.61104,8.37408],[-62.61134,8.37618]]}},{"type":"Feature","id":"way/1023819390","properties":{"name":"Avenida Principal de In\u00e9s Romero","highway":"tertiary"},"geometry":{"type":"LineString","coordinates":[[-62.61134,8.37618],[-62.61163,8.37812]]}},{"type":"Feature","id":"way/1032975591","properties":{"name":"Calle Roscio","highway":"primary"},"geometry":{"type":"LineString","coordinates":[[-61.82319,7.34925],[-61.82358,7.3484]]}},{"type":"Feature","id":"way/1046370918","properties":{"name":"Avenida Guayana","highway":"primary","ref":"R-42"},"geometry":{"type":"LineString","coordinates":[[-62.77667,8.27923],[-62.77851,8.27835]]}},{"type":"Feature","id":"way/1046370919","properties":{"name":"Avenida Guayana","highway":"primary","ref":"R-42"},"geometry":{"type":"LineString","coordinates":[[-62.77893,8.27798],[-62.77629,8.27856]]}},{"type":"Feature","id":"way/1047407411","properties":{"highway":"tertiary"},"geometry":{"type":"LineString","coordinates":[[-62.5614,8.28182],[-62.56231,8.28268],[-62.56467,8.28238]]}},{"type":"Feature","id":"way/1047407412","properties":{"highway":"tertiary"},"geometry":{"type":"LineString","coordinates":[[-62.56094,8.30977],[-62.56339,8.31119]]}},{"type":"Feature","id":"way/1047408039","properties":{"highway":"tertiary"},"geometry":{"type":"LineString","coordinates":[[-62.55679,8.3621],[-62.56528,8.36329]]}},{"type":"Feature","id":"way/1047501346","properties":{"name":"Calle Hip\u00f3dromo","highway":"primary"},"geometry":{"type":"LineString","coordinates":[[-61.82617,7.34555],[-61.82627,7.3473]]}},{"type":"Feature","id":"way/1047501347","properties":{"name":"V\u00eda a El Per\u00fa","highway":"tertiary","ref":"R-4"},"geometry":{"type":"LineString","coordinates":[[-61.82614,7.34486],[-61.82706,7.34473]]}},{"type":"Feature","id":"way/1047508791","properties":{"highway":"tertiary"},"geometry":{"type":"LineString","coordinates":[[-63.57457,8.06081],[-63.57237,8.06814]]}},{"type":"Feature","id":"way/1047605207","properties":{"name":"V\u00eda a Las Majadas","highway":"tertiary"},"geometry":{"type":"LineString","coordinates":[[-64.76099,7.44293],[-64.78137,7.4954],[-64.79429,7.51414],[-64.79484,7.51953],[-64.78775,7.52975],[-64.78644,7.5361],[-64.80178,7.57622],[-64.81,7.59124],[-64.81442,7.61831],[-64.81595,7.62035],[-64.82356,7.62463]]}},{"type":"Feature","id":"way/1055960776","properties":{"name":"Carretera Regional San F\u00e9lix - El Triunfo","highway":"primary","ref":"L-3"},"geometry":{"type":"LineString","coordinates":[[-62.62506,8.38924],[-62.62091,8.39492],[-62.61654,8.39783],[-62.60855,8.40669],[-62.60325,8.40708],[-62.59858,8.4089],[-62.59057,8.40774],[-62.58787,8.40869]]}},{"type":"Feature","id":"way/1056669356","properties":{"name":"V\u00eda a Mina Abajo","highway":"tertiary","ref":"R-16"},"geometry":{"type":"LineString","coordinates":[[-62.65218,8.13568],[-62.64973,8.13786],[-62.64567,8.1385],[-62.63625,8.1384],[-62.62947,8.13634],[-62.62685,8.1374],[-62.62436,8.13712],[-62.6225,8.13602],[-62.61985,8.12893]]}},{"type":"Feature","id":"way/1056671638","properties":{"name":"Entrada de El Dorado","highway":"tertiary","ref":"R-22"},"geometry":{"type":"LineString","coordinates":[[-61.63498,6.72014],[-61.61715,6.76714]]}},{"type":"Feature","id":"way/1057267753","properties":{"name":"Distribuidor Dalla Costa","highway":"primary_link"},"geometry":{"type":"LineString","coordinates":[[-62.69174,8.33238],[-62.69175,8.33262]]}},{"type":"Feature","id":"way/1057686047","properties":{"name":"Avenida Manuel Piar","highway":"trunk_link"},"geometry":{"type":"LineString","coordinates":[[-62.63,8.34545],[-62.62993,8.34523]]}},{"type":"Feature","id":"way/1065731304","properties":{"highway":"tertiary"},"geometry":{"type":"LineString","coordinates":[[-65.15332,7.40525],[-65.1454,7.38938],[-65.14461,7.37021],[-65.14982,7.36502],[-65.17461,7.34731]]}},{"type":"Feature","id":"way/1092487394","properties":{"name":"Avenida Principal de Brisas del Orinoco","highway":"tertiary"},"geometry":{"type":"LineString","coordinates":[[-62.62245,8.37459],[-62.6225,8.37885]]}},{"type":"Feature","id":"way/1092487395","properties":{"highway":"tertiary"},"geometry":{"type":"LineString","coordinates":[[-62.6225,8.37885],[-62.62373,8.38729],[-62.625,8.38931]]}},{"type":"Feature","id":"way/1092487396","properties":{"highway":"tertiary"},"geometry":{"type":"LineString","coordinates":[[-62.62512,8.38919],[-62.62383,8.3871],[-62.6225,8.37885]]}},{"type":"Feature","id":"way/1092636924","properties":{"name":"Troncal de la Gran Sabana","highway":"trunk","ref":"T-10"},"geometry":{"type":"LineString","coordinates":[[-61.40748,5.77446],[-61.40696,5.77502]]}},{"type":"Feature","id":"way/1092636925","properties":{"name":"Troncal de la Gran Sabana","highway":"trunk","ref":"T-10"},"geometry":{"type":"LineString","coordinates":[[-61.10135,5.08808],[-61.10488,5.09247],[-61.10616,5.09985]]}},{"type":"Feature","id":"way/1092636926","properties":{"name":"Troncal de la Gran Sabana","highway":"trunk","ref":"T-10"},"geometry":{"type":"LineString","coordinates":[[-61.10062,5.08667],[-61.101,5.0874]]}},{"type":"Feature","id":"way/1092636927","properties":{"name":"Troncal de la Gran Sabana","highway":"trunk","ref":"T-10"},"geometry":{"type":"LineString","coordinates":[[-61.06776,4.67249],[-61.07108,4.68202],[-61.07215,4.69284],[-61.06727,4.70299]]}},{"type":"Feature","id":"way/1092636928","properties":{"name":"Carretera Nacional El Dorado - Las Claritas","highway":"trunk","ref":"T-10"},"geometry":{"type":"LineString","coordinates":[[-61.61021,6.71623],[-61.60881,6.71969],[-61.61291,6.72858],[-61.61514,6.74573]]}},{"type":"Feature","id":"way/1092636931","properties":{"name":"Troncal de la Gran Sabana","highway":"trunk","ref":"T-10"},"geometry":{"type":"LineString","coordinates":[[-61.46672,5.84674],[-61.46692,5.85279],[-61.45898,5.87779],[-61.45033,5.89096],[-61.44604,5.89409],[-61.44593,5.89823],[-61.44158,5.90129],[-61.43596,5.90273],[-61.43389,5.90606],[-61.43391,5.90721],[-61.43532,5.90817],[-61.43526,5.91387],[-61.43743,5.91556],[-61.43696,5.93116],[-61.44396,5.94051],[-61.44468,5.94272],[-61.44388,5.94604],[-61.43801,5.95036],[-61.43487,5.95099],[-61.43261,5.95293],[-61.42885,5.95279],[-61.42555,5.95763],[-61.42332,5.96381],[-61.42164,5.96545],[-61.41445,5.96792],[-61.41076,5.96683],[-61.40727,5.96793],[-61.40707,5.96878],[-61.40939,5.97118],[-61.4084,5.97231],[-61.40224,5.97179],[-61.39558,5.96579],[-61.39215,5.96453],[-61.39127,5.96588],[-61.38927,5.96525],[-61.38877,5.96391],[-61.38413,5.96211],[-61.38221,5.95992],[-61.3813,5.96115],[-61.38256,5.96363],[-61.38208,5.96535],[-61.37942,5.9703],[-61.37618,5.97211],[-61.37495,5.97396],[-61.37583,5.9778],[-61.38261,5.98386],[-61.3853,5.98991],[-61.38726,5.99035],[-61.38848,5.99271],[-61.39169,5.99292],[-61.39201,5.99544],[-61.3935,5.99553],[-61.39631,6.00269],[-61.39862,6.00481],[-61.39782,6.00973],[-61.39852,6.01404],[-61.39531,6.01432],[-61.39368,6.01139],[-61.38995,6.01181],[-61.39132,6.0138],[-61.39122,6.01771],[-61.39443,6.02359],[-61.39537,6.02786],[-61.39691,6.03103],[-61.39981,6.03371],[-61.39992,6.03844],[-61.40411,6.04793],[-61.40216,6.05268],[-61.40386,6.0578],[-61.40316,6.06196],[-61.40124,6.06268],[-61.39996,6.06515],[-61.39779,6.06646],[-61.39813,6.06773],[-61.39567,6.07343],[-61.39631,6.07461],[-61.39789,6.07472],[-61.39873,6.07673],[-61.39773,6.07861],[-61.39805,6.08264],[-61.39632,6.08382],[-61.39802,6.08714],[-61.39939,6.08696],[-61.39705,6.08822],[-61.39635,6.09229],[-61.40072,6.09122],[-61.39947,6.09406],[-61.40023,6.09487],[-61.40251,6.0932],[-61.40242,6.09678],[-61.40098,6.10027],[-61.40364,6.09992],[-61.40477,6.10279],[-61.40844,6.10583],[-61.41222,6.12229],[-61.42505,6.13727],[-61.42574,6.13995]]}},{"type":"Feature","id":"way/1092642659","properties":{"name":"Carretera Nacional El Dorado - Las Claritas","highway":"trunk","ref":"T-10"},"geometry":{"type":"LineString","coordinates":[[-61.53709,6.47324],[-61.54208,6.47958],[-61.55081,6.49816]]}},{"type":"Feature","id":"way/1092642660","properties":{"name":"Carretera Nacional El Dorado - Las Claritas","highway":"trunk","ref":"T-10"},"geometry":{"type":"LineString","coordinates":[[-61.33111,6.25915],[-61.32202,6.27068]]}},{"type":"Feature","id":"way/1092642661","properties":{"name":"Carretera Nacional El Dorado - Las Claritas","highway":"trunk","ref":"T-10"},"geometry":{"type":"LineString","coordinates":[[-61.36432,6.21949],[-61.36091,6.22402]]}},{"type":"Feature","id":"way/1092642662","properties":{"name":"Carretera Nacional El Dorado - Las Claritas","highway":"trunk","ref":"T-10"},"geometry":{"type":"LineString","coordinates":[[-61.38924,6.20311],[-61.3767,6.20678],[-61.36432,6.21949]]}},{"type":"Feature","id":"way/1092642664","properties":{"name":"Carretera Nacional El Dorado - Las Claritas","highway":"trunk","ref":"T-10"},"geometry":{"type":"LineString","coordinates":[[-61.60286,6.668],[-61.61398,6.69986],[-61.6144,6.70485]]}},{"type":"Feature","id":"way/1092642665","properties":{"name":"Carretera Nacional El Dorado - Las Claritas","highway":"trunk","ref":"T-10"},"geometry":{"type":"LineString","coordinates":[[-61.59377,6.64094],[-61.59836,6.64888],[-61.59964,6.65882],[-61.60286,6.668]]}},{"type":"Feature","id":"way/1092642666","properties":{"name":"Carretera Nacional El Dorado - Las Claritas","highway":"trunk","ref":"T-10"},"geometry":{"type":"LineString","coordinates":[[-61.5871,6.6229],[-61.59377,6.64094]]}},{"type":"Feature","id":"way/1092642667","properties":{"name":"Carretera Nacional El Dorado - Las Claritas","highway":"trunk","ref":"T-10"},"geometry":{"type":"LineString","coordinates":[[-61.58688,6.58844],[-61.58705,6.60809],[-61.58623,6.61783],[-61.5871,6.6229]]}},{"type":"Feature","id":"way/1092642668","properties":{"name":"Carretera Nacional El Dorado - Las Claritas","highway":"trunk","ref":"T-10"},"geometry":{"type":"LineString","coordinates":[[-61.55081,6.49816],[-61.5793,6.55972],[-61.58688,6.58844]]}},{"type":"Feature","id":"way/1092642669","properties":{"name":"Carretera Nacional El Dorado - Las Claritas","highway":"trunk","ref":"T-10"},"geometry":{"type":"LineString","coordinates":[[-61.52134,6.45798],[-61.53709,6.47324]]}},{"type":"Feature","id":"way/1092642670","properties":{"name":"Carretera Nacional El Dorado - Las Claritas","highway":"trunk","ref":"T-10"},"geometry":{"type":"LineString","coordinates":[[-61.50632,6.44268],[-61.52134,6.45798]]}},{"type":"Feature","id":"way/1092642671","properties":{"name":"Carretera Nacional El Dorado - Las Claritas","highway":"trunk","ref":"T-10"},"geometry":{"type":"LineString","coordinates":[[-61.45743,6.40446],[-61.4774,6.41471],[-61.48895,6.42331],[-61.50632,6.44268]]}},{"type":"Feature","id":"way/1092642672","properties":{"name":"Carretera Nacional El Dorado - Las Claritas","highway":"trunk","ref":"T-10"},"geometry":{"type":"LineString","coordinates":[[-61.42241,6.38356],[-61.45743,6.40446]]}},{"type":"Feature","id":"way/1092642673","properties":{"name":"Carretera Nacional El Dorado - Las Claritas","highway":"trunk","ref":"T-10"},"geometry":{"type":"LineString","coordinates":[[-61.31852,6.29441],[-61.33004,6.3164],[-61.33792,6.32838],[-61.35826,6.34673],[-61.40794,6.37185],[-61.41265,6.37511]]}},{"type":"Feature","id":"way/1092642674","properties":{"name":"Carretera Nacional El Dorado - Las Claritas","highway":"trunk","ref":"T-10"},"geometry":{"type":"LineString","coordinates":[[-61.31502,6.28834],[-61.31852,6.29441]]}},{"type":"Feature","id":"way/1092642675","properties":{"name":"Carretera Nacional El Dorado - Las Claritas","highway":"trunk","ref":"T-10"},"geometry":{"type":"LineString","coordinates":[[-61.32202,6.27068],[-61.31528,6.28295],[-61.31502,6.28834]]}},{"type":"Feature","id":"way/1092642676","properties":{"name":"Carretera Nacional El Dorado - Las Claritas","highway":"trunk","ref":"T-10"},"geometry":{"type":"LineString","coordinates":[[-61.36091,6.22402],[-61.34957,6.2363],[-61.33111,6.25915]]}},{"type":"Feature","id":"way/1092642677","properties":{"name":"Carretera Nacional El Dorado - Las Claritas","highway":"trunk","ref":"T-10"},"geometry":{"type":"LineString","coordinates":[[-61.39362,6.19622],[-61.39069,6.20195],[-61.38924,6.20311]]}},{"type":"Feature","id":"way/1092642678","properties":{"name":"Carretera Nacional El Dorado - Las Claritas","highway":"trunk","ref":"T-10"},"geometry":{"type":"LineString","coordinates":[[-61.41726,6.18239],[-61.40148,6.19062],[-61.39362,6.19622]]}},{"type":"Feature","id":"way/1092642679","properties":{"name":"Troncal de la Gran Sabana","highway":"trunk","ref":"T-10"},"geometry":{"type":"LineString","coordinates":[[-61.42574,6.13995],[-61.43007,6.14563]]}},{"type":"Feature","id":"way/1092642680","properties":{"name":"Troncal de la Gran Sabana","highway":"trunk","ref":"T-10"},"geometry":{"type":"LineString","coordinates":[[-61.09772,5.05362],[-61.09638,5.06314]]}},{"type":"Feature","id":"way/1092642681","properties":{"name":"Troncal de la Gran Sabana","highway":"trunk","ref":"T-10"},"geometry":{"type":"LineString","coordinates":[[-61.09578,5.06632],[-61.09453,5.07439],[-61.09641,5.07846]]}},{"type":"Feature","id":"way/1092642682","properties":{"name":"Troncal 10","highway":"trunk","ref":"T-10"},"geometry":{"type":"LineString","coordinates":[[-61.08516,4.63251],[-61.08327,4.6327],[-61.07823,4.63705]]}},{"type":"Feature","id":"way/1092642683","properties":{"name":"Carretera Nacional El Dorado - Las Claritas","highway":"trunk","ref":"T-10"},"geometry":{"type":"LineString","coordinates":[[-61.43007,6.14563],[-61.43159,6.14837],[-61.43156,6.15025],[-61.42553,6.172]]}},{"type":"Feature","id":"way/1092657622","properties":{"name":"Troncal de la Gran Sabana","highway":"trunk","ref":"T-10"},"geometry":{"type":"LineString","coordinates":[[-61.12637,4.94899],[-61.12832,4.95279],[-61.12635,4.95681],[-61.12821,4.95786]]}},{"type":"Feature","id":"way/1092657623","properties":{"name":"Troncal de la Gran Sabana","highway":"trunk","ref":"T-10"},"geometry":{"type":"LineString","coordinates":[[-61.12821,4.95786],[-61.13161,4.96135],[-61.13357,4.96549],[-61.15041,4.97923],[-61.15386,4.98474],[-61.15174,4.99423],[-61.14717,4.99942],[-61.14278,5.00842],[-61.14124,5.00959],[-61.13675,5.0102]]}},{"type":"Feature","id":"way/1092661679","properties":{"name":"Carretera Nacional El Dorado - Las Claritas","highway":"trunk","ref":"T-10"},"geometry":{"type":"LineString","coordinates":[[-61.61111,6.71478],[-61.61021,6.71623]]}},{"type":"Feature","id":"way/1092661680","properties":{"name":"Carretera Nacional El Dorado - Las Claritas","highway":"trunk","ref":"T-10"},"geometry":{"type":"LineString","coordinates":[[-61.6144,6.70485],[-61.61378,6.70974],[-61.61111,6.71478]]}},{"type":"Feature","id":"way/1092672742","properties":{"name":"Troncal de la Gran Sabana","highway":"trunk","ref":"T-10"},"geometry":{"type":"LineString","coordinates":[[-61.41876,5.81576],[-61.41899,5.81601]]}},{"type":"Feature","id":"way/1092672743","properties":{"name":"Troncal de la Gran Sabana","highway":"trunk","ref":"T-10"},"geometry":{"type":"LineString","coordinates":[[-61.40613,5.7761],[-61.40682,5.78571],[-61.40391,5.79147],[-61.4039,5.79335],[-61.41876,5.81576]]}},{"type":"Feature","id":"way/1092672745","properties":{"name":"Troncal de la Gran Sabana","highway":"trunk","ref":"T-10"},"geometry":{"type":"LineString","coordinates":[[-61.46661,5.84631],[-61.46672,5.84674]]}},{"type":"Feature","id":"way/1092672746","properties":{"name":"Troncal de la Gran Sabana","highway":"trunk","ref":"T-10"},"geometry":{"type":"LineString","coordinates":[[-61.41899,5.81601],[-61.44462,5.83166],[-61.45408,5.83545],[-61.46562,5.84403],[-61.46661,5.84631]]}},{"type":"Feature","id":"way/1092672747","properties":{"name":"Carretera Nacional El Dorado - Las Claritas","highway":"trunk","ref":"T-10"},"geometry":{"type":"LineString","coordinates":[[-61.42553,6.172],[-61.42538,6.17228]]}},{"type":"Feature","id":"way/1092672748","properties":{"name":"Carretera Nacional El Dorado - Las Claritas","highway":"trunk","ref":"T-10"},"geometry":{"type":"LineString","coordinates":[[-61.42538,6.17228],[-61.42045,6.18013],[-61.41726,6.18239]]}},{"type":"Feature","id":"way/1092672750","properties":{"name":"Carretera Nacional El Dorado - Las Claritas","highway":"trunk","ref":"T-10"},"geometry":{"type":"LineString","coordinates":[[-61.41265,6.37511],[-61.41896,6.3806]]}},{"type":"Feature","id":"way/1092672751","properties":{"name":"Carretera Nacional El Dorado - Las Claritas","highway":"trunk","ref":"T-10"},"geometry":{"type":"LineString","coordinates":[[-61.41896,6.3806],[-61.42241,6.38356]]}},{"type":"Feature","id":"way/1092680117","properties":{"name":"Troncal de la Gran Sabana","highway":"trunk","ref":"T-10"},"geometry":{"type":"LineString","coordinates":[[-61.29751,5.52642],[-61.29943,5.5304]]}},{"type":"Feature","id":"way/1092680118","properties":{"name":"Troncal de la Gran Sabana","highway":"trunk","ref":"T-10"},"geometry":{"type":"LineString","coordinates":[[-61.29943,5.5304],[-61.30435,5.54046]]}},{"type":"Feature","id":"way/1092680119","properties":{"name":"Troncal de la Gran Sabana","highway":"trunk","ref":"T-10"},"geometry":{"type":"LineString","coordinates":[[-61.30724,5.54329],[-61.31288,5.54878]]}},{"type":"Feature","id":"way/1092680120","properties":{"name":"Troncal de la Gran Sabana","highway":"trunk","ref":"T-10"},"geometry":{"type":"LineString","coordinates":[[-61.30435,5.54046],[-61.30724,5.54329]]}},{"type":"Feature","id":"way/1092680121","properties":{"name":"Troncal de la Gran Sabana","highway":"trunk","ref":"T-10"},"geometry":{"type":"LineString","coordinates":[[-61.31288,5.54878],[-61.3158,5.55762],[-61.31264,5.57435]]}},{"type":"Feature","id":"way/1092680122","properties":{"name":"Troncal de la Gran Sabana","highway":"trunk","ref":"T-10"},"geometry":{"type":"LineString","coordinates":[[-61.31264,5.57435],[-61.31263,5.57611]]}},{"type":"Feature","id":"way/1092680124","properties":{"name":"Troncal de la Gran Sabana","highway":"trunk","ref":"T-10"},"geometry":{"type":"LineString","coordinates":[[-61.31263,5.57611],[-61.31271,5.57683]]}},{"type":"Feature","id":"way/1092680125","properties":{"name":"Troncal de la Gran Sabana","highway":"trunk","ref":"T-10"},"geometry":{"type":"LineString","coordinates":[[-61.31271,5.57683],[-61.31274,5.57707]]}},{"type":"Feature","id":"way/1092680126","properties":{"name":"Troncal de la Gran Sabana","highway":"trunk","ref":"T-10"},"geometry":{"type":"LineString","coordinates":[[-61.31274,5.57707],[-61.31321,5.58045]]}},{"type":"Feature","id":"way/1092680127","properties":{"name":"Troncal de la Gran Sabana","highway":"trunk","ref":"T-10"},"geometry":{"type":"LineString","coordinates":[[-61.31321,5.58045],[-61.31458,5.58357],[-61.3189,5.58808]]}},{"type":"Feature","id":"way/1092680128","properties":{"name":"Troncal de la Gran Sabana","highway":"trunk","ref":"T-10"},"geometry":{"type":"LineString","coordinates":[[-61.3189,5.58808],[-61.32127,5.58889],[-61.33179,5.58627],[-61.34198,5.58718]]}},{"type":"Feature","id":"way/1092680129","properties":{"name":"Troncal de la Gran Sabana","highway":"trunk","ref":"T-10"},"geometry":{"type":"LineString","coordinates":[[-61.34198,5.58718],[-61.34458,5.58776]]}},{"type":"Feature","id":"way/1092680130","properties":{"name":"Troncal de la Gran Sabana","highway":"trunk","ref":"T-10"},"geometry":{"type":"LineString","coordinates":[[-61.34955,5.58993],[-61.35053,5.59055]]}},{"type":"Feature","id":"way/1092680131","properties":{"name":"Troncal de la Gran Sabana","highway":"trunk","ref":"T-10"},"geometry":{"type":"LineString","coordinates":[[-61.34458,5.58776],[-61.34955,5.58993]]}},{"type":"Feature","id":"way/1092680133","properties":{"name":"Troncal de la Gran Sabana","highway":"trunk","ref":"T-10"},"geometry":{"type":"LineString","coordinates":[[-61.35237,5.59412],[-61.35297,5.59535]]}},{"type":"Feature","id":"way/1092680134","properties":{"name":"Troncal de la Gran Sabana","highway":"trunk","ref":"T-10"},"geometry":{"type":"LineString","coordinates":[[-61.35053,5.59055],[-61.35123,5.59171]]}},{"type":"Feature","id":"way/1092680135","properties":{"name":"Troncal de la Gran Sabana","highway":"trunk","ref":"T-10"},"geometry":{"type":"LineString","coordinates":[[-61.35123,5.59171],[-61.35133,5.59192]]}},{"type":"Feature","id":"way/1092680136","properties":{"name":"Troncal de la Gran Sabana","highway":"trunk","ref":"T-10"},"geometry":{"type":"LineString","coordinates":[[-61.35133,5.59192],[-61.35237,5.59412]]}},{"type":"Feature","id":"way/1092680137","properties":{"name":"Troncal de la Gran Sabana","highway":"trunk","ref":"T-10"},"geometry":{"type":"LineString","coordinates":[[-61.35297,5.59535],[-61.35879,5.60756]]}},{"type":"Feature","id":"way/1092680138","properties":{"name":"Troncal de la Gran Sabana","highway":"trunk","ref":"T-10"},"geometry":{"type":"LineString","coordinates":[[-61.35879,5.60756],[-61.36064,5.61157]]}},{"type":"Feature","id":"way/1092680139","properties":{"name":"Troncal de la Gran Sabana","highway":"trunk","ref":"T-10"},"geometry":{"type":"LineString","coordinates":[[-61.36144,5.6144],[-61.36167,5.61526]]}},{"type":"Feature","id":"way/1092680140","properties":{"name":"Troncal de la Gran Sabana","highway":"trunk","ref":"T-10"},"geometry":{"type":"LineString","coordinates":[[-61.36064,5.61157],[-61.36134,5.61402]]}},{"type":"Feature","id":"way/1092680142","properties":{"name":"Troncal de la Gran Sabana","highway":"trunk","ref":"T-10"},"geometry":{"type":"LineString","coordinates":[[-61.36134,5.61402],[-61.36144,5.6144]]}},{"type":"Feature","id":"way/1092680143","properties":{"name":"Troncal de la Gran Sabana","highway":"trunk","ref":"T-10"},"geometry":{"type":"LineString","coordinates":[[-61.36167,5.61526],[-61.36384,5.61805],[-61.37024,5.63172],[-61.376,5.63536],[-61.37777,5.64037],[-61.37961,5.64123]]}},{"type":"Feature","id":"way/1092680144","properties":{"name":"Troncal de la Gran Sabana","highway":"trunk","ref":"T-10"},"geometry":{"type":"LineString","coordinates":[[-61.37961,5.64123],[-61.39075,5.64886]]}},{"type":"Feature","id":"way/1092680145","properties":{"name":"Troncal de la Gran Sabana","highway":"trunk","ref":"T-10"},"geometry":{"type":"LineString","coordinates":[[-61.39075,5.64886],[-61.40223,5.65807],[-61.40411,5.66756],[-61.40377,5.67218]]}},{"type":"Feature","id":"way/1092680146","properties":{"name":"Troncal de la Gran Sabana","highway":"trunk","ref":"T-10"},"geometry":{"type":"LineString","coordinates":[[-61.40147,5.67959],[-61.40055,5.68402]]}},{"type":"Feature","id":"way/1092680147","properties":{"name":"Troncal de la Gran Sabana","highway":"trunk","ref":"T-10"},"geometry":{"type":"LineString","coordinates":[[-61.40377,5.67218],[-61.40329,5.6764],[-61.40147,5.67959]]}},{"type":"Feature","id":"way/1092680148","properties":{"name":"Troncal de la Gran Sabana","highway":"trunk","ref":"T-10"},"geometry":{"type":"LineString","coordinates":[[-61.40063,5.68539],[-61.40074,5.68732]]}},{"type":"Feature","id":"way/1092680149","properties":{"name":"Troncal de la Gran Sabana","highway":"trunk","ref":"T-10"},"geometry":{"type":"LineString","coordinates":[[-61.40055,5.68402],[-61.40063,5.68539]]}},{"type":"Feature","id":"way/1092680150","properties":{"name":"Troncal de la Gran Sabana","highway":"trunk","ref":"T-10"},"geometry":{"type":"LineString","coordinates":[[-61.40074,5.68732],[-61.39992,5.69527]]}},{"type":"Feature","id":"way/1092680151","properties":{"name":"Troncal de la Gran Sabana","highway":"trunk","ref":"T-10"},"geometry":{"type":"LineString","coordinates":[[-61.39992,5.69527],[-61.40013,5.7056],[-61.40316,5.71044]]}},{"type":"Feature","id":"way/1092680152","properties":{"name":"Troncal de la Gran Sabana","highway":"trunk","ref":"T-10"},"geometry":{"type":"LineString","coordinates":[[-61.40316,5.71044],[-61.4044,5.71573]]}},{"type":"Feature","id":"way/1092680153","properties":{"name":"Troncal de la Gran Sabana","highway":"trunk","ref":"T-10"},"geometry":{"type":"LineString","coordinates":[[-61.4044,5.71573],[-61.40592,5.71839]]}},{"type":"Feature","id":"way/1092680154","properties":{"name":"Troncal de la Gran Sabana","highway":"trunk","ref":"T-10"},"geometry":{"type":"LineString","coordinates":[[-61.40592,5.71839],[-61.4066,5.72056],[-61.40379,5.72979]]}},{"type":"Feature","id":"way/1092680155","properties":{"name":"Troncal de la Gran Sabana","highway":"trunk","ref":"T-10"},"geometry":{"type":"LineString","coordinates":[[-61.40379,5.72979],[-61.4027,5.73335]]}},{"type":"Feature","id":"way/1092680156","properties":{"name":"Troncal de la Gran Sabana","highway":"trunk","ref":"T-10"},"geometry":{"type":"LineString","coordinates":[[-61.4027,5.73335],[-61.40349,5.74187]]}},{"type":"Feature","id":"way/1092680158","properties":{"name":"Troncal de la Gran Sabana","highway":"trunk","ref":"T-10"},"geometry":{"type":"LineString","coordinates":[[-61.40349,5.74187],[-61.403,5.74327]]}},{"type":"Feature","id":"way/1092680159","properties":{"name":"Troncal de la Gran Sabana","highway":"trunk","ref":"T-10"},"geometry":{"type":"LineString","coordinates":[[-61.403,5.74327],[-61.40285,5.74364]]}},{"type":"Feature","id":"way/1092680160","properties":{"name":"Troncal de la Gran Sabana","highway":"trunk","ref":"T-10"},"geometry":{"type":"LineString","coordinates":[[-61.40285,5.74364],[-61.4017,5.74621]]}},{"type":"Feature","id":"way/1092680161","properties":{"name":"Troncal de la Gran Sabana","highway":"trunk","ref":"T-10"},"geometry":{"type":"LineString","coordinates":[[-61.4017,5.74621],[-61.40109,5.74838]]}},{"type":"Feature","id":"way/1092680162","properties":{"name":"Troncal de la Gran Sabana","highway":"trunk","ref":"T-10"},"geometry":{"type":"LineString","coordinates":[[-61.40109,5.74838],[-61.40072,5.75002]]}},{"type":"Feature","id":"way/1092680163","properties":{"name":"Troncal de la Gran Sabana","highway":"trunk","ref":"T-10"},"geometry":{"type":"LineString","coordinates":[[-61.40072,5.75002],[-61.4005,5.75102]]}},{"type":"Feature","id":"way/1092680164","properties":{"name":"Troncal de la Gran Sabana","highway":"trunk","ref":"T-10"},"geometry":{"type":"LineString","coordinates":[[-61.4005,5.75102],[-61.40059,5.75369]]}},{"type":"Feature","id":"way/1092680165","properties":{"name":"Troncal de la Gran Sabana","highway":"trunk","ref":"T-10"},"geometry":{"type":"LineString","coordinates":[[-61.40059,5.75369],[-61.40122,5.75505]]}},{"type":"Feature","id":"way/1092680166","properties":{"name":"Troncal de la Gran Sabana","highway":"trunk","ref":"T-10"},"geometry":{"type":"LineString","coordinates":[[-61.40122,5.75505],[-61.40509,5.76337]]}},{"type":"Feature","id":"way/1092680167","properties":{"name":"Troncal de la Gran Sabana","highway":"trunk","ref":"T-10"},"geometry":{"type":"LineString","coordinates":[[-61.40509,5.76337],[-61.40697,5.76739]]}},{"type":"Feature","id":"way/1092680168","properties":{"name":"Troncal de la Gran Sabana","highway":"trunk","ref":"T-10"},"geometry":{"type":"LineString","coordinates":[[-61.40697,5.76739],[-61.4088,5.77167],[-61.40748,5.77446]]}},{"type":"Feature","id":"way/1092680169","properties":{"name":"Troncal de la Gran Sabana","highway":"trunk","ref":"T-10"},"geometry":{"type":"LineString","coordinates":[[-61.40696,5.77502],[-61.40613,5.7761]]}},{"type":"Feature","id":"way/1093025212","properties":{"name":"Troncal de la Gran Sabana","highway":"trunk","ref":"T-10"},"geometry":{"type":"LineString","coordinates":[[-61.05474,4.78442],[-61.05481,4.78458]]}},{"type":"Feature","id":"way/1093025213","properties":{"name":"Troncal de la Gran Sabana","highway":"trunk","ref":"T-10"},"geometry":{"type":"LineString","coordinates":[[-61.05848,4.79272],[-61.06024,4.79659]]}},{"type":"Feature","id":"way/1093025214","properties":{"name":"Troncal de la Gran Sabana","highway":"trunk","ref":"T-10"},"geometry":{"type":"LineString","coordinates":[[-61.05481,4.78458],[-61.05832,4.79237]]}},{"type":"Feature","id":"way/1093025216","properties":{"name":"Troncal de la Gran Sabana","highway":"trunk","ref":"T-10"},"geometry":{"type":"LineString","coordinates":[[-61.05832,4.79237],[-61.05848,4.79272]]}},{"type":"Feature","id":"way/1093025217","properties":{"name":"Troncal de la Gran Sabana","highway":"trunk","ref":"T-10"},"geometry":{"type":"LineString","coordinates":[[-61.06024,4.79659],[-61.06364,4.80415],[-61.06444,4.80881],[-61.06446,4.8169],[-61.06272,4.82229],[-61.06302,4.82571],[-61.06991,4.83518],[-61.07482,4.84443],[-61.0766,4.84457],[-61.09066,4.83899],[-61.09185,4.83939],[-61.09327,4.84705],[-61.0981,4.85407],[-61.10466,4.85871],[-61.10435,4.85979],[-61.10225,4.86049],[-61.10018,4.86484]]}},{"type":"Feature","id":"way/1093025218","properties":{"name":"Troncal de la Gran Sabana","highway":"trunk","ref":"T-10"},"geometry":{"type":"LineString","coordinates":[[-61.10018,4.86484],[-61.10124,4.86846]]}},{"type":"Feature","id":"way/1093025219","properties":{"name":"Troncal de la Gran Sabana","highway":"trunk","ref":"T-10"},"geometry":{"type":"LineString","coordinates":[[-61.10124,4.86846],[-61.10056,4.87093],[-61.09896,4.871]]}},{"type":"Feature","id":"way/1093025220","properties":{"name":"Troncal de la Gran Sabana","highway":"trunk","ref":"T-10"},"geometry":{"type":"LineString","coordinates":[[-61.09896,4.871],[-61.09555,4.86744]]}},{"type":"Feature","id":"way/1093025221","properties":{"name":"Troncal de la Gran Sabana","highway":"trunk","ref":"T-10"},"geometry":{"type":"LineString","coordinates":[[-61.09555,4.86744],[-61.09011,4.8678],[-61.08724,4.8715],[-61.08828,4.87346],[-61.09251,4.87694],[-61.09238,4.87966],[-61.09392,4.88169],[-61.09187,4.8967]]}},{"type":"Feature","id":"way/1093025223","properties":{"name":"Troncal de la Gran Sabana","highway":"trunk","ref":"T-10"},"geometry":{"type":"LineString","coordinates":[[-61.09187,4.8967],[-61.09183,4.89705]]}},{"type":"Feature","id":"way/1093025224","properties":{"name":"Troncal de la Gran Sabana","highway":"trunk","ref":"T-10"},"geometry":{"type":"LineString","coordinates":[[-61.09183,4.89705],[-61.09399,4.9098]]}},{"type":"Feature","id":"way/1093025226","properties":{"name":"Troncal de la Gran Sabana","highway":"trunk","ref":"T-10"},"geometry":{"type":"LineString","coordinates":[[-61.09399,4.9098],[-61.09401,4.91002]]}},{"type":"Feature","id":"way/1093025227","properties":{"name":"Troncal de la Gran Sabana","highway":"trunk","ref":"T-10"},"geometry":{"type":"LineString","coordinates":[[-61.09401,4.91002],[-61.09602,4.91474],[-61.10513,4.92866],[-61.11282,4.93481],[-61.11563,4.93959],[-61.12043,4.94324]]}},{"type":"Feature","id":"way/1093025229","properties":{"name":"Troncal de la Gran Sabana","highway":"trunk","ref":"T-10"},"geometry":{"type":"LineString","coordinates":[[-61.12043,4.94324],[-61.12061,4.94344]]}},{"type":"Feature","id":"way/1093025230","properties":{"name":"Troncal de la Gran Sabana","highway":"trunk","ref":"T-10"},"geometry":{"type":"LineString","coordinates":[[-61.12061,4.94344],[-61.12637,4.94899]]}},{"type":"Feature","id":"way/1093025231","properties":{"name":"Troncal de la Gran Sabana","highway":"trunk","ref":"T-10"},"geometry":{"type":"LineString","coordinates":[[-61.11559,5.01816],[-61.11436,5.01927]]}},{"type":"Feature","id":"way/1093025232","properties":{"name":"Troncal de la Gran Sabana","highway":"trunk","ref":"T-10"},"geometry":{"type":"LineString","coordinates":[[-61.11436,5.01927],[-61.11413,5.01996]]}},{"type":"Feature","id":"way/1093025233","properties":{"name":"Troncal de la Gran Sabana","highway":"trunk","ref":"T-10"},"geometry":{"type":"LineString","coordinates":[[-61.11413,5.01996],[-61.11282,5.02058]]}},{"type":"Feature","id":"way/1093025234","properties":{"name":"Troncal de la Gran Sabana","highway":"trunk","ref":"T-10"},"geometry":{"type":"LineString","coordinates":[[-61.11282,5.02058],[-61.11057,5.02031],[-61.10889,5.02521],[-61.10603,5.02902],[-61.10426,5.03764],[-61.09834,5.04972]]}},{"type":"Feature","id":"way/1093025236","properties":{"name":"Troncal de la Gran Sabana","highway":"trunk","ref":"T-10"},"geometry":{"type":"LineString","coordinates":[[-61.09834,5.04972],[-61.09795,5.05162]]}},{"type":"Feature","id":"way/1093025237","properties":{"name":"Troncal de la Gran Sabana","highway":"trunk","ref":"T-10"},"geometry":{"type":"LineString","coordinates":[[-61.09795,5.05162],[-61.09792,5.05186]]}},{"type":"Feature","id":"way/1093025238","properties":{"name":"Troncal de la Gran Sabana","highway":"trunk","ref":"T-10"},"geometry":{"type":"LineString","coordinates":[[-61.09792,5.05186],[-61.09772,5.05362]]}},{"type":"Feature","id":"way/1093025239","properties":{"name":"Troncal de la Gran Sabana","highway":"trunk","ref":"T-10"},"geometry":{"type":"LineString","coordinates":[[-61.09638,5.06314],[-61.0961,5.0645]]}},{"type":"Feature","id":"way/1093025240","properties":{"name":"Troncal de la Gran Sabana","highway":"trunk","ref":"T-10"},"geometry":{"type":"LineString","coordinates":[[-61.0961,5.0645],[-61.09578,5.06632]]}},{"type":"Feature","id":"way/1093025245","properties":{"name":"Troncal de la Gran Sabana","highway":"trunk","ref":"T-10"},"geometry":{"type":"LineString","coordinates":[[-61.09641,5.07846],[-61.09837,5.08155]]}},{"type":"Feature","id":"way/1093025246","properties":{"name":"Troncal de la Gran Sabana","highway":"trunk","ref":"T-10"},"geometry":{"type":"LineString","coordinates":[[-61.09837,5.08155],[-61.09974,5.08476]]}},{"type":"Feature","id":"way/1093025247","properties":{"name":"Troncal de la Gran Sabana","highway":"trunk","ref":"T-10"},"geometry":{"type":"LineString","coordinates":[[-61.09974,5.08476],[-61.10062,5.08667]]}},{"type":"Feature","id":"way/1093025248","properties":{"name":"Troncal de la Gran Sabana","highway":"trunk","ref":"T-10"},"geometry":{"type":"LineString","coordinates":[[-61.101,5.0874],[-61.10135,5.08808]]}},{"type":"Feature","id":"way/1093025249","properties":{"name":"Troncal de la Gran Sabana","highway":"trunk","ref":"T-10"},"geometry":{"type":"LineString","coordinates":[[-61.10616,5.09985],[-61.10662,5.10304]]}},{"type":"Feature","id":"way/1093025250","properties":{"name":"Troncal de la Gran Sabana","highway":"trunk","ref":"T-10"},"geometry":{"type":"LineString","coordinates":[[-61.10662,5.10304],[-61.10817,5.11366]]}},{"type":"Feature","id":"way/1093025252","properties":{"name":"Troncal de la Gran Sabana","highway":"trunk","ref":"T-10"},"geometry":{"type":"LineString","coordinates":[[-61.10826,5.11426],[-61.10831,5.11456]]}},{"type":"Feature","id":"way/1093025253","properties":{"name":"Troncal de la Gran Sabana","highway":"trunk","ref":"T-10"},"geometry":{"type":"LineString","coordinates":[[-61.10831,5.11456],[-61.10846,5.11558]]}},{"type":"Feature","id":"way/1093025254","properties":{"name":"Troncal de la Gran Sabana","highway":"trunk","ref":"T-10"},"geometry":{"type":"LineString","coordinates":[[-61.10817,5.11366],[-61.10826,5.11426]]}},{"type":"Feature","id":"way/1093025255","properties":{"name":"Troncal de la Gran Sabana","highway":"trunk","ref":"T-10"},"geometry":{"type":"LineString","coordinates":[[-61.10846,5.11558],[-61.10988,5.12047]]}},{"type":"Feature","id":"way/1093025256","properties":{"name":"Troncal de la Gran Sabana","highway":"trunk","ref":"T-10"},"geometry":{"type":"LineString","coordinates":[[-61.10988,5.12047],[-61.11189,5.12701]]}},{"type":"Feature","id":"way/1093025257","properties":{"name":"Troncal de la Gran Sabana","highway":"trunk","ref":"T-10"},"geometry":{"type":"LineString","coordinates":[[-61.11189,5.12701],[-61.11164,5.12875]]}},{"type":"Feature","id":"way/1093025258","properties":{"name":"Troncal de la Gran Sabana","highway":"trunk","ref":"T-10"},"geometry":{"type":"LineString","coordinates":[[-61.11164,5.12875],[-61.11068,5.13169]]}},{"type":"Feature","id":"way/1093025259","properties":{"name":"Troncal de la Gran Sabana","highway":"trunk","ref":"T-10"},"geometry":{"type":"LineString","coordinates":[[-61.11068,5.13169],[-61.11033,5.13309]]}},{"type":"Feature","id":"way/1093025260","properties":{"name":"Troncal de la Gran Sabana","highway":"trunk","ref":"T-10"},"geometry":{"type":"LineString","coordinates":[[-61.11033,5.13309],[-61.10923,5.13916]]}},{"type":"Feature","id":"way/1093025261","properties":{"name":"Troncal de la Gran Sabana","highway":"trunk","ref":"T-10"},"geometry":{"type":"LineString","coordinates":[[-61.10923,5.13916],[-61.1082,5.14225],[-61.1023,5.1508],[-61.10126,5.15476]]}},{"type":"Feature","id":"way/1093025262","properties":{"name":"Troncal de la Gran Sabana","highway":"trunk","ref":"T-10"},"geometry":{"type":"LineString","coordinates":[[-61.09992,5.15994],[-61.09924,5.16246]]}},{"type":"Feature","id":"way/1093025263","properties":{"name":"Troncal de la Gran Sabana","highway":"trunk","ref":"T-10"},"geometry":{"type":"LineString","coordinates":[[-61.10126,5.15476],[-61.09992,5.15994]]}},{"type":"Feature","id":"way/1093025265","properties":{"name":"Troncal de la Gran Sabana","highway":"trunk","ref":"T-10"},"geometry":{"type":"LineString","coordinates":[[-61.09924,5.16246],[-61.09908,5.16309]]}},{"type":"Feature","id":"way/1093025266","properties":{"name":"Troncal de la Gran Sabana","highway":"trunk","ref":"T-10"},"geometry":{"type":"LineString","coordinates":[[-61.09908,5.16309],[-61.0949,5.16684],[-61.09224,5.17159],[-61.09411,5.20055]]}},{"type":"Feature","id":"way/1093025267","properties":{"name":"Troncal de la Gran Sabana","highway":"trunk","ref":"T-10"},"geometry":{"type":"LineString","coordinates":[[-61.09411,5.20055],[-61.09514,5.20873]]}},{"type":"Feature","id":"way/1093025269","properties":{"name":"Troncal de la Gran Sabana","highway":"trunk","ref":"T-10"},"geometry":{"type":"LineString","coordinates":[[-61.09514,5.20873],[-61.09518,5.20902]]}},{"type":"Feature","id":"way/1093025270","properties":{"name":"Troncal de la Gran Sabana","highway":"trunk","ref":"T-10"},"geometry":{"type":"LineString","coordinates":[[-61.09518,5.20902],[-61.09859,5.23375],[-61.10945,5.2518],[-61.11648,5.25923]]}},{"type":"Feature","id":"way/1093025271","properties":{"name":"Troncal de la Gran Sabana","highway":"trunk","ref":"T-10"},"geometry":{"type":"LineString","coordinates":[[-61.11648,5.25923],[-61.12154,5.27024],[-61.12982,5.27373],[-61.13728,5.28132]]}},{"type":"Feature","id":"way/1093025272","properties":{"name":"Troncal de la Gran Sabana","highway":"trunk","ref":"T-10"},"geometry":{"type":"LineString","coordinates":[[-61.13728,5.28132],[-61.1541,5.29948]]}},{"type":"Feature","id":"way/1093025273","properties":{"name":"Troncal de la Gran Sabana","highway":"trunk","ref":"T-10"},"geometry":{"type":"LineString","coordinates":[[-61.1541,5.29948],[-61.15576,5.30217]]}},{"type":"Feature","id":"way/1093025274","properties":{"name":"Troncal de la Gran Sabana","highway":"trunk","ref":"T-10"},"geometry":{"type":"LineString","coordinates":[[-61.15576,5.30217],[-61.16366,5.31465],[-61.16931,5.31881]]}},{"type":"Feature","id":"way/1093025275","properties":{"name":"Troncal de la Gran Sabana","highway":"trunk","ref":"T-10"},"geometry":{"type":"LineString","coordinates":[[-61.16931,5.31881],[-61.17145,5.32023]]}},{"type":"Feature","id":"way/1093025276","properties":{"name":"Troncal de la Gran Sabana","highway":"trunk","ref":"T-10"},"geometry":{"type":"LineString","coordinates":[[-61.17145,5.32023],[-61.1773,5.32497]]}},{"type":"Feature","id":"way/1093025277","properties":{"name":"Troncal de la Gran Sabana","highway":"trunk","ref":"T-10"},"geometry":{"type":"LineString","coordinates":[[-61.1773,5.32497],[-61.18551,5.3353]]}},{"type":"Feature","id":"way/1093025278","properties":{"name":"Troncal de la Gran Sabana","highway":"trunk","ref":"T-10"},"geometry":{"type":"LineString","coordinates":[[-61.18551,5.3353],[-61.19017,5.33873],[-61.20817,5.34282]]}},{"type":"Feature","id":"way/1093025279","properties":{"name":"Troncal de la Gran Sabana","highway":"trunk","ref":"T-10"},"geometry":{"type":"LineString","coordinates":[[-61.20817,5.34282],[-61.21554,5.34453],[-61.21768,5.34735],[-61.22022,5.34836],[-61.22055,5.35016]]}},{"type":"Feature","id":"way/1093025280","properties":{"name":"Troncal de la Gran Sabana","highway":"trunk","ref":"T-10"},"geometry":{"type":"LineString","coordinates":[[-61.22055,5.35016],[-61.21901,5.35184]]}},{"type":"Feature","id":"way/1093025281","properties":{"name":"Troncal de la Gran Sabana","highway":"trunk","ref":"T-10"},"geometry":{"type":"LineString","coordinates":[[-61.21901,5.35184],[-61.21685,5.35701]]}},{"type":"Feature","id":"way/1093025282","properties":{"name":"Troncal de la Gran Sabana","highway":"trunk","ref":"T-10"},"geometry":{"type":"LineString","coordinates":[[-61.21685,5.35701],[-61.21633,5.36077]]}},{"type":"Feature","id":"way/1093025283","properties":{"name":"Troncal de la Gran Sabana","highway":"trunk","ref":"T-10"},"geometry":{"type":"LineString","coordinates":[[-61.21633,5.36077],[-61.2179,5.36429],[-61.21696,5.36618]]}},{"type":"Feature","id":"way/1093025284","properties":{"name":"Troncal de la Gran Sabana","highway":"trunk","ref":"T-10"},"geometry":{"type":"LineString","coordinates":[[-61.21696,5.36618],[-61.21026,5.37487],[-61.20957,5.3929]]}},{"type":"Feature","id":"way/1093025285","properties":{"name":"Troncal de la Gran Sabana","highway":"trunk","ref":"T-10"},"geometry":{"type":"LineString","coordinates":[[-61.20957,5.3929],[-61.21699,5.41528],[-61.21891,5.41694]]}},{"type":"Feature","id":"way/1093025287","properties":{"name":"Troncal de la Gran Sabana","highway":"trunk","ref":"T-10"},"geometry":{"type":"LineString","coordinates":[[-61.21891,5.41694],[-61.21945,5.41719]]}},{"type":"Feature","id":"way/1093025288","properties":{"name":"Troncal de la Gran Sabana","highway":"trunk","ref":"T-10"},"geometry":{"type":"LineString","coordinates":[[-61.21945,5.41719],[-61.22141,5.41825],[-61.2298,5.42775]]}},{"type":"Feature","id":"way/1093025290","properties":{"name":"Troncal de la Gran Sabana","highway":"trunk","ref":"T-10"},"geometry":{"type":"LineString","coordinates":[[-61.2298,5.42775],[-61.22993,5.4279]]}},{"type":"Feature","id":"way/1093025291","properties":{"name":"Troncal de la Gran Sabana","highway":"trunk","ref":"T-10"},"geometry":{"type":"LineString","coordinates":[[-61.22993,5.4279],[-61.24551,5.44655]]}},{"type":"Feature","id":"way/1093025293","properties":{"name":"Troncal de la Gran Sabana","highway":"trunk","ref":"T-10"},"geometry":{"type":"LineString","coordinates":[[-61.24551,5.44655],[-61.24567,5.44691]]}},{"type":"Feature","id":"way/1093025294","properties":{"name":"Troncal de la Gran Sabana","highway":"trunk","ref":"T-10"},"geometry":{"type":"LineString","coordinates":[[-61.24567,5.44691],[-61.249,5.45407],[-61.25343,5.45754]]}},{"type":"Feature","id":"way/1093025296","properties":{"name":"Troncal de la Gran Sabana","highway":"trunk","ref":"T-10"},"geometry":{"type":"LineString","coordinates":[[-61.25574,5.45914],[-61.25824,5.46085]]}},{"type":"Feature","id":"way/1093025297","properties":{"name":"Troncal de la Gran Sabana","highway":"trunk","ref":"T-10"},"geometry":{"type":"LineString","coordinates":[[-61.25343,5.45754],[-61.25559,5.45903]]}},{"type":"Feature","id":"way/1093025298","properties":{"name":"Troncal de la Gran Sabana","highway":"trunk","ref":"T-10"},"geometry":{"type":"LineString","coordinates":[[-61.25559,5.45903],[-61.25574,5.45914]]}},{"type":"Feature","id":"way/1093025299","properties":{"name":"Troncal de la Gran Sabana","highway":"trunk","ref":"T-10"},"geometry":{"type":"LineString","coordinates":[[-61.25824,5.46085],[-61.26749,5.46731],[-61.26978,5.47109]]}},{"type":"Feature","id":"way/1093025301","properties":{"name":"Troncal de la Gran Sabana","highway":"trunk","ref":"T-10"},"geometry":{"type":"LineString","coordinates":[[-61.26978,5.47109],[-61.2707,5.47311]]}},{"type":"Feature","id":"way/1093025302","properties":{"name":"Troncal de la Gran Sabana","highway":"trunk","ref":"T-10"},"geometry":{"type":"LineString","coordinates":[[-61.2707,5.47311],[-61.27085,5.47346]]}},{"type":"Feature","id":"way/1093025303","properties":{"name":"Troncal de la Gran Sabana","highway":"trunk","ref":"T-10"},"geometry":{"type":"LineString","coordinates":[[-61.27085,5.47346],[-61.27136,5.47458]]}},{"type":"Feature","id":"way/1093025304","properties":{"name":"Troncal de la Gran Sabana","highway":"trunk","ref":"T-10"},"geometry":{"type":"LineString","coordinates":[[-61.27136,5.47458],[-61.27789,5.48869]]}},{"type":"Feature","id":"way/1093025305","properties":{"name":"Troncal de la Gran Sabana","highway":"trunk","ref":"T-10"},"geometry":{"type":"LineString","coordinates":[[-61.27902,5.49112],[-61.27958,5.49234]]}},{"type":"Feature","id":"way/1093025306","properties":{"name":"Troncal de la Gran Sabana","highway":"trunk","ref":"T-10"},"geometry":{"type":"LineString","coordinates":[[-61.27789,5.48869],[-61.27902,5.49112]]}},{"type":"Feature","id":"way/1093025307","properties":{"name":"Troncal de la Gran Sabana","highway":"trunk","ref":"T-10"},"geometry":{"type":"LineString","coordinates":[[-61.27958,5.49234],[-61.29013,5.51439]]}},{"type":"Feature","id":"way/1093025309","properties":{"name":"Troncal de la Gran Sabana","highway":"trunk","ref":"T-10"},"geometry":{"type":"LineString","coordinates":[[-61.29013,5.51439],[-61.29027,5.51458]]}},{"type":"Feature","id":"way/1093025310","properties":{"name":"Troncal de la Gran Sabana","highway":"trunk","ref":"T-10"},"geometry":{"type":"LineString","coordinates":[[-61.29027,5.51458],[-61.29428,5.51996],[-61.29751,5.52642]]}},{"type":"Feature","id":"way/1093457202","properties":{"name":"Troncal de la Gran Sabana","highway":"trunk","ref":"T-10"},"geometry":{"type":"LineString","coordinates":[[-61.07823,4.63705],[-61.0739,4.641]]}},{"type":"Feature","id":"way/1093457203","properties":{"name":"Troncal de la Gran Sabana","highway":"trunk","ref":"T-10"},"geometry":{"type":"LineString","coordinates":[[-61.06938,4.65882],[-61.06868,4.66231]]}},{"type":"Feature","id":"way/1093457204","properties":{"name":"Troncal de la Gran Sabana","highway":"trunk","ref":"T-10"},"geometry":{"type":"LineString","coordinates":[[-61.06868,4.66231],[-61.06736,4.66948]]}},{"type":"Feature","id":"way/1093457205","properties":{"name":"Troncal de la Gran Sabana","highway":"trunk","ref":"T-10"},"geometry":{"type":"LineString","coordinates":[[-61.06736,4.66948],[-61.0675,4.67132]]}},{"type":"Feature","id":"way/1093457206","properties":{"name":"Troncal de la Gran Sabana","highway":"trunk","ref":"T-10"},"geometry":{"type":"LineString","coordinates":[[-61.06761,4.67184],[-61.06776,4.67249]]}},{"type":"Feature","id":"way/1093457208","properties":{"name":"Troncal de la Gran Sabana","highway":"trunk","ref":"T-10"},"geometry":{"type":"LineString","coordinates":[[-61.0675,4.67132],[-61.06761,4.67184]]}},{"type":"Feature","id":"way/1093457209","properties":{"name":"Troncal de la Gran Sabana","highway":"trunk","ref":"T-10"},"geometry":{"type":"LineString","coordinates":[[-61.0739,4.641],[-61.07259,4.64296],[-61.06938,4.65882]]}},{"type":"Feature","id":"way/1093457210","properties":{"name":"Troncal de la Gran Sabana","highway":"trunk","ref":"T-10"},"geometry":{"type":"LineString","coordinates":[[-61.06727,4.70299],[-61.06535,4.70737]]}},{"type":"Feature","id":"way/1093457212","properties":{"name":"Troncal de la Gran Sabana","highway":"trunk","ref":"T-10"},"geometry":{"type":"LineString","coordinates":[[-61.06535,4.70737],[-61.06529,4.7076]]}},{"type":"Feature","id":"way/1093457213","properties":{"name":"Troncal de la Gran Sabana","highway":"trunk","ref":"T-10"},"geometry":{"type":"LineString","coordinates":[[-61.06529,4.7076],[-61.06518,4.70807]]}},{"type":"Feature","id":"way/1093457215","properties":{"name":"Troncal de la Gran Sabana","highway":"trunk","ref":"T-10"},"geometry":{"type":"LineString","coordinates":[[-61.06518,4.70807],[-61.05899,4.72286]]}},{"type":"Feature","id":"way/1093457216","properties":{"name":"Troncal de la Gran Sabana","highway":"trunk","ref":"T-10"},"geometry":{"type":"LineString","coordinates":[[-61.05899,4.72286],[-61.05869,4.72362]]}},{"type":"Feature","id":"way/1093457217","properties":{"name":"Troncal de la Gran Sabana","highway":"trunk","ref":"T-10"},"geometry":{"type":"LineString","coordinates":[[-61.05869,4.72362],[-61.05526,4.73232]]}},{"type":"Feature","id":"way/1093457218","properties":{"name":"Troncal de la Gran Sabana","highway":"trunk","ref":"T-10"},"geometry":{"type":"LineString","coordinates":[[-61.05526,4.73232],[-61.05358,4.73699]]}},{"type":"Feature","id":"way/1093457219","properties":{"name":"Troncal de la Gran Sabana","highway":"trunk","ref":"T-10"},"geometry":{"type":"LineString","coordinates":[[-61.05358,4.73699],[-61.05319,4.73836]]}},{"type":"Feature","id":"way/1093457220","properties":{"name":"Troncal de la Gran Sabana","highway":"trunk","ref":"T-10"},"geometry":{"type":"LineString","coordinates":[[-61.05319,4.73836],[-61.05127,4.74384]]}},{"type":"Feature","id":"way/1093457221","properties":{"name":"Troncal de la Gran Sabana","highway":"trunk","ref":"T-10"},"geometry":{"type":"LineString","coordinates":[[-61.05127,4.74384],[-61.05044,4.74629]]}},{"type":"Feature","id":"way/1093457222","properties":{"name":"Troncal de la Gran Sabana","highway":"trunk","ref":"T-10"},"geometry":{"type":"LineString","coordinates":[[-61.05044,4.74629],[-61.04969,4.74854]]}},{"type":"Feature","id":"way/1093457223","properties":{"name":"Troncal de la Gran Sabana","highway":"trunk","ref":"T-10"},"geometry":{"type":"LineString","coordinates":[[-61.04969,4.74854],[-61.04922,4.74995]]}},{"type":"Feature","id":"way/1093457224","properties":{"name":"Troncal de la Gran Sabana","highway":"trunk","ref":"T-10"},"geometry":{"type":"LineString","coordinates":[[-61.04922,4.74995],[-61.04656,4.7586]]}},{"type":"Feature","id":"way/1093457225","properties":{"name":"Troncal de la Gran Sabana","highway":"trunk","ref":"T-10"},"geometry":{"type":"LineString","coordinates":[[-61.04656,4.7586],[-61.04683,4.76215]]}},{"type":"Feature","id":"way/1093457226","properties":{"name":"Troncal de la Gran Sabana","highway":"trunk","ref":"T-10"},"geometry":{"type":"LineString","coordinates":[[-61.04683,4.76215],[-61.04728,4.76714]]}},{"type":"Feature","id":"way/1093457227","properties":{"name":"Troncal de la Gran Sabana","highway":"trunk","ref":"T-10"},"geometry":{"type":"LineString","coordinates":[[-61.04728,4.76714],[-61.04785,4.76907]]}},{"type":"Feature","id":"way/1093457228","properties":{"name":"Troncal de la Gran Sabana","highway":"trunk","ref":"T-10"},"geometry":{"type":"LineString","coordinates":[[-61.04785,4.76907],[-61.05027,4.77449]]}},{"type":"Feature","id":"way/1093457229","properties":{"name":"Troncal de la Gran Sabana","highway":"trunk","ref":"T-10"},"geometry":{"type":"LineString","coordinates":[[-61.05027,4.77449],[-61.05071,4.77545]]}},{"type":"Feature","id":"way/1093457230","properties":{"name":"Troncal de la Gran Sabana","highway":"trunk","ref":"T-10"},"geometry":{"type":"LineString","coordinates":[[-61.05071,4.77545],[-61.05404,4.78283]]}},{"type":"Feature","id":"way/1093457231","properties":{"name":"Troncal de la Gran Sabana","highway":"trunk","ref":"T-10"},"geometry":{"type":"LineString","coordinates":[[-61.05404,4.78283],[-61.05474,4.78442]]}},{"type":"Feature","id":"way/1154855988","properties":{"highway":"tertiary"},"geometry":{"type":"LineString","coordinates":[[-65.17461,7.34731],[-65.1797,7.34578]]}},{"type":"Feature","id":"way/1204568509","properties":{"name":"Carretera Guasipati - El Miamo","highway":"tertiary","ref":"R-3"},"geometry":{"type":"LineString","coordinates":[[-61.8457,7.56692],[-61.84267,7.57145],[-61.83285,7.57757],[-61.82578,7.59286],[-61.82165,7.59704],[-61.82083,7.60215],[-61.81765,7.60867],[-61.81748,7.61614],[-61.81551,7.62342]]}},{"type":"Feature","id":"way/1204568510","properties":{"name":"Carretera Guasipati - El Miamo","highway":"tertiary","ref":"R-3"},"geometry":{"type":"LineString","coordinates":[[-61.84575,7.56685],[-61.8457,7.56692]]}},{"type":"Feature","id":"way/1204568539","properties":{"highway":"tertiary"},"geometry":{"type":"LineString","coordinates":[[-62.39228,7.99654],[-62.3911,7.99786]]}},{"type":"Feature","id":"way/1204568540","properties":{"highway":"tertiary"},"geometry":{"type":"LineString","coordinates":[[-62.39252,7.99625],[-62.39228,7.99654]]}},{"type":"Feature","id":"way/1204568541","properties":{"highway":"tertiary"},"geometry":{"type":"LineString","coordinates":[[-62.39265,7.99623],[-62.3936,7.99513]]}},{"type":"Feature","id":"way/1204568542","properties":{"highway":"tertiary"},"geometry":{"type":"LineString","coordinates":[[-62.39242,7.99651],[-62.39265,7.99623]]}},{"type":"Feature","id":"way/1204568543","properties":{"name":"Avenida Perimetral","highway":"trunk","ref":"T-10"},"geometry":{"type":"LineString","coordinates":[[-62.40755,8.02666],[-62.4019,8.02169]]}},{"type":"Feature","id":"way/1204568544","properties":{"name":"Avenida Perimetral","highway":"trunk","ref":"T-10"},"geometry":{"type":"LineString","coordinates":[[-62.4019,8.02169],[-62.40172,8.02147]]}},{"type":"Feature","id":"way/1204568549","properties":{"name":"Calle Bol\u00edvar","highway":"tertiary","ref":"L-4;R-20"},"geometry":{"type":"LineString","coordinates":[[-62.40187,8.01721],[-62.4028,8.01721]]}},{"type":"Feature","id":"way/1204568550","properties":{"name":"Calle Bol\u00edvar","highway":"tertiary","ref":"L-4;R-20"},"geometry":{"type":"LineString","coordinates":[[-62.4028,8.01721],[-62.40288,8.01721]]}},{"type":"Feature","id":"way/1204568556","properties":{"name":"Calle Polanco","highway":"tertiary","ref":"L-4;R-20"},"geometry":{"type":"LineString","coordinates":[[-62.40228,8.01272],[-62.40181,8.01455]]}},{"type":"Feature","id":"way/1204568557","properties":{"name":"Calle Polanco","highway":"tertiary","ref":"L-4;R-20"},"geometry":{"type":"LineString","coordinates":[[-62.40181,8.01455],[-62.4018,8.0146]]}},{"type":"Feature","id":"way/1204568578","properties":{"name":"Calle Miranda","highway":"primary","ref":"R-2"},"geometry":{"type":"LineString","coordinates":[[-62.4031,8.00473],[-62.40271,8.00273]]}},{"type":"Feature","id":"way/1204568579","properties":{"name":"Calle Miranda","highway":"primary","ref":"R-2"},"geometry":{"type":"LineString","coordinates":[[-62.40314,8.00481],[-62.4031,8.00473]]}},{"type":"Feature","id":"way/1204568588","properties":{"name":"Calle Ayacucho","highway":"primary","ref":"L-4;R-2"},"geometry":{"type":"LineString","coordinates":[[-62.40731,8.02003],[-62.40765,8.02045]]}},{"type":"Feature","id":"way/1204568589","properties":{"name":"Calle Ayacucho","highway":"primary","ref":"L-4;R-2"},"geometry":{"type":"LineString","coordinates":[[-62.40729,8.01964],[-62.40731,8.02003]]}},{"type":"Feature","id":"way/1204568590","properties":{"name":"Calle Vargas","highway":"primary","ref":"L-4;R-2"},"geometry":{"type":"LineString","coordinates":[[-62.40774,8.02039],[-62.40753,8.01994]]}},{"type":"Feature","id":"way/1204568591","properties":{"name":"Calle Vargas","highway":"primary","ref":"L-4;R-2"},"geometry":{"type":"LineString","coordinates":[[-62.40753,8.01994],[-62.40761,8.01959]]}},{"type":"Feature","id":"way/1204568594","properties":{"name":"V\u00eda a Guri","highway":"primary","ref":"L-4"},"geometry":{"type":"LineString","coordinates":[[-62.40815,8.01726],[-62.4107,8.01724]]}},{"type":"Feature","id":"way/1204568595","properties":{"name":"V\u00eda a Guri","highway":"primary","ref":"L-4"},"geometry":{"type":"LineString","coordinates":[[-62.4107,8.01724],[-62.41104,8.01723]]}},{"type":"Feature","id":"way/1204568612","properties":{"name":"Carretera Regional Upata - El Manteco","highway":"primary","ref":"R-2"},"geometry":{"type":"LineString","coordinates":[[-62.40271,8.00273],[-62.40438,8.00051]]}},{"type":"Feature","id":"way/1204568613","properties":{"name":"Carretera Regional Upata - El Manteco","highway":"primary","ref":"R-2"},"geometry":{"type":"LineString","coordinates":[[-62.40438,8.00051],[-62.40474,8.00023]]}},{"type":"Feature","id":"way/1225806102","properties":{"name":"Avenida Menca de Leoni","highway":"tertiary"},"geometry":{"type":"LineString","coordinates":[[-62.64283,8.37309],[-62.63725,8.37199]]}},{"type":"Feature","id":"way/1227511953","properties":{"highway":"trunk_link"},"geometry":{"type":"LineString","coordinates":[[-62.63017,8.34688],[-62.63027,8.34699]]}},{"type":"Feature","id":"way/1227511954","properties":{"highway":"trunk_link"},"geometry":{"type":"LineString","coordinates":[[-62.63046,8.34728],[-62.63047,8.34713]]}},{"type":"Feature","id":"way/1229197989","properties":{"highway":"trunk_link"},"geometry":{"type":"LineString","coordinates":[[-62.63057,8.34824],[-62.63061,8.34823]]}},{"type":"Feature","id":"way/1229260043","properties":{"highway":"primary_link"},"geometry":{"type":"LineString","coordinates":[[-62.64661,8.33319],[-62.64656,8.33329]]}},{"type":"Feature","id":"way/1230241853","properties":{"name":"Avenida Manuel Piar","highway":"tertiary","ref":"T-10"},"geometry":{"type":"LineString","coordinates":[[-62.65885,8.37641],[-62.65716,8.37713]]}},{"type":"Feature","id":"way/1230241856","properties":{"name":"Avenida Manuel Piar","highway":"tertiary","ref":"T-10"},"geometry":{"type":"LineString","coordinates":[[-62.65925,8.37519],[-62.65924,8.37538]]}},{"type":"Feature","id":"way/1232298407","properties":{"highway":"trunk_link"},"geometry":{"type":"LineString","coordinates":[[-62.63089,8.34926],[-62.63085,8.34927]]}},{"type":"Feature","id":"way/1232298408","properties":{"highway":"trunk_link"},"geometry":{"type":"LineString","coordinates":[[-62.63079,8.34823],[-62.63074,8.34825]]}},{"type":"Feature","id":"way/1270834243","properties":{"name":"V\u00eda a Guri","highway":"tertiary","ref":"R-10"},"geometry":{"type":"LineString","coordinates":[[-63.08459,7.88002],[-63.08465,7.88692],[-63.0881,7.90114],[-63.09008,7.91415]]}},{"type":"Feature","id":"way/1270834244","properties":{"name":"V\u00eda a Guri","highway":"tertiary","ref":"R-10"},"geometry":{"type":"LineString","coordinates":[[-63.09008,7.91415],[-63.09034,7.91505]]}},{"type":"Feature","id":"way/1275535063","properties":{"name":"V\u00eda a Guri","highway":"tertiary","ref":"R-10"},"geometry":{"type":"LineString","coordinates":[[-63.03084,7.79216],[-63.0307,7.79194]]}},{"type":"Feature","id":"way/1275535064","properties":{"name":"V\u00eda a Guri","highway":"tertiary","ref":"R-10"},"geometry":{"type":"LineString","coordinates":[[-63.02857,7.79091],[-63.02812,7.79093]]}},{"type":"Feature","id":"way/1275535065","properties":{"name":"V\u00eda a Guri","highway":"tertiary","ref":"R-10"},"geometry":{"type":"LineString","coordinates":[[-63.02978,7.79127],[-63.0294,7.7911]]}},{"type":"Feature","id":"way/1275535067","properties":{"name":"V\u00eda a Guri","highway":"tertiary","ref":"R-10"},"geometry":{"type":"LineString","coordinates":[[-63.0294,7.7911],[-63.02857,7.79091]]}},{"type":"Feature","id":"way/1275535070","properties":{"highway":"tertiary"},"geometry":{"type":"LineString","coordinates":[[-63.02978,7.79127],[-63.02971,7.79143]]}},{"type":"Feature","id":"way/1275535071","properties":{"name":"V\u00eda a Guri","highway":"tertiary","ref":"R-10"},"geometry":{"type":"LineString","coordinates":[[-63.02812,7.79093],[-63.03084,7.79216]]}},{"type":"Feature","id":"way/1275535072","properties":{"name":"V\u00eda a Guri","highway":"tertiary","ref":"R-10"},"geometry":{"type":"LineString","coordinates":[[-63.0307,7.79194],[-63.02978,7.79127]]}},{"type":"Feature","id":"way/1391791297","properties":{"name":"V\u00eda a Caruachi","highway":"tertiary","ref":"R-45"},"geometry":{"type":"LineString","coordinates":[[-62.78469,8.09565],[-62.7864,8.0871],[-62.78554,8.08216],[-62.78863,8.07884],[-62.79089,8.06796],[-62.7901,8.05766],[-62.79266,8.05052],[-62.79302,8.04267],[-62.79504,8.035],[-62.79406,8.01697],[-62.78723,8.00832],[-62.78326,8.00844],[-62.77947,8.00647],[-62.77827,8.00441],[-62.7744,8.00196],[-62.77266,7.99876],[-62.76633,7.99808],[-62.76102,7.9992],[-62.75623,7.99877],[-62.74659,7.99255],[-62.73759,7.98986],[-62.72827,7.9822],[-62.72549,7.97745],[-62.72562,7.9725],[-62.72039,7.97103],[-62.71908,7.96598],[-62.71706,7.96314],[-62.71563,7.95707],[-62.71598,7.9545]]}},{"type":"Feature","id":"way/1391791298","properties":{"name":"V\u00eda a Caruachi","highway":"tertiary","ref":"R-45"},"geometry":{"type":"LineString","coordinates":[[-62.78457,8.09654],[-62.78469,8.09565]]}},{"type":"Feature","id":"way/1409475963","properties":{"name":"Avenida Atl\u00e1ntico","highway":"secondary","ref":"R-33"},"geometry":{"type":"LineString","coordinates":[[-62.71597,8.29273],[-62.71579,8.29299]]}},{"type":"Feature","id":"way/1409475964","properties":{"name":"V\u00eda Colombia","highway":"secondary","ref":"R-33"},"geometry":{"type":"LineString","coordinates":[[-62.71579,8.29299],[-62.71559,8.29326]]}},{"type":"Feature","id":"way/1409498066","properties":{"name":"Avenida Atl\u00e1ntico","highway":"secondary","ref":"R-33"},"geometry":{"type":"LineString","coordinates":[[-62.73859,8.27174],[-62.73853,8.27177]]}},{"type":"Feature","id":"way/1409498067","properties":{"name":"Avenida Atl\u00e1ntico","highway":"secondary","ref":"R-33"},"geometry":{"type":"LineString","coordinates":[[-62.74202,8.26991],[-62.73859,8.27174]]}},{"type":"Feature","id":"way/1436923710","properties":{"name":"V\u00eda a Paraitepuy","highway":"tertiary"},"geometry":{"type":"LineString","coordinates":[[-60.9359,5.05208],[-60.93869,5.05185],[-60.94314,5.05313],[-60.95149,5.0466],[-60.95737,5.04419],[-60.9652,5.03213],[-60.9681,5.03312],[-60.96934,5.0325],[-60.97515,5.03621],[-60.97605,5.03507],[-60.98273,5.03409],[-60.986,5.03231],[-60.9959,5.03259],[-60.99753,5.03059],[-60.99563,5.02936],[-60.99487,5.02748],[-60.99688,5.02232],[-60.99541,5.01953],[-60.99618,5.01846],[-61.00113,5.01777],[-61.0122,5.02504],[-61.01548,5.01996],[-61.02065,5.01676],[-61.02978,5.02227],[-61.03574,5.02294],[-61.04307,5.02688],[-61.05351,5.0227],[-61.05848,5.02206],[-61.06082,5.02703],[-61.06188,5.02737],[-61.06417,5.02537],[-61.06919,5.02975],[-61.06995,5.03178],[-61.07272,5.03444],[-61.0728,5.03642],[-61.0758,5.03746],[-61.07672,5.0428],[-61.08101,5.05076],[-61.08623,5.05081],[-61.09929,5.0478]]}},{"type":"Feature","id":"way/1443026725","properties":{"name":"Troncal de la Gran Sabana","highway":"trunk","ref":"T-10"},"geometry":{"type":"LineString","coordinates":[[-61.13675,5.0102],[-61.13653,5.01042]]}},{"type":"Feature","id":"way/1443026726","properties":{"name":"Troncal de la Gran Sabana","highway":"trunk","ref":"T-10"},"geometry":{"type":"LineString","coordinates":[[-61.13653,5.01042],[-61.13349,5.01244],[-61.12497,5.01139],[-61.12185,5.01418],[-61.12195,5.01634],[-61.12053,5.01805],[-61.11559,5.01816]]}},{"type":"Feature","id":"way/1443332506","properties":{"name":"V\u00eda a Ikabar\u00fa","highway":"tertiary","ref":"T-23;R-6"},"geometry":{"type":"LineString","coordinates":[[-61.41548,4.60131],[-61.41073,4.60509],[-61.40866,4.60568],[-61.40611,4.61157],[-61.3959,4.61466],[-61.38001,4.61147],[-61.37824,4.61199],[-61.37848,4.61376],[-61.3736,4.61527],[-61.36871,4.61161],[-61.36237,4.61169],[-61.35707,4.60761],[-61.35052,4.60826],[-61.34751,4.61201],[-61.34763,4.61581],[-61.34534,4.61564],[-61.34328,4.61184],[-61.33692,4.61382],[-61.33298,4.61753],[-61.33054,4.6177],[-61.32124,4.613],[-61.32241,4.60547],[-61.32164,4.60436],[-61.31541,4.60235],[-61.31361,4.60343],[-61.30366,4.60468],[-61.29797,4.60346],[-61.29567,4.60124]]}},{"type":"Feature","id":"way/1443332507","properties":{"name":"V\u00eda a Ikabar\u00fa","highway":"tertiary","ref":"T-23;R-6"},"geometry":{"type":"LineString","coordinates":[[-61.22014,4.56261],[-61.2192,4.56001],[-61.2113,4.5567],[-61.20674,4.5567],[-61.20285,4.55848],[-61.19759,4.55809],[-61.19616,4.55714],[-61.19333,4.55084],[-61.19135,4.54965],[-61.1804,4.55501],[-61.17703,4.55573],[-61.16626,4.55546],[-61.16313,4.55637],[-61.15966,4.5551],[-61.1536,4.55568],[-61.13729,4.55254]]}},{"type":"Feature","id":"way/1443332509","properties":{"name":"V\u00eda a Betania","highway":"tertiary"},"geometry":{"type":"LineString","coordinates":[[-61.39543,4.61463],[-61.39266,4.61618],[-61.39001,4.62535],[-61.39103,4.63057],[-61.38976,4.63644],[-61.39083,4.63955]]}},{"type":"Feature","id":"way/1443332510","properties":{"name":"V\u00eda Principal de Waramas\u00e9n","highway":"tertiary"},"geometry":{"type":"LineString","coordinates":[[-61.27563,4.56378],[-61.27151,4.56539],[-61.2661,4.56506],[-61.26363,4.5682],[-61.25771,4.56893],[-61.25331,4.5684],[-61.24924,4.57089],[-61.24579,4.57148]]}},{"type":"Feature","id":"way/1443332511","properties":{"name":"V\u00eda a Chirikay\u00e9n","highway":"tertiary"},"geometry":{"type":"LineString","coordinates":[[-61.34688,4.67632],[-61.34564,4.67316],[-61.34622,4.66965],[-61.34544,4.66634],[-61.34132,4.66048],[-61.34027,4.65708],[-61.34135,4.65185],[-61.33743,4.65188],[-61.33583,4.64906],[-61.32851,4.64347],[-61.3261,4.64007],[-61.32615,4.63666],[-61.32857,4.63352],[-61.32243,4.61806],[-61.32134,4.61313]]}},{"type":"Feature","id":"way/1443332512","properties":{"name":"V\u00eda Principal de Maurak","highway":"tertiary"},"geometry":{"type":"LineString","coordinates":[[-61.18004,4.5732],[-61.18044,4.56759],[-61.17784,4.56504],[-61.17842,4.56272]]}},{"type":"Feature","id":"way/1443332513","properties":{"name":"V\u00eda a Ikabar\u00fa","highway":"tertiary","ref":"T-23;R-6"},"geometry":{"type":"LineString","coordinates":[[-61.73925,4.33221],[-61.74417,4.33248],[-61.74747,4.33089],[-61.75458,4.33224],[-61.75706,4.33512],[-61.75617,4.3412],[-61.76817,4.34244],[-61.77266,4.34491],[-61.78372,4.34452],[-61.78495,4.3488],[-61.7838,4.35353],[-61.7818,4.35681],[-61.77328,4.35939],[-61.77013,4.36255],[-61.76846,4.36261],[-61.76857,4.36155],[-61.76496,4.35895],[-61.7532,4.36285],[-61.74869,4.36621],[-61.74688,4.36846],[-61.74728,4.37084],[-61.7458,4.37404],[-61.74619,4.37601],[-61.73969,4.37925],[-61.7381,4.38092],[-61.73976,4.38324],[-61.73955,4.38706],[-61.74134,4.39098],[-61.73596,4.39545],[-61.73675,4.39852],[-61.72577,4.40942],[-61.71608,4.41511],[-61.71597,4.41784],[-61.71344,4.42018],[-61.70758,4.43198],[-61.70976,4.43739],[-61.70867,4.44083],[-61.70642,4.44234],[-61.69054,4.4444],[-61.68495,4.44726],[-61.67944,4.44759],[-61.67243,4.4546],[-61.67136,4.45845],[-61.66575,4.46218]]}},{"type":"Feature","id":"way/1443337738","properties":{"name":"V\u00eda a Ikabar\u00fa","highway":"tertiary","ref":"T-23;R-6"},"geometry":{"type":"LineString","coordinates":[[-61.13729,4.55254],[-61.13713,4.55248]]}},{"type":"Feature","id":"way/1443337739","properties":{"name":"V\u00eda a Ikabar\u00fa","highway":"tertiary","ref":"T-23;R-6"},"geometry":{"type":"LineString","coordinates":[[-61.13713,4.55248],[-61.13114,4.55093]]}},{"type":"Feature","id":"way/1443337740","properties":{"name":"V\u00eda a Ikabar\u00fa","highway":"tertiary","ref":"T-23;R-6"},"geometry":{"type":"LineString","coordinates":[[-61.22012,4.56278],[-61.22014,4.56261]]}},{"type":"Feature","id":"way/1443337741","properties":{"name":"V\u00eda a Ikabar\u00fa","highway":"tertiary","ref":"T-23;R-6"},"geometry":{"type":"LineString","coordinates":[[-61.26628,4.5921],[-61.26459,4.59038],[-61.2621,4.5846],[-61.25832,4.58074],[-61.25215,4.5785],[-61.25173,4.5759],[-61.24786,4.57409],[-61.24222,4.56698],[-61.23611,4.56458],[-61.22099,4.56459],[-61.22012,4.56278]]}},{"type":"Feature","id":"way/1443337742","properties":{"name":"V\u00eda a Ikabar\u00fa","highway":"tertiary","ref":"T-23;R-6"},"geometry":{"type":"LineString","coordinates":[[-61.26635,4.59228],[-61.26628,4.5921]]}},{"type":"Feature","id":"way/1443337743","properties":{"name":"V\u00eda a Ikabar\u00fa","highway":"tertiary","ref":"T-23;R-6"},"geometry":{"type":"LineString","coordinates":[[-61.29567,4.60124],[-61.29002,4.59787],[-61.28199,4.5962],[-61.27849,4.59431],[-61.27649,4.59459],[-61.27514,4.59757],[-61.27267,4.59778],[-61.26635,4.59228]]}},{"type":"Feature","id":"way/1443337744","properties":{"name":"V\u00eda a Betania","highway":"tertiary"},"geometry":{"type":"LineString","coordinates":[[-61.39083,4.63955],[-61.39086,4.63964]]}},{"type":"Feature","id":"way/1443337745","properties":{"name":"V\u00eda a Betania","highway":"tertiary"},"geometry":{"type":"LineString","coordinates":[[-61.39086,4.63964],[-61.39137,4.6433],[-61.38924,4.64508],[-61.38893,4.64813],[-61.38464,4.65305],[-61.38397,4.65551]]}},{"type":"Feature","id":"way/1443337897","properties":{"name":"V\u00eda Principal de Maurak","highway":"tertiary"},"geometry":{"type":"LineString","coordinates":[[-61.18004,4.57334],[-61.18004,4.5732]]}},{"type":"Feature","id":"way/1443337898","properties":{"name":"V\u00eda Principal de Maurak","highway":"tertiary"},"geometry":{"type":"LineString","coordinates":[[-61.18079,4.58049],[-61.18004,4.57334]]}},{"type":"Feature","id":"way/1443337899","properties":{"name":"V\u00eda Principal de Maurak","highway":"tertiary"},"geometry":{"type":"LineString","coordinates":[[-61.17842,4.56272],[-61.17834,4.56258]]}},{"type":"Feature","id":"way/1443337900","properties":{"name":"V\u00eda Principal de Maurak","highway":"tertiary"},"geometry":{"type":"LineString","coordinates":[[-61.17834,4.56258],[-61.17742,4.56131],[-61.17878,4.55733],[-61.17688,4.55572]]}},{"type":"Feature","id":"way/1443340824","properties":{"name":"V\u00eda a Chirikay\u00e9n","highway":"tertiary"},"geometry":{"type":"LineString","coordinates":[[-61.34692,4.67643],[-61.34688,4.67632]]}},{"type":"Feature","id":"way/1443340825","properties":{"name":"V\u00eda a Chirikay\u00e9n","highway":"tertiary"},"geometry":{"type":"LineString","coordinates":[[-61.33009,4.703],[-61.33379,4.69928],[-61.33766,4.69702],[-61.34132,4.69248],[-61.34525,4.69006],[-61.34873,4.68155],[-61.34692,4.67643]]}},{"type":"Feature","id":"way/1443340826","properties":{"name":"V\u00eda a Chirikay\u00e9n","highway":"tertiary"},"geometry":{"type":"LineString","coordinates":[[-61.32995,4.70304],[-61.33009,4.703]]}},{"type":"Feature","id":"way/1443340827","properties":{"name":"V\u00eda a Chirikay\u00e9n","highway":"tertiary"},"geometry":{"type":"LineString","coordinates":[[-61.32184,4.71714],[-61.32224,4.71514],[-61.3169,4.70883],[-61.31684,4.70769],[-61.32056,4.70663],[-61.32455,4.70836],[-61.32656,4.70479],[-61.32995,4.70304]]}},{"type":"Feature","id":"way/1443340828","properties":{"name":"V\u00eda a Ikabar\u00fa","highway":"tertiary","ref":"T-23;R-6"},"geometry":{"type":"LineString","coordinates":[[-61.66575,4.46218],[-61.66563,4.4622]]}},{"type":"Feature","id":"way/1443340829","properties":{"name":"V\u00eda a Ikabar\u00fa","highway":"tertiary","ref":"T-23;R-6"},"geometry":{"type":"LineString","coordinates":[[-61.66563,4.4622],[-61.65878,4.46082],[-61.65537,4.45515],[-61.64975,4.45642],[-61.64479,4.45038],[-61.64303,4.44949],[-61.63478,4.4556],[-61.62366,4.46073],[-61.62159,4.46301],[-61.61913,4.46339],[-61.61832,4.46213],[-61.61749,4.46249]]}},{"type":"Feature","id":"way/1443340830","properties":{"name":"V\u00eda a Ikabar\u00fa","highway":"tertiary","ref":"T-23;R-6"},"geometry":{"type":"LineString","coordinates":[[-61.61749,4.46249],[-61.61735,4.46261]]}},{"type":"Feature","id":"way/1443340831","properties":{"name":"V\u00eda a Ikabar\u00fa","highway":"tertiary","ref":"T-23;R-6"},"geometry":{"type":"LineString","coordinates":[[-61.60679,4.46391],[-61.60742,4.4643],[-61.60678,4.4651],[-61.60296,4.46786],[-61.6,4.47323],[-61.59135,4.47552],[-61.5848,4.47933],[-61.58158,4.47986]]}},{"type":"Feature","id":"way/1443340832","properties":{"name":"V\u00eda a Ikabar\u00fa","highway":"tertiary","ref":"T-23;R-6"},"geometry":{"type":"LineString","coordinates":[[-61.58158,4.47986],[-61.58146,4.47988]]}},{"type":"Feature","id":"way/1443340833","properties":{"name":"V\u00eda a Ikabar\u00fa","highway":"tertiary","ref":"T-23;R-6"},"geometry":{"type":"LineString","coordinates":[[-61.58146,4.47988],[-61.5745,4.47872],[-61.56741,4.48071],[-61.56558,4.47621],[-61.56145,4.47558],[-61.5578,4.4771],[-61.55685,4.47957],[-61.55444,4.48159],[-61.55198,4.48276],[-61.54994,4.48247],[-61.54775,4.48388],[-61.53666,4.49319],[-61.53583,4.49638],[-61.53074,4.50082],[-61.52764,4.50665],[-61.52567,4.51195],[-61.52834,4.51509],[-61.52841,4.51784],[-61.52505,4.51887],[-61.52571,4.52261],[-61.52473,4.52557],[-61.51999,4.53052],[-61.52003,4.53282],[-61.52282,4.5399],[-61.52498,4.54251]]}},{"type":"Feature","id":"way/1443340834","properties":{"name":"V\u00eda a Ikabar\u00fa","highway":"tertiary","ref":"T-23;R-6"},"geometry":{"type":"LineString","coordinates":[[-61.53001,4.56694],[-61.5301,4.5672]]}},{"type":"Feature","id":"way/1443340835","properties":{"name":"V\u00eda a Ikabar\u00fa","highway":"tertiary","ref":"T-23;R-6"},"geometry":{"type":"LineString","coordinates":[[-61.52901,4.56579],[-61.53001,4.56694]]}},{"type":"Feature","id":"way/1443340837","properties":{"name":"V\u00eda a Ikabar\u00fa","highway":"tertiary","ref":"T-23;R-6"},"geometry":{"type":"LineString","coordinates":[[-61.45893,4.60695],[-61.45881,4.60702]]}},{"type":"Feature","id":"way/1443340838","properties":{"name":"V\u00eda a Ikabar\u00fa","highway":"tertiary","ref":"T-23;R-6"},"geometry":{"type":"LineString","coordinates":[[-61.45881,4.60702],[-61.45425,4.60933],[-61.45323,4.60821],[-61.44813,4.61009],[-61.43433,4.61043],[-61.43016,4.60948],[-61.42404,4.60088],[-61.4157,4.6013]]}},{"type":"Feature","id":"way/1443340839","properties":{"name":"V\u00eda a Ikabar\u00fa","highway":"tertiary","ref":"T-23;R-6"},"geometry":{"type":"LineString","coordinates":[[-61.4157,4.6013],[-61.41548,4.60131]]}},{"type":"Feature","id":"way/1443340840","properties":{"name":"V\u00eda a Ikabar\u00fa","highway":"tertiary","ref":"T-23;R-6"},"geometry":{"type":"LineString","coordinates":[[-61.5301,4.5672],[-61.5312,4.57206],[-61.52215,4.57821],[-61.51109,4.58743],[-61.50089,4.59214],[-61.5003,4.59685],[-61.49083,4.59616],[-61.47908,4.59905],[-61.47199,4.6029],[-61.46629,4.60325],[-61.45893,4.60695]]}},{"type":"Feature","id":"way/1446344713","properties":{"name":"Troncal de la Gran Sabana","highway":"trunk","ref":"T-10"},"geometry":{"type":"LineString","coordinates":[[-61.10633,4.6086],[-61.09911,4.61041],[-61.09823,4.61356],[-61.1002,4.61736],[-61.09474,4.6234]]}},{"type":"Feature","id":"way/1446344714","properties":{"name":"V\u00eda a La L\u00ednea","highway":"trunk","ref":"T-10"},"geometry":{"type":"LineString","coordinates":[[-61.11876,4.57626],[-61.11983,4.57925],[-61.11923,4.58199],[-61.1172,4.58516],[-61.11536,4.58598],[-61.11519,4.58977],[-61.11385,4.5909],[-61.11287,4.59612],[-61.10868,4.59885]]}},{"type":"Feature","id":"way/1446347688","properties":{"name":"Troncal de la Gran Sabana","highway":"trunk","ref":"T-10"},"geometry":{"type":"LineString","coordinates":[[-61.09474,4.6234],[-61.09457,4.62358]]}},{"type":"Feature","id":"way/1446347689","properties":{"name":"Troncal de la Gran Sabana","highway":"trunk","ref":"T-10"},"geometry":{"type":"LineString","coordinates":[[-61.09457,4.62358],[-61.08713,4.63219],[-61.08516,4.63251]]}},{"type":"Feature","id":"way/1446347692","properties":{"name":"V\u00eda a La L\u00ednea","highway":"trunk","ref":"T-10"},"geometry":{"type":"LineString","coordinates":[[-61.14353,4.50981],[-61.14338,4.50993]]}},{"type":"Feature","id":"way/1446347693","properties":{"name":"V\u00eda a La L\u00ednea","highway":"trunk","ref":"T-10"},"geometry":{"type":"LineString","coordinates":[[-61.14893,4.48819],[-61.15246,4.49995],[-61.14945,4.50502],[-61.14353,4.50981]]}},{"type":"Feature","id":"way/1446347694","properties":{"name":"V\u00eda a La L\u00ednea","highway":"trunk","ref":"T-10"},"geometry":{"type":"LineString","coordinates":[[-61.1264,4.55979],[-61.12624,4.55992]]}},{"type":"Feature","id":"way/1446347695","properties":{"name":"V\u00eda a La L\u00ednea","highway":"trunk","ref":"T-10"},"geometry":{"type":"LineString","coordinates":[[-61.12624,4.55992],[-61.12584,4.56057]]}},{"type":"Feature","id":"way/1446347696","properties":{"name":"V\u00eda a La L\u00ednea","highway":"trunk","ref":"T-10"},"geometry":{"type":"LineString","coordinates":[[-61.12926,4.55607],[-61.12838,4.55829],[-61.1264,4.55979]]}},{"type":"Feature","id":"way/1446347697","properties":{"name":"V\u00eda a La L\u00ednea","highway":"trunk","ref":"T-10"},"geometry":{"type":"LineString","coordinates":[[-61.12933,4.55587],[-61.12926,4.55607]]}},{"type":"Feature","id":"way/1446347698","properties":{"name":"V\u00eda a La L\u00ednea","highway":"trunk","ref":"T-10"},"geometry":{"type":"LineString","coordinates":[[-61.13114,4.55093],[-61.12933,4.55587]]}},{"type":"Feature","id":"way/1446347699","properties":{"name":"Avenida Principal de Santa Elena","highway":"trunk","ref":"T-10"},"geometry":{"type":"LineString","coordinates":[[-61.11863,4.57592],[-61.11876,4.57626]]}},{"type":"Feature","id":"way/1446347700","properties":{"name":"V\u00eda a La L\u00ednea","highway":"trunk","ref":"T-10"},"geometry":{"type":"LineString","coordinates":[[-61.12584,4.56057],[-61.12368,4.5688],[-61.11836,4.5732],[-61.11863,4.57592]]}},{"type":"Feature","id":"way/1446347703","properties":{"name":"V\u00eda a La L\u00ednea","highway":"trunk","ref":"T-10"},"geometry":{"type":"LineString","coordinates":[[-61.14338,4.50993],[-61.13972,4.51304],[-61.1375,4.51818],[-61.13664,4.52744],[-61.13426,4.53068],[-61.13259,4.54675],[-61.13114,4.55093]]}},{"type":"Feature","id":"way/1446355769","properties":{"name":"Calle Perimetral","highway":"trunk","ref":"T-10"},"geometry":{"type":"LineString","coordinates":[[-61.10868,4.59885],[-61.10642,4.60401],[-61.10633,4.6086]]}},{"type":"Feature","id":"way/1449677852","properties":{"name":"V\u00eda a Ikabar\u00fa","highway":"tertiary","ref":"T-23;R-6"},"geometry":{"type":"LineString","coordinates":[[-61.52498,4.54251],[-61.52505,4.54258]]}},{"type":"Feature","id":"way/1449677853","properties":{"name":"V\u00eda a Ikabar\u00fa","highway":"tertiary","ref":"T-23;R-6"},"geometry":{"type":"LineString","coordinates":[[-61.52505,4.54258],[-61.52719,4.5451],[-61.5268,4.54991],[-61.52308,4.55305],[-61.52328,4.55761],[-61.52234,4.55973],[-61.52901,4.56579]]}},{"type":"Feature","id":"way/1449677854","properties":{"name":"V\u00eda a Ikabar\u00fa","highway":"tertiary","ref":"T-23;R-6"},"geometry":{"type":"LineString","coordinates":[[-61.60661,4.46385],[-61.60679,4.46391]]}},{"type":"Feature","id":"way/1449677855","properties":{"name":"V\u00eda a Ikabar\u00fa","highway":"tertiary","ref":"T-23;R-6"},"geometry":{"type":"LineString","coordinates":[[-61.61735,4.46261],[-61.61589,4.46372],[-61.61387,4.46203],[-61.61077,4.4636],[-61.60811,4.46218],[-61.60629,4.46327],[-61.60661,4.46385]]}},{"type":"Feature","id":"way/1454016031","properties":{"name":"V\u00eda a Kavanay\u00e9n","highway":"tertiary","ref":"T-21"},"geometry":{"type":"LineString","coordinates":[[-61.68123,5.6318],[-61.67918,5.62978],[-61.67743,5.61772],[-61.6732,5.60591],[-61.67064,5.59989],[-61.66872,5.59965],[-61.66612,5.60398],[-61.6625,5.60525],[-61.65725,5.60987],[-61.65137,5.61057],[-61.64674,5.61292],[-61.64366,5.61624],[-61.63124,5.62033],[-61.6289,5.62724],[-61.622,5.63564],[-61.6168,5.63466],[-61.61026,5.63761],[-61.60441,5.63622],[-61.59122,5.6402],[-61.58552,5.64043],[-61.56648,5.64468],[-61.56348,5.65086],[-61.56417,5.65649],[-61.56179,5.66091],[-61.55267,5.66239],[-61.54835,5.66475],[-61.54809,5.66826],[-61.54901,5.67071],[-61.54601,5.67677]]}},{"type":"Feature","id":"way/1454017835","properties":{"name":"V\u00eda a Kavanay\u00e9n","highway":"tertiary","ref":"T-21"},"geometry":{"type":"LineString","coordinates":[[-61.71483,5.63086],[-61.71472,5.63082]]}},{"type":"Feature","id":"way/1454017836","properties":{"name":"V\u00eda a Kavanay\u00e9n","highway":"tertiary","ref":"T-21"},"geometry":{"type":"LineString","coordinates":[[-61.75228,5.58633],[-61.74122,5.61623],[-61.73653,5.62247],[-61.73012,5.62651],[-61.72804,5.62996],[-61.72538,5.6318],[-61.71483,5.63086]]}},{"type":"Feature","id":"way/1454017837","properties":{"name":"V\u00eda a Kavanay\u00e9n","highway":"tertiary","ref":"T-21"},"geometry":{"type":"LineString","coordinates":[[-61.68133,5.63179],[-61.68123,5.6318]]}},{"type":"Feature","id":"way/1454017838","properties":{"name":"V\u00eda a Kavanay\u00e9n","highway":"tertiary","ref":"T-21"},"geometry":{"type":"LineString","coordinates":[[-61.71472,5.63082],[-61.70691,5.62743],[-61.70665,5.62504],[-61.70371,5.62327],[-61.70238,5.62466],[-61.70266,5.62634],[-61.70138,5.62514],[-61.69863,5.6261],[-61.69665,5.62813],[-61.69162,5.63839],[-61.68918,5.63546],[-61.6878,5.63122],[-61.68133,5.63179]]}},{"type":"Feature","id":"way/1454017839","properties":{"name":"V\u00eda a Kavanay\u00e9n","highway":"tertiary","ref":"T-21"},"geometry":{"type":"LineString","coordinates":[[-61.54601,5.67677],[-61.54574,5.67689]]}},{"type":"Feature","id":"way/1454017840","properties":{"name":"V\u00eda a Kavanay\u00e9n","highway":"tertiary","ref":"T-21"},"geometry":{"type":"LineString","coordinates":[[-61.54574,5.67689],[-61.53406,5.69053],[-61.52801,5.70624],[-61.52252,5.71276],[-61.52248,5.71462]]}},{"type":"Feature","id":"way/1454017841","properties":{"name":"V\u00eda a Kavanay\u00e9n","highway":"tertiary","ref":"T-21"},"geometry":{"type":"LineString","coordinates":[[-61.52248,5.71462],[-61.52248,5.71469]]}},{"type":"Feature","id":"way/1454017842","properties":{"name":"V\u00eda a Kavanay\u00e9n","highway":"tertiary","ref":"T-21"},"geometry":{"type":"LineString","coordinates":[[-61.52248,5.71469],[-61.52306,5.72099],[-61.52116,5.72328],[-61.51598,5.72623],[-61.51645,5.72976]]}},{"type":"Feature","id":"way/1454017843","properties":{"name":"V\u00eda a Kavanay\u00e9n","highway":"tertiary","ref":"T-21"},"geometry":{"type":"LineString","coordinates":[[-61.51645,5.72976],[-61.51645,5.72985]]}},{"type":"Feature","id":"way/1454017844","properties":{"name":"V\u00eda a Kavanay\u00e9n","highway":"tertiary","ref":"T-21"},"geometry":{"type":"LineString","coordinates":[[-61.51645,5.72985],[-61.51661,5.73529],[-61.51483,5.74429]]}},{"type":"Feature","id":"way/1454017845","properties":{"name":"V\u00eda a Kavanay\u00e9n","highway":"tertiary","ref":"T-21"},"geometry":{"type":"LineString","coordinates":[[-61.51483,5.74429],[-61.5148,5.74445]]}},{"type":"Feature","id":"way/1454017846","properties":{"name":"V\u00eda a Kavanay\u00e9n","highway":"tertiary","ref":"T-21"},"geometry":{"type":"LineString","coordinates":[[-61.5148,5.74445],[-61.51482,5.74563],[-61.51684,5.74656],[-61.51601,5.75106],[-61.50097,5.76776],[-61.49998,5.7712],[-61.5005,5.77466],[-61.48998,5.77451],[-61.48182,5.77159],[-61.47947,5.7694],[-61.47483,5.76989]]}},{"type":"Feature","id":"way/1454017847","properties":{"name":"V\u00eda a Kavanay\u00e9n","highway":"tertiary","ref":"T-21"},"geometry":{"type":"LineString","coordinates":[[-61.47483,5.76989],[-61.47473,5.76979]]}},{"type":"Feature","id":"way/1454017848","properties":{"name":"V\u00eda a Kavanay\u00e9n","highway":"tertiary","ref":"T-21"},"geometry":{"type":"LineString","coordinates":[[-61.47473,5.76979],[-61.46161,5.77179],[-61.45376,5.78803],[-61.44681,5.79105],[-61.43517,5.79418]]}},{"type":"Feature","id":"way/1454019399","properties":{"name":"V\u00eda a Kavanay\u00e9n","highway":"tertiary","ref":"T-21"},"geometry":{"type":"LineString","coordinates":[[-61.43517,5.79418],[-61.43115,5.79579],[-61.41563,5.81172]]}},{"type":"Feature","id":"way/1461305224","properties":{"name":"Carrera Tocoma","highway":"tertiary"},"geometry":{"type":"LineString","coordinates":[[-62.72828,8.29357],[-62.72864,8.29457]]}},{"type":"Feature","id":"way/1485676181","properties":{"name":"Avenida Perimetral","highway":"trunk","ref":"T-16;T-19"},"geometry":{"type":"LineString","coordinates":[[-63.57536,8.06923],[-63.57951,8.0718],[-63.58658,8.08027]]}},{"type":"Feature","id":"way/1485676182","properties":{"name":"Avenida Libertador","highway":"primary","ref":"T-16"},"geometry":{"type":"LineString","coordinates":[[-63.53054,8.05966],[-63.5309,8.05898]]}},{"type":"Feature","id":"way/1485676183","properties":{"name":"Avenida Perimetral","highway":"trunk","ref":"T-16;T-19"},"geometry":{"type":"LineString","coordinates":[[-63.57536,8.06923],[-63.54112,8.05922],[-63.53313,8.05949]]}},{"type":"Feature","id":"way/1485676184","properties":{"name":"Avenida Perimetral","highway":"trunk","ref":"T-16;T-19"},"geometry":{"type":"LineString","coordinates":[[-63.53043,8.05998],[-63.54126,8.05936],[-63.57536,8.06923]]}},{"type":"Feature","id":"way/1485676185","properties":{"name":"Avenida Libertador","highway":"primary","ref":"T-16"},"geometry":{"type":"LineString","coordinates":[[-63.53013,8.06027],[-63.52979,8.06093]]}},{"type":"Feature","id":"way/1485676186","properties":{"name":"Distribuidor Orinoquia","highway":"trunk_link"},"geometry":{"type":"LineString","coordinates":[[-62.91368,8.22345],[-62.91476,8.22057]]}},{"type":"Feature","id":"way/1485676187","properties":{"name":"Distribuidor Orinoquia","highway":"trunk_link"},"geometry":{"type":"LineString","coordinates":[[-62.91471,8.22055],[-62.91329,8.22394]]}},{"type":"Feature","id":"way/1485676188","properties":{"name":"Autopista Sim\u00f3n Bol\u00edvar","highway":"trunk","ref":"T-19"},"geometry":{"type":"LineString","coordinates":[[-63.45102,8.09497],[-63.44939,8.09775]]}},{"type":"Feature","id":"way/1485676189","properties":{"name":"Avenida Perimetral","highway":"trunk","ref":"T-19"},"geometry":{"type":"LineString","coordinates":[[-63.45163,8.09427],[-63.45316,8.09236]]}},{"type":"Feature","id":"way/1485676195","properties":{"name":"Autopista Sim\u00f3n Bol\u00edvar","highway":"trunk","ref":"T-19"},"geometry":{"type":"LineString","coordinates":[[-62.93478,8.22581],[-62.93417,8.22565]]}},{"type":"Feature","id":"way/1485676196","properties":{"name":"Autopista Sim\u00f3n Bol\u00edvar","highway":"trunk","ref":"T-19"},"geometry":{"type":"LineString","coordinates":[[-62.95243,8.23157],[-62.9461,8.2283],[-62.93478,8.22581]]}},{"type":"Feature","id":"way/1485676197","properties":{"name":"Autopista Sim\u00f3n Bol\u00edvar","highway":"trunk","ref":"T-19"},"geometry":{"type":"LineString","coordinates":[[-62.93413,8.2258],[-62.93474,8.22595]]}},{"type":"Feature","id":"way/1485676198","properties":{"name":"Autopista Sim\u00f3n Bol\u00edvar","highway":"trunk","ref":"T-19"},"geometry":{"type":"LineString","coordinates":[[-62.93474,8.22595],[-62.94562,8.22828],[-62.95238,8.23169]]}},{"type":"Feature","id":"way/1485676202","properties":{"name":"Autopista Sim\u00f3n Bol\u00edvar","highway":"trunk","ref":"T-19"},"geometry":{"type":"LineString","coordinates":[[-62.95298,8.23189],[-62.95243,8.23157]]}},{"type":"Feature","id":"way/1485676203","properties":{"name":"Autopista Sim\u00f3n Bol\u00edvar","highway":"trunk","ref":"T-19"},"geometry":{"type":"LineString","coordinates":[[-62.95238,8.23169],[-62.95292,8.23199]]}},{"type":"Feature","id":"way/1485676208","properties":{"highway":"trunk_link"},"geometry":{"type":"LineString","coordinates":[[-63.03532,8.23257],[-63.03569,8.23337]]}},{"type":"Feature","id":"way/1485676209","properties":{"highway":"trunk_link"},"geometry":{"type":"LineString","coordinates":[[-63.03569,8.23337],[-63.03813,8.23264]]}},{"type":"Feature","id":"way/1485676210","properties":{"highway":"trunk_link"},"geometry":{"type":"LineString","coordinates":[[-63.03569,8.23337],[-63.03471,8.23334]]}},{"type":"Feature","id":"way/1485676211","properties":{"highway":"trunk_link"},"geometry":{"type":"LineString","coordinates":[[-63.03574,8.23124],[-63.03546,8.23204]]}},{"type":"Feature","id":"way/1485676212","properties":{"highway":"trunk_link"},"geometry":{"type":"LineString","coordinates":[[-63.03841,8.23211],[-63.03574,8.23124]]}},{"type":"Feature","id":"way/1485676213","properties":{"highway":"trunk_link"},"geometry":{"type":"LineString","coordinates":[[-63.03574,8.23124],[-63.03459,8.23122]]}},{"type":"Feature","id":"way/1485676221","properties":{"name":"Autopista Sim\u00f3n Bol\u00edvar","highway":"trunk","ref":"T-19"},"geometry":{"type":"LineString","coordinates":[[-63.23733,8.18142],[-63.23782,8.18119]]}},{"type":"Feature","id":"way/1485676222","properties":{"highway":"trunk_link"},"geometry":{"type":"LineString","coordinates":[[-63.25109,8.17569],[-63.25119,8.17496]]}},{"type":"Feature","id":"way/1485676223","properties":{"highway":"trunk_link"},"geometry":{"type":"LineString","coordinates":[[-63.248,8.17639],[-63.25109,8.17569]]}},{"type":"Feature","id":"way/1485676224","properties":{"highway":"trunk_link"},"geometry":{"type":"LineString","coordinates":[[-63.25109,8.17569],[-63.25318,8.17518],[-63.25672,8.17606]]}},{"type":"Feature","id":"way/1485676225","properties":{"highway":"trunk_link"},"geometry":{"type":"LineString","coordinates":[[-63.25104,8.17443],[-63.25047,8.17393]]}},{"type":"Feature","id":"way/1485676226","properties":{"highway":"trunk_link"},"geometry":{"type":"LineString","coordinates":[[-63.25047,8.17393],[-63.24807,8.17576]]}},{"type":"Feature","id":"way/1485676233","properties":{"name":"Autopista Sim\u00f3n Bol\u00edvar","highway":"trunk","ref":"T-19"},"geometry":{"type":"LineString","coordinates":[[-63.27872,8.18618],[-63.27843,8.18624]]}},{"type":"Feature","id":"way/1485676234","properties":{"name":"Autopista Sim\u00f3n Bol\u00edvar","highway":"trunk","ref":"T-19"},"geometry":{"type":"LineString","coordinates":[[-63.27843,8.18643],[-63.27871,8.18637]]}},{"type":"Feature","id":"way/1485676235","properties":{"name":"Autopista Sim\u00f3n Bol\u00edvar","highway":"trunk","ref":"T-19"},"geometry":{"type":"LineString","coordinates":[[-63.28122,8.18571],[-63.27872,8.18618]]}},{"type":"Feature","id":"way/1485676240","properties":{"name":"Autopista Sim\u00f3n Bol\u00edvar","highway":"trunk","ref":"T-19"},"geometry":{"type":"LineString","coordinates":[[-63.1502,8.22111],[-63.14973,8.22141]]}},{"type":"Feature","id":"way/1485676241","properties":{"name":"Autopista Sim\u00f3n Bol\u00edvar","highway":"trunk","ref":"T-19"},"geometry":{"type":"LineString","coordinates":[[-63.23716,8.18091],[-63.21111,8.19315],[-63.18324,8.20066],[-63.1502,8.22111]]}},{"type":"Feature","id":"way/1485676242","properties":{"name":"Autopista Sim\u00f3n Bol\u00edvar","highway":"trunk","ref":"T-19"},"geometry":{"type":"LineString","coordinates":[[-63.15002,8.22186],[-63.15051,8.22155]]}},{"type":"Feature","id":"way/1485676243","properties":{"name":"Autopista Sim\u00f3n Bol\u00edvar","highway":"trunk","ref":"T-19"},"geometry":{"type":"LineString","coordinates":[[-63.15051,8.22155],[-63.18346,8.20116],[-63.21128,8.19367],[-63.23733,8.18142]]}},{"type":"Feature","id":"way/1485676255","properties":{"name":"Autopista Sim\u00f3n Bol\u00edvar","highway":"trunk","ref":"T-19"},"geometry":{"type":"LineString","coordinates":[[-63.23769,8.18065],[-63.23716,8.18091]]}},{"type":"Feature","id":"way/1485676256","properties":{"name":"Autopista Sim\u00f3n Bol\u00edvar","highway":"trunk","ref":"T-19"},"geometry":{"type":"LineString","coordinates":[[-63.27843,8.18624],[-63.27479,8.18632],[-63.2711,8.18512],[-63.2592,8.17544],[-63.25547,8.17399],[-63.25104,8.17443],[-63.23769,8.18065]]}},{"type":"Feature","id":"way/1485676257","properties":{"name":"Autopista Sim\u00f3n Bol\u00edvar","highway":"trunk","ref":"T-19"},"geometry":{"type":"LineString","coordinates":[[-63.23782,8.18119],[-63.2508,8.1751],[-63.25505,8.17452],[-63.25899,8.1759],[-63.27134,8.18552],[-63.27843,8.18643]]}},{"type":"Feature","id":"way/1485676260","properties":{"highway":"trunk_link"},"geometry":{"type":"LineString","coordinates":[[-63.25789,8.17356],[-63.2537,8.17269],[-63.25047,8.17393]]}},{"type":"Feature","id":"way/1485676262","properties":{"name":"Autopista Sim\u00f3n Bol\u00edvar","highway":"trunk","ref":"T-19"},"geometry":{"type":"LineString","coordinates":[[-63.14973,8.22141],[-63.12934,8.2341],[-63.12449,8.23586],[-63.07289,8.23294],[-63.02743,8.2319],[-63.01197,8.23559],[-62.99711,8.23691],[-62.98285,8.24354],[-62.97778,8.24475],[-62.96945,8.24314],[-62.95298,8.23189]]}},{"type":"Feature","id":"way/1485676263","properties":{"name":"Autopista Sim\u00f3n Bol\u00edvar","highway":"trunk","ref":"T-19"},"geometry":{"type":"LineString","coordinates":[[-62.95292,8.23199],[-62.96914,8.24346],[-62.97331,8.24496],[-62.97781,8.24528],[-62.98305,8.24404],[-62.99724,8.23742],[-63.01206,8.23612],[-63.02746,8.23244],[-63.07287,8.23347],[-63.12457,8.23639],[-63.12899,8.23492],[-63.15002,8.22186]]}},{"type":"Feature","id":"way/1485676266","properties":{"name":"Distribuidor Guayana","highway":"trunk_link"},"geometry":{"type":"LineString","coordinates":[[-62.87703,8.20032],[-62.87691,8.20078]]}},{"type":"Feature","id":"way/1485676267","properties":{"name":"Distribuidor Guayana","highway":"trunk_link"},"geometry":{"type":"LineString","coordinates":[[-62.87699,8.2008],[-62.8771,8.20034]]}},{"type":"Feature","id":"way/1485676269","properties":{"name":"V\u00eda del Puente","highway":"trunk","ref":"L-10"},"geometry":{"type":"LineString","coordinates":[[-62.90237,8.24893],[-62.90001,8.25317],[-62.89955,8.25752]]}},{"type":"Feature","id":"way/1485676272","properties":{"name":"Retorno","highway":"primary_link"},"geometry":{"type":"LineString","coordinates":[[-62.88219,8.19403],[-62.88208,8.19387]]}},{"type":"Feature","id":"way/1485676273","properties":{"name":"Distribuidor Orinoquia","highway":"trunk_link"},"geometry":{"type":"LineString","coordinates":[[-62.91477,8.21958],[-62.91283,8.21709],[-62.90757,8.21641]]}},{"type":"Feature","id":"way/1485676274","properties":{"name":"Distribuidor Guayana","highway":"trunk_link"},"geometry":{"type":"LineString","coordinates":[[-62.87013,8.20259],[-62.87189,8.20189],[-62.87546,8.2025],[-62.87699,8.2008]]}},{"type":"Feature","id":"way/1485676275","properties":{"name":"Distribuidor Guayana","highway":"trunk_link"},"geometry":{"type":"LineString","coordinates":[[-62.87691,8.20078],[-62.87488,8.20244],[-62.87411,8.20122],[-62.87521,8.2004]]}},{"type":"Feature","id":"way/1485676276","properties":{"name":"Distribuidor Guayana","highway":"trunk_link"},"geometry":{"type":"LineString","coordinates":[[-62.87862,8.19649],[-62.87169,8.20121]]}},{"type":"Feature","id":"way/1485676277","properties":{"name":"Distribuidor Orinoquia","highway":"trunk_link"},"geometry":{"type":"LineString","coordinates":[[-62.91368,8.22345],[-62.91576,8.22142],[-62.9191,8.22153]]}},{"type":"Feature","id":"way/1485676278","properties":{"name":"Distribuidor Guayana","highway":"trunk_link"},"geometry":{"type":"LineString","coordinates":[[-62.87962,8.20158],[-62.87799,8.20025],[-62.87758,8.19831]]}},{"type":"Feature","id":"way/1485676280","properties":{"name":"Carretera Puerto Ordaz - Ciudad Piar","highway":"primary","ref":"L-1"},"geometry":{"type":"LineString","coordinates":[[-62.8841,8.19253],[-62.88359,8.1929]]}},{"type":"Feature","id":"way/1485676281","properties":{"name":"Distribuidor Orinoquia","highway":"trunk_link"},"geometry":{"type":"LineString","coordinates":[[-62.91118,8.21892],[-62.91336,8.2212],[-62.91329,8.22394]]}},{"type":"Feature","id":"way/1485676283","properties":{"name":"V\u00eda del Puente","highway":"trunk","ref":"L-10"},"geometry":{"type":"LineString","coordinates":[[-62.89967,8.25751],[-62.9004,8.2531],[-62.90348,8.24898]]}},{"type":"Feature","id":"way/1485676284","properties":{"name":"Distribuidor Orinoquia","highway":"trunk_link"},"geometry":{"type":"LineString","coordinates":[[-62.91471,8.21959],[-62.91471,8.22055]]}},{"type":"Feature","id":"way/1485676286","properties":{"name":"Distribuidor Orinoquia","highway":"trunk_link"},"geometry":{"type":"LineString","coordinates":[[-62.91476,8.22057],[-62.91477,8.21958]]}},{"type":"Feature","id":"way/1485676287","properties":{"name":"Carretera Regional Puerto Ordaz - Ciudad Piar","highway":"primary","ref":"L-1"},"geometry":{"type":"LineString","coordinates":[[-62.87758,8.19831],[-62.88219,8.19403]]}},{"type":"Feature","id":"way/1485676288","properties":{"name":"Distribuidor Orinoquia","highway":"trunk_link"},"geometry":{"type":"LineString","coordinates":[[-62.91435,8.21963],[-62.91197,8.21848],[-62.9125,8.21716],[-62.91471,8.21959]]}},{"type":"Feature","id":"way/1485676289","properties":{"name":"Carretera Regional Puerto Ordaz - Ciudad Piar","highway":"primary","ref":"L-1"},"geometry":{"type":"LineString","coordinates":[[-62.88359,8.1929],[-62.88208,8.19387]]}},{"type":"Feature","id":"way/1485676327","properties":{"name":"Autopista Sim\u00f3n Bol\u00edvar","highway":"trunk","ref":"T-19"},"geometry":{"type":"LineString","coordinates":[[-62.87976,8.20182],[-62.91214,8.21937],[-62.93413,8.2258]]}},{"type":"Feature","id":"way/1485676328","properties":{"name":"Puente Orinoquia","highway":"trunk","ref":"L-10"},"geometry":{"type":"LineString","coordinates":[[-62.89955,8.25752],[-62.89958,8.28613]]}},{"type":"Feature","id":"way/1485676329","properties":{"name":"Puente Orinoquia","highway":"trunk","ref":"L-10"},"geometry":{"type":"LineString","coordinates":[[-62.8997,8.28613],[-62.89967,8.25751]]}},{"type":"Feature","id":"way/1485676330","properties":{"name":"Autopista Sim\u00f3n Bol\u00edvar","highway":"trunk","ref":"T-19"},"geometry":{"type":"LineString","coordinates":[[-62.87962,8.20158],[-62.8759,8.2003],[-62.87169,8.20121]]}},{"type":"Feature","id":"way/1485676331","properties":{"name":"Carretera Nacional Ciudad Bol\u00edvar - Caicara","highway":"trunk","ref":"T-19"},"geometry":{"type":"LineString","coordinates":[[-63.58802,8.07946],[-63.58658,8.08027]]}},{"type":"Feature","id":"way/1485676332","properties":{"highway":"tertiary"},"geometry":{"type":"LineString","coordinates":[[-63.58658,8.08027],[-63.58628,8.08043]]}},{"type":"Feature","id":"way/1485676333","properties":{"highway":"trunk_link"},"geometry":{"type":"LineString","coordinates":[[-63.58624,8.07985],[-63.58614,8.08051]]}},{"type":"Feature","id":"way/1485676334","properties":{"name":"Distribuidor La Paragua","highway":"trunk_link"},"geometry":{"type":"LineString","coordinates":[[-63.5309,8.05898],[-63.53171,8.0592],[-63.53102,8.05979]]}},{"type":"Feature","id":"way/1485676336","properties":{"name":"Retorno","highway":"trunk_link"},"geometry":{"type":"LineString","coordinates":[[-63.55288,8.06271],[-63.55297,8.06256]]}},{"type":"Feature","id":"way/1485676338","properties":{"name":"Retorno","highway":"trunk_link"},"geometry":{"type":"LineString","coordinates":[[-63.55224,8.06234],[-63.55218,8.06251]]}},{"type":"Feature","id":"way/1485676340","properties":{"name":"Distribuidor La Paragua","highway":"trunk_link"},"geometry":{"type":"LineString","coordinates":[[-63.53026,8.0599],[-63.52971,8.05915],[-63.53048,8.05959]]}},{"type":"Feature","id":"way/1485676341","properties":{"name":"Avenida Libertador","highway":"primary","ref":"T-16"},"geometry":{"type":"LineString","coordinates":[[-63.5309,8.05898],[-63.53253,8.05686]]}},{"type":"Feature","id":"way/1485676342","properties":{"name":"Avenida Libertador","highway":"primary","ref":"T-16"},"geometry":{"type":"LineString","coordinates":[[-63.53253,8.05686],[-63.53045,8.05966]]}},{"type":"Feature","id":"way/1485676343","properties":{"name":"Retorno","highway":"trunk_link"},"geometry":{"type":"LineString","coordinates":[[-63.566,8.06651],[-63.56607,8.06634]]}},{"type":"Feature","id":"way/1485676344","properties":{"name":"Retorno","highway":"trunk_link"},"geometry":{"type":"LineString","coordinates":[[-63.5655,8.06617],[-63.56542,8.06634]]}},{"type":"Feature","id":"way/1485676345","properties":{"name":"Distribuidor La Paragua","highway":"trunk_link"},"geometry":{"type":"LineString","coordinates":[[-63.53043,8.05998],[-63.53103,8.06067],[-63.53021,8.0603]]}},{"type":"Feature","id":"way/1485676346","properties":{"name":"Distribuidor La Paragua","highway":"trunk_link"},"geometry":{"type":"LineString","coordinates":[[-63.52979,8.06093],[-63.52885,8.06063],[-63.53006,8.06003]]}},{"type":"Feature","id":"way/1485676348","properties":{"name":"Carretera Ciudad Bol\u00edvar - Ciudad Piar","highway":"primary","ref":"T-16"},"geometry":{"type":"LineString","coordinates":[[-63.53636,8.05277],[-63.53253,8.05686]]}},{"type":"Feature","id":"way/1485676349","properties":{"name":"Distribuidor La Paragua","highway":"trunk_link"},"geometry":{"type":"LineString","coordinates":[[-63.52906,8.06254],[-63.53355,8.05954]]}},{"type":"Feature","id":"way/1485676350","properties":{"name":"Distribuidor La Paragua","highway":"trunk_link"},"geometry":{"type":"LineString","coordinates":[[-63.53313,8.05949],[-63.5318,8.05904],[-63.53161,8.05777]]}},{"type":"Feature","id":"way/1485676351","properties":{"name":"Distribuidor La Paragua","highway":"trunk_link"},"geometry":{"type":"LineString","coordinates":[[-63.52725,8.0608],[-63.52876,8.06102],[-63.52899,8.0625]]}},{"type":"Feature","id":"way/1485676352","properties":{"name":"Distribuidor La Paragua","highway":"trunk_link"},"geometry":{"type":"LineString","coordinates":[[-63.53188,8.05736],[-63.52686,8.06083]]}},{"type":"Feature","id":"way/1485676354","properties":{"name":"Avenida Libertador","highway":"primary","ref":"T-16"},"geometry":{"type":"LineString","coordinates":[[-63.53022,8.06027],[-63.53054,8.05966]]}},{"type":"Feature","id":"way/1485676355","properties":{"name":"Avenida Libertador","highway":"primary"},"geometry":{"type":"LineString","coordinates":[[-63.52843,8.06386],[-63.53021,8.0603]]}},{"type":"Feature","id":"way/1485676357","properties":{"name":"Avenida Libertador","highway":"primary"},"geometry":{"type":"LineString","coordinates":[[-63.52979,8.06093],[-63.52836,8.06382]]}},{"type":"Feature","id":"way/1485676358","properties":{"name":"Avenida Libertador","highway":"primary","ref":"T-16"},"geometry":{"type":"LineString","coordinates":[[-63.53045,8.05966],[-63.53013,8.06027]]}},{"type":"Feature","id":"way/1485676363","properties":{"highway":"trunk_link"},"geometry":{"type":"LineString","coordinates":[[-63.58628,8.08043],[-63.5868,8.08053]]}},{"type":"Feature","id":"way/1485676369","properties":{"name":"Puente Angostura","highway":"trunk","ref":"T-16"},"geometry":{"type":"LineString","coordinates":[[-63.6092,8.12831],[-63.60939,8.12613]]}},{"type":"Feature","id":"way/1485676370","properties":{"name":"Puente Angostura","highway":"trunk","ref":"T-16"},"geometry":{"type":"LineString","coordinates":[[-63.60896,8.12783],[-63.60895,8.12794]]}},{"type":"Feature","id":"way/1485676372","properties":{"name":"Puente Angostura","highway":"trunk","ref":"T-16"},"geometry":{"type":"LineString","coordinates":[[-63.60372,8.13832],[-63.59309,8.14966]]}},{"type":"Feature","id":"way/1485676373","properties":{"name":"Puente Angostura","highway":"trunk","ref":"T-16"},"geometry":{"type":"LineString","coordinates":[[-63.60886,8.12984],[-63.60718,8.1339],[-63.60372,8.13832]]}},{"type":"Feature","id":"way/1485676375","properties":{"highway":"trunk_link"},"geometry":{"type":"LineString","coordinates":[[-63.60795,8.12295],[-63.60932,8.12415]]}},{"type":"Feature","id":"way/1485676376","properties":{"highway":"trunk_link"},"geometry":{"type":"LineString","coordinates":[[-63.60898,8.12178],[-63.60795,8.12295]]}},{"type":"Feature","id":"way/1485676377","properties":{"name":"V\u00eda al Puente Angostura","highway":"primary"},"geometry":{"type":"LineString","coordinates":[[-63.60795,8.12295],[-63.60414,8.12296]]}},{"type":"Feature","id":"way/1485676381","properties":{"name":"Distribuidor Marhuanta","highway":"trunk_link"},"geometry":{"type":"LineString","coordinates":[[-63.45102,8.09497],[-63.45002,8.09505],[-63.45077,8.09441]]}},{"type":"Feature","id":"way/1485676382","properties":{"name":"Distribuidor Marhuanta","highway":"trunk_link"},"geometry":{"type":"LineString","coordinates":[[-63.45077,8.09441],[-63.45087,8.09318],[-63.45153,8.0942]]}},{"type":"Feature","id":"way/1485676384","properties":{"name":"Carretera Vieja Ciudad Bol\u00edvar - Puerto Ordaz","highway":"tertiary"},"geometry":{"type":"LineString","coordinates":[[-63.44914,8.09388],[-63.44949,8.094]]}},{"type":"Feature","id":"way/1485676385","properties":{"name":"Carretera Vieja Ciudad Bol\u00edvar - Puerto Ordaz","highway":"tertiary"},"geometry":{"type":"LineString","coordinates":[[-63.44873,8.09375],[-63.44914,8.09388]]}},{"type":"Feature","id":"way/1485676386","properties":{"name":"Paseo Sim\u00f3n Bol\u00edvar","highway":"primary"},"geometry":{"type":"LineString","coordinates":[[-63.45343,8.09524],[-63.45437,8.09553]]}},{"type":"Feature","id":"way/1485676387","properties":{"name":"Distribuidor Marhuanta","highway":"trunk_link"},"geometry":{"type":"LineString","coordinates":[[-63.44906,8.09875],[-63.45109,8.09632],[-63.45343,8.09524]]}},{"type":"Feature","id":"way/1485676390","properties":{"name":"Distribuidor Marhuanta","highway":"trunk_link"},"geometry":{"type":"LineString","coordinates":[[-63.45317,8.09515],[-63.45316,8.09236]]}},{"type":"Feature","id":"way/1485676391","properties":{"name":"Paseo Sim\u00f3n Bol\u00edvar","highway":"primary"},"geometry":{"type":"LineString","coordinates":[[-63.45106,8.0945],[-63.45162,8.09468]]}},{"type":"Feature","id":"way/1485676392","properties":{"name":"Carretera Vieja Ciudad Bol\u00edvar - Puerto Ordaz","highway":"tertiary"},"geometry":{"type":"LineString","coordinates":[[-63.44949,8.094],[-63.44959,8.09403]]}},{"type":"Feature","id":"way/1485676393","properties":{"name":"Paseo Sim\u00f3n Bol\u00edvar","highway":"primary"},"geometry":{"type":"LineString","coordinates":[[-63.45162,8.09468],[-63.4519,8.09477]]}},{"type":"Feature","id":"way/1485676394","properties":{"name":"Autopista Sim\u00f3n Bol\u00edvar","highway":"trunk","ref":"T-19"},"geometry":{"type":"LineString","coordinates":[[-63.45403,8.09125],[-63.45102,8.09497]]}},{"type":"Feature","id":"way/1485676395","properties":{"name":"Autopista Sim\u00f3n Bol\u00edvar","highway":"trunk","ref":"T-19"},"geometry":{"type":"LineString","coordinates":[[-63.44906,8.09875],[-63.45163,8.09427]]}},{"type":"Feature","id":"way/1485676398","properties":{"name":"Autopista Sim\u00f3n Bol\u00edvar","highway":"trunk","ref":"T-19"},"geometry":{"type":"LineString","coordinates":[[-63.44776,8.10214],[-63.44797,8.10159]]}},{"type":"Feature","id":"way/1485676399","properties":{"name":"Autopista Sim\u00f3n Bol\u00edvar","highway":"trunk","ref":"T-19"},"geometry":{"type":"LineString","coordinates":[[-63.44797,8.10159],[-63.44906,8.09875]]}},{"type":"Feature","id":"way/1485676401","properties":{"name":"Autopista Sim\u00f3n Bol\u00edvar","highway":"trunk","ref":"T-19"},"geometry":{"type":"LineString","coordinates":[[-63.44785,8.10152],[-63.44766,8.10204]]}},{"type":"Feature","id":"way/1485676402","properties":{"name":"Distribuidor Marhuanta","highway":"trunk_link"},"geometry":{"type":"LineString","coordinates":[[-63.45163,8.09427],[-63.45253,8.09405],[-63.45205,8.09482]]}},{"type":"Feature","id":"way/1485676403","properties":{"name":"Autopista Sim\u00f3n Bol\u00edvar","highway":"trunk","ref":"T-19"},"geometry":{"type":"LineString","coordinates":[[-63.44939,8.09775],[-63.44785,8.10152]]}},{"type":"Feature","id":"way/1485676407","properties":{"name":"Distribuidor Marhuanta","highway":"trunk_link"},"geometry":{"type":"LineString","coordinates":[[-63.4519,8.09477],[-63.45173,8.09566],[-63.4512,8.09493]]}},{"type":"Feature","id":"way/1485676409","properties":{"name":"Distribuidor Marhuanta","highway":"trunk_link"},"geometry":{"type":"LineString","coordinates":[[-63.44959,8.09403],[-63.44939,8.09775]]}},{"type":"Feature","id":"way/1485676410","properties":{"name":"Distribuidor Marhuanta","highway":"trunk_link"},"geometry":{"type":"LineString","coordinates":[[-63.45403,8.09125],[-63.44949,8.094]]}},{"type":"Feature","id":"way/1485676419","properties":{"name":"Autopista Sim\u00f3n Bol\u00edvar","highway":"trunk","ref":"T-19"},"geometry":{"type":"LineString","coordinates":[[-63.35845,8.16237],[-63.3579,8.16268]]}},{"type":"Feature","id":"way/1485676420","properties":{"name":"Autopista Sim\u00f3n Bol\u00edvar","highway":"trunk","ref":"T-19"},"geometry":{"type":"LineString","coordinates":[[-63.35799,8.16295],[-63.35853,8.16263]]}},{"type":"Feature","id":"way/1485676435","properties":{"name":"Autopista Sim\u00f3n Bol\u00edvar","highway":"trunk","ref":"T-19"},"geometry":{"type":"LineString","coordinates":[[-63.39922,8.14561],[-63.39841,8.14591]]}},{"type":"Feature","id":"way/1485676436","properties":{"name":"Autopista Sim\u00f3n Bol\u00edvar","highway":"trunk","ref":"T-19"},"geometry":{"type":"LineString","coordinates":[[-63.41592,8.13893],[-63.39922,8.14561]]}},{"type":"Feature","id":"way/1485676437","properties":{"name":"Autopista Sim\u00f3n Bol\u00edvar","highway":"trunk","ref":"T-19"},"geometry":{"type":"LineString","coordinates":[[-63.39847,8.14605],[-63.39927,8.14576]]}},{"type":"Feature","id":"way/1485676438","properties":{"name":"Autopista Sim\u00f3n Bol\u00edvar","highway":"trunk","ref":"T-19"},"geometry":{"type":"LineString","coordinates":[[-63.39927,8.14576],[-63.41603,8.13947]]}},{"type":"Feature","id":"way/1485676441","properties":{"name":"Autopista Sim\u00f3n Bol\u00edvar","highway":"trunk","ref":"T-19"},"geometry":{"type":"LineString","coordinates":[[-63.41618,8.13882],[-63.41592,8.13893]]}},{"type":"Feature","id":"way/1485676442","properties":{"name":"Autopista Sim\u00f3n Bol\u00edvar","highway":"trunk","ref":"T-19"},"geometry":{"type":"LineString","coordinates":[[-63.41603,8.13947],[-63.41629,8.13935]]}},{"type":"Feature","id":"way/1485676443","properties":{"name":"Autopista Sim\u00f3n Bol\u00edvar","highway":"trunk","ref":"T-19"},"geometry":{"type":"LineString","coordinates":[[-63.39841,8.14591],[-63.38326,8.15283],[-63.35845,8.16237]]}},{"type":"Feature","id":"way/1485676444","properties":{"name":"Autopista Sim\u00f3n Bol\u00edvar","highway":"trunk","ref":"T-19"},"geometry":{"type":"LineString","coordinates":[[-63.44766,8.10204],[-63.4413,8.12326],[-63.43934,8.12686],[-63.43623,8.12946],[-63.41618,8.13882]]}},{"type":"Feature","id":"way/1485676445","properties":{"name":"Autopista Sim\u00f3n Bol\u00edvar","highway":"trunk","ref":"T-19"},"geometry":{"type":"LineString","coordinates":[[-63.41629,8.13935],[-63.43587,8.13023],[-63.43948,8.12727],[-63.44124,8.12397],[-63.44776,8.10214]]}},{"type":"Feature","id":"way/1485676446","properties":{"name":"Autopista Sim\u00f3n Bol\u00edvar","highway":"trunk","ref":"T-19"},"geometry":{"type":"LineString","coordinates":[[-63.35853,8.16263],[-63.38372,8.15323],[-63.39847,8.14605]]}},{"type":"Feature","id":"way/1485676448","properties":{"name":"Autopista Sim\u00f3n Bol\u00edvar","highway":"trunk","ref":"T-19"},"geometry":{"type":"LineString","coordinates":[[-63.29529,8.18301],[-63.28187,8.18558]]}},{"type":"Feature","id":"way/1485676449","properties":{"name":"Autopista Sim\u00f3n Bol\u00edvar","highway":"trunk","ref":"T-19"},"geometry":{"type":"LineString","coordinates":[[-63.28193,8.18578],[-63.29525,8.18336]]}},{"type":"Feature","id":"way/1485676450","properties":{"name":"Autopista Sim\u00f3n Bol\u00edvar","highway":"trunk","ref":"T-19"},"geometry":{"type":"LineString","coordinates":[[-63.28134,8.18588],[-63.28193,8.18578]]}},{"type":"Feature","id":"way/1485676453","properties":{"name":"Autopista Sim\u00f3n Bol\u00edvar","highway":"trunk","ref":"T-19"},"geometry":{"type":"LineString","coordinates":[[-63.29575,8.18292],[-63.29529,8.18301]]}},{"type":"Feature","id":"way/1485676454","properties":{"name":"Autopista Sim\u00f3n Bol\u00edvar","highway":"trunk","ref":"T-19"},"geometry":{"type":"LineString","coordinates":[[-63.31245,8.17974],[-63.29575,8.18292]]}},{"type":"Feature","id":"way/1485676455","properties":{"name":"Autopista Sim\u00f3n Bol\u00edvar","highway":"trunk","ref":"T-19"},"geometry":{"type":"LineString","coordinates":[[-63.29572,8.18327],[-63.31238,8.18023]]}},{"type":"Feature","id":"way/1485676456","properties":{"name":"Autopista Sim\u00f3n Bol\u00edvar","highway":"trunk","ref":"T-19"},"geometry":{"type":"LineString","coordinates":[[-63.29525,8.18336],[-63.29572,8.18327]]}},{"type":"Feature","id":"way/1485676460","properties":{"name":"Autopista Sim\u00f3n Bol\u00edvar","highway":"trunk","ref":"T-19"},"geometry":{"type":"LineString","coordinates":[[-63.31268,8.1797],[-63.31245,8.17974]]}},{"type":"Feature","id":"way/1485676461","properties":{"name":"Autopista Sim\u00f3n Bol\u00edvar","highway":"trunk","ref":"T-19"},"geometry":{"type":"LineString","coordinates":[[-63.31238,8.18023],[-63.31262,8.18019]]}},{"type":"Feature","id":"way/1485676475","properties":{"name":"Autopista Sim\u00f3n Bol\u00edvar","highway":"trunk","ref":"T-19"},"geometry":{"type":"LineString","coordinates":[[-63.3579,8.16268],[-63.34139,8.1718],[-63.31268,8.1797]]}},{"type":"Feature","id":"way/1485676476","properties":{"name":"Autopista Sim\u00f3n Bol\u00edvar","highway":"trunk","ref":"T-19"},"geometry":{"type":"LineString","coordinates":[[-63.31262,8.18019],[-63.32039,8.17872],[-63.34162,8.17228],[-63.35799,8.16295]]}},{"type":"Feature","id":"way/1485676477","properties":{"name":"Avenida Perimetral","highway":"trunk","ref":"T-16"},"geometry":{"type":"LineString","coordinates":[[-63.58658,8.08027],[-63.5868,8.08053]]}},{"type":"Feature","id":"way/1485676478","properties":{"name":"Carretera Vieja Ciudad Bol\u00edvar - Puerto Ordaz","highway":"tertiary"},"geometry":{"type":"LineString","coordinates":[[-62.95264,8.15118],[-62.97733,8.1575],[-63.01258,8.15263],[-63.06804,8.14195],[-63.07532,8.13743],[-63.08073,8.13005],[-63.08759,8.124],[-63.09431,8.12107],[-63.0983,8.11475],[-63.10368,8.11004],[-63.11668,8.10798],[-63.12643,8.1006],[-63.15207,8.0904],[-63.15981,8.09049],[-63.18647,8.09383],[-63.20005,8.09701]]}},{"type":"Feature","id":"way/1485676479","properties":{"name":"Avenida Perimetral","highway":"trunk","ref":"T-19"},"geometry":{"type":"LineString","coordinates":[[-63.45316,8.09236],[-63.46077,8.08655],[-63.48646,8.07563],[-63.51114,8.07163],[-63.52725,8.0608]]}},{"type":"Feature","id":"way/1485676480","properties":{"name":"Avenida Perimetral","highway":"trunk","ref":"T-19"},"geometry":{"type":"LineString","coordinates":[[-63.52686,8.06083],[-63.51062,8.07171],[-63.48642,8.07551],[-63.46124,8.08617],[-63.45403,8.09125]]}},{"type":"Feature","id":"way/1485676481","properties":{"name":"Autopista Sim\u00f3n Bol\u00edvar","highway":"trunk","ref":"T-19"},"geometry":{"type":"LineString","coordinates":[[-63.27871,8.18637],[-63.28134,8.18588]]}},{"type":"Feature","id":"way/1485676483","properties":{"name":"Autopista Sim\u00f3n Bol\u00edvar","highway":"trunk","ref":"T-19"},"geometry":{"type":"LineString","coordinates":[[-63.28187,8.18558],[-63.28122,8.18571]]}},{"type":"Feature","id":"way/1485677477","properties":{"name":"Distribuidor Guayana","highway":"trunk_link"},"geometry":{"type":"LineString","coordinates":[[-62.8771,8.20034],[-62.87758,8.19831]]}},{"type":"Feature","id":"way/1485677478","properties":{"name":"Distribuidor Guayana","highway":"trunk_link"},"geometry":{"type":"LineString","coordinates":[[-62.87862,8.19649],[-62.87703,8.20032]]}},{"type":"Feature","id":"way/1485680256","properties":{"name":"Paseo Sim\u00f3n Bol\u00edvar","highway":"primary"},"geometry":{"type":"LineString","coordinates":[[-63.45077,8.09441],[-63.45106,8.0945]]}},{"type":"Feature","id":"way/1485728607","properties":{"name":"Avenida Perimetral","highway":"trunk","ref":"T-19"},"geometry":{"type":"LineString","coordinates":[[-63.53313,8.05949],[-63.53026,8.0599]]}},{"type":"Feature","id":"way/1485728608","properties":{"name":"Avenida Perimetral","highway":"trunk","ref":"T-19"},"geometry":{"type":"LineString","coordinates":[[-63.52725,8.0608],[-63.53043,8.05998]]}},{"type":"Feature","id":"way/1485728609","properties":{"name":"Avenida Perimetral","highway":"trunk","ref":"T-19"},"geometry":{"type":"LineString","coordinates":[[-63.53026,8.0599],[-63.52686,8.06083]]}},{"type":"Feature","id":"way/1485733223","properties":{"name":"Autopista Sim\u00f3n Bol\u00edvar","highway":"trunk","ref":"T-19"},"geometry":{"type":"LineString","coordinates":[[-62.93417,8.22565],[-62.91226,8.21886],[-62.87962,8.20158]]}},{"type":"Feature","id":"way/1485733224","properties":{"name":"Autopista Sim\u00f3n Bol\u00edvar","highway":"trunk","ref":"T-19"},"geometry":{"type":"LineString","coordinates":[[-62.87521,8.2004],[-62.87976,8.20182]]}},{"type":"Feature","id":"way/1485733225","properties":{"name":"Autopista Sim\u00f3n Bol\u00edvar","highway":"trunk","ref":"T-19"},"geometry":{"type":"LineString","coordinates":[[-62.87169,8.20121],[-62.86779,8.20475]]}},{"type":"Feature","id":"way/1485733226","properties":{"name":"Autopista Sim\u00f3n Bol\u00edvar","highway":"trunk","ref":"T-19"},"geometry":{"type":"LineString","coordinates":[[-62.86788,8.20483],[-62.87175,8.20132],[-62.87521,8.2004]]}},{"type":"Feature","id":"way/1485739709","properties":{"name":"V\u00eda del Puente","highway":"trunk","ref":"L-10"},"geometry":{"type":"LineString","coordinates":[[-62.90397,8.24781],[-62.90401,8.2477]]}},{"type":"Feature","id":"way/1485739710","properties":{"name":"V\u00eda del Puente","highway":"trunk","ref":"L-10"},"geometry":{"type":"LineString","coordinates":[[-62.90446,8.246],[-62.91368,8.22345]]}},{"type":"Feature","id":"way/1485739711","properties":{"name":"V\u00eda del Puente","highway":"trunk","ref":"L-10"},"geometry":{"type":"LineString","coordinates":[[-62.90342,8.24686],[-62.90306,8.24774]]}},{"type":"Feature","id":"way/1485739712","properties":{"name":"V\u00eda del Puente","highway":"trunk","ref":"L-10"},"geometry":{"type":"LineString","coordinates":[[-62.91329,8.22394],[-62.90372,8.2461]]}},{"type":"Feature","id":"way/1485741074","properties":{"name":"Avenida Libertador","highway":"primary","ref":"T-16"},"geometry":{"type":"LineString","coordinates":[[-63.53021,8.0603],[-63.53022,8.06027]]}},{"type":"Feature","id":"way/1485745941","properties":{"name":"V\u00eda del Puente","highway":"trunk","ref":"L-10"},"geometry":{"type":"LineString","coordinates":[[-62.90348,8.24898],[-62.9037,8.24852]]}},{"type":"Feature","id":"way/1485745943","properties":{"name":"V\u00eda del Puente","highway":"trunk"},"geometry":{"type":"LineString","coordinates":[[-62.90431,8.24673],[-62.90446,8.246]]}},{"type":"Feature","id":"way/1485745945","properties":{"name":"V\u00eda del Puente","highway":"trunk","ref":"L-10"},"geometry":{"type":"LineString","coordinates":[[-62.90372,8.2461],[-62.90342,8.24686]]}},{"type":"Feature","id":"way/1485746324","properties":{"name":"V\u00eda del Puente","highway":"trunk","ref":"L-10"},"geometry":{"type":"LineString","coordinates":[[-62.90401,8.2477],[-62.90431,8.24673]]}},{"type":"Feature","id":"way/1485746325","properties":{"name":"V\u00eda del Puente","highway":"trunk","ref":"L-10"},"geometry":{"type":"LineString","coordinates":[[-62.9037,8.24852],[-62.90397,8.24781]]}},{"type":"Feature","id":"way/1485746326","properties":{"name":"V\u00eda del Puente","highway":"trunk","ref":"L-10"},"geometry":{"type":"LineString","coordinates":[[-62.90306,8.24774],[-62.903,8.24785]]}},{"type":"Feature","id":"way/1485746327","properties":{"name":"V\u00eda del Puente","highway":"trunk","ref":"L-10"},"geometry":{"type":"LineString","coordinates":[[-62.903,8.24785],[-62.90237,8.24893]]}},{"type":"Feature","id":"way/1485750292","properties":{"name":"Retorno","highway":"trunk_link"},"geometry":{"type":"LineString","coordinates":[[-63.60899,8.1275],[-63.6093,8.12759]]}},{"type":"Feature","id":"way/1485750296","properties":{"name":"Puente Angostura","highway":"trunk","ref":"T-16"},"geometry":{"type":"LineString","coordinates":[[-63.60895,8.12794],[-63.60892,8.1283]]}},{"type":"Feature","id":"way/1485750297","properties":{"name":"Puente Angostura","highway":"trunk","ref":"T-16"},"geometry":{"type":"LineString","coordinates":[[-63.60905,8.12707],[-63.60899,8.1275]]}},{"type":"Feature","id":"way/1485750298","properties":{"name":"Puente Angostura","highway":"trunk","ref":"T-16"},"geometry":{"type":"LineString","coordinates":[[-63.60892,8.1283],[-63.60886,8.12984]]}},{"type":"Feature","id":"way/1485750299","properties":{"name":"Puente Angostura","highway":"trunk","ref":"T-16"},"geometry":{"type":"LineString","coordinates":[[-63.60939,8.12613],[-63.60905,8.12707]]}},{"type":"Feature","id":"way/1485750300","properties":{"name":"Retorno","highway":"trunk_link"},"geometry":{"type":"LineString","coordinates":[[-63.6092,8.12831],[-63.60892,8.1283]]}},{"type":"Feature","id":"way/1485751142","properties":{"name":"Puente Angostura","highway":"trunk","ref":"T-16"},"geometry":{"type":"LineString","coordinates":[[-63.60899,8.1275],[-63.60896,8.12783]]}},{"type":"Feature","id":"way/1485759231","properties":{"name":"Avenida Perimetral","highway":"trunk","ref":"T-16"},"geometry":{"type":"LineString","coordinates":[[-63.60932,8.12415],[-63.60939,8.12613]]}},{"type":"Feature","id":"way/1485759232","properties":{"name":"Avenida Perimetral","highway":"trunk","ref":"T-16"},"geometry":{"type":"LineString","coordinates":[[-63.60898,8.12178],[-63.60932,8.12415]]}},{"type":"Feature","id":"way/1485759233","properties":{"highway":"tertiary"},"geometry":{"type":"LineString","coordinates":[[-63.58614,8.08051],[-63.58535,8.08095]]}},{"type":"Feature","id":"way/1485759234","properties":{"highway":"tertiary"},"geometry":{"type":"LineString","coordinates":[[-63.58628,8.08043],[-63.58614,8.08051]]}},{"type":"Feature","id":"way/1485759235","properties":{"name":"Avenida Perimetral","highway":"trunk","ref":"T-16"},"geometry":{"type":"LineString","coordinates":[[-63.5868,8.08053],[-63.6054,8.10371],[-63.60682,8.1076],[-63.60898,8.12178]]}},{"type":"Feature","id":"way/1485759236","properties":{"name":"Carretera Vieja Ciudad Bol\u00edvar - Puerto Ordaz","highway":"tertiary"},"geometry":{"type":"LineString","coordinates":[[-63.44959,8.09403],[-63.45077,8.09441]]}},{"type":"Feature","id":"way/1485759237","properties":{"name":"Paseo Sim\u00f3n Bol\u00edvar","highway":"primary"},"geometry":{"type":"LineString","coordinates":[[-63.4519,8.09477],[-63.45205,8.09482]]}},{"type":"Feature","id":"way/1485759238","properties":{"name":"Paseo Sim\u00f3n Bol\u00edvar","highway":"primary"},"geometry":{"type":"LineString","coordinates":[[-63.45205,8.09482],[-63.45317,8.09515]]}},{"type":"Feature","id":"way/1485759239","properties":{"name":"Paseo Sim\u00f3n Bol\u00edvar","highway":"primary"},"geometry":{"type":"LineString","coordinates":[[-63.45317,8.09515],[-63.45343,8.09524]]}},{"type":"Feature","id":"way/1486170268","properties":{"name":"Autopista Manuel Piar","highway":"trunk","ref":"T-10"},"geometry":{"type":"LineString","coordinates":[[-62.40962,8.02961],[-62.40972,8.02962]]}},{"type":"Feature","id":"way/1486170269","properties":{"name":"Autopista Manuel Piar","highway":"trunk"},"geometry":{"type":"LineString","coordinates":[[-62.40972,8.0295],[-62.40962,8.0295]]}},{"type":"Feature","id":"way/1486170270","properties":{"name":"Avenida Perimetral","highway":"trunk","ref":"T-10"},"geometry":{"type":"LineString","coordinates":[[-62.40962,8.0295],[-62.40962,8.02961]]}},{"type":"Feature","id":"way/1486170271","properties":{"name":"Avenida Perimetral","highway":"trunk","ref":"T-10"},"geometry":{"type":"LineString","coordinates":[[-62.40972,8.02962],[-62.40972,8.0295]]}},{"type":"Feature","id":"way/1486170272","properties":{"highway":"tertiary","ref":"R-29"},"geometry":{"type":"LineString","coordinates":[[-62.40543,8.10179],[-62.40507,8.1017]]}},{"type":"Feature","id":"way/1486170273","properties":{"name":"Carretera La Josefina - Los Cul\u00edes","highway":"tertiary","ref":"R-31"},"geometry":{"type":"LineString","coordinates":[[-62.5162,8.24215],[-62.51637,8.2417]]}},{"type":"Feature","id":"way/1486170275","properties":{"highway":"primary_link"},"geometry":{"type":"LineString","coordinates":[[-62.41422,8.02929],[-62.41409,8.02953]]}},{"type":"Feature","id":"way/1486170276","properties":{"name":"Avenida Los D\u00e1tiles","highway":"primary"},"geometry":{"type":"LineString","coordinates":[[-62.4144,8.02953],[-62.40972,8.0295]]}},{"type":"Feature","id":"way/1486170277","properties":{"name":"Autopista Manuel Piar","highway":"trunk","ref":"T-10"},"geometry":{"type":"LineString","coordinates":[[-62.40962,8.0295],[-62.40471,8.02966]]}},{"type":"Feature","id":"way/1486170278","properties":{"name":"Avenida Los D\u00e1tiles","highway":"primary"},"geometry":{"type":"LineString","coordinates":[[-62.40972,8.02962],[-62.41448,8.02964]]}},{"type":"Feature","id":"way/1486170279","properties":{"name":"Autopista Manuel Piar","highway":"trunk","ref":"T-10"},"geometry":{"type":"LineString","coordinates":[[-62.40476,8.02976],[-62.40962,8.02961]]}},{"type":"Feature","id":"way/1486170280","properties":{"name":"Avenida Perimetral","highway":"trunk","ref":"T-10"},"geometry":{"type":"LineString","coordinates":[[-62.40972,8.0295],[-62.40937,8.028],[-62.40755,8.02666]]}},{"type":"Feature","id":"way/1486170281","properties":{"highway":"trunk_link"},"geometry":{"type":"LineString","coordinates":[[-62.41005,8.02952],[-62.40973,8.02921]]}},{"type":"Feature","id":"way/1486170282","properties":{"highway":"trunk_link"},"geometry":{"type":"LineString","coordinates":[[-62.40963,8.02903],[-62.40915,8.02948]]}},{"type":"Feature","id":"way/1486170283","properties":{"name":"Avenida Perimetral","highway":"trunk","ref":"T-10"},"geometry":{"type":"LineString","coordinates":[[-62.40755,8.02666],[-62.40962,8.0295]]}},{"type":"Feature","id":"way/1486170289","properties":{"highway":"trunk_link"},"geometry":{"type":"LineString","coordinates":[[-62.40563,8.05201],[-62.40532,8.05199]]}},{"type":"Feature","id":"way/1486170290","properties":{"name":"Autopista Manuel Piar","highway":"trunk","ref":"T-10"},"geometry":{"type":"LineString","coordinates":[[-62.40451,8.02988],[-62.40476,8.02976]]}},{"type":"Feature","id":"way/1486170291","properties":{"highway":"trunk_link"},"geometry":{"type":"LineString","coordinates":[[-62.40639,8.05209],[-62.40563,8.05201]]}},{"type":"Feature","id":"way/1486170292","properties":{"name":"Autopista Manuel Piar","highway":"trunk","ref":"T-10"},"geometry":{"type":"LineString","coordinates":[[-62.40471,8.02966],[-62.40446,8.02978]]}},{"type":"Feature","id":"way/1486170293","properties":{"highway":"trunk_link"},"geometry":{"type":"LineString","coordinates":[[-62.40451,8.05393],[-62.40639,8.05209]]}},{"type":"Feature","id":"way/1486170294","properties":{"highway":"trunk_link"},"geometry":{"type":"LineString","coordinates":[[-62.40532,8.05199],[-62.40437,8.05432]]}},{"type":"Feature","id":"way/1486170299","properties":{"name":"Distribuidor El Valle","highway":"trunk_link"},"geometry":{"type":"LineString","coordinates":[[-62.40648,8.10527],[-62.40669,8.10219]]}},{"type":"Feature","id":"way/1486170300","properties":{"name":"Distribuidor El Valle","highway":"trunk_link"},"geometry":{"type":"LineString","coordinates":[[-62.4052,8.09946],[-62.40507,8.1017]]}},{"type":"Feature","id":"way/1486170301","properties":{"name":"Distribuidor El Valle","highway":"trunk_link"},"geometry":{"type":"LineString","coordinates":[[-62.40507,8.1017],[-62.40613,8.10532]]}},{"type":"Feature","id":"way/1486170302","properties":{"name":"Distribuidor Los Rosos","highway":"trunk_link"},"geometry":{"type":"LineString","coordinates":[[-62.43323,8.16617],[-62.43516,8.16858]]}},{"type":"Feature","id":"way/1486170306","properties":{"name":"Autopista Manuel Piar","highway":"trunk","ref":"T-10"},"geometry":{"type":"LineString","coordinates":[[-62.43369,8.16613],[-62.43377,8.16626]]}},{"type":"Feature","id":"way/1486170307","properties":{"name":"Autopista Manuel Piar","highway":"trunk","ref":"T-10"},"geometry":{"type":"LineString","coordinates":[[-62.40338,8.08664],[-62.40665,8.10729],[-62.41689,8.12149],[-62.42145,8.13616],[-62.42306,8.14573],[-62.43369,8.16613]]}},{"type":"Feature","id":"way/1486170308","properties":{"highway":"tertiary","ref":"R-29"},"geometry":{"type":"LineString","coordinates":[[-62.40611,8.10201],[-62.40543,8.10179]]}},{"type":"Feature","id":"way/1486170309","properties":{"name":"Autopista Manuel Piar","highway":"trunk","ref":"T-10"},"geometry":{"type":"LineString","coordinates":[[-62.43398,8.16611],[-62.42339,8.14561],[-62.42183,8.13622],[-62.41722,8.12135],[-62.40698,8.10717],[-62.40373,8.08664]]}},{"type":"Feature","id":"way/1486170310","properties":{"name":"Autopista Manuel Piar","highway":"trunk","ref":"T-10"},"geometry":{"type":"LineString","coordinates":[[-62.43406,8.16623],[-62.43398,8.16611]]}},{"type":"Feature","id":"way/1486170311","properties":{"highway":"tertiary","ref":"R-29"},"geometry":{"type":"LineString","coordinates":[[-62.40767,8.10249],[-62.40669,8.10219]]}},{"type":"Feature","id":"way/1486170312","properties":{"name":"Distribuidor Los Rosos","highway":"trunk_link"},"geometry":{"type":"LineString","coordinates":[[-62.43226,8.16377],[-62.43323,8.16617]]}},{"type":"Feature","id":"way/1486170323","properties":{"name":"Distribuidor Los Rosos","highway":"trunk_link"},"geometry":{"type":"LineString","coordinates":[[-62.43448,8.1661],[-62.43249,8.16364]]}},{"type":"Feature","id":"way/1486170329","properties":{"name":"Autopista Manuel Piar","highway":"trunk","ref":"T-10"},"geometry":{"type":"LineString","coordinates":[[-62.40373,8.08664],[-62.40376,8.08601]]}},{"type":"Feature","id":"way/1486170330","properties":{"name":"Distribuidor El Valle","highway":"trunk_link"},"geometry":{"type":"LineString","coordinates":[[-62.40669,8.10219],[-62.4055,8.09906]]}},{"type":"Feature","id":"way/1486170331","properties":{"name":"Autopista Manuel Piar","highway":"trunk","ref":"T-10"},"geometry":{"type":"LineString","coordinates":[[-62.40341,8.08602],[-62.40338,8.08664]]}},{"type":"Feature","id":"way/1486170338","properties":{"name":"Distribuidor Los Rosos","highway":"trunk_link"},"geometry":{"type":"LineString","coordinates":[[-62.43584,8.16931],[-62.43448,8.1661]]}},{"type":"Feature","id":"way/1486170347","properties":{"name":"Carretera La Josefina - Los Cul\u00edes","highway":"tertiary","ref":"R-31"},"geometry":{"type":"LineString","coordinates":[[-62.51654,8.24129],[-62.51648,8.24145]]}},{"type":"Feature","id":"way/1486170348","properties":{"name":"Carretera La Josefina - Los Cul\u00edes","highway":"tertiary","ref":"R-31"},"geometry":{"type":"LineString","coordinates":[[-62.51659,8.24112],[-62.51654,8.24129]]}},{"type":"Feature","id":"way/1486170349","properties":{"name":"Carretera La Josefina - Los Cul\u00edes","highway":"tertiary","ref":"R-31"},"geometry":{"type":"LineString","coordinates":[[-62.51648,8.24145],[-62.51645,8.24152]]}},{"type":"Feature","id":"way/1486170350","properties":{"name":"Carretera La Josefina - Los Cul\u00edes","highway":"tertiary","ref":"R-31"},"geometry":{"type":"LineString","coordinates":[[-62.51645,8.24152],[-62.51639,8.24166]]}},{"type":"Feature","id":"way/1486170351","properties":{"name":"Carretera La Josefina - Los Cul\u00edes","highway":"tertiary","ref":"R-31"},"geometry":{"type":"LineString","coordinates":[[-62.51639,8.24166],[-62.51637,8.2417]]}},{"type":"Feature","id":"way/1486170359","properties":{"name":"Autopista Manuel Piar","highway":"trunk","ref":"T-10"},"geometry":{"type":"LineString","coordinates":[[-62.4412,8.17499],[-62.44146,8.1751]]}},{"type":"Feature","id":"way/1486170360","properties":{"name":"Autopista Manuel Piar","highway":"trunk","ref":"T-10"},"geometry":{"type":"LineString","coordinates":[[-62.44173,8.17495],[-62.44147,8.17484]]}},{"type":"Feature","id":"way/1486170363","properties":{"name":"Autopista Manuel Piar","highway":"trunk","ref":"T-10"},"geometry":{"type":"LineString","coordinates":[[-62.4542,8.18262],[-62.45446,8.18283]]}},{"type":"Feature","id":"way/1486170364","properties":{"name":"Autopista Manuel Piar","highway":"trunk","ref":"T-10"},"geometry":{"type":"LineString","coordinates":[[-62.44146,8.1751],[-62.44752,8.17782],[-62.4542,8.18262]]}},{"type":"Feature","id":"way/1486170367","properties":{"name":"Autopista Manuel Piar","highway":"trunk","ref":"T-10"},"geometry":{"type":"LineString","coordinates":[[-62.45443,8.18246],[-62.4476,8.17757],[-62.44173,8.17495]]}},{"type":"Feature","id":"way/1486170368","properties":{"name":"Autopista Manuel Piar","highway":"trunk","ref":"T-10"},"geometry":{"type":"LineString","coordinates":[[-62.45468,8.18268],[-62.45443,8.18246]]}},{"type":"Feature","id":"way/1486170371","properties":{"name":"Autopista Manuel Piar","highway":"trunk","ref":"T-10"},"geometry":{"type":"LineString","coordinates":[[-62.43377,8.16626],[-62.43739,8.17249],[-62.4412,8.17499]]}},{"type":"Feature","id":"way/1486170372","properties":{"name":"Autopista Manuel Piar","highway":"trunk","ref":"T-10"},"geometry":{"type":"LineString","coordinates":[[-62.44147,8.17484],[-62.43765,8.17239],[-62.43406,8.16623]]}},{"type":"Feature","id":"way/1486170375","properties":{"name":"Peaje de Palo Grande","highway":"trunk","ref":"T-10"},"geometry":{"type":"LineString","coordinates":[[-62.55961,8.27637],[-62.5603,8.27704]]}},{"type":"Feature","id":"way/1486170376","properties":{"name":"Distribuidor Palo Grande","highway":"trunk_link"},"geometry":{"type":"LineString","coordinates":[[-62.55928,8.27476],[-62.55851,8.27478]]}},{"type":"Feature","id":"way/1486170377","properties":{"name":"Distribuidor Palo Grande","highway":"trunk_link"},"geometry":{"type":"LineString","coordinates":[[-62.55809,8.27456],[-62.55856,8.27635]]}},{"type":"Feature","id":"way/1486170378","properties":{"name":"Distribuidor Palo Grande","highway":"trunk_link"},"geometry":{"type":"LineString","coordinates":[[-62.5598,8.27633],[-62.55949,8.27657]]}},{"type":"Feature","id":"way/1486170379","properties":{"name":"Distribuidor Palo Grande","highway":"trunk_link"},"geometry":{"type":"LineString","coordinates":[[-62.55949,8.27657],[-62.55862,8.27646]]}},{"type":"Feature","id":"way/1486170380","properties":{"name":"Distribuidor Palo Grande","highway":"trunk_link"},"geometry":{"type":"LineString","coordinates":[[-62.55856,8.27635],[-62.55917,8.27599]]}},{"type":"Feature","id":"way/1486170381","properties":{"name":"Carretera Vieja San F\u00e9lix - Upata","highway":"secondary"},"geometry":{"type":"LineString","coordinates":[[-62.55928,8.27476],[-62.55952,8.27432]]}},{"type":"Feature","id":"way/1486170382","properties":{"name":"Distribuidor Palo Grande","highway":"trunk_link"},"geometry":{"type":"LineString","coordinates":[[-62.55952,8.27432],[-62.5598,8.27633]]}},{"type":"Feature","id":"way/1486170383","properties":{"name":"Carretera Vieja San F\u00e9lix - Upata","highway":"secondary"},"geometry":{"type":"LineString","coordinates":[[-62.55952,8.27432],[-62.55968,8.27325]]}},{"type":"Feature","id":"way/1486170384","properties":{"name":"Distribuidor Palo Grande","highway":"trunk_link"},"geometry":{"type":"LineString","coordinates":[[-62.55915,8.27562],[-62.55928,8.27476]]}},{"type":"Feature","id":"way/1486170385","properties":{"name":"Autopista Manuel Piar","highway":"trunk","ref":"T-10"},"geometry":{"type":"LineString","coordinates":[[-62.45446,8.18283],[-62.46565,8.19634],[-62.47094,8.20066],[-62.48434,8.20407],[-62.48791,8.20604],[-62.49601,8.22049],[-62.50593,8.2285],[-62.52096,8.24819],[-62.52317,8.24954],[-62.53177,8.25165],[-62.53694,8.26041],[-62.55696,8.27349],[-62.55961,8.27637]]}},{"type":"Feature","id":"way/1486170386","properties":{"name":"Autopista Manuel Piar","highway":"trunk","ref":"T-10"},"geometry":{"type":"LineString","coordinates":[[-62.55961,8.27637],[-62.55708,8.27333],[-62.53707,8.26027],[-62.53189,8.2515],[-62.5211,8.24805],[-62.50608,8.22837],[-62.49585,8.21996],[-62.48802,8.20592],[-62.48481,8.20404],[-62.4711,8.20056],[-62.46579,8.19612],[-62.45468,8.18268]]}},{"type":"Feature","id":"way/1486170387","properties":{"name":"Autopista Manuel Piar","highway":"trunk","ref":"T-10"},"geometry":{"type":"LineString","coordinates":[[-62.40376,8.08601],[-62.40428,8.07302],[-62.40221,8.06457],[-62.40419,8.05852],[-62.40463,8.05349],[-62.40769,8.04775],[-62.40042,8.03557],[-62.40451,8.02988]]}},{"type":"Feature","id":"way/1486170388","properties":{"name":"Autopista Manuel Piar","highway":"trunk","ref":"T-10"},"geometry":{"type":"LineString","coordinates":[[-62.40446,8.02978],[-62.40031,8.03543],[-62.4076,8.04792],[-62.40454,8.05346],[-62.40409,8.0585],[-62.40207,8.06449],[-62.40392,8.0728],[-62.40341,8.08602]]}},{"type":"Feature","id":"way/1486177237","properties":{"name":"Avenida Bicentenario","highway":"primary","ref":"L-4;R-2"},"geometry":{"type":"LineString","coordinates":[[-62.4144,8.02953],[-62.41214,8.02701]]}},{"type":"Feature","id":"way/1486177238","properties":{"name":"Carretera Vieja San F\u00e9lix - Upata","highway":"secondary","ref":"T-10"},"geometry":{"type":"LineString","coordinates":[[-62.41456,8.02974],[-62.41497,8.03108],[-62.41361,8.03237],[-62.41423,8.0366],[-62.41026,8.0486]]}},{"type":"Feature","id":"way/1486177239","properties":{"highway":"tertiary","ref":"R-29"},"geometry":{"type":"LineString","coordinates":[[-62.40669,8.10219],[-62.40611,8.10201]]}},{"type":"Feature","id":"way/1486177242","properties":{"name":"Distribuidor Palo Grande","highway":"trunk_link"},"geometry":{"type":"LineString","coordinates":[[-62.55862,8.27646],[-62.55856,8.27635]]}},{"type":"Feature","id":"way/1486179242","properties":{"name":"Peaje de Palo Grande","highway":"trunk","ref":"T-10"},"geometry":{"type":"LineString","coordinates":[[-62.56038,8.27713],[-62.56052,8.27732]]}},{"type":"Feature","id":"way/1486179243","properties":{"name":"Peaje de Palo Grande","highway":"trunk","ref":"T-10"},"geometry":{"type":"LineString","coordinates":[[-62.5603,8.27704],[-62.56038,8.27713]]}},{"type":"Feature","id":"way/1486302141","properties":{"name":"Carretera Nacional Upata - Guasipati","highway":"trunk","ref":"T-10"},"geometry":{"type":"LineString","coordinates":[[-61.96164,7.66649],[-61.96077,7.66737],[-61.96155,7.67348],[-61.95422,7.69757],[-61.97028,7.71979],[-61.97175,7.72668],[-61.97001,7.73447],[-61.97028,7.73782],[-61.97361,7.73937],[-61.97422,7.74107],[-61.97374,7.74558],[-61.96566,7.75294],[-61.96292,7.75431],[-61.96174,7.7614],[-61.97078,7.76753],[-61.97529,7.77654]]}},{"type":"Feature","id":"way/1486302142","properties":{"name":"Carretera Nacional El Callao - Tumeremo","highway":"trunk","ref":"T-10"},"geometry":{"type":"LineString","coordinates":[[-61.68678,7.35983],[-61.77271,7.37816],[-61.78299,7.37807],[-61.78488,7.37738],[-61.79177,7.36983],[-61.79163,7.36529],[-61.79253,7.36351],[-61.79808,7.35972],[-61.80836,7.35838],[-61.81011,7.35585],[-61.81364,7.35491]]}},{"type":"Feature","id":"way/1486302143","properties":{"name":"Carretera Nacional Upata - Guasipati","highway":"trunk","ref":"T-10"},"geometry":{"type":"LineString","coordinates":[[-62.36667,7.99309],[-62.35623,7.99158],[-62.34868,7.98654],[-62.33414,7.97993],[-62.32777,7.9723],[-62.32669,7.9675],[-62.31077,7.95516]]}},{"type":"Feature","id":"way/1486302144","properties":{"name":"Carretera Nacional Upata - Guasipati","highway":"trunk","ref":"T-10"},"geometry":{"type":"LineString","coordinates":[[-62.31077,7.95516],[-62.3264,7.96746],[-62.32742,7.97263],[-62.33402,7.98052],[-62.33849,7.98163],[-62.34847,7.98662],[-62.35615,7.99176],[-62.36667,7.99309]]}},{"type":"Feature","id":"way/1486302145","properties":{"name":"Carretera Nacional Tumeremo - El Dorado","highway":"trunk","ref":"T-10"},"geometry":{"type":"LineString","coordinates":[[-61.61715,6.76714],[-61.60604,6.79707],[-61.61786,6.96264],[-61.57427,7.08414],[-61.5252,7.22621],[-61.52183,7.23157],[-61.51867,7.24035],[-61.51848,7.24536],[-61.51528,7.25516],[-61.51076,7.29006]]}},{"type":"Feature","id":"way/1486302146","properties":{"highway":"trunk","ref":"T-10"},"geometry":{"type":"LineString","coordinates":[[-61.50675,7.30618],[-61.50643,7.30304]]}},{"type":"Feature","id":"way/1486302147","properties":{"name":"Carretera Nacional Tumeremo - El Dorado","highway":"trunk","ref":"T-10"},"geometry":{"type":"LineString","coordinates":[[-61.50916,7.29467],[-61.51076,7.29006]]}},{"type":"Feature","id":"way/1486302716","properties":{"name":"Carretera Nacional El Dorado - Las Claritas","highway":"trunk","ref":"T-10"},"geometry":{"type":"LineString","coordinates":[[-61.61514,6.74573],[-61.61747,6.76377],[-61.61715,6.76714]]}},{"type":"Feature","id":"way/1486302717","properties":{"name":"Carretera Nacional Guasipati - El Callao","highway":"trunk","ref":"T-10"},"geometry":{"type":"LineString","coordinates":[[-61.82604,7.3555],[-61.82573,7.35878],[-61.83,7.36518],[-61.82969,7.37586],[-61.84004,7.3859],[-61.84381,7.38516],[-61.84767,7.38715],[-61.85189,7.39681],[-61.85045,7.40347],[-61.85287,7.41198],[-61.85966,7.42239],[-61.87308,7.43487],[-61.87456,7.43725]]}},{"type":"Feature","id":"way/1486302718","properties":{"highway":"trunk","ref":"T-10"},"geometry":{"type":"LineString","coordinates":[[-61.81863,7.35497],[-61.82001,7.35436]]}},{"type":"Feature","id":"way/1486304622","properties":{"name":"Carretera Nacional Upata - Guasipati","highway":"trunk","ref":"T-10"},"geometry":{"type":"LineString","coordinates":[[-62.28485,7.92287],[-62.29086,7.92609],[-62.29292,7.93121],[-62.29493,7.93355],[-62.29662,7.93875]]}},{"type":"Feature","id":"way/1486304623","properties":{"name":"Carretera Nacional Upata - Guasipati","highway":"trunk","ref":"T-10"},"geometry":{"type":"LineString","coordinates":[[-62.29662,7.93875],[-62.3034,7.94044],[-62.29796,7.94124],[-62.2969,7.94345],[-62.29744,7.94518],[-62.29576,7.9483],[-62.30219,7.94825],[-62.30518,7.94912],[-62.3085,7.95275]]}},{"type":"Feature","id":"way/1486304624","properties":{"name":"Carretera Nacional Upata - Guasipati","highway":"trunk","ref":"T-10"},"geometry":{"type":"LineString","coordinates":[[-61.8997,7.48443],[-61.90233,7.48899],[-61.90306,7.49487]]}},{"type":"Feature","id":"way/1486304625","properties":{"name":"Carretera Nacional Guasipati - El Callao","highway":"trunk","ref":"T-10"},"geometry":{"type":"LineString","coordinates":[[-61.88359,7.44669],[-61.89614,7.46622]]}},{"type":"Feature","id":"way/1486304626","properties":{"name":"Carretera Nacional Guasipati - El Callao","highway":"trunk","ref":"T-10"},"geometry":{"type":"LineString","coordinates":[[-61.82001,7.35436],[-61.82224,7.35379],[-61.82604,7.3555]]}},{"type":"Feature","id":"way/1486304627","properties":{"name":"Carretera Nacional El Callao - Tumeremo","highway":"trunk","ref":"T-10"},"geometry":{"type":"LineString","coordinates":[[-61.81364,7.35491],[-61.81863,7.35497]]}},{"type":"Feature","id":"way/1486304628","properties":{"name":"Carretera Nacional El Callao - Tumeremo","highway":"trunk","ref":"T-10"},"geometry":{"type":"LineString","coordinates":[[-61.50675,7.30618],[-61.51393,7.31227],[-61.51884,7.32343]]}},{"type":"Feature","id":"way/1486305447","properties":{"name":"Retorno","highway":"trunk_link"},"geometry":{"type":"LineString","coordinates":[[-62.33241,7.97864],[-62.33279,7.97839]]}},{"type":"Feature","id":"way/1486305448","properties":{"name":"Retorno","highway":"trunk_link"},"geometry":{"type":"LineString","coordinates":[[-62.32952,7.97445],[-62.32859,7.97377],[-62.32927,7.97491]]}},{"type":"Feature","id":"way/1486306587","properties":{"name":"Carretera Nacional Upata - Guasipati","highway":"trunk","ref":"T-10"},"geometry":{"type":"LineString","coordinates":[[-62.17623,7.88749],[-62.17657,7.88752]]}},{"type":"Feature","id":"way/1486306588","properties":{"name":"Carretera Nacional Upata - Guasipati","highway":"trunk","ref":"T-10"},"geometry":{"type":"LineString","coordinates":[[-62.17657,7.88752],[-62.1829,7.88804],[-62.21171,7.90023],[-62.21828,7.89899],[-62.26573,7.91909],[-62.27422,7.91631],[-62.27376,7.92018],[-62.27181,7.92305],[-62.27385,7.92497],[-62.274,7.92698],[-62.27637,7.92622],[-62.27929,7.92679],[-62.28485,7.92287]]}},{"type":"Feature","id":"way/1486306822","properties":{"name":"Carretera Nacional Upata - Guasipati","highway":"trunk","ref":"T-10"},"geometry":{"type":"LineString","coordinates":[[-62.05209,7.85249],[-62.06684,7.86317],[-62.14022,7.87873],[-62.15145,7.88505],[-62.17623,7.88749]]}},{"type":"Feature","id":"way/1486306823","properties":{"name":"Carretera Nacional Upata - Guasipati","highway":"trunk","ref":"T-10"},"geometry":{"type":"LineString","coordinates":[[-62.05183,7.85242],[-62.05209,7.85249]]}},{"type":"Feature","id":"way/1486306981","properties":{"name":"Carretera Nacional Upata - Guasipati","highway":"trunk","ref":"T-10"},"geometry":{"type":"LineString","coordinates":[[-61.97529,7.77654],[-61.97536,7.77669]]}},{"type":"Feature","id":"way/1486306982","properties":{"name":"Carretera Nacional Upata - Guasipati","highway":"trunk","ref":"T-10"},"geometry":{"type":"LineString","coordinates":[[-61.97536,7.77669],[-61.97548,7.78281],[-61.97397,7.78494],[-61.9692,7.78812],[-61.96836,7.79139],[-61.97121,7.79364],[-61.97362,7.80127],[-61.98175,7.81279],[-61.9861,7.81637],[-61.99112,7.81822],[-62.02,7.84221],[-62.02717,7.84588],[-62.05183,7.85242]]}},{"type":"Feature","id":"way/1486308141","properties":{"name":"Carretera Nacional Upata - Guasipati","highway":"trunk","ref":"T-10"},"geometry":{"type":"LineString","coordinates":[[-61.90307,7.49497],[-61.90356,7.49867]]}},{"type":"Feature","id":"way/1486308142","properties":{"name":"Carretera Nacional Upata - Guasipati","highway":"trunk","ref":"T-10"},"geometry":{"type":"LineString","coordinates":[[-61.90306,7.49487],[-61.90307,7.49497]]}},{"type":"Feature","id":"way/1486308144","properties":{"name":"Carretera Nacional Upata - Guasipati","highway":"trunk","ref":"T-10"},"geometry":{"type":"LineString","coordinates":[[-61.91429,7.51221],[-61.91439,7.51223]]}},{"type":"Feature","id":"way/1486308145","properties":{"name":"Carretera Nacional Upata - Guasipati","highway":"trunk","ref":"T-10"},"geometry":{"type":"LineString","coordinates":[[-61.90356,7.49867],[-61.91144,7.51112],[-61.91429,7.51221]]}},{"type":"Feature","id":"way/1486308147","properties":{"name":"Carretera Nacional Upata - Guasipati","highway":"trunk","ref":"T-10"},"geometry":{"type":"LineString","coordinates":[[-61.95533,7.61533],[-61.96362,7.6637],[-61.96173,7.66644]]}},{"type":"Feature","id":"way/1486308148","properties":{"name":"Carretera Nacional Upata - Guasipati","highway":"trunk","ref":"T-10"},"geometry":{"type":"LineString","coordinates":[[-61.95532,7.61525],[-61.95533,7.61533]]}},{"type":"Feature","id":"way/1486308150","properties":{"name":"Carretera Nacional Upata - Guasipati","highway":"trunk","ref":"T-10"},"geometry":{"type":"LineString","coordinates":[[-61.96173,7.66644],[-61.96164,7.66649]]}},{"type":"Feature","id":"way/1486308151","properties":{"name":"Carretera Nacional Upata - Guasipati","highway":"trunk","ref":"T-10"},"geometry":{"type":"LineString","coordinates":[[-61.91439,7.51223],[-61.91549,7.51301],[-61.92379,7.53531],[-61.93562,7.55155],[-61.93732,7.5737],[-61.9461,7.58779],[-61.95133,7.60632],[-61.95532,7.61525]]}},{"type":"Feature","id":"way/1486309422","properties":{"name":"Carretera Nacional Guasipati - El Callao","highway":"trunk","ref":"T-10"},"geometry":{"type":"LineString","coordinates":[[-61.87456,7.43725],[-61.87474,7.43763]]}},{"type":"Feature","id":"way/1486309423","properties":{"name":"Carretera Nacional Guasipati - El Callao","highway":"trunk","ref":"T-10"},"geometry":{"type":"LineString","coordinates":[[-61.87474,7.43763],[-61.87632,7.44022],[-61.88359,7.44669]]}},{"type":"Feature","id":"way/1486310514","properties":{"name":"Carretera Nacional El Callao - Tumeremo","highway":"trunk","ref":"T-10"},"geometry":{"type":"LineString","coordinates":[[-61.68648,7.35977],[-61.68678,7.35983]]}},{"type":"Feature","id":"way/1486310515","properties":{"name":"Carretera Nacional El Callao - Tumeremo","highway":"trunk","ref":"T-10"},"geometry":{"type":"LineString","coordinates":[[-61.51884,7.32343],[-61.57519,7.33554],[-61.58463,7.34047],[-61.59025,7.33876],[-61.68648,7.35977]]}},{"type":"Feature","id":"way/1486353378","properties":{"name":"Carretera Nacional Upata - Guasipati","highway":"trunk","ref":"T-10"},"geometry":{"type":"LineString","coordinates":[[-62.3085,7.95275],[-62.31077,7.95516]]}},{"type":"Feature","id":"way/1486518352","properties":{"name":"Carretera Ciudad Piar - La Paragua","highway":"primary","ref":"T-16;L-1"},"geometry":{"type":"LineString","coordinates":[[-63.3717,6.96139],[-63.37261,6.97436],[-63.38494,6.98436],[-63.39263,6.99297],[-63.39446,6.99753],[-63.39286,7.0016],[-63.39254,7.00928],[-63.39582,7.01714],[-63.404,7.0232],[-63.40491,7.02497],[-63.40479,7.02889],[-63.40855,7.03433],[-63.41381,7.04083],[-63.41812,7.04313],[-63.42054,7.04559],[-63.42134,7.05534],[-63.4237,7.06053]]}},{"type":"Feature","id":"way/1486518353","properties":{"name":"V\u00eda a San Francisco","highway":"secondary","ref":"R-8"},"geometry":{"type":"LineString","coordinates":[[-63.42419,7.06071],[-63.4237,7.06053]]}},{"type":"Feature","id":"way/1486518354","properties":{"name":"V\u00eda a San Francisco","highway":"secondary","ref":"R-8"},"geometry":{"type":"LineString","coordinates":[[-63.42419,7.06071],[-63.42385,7.06083]]}},{"type":"Feature","id":"way/1486518355","properties":{"name":"V\u00eda a San Francisco","highway":"secondary","ref":"R-8"},"geometry":{"type":"LineString","coordinates":[[-63.59324,7.08271],[-63.58446,7.08353],[-63.56324,7.07783],[-63.55651,7.07865],[-63.54523,7.07339],[-63.54338,7.07121],[-63.53869,7.06909],[-63.5234,7.05709],[-63.51979,7.05838],[-63.51356,7.06643],[-63.51065,7.06595],[-63.50876,7.0635],[-63.50388,7.06124],[-63.48448,7.05971],[-63.47888,7.06051],[-63.47543,7.05744],[-63.47094,7.05703],[-63.46515,7.05245],[-63.46177,7.05249],[-63.45311,7.05727],[-63.43607,7.05835],[-63.43166,7.06157],[-63.42419,7.06071]]}},{"type":"Feature","id":"way/1486518356","properties":{"name":"Carretera Puerto Ordaz - Ciudad Piar","highway":"primary","ref":"L-1"},"geometry":{"type":"LineString","coordinates":[[-62.94404,8.1489],[-62.8841,8.19253]]}},{"type":"Feature","id":"way/1486518359","properties":{"name":"Cruce de Altamira","highway":"primary"},"geometry":{"type":"LineString","coordinates":[[-63.27108,7.52355],[-63.27193,7.52323]]}},{"type":"Feature","id":"way/1486518360","properties":{"name":"Cruce de Altamira","highway":"primary","ref":"T-16"},"geometry":{"type":"LineString","coordinates":[[-63.2716,7.52206],[-63.27193,7.52323]]}},{"type":"Feature","id":"way/1486518361","properties":{"name":"Carretera Ciudad Bol\u00edvar - Ciudad Piar","highway":"primary","ref":"T-16"},"geometry":{"type":"LineString","coordinates":[[-63.41458,7.54529],[-63.42425,7.55135],[-63.43672,7.554],[-63.44772,7.56098],[-63.47201,7.56786],[-63.49036,7.58444],[-63.49377,7.58987],[-63.5087,7.60423],[-63.51858,7.61175],[-63.52344,7.61329],[-63.527,7.619],[-63.55094,7.63553],[-63.55549,7.64043],[-63.56665,7.64575],[-63.5762,7.65381],[-63.57917,7.65887],[-63.58239,7.67516],[-63.58622,7.68543],[-63.5849,7.69103],[-63.57874,7.7057],[-63.57834,7.70941],[-63.59018,7.7441],[-63.59078,7.74975],[-63.58997,7.757],[-63.5876,7.76658],[-63.59071,7.77704],[-63.59574,7.78492],[-63.60182,7.81994],[-63.59542,7.9127],[-63.59587,7.92369],[-63.58936,7.96827],[-63.58763,7.97213],[-63.57972,7.97959],[-63.57771,7.98322],[-63.57111,7.98575]]}},{"type":"Feature","id":"way/1486518365","properties":{"name":"Carretera Ciudad Piar - La Paragua","highway":"primary","ref":"T-16;L-1"},"geometry":{"type":"LineString","coordinates":[[-63.28325,7.43895],[-63.28314,7.4399]]}},{"type":"Feature","id":"way/1486518366","properties":{"name":"Carretera Ciudad Piar - La Paragua","highway":"primary","ref":"T-16;L-1"},"geometry":{"type":"LineString","coordinates":[[-63.28314,7.4399],[-63.28563,7.44365],[-63.28611,7.44703],[-63.29115,7.44984]]}},{"type":"Feature","id":"way/1486518367","properties":{"name":"Carretera Ciudad Piar - La Paragua","highway":"primary","ref":"T-16;L-1"},"geometry":{"type":"LineString","coordinates":[[-63.42385,7.06083],[-63.42558,7.06487],[-63.42405,7.07544],[-63.42692,7.08],[-63.42631,7.08416],[-63.42138,7.09121],[-63.42232,7.09457],[-63.4228,7.11078],[-63.42362,7.11364],[-63.42212,7.1181],[-63.4236,7.12613],[-63.42247,7.12987],[-63.42297,7.14247],[-63.43113,7.1544],[-63.43615,7.15507],[-63.4434,7.16315],[-63.4501,7.16589],[-63.45151,7.17252],[-63.45494,7.18151],[-63.45331,7.18497],[-63.4492,7.18918],[-63.44924,7.19345],[-63.44834,7.19747],[-63.44638,7.20078],[-63.44608,7.20575],[-63.4405,7.21007],[-63.4386,7.21282],[-63.43858,7.21677],[-63.44055,7.22066],[-63.43634,7.23095],[-63.43436,7.23317],[-63.42915,7.23627],[-63.42753,7.23851],[-63.42472,7.23886],[-63.42092,7.24116],[-63.41695,7.24874],[-63.42109,7.28707],[-63.4186,7.30006],[-63.41893,7.30832],[-63.41515,7.31423],[-63.41478,7.32156],[-63.41147,7.32392],[-63.40672,7.32401],[-63.4035,7.32738],[-63.39917,7.3276],[-63.39271,7.33055],[-63.39112,7.32975],[-63.38688,7.32287],[-63.38228,7.32297],[-63.37828,7.3283],[-63.37241,7.33967],[-63.37103,7.34439],[-63.36715,7.34906],[-63.35114,7.35205],[-63.34234,7.35686],[-63.33829,7.35718],[-63.33619,7.35875],[-63.33423,7.36395],[-63.33205,7.36554],[-63.32315,7.36709],[-63.31963,7.36894],[-63.31247,7.36916],[-63.31127,7.37178],[-63.31154,7.37985],[-63.31655,7.38983],[-63.3174,7.3948],[-63.3107,7.40208],[-63.30937,7.40496],[-63.30135,7.40813],[-63.29833,7.41314],[-63.29786,7.41696],[-63.29249,7.42503],[-63.29127,7.43167],[-63.28325,7.43895]]}},{"type":"Feature","id":"way/1486518368","properties":{"name":"Entrada de Ciudad Piar","highway":"tertiary"},"geometry":{"type":"LineString","coordinates":[[-63.2921,7.44993],[-63.29102,7.45033]]}},{"type":"Feature","id":"way/1486518369","properties":{"name":"Entrada de Ciudad Piar","highway":"tertiary"},"geometry":{"type":"LineString","coordinates":[[-63.31526,7.4459],[-63.30777,7.447]]}},{"type":"Feature","id":"way/1486518370","properties":{"name":"Carretera Ciudad Piar - La Paragua","highway":"primary","ref":"T-16;L-1"},"geometry":{"type":"LineString","coordinates":[[-63.29115,7.44984],[-63.29102,7.45033]]}},{"type":"Feature","id":"way/1486518371","properties":{"name":"Entrada de Ciudad Piar","highway":"tertiary"},"geometry":{"type":"LineString","coordinates":[[-63.2921,7.44993],[-63.29115,7.44984]]}},{"type":"Feature","id":"way/1486518372","properties":{"name":"Carretera Puerto Ordaz - Ciudad Piar","highway":"primary","ref":"L-1"},"geometry":{"type":"LineString","coordinates":[[-63.2716,7.52206],[-63.27108,7.52355]]}},{"type":"Feature","id":"way/1486523053","properties":{"name":"Carretera Puerto Ordaz - Ciudad Piar","highway":"primary","ref":"T-16;L-1"},"geometry":{"type":"LineString","coordinates":[[-63.29102,7.45033],[-63.28891,7.45215],[-63.27705,7.4692],[-63.27723,7.47284],[-63.28109,7.47769],[-63.28183,7.48098],[-63.27774,7.50422],[-63.2716,7.52206]]}},{"type":"Feature","id":"way/1486523986","properties":{"name":"Carretera Puerto Ordaz - Ciudad Piar","highway":"primary","ref":"L-1"},"geometry":{"type":"LineString","coordinates":[[-63.12822,7.91041],[-63.12363,7.91112],[-63.12154,7.91243],[-63.11562,7.92286]]}},{"type":"Feature","id":"way/1486523987","properties":{"name":"Carretera Puerto Ordaz - Ciudad Piar","highway":"primary","ref":"L-1"},"geometry":{"type":"LineString","coordinates":[[-63.02747,8.0769],[-63.0242,8.08566],[-63.01741,8.09626],[-62.99416,8.11332],[-62.98854,8.11557],[-62.96087,8.13661]]}},{"type":"Feature","id":"way/1486523988","properties":{"name":"Carretera Vieja Ciudad Bol\u00edvar - Puerto Ordaz","highway":"tertiary"},"geometry":{"type":"LineString","coordinates":[[-62.94404,8.1489],[-62.95264,8.15118]]}},{"type":"Feature","id":"way/1486523989","properties":{"name":"Carretera Puerto Ordaz - Ciudad Piar","highway":"primary","ref":"L-1"},"geometry":{"type":"LineString","coordinates":[[-62.96087,8.13661],[-62.94404,8.1489]]}},{"type":"Feature","id":"way/1486524786","properties":{"name":"Carretera Ciudad Bol\u00edvar - Ciudad Piar","highway":"primary","ref":"T-16"},"geometry":{"type":"LineString","coordinates":[[-63.55859,7.98941],[-63.54479,8.00389],[-63.53866,8.0237],[-63.53391,8.03264],[-63.53364,8.03708],[-63.5375,8.04691],[-63.53636,8.05277]]}},{"type":"Feature","id":"way/1486526735","properties":{"name":"Carretera Puerto Ordaz - Ciudad Piar","highway":"primary","ref":"L-1"},"geometry":{"type":"LineString","coordinates":[[-63.11562,7.92286],[-63.11527,7.9235]]}},{"type":"Feature","id":"way/1486526736","properties":{"name":"Carretera Puerto Ordaz - Ciudad Piar","highway":"primary","ref":"L-1"},"geometry":{"type":"LineString","coordinates":[[-63.11527,7.9235],[-63.10473,7.94289]]}},{"type":"Feature","id":"way/1486526738","properties":{"name":"Carretera Puerto Ordaz - Ciudad Piar","highway":"primary","ref":"L-1"},"geometry":{"type":"LineString","coordinates":[[-63.14977,7.87352],[-63.1497,7.8737]]}},{"type":"Feature","id":"way/1486526739","properties":{"name":"Carretera Puerto Ordaz - Ciudad Piar","highway":"primary","ref":"L-1"},"geometry":{"type":"LineString","coordinates":[[-63.1497,7.8737],[-63.14792,7.87702],[-63.1455,7.88771],[-63.14141,7.89536],[-63.13129,7.90866],[-63.12822,7.91041]]}},{"type":"Feature","id":"way/1486526745","properties":{"name":"Entrada de Ciudad Piar","highway":"tertiary"},"geometry":{"type":"LineString","coordinates":[[-63.30777,7.447],[-63.30746,7.44706]]}},{"type":"Feature","id":"way/1486526746","properties":{"name":"Entrada de Ciudad Piar","highway":"tertiary"},"geometry":{"type":"LineString","coordinates":[[-63.30746,7.44706],[-63.2921,7.44993]]}},{"type":"Feature","id":"way/1486529938","properties":{"name":"Carretera Puerto Ordaz - Ciudad Piar","highway":"primary","ref":"L-1"},"geometry":{"type":"LineString","coordinates":[[-63.03183,8.06674],[-63.03021,8.07265],[-63.02747,8.0769]]}},{"type":"Feature","id":"way/1486529939","properties":{"name":"Carretera Puerto Ordaz - Ciudad Piar","highway":"primary","ref":"L-1"},"geometry":{"type":"LineString","coordinates":[[-63.0379,8.05895],[-63.03183,8.06674]]}},{"type":"Feature","id":"way/1486529940","properties":{"name":"Carretera Puerto Ordaz - Ciudad Piar","highway":"primary","ref":"L-1"},"geometry":{"type":"LineString","coordinates":[[-63.0483,8.04443],[-63.0379,8.05895]]}},{"type":"Feature","id":"way/1486529941","properties":{"name":"Carretera Puerto Ordaz - Ciudad Piar","highway":"primary","ref":"L-1"},"geometry":{"type":"LineString","coordinates":[[-63.08043,7.9903],[-63.07932,8.00041],[-63.07739,8.00566],[-63.07191,8.0133],[-63.07011,8.0178],[-63.06328,8.02892],[-63.05731,8.03203],[-63.0483,8.04443]]}},{"type":"Feature","id":"way/1486529943","properties":{"name":"Carretera Puerto Ordaz - Ciudad Piar","highway":"primary","ref":"L-1"},"geometry":{"type":"LineString","coordinates":[[-63.08046,7.98995],[-63.08043,7.9903]]}},{"type":"Feature","id":"way/1486529944","properties":{"name":"Carretera Puerto Ordaz - Ciudad Piar","highway":"primary","ref":"L-1"},"geometry":{"type":"LineString","coordinates":[[-63.09591,7.95852],[-63.09035,7.96866],[-63.08912,7.9731],[-63.08139,7.98518],[-63.08046,7.98995]]}},{"type":"Feature","id":"way/1486530475","properties":{"name":"Carretera Ciudad Bol\u00edvar - Ciudad Piar","highway":"primary","ref":"T-16"},"geometry":{"type":"LineString","coordinates":[[-63.38436,7.53018],[-63.3848,7.53018]]}},{"type":"Feature","id":"way/1486530476","properties":{"name":"Carretera Ciudad Bol\u00edvar - Ciudad Piar","highway":"primary","ref":"T-16"},"geometry":{"type":"LineString","coordinates":[[-63.27193,7.52323],[-63.27693,7.52753],[-63.28363,7.53048],[-63.29469,7.53188],[-63.30559,7.53476],[-63.3193,7.52762],[-63.32431,7.52402],[-63.33204,7.52456],[-63.36377,7.52327],[-63.37663,7.52577],[-63.38187,7.52963],[-63.38436,7.53018]]}},{"type":"Feature","id":"way/1486530790","properties":{"name":"Carretera Ciudad Bol\u00edvar - Ciudad Piar","highway":"primary","ref":"T-16"},"geometry":{"type":"LineString","coordinates":[[-63.41403,7.54498],[-63.41458,7.54529]]}},{"type":"Feature","id":"way/1486530791","properties":{"name":"Carretera Ciudad Bol\u00edvar - Ciudad Piar","highway":"primary","ref":"T-16"},"geometry":{"type":"LineString","coordinates":[[-63.3848,7.53018],[-63.38915,7.53085],[-63.41403,7.54498]]}},{"type":"Feature","id":"way/1486531478","properties":{"name":"Carretera Ciudad Bol\u00edvar - Ciudad Piar","highway":"primary","ref":"T-16"},"geometry":{"type":"LineString","coordinates":[[-63.57111,7.98575],[-63.57052,7.98583]]}},{"type":"Feature","id":"way/1486531479","properties":{"name":"Carretera Ciudad Bol\u00edvar - Ciudad Piar","highway":"primary","ref":"T-16"},"geometry":{"type":"LineString","coordinates":[[-63.57052,7.98583],[-63.56266,7.98702],[-63.55859,7.98941]]}},{"type":"Feature","id":"way/1486532676","properties":{"name":"V\u00eda a Guri","highway":"tertiary","ref":"R-10"},"geometry":{"type":"LineString","coordinates":[[-63.09928,7.95836],[-63.10055,7.96112],[-63.10522,7.96548],[-63.11351,7.96732],[-63.13004,7.96628],[-63.13619,7.96314],[-63.14311,7.96208],[-63.18097,7.96316],[-63.18325,7.96422],[-63.18961,7.97163],[-63.1907,7.97416],[-63.19276,7.99002],[-63.18954,8.00522],[-63.19242,8.01035],[-63.20224,8.02],[-63.20692,8.02729],[-63.21277,8.04444],[-63.21821,8.0504],[-63.22044,8.0552],[-63.21921,8.06578],[-63.20758,8.08],[-63.20323,8.09624]]}},{"type":"Feature","id":"way/1486532678","properties":{"name":"Carretera Vieja Ciudad Bol\u00edvar - Puerto Ordaz","highway":"tertiary"},"geometry":{"type":"LineString","coordinates":[[-63.28552,8.08971],[-63.28586,8.08967]]}},{"type":"Feature","id":"way/1486532679","properties":{"name":"Carretera Vieja Ciudad Bol\u00edvar - Puerto Ordaz","highway":"tertiary"},"geometry":{"type":"LineString","coordinates":[[-63.28586,8.08967],[-63.35167,8.0833],[-63.37124,8.0798],[-63.38449,8.08114]]}},{"type":"Feature","id":"way/1486533015","properties":{"name":"Carretera Vieja Ciudad Bol\u00edvar - Puerto Ordaz","highway":"tertiary"},"geometry":{"type":"LineString","coordinates":[[-63.38449,8.08114],[-63.385,8.08119]]}},{"type":"Feature","id":"way/1486533016","properties":{"name":"Carretera Vieja Ciudad Bol\u00edvar - Puerto Ordaz","highway":"tertiary"},"geometry":{"type":"LineString","coordinates":[[-63.385,8.08119],[-63.42259,8.08534],[-63.44873,8.09375]]}},{"type":"Feature","id":"way/1486533966","properties":{"name":"V\u00eda a Guri","highway":"tertiary","ref":"R-10"},"geometry":{"type":"LineString","coordinates":[[-63.09622,7.95464],[-63.09771,7.95633]]}},{"type":"Feature","id":"way/1486535466","properties":{"name":"Carretera Vieja Ciudad Bol\u00edvar - Puerto Ordaz","highway":"tertiary"},"geometry":{"type":"LineString","coordinates":[[-63.20005,8.09701],[-63.20288,8.09769]]}},{"type":"Feature","id":"way/1486535467","properties":{"name":"Carretera Vieja Ciudad Bol\u00edvar - Puerto Ordaz","highway":"tertiary"},"geometry":{"type":"LineString","coordinates":[[-63.22396,8.09138],[-63.23771,8.08215],[-63.24005,8.08149],[-63.26037,8.08514],[-63.27018,8.08905],[-63.28032,8.09015],[-63.28552,8.08971]]}},{"type":"Feature","id":"way/1486535468","properties":{"name":"Carretera Vieja Ciudad Bol\u00edvar - Puerto Ordaz","highway":"tertiary"},"geometry":{"type":"LineString","coordinates":[[-63.20609,8.09844],[-63.20297,8.09729]]}},{"type":"Feature","id":"way/1486535781","properties":{"name":"V\u00eda a Guri","highway":"tertiary","ref":"R-10"},"geometry":{"type":"LineString","coordinates":[[-63.20323,8.09624],[-63.20297,8.09729]]}},{"type":"Feature","id":"way/1486536372","properties":{"highway":"primary_link"},"geometry":{"type":"LineString","coordinates":[[-63.09911,7.95803],[-63.0984,7.95623],[-63.09936,7.95436]]}},{"type":"Feature","id":"way/1486536373","properties":{"highway":"primary_link"},"geometry":{"type":"LineString","coordinates":[[-63.09591,7.95852],[-63.09765,7.95723],[-63.09928,7.95836]]}},{"type":"Feature","id":"way/1486536374","properties":{"highway":"primary_link"},"geometry":{"type":"LineString","coordinates":[[-63.09916,7.9546],[-63.09767,7.95549],[-63.09622,7.95464]]}},{"type":"Feature","id":"way/1486536375","properties":{"highway":"primary_link"},"geometry":{"type":"LineString","coordinates":[[-63.09622,7.95464],[-63.09694,7.95642],[-63.0962,7.95817]]}},{"type":"Feature","id":"way/1486536425","properties":{"name":"Carretera Puerto Ordaz - Ciudad Piar","highway":"primary","ref":"L-1"},"geometry":{"type":"LineString","coordinates":[[-63.09936,7.95436],[-63.09916,7.9546]]}},{"type":"Feature","id":"way/1486536426","properties":{"name":"V\u00eda a Guri","highway":"tertiary","ref":"R-10"},"geometry":{"type":"LineString","coordinates":[[-63.09771,7.95633],[-63.09911,7.95803]]}},{"type":"Feature","id":"way/1486536427","properties":{"name":"Carretera Puerto Ordaz - Ciudad Piar","highway":"primary","ref":"L-1"},"geometry":{"type":"LineString","coordinates":[[-63.09771,7.95633],[-63.0962,7.95817]]}},{"type":"Feature","id":"way/1486536428","properties":{"name":"Carretera Puerto Ordaz - Ciudad Piar","highway":"primary","ref":"L-1"},"geometry":{"type":"LineString","coordinates":[[-63.10473,7.94289],[-63.09936,7.95436]]}},{"type":"Feature","id":"way/1486539905","properties":{"name":"Carretera Puerto Ordaz - Ciudad Piar","highway":"primary","ref":"L-1"},"geometry":{"type":"LineString","coordinates":[[-63.27108,7.52355],[-63.2594,7.5576],[-63.24966,7.57832],[-63.24487,7.59099],[-63.24151,7.60927],[-63.23686,7.61578],[-63.23733,7.6235],[-63.23208,7.63388],[-63.22882,7.638],[-63.21477,7.67185],[-63.20016,7.69682],[-63.20046,7.69836],[-63.20502,7.70384],[-63.20653,7.71011],[-63.19836,7.72354],[-63.19285,7.73477],[-63.18133,7.76839],[-63.17897,7.77895],[-63.17551,7.78561],[-63.17507,7.79222],[-63.16365,7.83968],[-63.15846,7.85081],[-63.15616,7.85336],[-63.15351,7.86663],[-63.14977,7.87352]]}},{"type":"Feature","id":"way/1486539906","properties":{"name":"Carretera Puerto Ordaz - Ciudad Piar","highway":"primary","ref":"L-1"},"geometry":{"type":"LineString","coordinates":[[-63.09916,7.9546],[-63.09771,7.95633]]}},{"type":"Feature","id":"way/1486539907","properties":{"name":"Carretera Puerto Ordaz - Ciudad Piar","highway":"primary","ref":"L-1"},"geometry":{"type":"LineString","coordinates":[[-63.0962,7.95817],[-63.09591,7.95852]]}},{"type":"Feature","id":"way/1486539908","properties":{"name":"V\u00eda a Guri","highway":"tertiary","ref":"R-10"},"geometry":{"type":"LineString","coordinates":[[-63.09911,7.95803],[-63.09928,7.95836]]}},{"type":"Feature","id":"way/1486539909","properties":{"name":"Carretera Vieja Ciudad Bol\u00edvar - Puerto Ordaz","highway":"tertiary"},"geometry":{"type":"LineString","coordinates":[[-63.20297,8.09729],[-63.20005,8.09701]]}},{"type":"Feature","id":"way/1486539910","properties":{"name":"V\u00eda a Guri","highway":"tertiary","ref":"R-10"},"geometry":{"type":"LineString","coordinates":[[-63.20297,8.09729],[-63.20288,8.09769]]}},{"type":"Feature","id":"way/1486539911","properties":{"name":"Carretera Vieja Ciudad Bol\u00edvar - Puerto Ordaz","highway":"tertiary"},"geometry":{"type":"LineString","coordinates":[[-63.20288,8.09769],[-63.20609,8.09844]]}},{"type":"Feature","id":"way/1486539912","properties":{"name":"Carretera Regional Puerto Ordaz - Ciudad Piar","highway":"primary","ref":"L-1"},"geometry":{"type":"LineString","coordinates":[[-62.88208,8.19387],[-62.87862,8.19649]]}},{"type":"Feature","id":"way/1486539913","properties":{"name":"Carretera Regional Puerto Ordaz - Ciudad Piar","highway":"primary","ref":"L-1"},"geometry":{"type":"LineString","coordinates":[[-62.88219,8.19403],[-62.88359,8.1929]]}},{"type":"Feature","id":"way/1486656994","properties":{"name":"V\u00eda a Guri","highway":"tertiary","ref":"R-10"},"geometry":{"type":"LineString","coordinates":[[-63.09387,7.9519],[-63.09622,7.95464]]}},{"type":"Feature","id":"way/1486692531","properties":{"highway":"secondary","ref":"R-8"},"geometry":{"type":"LineString","coordinates":[[-63.61958,7.08848],[-63.60439,7.0869],[-63.59324,7.08271]]}},{"type":"Feature","id":"way/1486692532","properties":{"name":"Carretera Ciudad Piar - La Paragua","highway":"primary","ref":"T-16;L-1"},"geometry":{"type":"LineString","coordinates":[[-63.33152,6.82972],[-63.33158,6.83616]]}},{"type":"Feature","id":"way/1486692533","properties":{"name":"Carretera Ciudad Piar - La Paragua","highway":"primary","ref":"T-16;L-1"},"geometry":{"type":"LineString","coordinates":[[-63.34597,6.95348],[-63.35038,6.95523],[-63.35302,6.95367],[-63.35655,6.95313],[-63.36166,6.95785],[-63.3717,6.96139]]}},{"type":"Feature","id":"way/1486692534","properties":{"name":"Carretera Ciudad Piar - La Paragua","highway":"primary","ref":"T-16;L-1"},"geometry":{"type":"LineString","coordinates":[[-63.33405,6.85951],[-63.33412,6.86318],[-63.33229,6.86987],[-63.33414,6.87694],[-63.33362,6.87885],[-63.33144,6.88096],[-63.33199,6.88861],[-63.33015,6.89574],[-63.33237,6.90241],[-63.33145,6.90521],[-63.33171,6.90837],[-63.33585,6.91323],[-63.33621,6.91512],[-63.33201,6.92505],[-63.33061,6.93159],[-63.33179,6.93519],[-63.33582,6.94074],[-63.33691,6.94578],[-63.34597,6.95348]]}},{"type":"Feature","id":"way/1486692535","properties":{"name":"Carretera Ciudad Piar - La Paragua","highway":"primary","ref":"T-16;L-1"},"geometry":{"type":"LineString","coordinates":[[-63.33158,6.83616],[-63.33738,6.84835],[-63.33683,6.85544],[-63.33405,6.85951]]}},{"type":"Feature","id":"way/1486700400","properties":{"name":"Carretera Ciudad Piar - La Paragua","highway":"primary","ref":"T-16;L-1"},"geometry":{"type":"LineString","coordinates":[[-63.4237,7.06053],[-63.42385,7.06083]]}},{"type":"Feature","id":"way/1486901355","properties":{"name":"Carretera Vieja Ciudad Bol\u00edvar - Puerto Ordaz","highway":"tertiary"},"geometry":{"type":"LineString","coordinates":[[-63.22363,8.09161],[-63.22396,8.09138]]}},{"type":"Feature","id":"way/1486901356","properties":{"name":"Carretera Vieja Ciudad Bol\u00edvar - Puerto Ordaz","highway":"tertiary"},"geometry":{"type":"LineString","coordinates":[[-63.20609,8.09844],[-63.21277,8.09798],[-63.22363,8.09161]]}},{"type":"Feature","id":"way/1491085750","properties":{"name":"Carretera Nacional Pijiguaos - Puerto P\u00e1ez","highway":"trunk","ref":"T-12"},"geometry":{"type":"LineString","coordinates":[[-67.06015,6.47104],[-67.0603,6.4718]]}},{"type":"Feature","id":"way/1491085751","properties":{"name":"Carretera Nacional Pijiguaos - Puerto P\u00e1ez","highway":"trunk","ref":"T-12"},"geometry":{"type":"LineString","coordinates":[[-67.07368,6.30932],[-67.07061,6.30925],[-67.05906,6.31379],[-67.05064,6.32473],[-67.04835,6.33491],[-67.04816,6.34018],[-67.04938,6.34377],[-67.05384,6.34901],[-67.05239,6.35667],[-67.05425,6.3635],[-67.04732,6.37438],[-67.04555,6.381],[-67.04579,6.39236],[-67.04131,6.42386]]}},{"type":"Feature","id":"way/1491085752","properties":{"name":"Carretera Nacional Pijiguaos - Puerto P\u00e1ez","highway":"trunk","ref":"T-12"},"geometry":{"type":"LineString","coordinates":[[-67.12709,6.26197],[-67.12625,6.26286]]}},{"type":"Feature","id":"way/1491085753","properties":{"name":"Carretera Nacional Pijiguaos - Puerto P\u00e1ez","highway":"trunk","ref":"T-12"},"geometry":{"type":"LineString","coordinates":[[-67.37981,6.18358],[-67.3732,6.18143],[-67.36886,6.18155],[-67.34691,6.1783],[-67.33875,6.17952],[-67.32518,6.18325],[-67.30492,6.19892],[-67.29274,6.20619],[-67.26978,6.21106]]}},{"type":"Feature","id":"way/1491085754","properties":{"name":"Carretera Nacional Puerto Ayacucho - Puerto P\u00e1ez","highway":"trunk","ref":"T-2"},"geometry":{"type":"LineString","coordinates":[[-67.37251,6.12549],[-67.37244,6.12576]]}},{"type":"Feature","id":"way/1491085755","properties":{"name":"Carretera Nacional Caicara - Pijiguaos","highway":"trunk","ref":"T-12"},"geometry":{"type":"LineString","coordinates":[[-66.26755,7.35553],[-66.26512,7.36209],[-66.26311,7.3649],[-66.23839,7.38504],[-66.23475,7.39406],[-66.22884,7.40499],[-66.22786,7.41034],[-66.21649,7.42504],[-66.21094,7.42838],[-66.20679,7.43739],[-66.20486,7.45221],[-66.20393,7.45381],[-66.18258,7.47002],[-66.17911,7.46918],[-66.17285,7.46979],[-66.16829,7.46675],[-66.14658,7.45691],[-66.13934,7.45886],[-66.13875,7.46022]]}},{"type":"Feature","id":"way/1491085756","properties":{"name":"Carretera Nacional Puerto Ayacucho - Puerto P\u00e1ez","highway":"trunk","ref":"T-2"},"geometry":{"type":"LineString","coordinates":[[-67.38844,6.18764],[-67.3881,6.20307],[-67.40059,6.21488],[-67.4032,6.2161],[-67.41268,6.21672],[-67.42106,6.21356]]}},{"type":"Feature","id":"way/1491085757","properties":{"name":"Carretera Nacional Pijiguaos - Puerto P\u00e1ez","highway":"trunk","ref":"T-12"},"geometry":{"type":"LineString","coordinates":[[-67.38844,6.18764],[-67.38567,6.18556],[-67.37981,6.18358]]}},{"type":"Feature","id":"way/1491085758","properties":{"name":"Carretera Nacional Puerto Ayacucho - Puerto P\u00e1ez","highway":"trunk","ref":"T-2"},"geometry":{"type":"LineString","coordinates":[[-67.38552,6.17861],[-67.38844,6.18764]]}},{"type":"Feature","id":"way/1491085759","properties":{"name":"Carretera Nacional Pijiguaos - Puerto P\u00e1ez","highway":"trunk","ref":"T-12"},"geometry":{"type":"LineString","coordinates":[[-67.38552,6.17861],[-67.38234,6.18287],[-67.37981,6.18358]]}},{"type":"Feature","id":"way/1491085760","properties":{"name":"Carretera Nacional Caicara - Pijiguaos","highway":"trunk","ref":"T-12"},"geometry":{"type":"LineString","coordinates":[[-66.13875,7.46022],[-66.14163,7.46735],[-66.14135,7.48147],[-66.13891,7.48907],[-66.13881,7.49702],[-66.13757,7.50001]]}},{"type":"Feature","id":"way/1491085761","properties":{"name":"Carretera Nacional Puerto Ayacucho - Puerto P\u00e1ez","highway":"trunk","ref":"T-2"},"geometry":{"type":"LineString","coordinates":[[-67.37244,6.12576],[-67.37195,6.13112],[-67.37912,6.16161],[-67.38552,6.17861]]}},{"type":"Feature","id":"way/1491086524","properties":{"name":"Carretera Nacional","highway":"trunk","ref":"T-12"},"geometry":{"type":"LineString","coordinates":[[-66.79524,6.57573],[-66.78305,6.57703],[-66.77543,6.57913],[-66.76826,6.58237],[-66.76551,6.5847],[-66.76242,6.5903],[-66.75797,6.59209],[-66.75585,6.59524]]}},{"type":"Feature","id":"way/1491086525","properties":{"name":"Carretera Nacional Pijiguaos - Puerto P\u00e1ez","highway":"trunk","ref":"T-12"},"geometry":{"type":"LineString","coordinates":[[-66.93364,6.57391],[-66.9151,6.58843],[-66.89207,6.59623],[-66.88902,6.59602],[-66.86995,6.58959],[-66.85677,6.58755]]}},{"type":"Feature","id":"way/1491087722","properties":{"name":"Carretera Nacional Pijiguaos - Puerto P\u00e1ez","highway":"trunk","ref":"T-12"},"geometry":{"type":"LineString","coordinates":[[-67.17411,6.22471],[-67.16515,6.2287],[-67.13745,6.24956],[-67.12709,6.26197]]}},{"type":"Feature","id":"way/1491087723","properties":{"name":"Carretera Nacional Pijiguaos - Puerto P\u00e1ez","highway":"trunk","ref":"T-12"},"geometry":{"type":"LineString","coordinates":[[-67.0603,6.4718],[-67.06212,6.48075],[-67.06192,6.48421],[-67.06057,6.48717],[-67.05436,6.49457]]}},{"type":"Feature","id":"way/1491087724","properties":{"highway":"trunk","ref":"T-2"},"geometry":{"type":"LineString","coordinates":[[-67.42106,6.21356],[-67.42355,6.21251],[-67.42505,6.21439]]}},{"type":"Feature","id":"way/1491091347","properties":{"name":"Carretera Nacional Pijiguaos - Puerto P\u00e1ez","highway":"trunk","ref":"T-12"},"geometry":{"type":"LineString","coordinates":[[-67.26978,6.21106],[-67.26958,6.2111]]}},{"type":"Feature","id":"way/1491091348","properties":{"name":"Carretera Nacional Pijiguaos - Puerto P\u00e1ez","highway":"trunk","ref":"T-12"},"geometry":{"type":"LineString","coordinates":[[-67.22093,6.21948],[-67.19943,6.21547],[-67.1844,6.22075]]}},{"type":"Feature","id":"way/1491091832","properties":{"name":"Carretera Nacional Pijiguaos - Puerto P\u00e1ez","highway":"trunk","ref":"T-12"},"geometry":{"type":"LineString","coordinates":[[-67.17438,6.2246],[-67.17411,6.22471]]}},{"type":"Feature","id":"way/1491091833","properties":{"name":"Carretera Nacional Pijiguaos - Puerto P\u00e1ez","highway":"trunk","ref":"T-12"},"geometry":{"type":"LineString","coordinates":[[-67.1844,6.22075],[-67.17438,6.2246]]}},{"type":"Feature","id":"way/1491091835","properties":{"name":"Carretera Nacional Pijiguaos - Puerto P\u00e1ez","highway":"trunk","ref":"T-12"},"geometry":{"type":"LineString","coordinates":[[-67.22111,6.21948],[-67.22093,6.21948]]}},{"type":"Feature","id":"way/1491091836","properties":{"name":"Carretera Nacional Pijiguaos - Puerto P\u00e1ez","highway":"trunk","ref":"T-12"},"geometry":{"type":"LineString","coordinates":[[-67.24145,6.21883],[-67.23768,6.21975],[-67.22111,6.21948]]}},{"type":"Feature","id":"way/1491091838","properties":{"name":"Carretera Nacional Pijiguaos - Puerto P\u00e1ez","highway":"trunk","ref":"T-12"},"geometry":{"type":"LineString","coordinates":[[-67.24166,6.21873],[-67.24145,6.21883]]}},{"type":"Feature","id":"way/1491091839","properties":{"name":"Carretera Nacional Pijiguaos - Puerto P\u00e1ez","highway":"trunk","ref":"T-12"},"geometry":{"type":"LineString","coordinates":[[-67.26958,6.2111],[-67.25185,6.21421],[-67.24166,6.21873]]}},{"type":"Feature","id":"way/1491092065","properties":{"name":"Carretera Nacional Pijiguaos - Puerto P\u00e1ez","highway":"trunk","ref":"T-12"},"geometry":{"type":"LineString","coordinates":[[-67.09561,6.31609],[-67.09523,6.3165]]}},{"type":"Feature","id":"way/1491092066","properties":{"name":"Carretera Nacional Pijiguaos - Puerto P\u00e1ez","highway":"trunk","ref":"T-12"},"geometry":{"type":"LineString","coordinates":[[-67.12625,6.26286],[-67.11503,6.27546],[-67.11646,6.29657],[-67.11275,6.30567],[-67.10932,6.30855],[-67.10073,6.31105],[-67.09561,6.31609]]}},{"type":"Feature","id":"way/1491092338","properties":{"name":"Carretera Nacional Pijiguaos - Puerto P\u00e1ez","highway":"trunk","ref":"T-12"},"geometry":{"type":"LineString","coordinates":[[-67.07394,6.30942],[-67.07368,6.30932]]}},{"type":"Feature","id":"way/1491092339","properties":{"name":"Carretera Nacional Pijiguaos - Puerto P\u00e1ez","highway":"trunk","ref":"T-12"},"geometry":{"type":"LineString","coordinates":[[-67.09523,6.3165],[-67.09051,6.31925],[-67.08223,6.31924],[-67.07896,6.31693],[-67.07637,6.31128],[-67.07394,6.30942]]}},{"type":"Feature","id":"way/1491092945","properties":{"name":"Carretera Nacional Pijiguaos - Puerto P\u00e1ez","highway":"trunk","ref":"T-12"},"geometry":{"type":"LineString","coordinates":[[-67.04131,6.42386],[-67.04133,6.4241]]}},{"type":"Feature","id":"way/1491092946","properties":{"name":"Carretera Nacional Pijiguaos - Puerto P\u00e1ez","highway":"trunk","ref":"T-12"},"geometry":{"type":"LineString","coordinates":[[-67.04133,6.4241],[-67.04195,6.42957],[-67.04689,6.44137],[-67.05142,6.44886],[-67.05642,6.45995],[-67.06015,6.47104]]}},{"type":"Feature","id":"way/1491093350","properties":{"name":"Carretera Nacional Pijiguaos - Puerto P\u00e1ez","highway":"trunk","ref":"T-12"},"geometry":{"type":"LineString","coordinates":[[-66.97793,6.53581],[-66.97773,6.53601]]}},{"type":"Feature","id":"way/1491093351","properties":{"name":"Carretera Nacional Pijiguaos - Puerto P\u00e1ez","highway":"trunk","ref":"T-12"},"geometry":{"type":"LineString","coordinates":[[-67.00612,6.52721],[-67.00348,6.52898],[-67.00155,6.52913],[-66.99348,6.52472],[-66.99039,6.52468],[-66.97793,6.53581]]}},{"type":"Feature","id":"way/1491093353","properties":{"name":"Carretera Nacional Pijiguaos - Puerto P\u00e1ez","highway":"trunk","ref":"T-12"},"geometry":{"type":"LineString","coordinates":[[-67.00636,6.52704],[-67.00612,6.52721]]}},{"type":"Feature","id":"way/1491093354","properties":{"name":"Carretera Nacional Pijiguaos - Puerto P\u00e1ez","highway":"trunk","ref":"T-12"},"geometry":{"type":"LineString","coordinates":[[-67.05436,6.49457],[-67.03099,6.50089],[-67.02197,6.50711],[-67.01475,6.50728],[-67.01349,6.50918],[-67.01121,6.5224],[-67.00636,6.52704]]}},{"type":"Feature","id":"way/1491093827","properties":{"name":"Carretera Nacional Pijiguaos - Puerto P\u00e1ez","highway":"trunk","ref":"T-12"},"geometry":{"type":"LineString","coordinates":[[-66.93401,6.57361],[-66.93364,6.57391]]}},{"type":"Feature","id":"way/1491093828","properties":{"name":"Carretera Nacional Pijiguaos - Puerto P\u00e1ez","highway":"trunk","ref":"T-12"},"geometry":{"type":"LineString","coordinates":[[-66.97773,6.53601],[-66.96292,6.55052],[-66.93401,6.57361]]}},{"type":"Feature","id":"way/1491094764","properties":{"name":"Carretera Nacional Caicara - Pijiguaos","highway":"trunk","ref":"T-12"},"geometry":{"type":"LineString","coordinates":[[-66.75104,6.62993],[-66.7505,6.63089]]}},{"type":"Feature","id":"way/1491094765","properties":{"name":"Carretera Nacional Caicara - Pijiguaos","highway":"trunk","ref":"T-12"},"geometry":{"type":"LineString","coordinates":[[-66.75585,6.59524],[-66.7533,6.59965],[-66.75498,6.60544],[-66.75203,6.61998],[-66.75317,6.62568],[-66.75104,6.62993]]}},{"type":"Feature","id":"way/1491094767","properties":{"name":"Carretera Nacional","highway":"trunk","ref":"T-12"},"geometry":{"type":"LineString","coordinates":[[-66.82533,6.57633],[-66.82508,6.5764]]}},{"type":"Feature","id":"way/1491094768","properties":{"name":"Carretera Nacional","highway":"trunk","ref":"T-12"},"geometry":{"type":"LineString","coordinates":[[-66.85677,6.58755],[-66.84678,6.58571],[-66.83818,6.57911],[-66.83234,6.57586],[-66.82936,6.57538],[-66.82533,6.57633]]}},{"type":"Feature","id":"way/1491095283","properties":{"name":"Carretera Nacional","highway":"trunk","ref":"T-12"},"geometry":{"type":"LineString","coordinates":[[-66.79552,6.57567],[-66.79524,6.57573]]}},{"type":"Feature","id":"way/1491095284","properties":{"name":"Carretera Nacional","highway":"trunk","ref":"T-12"},"geometry":{"type":"LineString","coordinates":[[-66.82508,6.5764],[-66.8226,6.57678]]}},{"type":"Feature","id":"way/1491096188","properties":{"name":"Carretera Nacional Caicara - Pijiguaos","highway":"trunk","ref":"T-12"},"geometry":{"type":"LineString","coordinates":[[-66.57895,6.89569],[-66.57885,6.89587]]}},{"type":"Feature","id":"way/1491096189","properties":{"name":"Carretera Nacional Caicara - Pijiguaos","highway":"trunk","ref":"T-12"},"geometry":{"type":"LineString","coordinates":[[-66.59177,6.87292],[-66.57895,6.89569]]}},{"type":"Feature","id":"way/1491096191","properties":{"name":"Carretera Nacional Caicara - Pijiguaos","highway":"trunk","ref":"T-12"},"geometry":{"type":"LineString","coordinates":[[-66.59196,6.8726],[-66.59177,6.87292]]}},{"type":"Feature","id":"way/1491096192","properties":{"name":"Carretera Nacional Caicara - Pijiguaos","highway":"trunk","ref":"T-12"},"geometry":{"type":"LineString","coordinates":[[-66.64557,6.78255],[-66.63572,6.79132],[-66.62806,6.80057],[-66.62108,6.81854],[-66.61226,6.8331],[-66.61177,6.84496],[-66.60913,6.85575],[-66.59632,6.86596],[-66.59196,6.8726]]}},{"type":"Feature","id":"way/1491096194","properties":{"name":"Carretera Nacional Caicara - Pijiguaos","highway":"trunk","ref":"T-12"},"geometry":{"type":"LineString","coordinates":[[-66.64585,6.78232],[-66.64557,6.78255]]}},{"type":"Feature","id":"way/1491096195","properties":{"name":"Carretera Nacional Caicara - Pijiguaos","highway":"trunk","ref":"T-12"},"geometry":{"type":"LineString","coordinates":[[-66.69014,6.76272],[-66.67002,6.76815],[-66.65046,6.77867],[-66.64585,6.78232]]}},{"type":"Feature","id":"way/1491096197","properties":{"name":"Carretera Nacional Caicara - Pijiguaos","highway":"trunk","ref":"T-12"},"geometry":{"type":"LineString","coordinates":[[-66.74369,6.7067],[-66.74357,6.70688]]}},{"type":"Feature","id":"way/1491096198","properties":{"name":"Carretera Nacional Caicara - Pijiguaos","highway":"trunk","ref":"T-12"},"geometry":{"type":"LineString","coordinates":[[-66.74357,6.70688],[-66.72806,6.73095]]}},{"type":"Feature","id":"way/1491096200","properties":{"name":"Carretera Nacional Caicara - Pijiguaos","highway":"trunk","ref":"T-12"},"geometry":{"type":"LineString","coordinates":[[-66.6904,6.76266],[-66.69014,6.76272]]}},{"type":"Feature","id":"way/1491096201","properties":{"name":"Carretera Nacional Caicara - Pijiguaos","highway":"trunk","ref":"T-12"},"geometry":{"type":"LineString","coordinates":[[-66.72792,6.73125],[-66.72097,6.7462],[-66.71294,6.75903],[-66.71026,6.75987],[-66.70517,6.75867],[-66.6904,6.76266]]}},{"type":"Feature","id":"way/1491096203","properties":{"name":"Carretera Nacional Caicara - Pijiguaos","highway":"trunk","ref":"T-12"},"geometry":{"type":"LineString","coordinates":[[-66.72806,6.73095],[-66.72792,6.73125]]}},{"type":"Feature","id":"way/1491096204","properties":{"name":"Carretera Nacional Caicara - Pijiguaos","highway":"trunk","ref":"T-12"},"geometry":{"type":"LineString","coordinates":[[-66.7505,6.63089],[-66.74795,6.63755],[-66.75452,6.68022],[-66.75238,6.6903],[-66.74874,6.69877],[-66.74369,6.7067]]}},{"type":"Feature","id":"way/1491096612","properties":{"name":"Carretera Nacional Caicara - Pijiguaos","highway":"trunk","ref":"T-12"},"geometry":{"type":"LineString","coordinates":[[-66.51856,7.00893],[-66.51863,7.0093]]}},{"type":"Feature","id":"way/1491096613","properties":{"name":"Carretera Nacional Caicara - Pijiguaos","highway":"trunk","ref":"T-12"},"geometry":{"type":"LineString","coordinates":[[-66.5594,6.92648],[-66.55464,6.92518],[-66.54118,6.92893],[-66.52529,6.92798],[-66.52233,6.92997],[-66.51824,6.939],[-66.51697,6.9474],[-66.51147,6.95844],[-66.5057,6.97747],[-66.51505,6.99472],[-66.51856,7.00893]]}},{"type":"Feature","id":"way/1491096615","properties":{"name":"Carretera Nacional Caicara - Pijiguaos","highway":"trunk","ref":"T-12"},"geometry":{"type":"LineString","coordinates":[[-66.55978,6.92665],[-66.5594,6.92648]]}},{"type":"Feature","id":"way/1491096616","properties":{"name":"Carretera Nacional Caicara - Pijiguaos","highway":"trunk","ref":"T-12"},"geometry":{"type":"LineString","coordinates":[[-66.57885,6.89587],[-66.57472,6.90296],[-66.56605,6.91416],[-66.5639,6.92254]]}},{"type":"Feature","id":"way/1491097287","properties":{"name":"Carretera Nacional Caicara - Pijiguaos","highway":"trunk","ref":"T-12"},"geometry":{"type":"LineString","coordinates":[[-66.49424,7.15272],[-66.49419,7.15288]]}},{"type":"Feature","id":"way/1491097288","properties":{"name":"Carretera Nacional Caicara - Pijiguaos","highway":"trunk","ref":"T-12"},"geometry":{"type":"LineString","coordinates":[[-66.49888,7.13375],[-66.49844,7.13969],[-66.49424,7.15272]]}},{"type":"Feature","id":"way/1491097290","properties":{"name":"Carretera Nacional Caicara - Pijiguaos","highway":"trunk","ref":"T-12"},"geometry":{"type":"LineString","coordinates":[[-66.49889,7.13332],[-66.49888,7.13375]]}},{"type":"Feature","id":"way/1491097291","properties":{"name":"Carretera Nacional Caicara - Pijiguaos","highway":"trunk","ref":"T-12"},"geometry":{"type":"LineString","coordinates":[[-66.51863,7.0093],[-66.5176,7.01201],[-66.50511,7.01933],[-66.49844,7.02888],[-66.49902,7.08299],[-66.4963,7.0903],[-66.49781,7.0977],[-66.49628,7.11969],[-66.49889,7.13332]]}},{"type":"Feature","id":"way/1491103653","properties":{"name":"Carretera Nacional Caicara - Pijiguaos","highway":"trunk","ref":"T-12"},"geometry":{"type":"LineString","coordinates":[[-66.26778,7.3549],[-66.26755,7.35553]]}},{"type":"Feature","id":"way/1491103654","properties":{"name":"Carretera Nacional Caicara - Pijiguaos","highway":"trunk","ref":"T-12"},"geometry":{"type":"LineString","coordinates":[[-66.2985,7.34986],[-66.2883,7.34941],[-66.27067,7.35206],[-66.26885,7.35274],[-66.26778,7.3549]]}},{"type":"Feature","id":"way/1491103656","properties":{"name":"Carretera Nacional Caicara - Pijiguaos","highway":"trunk","ref":"T-12"},"geometry":{"type":"LineString","coordinates":[[-66.29888,7.34988],[-66.2985,7.34986]]}},{"type":"Feature","id":"way/1491103657","properties":{"name":"Carretera Nacional Caicara - Pijiguaos","highway":"trunk","ref":"T-12"},"geometry":{"type":"LineString","coordinates":[[-66.38298,7.27756],[-66.38209,7.28331],[-66.37178,7.30891],[-66.35792,7.32533],[-66.34576,7.33065],[-66.34132,7.33113],[-66.33301,7.33483],[-66.32057,7.33648],[-66.3114,7.34582],[-66.30425,7.34976],[-66.29888,7.34988]]}},{"type":"Feature","id":"way/1491103660","properties":{"name":"Carretera Nacional Caicara - Pijiguaos","highway":"trunk","ref":"T-12"},"geometry":{"type":"LineString","coordinates":[[-66.38301,7.27725],[-66.38298,7.27756]]}},{"type":"Feature","id":"way/1491103661","properties":{"name":"Carretera Nacional Caicara - Pijiguaos","highway":"trunk","ref":"T-12"},"geometry":{"type":"LineString","coordinates":[[-66.38338,7.27368],[-66.38301,7.27725]]}},{"type":"Feature","id":"way/1491103663","properties":{"name":"Carretera Nacional Caicara - Pijiguaos","highway":"trunk","ref":"T-12"},"geometry":{"type":"LineString","coordinates":[[-66.3834,7.27343],[-66.38338,7.27368]]}},{"type":"Feature","id":"way/1491103664","properties":{"name":"Carretera Nacional Caicara - Pijiguaos","highway":"trunk","ref":"T-12"},"geometry":{"type":"LineString","coordinates":[[-66.49419,7.15288],[-66.47229,7.22082],[-66.47091,7.22265],[-66.44841,7.22794],[-66.43424,7.2276],[-66.42774,7.23102],[-66.39948,7.22798],[-66.38098,7.2318],[-66.37868,7.23308],[-66.37746,7.2367],[-66.3838,7.26766],[-66.3834,7.27343]]}},{"type":"Feature","id":"way/1491104510","properties":{"name":"Carretera Nacional Caicara - Pijiguaos","highway":"trunk","ref":"T-12"},"geometry":{"type":"LineString","coordinates":[[-66.13742,7.50024],[-66.13633,7.5024],[-66.13543,7.51159],[-66.1385,7.5319],[-66.13814,7.53501],[-66.13613,7.53741],[-66.11814,7.54789]]}},{"type":"Feature","id":"way/1491104511","properties":{"name":"Carretera Nacional Caicara - Pijiguaos","highway":"trunk","ref":"T-12"},"geometry":{"type":"LineString","coordinates":[[-66.13757,7.50001],[-66.13742,7.50024]]}},{"type":"Feature","id":"way/1504143281","properties":{"name":"V\u00eda del Ferrocarril Pijiguaos - Baragu\u00e1n","highway":"tertiary"},"geometry":{"type":"LineString","coordinates":[[-66.91743,6.7811],[-66.91742,6.78006]]}},{"type":"Feature","id":"way/1504143282","properties":{"name":"V\u00eda del Ferrocarril Pijiguaos - Baragu\u00e1n","highway":"tertiary"},"geometry":{"type":"LineString","coordinates":[[-66.94445,6.83886],[-66.94313,6.83114],[-66.94135,6.82676],[-66.93214,6.81585],[-66.9206,6.79497]]}},{"type":"Feature","id":"way/1504143284","properties":{"name":"V\u00eda del Ferrocarril Pijiguaos - Baragu\u00e1n","highway":"tertiary"},"geometry":{"type":"LineString","coordinates":[[-66.90484,6.71736],[-66.9047,6.7172]]}},{"type":"Feature","id":"way/1504143285","properties":{"name":"V\u00eda del Ferrocarril Pijiguaos - Baragu\u00e1n","highway":"tertiary"},"geometry":{"type":"LineString","coordinates":[[-66.91742,6.78006],[-66.9163,6.74002],[-66.91263,6.7287],[-66.90484,6.71736]]}},{"type":"Feature","id":"way/1504143286","properties":{"name":"V\u00eda del Ferrocarril Pijiguaos - Baragu\u00e1n","highway":"tertiary"},"geometry":{"type":"LineString","coordinates":[[-66.84875,6.64588],[-66.84866,6.64549]]}},{"type":"Feature","id":"way/1504143287","properties":{"name":"V\u00eda del Ferrocarril Pijiguaos - Baragu\u00e1n","highway":"tertiary"},"geometry":{"type":"LineString","coordinates":[[-66.9047,6.7172],[-66.87323,6.68515],[-66.85571,6.66956],[-66.85136,6.66061],[-66.84875,6.64588]]}},{"type":"Feature","id":"way/1504143288","properties":{"name":"V\u00eda del Ferrocarril Pijiguaos - Baragu\u00e1n","highway":"tertiary"},"geometry":{"type":"LineString","coordinates":[[-66.84866,6.64549],[-66.84464,6.63454],[-66.83719,6.62416],[-66.78178,6.57736]]}},{"type":"Feature","id":"way/1504165925","properties":{"name":"V\u00eda del Ferrocarril Pijiguaos - Baragu\u00e1n","highway":"tertiary"},"geometry":{"type":"LineString","coordinates":[[-66.9206,6.79497],[-66.9204,6.79456]]}},{"type":"Feature","id":"way/1504165926","properties":{"name":"V\u00eda del Ferrocarril Pijiguaos - Baragu\u00e1n","highway":"tertiary"},"geometry":{"type":"LineString","coordinates":[[-66.9204,6.79456],[-66.91811,6.78821],[-66.91743,6.7811]]}},{"type":"Feature","id":"way/1505118923","properties":{"name":"Carretera Nacional","highway":"trunk","ref":"T-12"},"geometry":{"type":"LineString","coordinates":[[-66.80167,6.57515],[-66.79552,6.57567]]}},{"type":"Feature","id":"way/1505118924","properties":{"name":"Carretera Nacional","highway":"trunk","ref":"T-12"},"geometry":{"type":"LineString","coordinates":[[-66.80256,6.57528],[-66.80167,6.57515]]}},{"type":"Feature","id":"way/1505405044","properties":{"name":"Carretera Nacional","highway":"trunk","ref":"T-12"},"geometry":{"type":"LineString","coordinates":[[-66.8213,6.57662],[-66.8121,6.58245],[-66.80963,6.58191]]}},{"type":"Feature","id":"way/1505405045","properties":{"name":"Carretera Nacional","highway":"trunk","ref":"T-12"},"geometry":{"type":"LineString","coordinates":[[-66.8226,6.57678],[-66.8213,6.57662]]}},{"type":"Feature","id":"way/1505405048","properties":{"name":"Carretera Nacional","highway":"trunk","ref":"T-12"},"geometry":{"type":"LineString","coordinates":[[-66.8089,6.57995],[-66.80709,6.57649],[-66.80256,6.57528]]}},{"type":"Feature","id":"way/1505405049","properties":{"name":"Carretera Nacional","highway":"trunk","ref":"T-12"},"geometry":{"type":"LineString","coordinates":[[-66.80963,6.58191],[-66.8089,6.57995]]}},{"type":"Feature","id":"way/1505839009","properties":{"name":"V\u00eda a La Urbana","highway":"tertiary","ref":"R-56"},"geometry":{"type":"LineString","coordinates":[[-66.72499,7.024],[-66.72451,7.02385]]}},{"type":"Feature","id":"way/1505839010","properties":{"name":"V\u00eda a La Urbana","highway":"tertiary","ref":"R-56"},"geometry":{"type":"LineString","coordinates":[[-66.87338,7.05378],[-66.85693,7.04967],[-66.85387,7.04816],[-66.84118,7.03478],[-66.82765,7.01844],[-66.82508,7.01685],[-66.82252,7.01704],[-66.81716,7.02004],[-66.80535,7.02444],[-66.79049,7.03672],[-66.78518,7.04304],[-66.78256,7.04416],[-66.76181,7.03897],[-66.7456,7.02767],[-66.73242,7.02677],[-66.72499,7.024]]}},{"type":"Feature","id":"way/1505839011","properties":{"name":"V\u00eda a La Urbana","highway":"tertiary","ref":"R-56"},"geometry":{"type":"LineString","coordinates":[[-66.72451,7.02385],[-66.72177,7.02252],[-66.70492,7.00849],[-66.68549,6.99741],[-66.66293,6.99014],[-66.64023,6.98982],[-66.63605,6.98858],[-66.60954,6.96915],[-66.60224,6.95527],[-66.57665,6.92699],[-66.57295,6.92494],[-66.5642,6.92309]]}},{"type":"Feature","id":"way/1505839017","properties":{"name":"V\u00eda a La Urbana","highway":"tertiary","ref":"R-56"},"geometry":{"type":"LineString","coordinates":[[-66.5642,6.92309],[-66.5639,6.92254]]}},{"type":"Feature","id":"way/1505839018","properties":{"name":"V\u00eda a La Urbana","highway":"tertiary","ref":"R-56"},"geometry":{"type":"LineString","coordinates":[[-66.5642,6.92309],[-66.56372,6.92345]]}},{"type":"Feature","id":"way/1505848368","properties":{"name":"V\u00eda a La Urbana","highway":"tertiary","ref":"R-56"},"geometry":{"type":"LineString","coordinates":[[-66.87377,7.05385],[-66.87338,7.05378]]}},{"type":"Feature","id":"way/1505848369","properties":{"name":"V\u00eda a La Urbana","highway":"tertiary","ref":"R-56"},"geometry":{"type":"LineString","coordinates":[[-66.93395,7.13191],[-66.9203,7.12372],[-66.92002,7.12193],[-66.92191,7.11701],[-66.91854,7.11191],[-66.91678,7.10536],[-66.91892,7.09197],[-66.92312,7.08662],[-66.93487,7.0764],[-66.93277,7.06605],[-66.92132,7.06053],[-66.91554,7.05308],[-66.91293,7.05133],[-66.91014,7.0516],[-66.9061,7.05466],[-66.90215,7.0559],[-66.88616,7.05586],[-66.87377,7.05385]]}},{"type":"Feature","id":"way/1505923139","properties":{"name":"Retorno del Puente","highway":"trunk_link","ref":"T-12;T-19"},"geometry":{"type":"LineString","coordinates":[[-66.14051,7.59787],[-66.14053,7.59681]]}},{"type":"Feature","id":"way/1505923140","properties":{"name":"Retorno del Puente","highway":"trunk_link","ref":"T-12;T-19"},"geometry":{"type":"LineString","coordinates":[[-66.13937,7.60062],[-66.14006,7.59949]]}},{"type":"Feature","id":"way/1505923141","properties":{"name":"Avenida Libertador","highway":"trunk","ref":"T-12;T-19"},"geometry":{"type":"LineString","coordinates":[[-66.14112,7.59944],[-66.14127,7.59987]]}},{"type":"Feature","id":"way/1505923142","properties":{"name":"Retorno del Puente","highway":"trunk_link","ref":"T-12;T-19"},"geometry":{"type":"LineString","coordinates":[[-66.14112,7.59944],[-66.14051,7.59787]]}},{"type":"Feature","id":"way/1505923143","properties":{"name":"Retorno del Puente","highway":"trunk_link","ref":"T-12;T-19"},"geometry":{"type":"LineString","coordinates":[[-66.14006,7.59949],[-66.14112,7.59944]]}},{"type":"Feature","id":"way/1505923144","properties":{"name":"Retorno del Puente","highway":"trunk_link","ref":"T-12;T-19"},"geometry":{"type":"LineString","coordinates":[[-66.13993,7.59668],[-66.13881,7.60036]]}},{"type":"Feature","id":"way/1505923145","properties":{"name":"Retorno del Puente","highway":"trunk_link","ref":"T-12;T-19"},"geometry":{"type":"LineString","coordinates":[[-66.14053,7.59681],[-66.14044,7.59436]]}},{"type":"Feature","id":"way/1505923146","properties":{"name":"Retorno del Puente","highway":"trunk_link"},"geometry":{"type":"LineString","coordinates":[[-66.13777,7.60286],[-66.13937,7.60062]]}},{"type":"Feature","id":"way/1505923147","properties":{"name":"Retorno del Puente","highway":"trunk_link"},"geometry":{"type":"LineString","coordinates":[[-66.13881,7.60036],[-66.13777,7.60286]]}},{"type":"Feature","id":"way/1505923148","properties":{"name":"Retorno del Puente","highway":"trunk_link","ref":"T-12;T-19"},"geometry":{"type":"LineString","coordinates":[[-66.13881,7.60036],[-66.13937,7.60062]]}},{"type":"Feature","id":"way/1505923149","properties":{"name":"Retorno del Puente","highway":"trunk_link","ref":"T-12;T-19"},"geometry":{"type":"LineString","coordinates":[[-66.14053,7.59681],[-66.13993,7.59668]]}},{"type":"Feature","id":"way/1505923151","properties":{"name":"Retorno del Puente","highway":"trunk_link","ref":"T-12;T-19"},"geometry":{"type":"LineString","coordinates":[[-66.14006,7.59949],[-66.14051,7.59787]]}},{"type":"Feature","id":"way/1505923153","properties":{"name":"Retorno del Puente","highway":"trunk_link","ref":"T-12;T-19"},"geometry":{"type":"LineString","coordinates":[[-66.14044,7.59436],[-66.13993,7.59668]]}},{"type":"Feature","id":"way/1505923154","properties":{"name":"Carretera Nacional Ciudad Bol\u00edvar - Caicara","highway":"trunk","ref":"T-12;T-19"},"geometry":{"type":"LineString","coordinates":[[-66.11814,7.54789],[-66.12269,7.55599],[-66.13095,7.56056],[-66.13331,7.56336],[-66.14001,7.58643],[-66.14044,7.59436]]}},{"type":"Feature","id":"way/1506282756","properties":{"name":"Avenida Libertador","highway":"trunk","ref":"T-12;T-19"},"geometry":{"type":"LineString","coordinates":[[-66.16346,7.62878],[-66.1581,7.6274],[-66.15692,7.6211],[-66.15354,7.61718]]}},{"type":"Feature","id":"way/1506861691","properties":{"name":"Avenida Libertador","highway":"trunk","ref":"T-12;T-19"},"geometry":{"type":"LineString","coordinates":[[-66.16452,7.6287],[-66.16346,7.62878]]}},{"type":"Feature","id":"way/1506861692","properties":{"name":"Avenida Libertador","highway":"trunk","ref":"T-12;T-19"},"geometry":{"type":"LineString","coordinates":[[-66.16346,7.62878],[-66.16458,7.62897]]}},{"type":"Feature","id":"way/1506861693","properties":{"name":"Redoma del Diamante","highway":"trunk","ref":"T-12;T-19"},"geometry":{"type":"LineString","coordinates":[[-66.16472,7.62865],[-66.16472,7.62865]]}},{"type":"Feature","id":"way/1506861694","properties":{"name":"Avenida Libertador","highway":"trunk","ref":"T-12;T-19"},"geometry":{"type":"LineString","coordinates":[[-66.16461,7.62898],[-66.16703,7.63236]]}},{"type":"Feature","id":"way/1506861695","properties":{"name":"Avenida Libertador","highway":"trunk","ref":"T-12;T-19"},"geometry":{"type":"LineString","coordinates":[[-66.17095,7.63998],[-66.16716,7.63243]]}},{"type":"Feature","id":"way/1506864546","properties":{"highway":"trunk","ref":"T-12;T-19"},"geometry":{"type":"LineString","coordinates":[[-66.18015,7.63997],[-66.18015,7.63997]]}},{"type":"Feature","id":"way/1506864547","properties":{"name":"Avenida Orinoco","highway":"trunk","ref":"T-12;T-19"},"geometry":{"type":"LineString","coordinates":[[-66.18004,7.64019],[-66.17832,7.64455]]}},{"type":"Feature","id":"way/1506864548","properties":{"name":"Avenida Orinoco","highway":"trunk","ref":"T-12;T-19"},"geometry":{"type":"LineString","coordinates":[[-66.17837,7.64458],[-66.1801,7.6402]]}},{"type":"Feature","id":"way/1506864550","properties":{"name":"Avenida Libertador","highway":"trunk","ref":"T-12;T-19"},"geometry":{"type":"LineString","coordinates":[[-66.17095,7.63998],[-66.17104,7.64022]]}},{"type":"Feature","id":"way/1506864551","properties":{"name":"Avenida Carabobo","highway":"trunk","ref":"T-12;T-19"},"geometry":{"type":"LineString","coordinates":[[-66.17104,7.64022],[-66.17512,7.64066]]}},{"type":"Feature","id":"way/1506864552","properties":{"name":"Avenida Carabobo","highway":"trunk","ref":"T-12;T-19"},"geometry":{"type":"LineString","coordinates":[[-66.17512,7.64066],[-66.17095,7.63998]]}},{"type":"Feature","id":"way/1506864553","properties":{"name":"Avenida Carabobo","highway":"trunk","ref":"T-12;T-19"},"geometry":{"type":"LineString","coordinates":[[-66.17996,7.6401],[-66.17512,7.64066]]}},{"type":"Feature","id":"way/1506909026","properties":{"name":"Redoma La Coroba","highway":"trunk","ref":"T-12;T-19"},"geometry":{"type":"LineString","coordinates":[[-66.17836,7.64457],[-66.17836,7.64457]]}},{"type":"Feature","id":"way/1506926697","properties":{"highway":"trunk_link"},"geometry":{"type":"LineString","coordinates":[[-66.16635,7.63133],[-66.16597,7.6317]]}},{"type":"Feature","id":"way/1506937599","properties":{"highway":"trunk_link"},"geometry":{"type":"LineString","coordinates":[[-66.17119,7.64072],[-66.17151,7.64027]]}},{"type":"Feature","id":"way/1507159389","properties":{"name":"Avenida Libertador","highway":"trunk","ref":"T-12;T-19"},"geometry":{"type":"LineString","coordinates":[[-66.1532,7.61681],[-66.14485,7.60754],[-66.14127,7.59987]]}},{"type":"Feature","id":"way/1507159390","properties":{"name":"Avenida Libertador","highway":"trunk","ref":"T-12;T-19"},"geometry":{"type":"LineString","coordinates":[[-66.15354,7.61718],[-66.1532,7.61681]]}},{"type":"Feature","id":"way/1507159393","properties":{"name":"Avenida Libertador","highway":"trunk","ref":"T-12;T-19"},"geometry":{"type":"LineString","coordinates":[[-66.16703,7.63236],[-66.16709,7.63246]]}},{"type":"Feature","id":"way/1507159395","properties":{"name":"Avenida Libertador","highway":"trunk","ref":"T-12;T-19"},"geometry":{"type":"LineString","coordinates":[[-66.16709,7.63232],[-66.16482,7.62877]]}},{"type":"Feature","id":"way/1507159396","properties":{"name":"Avenida Libertador","highway":"trunk","ref":"T-12;T-19"},"geometry":{"type":"LineString","coordinates":[[-66.16716,7.63243],[-66.16709,7.63232]]}},{"type":"Feature","id":"way/1507159398","properties":{"name":"Avenida Libertador","highway":"trunk","ref":"T-12;T-19"},"geometry":{"type":"LineString","coordinates":[[-66.16709,7.63246],[-66.17095,7.63998]]}},{"type":"Feature","id":"way/1507159400","properties":{"name":"Carretera Nacional Caicara - Pijiguaos","highway":"trunk","ref":"T-12"},"geometry":{"type":"LineString","coordinates":[[-66.5639,6.92254],[-66.56372,6.92345]]}},{"type":"Feature","id":"way/1507159401","properties":{"name":"Carretera Nacional Caicara - Pijiguaos","highway":"trunk","ref":"T-12"},"geometry":{"type":"LineString","coordinates":[[-66.56372,6.92345],[-66.56263,6.92618],[-66.55978,6.92665]]}},{"type":"Feature","id":"way/1510979004","properties":{"name":"Carretera Nacional Ciudad Bol\u00edvar - Caicara","highway":"trunk","ref":"T-19"},"geometry":{"type":"LineString","coordinates":[[-65.41546,7.44261],[-65.41232,7.44196],[-65.40913,7.43865],[-65.40655,7.43763],[-65.38788,7.44403],[-65.35902,7.44067],[-65.33821,7.42996],[-65.31714,7.4277],[-65.31522,7.42583],[-65.30885,7.41272],[-65.3066,7.41083],[-65.30207,7.4092],[-65.27842,7.41044],[-65.26469,7.41594],[-65.26174,7.41458],[-65.2503,7.40517],[-65.2455,7.40311],[-65.23994,7.40237]]}},{"type":"Feature","id":"way/1510979005","properties":{"highway":"trunk","ref":"T-19"},"geometry":{"type":"LineString","coordinates":[[-64.81079,7.44541],[-64.80332,7.44225]]}},{"type":"Feature","id":"way/1510979006","properties":{"highway":"trunk","ref":"T-19"},"geometry":{"type":"LineString","coordinates":[[-64.80332,7.44225],[-64.81079,7.44541]]}},{"type":"Feature","id":"way/1510979007","properties":{"name":"Carretera Nacional Ciudad Bol\u00edvar - Caicara","highway":"trunk","ref":"T-19"},"geometry":{"type":"LineString","coordinates":[[-63.79897,7.93222],[-63.79307,7.94985],[-63.77408,7.97192],[-63.76579,7.9865],[-63.75679,7.99938],[-63.73263,8.02059],[-63.72463,8.03099],[-63.70333,8.04054],[-63.69473,8.04872],[-63.68463,8.05095],[-63.68214,8.05241],[-63.67887,8.05225],[-63.67511,8.05337],[-63.66802,8.05112]]}},{"type":"Feature","id":"way/1511018204","properties":{"name":"Carretera Nacional Ciudad Bol\u00edvar - Caicara","highway":"trunk","ref":"T-19"},"geometry":{"type":"LineString","coordinates":[[-66.11814,7.54789],[-66.11755,7.54676]]}},{"type":"Feature","id":"way/1511021901","properties":{"name":"Carretera Nacional Ciudad Bol\u00edvar - Caicara","highway":"trunk","ref":"T-19"},"geometry":{"type":"LineString","coordinates":[[-64.39369,7.49714],[-64.39005,7.5033],[-64.37885,7.50955],[-64.36863,7.51946],[-64.36566,7.52872],[-64.36348,7.53048],[-64.36198,7.53335],[-64.35793,7.53664],[-64.35655,7.54379],[-64.35179,7.54859],[-64.34169,7.55286],[-64.3388,7.55813],[-64.33129,7.55943],[-64.32814,7.56212],[-64.30902,7.56828],[-64.30374,7.57098],[-64.28272,7.5691],[-64.27616,7.57121]]}},{"type":"Feature","id":"way/1511027228","properties":{"name":"Carretera Nacional Ciudad Bol\u00edvar - Caicara","highway":"trunk","ref":"T-19"},"geometry":{"type":"LineString","coordinates":[[-65.20194,7.4109],[-65.19581,7.41255]]}},{"type":"Feature","id":"way/1511027229","properties":{"name":"Carretera Nacional Ciudad Bol\u00edvar - Caicara","highway":"trunk","ref":"T-19"},"geometry":{"type":"LineString","coordinates":[[-65.17547,7.41328],[-65.16063,7.40855],[-65.1548,7.40545],[-65.15114,7.40514],[-65.13074,7.41018],[-65.05377,7.41212],[-64.98538,7.41513],[-64.9816,7.4191],[-64.90293,7.4732],[-64.89541,7.47624],[-64.89378,7.48022],[-64.89061,7.47998]]}},{"type":"Feature","id":"way/1511030503","properties":{"name":"Carretera Nacional Ciudad Bol\u00edvar - Caicara","highway":"trunk","ref":"T-19"},"geometry":{"type":"LineString","coordinates":[[-64.12777,7.60582],[-64.12741,7.6072]]}},{"type":"Feature","id":"way/1511030506","properties":{"name":"Carretera Nacional Ciudad Bol\u00edvar - Caicara","highway":"trunk","ref":"T-19"},"geometry":{"type":"LineString","coordinates":[[-65.87678,7.48264],[-65.87438,7.48415]]}},{"type":"Feature","id":"way/1511030507","properties":{"name":"Carretera Nacional Ciudad Bol\u00edvar - Caicara","highway":"trunk","ref":"T-19"},"geometry":{"type":"LineString","coordinates":[[-66.05273,7.52212],[-66.03671,7.52814],[-66.03319,7.52858],[-66.01263,7.52076],[-65.99965,7.51815],[-65.99541,7.51559],[-65.98618,7.50338],[-65.97527,7.49945],[-65.96969,7.49423],[-65.9662,7.49253]]}},{"type":"Feature","id":"way/1511034031","properties":{"name":"Carretera Nacional Ciudad Bol\u00edvar - Caicara","highway":"trunk","ref":"T-19"},"geometry":{"type":"LineString","coordinates":[[-63.66802,8.05112],[-63.66717,8.05078]]}},{"type":"Feature","id":"way/1511034032","properties":{"name":"Carretera Nacional Ciudad Bol\u00edvar - Caicara","highway":"trunk","ref":"T-19"},"geometry":{"type":"LineString","coordinates":[[-63.66717,8.05078],[-63.66452,8.05015],[-63.65591,8.05086],[-63.62401,8.06183],[-63.60724,8.07002]]}},{"type":"Feature","id":"way/1511034034","properties":{"name":"Carretera Nacional Ciudad Bol\u00edvar - Caicara","highway":"trunk","ref":"T-19"},"geometry":{"type":"LineString","coordinates":[[-63.96852,7.71251],[-63.9684,7.71258]]}},{"type":"Feature","id":"way/1511034035","properties":{"name":"Carretera Nacional Ciudad Bol\u00edvar - Caicara","highway":"trunk","ref":"T-19"},"geometry":{"type":"LineString","coordinates":[[-64.02879,7.68808],[-64.02667,7.68803],[-64.01522,7.69587],[-64.00454,7.69286],[-64.0009,7.69492],[-63.99399,7.69561],[-63.98503,7.70331],[-63.96852,7.71251]]}},{"type":"Feature","id":"way/1511034037","properties":{"name":"Carretera Nacional Ciudad Bol\u00edvar - Caicara","highway":"trunk","ref":"T-19"},"geometry":{"type":"LineString","coordinates":[[-64.02888,7.68811],[-64.02879,7.68808]]}},{"type":"Feature","id":"way/1511034038","properties":{"name":"Carretera Nacional Ciudad Bol\u00edvar - Caicara","highway":"trunk","ref":"T-19"},"geometry":{"type":"LineString","coordinates":[[-64.07141,7.65984],[-64.06898,7.66976],[-64.06567,7.67828],[-64.05609,7.68861],[-64.04005,7.69249],[-64.02888,7.68811]]}},{"type":"Feature","id":"way/1511035427","properties":{"name":"Carretera Nacional Ciudad Bol\u00edvar - Caicara","highway":"trunk","ref":"T-19"},"geometry":{"type":"LineString","coordinates":[[-64.89061,7.47998],[-64.89016,7.47989]]}},{"type":"Feature","id":"way/1511035428","properties":{"name":"Carretera Nacional Ciudad Bol\u00edvar - Caicara","highway":"trunk","ref":"T-19"},"geometry":{"type":"LineString","coordinates":[[-64.89016,7.47989],[-64.88366,7.47867],[-64.87134,7.48523],[-64.84975,7.48363],[-64.83552,7.47046],[-64.8346,7.46485],[-64.82656,7.45635]]}},{"type":"Feature","id":"way/1511037803","properties":{"name":"Carretera Nacional Ciudad Bol\u00edvar - Caicara","highway":"trunk","ref":"T-19"},"geometry":{"type":"LineString","coordinates":[[-64.40173,7.48942],[-64.40143,7.48951]]}},{"type":"Feature","id":"way/1511037804","properties":{"name":"Carretera Nacional Ciudad Bol\u00edvar - Caicara","highway":"trunk","ref":"T-19"},"geometry":{"type":"LineString","coordinates":[[-64.5561,7.51228],[-64.55365,7.5116],[-64.51998,7.49091],[-64.48331,7.48368],[-64.44947,7.48005],[-64.43448,7.48573],[-64.41593,7.48864],[-64.40173,7.48942]]}},{"type":"Feature","id":"way/1511037808","properties":{"name":"Carretera Nacional Ciudad Bol\u00edvar - Caicara","highway":"trunk","ref":"T-19"},"geometry":{"type":"LineString","coordinates":[[-64.55654,7.51229],[-64.5561,7.51228]]}},{"type":"Feature","id":"way/1511037809","properties":{"name":"Carretera Nacional Ciudad Bol\u00edvar - Caicara","highway":"trunk","ref":"T-19"},"geometry":{"type":"LineString","coordinates":[[-64.77763,7.44259],[-64.69115,7.44475],[-64.67622,7.45004],[-64.61425,7.47826],[-64.59842,7.49166],[-64.58404,7.50835],[-64.57986,7.5113],[-64.57223,7.51391],[-64.56682,7.51074],[-64.55654,7.51229]]}},{"type":"Feature","id":"way/1511038533","properties":{"name":"Carretera Nacional Ciudad Bol\u00edvar - Caicara","highway":"trunk","ref":"T-19"},"geometry":{"type":"LineString","coordinates":[[-64.26435,7.57604],[-64.26429,7.57605]]}},{"type":"Feature","id":"way/1511038534","properties":{"name":"Carretera Nacional Ciudad Bol\u00edvar - Caicara","highway":"trunk","ref":"T-19"},"geometry":{"type":"LineString","coordinates":[[-64.27589,7.5713],[-64.26435,7.57604]]}},{"type":"Feature","id":"way/1511038536","properties":{"name":"Carretera Nacional Ciudad Bol\u00edvar - Caicara","highway":"trunk","ref":"T-19"},"geometry":{"type":"LineString","coordinates":[[-64.27616,7.57121],[-64.27589,7.5713]]}},{"type":"Feature","id":"way/1511038537","properties":{"name":"Carretera Nacional Ciudad Bol\u00edvar - Caicara","highway":"trunk","ref":"T-19"},"geometry":{"type":"LineString","coordinates":[[-64.26429,7.57605],[-64.2599,7.57679],[-64.25498,7.57983],[-64.24086,7.58373],[-64.23331,7.58209],[-64.22777,7.58608],[-64.22531,7.58606],[-64.22056,7.58876],[-64.21678,7.58809],[-64.19628,7.58865],[-64.18783,7.59567],[-64.17236,7.60158]]}},{"type":"Feature","id":"way/1511038539","properties":{"name":"Carretera Nacional Ciudad Bol\u00edvar - Caicara","highway":"trunk","ref":"T-19"},"geometry":{"type":"LineString","coordinates":[[-64.39375,7.49695],[-64.39369,7.49714]]}},{"type":"Feature","id":"way/1511038540","properties":{"name":"Carretera Nacional Ciudad Bol\u00edvar - Caicara","highway":"trunk","ref":"T-19"},"geometry":{"type":"LineString","coordinates":[[-64.40143,7.48951],[-64.39593,7.49167],[-64.39375,7.49695]]}},{"type":"Feature","id":"way/1511040604","properties":{"name":"Carretera Nacional Ciudad Bol\u00edvar - Caicara","highway":"trunk","ref":"T-19"},"geometry":{"type":"LineString","coordinates":[[-65.58693,7.45212],[-65.58666,7.45167]]}},{"type":"Feature","id":"way/1511040605","properties":{"name":"Carretera Nacional Ciudad Bol\u00edvar - Caicara","highway":"trunk","ref":"T-19"},"geometry":{"type":"LineString","coordinates":[[-65.64712,7.48677],[-65.63814,7.48074],[-65.63125,7.47262],[-65.61005,7.45786],[-65.58977,7.45418],[-65.58693,7.45212]]}},{"type":"Feature","id":"way/1511040607","properties":{"name":"Carretera Nacional Ciudad Bol\u00edvar - Caicara","highway":"trunk","ref":"T-19"},"geometry":{"type":"LineString","coordinates":[[-65.66041,7.49745],[-65.66023,7.49745]]}},{"type":"Feature","id":"way/1511040608","properties":{"name":"Carretera Nacional Ciudad Bol\u00edvar - Caicara","highway":"trunk","ref":"T-19"},"geometry":{"type":"LineString","coordinates":[[-65.74355,7.50518],[-65.72623,7.51503],[-65.7111,7.5159],[-65.6764,7.4983],[-65.66041,7.49745]]}},{"type":"Feature","id":"way/1511041178","properties":{"name":"Carretera Nacional Ciudad Bol\u00edvar - Caicara","highway":"trunk","ref":"T-19"},"geometry":{"type":"LineString","coordinates":[[-65.41612,7.44255],[-65.41546,7.44261]]}},{"type":"Feature","id":"way/1511041179","properties":{"name":"Carretera Nacional Ciudad Bol\u00edvar - Caicara","highway":"trunk","ref":"T-19"},"geometry":{"type":"LineString","coordinates":[[-65.54521,7.42872],[-65.5386,7.433],[-65.52341,7.45356],[-65.52063,7.45455],[-65.49414,7.45717],[-65.4591,7.47546],[-65.45653,7.47509],[-65.45484,7.47375],[-65.43699,7.4451],[-65.4329,7.44342],[-65.41612,7.44255]]}},{"type":"Feature","id":"way/1511041465","properties":{"name":"Carretera Nacional Ciudad Bol\u00edvar - Caicara","highway":"trunk","ref":"T-19"},"geometry":{"type":"LineString","coordinates":[[-65.23994,7.40237],[-65.23953,7.40217]]}},{"type":"Feature","id":"way/1511041466","properties":{"name":"Carretera Nacional Ciudad Bol\u00edvar - Caicara","highway":"trunk","ref":"T-19"},"geometry":{"type":"LineString","coordinates":[[-65.23953,7.40217],[-65.23275,7.39892],[-65.23004,7.39882],[-65.22477,7.40143],[-65.22181,7.40643],[-65.21937,7.4083],[-65.21054,7.41102],[-65.20604,7.41005],[-65.20194,7.4109]]}},{"type":"Feature","id":"way/1511041712","properties":{"name":"Carretera Nacional Ciudad Bol\u00edvar - Caicara","highway":"trunk","ref":"T-19"},"geometry":{"type":"LineString","coordinates":[[-65.9662,7.49253],[-65.96567,7.49236]]}},{"type":"Feature","id":"way/1511041713","properties":{"name":"Carretera Nacional Ciudad Bol\u00edvar - Caicara","highway":"trunk","ref":"T-19"},"geometry":{"type":"LineString","coordinates":[[-65.96567,7.49236],[-65.94793,7.48691],[-65.92303,7.48665],[-65.8977,7.48509],[-65.88296,7.48034],[-65.88009,7.48076],[-65.87678,7.48264]]}},{"type":"Feature","id":"way/1511041715","properties":{"name":"Carretera Nacional Ciudad Bol\u00edvar - Caicara","highway":"trunk","ref":"T-19"},"geometry":{"type":"LineString","coordinates":[[-66.05306,7.522],[-66.05273,7.52212]]}},{"type":"Feature","id":"way/1511041716","properties":{"name":"Carretera Nacional Ciudad Bol\u00edvar - Caicara","highway":"trunk","ref":"T-19"},"geometry":{"type":"LineString","coordinates":[[-66.11755,7.54676],[-66.10961,7.53209],[-66.0903,7.51821],[-66.07484,7.51416],[-66.05306,7.522]]}},{"type":"Feature","id":"way/1511049717","properties":{"name":"Carretera Nacional Ciudad Bol\u00edvar - Caicara","highway":"trunk","ref":"T-19"},"geometry":{"type":"LineString","coordinates":[[-63.60724,8.07002],[-63.58802,8.07946]]}},{"type":"Feature","id":"way/1511049718","properties":{"name":"Carretera Nacional Ciudad Bol\u00edvar - Caicara","highway":"trunk","ref":"T-19"},"geometry":{"type":"LineString","coordinates":[[-63.82527,7.90969],[-63.82332,7.91361],[-63.80076,7.92974],[-63.79897,7.93222]]}},{"type":"Feature","id":"way/1511049719","properties":{"name":"Carretera Nacional Ciudad Bol\u00edvar - Caicara","highway":"trunk","ref":"T-19"},"geometry":{"type":"LineString","coordinates":[[-63.88058,7.8113],[-63.86406,7.82208],[-63.85817,7.82738],[-63.852,7.84982],[-63.84594,7.85869],[-63.84444,7.86278],[-63.84252,7.86465],[-63.83796,7.86552],[-63.83495,7.86918],[-63.83272,7.88001],[-63.82902,7.8836],[-63.82983,7.8875],[-63.8293,7.89008],[-63.82442,7.89341],[-63.82584,7.89848],[-63.82429,7.90276],[-63.82527,7.90969]]}},{"type":"Feature","id":"way/1511049720","properties":{"name":"Carretera Nacional Ciudad Bol\u00edvar - Caicara","highway":"trunk","ref":"T-19"},"geometry":{"type":"LineString","coordinates":[[-63.88272,7.79733],[-63.88142,7.79983],[-63.88258,7.80823],[-63.88058,7.8113]]}},{"type":"Feature","id":"way/1511049721","properties":{"name":"Carretera Nacional Ciudad Bol\u00edvar - Caicara","highway":"trunk","ref":"T-19"},"geometry":{"type":"LineString","coordinates":[[-63.90031,7.75953],[-63.8967,7.76477],[-63.89215,7.7658],[-63.88868,7.77036],[-63.88684,7.78435],[-63.884,7.78977],[-63.88272,7.79733]]}},{"type":"Feature","id":"way/1511049722","properties":{"name":"Carretera Nacional Ciudad Bol\u00edvar - Caicara","highway":"trunk","ref":"T-19"},"geometry":{"type":"LineString","coordinates":[[-63.91329,7.71665],[-63.9109,7.71713],[-63.90602,7.72305],[-63.90102,7.72729],[-63.89998,7.73287],[-63.90435,7.73755],[-63.90031,7.75953]]}},{"type":"Feature","id":"way/1511049723","properties":{"name":"Carretera Nacional Ciudad Bol\u00edvar - Caicara","highway":"trunk","ref":"T-19"},"geometry":{"type":"LineString","coordinates":[[-63.9684,7.71258],[-63.96583,7.71357],[-63.95642,7.71181],[-63.94246,7.70137],[-63.94088,7.70109],[-63.93776,7.70327],[-63.93489,7.70397],[-63.93167,7.70715],[-63.92386,7.70927],[-63.91329,7.71665]]}},{"type":"Feature","id":"way/1511049724","properties":{"name":"Carretera Nacional Ciudad Bol\u00edvar - Caicara","highway":"trunk","ref":"T-19"},"geometry":{"type":"LineString","coordinates":[[-64.08819,7.63866],[-64.07515,7.64861],[-64.07332,7.65166],[-64.07141,7.65984]]}},{"type":"Feature","id":"way/1511049725","properties":{"name":"Carretera Nacional Ciudad Bol\u00edvar - Caicara","highway":"trunk","ref":"T-19"},"geometry":{"type":"LineString","coordinates":[[-64.1158,7.62163],[-64.10495,7.6223],[-64.09704,7.62562],[-64.09295,7.62921],[-64.08819,7.63866]]}},{"type":"Feature","id":"way/1511049726","properties":{"name":"Carretera Nacional Ciudad Bol\u00edvar - Caicara","highway":"trunk","ref":"T-19"},"geometry":{"type":"LineString","coordinates":[[-64.12741,7.6072],[-64.1249,7.6168],[-64.1158,7.62163]]}},{"type":"Feature","id":"way/1511049727","properties":{"name":"Carretera Nacional Ciudad Bol\u00edvar - Caicara","highway":"trunk","ref":"T-19"},"geometry":{"type":"LineString","coordinates":[[-64.17236,7.60158],[-64.14135,7.59996],[-64.1371,7.6014],[-64.13056,7.60147],[-64.12865,7.60319],[-64.12777,7.60582]]}},{"type":"Feature","id":"way/1511049728","properties":{"name":"Carretera Nacional Ciudad Bol\u00edvar - Caicara","highway":"trunk","ref":"T-19"},"geometry":{"type":"LineString","coordinates":[[-64.82656,7.45635],[-64.81952,7.45285],[-64.81079,7.44541]]}},{"type":"Feature","id":"way/1511049729","properties":{"name":"Carretera Nacional Ciudad Bol\u00edvar - Caicara","highway":"trunk","ref":"T-19"},"geometry":{"type":"LineString","coordinates":[[-64.80332,7.44225],[-64.77763,7.44259]]}},{"type":"Feature","id":"way/1511049730","properties":{"name":"Carretera Nacional Ciudad Bol\u00edvar - Caicara","highway":"trunk","ref":"T-19"},"geometry":{"type":"LineString","coordinates":[[-65.19581,7.41255],[-65.17547,7.41328]]}},{"type":"Feature","id":"way/1511049731","properties":{"name":"Carretera Nacional Ciudad Bol\u00edvar - Caicara","highway":"trunk","ref":"T-19"},"geometry":{"type":"LineString","coordinates":[[-65.56699,7.43845],[-65.54521,7.42872]]}},{"type":"Feature","id":"way/1511049732","properties":{"name":"Carretera Nacional Ciudad Bol\u00edvar - Caicara","highway":"trunk","ref":"T-19"},"geometry":{"type":"LineString","coordinates":[[-65.58666,7.45167],[-65.58212,7.44571],[-65.56699,7.43845]]}},{"type":"Feature","id":"way/1511049733","properties":{"name":"Carretera Nacional Ciudad Bol\u00edvar - Caicara","highway":"trunk","ref":"T-19"},"geometry":{"type":"LineString","coordinates":[[-65.66023,7.49745],[-65.65555,7.49625],[-65.64712,7.48677]]}},{"type":"Feature","id":"way/1511049734","properties":{"name":"Carretera Nacional Ciudad Bol\u00edvar - Caicara","highway":"trunk","ref":"T-19"},"geometry":{"type":"LineString","coordinates":[[-65.7626,7.50036],[-65.7527,7.50026],[-65.74355,7.50518]]}},{"type":"Feature","id":"way/1511049735","properties":{"name":"Carretera Nacional Ciudad Bol\u00edvar - Caicara","highway":"trunk","ref":"T-19"},"geometry":{"type":"LineString","coordinates":[[-65.79291,7.502],[-65.7626,7.50036]]}},{"type":"Feature","id":"way/1511049736","properties":{"name":"Carretera Nacional Ciudad Bol\u00edvar - Caicara","highway":"trunk","ref":"T-19"},"geometry":{"type":"LineString","coordinates":[[-65.83323,7.51219],[-65.8237,7.51099],[-65.7994,7.50272],[-65.79291,7.502]]}},{"type":"Feature","id":"way/1511049737","properties":{"name":"Carretera Nacional Ciudad Bol\u00edvar - Caicara","highway":"trunk","ref":"T-19"},"geometry":{"type":"LineString","coordinates":[[-65.87438,7.48415],[-65.86689,7.48958],[-65.8656,7.50503],[-65.85758,7.51348],[-65.85301,7.51464],[-65.83323,7.51219]]}},{"type":"Feature","id":"way/1512313234","properties":{"name":"V\u00eda a Ca\u00f1o El Tigre","highway":"tertiary"},"geometry":{"type":"LineString","coordinates":[[-66.04827,7.38162],[-66.05354,7.37927],[-66.05867,7.3805],[-66.06124,7.38329],[-66.06372,7.39264],[-66.06815,7.40122],[-66.07151,7.40451],[-66.07492,7.41405],[-66.08013,7.42366],[-66.08068,7.42953],[-66.08318,7.4359],[-66.07854,7.46227],[-66.08306,7.47857]]}},{"type":"Feature","id":"way/1512313236","properties":{"name":"V\u00eda a Ca\u00f1o El Tigre","highway":"tertiary"},"geometry":{"type":"LineString","coordinates":[[-66.08306,7.47857],[-66.08723,7.48984],[-66.08684,7.495],[-66.08896,7.50019],[-66.09525,7.50325],[-66.09837,7.50667],[-66.09583,7.51238],[-66.09555,7.5215]]}},{"type":"Feature","id":"way/1512317163","properties":{"name":"V\u00eda a Ca\u00f1o El Tigre","highway":"tertiary"},"geometry":{"type":"LineString","coordinates":[[-65.95249,7.26224],[-65.9526,7.26243]]}},{"type":"Feature","id":"way/1512317164","properties":{"name":"V\u00eda a Ca\u00f1o El Tigre","highway":"tertiary"},"geometry":{"type":"LineString","coordinates":[[-65.89407,7.24844],[-65.90017,7.24969],[-65.91223,7.24792],[-65.9361,7.25146],[-65.94132,7.25483],[-65.94933,7.25731],[-65.95249,7.26224]]}},{"type":"Feature","id":"way/1512317165","properties":{"name":"V\u00eda a Ca\u00f1o El Tigre","highway":"tertiary"},"geometry":{"type":"LineString","coordinates":[[-65.9526,7.26243],[-65.95353,7.26352],[-65.96562,7.26665],[-65.96853,7.26913],[-65.98459,7.27404],[-65.98971,7.2885],[-65.99213,7.29193],[-65.99414,7.29768],[-65.99972,7.30085],[-65.99917,7.30875],[-66.00598,7.31616],[-66.00877,7.3266],[-66.01694,7.34411]]}},{"type":"Feature","id":"way/1512317166","properties":{"name":"V\u00eda a Ca\u00f1o El Tigre","highway":"tertiary"},"geometry":{"type":"LineString","coordinates":[[-66.048,7.38176],[-66.04827,7.38162]]}},{"type":"Feature","id":"way/1512317167","properties":{"name":"V\u00eda a Ca\u00f1o El Tigre","highway":"tertiary"},"geometry":{"type":"LineString","coordinates":[[-66.01694,7.34411],[-66.02428,7.3517],[-66.0374,7.37346],[-66.0455,7.38219],[-66.048,7.38176]]}},{"type":"Feature","id":"way/1512317690","properties":{"highway":"tertiary"},"geometry":{"type":"LineString","coordinates":[[-65.89407,7.24844],[-65.88837,7.24934]]}},{"type":"Feature","id":"way/1516686524","properties":{"name":"V\u00eda a T\u00fariba","highway":"tertiary"},"geometry":{"type":"LineString","coordinates":[[-66.70632,6.71637],[-66.71003,6.72175],[-66.72537,6.73684]]}},{"type":"Feature","id":"way/1516686525","properties":{"name":"V\u00eda a T\u00fariba","highway":"tertiary"},"geometry":{"type":"LineString","coordinates":[[-66.65776,6.65145],[-66.66178,6.6527],[-66.66314,6.65468],[-66.66587,6.65604],[-66.67023,6.65481],[-66.67103,6.65533],[-66.67417,6.66378],[-66.6835,6.67462],[-66.68915,6.68863],[-66.68891,6.69864],[-66.69153,6.70445],[-66.69529,6.7097],[-66.70632,6.71637]]}},{"type":"Feature","id":"way/1518361915","properties":{"name":"Paseo Orinoco","highway":"tertiary"},"geometry":{"type":"LineString","coordinates":[[-63.5566,8.14087],[-63.55377,8.14561],[-63.53698,8.14636]]}},{"type":"Feature","id":"way/1518361916","properties":{"name":"Paseo Orinoco","highway":"tertiary"},"geometry":{"type":"LineString","coordinates":[[-63.53699,8.14643],[-63.55386,8.14571],[-63.5567,8.1409]]}},{"type":"Feature","id":"way/1518361925","properties":{"name":"Redoma del Psiqui\u00e1trico","highway":"tertiary"},"geometry":{"type":"LineString","coordinates":[[-63.52613,8.13199],[-63.52613,8.13199]]}},{"type":"Feature","id":"way/1518361928","properties":{"name":"Redoma Rotary","highway":"tertiary"},"geometry":{"type":"LineString","coordinates":[[-63.53599,8.13235],[-63.53599,8.13235]]}},{"type":"Feature","id":"way/1518361930","properties":{"name":"Avenida Germania","highway":"tertiary"},"geometry":{"type":"LineString","coordinates":[[-63.53579,8.13234],[-63.52662,8.13181]]}},{"type":"Feature","id":"way/1518361931","properties":{"name":"Avenida Germania","highway":"tertiary"},"geometry":{"type":"LineString","coordinates":[[-63.52652,8.13226],[-63.53577,8.13254]]}},{"type":"Feature","id":"way/1518361932","properties":{"name":"Avenida Germania","highway":"tertiary"},"geometry":{"type":"LineString","coordinates":[[-63.53591,8.13259],[-63.53867,8.13365]]}},{"type":"Feature","id":"way/1518361933","properties":{"name":"Avenida Germania","highway":"tertiary"},"geometry":{"type":"LineString","coordinates":[[-63.53852,8.1335],[-63.53601,8.13238]]}},{"type":"Feature","id":"way/1518361934","properties":{"highway":"tertiary"},"geometry":{"type":"LineString","coordinates":[[-63.53867,8.13365],[-63.53811,8.13695]]}},{"type":"Feature","id":"way/1518361935","properties":{"highway":"tertiary"},"geometry":{"type":"LineString","coordinates":[[-63.53833,8.1369],[-63.53867,8.13365]]}},{"type":"Feature","id":"way/1518361936","properties":{"name":"Avenida 19 de Abril","highway":"tertiary"},"geometry":{"type":"LineString","coordinates":[[-63.53811,8.13717],[-63.53661,8.14185],[-63.53693,8.14644]]}},{"type":"Feature","id":"way/1518361937","properties":{"name":"Avenida 19 de Abril","highway":"tertiary"},"geometry":{"type":"LineString","coordinates":[[-63.53699,8.14643],[-63.53667,8.14186],[-63.53822,8.13723]]}},{"type":"Feature","id":"way/1518361938","properties":{"name":"Redoma La Fuente","highway":"tertiary"},"geometry":{"type":"LineString","coordinates":[[-63.53814,8.13692],[-63.53814,8.13692]]}},{"type":"Feature","id":"way/1518361941","properties":{"name":"Avenida 5 de Julio","highway":"tertiary"},"geometry":{"type":"LineString","coordinates":[[-63.56176,8.13471],[-63.5595,8.13401],[-63.55669,8.13523],[-63.55189,8.13563],[-63.54828,8.13782],[-63.53836,8.13692]]}},{"type":"Feature","id":"way/1518361942","properties":{"name":"Avenida 5 de Julio","highway":"tertiary"},"geometry":{"type":"LineString","coordinates":[[-63.53842,8.13713],[-63.54837,8.13792],[-63.55215,8.13568],[-63.55664,8.13535],[-63.55932,8.13413],[-63.56173,8.13481]]}},{"type":"Feature","id":"way/1518361946","properties":{"name":"Paseo Meneses","highway":"tertiary"},"geometry":{"type":"LineString","coordinates":[[-63.54683,8.12353],[-63.54687,8.12365]]}},{"type":"Feature","id":"way/1518361947","properties":{"name":"Paseo Meneses","highway":"tertiary"},"geometry":{"type":"LineString","coordinates":[[-63.54702,8.12372],[-63.54683,8.12353]]}},{"type":"Feature","id":"way/1518361948","properties":{"name":"Avenida 17 de Diciembre","highway":"tertiary"},"geometry":{"type":"LineString","coordinates":[[-63.54599,8.12153],[-63.54608,8.12168]]}},{"type":"Feature","id":"way/1518361949","properties":{"name":"Avenida 17 de Diciembre","highway":"tertiary"},"geometry":{"type":"LineString","coordinates":[[-63.54608,8.12168],[-63.54604,8.12148]]}},{"type":"Feature","id":"way/1518361950","properties":{"name":"Avenida 17 de Diciembre","highway":"tertiary"},"geometry":{"type":"LineString","coordinates":[[-63.54608,8.12168],[-63.54683,8.12353]]}},{"type":"Feature","id":"way/1518361951","properties":{"name":"Paseo Meneses","highway":"tertiary"},"geometry":{"type":"LineString","coordinates":[[-63.55259,8.13561],[-63.54702,8.12372]]}},{"type":"Feature","id":"way/1518361952","properties":{"name":"Paseo Meneses","highway":"tertiary"},"geometry":{"type":"LineString","coordinates":[[-63.54687,8.12365],[-63.55249,8.13562]]}},{"type":"Feature","id":"way/1518361953","properties":{"highway":"primary_link"},"geometry":{"type":"LineString","coordinates":[[-63.54514,8.12278],[-63.54495,8.12245]]}},{"type":"Feature","id":"way/1518361954","properties":{"highway":"tertiary"},"geometry":{"type":"LineString","coordinates":[[-63.54602,8.12142],[-63.54596,8.12147]]}},{"type":"Feature","id":"way/1518361955","properties":{"highway":"primary_link"},"geometry":{"type":"LineString","coordinates":[[-63.54456,8.1229],[-63.54469,8.12276]]}},{"type":"Feature","id":"way/1518361959","properties":{"highway":"tertiary"},"geometry":{"type":"LineString","coordinates":[[-63.54149,8.11286],[-63.54149,8.11286]]}},{"type":"Feature","id":"way/1518361960","properties":{"name":"Avenida 17 de Diciembre","highway":"tertiary"},"geometry":{"type":"LineString","coordinates":[[-63.54604,8.12148],[-63.54602,8.12142]]}},{"type":"Feature","id":"way/1518361961","properties":{"name":"Avenida 17 de Diciembre","highway":"tertiary"},"geometry":{"type":"LineString","coordinates":[[-63.54136,8.11299],[-63.54543,8.12017]]}},{"type":"Feature","id":"way/1518361962","properties":{"name":"Avenida Andr\u00e9s Eloy Blanco","highway":"tertiary"},"geometry":{"type":"LineString","coordinates":[[-63.53969,8.10238],[-63.543,8.11201]]}},{"type":"Feature","id":"way/1518361963","properties":{"name":"Avenida Andr\u00e9s Eloy Blanco","highway":"tertiary"},"geometry":{"type":"LineString","coordinates":[[-63.54307,8.11199],[-63.53969,8.10238]]}},{"type":"Feature","id":"way/1518361964","properties":{"name":"Avenida Nueva Granada","highway":"tertiary"},"geometry":{"type":"LineString","coordinates":[[-63.543,8.11201],[-63.54138,8.1128]]}},{"type":"Feature","id":"way/1518361965","properties":{"name":"Avenida Nueva Granada","highway":"tertiary"},"geometry":{"type":"LineString","coordinates":[[-63.5415,8.11291],[-63.543,8.11201]]}},{"type":"Feature","id":"way/1518361966","properties":{"name":"Calle Los Caribes","highway":"tertiary"},"geometry":{"type":"LineString","coordinates":[[-63.55597,8.10776],[-63.55625,8.10613]]}},{"type":"Feature","id":"way/1518361967","properties":{"name":"Calle Los Caribes","highway":"tertiary"},"geometry":{"type":"LineString","coordinates":[[-63.556,8.10617],[-63.55584,8.10779]]}},{"type":"Feature","id":"way/1518361968","properties":{"name":"Avenida Nueva Granada","highway":"tertiary"},"geometry":{"type":"LineString","coordinates":[[-63.55597,8.10776],[-63.55084,8.10985]]}},{"type":"Feature","id":"way/1518361969","properties":{"name":"Calle Bella Vista","highway":"tertiary"},"geometry":{"type":"LineString","coordinates":[[-63.56097,8.10539],[-63.556,8.10617]]}},{"type":"Feature","id":"way/1518361970","properties":{"name":"Avenida Libertador","highway":"primary"},"geometry":{"type":"LineString","coordinates":[[-63.52726,8.12599],[-63.52728,8.12589]]}},{"type":"Feature","id":"way/1518361971","properties":{"name":"Avenida Libertador","highway":"primary"},"geometry":{"type":"LineString","coordinates":[[-63.52836,8.06382],[-63.52442,8.07461],[-63.52737,8.08612],[-63.53153,8.09339],[-63.53004,8.105]]}},{"type":"Feature","id":"way/1518361972","properties":{"highway":"tertiary"},"geometry":{"type":"LineString","coordinates":[[-63.56962,8.1258],[-63.56723,8.12234],[-63.5686,8.11701],[-63.56758,8.11369],[-63.57038,8.10868],[-63.57221,8.0984],[-63.57216,8.09015]]}},{"type":"Feature","id":"way/1518361973","properties":{"highway":"tertiary"},"geometry":{"type":"LineString","coordinates":[[-63.58535,8.08095],[-63.57247,8.08833],[-63.57216,8.09015]]}},{"type":"Feature","id":"way/1518361974","properties":{"highway":"tertiary"},"geometry":{"type":"LineString","coordinates":[[-63.57216,8.09015],[-63.57025,8.10878],[-63.56748,8.11369],[-63.56849,8.11715],[-63.56711,8.12225],[-63.56954,8.12586]]}},{"type":"Feature","id":"way/1518361975","properties":{"highway":"tertiary"},"geometry":{"type":"LineString","coordinates":[[-63.59868,8.0951],[-63.59506,8.09899],[-63.58636,8.09984]]}},{"type":"Feature","id":"way/1518361976","properties":{"highway":"tertiary"},"geometry":{"type":"LineString","coordinates":[[-63.58342,8.12062],[-63.58323,8.12296]]}},{"type":"Feature","id":"way/1518361978","properties":{"name":"Avenida Principal de El Per\u00fa","highway":"tertiary"},"geometry":{"type":"LineString","coordinates":[[-63.58636,8.09984],[-63.58816,8.11959]]}},{"type":"Feature","id":"way/1518361979","properties":{"name":"Avenida Principal de El Per\u00fa","highway":"tertiary"},"geometry":{"type":"LineString","coordinates":[[-63.58827,8.11956],[-63.58645,8.09984]]}},{"type":"Feature","id":"way/1518361980","properties":{"name":"Elevado de Las Banderas","highway":"primary_link"},"geometry":{"type":"LineString","coordinates":[[-63.56349,8.12984],[-63.56525,8.12905]]}},{"type":"Feature","id":"way/1518361981","properties":{"name":"Elevado de Las Banderas","highway":"primary_link"},"geometry":{"type":"LineString","coordinates":[[-63.56538,8.12891],[-63.56517,8.12892]]}},{"type":"Feature","id":"way/1518361982","properties":{"name":"V\u00eda al Puente Angostura","highway":"primary"},"geometry":{"type":"LineString","coordinates":[[-63.60414,8.12296],[-63.57575,8.12303],[-63.57199,8.12419],[-63.56713,8.12765]]}},{"type":"Feature","id":"way/1518361983","properties":{"name":"Paseo Sim\u00f3n Bol\u00edvar","highway":"primary"},"geometry":{"type":"LineString","coordinates":[[-63.49305,8.11643],[-63.48448,8.11071]]}},{"type":"Feature","id":"way/1518361984","properties":{"name":"Paseo Sim\u00f3n Bol\u00edvar","highway":"primary"},"geometry":{"type":"LineString","coordinates":[[-63.49324,8.1166],[-63.49434,8.11685]]}},{"type":"Feature","id":"way/1518376558","properties":{"name":"Avenida Espa\u00f1a","highway":"secondary"},"geometry":{"type":"LineString","coordinates":[[-63.56349,8.12984],[-63.56367,8.12934]]}},{"type":"Feature","id":"way/1518376559","properties":{"name":"Avenida Espa\u00f1a","highway":"secondary"},"geometry":{"type":"LineString","coordinates":[[-63.55233,8.06255],[-63.55726,8.08002],[-63.56114,8.10785],[-63.56245,8.11188]]}},{"type":"Feature","id":"way/1518387608","properties":{"highway":"tertiary"},"geometry":{"type":"LineString","coordinates":[[-63.52658,8.13177],[-63.52726,8.12599]]}},{"type":"Feature","id":"way/1518387609","properties":{"highway":"tertiary"},"geometry":{"type":"LineString","coordinates":[[-63.52717,8.12595],[-63.52622,8.1318]]}},{"type":"Feature","id":"way/1518389141","properties":{"name":"Avenida Rep\u00fablica","highway":"primary"},"geometry":{"type":"LineString","coordinates":[[-63.56538,8.12891],[-63.56367,8.12956]]}},{"type":"Feature","id":"way/1518389142","properties":{"name":"Avenida Rep\u00fablica","highway":"primary"},"geometry":{"type":"LineString","coordinates":[[-63.54456,8.1229],[-63.54687,8.12365]]}},{"type":"Feature","id":"way/1518416164","properties":{"name":"Avenida Jes\u00fas Soto","highway":"primary"},"geometry":{"type":"LineString","coordinates":[[-63.52726,8.12599],[-63.53143,8.12776]]}},{"type":"Feature","id":"way/1518416165","properties":{"name":"Avenida Jes\u00fas Soto","highway":"primary"},"geometry":{"type":"LineString","coordinates":[[-63.54514,8.12278],[-63.54469,8.12276]]}},{"type":"Feature","id":"way/1518416166","properties":{"highway":"tertiary"},"geometry":{"type":"LineString","coordinates":[[-63.58827,8.11956],[-63.58342,8.12062]]}},{"type":"Feature","id":"way/1518444753","properties":{"name":"Paseo Sim\u00f3n Bol\u00edvar","highway":"primary"},"geometry":{"type":"LineString","coordinates":[[-63.50795,8.11686],[-63.50767,8.11671]]}},{"type":"Feature","id":"way/1518444754","properties":{"name":"Paseo Sim\u00f3n Bol\u00edvar","highway":"primary"},"geometry":{"type":"LineString","coordinates":[[-63.52719,8.12585],[-63.52379,8.12431]]}},{"type":"Feature","id":"way/1518444755","properties":{"name":"Paseo Sim\u00f3n Bol\u00edvar","highway":"primary"},"geometry":{"type":"LineString","coordinates":[[-63.50795,8.11696],[-63.51048,8.11836]]}},{"type":"Feature","id":"way/1518444756","properties":{"name":"Paseo Sim\u00f3n Bol\u00edvar","highway":"primary"},"geometry":{"type":"LineString","coordinates":[[-63.50767,8.11681],[-63.50795,8.11696]]}},{"type":"Feature","id":"way/1518444758","properties":{"name":"V\u00eda al Puente Angostura","highway":"primary"},"geometry":{"type":"LineString","coordinates":[[-63.56677,8.12792],[-63.56538,8.12891]]}},{"type":"Feature","id":"way/1518444759","properties":{"name":"V\u00eda al Puente Angostura","highway":"primary"},"geometry":{"type":"LineString","coordinates":[[-63.56713,8.12765],[-63.56677,8.12792]]}},{"type":"Feature","id":"way/1518444761","properties":{"name":"Paseo Orinoco","highway":"tertiary"},"geometry":{"type":"LineString","coordinates":[[-63.56252,8.13257],[-63.5627,8.13207]]}},{"type":"Feature","id":"way/1518444762","properties":{"name":"Paseo Orinoco","highway":"tertiary"},"geometry":{"type":"LineString","coordinates":[[-63.5627,8.13207],[-63.56343,8.13002]]}},{"type":"Feature","id":"way/1518444763","properties":{"name":"Paseo Orinoco","highway":"tertiary"},"geometry":{"type":"LineString","coordinates":[[-63.56261,8.13204],[-63.56243,8.13254]]}},{"type":"Feature","id":"way/1518444764","properties":{"name":"Paseo Orinoco","highway":"tertiary"},"geometry":{"type":"LineString","coordinates":[[-63.56339,8.12984],[-63.56261,8.13204]]}},{"type":"Feature","id":"way/1518451106","properties":{"name":"Elevado de Las Banderas","highway":"primary_link"},"geometry":{"type":"LineString","coordinates":[[-63.56343,8.13002],[-63.5637,8.12982]]}},{"type":"Feature","id":"way/1518451107","properties":{"name":"Elevado de Las Banderas","highway":"primary_link"},"geometry":{"type":"LineString","coordinates":[[-63.5631,8.12984],[-63.56328,8.13015]]}},{"type":"Feature","id":"way/1518451108","properties":{"name":"Elevado de Las Banderas","highway":"primary_link"},"geometry":{"type":"LineString","coordinates":[[-63.56365,8.12911],[-63.56316,8.12936]]}},{"type":"Feature","id":"way/1518451109","properties":{"name":"Elevado de Las Banderas","highway":"primary_link"},"geometry":{"type":"LineString","coordinates":[[-63.56517,8.12892],[-63.56386,8.12844]]}},{"type":"Feature","id":"way/1518451110","properties":{"name":"Avenida Rep\u00fablica","highway":"primary"},"geometry":{"type":"LineString","coordinates":[[-63.56339,8.12967],[-63.56364,8.12964]]}},{"type":"Feature","id":"way/1518451111","properties":{"name":"Avenida Rep\u00fablica","highway":"primary"},"geometry":{"type":"LineString","coordinates":[[-63.56168,8.12942],[-63.56339,8.12967]]}},{"type":"Feature","id":"way/1518451112","properties":{"name":"Avenida Rep\u00fablica","highway":"primary"},"geometry":{"type":"LineString","coordinates":[[-63.56341,8.12959],[-63.56145,8.12931]]}},{"type":"Feature","id":"way/1518451113","properties":{"name":"Avenida Rep\u00fablica","highway":"primary"},"geometry":{"type":"LineString","coordinates":[[-63.56367,8.12956],[-63.56341,8.12959]]}},{"type":"Feature","id":"way/1518451115","properties":{"name":"Elevado de Las Banderas","highway":"primary_link"},"geometry":{"type":"LineString","coordinates":[[-63.56356,8.12935],[-63.56145,8.12931]]}},{"type":"Feature","id":"way/1518451116","properties":{"name":"Elevado de Las Banderas","highway":"primary_link"},"geometry":{"type":"LineString","coordinates":[[-63.56367,8.12934],[-63.56356,8.12935]]}},{"type":"Feature","id":"way/1518451117","properties":{"name":"Elevado de Las Banderas","highway":"primary_link"},"geometry":{"type":"LineString","coordinates":[[-63.56339,8.12984],[-63.56349,8.12984]]}},{"type":"Feature","id":"way/1518451118","properties":{"name":"Elevado de Las Banderas","highway":"primary_link"},"geometry":{"type":"LineString","coordinates":[[-63.56168,8.12942],[-63.5631,8.12984]]}},{"type":"Feature","id":"way/1518451119","properties":{"name":"Avenida Rep\u00fablica","highway":"primary"},"geometry":{"type":"LineString","coordinates":[[-63.56145,8.12931],[-63.56066,8.12925]]}},{"type":"Feature","id":"way/1518451120","properties":{"name":"Avenida Rep\u00fablica","highway":"primary"},"geometry":{"type":"LineString","coordinates":[[-63.56066,8.12934],[-63.56168,8.12942]]}},{"type":"Feature","id":"way/1518451121","properties":{"name":"Avenida Rep\u00fablica","highway":"primary"},"geometry":{"type":"LineString","coordinates":[[-63.56026,8.12923],[-63.54683,8.12353]]}},{"type":"Feature","id":"way/1518451122","properties":{"name":"Avenida Rep\u00fablica","highway":"primary"},"geometry":{"type":"LineString","coordinates":[[-63.56066,8.12925],[-63.56026,8.12923]]}},{"type":"Feature","id":"way/1518451123","properties":{"name":"Avenida Rep\u00fablica","highway":"primary"},"geometry":{"type":"LineString","coordinates":[[-63.56364,8.12964],[-63.56525,8.12905]]}},{"type":"Feature","id":"way/1518451124","properties":{"name":"Avenida Rep\u00fablica","highway":"primary"},"geometry":{"type":"LineString","coordinates":[[-63.56026,8.12932],[-63.56066,8.12934]]}},{"type":"Feature","id":"way/1518451126","properties":{"name":"Avenida Nueva Granada","highway":"tertiary"},"geometry":{"type":"LineString","coordinates":[[-63.55029,8.10994],[-63.54307,8.11199]]}},{"type":"Feature","id":"way/1518451127","properties":{"name":"Avenida Nueva Granada","highway":"tertiary"},"geometry":{"type":"LineString","coordinates":[[-63.55084,8.10985],[-63.55029,8.10994]]}},{"type":"Feature","id":"way/1518451129","properties":{"name":"Paseo Sim\u00f3n Bol\u00edvar","highway":"primary"},"geometry":{"type":"LineString","coordinates":[[-63.47575,8.10739],[-63.46989,8.10523]]}},{"type":"Feature","id":"way/1518451130","properties":{"name":"Paseo Sim\u00f3n Bol\u00edvar","highway":"primary"},"geometry":{"type":"LineString","coordinates":[[-63.47601,8.10749],[-63.47575,8.10739]]}},{"type":"Feature","id":"way/1518451131","properties":{"name":"Paseo Sim\u00f3n Bol\u00edvar","highway":"primary"},"geometry":{"type":"LineString","coordinates":[[-63.47571,8.10751],[-63.47597,8.10761]]}},{"type":"Feature","id":"way/1518451132","properties":{"name":"Paseo Sim\u00f3n Bol\u00edvar","highway":"primary"},"geometry":{"type":"LineString","coordinates":[[-63.45453,8.09558],[-63.45878,8.09799]]}},{"type":"Feature","id":"way/1518457036","properties":{"highway":"primary_link"},"geometry":{"type":"LineString","coordinates":[[-63.5272,8.12648],[-63.52772,8.1262]]}},{"type":"Feature","id":"way/1518457037","properties":{"highway":"primary_link"},"geometry":{"type":"LineString","coordinates":[[-63.52778,8.12612],[-63.52735,8.12536]]}},{"type":"Feature","id":"way/1518457038","properties":{"highway":"primary_link"},"geometry":{"type":"LineString","coordinates":[[-63.52672,8.12574],[-63.5271,8.12644]]}},{"type":"Feature","id":"way/1518457039","properties":{"highway":"primary_link"},"geometry":{"type":"LineString","coordinates":[[-63.52729,8.1251],[-63.5265,8.12553]]}},{"type":"Feature","id":"way/1518457040","properties":{"highway":"tertiary"},"geometry":{"type":"LineString","coordinates":[[-63.54495,8.12245],[-63.54599,8.12153]]}},{"type":"Feature","id":"way/1518459791","properties":{"name":"Avenida Espa\u00f1a","highway":"secondary"},"geometry":{"type":"LineString","coordinates":[[-63.56255,8.1119],[-63.56123,8.10784],[-63.55735,8.08002],[-63.55259,8.06263]]}},{"type":"Feature","id":"way/1518459792","properties":{"name":"Avenida Espa\u00f1a","highway":"secondary"},"geometry":{"type":"LineString","coordinates":[[-63.56356,8.12935],[-63.56339,8.12984]]}},{"type":"Feature","id":"way/1518459793","properties":{"name":"Avenida Espa\u00f1a","highway":"secondary"},"geometry":{"type":"LineString","coordinates":[[-63.56365,8.12911],[-63.56356,8.12935]]}},{"type":"Feature","id":"way/1518459794","properties":{"name":"Paseo Orinoco","highway":"tertiary"},"geometry":{"type":"LineString","coordinates":[[-63.56343,8.13002],[-63.56349,8.12984]]}},{"type":"Feature","id":"way/1518459795","properties":{"name":"Avenida Rep\u00fablica","highway":"primary"},"geometry":{"type":"LineString","coordinates":[[-63.56525,8.12905],[-63.56538,8.12891]]}},{"type":"Feature","id":"way/1518459796","properties":{"name":"Elevado de Las Banderas","highway":"primary_link"},"geometry":{"type":"LineString","coordinates":[[-63.56517,8.12892],[-63.56367,8.12934]]}},{"type":"Feature","id":"way/1518459797","properties":{"highway":"tertiary"},"geometry":{"type":"LineString","coordinates":[[-63.54469,8.12276],[-63.54495,8.12245]]}},{"type":"Feature","id":"way/1518459798","properties":{"name":"Avenida Jes\u00fas Soto","highway":"primary"},"geometry":{"type":"LineString","coordinates":[[-63.54469,8.12276],[-63.53915,8.12636],[-63.53123,8.12764]]}},{"type":"Feature","id":"way/1518459799","properties":{"name":"Avenida Jes\u00fas Soto","highway":"primary"},"geometry":{"type":"LineString","coordinates":[[-63.53143,8.12776],[-63.53918,8.12644],[-63.54456,8.1229]]}},{"type":"Feature","id":"way/1518459801","properties":{"name":"Avenida Jes\u00fas Soto","highway":"primary"},"geometry":{"type":"LineString","coordinates":[[-63.53123,8.12764],[-63.52728,8.12589]]}},{"type":"Feature","id":"way/1518459802","properties":{"name":"Avenida Libertador","highway":"primary"},"geometry":{"type":"LineString","coordinates":[[-63.52719,8.12585],[-63.52717,8.12595]]}},{"type":"Feature","id":"way/1518459803","properties":{"name":"Avenida Jes\u00fas Soto","highway":"primary"},"geometry":{"type":"LineString","coordinates":[[-63.52728,8.12589],[-63.52719,8.12585]]}},{"type":"Feature","id":"way/1518459804","properties":{"name":"Avenida Libertador","highway":"primary"},"geometry":{"type":"LineString","coordinates":[[-63.52728,8.12589],[-63.53016,8.10485]]}},{"type":"Feature","id":"way/1518459805","properties":{"name":"Paseo Sim\u00f3n Bol\u00edvar","highway":"primary"},"geometry":{"type":"LineString","coordinates":[[-63.52717,8.12595],[-63.52726,8.12599]]}},{"type":"Feature","id":"way/1518466816","properties":{"name":"Paseo Orinoco","highway":"tertiary"},"geometry":{"type":"LineString","coordinates":[[-63.53698,8.14636],[-63.53691,8.14637]]}},{"type":"Feature","id":"way/1518466817","properties":{"name":"Paseo Orinoco","highway":"tertiary"},"geometry":{"type":"LineString","coordinates":[[-63.53693,8.14644],[-63.53699,8.14643]]}},{"type":"Feature","id":"way/1518466818","properties":{"name":"Paseo Orinoco","highway":"tertiary"},"geometry":{"type":"LineString","coordinates":[[-63.5567,8.1409],[-63.56098,8.13657],[-63.56252,8.13257]]}},{"type":"Feature","id":"way/1518466819","properties":{"name":"Paseo Orinoco","highway":"tertiary"},"geometry":{"type":"LineString","coordinates":[[-63.56243,8.13254],[-63.56092,8.13652],[-63.5566,8.14087]]}},{"type":"Feature","id":"way/1518498591","properties":{"highway":"primary_link"},"geometry":{"type":"LineString","coordinates":[[-63.52379,8.12431],[-63.52374,8.1244]]}},{"type":"Feature","id":"way/1518503323","properties":{"highway":"primary_link"},"geometry":{"type":"LineString","coordinates":[[-63.51055,8.11824],[-63.51048,8.11836]]}},{"type":"Feature","id":"way/1518515653","properties":{"highway":"primary_link"},"geometry":{"type":"LineString","coordinates":[[-63.52252,8.12385],[-63.52256,8.12376]]}},{"type":"Feature","id":"way/1518515665","properties":{"highway":"primary_link"},"geometry":{"type":"LineString","coordinates":[[-63.52005,8.12261],[-63.52001,8.12271]]}},{"type":"Feature","id":"way/1518521906","properties":{"highway":"primary_link"},"geometry":{"type":"LineString","coordinates":[[-63.51455,8.12001],[-63.5145,8.12017]]}},{"type":"Feature","id":"way/1518532625","properties":{"name":"Paseo Sim\u00f3n Bol\u00edvar","highway":"primary"},"geometry":{"type":"LineString","coordinates":[[-63.52374,8.1244],[-63.52717,8.12595]]}},{"type":"Feature","id":"way/1518532627","properties":{"name":"Paseo Sim\u00f3n Bol\u00edvar","highway":"primary"},"geometry":{"type":"LineString","coordinates":[[-63.52379,8.12431],[-63.52256,8.12376]]}},{"type":"Feature","id":"way/1518532628","properties":{"name":"Paseo Sim\u00f3n Bol\u00edvar","highway":"primary"},"geometry":{"type":"LineString","coordinates":[[-63.52256,8.12376],[-63.52005,8.12261]]}},{"type":"Feature","id":"way/1518532629","properties":{"name":"Paseo Sim\u00f3n Bol\u00edvar","highway":"primary"},"geometry":{"type":"LineString","coordinates":[[-63.52252,8.12385],[-63.52374,8.1244]]}},{"type":"Feature","id":"way/1518532630","properties":{"name":"Paseo Sim\u00f3n Bol\u00edvar","highway":"primary"},"geometry":{"type":"LineString","coordinates":[[-63.52005,8.12261],[-63.52002,8.1226]]}},{"type":"Feature","id":"way/1518532631","properties":{"name":"Paseo Sim\u00f3n Bol\u00edvar","highway":"primary"},"geometry":{"type":"LineString","coordinates":[[-63.52002,8.1226],[-63.51455,8.12001]]}},{"type":"Feature","id":"way/1518532633","properties":{"name":"Paseo Sim\u00f3n Bol\u00edvar","highway":"primary"},"geometry":{"type":"LineString","coordinates":[[-63.52001,8.12271],[-63.52252,8.12385]]}},{"type":"Feature","id":"way/1518532634","properties":{"name":"Paseo Sim\u00f3n Bol\u00edvar","highway":"primary"},"geometry":{"type":"LineString","coordinates":[[-63.5145,8.12017],[-63.52001,8.12271]]}},{"type":"Feature","id":"way/1518532635","properties":{"name":"Paseo Sim\u00f3n Bol\u00edvar","highway":"primary"},"geometry":{"type":"LineString","coordinates":[[-63.51455,8.12001],[-63.51055,8.11824]]}},{"type":"Feature","id":"way/1518532636","properties":{"name":"Paseo Sim\u00f3n Bol\u00edvar","highway":"primary"},"geometry":{"type":"LineString","coordinates":[[-63.51048,8.11836],[-63.5145,8.12017]]}},{"type":"Feature","id":"way/1518532637","properties":{"name":"Paseo Sim\u00f3n Bol\u00edvar","highway":"primary"},"geometry":{"type":"LineString","coordinates":[[-63.51055,8.11824],[-63.50795,8.11686]]}},{"type":"Feature","id":"way/1518750300","properties":{"highway":"primary_link"},"geometry":{"type":"LineString","coordinates":[[-63.50473,8.11568],[-63.50467,8.11583]]}},{"type":"Feature","id":"way/1518750326","properties":{"name":"Retorno","highway":"primary_link"},"geometry":{"type":"LineString","coordinates":[[-63.5034,8.11596],[-63.50338,8.11561]]}},{"type":"Feature","id":"way/1518750327","properties":{"name":"Retorno","highway":"primary_link"},"geometry":{"type":"LineString","coordinates":[[-63.50184,8.11578],[-63.50188,8.11613]]}},{"type":"Feature","id":"way/1518753464","properties":{"highway":"primary_link"},"geometry":{"type":"LineString","coordinates":[[-63.49435,8.11672],[-63.49434,8.11685]]}},{"type":"Feature","id":"way/1518770046","properties":{"highway":"primary_link"},"geometry":{"type":"LineString","coordinates":[[-63.48448,8.11071],[-63.48439,8.11081]]}},{"type":"Feature","id":"way/1518770047","properties":{"highway":"primary_link"},"geometry":{"type":"LineString","coordinates":[[-63.47998,8.10898],[-63.47995,8.1091]]}},{"type":"Feature","id":"way/1518776653","properties":{"highway":"primary_link"},"geometry":{"type":"LineString","coordinates":[[-63.46989,8.10523],[-63.46985,8.10533]]}},{"type":"Feature","id":"way/1518782160","properties":{"highway":"primary_link"},"geometry":{"type":"LineString","coordinates":[[-63.45889,8.09793],[-63.45878,8.09799]]}},{"type":"Feature","id":"way/1518782766","properties":{"name":"Paseo Sim\u00f3n Bol\u00edvar","highway":"primary"},"geometry":{"type":"LineString","coordinates":[[-63.493,8.11653],[-63.49324,8.1166]]}},{"type":"Feature","id":"way/1518782767","properties":{"name":"Paseo Sim\u00f3n Bol\u00edvar","highway":"primary"},"geometry":{"type":"LineString","coordinates":[[-63.47597,8.10761],[-63.47995,8.1091]]}},{"type":"Feature","id":"way/1518782769","properties":{"name":"Paseo Sim\u00f3n Bol\u00edvar","highway":"primary"},"geometry":{"type":"LineString","coordinates":[[-63.49325,8.11649],[-63.49305,8.11643]]}},{"type":"Feature","id":"way/1518782770","properties":{"name":"Paseo Sim\u00f3n Bol\u00edvar","highway":"primary"},"geometry":{"type":"LineString","coordinates":[[-63.50767,8.11671],[-63.50473,8.11568]]}},{"type":"Feature","id":"way/1518979894","properties":{"name":"Paseo Sim\u00f3n Bol\u00edvar","highway":"primary"},"geometry":{"type":"LineString","coordinates":[[-63.50467,8.11583],[-63.50767,8.11681]]}},{"type":"Feature","id":"way/1518979895","properties":{"name":"Paseo Sim\u00f3n Bol\u00edvar","highway":"primary"},"geometry":{"type":"LineString","coordinates":[[-63.50473,8.11568],[-63.49435,8.11672]]}},{"type":"Feature","id":"way/1518979896","properties":{"name":"Paseo Sim\u00f3n Bol\u00edvar","highway":"primary"},"geometry":{"type":"LineString","coordinates":[[-63.49434,8.11685],[-63.50467,8.11583]]}},{"type":"Feature","id":"way/1518979897","properties":{"name":"Paseo Sim\u00f3n Bol\u00edvar","highway":"primary"},"geometry":{"type":"LineString","coordinates":[[-63.49435,8.11672],[-63.49431,8.11672]]}},{"type":"Feature","id":"way/1518979898","properties":{"name":"Paseo Sim\u00f3n Bol\u00edvar","highway":"primary"},"geometry":{"type":"LineString","coordinates":[[-63.49431,8.11672],[-63.49325,8.11649]]}},{"type":"Feature","id":"way/1518979899","properties":{"name":"Paseo Sim\u00f3n Bol\u00edvar","highway":"primary"},"geometry":{"type":"LineString","coordinates":[[-63.48439,8.11081],[-63.493,8.11653]]}},{"type":"Feature","id":"way/1518979900","properties":{"name":"Paseo Sim\u00f3n Bol\u00edvar","highway":"primary"},"geometry":{"type":"LineString","coordinates":[[-63.48448,8.11071],[-63.47998,8.10898]]}},{"type":"Feature","id":"way/1518979901","properties":{"name":"Paseo Sim\u00f3n Bol\u00edvar","highway":"primary"},"geometry":{"type":"LineString","coordinates":[[-63.47995,8.1091],[-63.48439,8.11081]]}},{"type":"Feature","id":"way/1518979902","properties":{"name":"Paseo Sim\u00f3n Bol\u00edvar","highway":"primary"},"geometry":{"type":"LineString","coordinates":[[-63.47998,8.10898],[-63.47601,8.10749]]}},{"type":"Feature","id":"way/1518979903","properties":{"name":"Paseo Sim\u00f3n Bol\u00edvar","highway":"primary"},"geometry":{"type":"LineString","coordinates":[[-63.46985,8.10533],[-63.47571,8.10751]]}},{"type":"Feature","id":"way/1518979904","properties":{"name":"Paseo Sim\u00f3n Bol\u00edvar","highway":"primary"},"geometry":{"type":"LineString","coordinates":[[-63.46989,8.10523],[-63.45889,8.09793]]}},{"type":"Feature","id":"way/1518979905","properties":{"name":"Paseo Sim\u00f3n Bol\u00edvar","highway":"primary"},"geometry":{"type":"LineString","coordinates":[[-63.45878,8.09799],[-63.46985,8.10533]]}},{"type":"Feature","id":"way/1518979906","properties":{"name":"Paseo Sim\u00f3n Bol\u00edvar","highway":"primary"},"geometry":{"type":"LineString","coordinates":[[-63.45889,8.09793],[-63.45453,8.09558]]}},{"type":"Feature","id":"way/1518979907","properties":{"name":"Paseo Sim\u00f3n Bol\u00edvar","highway":"primary"},"geometry":{"type":"LineString","coordinates":[[-63.45437,8.09553],[-63.45453,8.09558]]}},{"type":"Feature","id":"way/1520153574","properties":{"highway":"primary_link"},"geometry":{"type":"LineString","coordinates":[[-63.48726,8.11268],[-63.4872,8.11276]]}},{"type":"Feature","id":"way/1521056059","properties":{"name":"Calle Naiguat\u00e1","highway":"tertiary"},"geometry":{"type":"LineString","coordinates":[[-63.53098,8.09884],[-63.53354,8.09923]]}},{"type":"Feature","id":"way/1521056060","properties":{"name":"Calle Naiguat\u00e1","highway":"tertiary"},"geometry":{"type":"LineString","coordinates":[[-63.53356,8.09906],[-63.53099,8.09877]]}},{"type":"Feature","id":"way/1522925895","properties":{"highway":"primary_link"},"geometry":{"type":"LineString","coordinates":[[-63.52639,8.06862],[-63.52629,8.06859]]}},{"type":"Feature","id":"way/1522925896","properties":{"highway":"primary_link"},"geometry":{"type":"LineString","coordinates":[[-63.52481,8.07648],[-63.52471,8.0765]]}},{"type":"Feature","id":"way/1522925897","properties":{"highway":"primary_link"},"geometry":{"type":"LineString","coordinates":[[-63.52734,8.06616],[-63.52743,8.0662]]}},{"type":"Feature","id":"way/1522927877","properties":{"highway":"primary_link"},"geometry":{"type":"LineString","coordinates":[[-63.52474,8.07232],[-63.52484,8.07234]]}},{"type":"Feature","id":"way/1524055023","properties":{"highway":"primary_link"},"geometry":{"type":"LineString","coordinates":[[-63.53045,8.10477],[-63.5302,8.10458]]}},{"type":"Feature","id":"way/1524055032","properties":{"name":"Avenida Andr\u00e9s Eloy Blanco","highway":"tertiary"},"geometry":{"type":"LineString","coordinates":[[-63.5384,8.09862],[-63.53969,8.10238]]}},{"type":"Feature","id":"way/1524055033","properties":{"name":"Calle Naiguat\u00e1","highway":"tertiary"},"geometry":{"type":"LineString","coordinates":[[-63.5384,8.09862],[-63.53381,8.09914]]}},{"type":"Feature","id":"way/1524055034","properties":{"highway":"primary_link"},"geometry":{"type":"LineString","coordinates":[[-63.5262,8.08164],[-63.52611,8.08166]]}},{"type":"Feature","id":"way/1524055035","properties":{"highway":"primary_link"},"geometry":{"type":"LineString","coordinates":[[-63.53089,8.09883],[-63.53098,8.09884]]}},{"type":"Feature","id":"way/1524055036","properties":{"highway":"primary_link"},"geometry":{"type":"LineString","coordinates":[[-63.53099,8.09877],[-63.5309,8.09876]]}},{"type":"Feature","id":"way/1524055037","properties":{"name":"Redoma de Rotary","highway":"tertiary"},"geometry":{"type":"LineString","coordinates":[[-63.53374,8.09904],[-63.53374,8.09904]]}},{"type":"Feature","id":"way/1524056463","properties":{"highway":"primary_link"},"geometry":{"type":"LineString","coordinates":[[-63.52841,8.11686],[-63.52849,8.11694]]}},{"type":"Feature","id":"way/1524056464","properties":{"highway":"primary_link"},"geometry":{"type":"LineString","coordinates":[[-63.52852,8.11677],[-63.52841,8.11686]]}},{"type":"Feature","id":"way/1524056466","properties":{"highway":"primary_link"},"geometry":{"type":"LineString","coordinates":[[-63.52883,8.11676],[-63.52858,8.1163]]}},{"type":"Feature","id":"way/1524056467","properties":{"highway":"primary_link"},"geometry":{"type":"LineString","coordinates":[[-63.52841,8.11755],[-63.5289,8.11707]]}},{"type":"Feature","id":"way/1524056468","properties":{"name":"Avenida Angostura","highway":"tertiary"},"geometry":{"type":"LineString","coordinates":[[-63.54275,8.11509],[-63.5427,8.11513]]}},{"type":"Feature","id":"way/1524056469","properties":{"name":"Avenida Angostura","highway":"tertiary"},"geometry":{"type":"LineString","coordinates":[[-63.54274,8.11521],[-63.5428,8.11517]]}},{"type":"Feature","id":"way/1524056470","properties":{"name":"Avenida Angostura","highway":"tertiary"},"geometry":{"type":"LineString","coordinates":[[-63.5427,8.11513],[-63.53383,8.1186],[-63.52913,8.11698]]}},{"type":"Feature","id":"way/1524056471","properties":{"name":"Avenida Angostura","highway":"tertiary"},"geometry":{"type":"LineString","coordinates":[[-63.52849,8.11694],[-63.5289,8.11707]]}},{"type":"Feature","id":"way/1524058709","properties":{"highway":"primary_link"},"geometry":{"type":"LineString","coordinates":[[-63.52934,8.11073],[-63.52925,8.11072]]}},{"type":"Feature","id":"way/1524058775","properties":{"highway":"primary_link"},"geometry":{"type":"LineString","coordinates":[[-63.52883,8.11676],[-63.52852,8.11677]]}},{"type":"Feature","id":"way/1524064327","properties":{"name":"Calle 22 de Mayo","highway":"tertiary"},"geometry":{"type":"LineString","coordinates":[[-63.5401,8.10022],[-63.53905,8.10053]]}},{"type":"Feature","id":"way/1524064331","properties":{"name":"Calle 22 de Mayo","highway":"tertiary"},"geometry":{"type":"LineString","coordinates":[[-63.54309,8.09981],[-63.54223,8.09989]]}},{"type":"Feature","id":"way/1524064335","properties":{"name":"Calle 22 de Mayo","highway":"tertiary"},"geometry":{"type":"LineString","coordinates":[[-63.54223,8.09989],[-63.5401,8.10022]]}},{"type":"Feature","id":"way/1524064336","properties":{"name":"Calle El Manteco","highway":"tertiary"},"geometry":{"type":"LineString","coordinates":[[-63.54742,8.09741],[-63.54322,8.09846],[-63.54309,8.09981]]}},{"type":"Feature","id":"way/1524074489","properties":{"name":"Avenida Nueva Granada","highway":"tertiary"},"geometry":{"type":"LineString","coordinates":[[-63.54307,8.11199],[-63.543,8.11201]]}},{"type":"Feature","id":"way/1524074491","properties":{"name":"Avenida Angostura","highway":"tertiary"},"geometry":{"type":"LineString","coordinates":[[-63.52913,8.11698],[-63.52883,8.11676]]}},{"type":"Feature","id":"way/1524074492","properties":{"name":"Avenida Angostura","highway":"tertiary"},"geometry":{"type":"LineString","coordinates":[[-63.52907,8.11707],[-63.53384,8.11869],[-63.54274,8.11521]]}},{"type":"Feature","id":"way/1524074493","properties":{"name":"Avenida Angostura","highway":"tertiary"},"geometry":{"type":"LineString","coordinates":[[-63.5289,8.11707],[-63.52907,8.11707]]}},{"type":"Feature","id":"way/1524074494","properties":{"name":"Avenida Libertador","highway":"primary"},"geometry":{"type":"LineString","coordinates":[[-63.53016,8.10485],[-63.53163,8.09337],[-63.52746,8.08608],[-63.52452,8.07481],[-63.52843,8.06386]]}},{"type":"Feature","id":"way/1524074495","properties":{"name":"Avenida Libertador","highway":"primary"},"geometry":{"type":"LineString","coordinates":[[-63.53004,8.105],[-63.52719,8.12585]]}},{"type":"Feature","id":"way/1524213534","properties":{"highway":"primary_link"},"geometry":{"type":"LineString","coordinates":[[-63.53102,8.09215],[-63.53094,8.09221]]}},{"type":"Feature","id":"way/1524221264","properties":{"highway":"primary_link"},"geometry":{"type":"LineString","coordinates":[[-63.52685,8.08407],[-63.52676,8.08412]]}},{"type":"Feature","id":"way/1524224087","properties":{"highway":"primary_link"},"geometry":{"type":"LineString","coordinates":[[-63.53016,8.10485],[-63.53007,8.10485]]}},{"type":"Feature","id":"way/1524224088","properties":{"highway":"primary_link"},"geometry":{"type":"LineString","coordinates":[[-63.53158,8.09446],[-63.53148,8.09445]]}},{"type":"Feature","id":"way/1524224089","properties":{"highway":"primary_link"},"geometry":{"type":"LineString","coordinates":[[-63.52829,8.08764],[-63.5282,8.08768]]}},{"type":"Feature","id":"way/1524469979","properties":{"name":"Avenida Sucre","highway":"tertiary"},"geometry":{"type":"LineString","coordinates":[[-63.55669,8.12414],[-63.55649,8.12442]]}},{"type":"Feature","id":"way/1524469980","properties":{"name":"Avenida Sucre","highway":"tertiary"},"geometry":{"type":"LineString","coordinates":[[-63.5551,8.12738],[-63.55507,8.12747]]}},{"type":"Feature","id":"way/1524469981","properties":{"name":"Avenida Sucre","highway":"tertiary"},"geometry":{"type":"LineString","coordinates":[[-63.55649,8.12442],[-63.5551,8.12738]]}},{"type":"Feature","id":"way/1524469997","properties":{"highway":"primary_link"},"geometry":{"type":"LineString","coordinates":[[-63.54668,8.12317],[-63.54645,8.12337]]}},{"type":"Feature","id":"way/1524480200","properties":{"name":"Avenida Rep\u00fablica","highway":"primary"},"geometry":{"type":"LineString","coordinates":[[-63.54683,8.12353],[-63.54514,8.12278]]}},{"type":"Feature","id":"way/1524480201","properties":{"name":"Avenida Rep\u00fablica","highway":"primary"},"geometry":{"type":"LineString","coordinates":[[-63.54702,8.12372],[-63.56026,8.12932]]}},{"type":"Feature","id":"way/1524480202","properties":{"name":"Avenida Rep\u00fablica","highway":"primary"},"geometry":{"type":"LineString","coordinates":[[-63.54687,8.12365],[-63.54702,8.12372]]}},{"type":"Feature","id":"way/1524480203","properties":{"highway":"tertiary"},"geometry":{"type":"LineString","coordinates":[[-63.54599,8.12153],[-63.54604,8.12148]]}},{"type":"Feature","id":"way/1524480204","properties":{"name":"Avenida 17 de Diciembre","highway":"tertiary"},"geometry":{"type":"LineString","coordinates":[[-63.54596,8.12147],[-63.54599,8.12153]]}},{"type":"Feature","id":"way/1524480205","properties":{"highway":"tertiary"},"geometry":{"type":"LineString","coordinates":[[-63.54596,8.12147],[-63.54441,8.12288]]}},{"type":"Feature","id":"way/1524480206","properties":{"name":"Avenida 17 de Diciembre","highway":"tertiary"},"geometry":{"type":"LineString","coordinates":[[-63.54602,8.12142],[-63.54549,8.12015]]}},{"type":"Feature","id":"way/1524480207","properties":{"name":"Avenida 17 de Diciembre","highway":"tertiary"},"geometry":{"type":"LineString","coordinates":[[-63.54543,8.12017],[-63.54551,8.12039]]}},{"type":"Feature","id":"way/1524480209","properties":{"name":"Avenida 17 de Diciembre","highway":"tertiary"},"geometry":{"type":"LineString","coordinates":[[-63.54549,8.12015],[-63.54149,8.11293]]}},{"type":"Feature","id":"way/1524480210","properties":{"name":"Avenida 17 de Diciembre","highway":"tertiary"},"geometry":{"type":"LineString","coordinates":[[-63.54551,8.12039],[-63.54596,8.12147]]}},{"type":"Feature","id":"way/1524766384","properties":{"name":"Avenida Col\u00f3n","highway":"tertiary"},"geometry":{"type":"LineString","coordinates":[[-63.55537,8.09457],[-63.55535,8.09444]]}},{"type":"Feature","id":"way/1524766387","properties":{"name":"Calle Caracas","highway":"tertiary"},"geometry":{"type":"LineString","coordinates":[[-63.54742,8.09741],[-63.54718,8.09586]]}},{"type":"Feature","id":"way/1524766390","properties":{"name":"Avenida San Salvador","highway":"tertiary"},"geometry":{"type":"LineString","coordinates":[[-63.55537,8.09457],[-63.55919,8.09396]]}},{"type":"Feature","id":"way/1524766391","properties":{"name":"Avenida San Salvador","highway":"tertiary"},"geometry":{"type":"LineString","coordinates":[[-63.54718,8.09586],[-63.54927,8.09555]]}},{"type":"Feature","id":"way/1524766394","properties":{"name":"Calle Antonio Grimaldi","highway":"tertiary"},"geometry":{"type":"LineString","coordinates":[[-63.54925,8.09542],[-63.54927,8.09555]]}},{"type":"Feature","id":"way/1524766395","properties":{"name":"Avenida San Salvador","highway":"tertiary"},"geometry":{"type":"LineString","coordinates":[[-63.55535,8.09444],[-63.54925,8.09542]]}},{"type":"Feature","id":"way/1524766396","properties":{"name":"Avenida San Salvador","highway":"tertiary"},"geometry":{"type":"LineString","coordinates":[[-63.54927,8.09555],[-63.55537,8.09457]]}},{"type":"Feature","id":"way/1524781525","properties":{"name":"Avenida Sucre","highway":"tertiary"},"geometry":{"type":"LineString","coordinates":[[-63.55696,8.12376],[-63.55746,8.12347]]}},{"type":"Feature","id":"way/1524781526","properties":{"name":"Avenida Sucre","highway":"tertiary"},"geometry":{"type":"LineString","coordinates":[[-63.5572,8.12329],[-63.55696,8.12376]]}},{"type":"Feature","id":"way/1524781527","properties":{"name":"Avenida Sucre","highway":"tertiary"},"geometry":{"type":"LineString","coordinates":[[-63.55696,8.12376],[-63.55669,8.12414]]}},{"type":"Feature","id":"way/1524781528","properties":{"name":"Avenida Sucre","highway":"tertiary"},"geometry":{"type":"LineString","coordinates":[[-63.55505,8.11931],[-63.5572,8.12324]]}},{"type":"Feature","id":"way/1524781529","properties":{"name":"Avenida Sucre","highway":"tertiary"},"geometry":{"type":"LineString","coordinates":[[-63.55746,8.12306],[-63.55528,8.11916]]}},{"type":"Feature","id":"way/1524781530","properties":{"name":"Redoma del Sol","highway":"tertiary"},"geometry":{"type":"LineString","coordinates":[[-63.55731,8.12308],[-63.55731,8.12308]]}},{"type":"Feature","id":"way/1524781531","properties":{"name":"Redoma de Geominas","highway":"tertiary"},"geometry":{"type":"LineString","coordinates":[[-63.55505,8.11903],[-63.55505,8.11903]]}},{"type":"Feature","id":"way/1524781532","properties":{"name":"Avenida Sucre","highway":"tertiary"},"geometry":{"type":"LineString","coordinates":[[-63.55607,8.11176],[-63.55514,8.11902]]}},{"type":"Feature","id":"way/1524781533","properties":{"name":"Calle Los Caribes","highway":"tertiary"},"geometry":{"type":"LineString","coordinates":[[-63.55597,8.10776],[-63.55591,8.11177]]}},{"type":"Feature","id":"way/1524781538","properties":{"name":"Avenida Las Flores","highway":"tertiary"},"geometry":{"type":"LineString","coordinates":[[-63.56244,8.11178],[-63.56132,8.11167]]}},{"type":"Feature","id":"way/1524781539","properties":{"name":"Avenida Las Flores","highway":"tertiary"},"geometry":{"type":"LineString","coordinates":[[-63.56255,8.1118],[-63.56244,8.11178]]}},{"type":"Feature","id":"way/1524781540","properties":{"name":"Avenida Las Flores","highway":"tertiary"},"geometry":{"type":"LineString","coordinates":[[-63.56245,8.11188],[-63.56255,8.1119]]}},{"type":"Feature","id":"way/1524781541","properties":{"name":"Avenida Las Flores","highway":"tertiary"},"geometry":{"type":"LineString","coordinates":[[-63.56132,8.11167],[-63.56245,8.11188]]}},{"type":"Feature","id":"way/1524781543","properties":{"name":"Avenida Las Flores","highway":"tertiary"},"geometry":{"type":"LineString","coordinates":[[-63.56693,8.11231],[-63.5666,8.11229]]}},{"type":"Feature","id":"way/1524781545","properties":{"name":"Avenida Las Flores","highway":"tertiary"},"geometry":{"type":"LineString","coordinates":[[-63.56656,8.11239],[-63.56689,8.11242]]}},{"type":"Feature","id":"way/1524781546","properties":{"name":"Avenida Las Flores","highway":"tertiary"},"geometry":{"type":"LineString","coordinates":[[-63.55591,8.11177],[-63.56132,8.11167]]}},{"type":"Feature","id":"way/1524781548","properties":{"name":"Avenida Las Flores","highway":"tertiary"},"geometry":{"type":"LineString","coordinates":[[-63.5666,8.11229],[-63.56255,8.1118]]}},{"type":"Feature","id":"way/1524781549","properties":{"name":"Avenida Las Flores","highway":"tertiary"},"geometry":{"type":"LineString","coordinates":[[-63.56255,8.1119],[-63.56656,8.11239]]}},{"type":"Feature","id":"way/1524901558","properties":{"name":"Elevado de Las Banderas","highway":"primary_link"},"geometry":{"type":"LineString","coordinates":[[-63.5631,8.12984],[-63.56339,8.12984]]}},{"type":"Feature","id":"way/1525208692","properties":{"name":"Avenida Espa\u00f1a","highway":"secondary"},"geometry":{"type":"LineString","coordinates":[[-63.5626,8.11355],[-63.56283,8.11604]]}},{"type":"Feature","id":"way/1529408329","properties":{"name":"Puente Angostura","highway":"trunk","ref":"T-16"},"geometry":{"type":"LineString","coordinates":[[-63.60886,8.12984],[-63.6092,8.12831]]}},{"type":"Feature","id":"way/1529506783","properties":{"name":"Avenida Espa\u00f1a","highway":"secondary"},"geometry":{"type":"LineString","coordinates":[[-63.56367,8.12934],[-63.56295,8.11625]]}},{"type":"Feature","id":"way/1529506784","properties":{"name":"Avenida Espa\u00f1a","highway":"secondary"},"geometry":{"type":"LineString","coordinates":[[-63.56245,8.11188],[-63.5626,8.11355]]}},{"type":"Feature","id":"way/1529725988","properties":{"name":"Avenida Espa\u00f1a","highway":"secondary"},"geometry":{"type":"LineString","coordinates":[[-63.56283,8.11604],[-63.56365,8.12911]]}},{"type":"Feature","id":"way/1529725989","properties":{"name":"Avenida Espa\u00f1a","highway":"secondary"},"geometry":{"type":"LineString","coordinates":[[-63.56293,8.11596],[-63.56255,8.1119]]}},{"type":"Feature","id":"way/1529725990","properties":{"name":"Avenida Espa\u00f1a","highway":"secondary"},"geometry":{"type":"LineString","coordinates":[[-63.56295,8.11625],[-63.56293,8.11596]]}}]}